0.000000000000000000e+00 0.000000000000000000e+00 1.344800183402471199e-290 4.258866839277868892e-239 2.965735459004098823e-203 5.282841255164886814e-176 3.308169757785628059e-154 3.436956160287628539e-136 5.895309383734763077e-121 7.416069144864101353e-108 1.886819371303991141e-96 2.175124820160813865e-86 1.406661142983819739e-76 1.804150456969759350e-67 3.155817464191619304e-59 7.900258747974746008e-52 3.262143685637989356e-45 2.613194910903269671e-39 4.751532674963557172e-34 2.272181643380651070e-29 3.274612662886199088e-25 1.619449915823974807e-21 3.130567187129009906e-18 2.720911077519658487e-15 1.246046952872344472e-12 3.562600799290492683e-10 7.160141473899883145e-08 9.700935712513171207e-06 3.030300515782007736e-02 3.020071211304595771e-01 7.038348982150871569e-01 8.339685410278632194e-01 8.722929510666849184e-01 8.894838287329734916e-01 8.960414161610248396e-01 8.942177715587129594e-01 8.846344140462670813e-01 8.501530243142660925e-01 7.054209378286080412e-01 2.812656043453487520e-01 3.183983951312548827e-02 2.812813914286724315e-06 1.151173970105191618e-08 1.709342959125974563e-10 4.948948888243213697e-12 2.044188319739255693e-13 1.072225905339733775e-14 6.713818203408826170e-16 4.831660388887890380e-17 3.901719283900615670e-18 3.483962613478130036e-19 3.395210961236623236e-20 3.586160024476445874e-21 4.058419076347200935e-22 4.891218290394175592e-23 6.267172205677836414e-24 8.486140089567006273e-25 1.209894679164898674e-25 1.811455609494804889e-26 2.833687554068129119e-27 4.632137394257849979e-28 7.899975897839912397e-29 1.396423851473919486e-29 2.564007873012922208e-30 4.874104949489857854e-31 9.591111602527596472e-32 1.943662784391303362e-32 4.055262861785501158e-33 8.754022171397134068e-34 1.933906894969851607e-34
0.000000000000000000e+00 0.000000000000000000e+00 1.068891844073836281e-289 3.154011985920463989e-238 2.061657552347445206e-202 3.467634617436385163e-175 2.050924740750978530e-153 2.010486297055867384e-135 3.253531262439843175e-120 3.860758111195627708e-107 9.264930938218688464e-96 1.007132630434822817e-85 6.111444769360221774e-76 7.336392049299078599e-67 1.197486599675317637e-58 2.798547592404507607e-51 1.078485786047101682e-44 8.056258671438980747e-39 1.367131278000176144e-33 6.105092131660581508e-29 8.235835350575548585e-25 3.825924814571517420e-21 6.994420841138291960e-18 5.819524024193004378e-15 2.601024521627015092e-12 7.431201424581390549e-10 1.506173066864753669e-07 1.990018295925234486e-05 4.481825359967390315e-02 3.865632557050738827e-01 7.653927594829201819e-01 8.588540181747671420e-01 8.901020360972737855e-01 9.059112265135537134e-01 9.120849730597385685e-01 9.104109259561848910e-01 9.014962852197651033e-01 8.704075380932462247e-01 7.601320355986620481e-01 3.577510269644453844e-01 4.618158262868621994e-02 5.225619917252718772e-06 2.137853316121368883e-08 3.185970131948292794e-10 9.320908279354055720e-12 3.905643312254845053e-13 2.081220029638447691e-14 1.324327633981857656e-15 9.701932036538634035e-17 7.973694989133754112e-18 7.241623392794720046e-19 7.165489896443381817e-20 7.668478503584900423e-21 8.806036937101482226e-22 1.076068565245649517e-22 1.397282034016864484e-23 1.916350433420775767e-24 2.754844810360890430e-25 4.181710095678233786e-26 6.609240390938691003e-27 1.091329948209383199e-27 1.871683617032517532e-28 3.350174111936027627e-29 6.202769759661789944e-30 1.186790251718216087e-30 2.354522489398325181e-31 4.818761653905856081e-32 1.017208022269472899e-32 2.199315601678584743e-33 4.923899084271543942e-34
0.000000000000000000e+00 0.000000000000000000e+00 8.857460365558753154e-289 2.421551275796869241e-237 1.495728755553606528e-201 2.367353314489547822e-174 1.317654430661103264e-152 1.215422591498416225e-134 1.851459135841155764e-119 2.069226225658831348e-106 4.677452643261360227e-95 4.786295553994201013e-85 2.716769111428081392e-75 3.046221395939709085e-66 4.642280018221622791e-58 1.010397341608950548e-50 3.625258117145474092e-44 2.521740124483146569e-38 3.985013847879405618e-33 1.659929180780176195e-28 2.091831712186986622e-24 9.120807030311464203e-21 1.577230455020244140e-17 1.258183784272804090e-14 5.509375036194969567e-12 1.579604591850314708e-09 3.228438020654959478e-07 3.517615858783774974e-03 6.570232872177189654e-02 4.804365911436160319e-01 8.116094260119162129e-01 8.789097731135243619e-01 9.065891814569225771e-01 9.213793405237504786e-01 9.271435320872681851e-01 9.256141009708724887e-01 9.173624846345880268e-01 8.885783623223684202e-01 8.020021643960600910e-01 4.431911226613705623e-01 6.638630832722640374e-02 9.832268388224949047e-06 4.023279900530120116e-08 5.996089209518397371e-10 1.768599644010397298e-11 7.514666270800513686e-13 4.069459284702042773e-14 2.635708685829147073e-15 1.963195171180789005e-16 1.641248650002068521e-17 1.512651644001588422e-18 1.521456464648114510e-19 1.654180349573703334e-20 1.923447716240367671e-21 2.384251438414121594e-22 3.135740579273522769e-23 4.352252079547233010e-24 6.343813888126960818e-25 9.720168318989821810e-26 1.554243220013260230e-26 2.591782619690340456e-27 4.498477548049112673e-28 8.103315389618011469e-29 1.514135998165787702e-29 2.933961797398205341e-30 5.857881392662993529e-31 1.205073158243706418e-31 2.559121664309751008e-32 5.599241652426023658e-33 1.255589147303361958e-33
0.000000000000000000e+00 0.000000000000000000e+00 7.657766247583590301e-288 1.953377878361840674e-236 1.126385122807874269e-200 1.675986308676120124e-173 8.770848771029980409e-152 7.602397322189139112e-134 1.088681249969678722e-118 1.142734156053255736e-105 2.428351985128518119e-94 2.333793991529750878e-84 1.239919365806807049e-74 1.295505496184675876e-65 1.835232577319093715e-57 3.715285174253251181e-50 1.238533261552490875e-43 8.011152571567889748e-38 1.177415539892672020e-32 4.564682991227070724e-28 5.367866546253332683e-24 2.195040886364792495e-20 3.591526759771620797e-17 2.752680645812600841e-14 1.186101966312863151e-11 3.427415989347271223e-09 7.049543571637176501e-07 5.638377452716323603e-03 9.528757839499273075e-02 5.771787483126931129e-01 8.448447537292192999e-01 8.964909030611415419e-01 9.221077368091825655e-01 9.357984514257136066e-01 9.409970524154362970e-01 9.396131691428798449e-01 9.321544399453449703e-01 9.055252772274481332e-01 8.333984502816471629e-01 5.328438781083668641e-01 9.438798906297941882e-02 1.872029576271631016e-05 7.670717935248967800e-08 1.142549607723511551e-09 3.393271893599642700e-11 1.458143274558893778e-12 8.018910230240683133e-14 5.276600296451919537e-15 3.996680598121132987e-16 3.395092479507141065e-17 3.185244119756183139e-18 3.251349093036393601e-19 3.588856514714211956e-20 4.238377264342783730e-21 5.333537280458482918e-22 7.093016911724477383e-23 9.953155768332288544e-24 1.472556052322812856e-24 2.273116556295085554e-25 3.681388353229457590e-26 6.201290849355321510e-27 1.087860300372178269e-27 1.979558843851766351e-28 3.738394334788214729e-29 7.289131321073085133e-30 1.468972093614650515e-30 3.048575183737176242e-31 6.538587511477412263e-32 1.432309669133327800e-32 3.255781955687681689e-33
0.000000000000000000e+00 0.000000000000000000e+00 6.915673977445073090e-287 1.636265398959592173e-235 8.840285162249673606e-200 1.233584718345208678e-172 6.060278741827503221e-151 4.926507195503481174e-133 6.621953578299479065e-118 6.510442799693798107e-105 1.297263739472277626e-93 1.170527914298997706e-83 5.796541457016691164e-74 5.633308611909405955e-65 7.418435445241846976e-57 1.392742091864240664e-49 4.308523466279949795e-43 2.584172903745414381e-37 3.525069557936040681e-32 1.270232052967284232e-27 1.392696002432465700e-23 5.335832163564204679e-20 8.264068033010440346e-17 6.101218561299863022e-14 2.599474417254502967e-11 7.602857838965983537e-09 1.566309425289590751e-06 8.986130304656567494e-03 1.363499193053052116e-01 6.681725003841876287e-01 8.692756254925713133e-01 9.127933847368137066e-01 9.365973476910263162e-01 9.489380496110341179e-01 9.534947504972618448e-01 9.522632646151072411e-01 9.456664657028276411e-01 9.214413568105714880e-01 8.577805342587745407e-01 6.199591125271138869e-01 1.324731331966101378e-01 3.607523158889755721e-05 1.485436560241631826e-07 2.204122228429299245e-09 6.568447342218020538e-11 2.855808619199717193e-12 1.593618926144306346e-13 1.064791645320035221e-14 8.196751310726564050e-16 7.082347888829345488e-17 6.758740773097002826e-18 7.007317448942156193e-19 7.843492486111392086e-20 9.393368865791853622e-21 1.198274846376713427e-21 1.614392245148450644e-22 2.296938479681018222e-23 3.441119862652759712e-24 5.380252367658693454e-25 8.804437964495069905e-26 1.500728543872917027e-26 2.654831295961514132e-27 4.887232333065819975e-28 9.283232644628571301e-29 1.831712640783811730e-29 3.715726829031078881e-30 7.786434378907884030e-31 1.681295553204338255e-31 3.728065100756508273e-32 8.499976673733111196e-33
0.000000000000000000e+00 0.000000000000000000e+00 6.531522460191277595e-286 1.439742208715163102e-234 7.262817217167084910e-199 9.461613103315506222e-172 4.353373635584866154e-150 3.312135727745103901e-132 4.168022716867365527e-117 3.838070745326877264e-104 7.158261207780636963e-93 6.038771287064880118e-83 2.785736178783112512e-73 2.512214065349033368e-64 3.064614396681322372e-56 5.327982049386863973e-49 1.525539926698000388e-42 8.467361653292538603e-37 1.070294831975847206e-31 3.578772987909850753e-27 3.652618491397373612e-23 1.310829191404049356e-19 1.923084674253359599e-16 1.371898424933286288e-13 5.810772937013361777e-11 1.726556854237730020e-08 3.533118343629136521e-06 1.423547656854629896e-02 1.918222116484067929e-01 7.451094721922164599e-01 8.888392929340048765e-01 9.281222172347696198e-01 9.498161659718595828e-01 9.605427653945473043e-01 9.643765337681429184e-01 9.633018232316271634e-01 9.576477530018088213e-01 9.362000205306258982e-01 8.781907976176818176e-01 6.973168515626884112e-01 1.830262679884246679e-01 9.875073656061767249e-03 2.921380775962943401e-07 4.311983187242329326e-09 1.288265591857286919e-10 5.648457178647736377e-12 3.187417416797867071e-13 2.165588018309231221e-14 1.694474638841389983e-15 1.489106563518031832e-16 1.441353958997598300e-17 1.520170573324967002e-18 1.727802242403791048e-19 2.098868188172950904e-20 2.714619649242282133e-21 3.714796719691631205e-22 5.355304411988409013e-23 8.097987561381450716e-24 1.284067881500008432e-24 2.123732371996449884e-25 3.664241438688872566e-26 6.558784192308386794e-27 1.214208558990048187e-27 2.338111925134583285e-28 4.647336645269230798e-29 9.502048134173439062e-30 2.008636788137277655e-30 4.382545834385424225e-31 9.767514246614432381e-32 2.252368763872309096e-32
0.000000000000000000e+00 0.000000000000000000e+00 6.528132402455881968e-285 1.323118934317948622e-233 6.233694894117297534e-198 7.577054343657874809e-171 3.256235919248944710e-149 2.312303735113560290e-131 2.717680160709027501e-116 2.337200398175933340e-103 4.069423243989526555e-92 3.210512806783359706e-82 1.374942217559349158e-72 1.148426346476254095e-63 1.294869050541838534e-55 2.080127344628153788e-48 5.500539067360606886e-42 2.820816199037294160e-36 3.296663690028350782e-31 1.021107981472272686e-26 9.688415197604010413e-23 3.255580458109939719e-19 4.529599205917846987e-16 3.134321987227101639e-13 1.327790862912502242e-10 4.018304473458772608e-08 8.056060653136617238e-06 2.240175001853570227e-02 2.640881166250468315e-01 8.035018688974708834e-01 9.060732046667990813e-01 9.423108118842281611e-01 9.614763490578014382e-01 9.704428545598570155e-01 9.735322360410583187e-01 9.726571519516169495e-01 9.679320503923138919e-01 9.495182974579736701e-01 8.965396996986544353e-01 7.599881121279069562e-01 2.478348190935208140e-01 1.536522364238378062e-02 5.841438563753895438e-07 8.564750213951941947e-09 2.555188426831591659e-10 1.127391147860177099e-11 6.442861615285414790e-13 4.437506928287770818e-14 3.527131879469040840e-15 3.150925172294201658e-16 3.100879239072561847e-17 3.325709680984097650e-18 3.831778138601599613e-19 4.733894257143507166e-20 6.200856021987345882e-21 8.606855667833573856e-22 1.258358302773613835e-22 1.928443512468428925e-23 3.087899110030342972e-24 5.163804121279365802e-25 9.001400027845995429e-26 1.627815358377683299e-26 3.056834418265381453e-27 5.926412642797980293e-28 1.188497000379709956e-28 2.460583734158330942e-29 5.235419009609312592e-30 1.148422472260869004e-30 2.590742930315890768e-31 6.000067841179842101e-32
0.000000000000000000e+00 0.000000000000000000e+00 6.859789944083182773e-284 1.284371378705063079e-232 5.604723486619064992e-197 6.350523028733591584e-170 2.540315241862049880e-148 1.682320634796096806e-130 1.841883479434307342e-115 1.475911796982332559e-102 2.395581846250042933e-91 1.758715689308392263e-81 6.979887098269303474e-72 5.386744734308848024e-63 5.601481816134780668e-55 8.295880080591282855e-48 2.021526235877861726e-41 9.554963870750238698e-36 1.030430671259508708e-30 2.951396933966232373e-26 2.600397662733763442e-22 8.178786533394245694e-19 1.080982490851728791e-15 7.286989914054048594e-13 3.107877805631272467e-10 9.593063878414645279e-08 1.844508040832104062e-05 3.497842108392049815e-02 3.537188286529079906e-01 8.442908334362331235e-01 9.221139071482085114e-01 9.551746550561270865e-01 9.713949037385348761e-01 9.785825000448631350e-01 9.810079845744371640e-01 9.802492682467638385e-01 9.764550156120859192e-01 9.612201992799361827e-01 9.136380486513715482e-01 8.069184870218254479e-01 3.276606454393364842e-01 2.371359164230761249e-02 1.188821254050784042e-06 1.729673375495137705e-08 5.143823193129502263e-10 2.279740794263033725e-11 1.316172699070314199e-12 9.176591286800437962e-14 7.407707951145157229e-15 6.721030222426653523e-16 6.729628781666574696e-17 7.326883456027614571e-18 8.589146429208608470e-19 1.075402247203809416e-19 1.430739348892839392e-20 2.012911425082081853e-21 2.979062009147445068e-22 4.622147867500766246e-23 7.508415362351851912e-24 1.270577828193381375e-24 2.239555848585517991e-25 4.095931865474477736e-26 7.744126002066198198e-27 1.521250838918523439e-27 3.080587629309384880e-28 6.423653368060764068e-29 1.380227051248848175e-29 3.059126370399689188e-30 6.942267782084046076e-31 1.621240921770106076e-31
0.000000000000000000e+00 0.000000000000000000e+00 7.565416000193833737e-283 1.308290905950363532e-231 5.295137792976119481e-196 5.579802672336984953e-169 2.072719782946975125e-147 1.276045960156020859e-129 1.297579399710697969e-114 9.655376173735376881e-102 1.457871067562914961e-90 9.951811323690794132e-81 3.651857177077124363e-71 2.595473503837024676e-62 2.483297913597504239e-54 3.381302767615630201e-47 7.574886398392203650e-41 3.293516689103822826e-35 3.269821036445016392e-30 8.645292005309026032e-26 7.065594775210125829e-22 2.079680885321121061e-18 2.616458283022403643e-15 1.728055881359957926e-12 7.470527105239234774e-10 2.349684430547824471e-07 2.474848113679986843e-03 5.411176731623408565e-02 4.578626209866111241e-01 8.723670786446001690e-01 9.370970144473164121e-01 9.663547299165180515e-01 9.795037808742853569e-01 9.850106988379029316e-01 9.868111691613453695e-01 9.862028959839028719e-01 9.833093757976286708e-01 9.711772851623534653e-01 9.295769115485326139e-01 8.408534978975608087e-01 4.203844521626333708e-01 3.629726089547051504e-02 2.464047373343774084e-06 3.554560136423236103e-08 1.051162884138756552e-09 4.667235252514552460e-11 2.716079929820560447e-12 1.918742035552839129e-13 1.571119168799167541e-14 1.447799646136604245e-15 1.471464175734436050e-16 1.627335500269499578e-17 1.938345462346625578e-18 2.465003631525519174e-19 3.326710515988137394e-20 4.738860510354817020e-21 7.118742007433727653e-22 1.118853218603661866e-22 1.839552403224582717e-23 3.149667696650030407e-24 5.616047500143440344e-25 1.039133188302382886e-25 1.990026460759338124e-26 3.930465056907700035e-27 8.056874152291865315e-28 1.698132869621354274e-28 3.684298730128962722e-29 8.215825328340086696e-30 1.882429067220188995e-30 4.431729877182202165e-31
0.000000000000000000e+00 0.000000000000000000e+00 8.920693168760715454e-282 1.406880681038486431e-230 5.271696649795633715e-195 5.150197404048111679e-168 1.773053218589081261e-146 1.009317235556205830e-128 9.524591510921490894e-114 6.573688785147877104e-101 9.190676041239959275e-90 5.822870345250247079e-80 1.969254762086007708e-70 1.286086846771054476e-61 1.129373577572692288e-53 1.409954715172253945e-46 2.895797150814152784e-40 1.155589227743606585e-34 1.053767893558949783e-29 2.567034936107878410e-25 1.944136527395576619e-21 5.357337989662006268e-18 6.435627485027546700e-15 4.191105486727318110e-12 1.849189722317123245e-09 5.894527266462275508e-07 4.223775131703742455e-03 8.274537480967804337e-02 5.688202134748001626e-01 8.933176488389614756e-01 9.508957463604327254e-01 9.756753554316575094e-01 9.858573592676410646e-01 9.899293096361677646e-01 9.911967143680655568e-01 9.907293022116633319e-01 9.885562832810924627e-01 9.792647432771934835e-01 9.442195558540762423e-01 8.662777283549001339e-01 5.207696822655546454e-01 5.499890939960344616e-02 5.198491710863922857e-06 7.450059795941450644e-08 2.183621388210257579e-09 9.685289066053917934e-11 5.671267586661260010e-12 4.052042838800866712e-13 3.361381600724499550e-14 3.143639482204031649e-15 3.247861392775584742e-16 3.646969087323704667e-17 4.415743790735241937e-18 5.692921953654711098e-19 7.804995389180663797e-20 1.129057070644460346e-20 1.719482314824908603e-21 2.735848566297893865e-22 4.549387498784700078e-23 7.894255451859446381e-24 1.425970192092552711e-24 2.662459796245574359e-25 5.142321571474288434e-26 1.031098881306454389e-26 2.130463475723854005e-27 4.528378458779906355e-28 9.910860601788416434e-29 2.236208950553699543e-29 5.180593461250603904e-30 1.224176013714058679e-30
0.000000000000000000e+00 0.000000000000000000e+00 1.107858532181766111e-280 1.607530855319829404e-229 5.543900491302971270e-194 5.002224761763766645e-167 1.589101338644523203e-145 8.374262042948680620e-128 7.287971237190316972e-113 4.653759304795785396e-100 6.016370286189791301e-89 3.525891815329537952e-79 1.096084420986258646e-69 6.560387563553779075e-61 5.271678672472142595e-53 6.015880660730249915e-46 1.130354224998256028e-39 4.128203774817030242e-34 3.451848445438235455e-29 7.734167673131863104e-25 5.420215613093006464e-21 1.399533013487759693e-17 1.610552287880323344e-14 1.042019058222262827e-11 4.724040187598467593e-09 1.508686666492189003e-06 7.163057649137827276e-03 1.246516209756958343e-01 6.745704598899699977e-01 9.110196297308192914e-01 9.630872422897704954e-01 9.831506202520949866e-01 9.906574116139876818e-01 9.934663759256375792e-01 9.943212794976965530e-01 9.939747252267167044e-01 9.924197780026874360e-01 9.855969587518836894e-01 9.572102857322730696e-01 8.871465210678904922e-01 6.198778040408785550e-01 8.238772855681469887e-02 1.116492323382285728e-05 1.594549059060161596e-07 4.624518479502596365e-09 2.043798164562416967e-10 1.200398865055163017e-11 8.648357476552862239e-13 7.270690259223260663e-14 6.896485835066306256e-15 7.228870608937313198e-16 8.245689571094124796e-17 1.013409368395193222e-17 1.327623020169486721e-18 1.844946109742029044e-19 2.710565910513728077e-20 4.178877189115728761e-21 6.747411764439637690e-22 1.139403742572163460e-22 1.997901269411667294e-23 3.643489211801224056e-24 6.889337234244442094e-25 1.349003290699709704e-25 2.725707425436024058e-26 5.697097318750463951e-27 1.225144623929560666e-27 2.709468489215814649e-28 6.154895877163415892e-29 1.436302886717364953e-29 3.434620023849076966e-30
0.000000000000000000e+00 0.000000000000000000e+00 1.475490262323162211e-279 1.948000613905401711e-228 6.175757618942087887e-193 5.120574326253517041e-166 1.500169084061279913e-144 7.275076694467958004e-127 5.839589574283067821e-112 3.434113420790122695e-99 4.094079514345501441e-88 2.212591175626066954e-78 6.303961535524959968e-69 3.448138044580883155e-60 2.527998518713025272e-52 2.631661330353517542e-45 4.509762482889450962e-39 1.503126027593277825e-33 1.149535910121879984e-28 2.364290894802739576e-24 1.532482093457753935e-20 3.711113381088207810e-17 4.111856127671152238e-14 2.665736285214036805e-11 1.248516513286082383e-08 3.909454590376154869e-06 1.207053464265110329e-02 1.841182816839495584e-01 7.625859170338088466e-01 9.272691987601809904e-01 9.733951512808187712e-01 9.888070098421447574e-01 9.940602676508908386e-01 9.959554673653658874e-01 9.964996204744910324e-01 9.962547067920703991e-01 9.951980387205527911e-01 9.904003294928346302e-01 9.683094973609316369e-01 9.058258115725692505e-01 7.077306637048842441e-01 1.215791751577613572e-01 2.435868553600636235e-05 3.488627521696669385e-07 9.996466363370796806e-09 4.386795759495100247e-10 2.579204615087630652e-11 1.870672130745158872e-12 1.589474935649707298e-13 1.527868513008663336e-14 1.626351139844754030e-15 1.882235475475687631e-16 2.348793408293941962e-17 3.127381314990039822e-18 4.412328140179489137e-19 6.563412325589129866e-20 1.027798565883439275e-20 1.684005656769327771e-21 2.871265804178036079e-22 5.118768109557220377e-23 9.439996880313103788e-24 1.806061950036419042e-24 3.572149355977061502e-25 7.312742840680291271e-26 1.537926668092385516e-26 3.345505640093896798e-27 7.472913274748438713e-28 1.713419004690507079e-28 4.034671346427575443e-29 9.757797572616021008e-30
0.000000000000000000e+00 0.000000000000000000e+00 2.086389393903554288e-278 2.513802887592330785e-227 7.302434380910804633e-192 5.552150026346524825e-165 1.491330379686770278e-143 6.641918954921887517e-126 4.900262399269618232e-111 2.646715539811336832e-98 2.900261382820619795e-87 1.441082935463986827e-77 3.754844966762538932e-68 1.869257121073098171e-59 1.246416857705009644e-51 1.180037017756255628e-44 1.838340723150879023e-38 5.580176717812381239e-33 3.894081716318101494e-28 7.340713596967985403e-24 4.396482399819355580e-20 1.000033757214813436e-16 1.073099826614035278e-13 7.041763229396998988e-11 3.417513343572807418e-08 1.013305568202146591e-05 2.018767925600296539e-02 2.649870415091043485e-01 8.260083398760993401e-01 9.424030024654773685e-01 9.816815965884693185e-01 9.928849268196456856e-01 9.964085598338872085e-01 9.975673301163201501e-01 9.979010139080832786e-01 9.977331749540311323e-01 9.970782327454278393e-01 9.938292685907693658e-01 9.774079623945829409e-01 9.231796793757411912e-01 7.768461944870501679e-01 1.761486511518937370e-01 5.950927769346305365e-03 7.812656430212596052e-07 2.209311539110744951e-08 9.600440440242633874e-10 5.632530627466057151e-11 4.103429071551111114e-12 3.517903665279432859e-13 3.424720802985487973e-14 3.694521198197764146e-15 4.341842086540860691e-16 5.501360029519187222e-17 7.429958909953243797e-18 1.064803553851382594e-18 1.609335341283734147e-19 2.552511143825866749e-20 4.243102148424823669e-21 7.334272564012355945e-22 1.322199724024940563e-22 2.466889326242518939e-23 4.777836197025983633e-24 9.586448727886440458e-25 1.982230042141136890e-25 4.219620884853697771e-26 9.253478021813353146e-27 2.084224370240897917e-27 4.838045391468908938e-28 1.150606019532598572e-28 2.800657873693076044e-29
0.000000000000000000e+00 0.000000000000000000e+00 3.180238714941347721e-277 3.465953937948534514e-226 9.187692027656565018e-191 6.386972931139445293e-164 1.570364904980269854e-142 6.396314059634669216e-125 4.316290077254845805e-110 2.135010914792204651e-97 2.144445032220633222e-86 9.767924674264147350e-77 2.317405497438471100e-67 1.047412134413838687e-58 6.331367861077619989e-51 5.430629592759857110e-44 7.673495571767736224e-38 2.114062594163967343e-32 1.342318114952057619e-27 2.315179142142073205e-23 1.281126800209618666e-19 2.744394450847352277e-16 2.872387593312002581e-13 1.927597836024364408e-10 9.687953899068959905e-08 2.586581117934860040e-05 3.347152206977500877e-02 3.685310954398816063e-01 8.669892039625598512e-01 9.562047483653346447e-01 9.879972514918883286e-01 9.957214408081765944e-01 9.978999636826497710e-01 9.986209580856169055e-01 9.988119238300761094e-01 9.987055392564576639e-01 9.982780531963575399e-01 9.962366625688852118e-01 9.846053561701613166e-01 9.394120306847882906e-01 8.263195692854459207e-01 2.494148631622851997e-01 9.956934582317420596e-03 1.793041403699145840e-06 5.003642933861045343e-08 2.146856937946936256e-09 1.252233316308284582e-10 9.140230405393517233e-12 7.893853954813380940e-13 7.770469307024851202e-14 8.495231336626769582e-15 1.012411725883731982e-15 1.301917170379331190e-16 1.783773598804372790e-17 2.594062094006885444e-18 3.980611609996909374e-19 6.406511003116548583e-20 1.078440633279000740e-20 1.890860825843041941e-21 3.453827332473136864e-22 6.541680702501303948e-23 1.283799308170380882e-23 2.601359159498422019e-24 5.425762666686468383e-25 1.170588261878316846e-25 2.598527856021379694e-26 5.908445189599470274e-27 1.382390226229838105e-27 3.324620241401634419e-28 8.135617297969136376e-29
0.000000000000000000e+00 0.000000000000000000e+00 5.217647126492585089e-276 5.125446280592593382e-225 1.233487803997954428e-189 7.820769823335858904e-163 1.751301011261601711e-141 6.502746330228007548e-124 4.000617614082575264e-109 1.805934980134795484e-96 1.656677704499027224e-85 6.893547616444971779e-76 1.483731882332158317e-66 6.065439653366481510e-58 3.313592206357456573e-50 2.566889366084995954e-43 3.278893158174123695e-37 8.176396019851009374e-32 4.713815432418644885e-27 7.424017797504980487e-23 3.795445293279605855e-19 7.683507360483382774e-16 7.914044003935969670e-13 5.493940001999700191e-10 2.835539030006276428e-07 2.239703489792030724e-03 5.489144461468438430e-02 4.904407644461402649e-01 8.934924360166094370e-01 9.683256529851157479e-01 9.925608200268858372e-01 9.975420503034581055e-01 9.988597203462247220e-01 9.992645807147912951e-01 9.993383139924363334e-01 9.992779885212179636e-01 9.990773906250426384e-01 9.978742369281126123e-01 9.903966983765449816e-01 9.550342212385238838e-01 8.617823617430149241e-01 3.450696204457635030e-01 1.659052198820101798e-02 4.223774470112218357e-06 1.165583436599470637e-07 4.921203913024325523e-09 2.844839649874891686e-10 2.073059995565916071e-11 1.798175326606243027e-12 1.787717641362784755e-13 1.975592398774268343e-14 2.388709945636889738e-15 3.114589613640010269e-16 4.336058520036845417e-17 6.399542252837537586e-18 9.960851352639539604e-19 1.625814566585424843e-19 2.773884688512470487e-20 4.943565298601939337e-21 9.116025652821726244e-22 1.753181068238928493e-22 3.478107280109458348e-23 7.120323250638573925e-24 1.506855968662294727e-24 3.278640528065540847e-25 7.365821953212825494e-26 1.695727891213388408e-26 4.005545747104047457e-27 9.696894572814621122e-28 2.408033301615893464e-28
0.000000000000000000e+00 0.000000000000000000e+00 9.242878864467096899e-275 8.154692785342315033e-224 1.781723629898784833e-188 1.021128947326757704e-161 2.077067717095584428e-140 7.001045460595385036e-123 3.910633325929697973e-108 1.604456820254631724e-95 1.338994245225850952e-84 5.075562825556882975e-75 9.881890235800071747e-66 3.640879006204537483e-57 1.789320334032940100e-49 1.248203495747673862e-42 1.435881167203737182e-36 3.231205058010956998e-31 1.687039181888670246e-26 2.422654642521939900e-22 1.144719437629439641e-18 2.199761810964412574e-15 2.254748030371258868e-12 1.636521604714799980e-09 8.495547564485690360e-07 4.106678283517306745e-03 8.877109073204526857e-02 6.187802481031747792e-01 9.134139110012947649e-01 9.786801529405702027e-01 9.958592319797197057e-01 9.987703456772007993e-01 9.994373288248112885e-01 9.996514198730696021e-01 9.997104349824255110e-01 9.996926019152720944e-01 9.995972947267671715e-01 9.991069219176613725e-01 9.954073174907656085e-01 9.725097763680539131e-01 8.943535057755170881e-01 4.809012409342883765e-01 2.861021627741150777e-02 1.050287813901872902e-05 2.850323111376408132e-07 1.174990350039467104e-08 6.681829856201353641e-10 4.835389151997654803e-11 4.199211061945888797e-12 4.196573543058317151e-13 4.686819601602600249e-14 5.731962101864622413e-15 7.573409572589280726e-16 1.070236743717092699e-16 1.603530571551296836e-17 2.532352998531723328e-18 4.198450253082283476e-19 7.266892990029467101e-20 1.311312887663143222e-20 2.460876778647951780e-21 4.781972083302612211e-22 9.621091519459121074e-23 2.001643641099707414e-23 4.292124856965102415e-24 9.464284410640759833e-25 2.149863494141657522e-25 5.015486069479380122e-26 1.203015615855148451e-26 2.955739104517879099e-27 7.455795341553043399e-28
0.000000000000000000e+00 0.000000000000000000e+00 1.778478008272361090e-273 1.405662739735564666e-222 2.762613332278395711e-187 1.431654576249871425e-160 2.628898410059733485e-139 8.003146382748549090e-122 4.048616662580698696e-107 1.503899566339681411e-94 1.137413988338867586e-83 3.906941215885059127e-74 6.853688688769239815e-65 2.266593383461913956e-56 9.987684286317616354e-49 6.247047470749708171e-42 6.450779703107454112e-36 1.305817320437941272e-30 6.157477779410112885e-26 8.052529528032566194e-22 3.520844185442242150e-18 6.462206047787021583e-15 6.676310414162811240e-12 5.112902061738419391e-09 2.564105501461249767e-06 7.487747365581515907e-03 1.415654441908381911e-01 7.387608881009188888e-01 9.329335408005422492e-01 9.881830864388508884e-01 9.982987617595203700e-01 9.995672684754671744e-01 9.998327879286411646e-01 9.998842232626996562e-01 9.999111264516362674e-01 9.999131417930104959e-01 9.998958294600442942e-01 9.998154108185713929e-01 9.990031641845580346e-01 9.912513541894657498e-01 9.401010911364069411e-01 7.143762019948112219e-01 6.459874082719332944e-02 3.739827424594446663e-03 8.961981945213569364e-07 3.500396321077122349e-08 1.914342186392377762e-09 1.354536530606139764e-10 1.166128428087459371e-11 1.166502845924946569e-12 1.315377885351339377e-13 1.634687383991859805e-14 2.204136366676865673e-15 3.192236716159424845e-16 4.924936104391004853e-17 8.033062424026092592e-18 1.381504153165908491e-18 2.498309392964338599e-19 4.733783303367513521e-20 9.370951885926839150e-21 1.939791173533145920e-21 4.193749022336222557e-22 9.436683459012011322e-23 2.210011064348972483e-23 5.401519633999109604e-24 1.373485405282160283e-24 3.631725540741614967e-25 9.989967265075141091e-26 2.852951900898912629e-26 8.460411597498619778e-27
0.000000000000000000e+00 0.000000000000000000e+00 3.738101908855810544e-272 2.634840074154475815e-221 4.638965253786591474e-186 2.158871835903088986e-159 3.563405236949368337e-138 9.766867478533780520e-121 4.444228117045078394e-106 1.487226600321778896e-93 1.015626294578296155e-82 3.152492420442750093e-73 4.958783999943975126e-64 1.465774266906199981e-55 5.768401386771171744e-48 3.221742690472068392e-41 2.975655447478536414e-35 5.399770893421123418e-30 2.294140995695860578e-25 2.728251748100918457e-21 1.105973618810522708e-17 1.955188006037935857e-14 2.066764566358449741e-11 1.680286182101133114e-08 7.650640862056020495e-06 1.381895200368017489e-02 2.313677347210184310e-01 8.456868230491085825e-01 9.597921270321119191e-01 9.966836355201273978e-01 9.997160987958436662e-01 9.999339729268205135e-01 9.999768912829600787e-01 9.999699906051173759e-01 9.999781564929062228e-01 9.999803556143058714e-01 9.999790731286980483e-01 9.999638411204423427e-01 9.999329092388384854e-01 9.994028170506991104e-01 9.895475494609061728e-01 9.062764728079434340e-01 2.881167535140464198e-01 2.183692153072778683e-02 8.145924767969475757e-06 3.044921370751946800e-07 1.654363690846432166e-08 1.198936765739731451e-09 1.083790744087417613e-10 1.161914967834494597e-11 1.429885958086919105e-12 1.968767281008430795e-13 2.977989539947524365e-14 4.895017428064904558e-15 8.643138575838168976e-16 1.630307411694965703e-16 3.264724593893712671e-17 6.898715118503207228e-18 1.535539636145172996e-18 3.566152379810023601e-19 8.693692618801242950e-20 2.202618925297654029e-20 5.796091558164434940e-21 1.580674897855905587e-21 4.464771305583164936e-22 1.300934780808069031e-22 3.907148570622724537e-23 1.209310199898861708e-23 3.844200680877677281e-24 1.254102031799867097e-24
0.000000000000000000e+00 0.000000000000000000e+00 8.632740837123666648e-271 5.377672924298937216e-220 8.463776785146945568e-185 3.515315447750053270e-158 5.189398444439621692e-137 1.273265296581181061e-119 5.194606647850509865e-105 1.559668451996625679e-92 9.564299623391586993e-82 2.670409510139219302e-72 3.750571937560631082e-63 9.865245764337693604e-55 3.452743810258430920e-47 1.715297072153320672e-40 1.410504957909569326e-34 2.286757782157119192e-29 8.732222942877080046e-25 9.438486947311369092e-21 3.558439157107873439e-17 6.122808327689024657e-14 6.759280286511680663e-11 5.904317593871064598e-08 2.369838773169963104e-05 3.077737532968922302e-02 4.648811732379385941e-01 9.250269237986648019e-01 9.915327507434429366e-01 9.998276723935618504e-01 9.999705020209371797e-01 9.999931086471316455e-01 9.999969884792462294e-01 9.999981178170198604e-01 9.999985288702522013e-01 9.999986582751303477e-01 9.999986237217356466e-01 9.999980660194934812e-01 9.999950799680598079e-01 9.999743201268265214e-01 9.998402750562761510e-01 9.914616350946868772e-01 8.710819376122304059e-01 2.874262072129281642e-01 3.154534038413413233e-02 1.081108439031305665e-05 5.619262328003704777e-07 4.168095889442337622e-08 4.001932581720850384e-09 4.656262548021519315e-10 6.282241440314377141e-11 9.538345716154998907e-12 1.594891914442178857e-12 2.888535474652159386e-13 5.618858679735067097e-14 1.161270296735076349e-14 2.533150940232128220e-15 5.816999743265145088e-16 1.396401859498824816e-16 3.501234928634104153e-17 9.108114579534691288e-18 2.465232918745847510e-18 6.888626851409176890e-19 1.990614012754869269e-19 5.923096575956163398e-20 1.816348427198107040e-20 5.729883823761816901e-21 1.849002555347875851e-21 6.133475561355747835e-22 2.086101946982168563e-22
0.000000000000000000e+00 0.000000000000000000e+00 2.200581303043801386e-269 1.209352855966405901e-218 1.685165974563336527e-183 6.217851508956952926e-157 8.160468337991613124e-136 1.783440310736454426e-118 6.481422102330473204e-104 1.737683644029277156e-91 9.527240343314318062e-81 2.380623012736659040e-71 2.971130281021627182e-62 6.920534881964851006e-54 2.144199318961060612e-46 9.432300358401423936e-40 6.883155912756748675e-34 9.934211935336259576e-29 3.399635452086038894e-24 3.339252615232326354e-20 1.179892848339655372e-16 2.044018142300044068e-13 2.615085270606581299e-10 3.016275552884090605e-07 3.252221000323476940e-03 1.507849717697659908e-01 8.868596791637682886e-01 9.882605571425443491e-01 9.998538204175084765e-01 9.999948178266097054e-01 9.999992404250969136e-01 9.999996795114599601e-01 9.999997969082967675e-01 9.999998409828763091e-01 9.999998582049099971e-01 9.999998615699274840e-01 9.999998549062306674e-01 9.999998147986788322e-01 9.999996661062457992e-01 9.999991228976485846e-01 9.999953989131541432e-01 9.999567039508513444e-01 9.944709768502935088e-01 9.291613656033400614e-01 6.486391073599994117e-01 1.450452384265894790e-01 1.824029905016944300e-02 4.040706630966084097e-06 3.491042582276184622e-07 3.958977153470038958e-08 5.407506955698302827e-09 8.480474918920235212e-10 1.479083636587210687e-10 2.816386218527245912e-11 5.753786320065745832e-12 1.253981982062738886e-12 2.889368953367891952e-13 6.992389391314237499e-14 1.772834416977668974e-14 4.675496160907029358e-15 1.282774378330419416e-15 3.635659810110992858e-16 1.068713556469438193e-16 3.245994550248193770e-17 1.013579139089982646e-17 3.253295459633717981e-18 1.072837535212126511e-18 3.627865377843992941e-19 1.261167360073482503e-19 4.472541800146976102e-20
0.000000000000000000e+00 0.000000000000000000e+00 6.223435905840496423e-268 3.002238955947122899e-217 3.682046477604788594e-182 1.200530085295919027e-155 1.391310092639725098e-134 2.691185472588977610e-117 8.670765250290482020e-103 2.063506207852228544e-90 1.006648565932474691e-79 2.241404269651550467e-70 2.472416351501133017e-61 5.075380722248139108e-53 1.384202681136009290e-45 5.367730226435590933e-39 3.458839469015686040e-33 4.430113912576259867e-28 1.362449477253370431e-23 1.263288634929809388e-19 5.036191609778196573e-16 1.402066995799854718e-12 3.643407128008898273e-09 7.259638658741383551e-06 5.143664180460540136e-02 8.327676735586654333e-01 9.899003729569230137e-01 9.999533241073750300e-01 9.999987264112291108e-01 9.999998753697104670e-01 9.999999513873327750e-01 9.999999679226346805e-01 9.999999742570351291e-01 9.999999770683239975e-01 9.999999781159933931e-01 9.999999779580929227e-01 9.999999767275772333e-01 9.999999712394559426e-01 9.999999539069002186e-01 9.999999077185658392e-01 9.999997405867180333e-01 9.999986347427057831e-01 9.999705968818299873e-01 9.996462702254412802e-01 9.921310786890864541e-01 9.448730670237225349e-01 7.931590331681585004e-01 3.213272819988013951e-01 5.861802420675341074e-02 1.425365765144110280e-05 1.579351731189767352e-06 2.302298432087924606e-07 3.992998949202605417e-08 7.782377591118847371e-09 1.661295485039300891e-09 3.810407692666183879e-10 9.269048907929214716e-11 2.378598324536935796e-11 6.388215530415149046e-12 1.789850932225242332e-12 5.218772208560498060e-13 1.575317064495728089e-13 4.914260224764865437e-14 1.584107491374520152e-14 5.253548283668374250e-15 1.794774610447930340e-15 6.285643640100975035e-16 2.262761448653091541e-16 8.321511598965158568e-17 3.136658313348975563e-17
0.000000000000000000e+00 0.000000000000000000e+00 1.981639068292149190e-266 8.286550233348656077e-216 8.878520892629239427e-181 2.538682725950469323e-154 2.587122751248482439e-133 4.398836572788852176e-116 1.248869152178840514e-101 2.623483508323393392e-89 1.130966259972018008e-78 2.232207096901897560e-69 2.164743681234438473e-60 3.894861846949787173e-52 9.304504777918113527e-45 3.167542157224884412e-38 1.817218846555279076e-32 2.297063659002956196e-27 1.043750808778251218e-22 2.300034185500549085e-18 2.076432349858056067e-14 9.022411681464506274e-11 3.144265392269365203e-07 2.058346721451773109e-02 7.963566121715480728e-01 9.944215197865567957e-01 9.999790223110799348e-01 9.999997297356741921e-01 9.999999667874936993e-01 9.999999891617112890e-01 9.999999933782000028e-01 9.999999947304247794e-01 9.999999953944204156e-01 9.999999957682702556e-01 9.999999959600572863e-01 9.999999959991738852e-01 9.999999958808265532e-01 9.999999950396933901e-01 9.999999922720701484e-01 9.999999853795780158e-01 9.999999644576328395e-01 9.999998840834769531e-01 9.999994203347360999e-01 9.999968466485678054e-01 9.999777186939204920e-01 9.999137862892527595e-01 9.992015015982538273e-01 9.927246470309825099e-01 9.633063507783539148e-01 8.858153878061948427e-01 6.209747539309644626e-01 2.122155305097634670e-01 3.437380035214306073e-02 9.825574712653616530e-06 1.787978734025162821e-06 3.919646926743193797e-07 9.612475193631602226e-08 2.557274780424926893e-08 7.219877921133404457e-09 2.142167910531840585e-09 6.626876500651489407e-10 2.127115845881637160e-10 7.076363816114692247e-11 2.425645560551516989e-11 8.542795082499590104e-12 3.103974153268075614e-12 1.155357088466662703e-12 4.399356821574511325e-13 1.715819764236091776e-13 6.859284182191422839e-14
0.000000000000000000e+00 0.000000000000000000e+00 7.091294288469460965e-265 2.563999350679316867e-214 2.388188417821251535e-179 5.933878881463879970e-153 5.269466070392635944e-132 7.826110399244805274e-115 1.943775933516710998e-100 3.582299948473352409e-88 1.358365363959256380e-77 2.361429062894087055e-68 2.001693214043625019e-59 3.148538107407554719e-51 6.942078149595529563e-44 3.306097157442786494e-37 6.142141825478434921e-31 2.809667804777167689e-25 2.448307205172972010e-20 4.890326682323426635e-16 3.472383283345476965e-12 1.722281527684666255e-08 9.561380485985173511e-03 8.115613366314557986e-01 9.982744276805425310e-01 9.999970416847142607e-01 9.999999408005997292e-01 9.999999904778680282e-01 9.999999966974210119e-01 9.999999983337543030e-01 9.999999987838502635e-01 9.999999989701023884e-01 9.999999990962096241e-01 9.999999991918414599e-01 9.999999992614840849e-01 9.999999993053847458e-01 9.999999993235340057e-01 9.999999992246378921e-01 9.999999988286095709e-01 9.999999978044896709e-01 9.999999945256917711e-01 9.999999818273559438e-01 9.999999356760101987e-01 9.999998302052105492e-01 9.999995581217766549e-01 9.999987519604603969e-01 9.999960235345530801e-01 9.999853929721623791e-01 9.999774539187561428e-01 9.998836757262289376e-01 9.994920954765456056e-01 9.975294690958518284e-01 9.895310097476632816e-01 9.664269212118146157e-01 9.148989271204520657e-01 7.811036452310626821e-01 4.599994907129815735e-01 1.437568747296095462e-01 5.213823284668920352e-05 1.151927021009840248e-05 3.175134464476039264e-06 9.898120432937385257e-07 3.340561717817405195e-07 1.190597724493300166e-07 4.407615624383824700e-08 1.691651980917675263e-08 6.673753917706585219e-09 2.698908586468764584e-09 1.120278174298475794e-09 4.755603350103459646e-10
0.000000000000000000e+00 0.000000000000000000e+00 2.906531979713494149e-263 8.960382930427715053e-213 7.176341109178253415e-178 1.541048219577569562e-151 1.182776728830739104e-130 1.522350787057694945e-113 3.287887078942849596e-99 5.278472741518045417e-87 1.751210992264431926e-76 2.761691672173494558e-67 3.177349637614039105e-58 2.264230069251457029e-49 3.103806480037117343e-41 4.627356601100686415e-34 8.095781202355348805e-28 2.040020874660672338e-22 1.037577985491919543e-17 1.779391472900548455e-13 1.676492683077662175e-09 2.595401324892687069e-05 8.734782354213568301e-01 9.997492967730733371e-01 9.999996094252534551e-01 9.999999862580896126e-01 9.999999970987460962e-01 9.999999989241274978e-01 9.999999994920522051e-01 9.999999996901740573e-01 9.999999997537630803e-01 9.999999997916708683e-01 9.999999998246896782e-01 9.999999998523977363e-01 9.999999998741347929e-01 9.999999998901695220e-01 9.999999999011649487e-01 9.999999998968568393e-01 9.999999998592805639e-01 9.999999997543274066e-01 9.999999993785064767e-01 9.999999975167449540e-01 9.999999891677728847e-01 9.999999739881009209e-01 9.999999486729904685e-01 9.999999034370919970e-01 9.999998190405370302e-01 9.999996551074110673e-01 9.999993219674855327e-01 9.999986111838645719e-01 9.999970151939385765e-01 9.999932399697175622e-01 9.999838032941079646e-01 9.999862987285383920e-01 9.999627827283901205e-01 9.998934861420518683e-01 9.997617142229610065e-01 9.993385074468121854e-01 9.981099720778852102e-01 9.948769672766685224e-01 9.874077061693586899e-01 9.720773478833456549e-01 9.439226162407426957e-01 8.905550426058577163e-01 7.683124327625349137e-01 5.307084779168523836e-01 2.497570835317143578e-01 4.895988732743027094e-02 4.069337009101482553e-05 1.443493906819101558e-05
0.000000000000000000e+00 0.000000000000000000e+00 1.369021131421456946e-261 3.569466221883846786e-211 2.439938660106030753e-176 4.477099411543232599e-150 2.948857538437392700e-129 3.268721265925467824e-112 6.370410900497727350e-98 1.750956640714077755e-85 4.295943233262668485e-74 6.025660306579135416e-64 3.331768419592404496e-54 2.459149611976768698e-45 1.686293611134498617e-37 1.158381642468492451e-30 1.032450250388367474e-24 2.012163699500275040e-19 1.272206896083942674e-14 3.066094847598677313e-10 8.248418794478474378e-06 9.349186985699133867e-01 9.999796126370387173e-01 9.999999445900135120e-01 9.999999966644756988e-01 9.999999991056980342e-01 9.999999996320282358e-01 9.999999998363584552e-01 9.999999999116090388e-01 9.999999999379562965e-01 9.999999999488935476e-01 9.999999999585199584e-01 9.999999999672621875e-01 9.999999999743867107e-01 9.999999999799102923e-01 9.999999999838571352e-01 9.999999999867774658e-01 9.999999999880081480e-01 9.999999999867330569e-01 9.999999999816382434e-01 9.999999999605065915e-01 9.999999998276748459e-01 9.999999988098541293e-01 9.999999961794727721e-01 9.999999917974611297e-01 9.999999850287961678e-01 9.999999745498617809e-01 9.999999585436611937e-01 9.999999343991403666e-01 9.999998980294536599e-01 9.999998428104994730e-01 9.999997576813564049e-01 9.999996247395657178e-01 9.999994136119281229e-01 9.999990730912038384e-01 9.999985161759378238e-01 9.999975913382352921e-01 9.999960290166836074e-01 9.999933572944075255e-01 9.999887257067439084e-01 9.999805695051328103e-01 9.999894965496856081e-01 9.999813823276386682e-01 9.999666227878090119e-01 9.999395038747617148e-01 9.998891809517498341e-01 9.998512596149843334e-01 9.997259172451393727e-01 9.995391658220528219e-01 9.991524910609322907e-01
0.000000000000000000e+00 0.000000000000000000e+00 7.504651679024509102e-260 1.641078250561431540e-209 9.471797716393996540e-175 1.591236651456026934e-148 3.047720209508017092e-127 5.043924486583723523e-109 1.327544683702140902e-93 1.884337890293366054e-80 3.973257418202482492e-69 2.799775021559084554e-59 7.019130195232507700e-50 2.296340243434570334e-41 7.444849167177894981e-34 3.726447117173088331e-27 4.583149170803419972e-21 1.266527747821051700e-15 9.800846465051840642e-11 5.906885055913081013e-06 9.764770585087931831e-01 9.999969294439587930e-01 9.999999913590515987e-01 9.999999991681046696e-01 9.999999997318402833e-01 9.999999998754125485e-01 9.999999999441590015e-01 9.999999999738700129e-01 9.999999999839058740e-01 9.999999999871356238e-01 9.999999999893757208e-01 9.999999999919332305e-01 9.999999999944719775e-01 9.999999999961000086e-01 9.999999999967317255e-01 9.999999999970269338e-01 9.999999999973003817e-01 9.999999999974190645e-01 9.999999999975867082e-01 9.999999999976124654e-01 9.999999999974363840e-01 9.999999999961216579e-01 9.999999999623008229e-01 9.999999998038344717e-01 9.999999993854659097e-01 9.999999985902336963e-01 9.999999972619779687e-01 9.999999951312417146e-01 9.999999918527493481e-01 9.999999870507225719e-01 9.999999803394042930e-01 9.999999712483137460e-01 9.999999591181200076e-01 9.999999430803127032e-01 9.999999218878183882e-01 9.999998939528855768e-01 9.999998570836078349e-01 9.999998082633874130e-01 9.999997435653751321e-01 9.999996579680103803e-01 9.999995437867350567e-01 9.999993917588214654e-01 9.999991887600514495e-01 9.999989162781395269e-01 9.999985518506290250e-01 9.999980607238111441e-01 9.999974014346849627e-01 9.999965114982984904e-01 9.999953130056506989e-01 9.999936878306315835e-01
0.000000000000000000e+00 0.000000000000000000e+00 6.288714960763056874e-258 1.074604722929422766e-206 1.532292065024186449e-170 4.852050686939951088e-143 4.039765530548992149e-121 4.061633357010999744e-103 4.912095245636226850e-88 3.184802493297700049e-75 3.095603575096252470e-64 1.018357992689203366e-54 1.194432488702302981e-45 2.876016830079171774e-37 1.585002277706281679e-29 1.249048422212517663e-22 1.703991693702292598e-16 5.339262870916091352e-11 1.058270151560250810e-05 9.968747097087119480e-01 9.999998244354614263e-01 9.999999985576104589e-01 9.999999997918858075e-01 9.999999999236557358e-01 9.999999999606332679e-01 9.999999999808246720e-01 9.999999999917733584e-01 9.999999999962030373e-01 9.999999999967751352e-01 9.999999999968963715e-01 9.999999999970354825e-01 9.999999999973562259e-01 9.999999999975747178e-01 9.999999999977532417e-01 9.999999999979656273e-01 9.999999999981837862e-01 9.999999999983221199e-01 9.999999999984354737e-01 9.999999999985488275e-01 9.999999999985996757e-01 9.999999999986951549e-01 9.999999999986588506e-01 9.999999999982287502e-01 9.999999999973984144e-01 9.999999999933911754e-01 9.999999999769895176e-01 9.999999999395821071e-01 9.999999998654267586e-01 9.999999997271129537e-01 9.999999994793125069e-01 9.999999990570574981e-01 9.999999983813910864e-01 9.999999973675094411e-01 9.999999959293848217e-01 9.999999939737386212e-01 9.999999913888437675e-01 9.999999880371622796e-01 9.999999837680261239e-01 9.999999783847876023e-01 9.999999716610620260e-01 9.999999633621328154e-01 9.999999531603357417e-01 9.999999407076922697e-01 9.999999256436152839e-01 9.999999074122559728e-01 9.999998854421003891e-01 9.999998591646547252e-01 9.999998276041198730e-01 9.999997900472713530e-01 9.999997450150109879e-01
0.000000000000000000e+00 0.000000000000000000e+00 5.652561478361237505e-251 1.795542524768670368e-199 1.248134667886961456e-163 1.747995185241601103e-136 6.373751420961351669e-115 2.805537342388946305e-97 1.494369721908088434e-82 4.323510491696778940e-70 2.066708663415839786e-59 6.428714078164959889e-50 1.798617574648175579e-40 7.532834074397101768e-32 3.915045083137230939e-24 3.353361037352063715e-17 5.227937593566281713e-11 6.546182670535815728e-05 9.999103789315904045e-01 9.999999882668250129e-01 9.999999997529422924e-01 9.999999999496311798e-01 9.999999999798357964e-01 9.999999999888520286e-01 9.999999999941489026e-01 9.999999999968961495e-01 9.999999999975524023e-01 9.999999999978768095e-01 9.999999999979574117e-01 9.999999999979772847e-01 9.999999999980586640e-01 9.999999999982174259e-01 9.999999999983294474e-01 9.999999999984685584e-01 9.999999999986001198e-01 9.999999999986808330e-01 9.999999999987573274e-01 9.999999999988736787e-01 9.999999999989390709e-01 9.999999999990690780e-01 9.999999999990915045e-01 9.999999999991947552e-01 9.999999999991245891e-01 9.999999999990752952e-01 9.999999999989745980e-01 9.999999999986974863e-01 9.999999999984950927e-01 9.999999999982417398e-01 9.999999999978287368e-01 9.999999999974115150e-01 9.999999999967605913e-01 9.999999999936052264e-01 9.999999999868641742e-01 9.999999999750249779e-01 9.999999999542564799e-01 9.999999999199118417e-01 9.999999998660992206e-01 9.999999997859780887e-01 9.999999996709922900e-01 9.999999995104098538e-01 9.999999992918633396e-01 9.999999989989136751e-01 9.999999986139874730e-01 9.999999981153334661e-01 9.999999974831053073e-01 9.999999966848608368e-01 9.999999956946931112e-01 9.999999944802822061e-01 9.999999930057167363e-01 9.999999912396427826e-01
0.000000000000000000e+00 0.000000000000000000e+00 2.162493425482502975e-243 3.087580592571457736e-192 9.318305566632967965e-157 5.565116904772876019e-130 8.595696662773669650e-109 1.622916182225088262e-91 4.719122894735628488e-77 2.600011276516652067e-64 4.247783086717041124e-53 2.020525874465783055e-43 4.030835214390835721e-34 1.768463726615073430e-25 1.124549207089603892e-17 1.047334486097108195e-10 3.981758968290349809e-01 9.999949523232704029e-01 9.999999991189192361e-01 9.999999999587101396e-01 9.999999999887256852e-01 9.999999999955491159e-01 9.999999999969297892e-01 9.999999999972670750e-01 9.999999999977406961e-01 9.999999999981725729e-01 9.999999999984302557e-01 9.999999999985451637e-01 9.999999999985182964e-01 9.999999999985060839e-01 9.999999999985752508e-01 9.999999999986286525e-01 9.999999999987231325e-01 9.999999999988399280e-01 9.999999999988894439e-01 9.999999999989667154e-01 9.999999999990419886e-01 9.999999999991031618e-01 9.999999999991580069e-01 9.999999999991548982e-01 9.999999999993515187e-01 9.999999999993951505e-01 9.999999999994360067e-01 9.999999999994050315e-01 9.999999999994239053e-01 9.999999999993657296e-01 9.999999999993746114e-01 9.999999999992655875e-01 9.999999999992736921e-01 9.999999999992436051e-01 9.999999999992302824e-01 9.999999999991483479e-01 9.999999999991001642e-01 9.999999999990347721e-01 9.999999999989932498e-01 9.999999999988731236e-01 9.999999999988129495e-01 9.999999999986359800e-01 9.999999999984826582e-01 9.999999999984395815e-01 9.999999999982150944e-01 9.999999999980005994e-01 9.999999999978209653e-01 9.999999999975905940e-01 9.999999999973188114e-01 9.999999999969864106e-01 9.999999999962189134e-01 9.999999999943252060e-01 9.999999999916091564e-01 9.999999999883687485e-01
0.000000000000000000e+00 0.000000000000000000e+00 8.025439197630953054e-236 4.953454707892436003e-185 6.246503020812334669e-150 1.609660917993670736e-123 2.545244592745970725e-102 2.458934548194110429e-84 2.722273573084131990e-69 1.219248268459174265e-56 1.149619733534715958e-45 6.229191691553031624e-36 1.623055526324616355e-26 8.314637491685960562e-18 5.376993887734759087e-10 9.694005037345151399e-01 9.999999398549433982e-01 9.999999999298904152e-01 9.999999999938427031e-01 9.999999999972030151e-01 9.999999999976562082e-01 9.999999999979444221e-01 9.999999999981054044e-01 9.999999999983204546e-01 9.999999999985382804e-01 9.999999999987367882e-01 9.999999999988503641e-01 9.999999999989189758e-01 9.999999999988503641e-01 9.999999999989049870e-01 9.999999999988508081e-01 9.999999999989311883e-01 9.999999999990077937e-01 9.999999999990405453e-01 9.999999999991081578e-01 9.999999999991766586e-01 9.999999999991697752e-01 9.999999999992716937e-01 9.999999999992709165e-01 9.999999999993438582e-01 9.999999999992998934e-01 9.999999999994879651e-01 9.999999999995273781e-01 9.999999999994829691e-01 9.999999999995526911e-01 9.999999999995887734e-01 9.999999999995579092e-01 9.999999999995500266e-01 9.999999999995661248e-01 9.999999999995828892e-01 9.999999999995448086e-01 9.999999999995087263e-01 9.999999999995273781e-01 9.999999999995875521e-01 9.999999999995383693e-01 9.999999999994938493e-01 9.999999999994865219e-01 9.999999999995020650e-01 9.999999999994838573e-01 9.999999999994884092e-01 9.999999999994584332e-01 9.999999999994554356e-01 9.999999999994180211e-01 9.999999999994244604e-01 9.999999999994136912e-01 9.999999999993628430e-01 9.999999999993534061e-01 9.999999999993588462e-01 9.999999999993478550e-01 9.999999999992995603e-01
0.000000000000000000e+00 1.302555212168072814e-316 2.890256652434160692e-228 1.253873454209132106e-177 9.430707083847884023e-142 1.916913506849650142e-114 6.476075967654808837e-93 1.999949048439279685e-75 1.432816889271089626e-60 9.048788261785949303e-48 1.136167446950208173e-36 7.159047139563928572e-27 2.180000435126870694e-17 1.020531855216315591e-08 9.996815084030381549e-01 9.999999990307524289e-01 9.999999999946586060e-01 9.999999999978127496e-01 9.999999999981893373e-01 9.999999999983600896e-01 9.999999999985865751e-01 9.999999999986076693e-01 9.999999999986655119e-01 9.999999999987994048e-01 9.999999999989975796e-01 9.999999999990930588e-01 9.999999999990827337e-01 9.999999999991026067e-01 9.999999999990749622e-01 9.999999999990720756e-01 9.999999999991037170e-01 9.999999999991422417e-01 9.999999999991942001e-01 9.999999999992158495e-01 9.999999999992367217e-01 9.999999999992859046e-01 9.999999999993636202e-01 9.999999999993192112e-01 9.999999999993698374e-01 9.999999999994728661e-01 9.999999999994682032e-01 9.999999999994982902e-01 9.999999999995847766e-01 9.999999999995440314e-01 9.999999999995993205e-01 9.999999999995797806e-01 9.999999999995788924e-01 9.999999999995862199e-01 9.999999999996403988e-01 9.999999999996403988e-01 9.999999999996554978e-01 9.999999999996084243e-01 9.999999999996159739e-01 9.999999999996729283e-01 9.999999999996278532e-01 9.999999999996511679e-01 9.999999999996554978e-01 9.999999999996780353e-01 9.999999999996552758e-01 9.999999999996745936e-01 9.999999999996419531e-01 9.999999999996747047e-01 9.999999999996275202e-01 9.999999999996644906e-01 9.999999999996546096e-01 9.999999999996803668e-01 9.999999999996567190e-01 9.999999999996630473e-01 9.999999999996388445e-01 9.999999999996250777e-01
0.000000000000000000e+00 7.720543021794822165e-307 1.636140141680958775e-217 3.189739935743014684e-166 8.288766817385209389e-131 3.979491162378810203e-104 1.554813612344422057e-82 8.296418858467037458e-65 7.249961223180836707e-50 5.144627146143034252e-37 8.064925433116474780e-26 5.736021939765190342e-16 1.525464290000074645e-06 9.999976529880512111e-01 9.999999999807007711e-01 9.999999999981903365e-01 9.999999999985925703e-01 9.999999999987277954e-01 9.999999999988131716e-01 9.999999999989291899e-01 9.999999999989382937e-01 9.999999999989789279e-01 9.999999999990341060e-01 9.999999999991290300e-01 9.999999999992187361e-01 9.999999999992790212e-01 9.999999999992752464e-01 9.999999999992684740e-01 9.999999999992639221e-01 9.999999999992172928e-01 9.999999999992152944e-01 9.999999999993309796e-01 9.999999999992970068e-01 9.999999999993479660e-01 9.999999999993510746e-01 9.999999999993961497e-01 9.999999999993961497e-01 9.999999999994321209e-01 9.999999999994884092e-01 9.999999999995216049e-01 9.999999999994927391e-01 9.999999999996171951e-01 9.999999999995953237e-01 9.999999999995908828e-01 9.999999999996291855e-01 9.999999999996330713e-01 9.999999999996654898e-01 9.999999999996371791e-01 9.999999999996336264e-01 9.999999999996489475e-01 9.999999999996646016e-01 9.999999999996566080e-01 9.999999999996976863e-01 9.999999999997127853e-01 9.999999999996793676e-01 9.999999999996865840e-01 9.999999999996854738e-01 9.999999999996980193e-01 9.999999999996920241e-01 9.999999999997640776e-01 9.999999999996731503e-01 9.999999999998213651e-01 9.999999999997124522e-01 9.999999999997605249e-01 9.999999999997516431e-01 9.999999999997334355e-01 9.999999999997211120e-01 9.999999999997482014e-01 9.999999999997305489e-01 9.999999999997348787e-01
0.000000000000000000e+00 1.075725991225015779e-293 4.280682350209631422e-205 5.362151481403068633e-154 3.424128145944589444e-118 2.866024490931575426e-91 1.059473468982844833e-69 6.583354325590205177e-52 7.380313361179037800e-37 6.450272225508807170e-24 1.007425029008628962e-12 9.743237446307414507e-01 9.999999986814184227e-01 9.999999999982824850e-01 9.999999999988791188e-01 9.999999999990032418e-01 9.999999999990704103e-01 9.999999999990936139e-01 9.999999999991834310e-01 9.999999999991632249e-01 9.999999999991724398e-01 9.999999999991830979e-01 9.999999999992011945e-01 9.999999999993407496e-01 9.999999999993750555e-01 9.999999999994945155e-01 9.999999999994124700e-01 9.999999999994169109e-01 9.999999999993361977e-01 9.999999999993668398e-01 9.999999999993436361e-01 9.999999999993660627e-01 9.999999999993791633e-01 9.999999999994740874e-01 9.999999999994385602e-01 9.999999999994370059e-01 9.999999999994921840e-01 9.999999999994766409e-01 9.999999999995162758e-01 9.999999999995132782e-01 9.999999999996497246e-01 9.999999999995444755e-01 9.999999999995711208e-01 9.999999999996407318e-01 9.999999999996431743e-01 9.999999999996340705e-01 9.999999999996614930e-01 9.999999999996920241e-01 9.999999999996919131e-01 9.999999999996745936e-01 9.999999999997315481e-01 9.999999999996893596e-01 9.999999999997347677e-01 9.999999999997170042e-01 9.999999999996878053e-01 9.999999999997380984e-01 9.999999999997248867e-01 9.999999999997211120e-01 9.999999999997780664e-01 9.999999999997143396e-01 9.999999999997506439e-01 9.999999999997359890e-01 9.999999999997850608e-01 9.999999999997600808e-01 9.999999999997146727e-01 9.999999999997444267e-01 9.999999999997565281e-01 9.999999999997996047e-01 9.999999999997403188e-01 9.999999999997853939e-01
0.000000000000000000e+00 2.097848174445009991e-278 1.929966998311313722e-189 2.509086677777925840e-138 1.276394225882235867e-102 1.517582769679964984e-75 6.857276294948260285e-54 5.542265782954439638e-36 7.390861358929514274e-21 4.471192330668230974e-08 9.999969162028526926e-01 9.999999999979256593e-01 9.999999999990344390e-01 9.999999999992241762e-01 9.999999999992805755e-01 9.999999999992823518e-01 9.999999999993184341e-01 9.999999999993703925e-01 9.999999999993582911e-01 9.999999999993246513e-01 9.999999999993532951e-01 9.999999999993814948e-01 9.999999999993838262e-01 9.999999999994778621e-01 9.999999999995309308e-01 9.999999999995344835e-01 9.999999999995021760e-01 9.999999999995022870e-01 9.999999999994564348e-01 9.999999999993989253e-01 9.999999999994683142e-01 9.999999999994598765e-01 9.999999999994809707e-01 9.999999999995393685e-01 9.999999999995190514e-01 9.999999999995370370e-01 9.999999999995137223e-01 9.999999999995911049e-01 9.999999999996097566e-01 9.999999999995806688e-01 9.999999999995277111e-01 9.999999999995990985e-01 9.999999999996759259e-01 9.999999999996646016e-01 9.999999999996979083e-01 9.999999999996516120e-01 9.999999999996673772e-01 9.999999999996681543e-01 9.999999999996986855e-01 9.999999999997158939e-01 9.999999999997094546e-01 9.999999999997276623e-01 9.999999999997253308e-01 9.999999999997331024e-01 9.999999999997465361e-01 9.999999999997459810e-01 9.999999999997526423e-01 9.999999999997415401e-01 9.999999999997597477e-01 9.999999999997446487e-01 9.999999999997537525e-01 9.999999999997177813e-01 9.999999999997707389e-01 9.999999999997295497e-01 9.999999999997656319e-01 9.999999999997986055e-01 9.999999999997346567e-01 9.999999999997992717e-01 9.999999999997873923e-01 9.999999999997764011e-01
0.000000000000000000e+00 4.031847738790048688e-259 4.370382173193339647e-170 9.443906915088455912e-119 5.344397240737504966e-83 8.543424451794682489e-56 5.116696287000982516e-34 4.266477628833763412e-16 9.992784261382118283e-01 9.999999999943604001e-01 9.999999999991321387e-01 9.999999999993653965e-01 9.999999999993930411e-01 9.999999999994616529e-01 9.999999999994922950e-01 9.999999999994735322e-01 9.999999999994604316e-01 9.999999999994761968e-01 9.999999999994624300e-01 9.999999999995008437e-01 9.999999999995028421e-01 9.999999999995058397e-01 9.999999999995680122e-01 9.999999999995476951e-01 9.999999999995977662e-01 9.999999999995786704e-01 9.999999999995932143e-01 9.999999999995849986e-01 9.999999999995217159e-01 9.999999999995426991e-01 9.999999999995504707e-01 9.999999999995388134e-01 9.999999999995868860e-01 9.999999999995701216e-01 9.999999999995913269e-01 9.999999999995697886e-01 9.999999999995702327e-01 9.999999999996443956e-01 9.999999999996287414e-01 9.999999999995987654e-01 9.999999999996311839e-01 9.999999999996409539e-01 9.999999999996995736e-01 9.999999999996816991e-01 9.999999999996973532e-01 9.999999999996654898e-01 9.999999999997234434e-01 9.999999999997506439e-01 9.999999999997519762e-01 9.999999999997782885e-01 9.999999999997187805e-01 9.999999999997292166e-01 9.999999999997131184e-01 9.999999999997619682e-01 9.999999999997108979e-01 9.999999999997610800e-01 9.999999999997207789e-01 9.999999999997595257e-01 9.999999999997697397e-01 9.999999999997458699e-01 9.999999999997645217e-01 9.999999999997279954e-01 9.999999999997680744e-01 9.999999999997664091e-01 9.999999999997780664e-01 9.999999999997988276e-01 9.999999999997735145e-01 9.999999999997821742e-01 9.999999999997583044e-01 9.999999999997650768e-01
0.000000000000000000e+00 3.709017375201170876e-234 6.238557766575955776e-145 1.708326474872446962e-93 1.353784433462183579e-57 2.839249908285300259e-30 9.580806343458030574e-09 9.999999993914447938e-01 9.999999999993259836e-01 9.999999999994464428e-01 9.999999999995247135e-01 9.999999999995621280e-01 9.999999999995171640e-01 9.999999999995135003e-01 9.999999999996064259e-01 9.999999999995693445e-01 9.999999999995823341e-01 9.999999999995884403e-01 9.999999999995321520e-01 9.999999999995180522e-01 9.999999999995528022e-01 9.999999999996092015e-01 9.999999999995718980e-01 9.999999999996344036e-01 9.999999999996629363e-01 9.999999999995721200e-01 9.999999999996193045e-01 9.999999999995932143e-01 9.999999999996419531e-01 9.999999999995798916e-01 9.999999999995855537e-01 9.999999999996287414e-01 9.999999999996002087e-01 9.999999999996237454e-01 9.999999999996317390e-01 9.999999999996420641e-01 9.999999999995755617e-01 9.999999999995808908e-01 9.999999999997111200e-01 9.999999999996490585e-01 9.999999999996638245e-01 9.999999999997032374e-01 9.999999999997207789e-01 9.999999999996809219e-01 9.999999999997294386e-01 9.999999999997944977e-01 9.999999999997465361e-01 9.999999999996915800e-01 9.999999999997608580e-01 9.999999999997307709e-01 9.999999999997426503e-01 9.999999999997347677e-01 9.999999999997460920e-01 9.999999999997626343e-01 9.999999999997265521e-01 9.999999999997367661e-01 9.999999999997941647e-01 9.999999999997840616e-01 9.999999999997367661e-01 9.999999999997694067e-01 9.999999999998055999e-01 9.999999999997534195e-01 9.999999999997595257e-01 9.999999999997803979e-01 9.999999999997805089e-01 9.999999999998433475e-01 9.999999999997828404e-01 9.999999999998190336e-01 9.999999999998224753e-01 9.999999999998100408e-01
0.000000000000000000e+00 3.046809951665457138e-200 7.291130679557320864e-111 2.985831867090157542e-59 2.691361342693311414e-23 9.999954259060742645e-01 9.999999999994255706e-01 9.999999999995967670e-01 9.999999999996289635e-01 9.999999999996633804e-01 9.999999999996652678e-01 9.999999999996487254e-01 9.999999999996515010e-01 9.999999999996863620e-01 9.999999999996916911e-01 9.999999999996400657e-01 9.999999999996588285e-01 9.999999999996345146e-01 9.999999999996334044e-01 9.999999999996357358e-01 9.999999999996511679e-01 9.999999999996350697e-01 9.999999999996513900e-01 9.999999999996972422e-01 9.999999999997587485e-01 9.999999999997353228e-01 9.999999999997003508e-01 9.999999999996989075e-01 9.999999999996656008e-01 9.999999999996139755e-01 9.999999999996661559e-01 9.999999999996443956e-01 9.999999999996763700e-01 9.999999999996560529e-01 9.999999999997365441e-01 9.999999999997202238e-01 9.999999999997137845e-01 9.999999999996967981e-01 9.999999999996201927e-01 9.999999999997447597e-01 9.999999999997991607e-01 9.999999999998064881e-01 9.999999999996950217e-01 9.999999999997563060e-01 9.999999999997364331e-01 9.999999999997112310e-01 9.999999999997889466e-01 9.999999999997659650e-01 9.999999999997369882e-01 9.999999999997656319e-01 9.999999999997417621e-01 9.999999999997786215e-01 9.999999999997561950e-01 9.999999999997940536e-01 9.999999999998164801e-01 9.999999999997741806e-01 9.999999999997866151e-01 9.999999999997984945e-01 9.999999999997987166e-01 9.999999999997921662e-01 9.999999999998284705e-01 9.999999999997615241e-01 9.999999999998067102e-01 9.999999999997820632e-01 9.999999999998342437e-01 9.999999999997853939e-01 9.999999999997902789e-01 9.999999999997822853e-01 9.999999999997986055e-01 9.999999999997974953e-01
0.000000000000000000e+00 2.763185408287160166e-150 1.058956528577608385e-60 1.190686318375922163e-09 9.999999999995619060e-01 9.999999999997079003e-01 9.999999999997306599e-01 9.999999999997634115e-01 9.999999999997655209e-01 9.999999999997190026e-01 9.999999999997069011e-01 9.999999999996989075e-01 9.999999999997013500e-01 9.999999999997195577e-01 9.999999999997917222e-01 9.999999999996592726e-01 9.999999999997202238e-01 9.999999999997173372e-01 9.999999999996419531e-01 9.999999999997418731e-01 9.999999999996990185e-01 9.999999999997296607e-01 9.999999999997778444e-01 9.999999999997636335e-01 9.999999999997424283e-01 9.999999999997256639e-01 9.999999999995986544e-01 9.999999999997678524e-01 9.999999999996196376e-01 9.999999999996189715e-01 9.999999999997050137e-01 9.999999999997244426e-01 9.999999999997283284e-01 9.999999999996849187e-01 9.999999999996711519e-01 9.999999999997739586e-01 9.999999999997090105e-01 9.999999999996630473e-01 9.999999999998215872e-01 9.999999999997060129e-01 9.999999999997916111e-01 9.999999999997172262e-01 9.999999999996419531e-01 9.999999999997177813e-01 9.999999999997389866e-01 9.999999999997888356e-01 9.999999999997729594e-01 9.999999999998063771e-01 9.999999999997518652e-01 9.999999999997933875e-01 9.999999999997679634e-01 9.999999999998153699e-01 9.999999999998205880e-01 9.999999999997623013e-01 9.999999999997917222e-01 9.999999999998295808e-01 9.999999999997757349e-01 9.999999999998315792e-01 9.999999999997769562e-01 9.999999999998333555e-01 9.999999999998047118e-01 9.999999999998050448e-01 9.999999999997838396e-01 9.999999999998052669e-01 9.999999999998396838e-01 9.999999999998194777e-01 9.999999999998178124e-01 9.999999999998205880e-01 9.999999999998052669e-01 9.999999999998352429e-01
0.000000000000000000e+00 7.556961469800116958e-62 9.999999999785808003e-01 9.999999999998183675e-01 9.999999999998029354e-01 9.999999999998289146e-01 9.999999999998105960e-01 9.999999999997700728e-01 9.999999999997951639e-01 9.999999999998251399e-01 9.999999999997866151e-01 9.999999999997826183e-01 9.999999999997664091e-01 9.999999999998047118e-01 9.999999999997383204e-01 9.999999999998290257e-01 9.999999999998031575e-01 9.999999999997767341e-01 9.999999999997902789e-01 9.999999999997957190e-01 9.999999999997807310e-01 9.999999999998011591e-01 9.999999999998090416e-01 9.999999999998245848e-01 9.999999999997903899e-01 9.999999999997358779e-01 9.999999999996864730e-01 9.999999999998619993e-01 9.999999999997398747e-01 9.999999999998007150e-01 9.999999999998055999e-01 9.999999999997536415e-01 9.999999999997883915e-01 9.999999999997553068e-01 9.999999999997530864e-01 9.999999999997436495e-01 9.999999999997901678e-01 9.999999999997598588e-01 9.999999999998026023e-01 9.999999999997644107e-01 9.999999999997594147e-01 9.999999999997868372e-01 9.999999999998457900e-01 9.999999999997517541e-01 9.999999999997380984e-01 9.999999999998159250e-01 9.999999999997674083e-01 9.999999999998063771e-01 9.999999999998511191e-01 9.999999999998527844e-01 9.999999999998555600e-01 9.999999999998616662e-01 9.999999999998501199e-01 9.999999999998023803e-01 9.999999999998215872e-01 9.999999999998659961e-01 9.999999999998007150e-01 9.999999999997694067e-01 9.999999999998593347e-01 9.999999999998580025e-01 9.999999999998356870e-01 9.999999999998309130e-01 9.999999999998163691e-01 9.999999999998485656e-01 9.999999999998406830e-01 9.999999999998231415e-01 9.999999999998523403e-01 9.999999999998203659e-01 9.999999999998178124e-01 9.999999999998309130e-01
0.000000000000000000e+00 9.999999999999047429e-01 9.999999999999394928e-01 9.999999999999075184e-01 9.999999999999139577e-01 9.999999999999399369e-01 9.999999999999107381e-01 9.999999999998824274e-01 9.999999999999054090e-01 9.999999999998920863e-01 9.999999999999138467e-01 9.999999999998425704e-01 9.999999999998795408e-01 9.999999999998653299e-01 9.999999999998196998e-01 9.999999999999112932e-01 9.999999999999752420e-01 9.999999999998030464e-01 9.999999999998666622e-01 9.999999999999417133e-01 9.999999999998898659e-01 9.999999999998480105e-01 9.999999999998507860e-01 9.999999999998411271e-01 9.999999999999009681e-01 9.999999999999305000e-01 9.999999999998432365e-01 9.999999999998270273e-01 9.999999999998817612e-01 9.999999999998343547e-01 9.999999999998252509e-01 9.999999999998154809e-01 9.999999999998263611e-01 9.999999999998414602e-01 9.999999999998859801e-01 9.999999999998377964e-01 9.999999999998397948e-01 9.999999999998289146e-01 9.999999999997899458e-01 9.999999999997994937e-01 9.999999999998177014e-01 9.999999999999104050e-01 9.999999999998747668e-01 9.999999999999089617e-01 9.999999999998929745e-01 9.999999999998127054e-01 9.999999999998508970e-01 9.999999999998747668e-01 9.999999999998452349e-01 9.999999999998290257e-01 9.999999999998464562e-01 9.999999999998431255e-01 9.999999999999088507e-01 9.999999999998793188e-01 9.999999999998604450e-01 9.999999999998786526e-01 9.999999999998755440e-01 9.999999999999139577e-01 9.999999999998010480e-01 9.999999999998753220e-01 9.999999999998959721e-01 9.999999999998204769e-01 9.999999999998707700e-01 9.999999999999196199e-01 9.999999999999070743e-01 9.999999999999233946e-01 9.999999999999110711e-01 9.999999999998848699e-01 9.999999999999095168e-01 9.999999999999085176e-01
0.000000000000000000e+00 9.999999999999176215e-01 9.999999999999290567e-01 9.999999999999141798e-01 9.999999999999129585e-01 9.999999999999196199e-01 9.999999999999414912e-01 9.999999999998987477e-01 9.999999999998707700e-01 9.999999999998697708e-01 9.999999999998883116e-01 9.999999999998638867e-01 9.999999999998852029e-01 9.999999999998260281e-01 9.999999999998534506e-01 9.999999999997412070e-01 9.999999999999726885e-01 9.999999999999056310e-01 9.999999999999099609e-01 9.999999999998354649e-01 9.999999999999278355e-01 9.999999999998555600e-01 9.999999999999270583e-01 9.999999999999237277e-01 9.999999999998172573e-01 9.999999999998432365e-01 9.999999999998951949e-01 9.999999999998764322e-01 9.999999999998754330e-01 9.999999999998268052e-01 9.999999999998162581e-01 9.999999999998090416e-01 9.999999999998132605e-01 9.999999999998447908e-01 9.999999999998558931e-01 9.999999999998169242e-01 9.999999999998290257e-01 9.999999999997984945e-01 9.999999999998165912e-01 9.999999999998486766e-01 9.999999999998384625e-01 9.999999999998618883e-01 9.999999999998659961e-01 9.999999999998332445e-01 9.999999999997852829e-01 9.999999999998852029e-01 9.999999999997974953e-01 9.999999999998304689e-01 9.999999999998466782e-01 9.999999999998372413e-01 9.999999999998008260e-01 9.999999999998311351e-01 9.999999999998808731e-01 9.999999999999004130e-01 9.999999999998641087e-01 9.999999999998432365e-01 9.999999999998394618e-01 9.999999999998917533e-01 9.999999999999159561e-01 9.999999999998040456e-01 9.999999999998373523e-01 9.999999999999217293e-01 9.999999999998288036e-01 9.999999999998442357e-01 9.999999999998691047e-01 9.999999999999419353e-01 9.999999999998939737e-01 9.999999999998794298e-01 9.999999999998895328e-01 9.999999999999239497e-01
0.000000000000000000e+00 9.999999999999185096e-01 9.999999999999413802e-01 9.999999999999180655e-01 9.999999999999243938e-01 9.999999999998915312e-01 9.999999999999193978e-01 9.999999999999162892e-01 9.999999999999064082e-01 9.999999999998853140e-01 9.999999999998979705e-01 9.999999999999014122e-01 9.999999999998914202e-01 9.999999999998560041e-01 9.999999999998702149e-01 9.999999999998883116e-01 9.999999999998532285e-01 9.999999999998274713e-01 9.999999999998281375e-01 9.999999999998291367e-01 9.999999999999471534e-01 9.999999999999216183e-01 9.999999999998661071e-01 9.999999999997670752e-01 9.999999999998057110e-01 9.999999999998704370e-01 9.999999999998384625e-01 9.999999999998731015e-01 9.999999999998201439e-01 9.999999999998158140e-01 9.999999999998501199e-01 9.999999999997964961e-01 9.999999999998279154e-01 9.999999999998461231e-01 9.999999999998644418e-01 9.999999999998639977e-01 9.999999999998291367e-01 9.999999999998182565e-01 9.999999999998366862e-01 9.999999999998815392e-01 9.999999999999175104e-01 9.999999999998758771e-01 9.999999999998907541e-01 9.999999999998515632e-01 9.999999999998762101e-01 9.999999999998612221e-01 9.999999999999154010e-01 9.999999999998230304e-01 9.999999999998033795e-01 9.999999999998063771e-01 9.999999999997993827e-01 9.999999999998216982e-01 9.999999999998632205e-01 9.999999999999091838e-01 9.999999999998694378e-01 9.999999999998444578e-01 9.999999999998376854e-01 9.999999999998392397e-01 9.999999999998697708e-01 9.999999999999127365e-01 9.999999999998750999e-01 9.999999999998251399e-01 9.999999999999230615e-01 9.999999999998031575e-01 9.999999999998492317e-01 9.999999999998635536e-01 9.999999999999126254e-01 9.999999999998951949e-01 9.999999999998866462e-01 9.999999999999119593e-01
0.000000000000000000e+00 9.999999999998901989e-01 9.999999999999373834e-01 9.999999999999202860e-01 9.999999999999221734e-01 9.999999999999262812e-01 9.999999999999377165e-01 9.999999999999096278e-01 9.999999999999418243e-01 9.999999999998918643e-01 9.999999999998867573e-01 9.999999999998671063e-01 9.999999999998880895e-01 9.999999999998390177e-01 9.999999999998474554e-01 9.999999999997984945e-01 9.999999999998439026e-01 9.999999999998671063e-01 9.999999999998987477e-01 9.999999999998960831e-01 9.999999999999491518e-01 9.999999999999198419e-01 9.999999999998957501e-01 9.999999999998463451e-01 9.999999999998290257e-01 9.999999999998256950e-01 9.999999999997795097e-01 9.999999999998832045e-01 9.999999999998270273e-01 9.999999999997953859e-01 9.999999999998394618e-01 9.999999999998168132e-01 9.999999999998115952e-01 9.999999999998473443e-01 9.999999999998608891e-01 9.999999999998863132e-01 9.999999999998259170e-01 9.999999999997888356e-01 9.999999999998472333e-01 9.999999999998729905e-01 9.999999999998393507e-01 9.999999999998911981e-01 9.999999999998552269e-01 9.999999999998596678e-01 9.999999999998190336e-01 9.999999999998684386e-01 9.999999999998818723e-01 9.999999999999017453e-01 9.999999999998248068e-01 9.999999999998080424e-01 9.999999999997915001e-01 9.999999999998260281e-01 9.999999999998495648e-01 9.999999999998636646e-01 9.999999999998925304e-01 9.999999999998667732e-01 9.999999999998331335e-01 9.999999999998212541e-01 9.999999999998541167e-01 9.999999999998763212e-01 9.999999999999016342e-01 9.999999999999178435e-01 9.999999999998301359e-01 9.999999999998572253e-01 9.999999999998930855e-01 9.999999999998067102e-01 9.999999999998738787e-01 9.999999999998728795e-01 9.999999999999076294e-01 9.999999999999216183e-01
0.000000000000000000e+00 9.999999999999595879e-01 9.999999999999277245e-01 9.999999999999137357e-01 9.999999999999350520e-01 9.999999999999180655e-01 9.999999999999383826e-01 9.999999999999149569e-01 9.999999999998931965e-01 9.999999999999018563e-01 9.999999999999137357e-01 9.999999999998651079e-01 9.999999999998574474e-01 9.999999999998538946e-01 9.999999999998435696e-01 9.999999999997907230e-01 9.999999999999377165e-01 9.999999999999028555e-01 9.999999999998819833e-01 9.999999999998728795e-01 9.999999999998927525e-01 9.999999999998743228e-01 9.999999999998548939e-01 9.999999999998643307e-01 9.999999999999178435e-01 9.999999999998707700e-01 9.999999999998306910e-01 9.999999999998510081e-01 9.999999999998113731e-01 9.999999999998469002e-01 9.999999999998204769e-01 9.999999999998099298e-01 9.999999999998245848e-01 9.999999999998618883e-01 9.999999999998721023e-01 9.999999999998694378e-01 9.999999999998361311e-01 9.999999999997959410e-01 9.999999999998955280e-01 9.999999999998743228e-01 9.999999999998655520e-01 9.999999999998773204e-01 9.999999999999015232e-01 9.999999999998319122e-01 9.999999999998728795e-01 9.999999999998455680e-01 9.999999999998441247e-01 9.999999999998644418e-01 9.999999999999051870e-01 9.999999999998453459e-01 9.999999999998243627e-01 9.999999999998417932e-01 9.999999999998409050e-01 9.999999999998788747e-01 9.999999999998779865e-01 9.999999999999066302e-01 9.999999999998474554e-01 9.999999999998192557e-01 9.999999999998282485e-01 9.999999999998399058e-01 9.999999999998309130e-01 9.999999999998907541e-01 9.999999999998979705e-01 9.999999999999240607e-01 9.999999999997815081e-01 9.999999999999187317e-01 9.999999999998232525e-01 9.999999999997941647e-01 9.999999999998754330e-01 9.999999999999004130e-01
0.000000000000000000e+00 9.999999999999228395e-01 9.999999999999379385e-01 9.999999999999102940e-01 9.999999999998890887e-01 9.999999999999139577e-01 9.999999999998885336e-01 9.999999999999161782e-01 9.999999999998820943e-01 9.999999999998937517e-01 9.999999999998805400e-01 9.999999999998787636e-01 9.999999999998144817e-01 9.999999999999371614e-01 9.999999999998899769e-01 9.999999999998546718e-01 9.999999999998339106e-01 9.999999999998423483e-01 9.999999999997988276e-01 9.999999999998748779e-01 9.999999999998571143e-01 9.999999999999454880e-01 9.999999999998454570e-01 9.999999999999165112e-01 9.999999999997836175e-01 9.999999999998288036e-01 9.999999999998614442e-01 9.999999999998714362e-01 9.999999999998352429e-01 9.999999999998380185e-01 9.999999999998316902e-01 9.999999999998262501e-01 9.999999999998123723e-01 9.999999999998778755e-01 9.999999999998758771e-01 9.999999999998669953e-01 9.999999999998343547e-01 9.999999999998119282e-01 9.999999999998633315e-01 9.999999999998977485e-01 9.999999999998577804e-01 9.999999999998596678e-01 9.999999999999072964e-01 9.999999999998475664e-01 9.999999999998524514e-01 9.999999999998848699e-01 9.999999999998621103e-01 9.999999999997940536e-01 9.999999999998477884e-01 9.999999999998802069e-01 9.999999999998775424e-01 9.999999999998431255e-01 9.999999999998437916e-01 9.999999999998600009e-01 9.999999999999101830e-01 9.999999999998876454e-01 9.999999999998983036e-01 9.999999999998544498e-01 9.999999999998538946e-01 9.999999999998280265e-01 9.999999999998301359e-01 9.999999999998450129e-01 9.999999999998545608e-01 9.999999999998990807e-01 9.999999999998989697e-01 9.999999999998612221e-01 9.999999999998567812e-01 9.999999999998936406e-01 9.999999999998321343e-01 9.999999999997986055e-01
0.000000000000000000e+00 9.999999999999358291e-01 9.999999999999211742e-01 9.999999999999105160e-01 9.999999999999344968e-01 9.999999999999231726e-01 9.999999999999122924e-01 9.999999999998928635e-01 9.999999999998872013e-01 9.999999999998869793e-01 9.999999999998704370e-01 9.999999999998832045e-01 9.999999999998662181e-01 9.999999999998776534e-01 9.999999999998560041e-01 9.999999999999128475e-01 9.999999999999507061e-01 9.999999999999126254e-01 9.999999999998370193e-01 9.999999999998625544e-01 9.999999999997878364e-01 9.999999999997448707e-01 9.999999999998721023e-01 9.999999999998480105e-01 9.999999999998646638e-01 9.999999999998043787e-01 9.999999999998447908e-01 9.999999999998520073e-01 9.999999999998173683e-01 9.999999999998268052e-01 9.999999999998164801e-01 9.999999999998258060e-01 9.999999999998365752e-01 9.999999999998743228e-01 9.999999999998573363e-01 9.999999999998419042e-01 9.999999999998139266e-01 9.999999999998191447e-01 9.999999999998734346e-01 9.999999999998137046e-01 9.999999999998110400e-01 9.999999999998816502e-01 9.999999999998639977e-01 9.999999999998714362e-01 9.999999999998402389e-01 9.999999999998028244e-01 9.999999999998046007e-01 9.999999999998946398e-01 9.999999999998279154e-01 9.999999999998825384e-01 9.999999999998532285e-01 9.999999999999159561e-01 9.999999999998747668e-01 9.999999999998716582e-01 9.999999999998900879e-01 9.999999999999199529e-01 9.999999999998780975e-01 9.999999999998832045e-01 9.999999999998679945e-01 9.999999999998723244e-01 9.999999999998515632e-01 9.999999999998351319e-01 9.999999999998390177e-01 9.999999999998407940e-01 9.999999999998900879e-01 9.999999999999035216e-01 9.999999999999343858e-01 9.999999999998478994e-01 9.999999999998833156e-01 9.999999999999034106e-01
0.000000000000000000e+00 9.999999999998990807e-01 9.999999999999188427e-01 9.999999999999269473e-01 9.999999999998810951e-01 9.999999999999066302e-01 9.999999999998874234e-01 9.999999999999109601e-01 9.999999999998694378e-01 9.999999999998677724e-01 9.999999999999018563e-01 9.999999999998862021e-01 9.999999999999248379e-01 9.999999999997986055e-01 9.999999999998867573e-01 9.999999999998164801e-01 9.999999999997893907e-01 9.999999999999155120e-01 9.999999999998161471e-01 9.999999999997730704e-01 9.999999999998436806e-01 9.999999999998119282e-01 9.999999999999275024e-01 9.999999999997817302e-01 9.999999999998876454e-01 9.999999999998395728e-01 9.999999999998572253e-01 9.999999999998393507e-01 9.999999999998173683e-01 9.999999999998161471e-01 9.999999999998302469e-01 9.999999999998321343e-01 9.999999999998095968e-01 9.999999999998790967e-01 9.999999999998639977e-01 9.999999999998379074e-01 9.999999999998082645e-01 9.999999999998041567e-01 9.999999999998633315e-01 9.999999999998245848e-01 9.999999999998243627e-01 9.999999999998178124e-01 9.999999999998672173e-01 9.999999999998795408e-01 9.999999999998397948e-01 9.999999999998042677e-01 9.999999999998729905e-01 9.999999999998486766e-01 9.999999999998695488e-01 9.999999999998233635e-01 9.999999999998803180e-01 9.999999999998284705e-01 9.999999999998614442e-01 9.999999999999098499e-01 9.999999999999099609e-01 9.999999999998699929e-01 9.999999999998926414e-01 9.999999999999062972e-01 9.999999999999140687e-01 9.999999999998914202e-01 9.999999999998674394e-01 9.999999999998788747e-01 9.999999999998701039e-01 9.999999999999030775e-01 9.999999999998672173e-01 9.999999999998432365e-01 9.999999999998854250e-01 9.999999999999046318e-01 9.999999999999392708e-01 9.999999999998638867e-01
0.000000000000000000e+00 9.999999999999621414e-01 9.999999999999348299e-01 9.999999999999039657e-01 9.999999999999278355e-01 9.999999999999065192e-01 9.999999999998828715e-01 9.999999999999142908e-01 9.999999999999158451e-01 9.999999999998995248e-01 9.999999999998598899e-01 9.999999999998824274e-01 9.999999999998836486e-01 9.999999999999715783e-01 9.999999999998511191e-01 9.999999999999339417e-01 9.999999999998753220e-01 9.999999999998834266e-01 9.999999999998459010e-01 9.999999999998853140e-01 9.999999999998707700e-01 9.999999999998351319e-01 9.999999999998976374e-01 9.999999999998469002e-01 9.999999999998355760e-01 9.999999999998533395e-01 9.999999999998679945e-01 9.999999999998064881e-01 9.999999999998305800e-01 9.999999999998042677e-01 9.999999999998309130e-01 9.999999999998427924e-01 9.999999999998194777e-01 9.999999999998566702e-01 9.999999999998507860e-01 9.999999999998643307e-01 9.999999999998131495e-01 9.999999999998081535e-01 9.999999999998581135e-01 9.999999999998099298e-01 9.999999999998183675e-01 9.999999999998372413e-01 9.999999999998352429e-01 9.999999999998490097e-01 9.999999999998390177e-01 9.999999999998662181e-01 9.999999999997888356e-01 9.999999999998669953e-01 9.999999999998377964e-01 9.999999999998286926e-01 9.999999999998887557e-01 9.999999999998846478e-01 9.999999999998098188e-01 9.999999999998578915e-01 9.999999999999121814e-01 9.999999999999236167e-01 9.999999999998938627e-01 9.999999999998951949e-01 9.999999999998918643e-01 9.999999999998817612e-01 9.999999999998866462e-01 9.999999999999243938e-01 9.999999999998987477e-01 9.999999999998580025e-01 9.999999999998658851e-01 9.999999999998719913e-01 9.999999999998734346e-01 9.999999999998827604e-01 9.999999999998977485e-01 9.999999999999011902e-01
0.000000000000000000e+00 9.999999999999125144e-01 9.999999999999217293e-01 9.999999999999132916e-01 9.999999999999322764e-01 9.999999999998991917e-01 9.999999999998914202e-01 9.999999999998749889e-01 9.999999999999021894e-01 9.999999999998850919e-01 9.999999999998648859e-01 9.999999999998353539e-01 9.999999999998036015e-01 9.999999999997895017e-01 9.999999999998860911e-01 9.999999999997684075e-01 9.999999999998960831e-01 9.999999999999004130e-01 9.999999999998483435e-01 9.999999999998674394e-01 9.999999999998682165e-01 9.999999999997757349e-01 9.999999999997517541e-01 9.999999999998956390e-01 9.999999999997902789e-01 9.999999999998676614e-01 9.999999999998603339e-01 9.999999999998026023e-01 9.999999999998151479e-01 9.999999999998155920e-01 9.999999999998179234e-01 9.999999999998319122e-01 9.999999999998046007e-01 9.999999999998490097e-01 9.999999999998726574e-01 9.999999999998487876e-01 9.999999999998148148e-01 9.999999999998241407e-01 9.999999999998693268e-01 9.999999999998402389e-01 9.999999999998113731e-01 9.999999999998427924e-01 9.999999999998450129e-01 9.999999999998482325e-01 9.999999999998683275e-01 9.999999999998768763e-01 9.999999999998935296e-01 9.999999999998028244e-01 9.999999999998527844e-01 9.999999999998745448e-01 9.999999999998717692e-01 9.999999999998387956e-01 9.999999999998652189e-01 9.999999999998759881e-01 9.999999999998041567e-01 9.999999999998659961e-01 9.999999999999175104e-01 9.999999999999101830e-01 9.999999999998453459e-01 9.999999999998649969e-01 9.999999999998722133e-01 9.999999999998685496e-01 9.999999999999108491e-01 9.999999999999096278e-01 9.999999999999273914e-01 9.999999999999029665e-01 9.999999999998885336e-01 9.999999999998674394e-01 9.999999999998832045e-01 9.999999999998920863e-01
-1.000000000000000000e+00 -1.000000000000000000e+00 9.999999999999036326e-01 9.999999999999037437e-01 9.999999999998928635e-01 9.999999999998909761e-01 9.999999999998947509e-01 9.999999999998776534e-01 9.999999999998709921e-01 9.999999999998946398e-01 9.999999999998756550e-01 9.999999999998698819e-01 9.999999999998873124e-01 9.999999999998676614e-01 9.999999999998969713e-01 9.999999999998340217e-01 9.999999999998477884e-01 9.999999999997701838e-01 9.999999999998496758e-01 9.999999999998712141e-01 9.999999999998498978e-01 9.999999999998820943e-01 9.999999999998337996e-01 9.999999999998405720e-01 9.999999999998344657e-01 9.999999999998894218e-01 9.999999999998974154e-01 9.999999999998072653e-01 9.999999999998516742e-01 9.999999999997868372e-01 9.999999999998158140e-01 9.999999999998228084e-01 9.999999999998302469e-01 9.999999999998214761e-01 9.999999999998566702e-01 9.999999999998359090e-01 9.999999999998260281e-01 9.999999999998161471e-01 9.999999999998769873e-01 9.999999999998151479e-01 9.999999999998493427e-01 9.999999999998877565e-01 9.999999999998275824e-01 9.999999999998440137e-01 9.999999999998094857e-01 9.999999999998667732e-01 9.999999999999035216e-01 9.999999999998865352e-01 9.999999999998393507e-01 9.999999999999044098e-01 9.999999999998100408e-01 9.999999999998659961e-01 9.999999999998173683e-01 9.999999999998835376e-01 9.999999999998854250e-01 9.999999999998606670e-01 9.999999999998223643e-01 9.999999999998727684e-01 9.999999999999137357e-01 9.999999999999137357e-01 9.999999999998633315e-01 9.999999999998101519e-01 9.999999999998256950e-01 9.999999999998469002e-01 9.999999999998341327e-01 9.999999999998298028e-01 9.999999999998470113e-01 9.999999999998455680e-01 9.999999999998685496e-01 9.999999999999135136e-01
-1.000000000000000000e+00 -1.000000000000000000e+00 -1.000000000000000000e+00 9.999999999999027445e-01 9.999999999998928635e-01 9.999999999998931965e-01 9.999999999999011902e-01 9.999999999999029665e-01 9.999999999998913092e-01 9.999999999998632205e-01 9.999999999999169553e-01 9.999999999998763212e-01 9.999999999998656630e-01 9.999999999998803180e-01 9.999999999999436007e-01 9.999999999999452660e-01 9.999999999999080735e-01 9.999999999998349098e-01 9.999999999998594458e-01 9.999999999998661071e-01 9.999999999998696598e-01 9.999999999997999378e-01 9.999999999998945288e-01 9.999999999998155920e-01 9.999999999998292477e-01 9.999999999998813172e-01 9.999999999998612221e-01 9.999999999998365752e-01 9.999999999998208100e-01 9.999999999998093747e-01 9.999999999997973843e-01 9.999999999998435696e-01 9.999999999998084865e-01 9.999999999998487876e-01 9.999999999998619993e-01 9.999999999998534506e-01 9.999999999998107070e-01 9.999999999998254729e-01 9.999999999998876454e-01 9.999999999998303579e-01 9.999999999998392397e-01 9.999999999998754330e-01 9.999999999998756550e-01 9.999999999998403499e-01 9.999999999998729905e-01 9.999999999998100408e-01 9.999999999998354649e-01 9.999999999998522293e-01 9.999999999998363531e-01 9.999999999998225864e-01 9.999999999998239186e-01 9.999999999998928635e-01 9.999999999998574474e-01 9.999999999998617772e-01 9.999999999998554490e-01 9.999999999998732125e-01 9.999999999998797628e-01 9.999999999997956079e-01 9.999999999998362421e-01 9.999999999998561151e-01 9.999999999999072964e-01 9.999999999998460121e-01 9.999999999998692157e-01 9.999999999998757660e-01 9.999999999999003020e-01 9.999999999999019673e-01 9.999999999998686606e-01 9.999999999998903100e-01 9.999999999998734346e-01 9.999999999998777644e-01
-1.000000000000000000e+00 -1.000000000000000000e+00 -1.000000000000000000e+00 -1.000000000000000000e+00 9.999999999999120703e-01 9.999999999998623323e-01 9.999999999998754330e-01 9.999999999998832045e-01 9.999999999998649969e-01 9.999999999998866462e-01 9.999999999998878675e-01 9.999999999998726574e-01 9.999999999999107381e-01 9.999999999998976374e-01 9.999999999998704370e-01 9.999999999998341327e-01 9.999999999998842037e-01 9.999999999998424594e-01 9.999999999998810951e-01 9.999999999998628875e-01 9.999999999998390177e-01 9.999999999998200328e-01 9.999999999998548939e-01 9.999999999997750688e-01 9.999999999998555600e-01 9.999999999998571143e-01 9.999999999998407940e-01 9.999999999998612221e-01 9.999999999998109290e-01 9.999999999998062661e-01 9.999999999997922773e-01 9.999999999998075983e-01 9.999999999998336886e-01 9.999999999998201439e-01 9.999999999998575584e-01 9.999999999998878675e-01 9.999999999998545608e-01 9.999999999998393507e-01 9.999999999998721023e-01 9.999999999998325784e-01 9.999999999998396838e-01 9.999999999998316902e-01 9.999999999998616662e-01 9.999999999998886446e-01 9.999999999998361311e-01 9.999999999998868683e-01 9.999999999998183675e-01 9.999999999998405720e-01 9.999999999998242517e-01 9.999999999998513411e-01 9.999999999998144817e-01 9.999999999998330225e-01 9.999999999999100719e-01 9.999999999998063771e-01 9.999999999998634426e-01 9.999999999998961941e-01 9.999999999998057110e-01 9.999999999998806510e-01 9.999999999998703260e-01 9.999999999998013811e-01 9.999999999998328004e-01 9.999999999998785416e-01 9.999999999998562261e-01 9.999999999998929745e-01 9.999999999998859801e-01 9.999999999998587796e-01 9.999999999998114841e-01 9.999999999998385736e-01 9.999999999998456790e-01 9.999999999998446798e-01
-1.000000000000000000e+00 -1.000000000000000000e+00 -1.000000000000000000e+00 -1.000000000000000000e+00 -1.000000000000000000e+00 9.999999999998699929e-01 9.999999999998843148e-01 9.999999999998592237e-01 9.999999999998722133e-01 9.999999999998836486e-01 9.999999999998661071e-01 9.999999999998622213e-01 9.999999999998330225e-01 9.999999999998179234e-01 9.999999999998677724e-01 9.999999999998701039e-01 9.999999999998345768e-01 9.999999999998494538e-01 9.999999999997998268e-01 9.999999999999074074e-01 9.999999999997961631e-01 9.999999999999065192e-01 9.999999999998671063e-01 9.999999999998269162e-01 9.999999999998326894e-01 9.999999999998586686e-01 9.999999999998361311e-01 9.999999999998616662e-01 9.999999999998242517e-01 9.999999999997856159e-01 9.999999999997776223e-01 9.999999999998074873e-01 9.999999999998209210e-01 9.999999999998547828e-01 9.999999999998571143e-01 9.999999999998555600e-01 9.999999999998296918e-01 9.999999999997997158e-01 9.999999999998413491e-01 9.999999999998786526e-01 9.999999999998353539e-01 9.999999999998621103e-01 9.999999999998611111e-01 9.999999999998966382e-01 9.999999999998452349e-01 9.999999999998684386e-01 9.999999999998617772e-01 9.999999999998863132e-01 9.999999999998070432e-01 9.999999999998333555e-01 9.999999999998089306e-01 9.999999999998184785e-01 9.999999999998414602e-01 9.999999999998750999e-01 9.999999999998800959e-01 9.999999999997885025e-01 9.999999999998449018e-01 9.999999999998785416e-01 9.999999999998147038e-01 9.999999999998837596e-01 9.999999999998859801e-01 9.999999999998291367e-01 9.999999999998725464e-01 9.999999999999245048e-01 9.999999999998855360e-01 9.999999999998540057e-01 9.999999999998507860e-01 9.999999999998531175e-01 9.999999999998063771e-01 9.999999999998202549e-01
-1.000000000000000000e+00 -1.000000000000000000e+00 -1.000000000000000000e+00 -1.000000000000000000e+00 -1.000000000000000000e+00 -1.000000000000000000e+00 -1.000000000000000000e+00 9.999999999998558931e-01 9.999999999998826494e-01 9.999999999998593347e-01 9.999999999998329114e-01 9.999999999998437916e-01 9.999999999999049649e-01 9.999999999998776534e-01 9.999999999998510081e-01 9.999999999998390177e-01 9.999999999998722133e-01 9.999999999998283595e-01 9.999999999998472333e-01 9.999999999997934985e-01 9.999999999998513411e-01 9.999999999998622213e-01 9.999999999998238076e-01 9.999999999998510081e-01 9.999999999998234745e-01 9.999999999998725464e-01 9.999999999998260281e-01 9.999999999998536726e-01 9.999999999998289146e-01 9.999999999998039346e-01 9.999999999998057110e-01 9.999999999997923883e-01 9.999999999998482325e-01 9.999999999998514522e-01 9.999999999998296918e-01 9.999999999998780975e-01 9.999999999998453459e-01 9.999999999998610001e-01 9.999999999998385736e-01 9.999999999998295808e-01 9.999999999998192557e-01 9.999999999998540057e-01 9.999999999998711031e-01 9.999999999998625544e-01 9.999999999998538946e-01 9.999999999998421263e-01 9.999999999998140376e-01 9.999999999998836486e-01 9.999999999998808731e-01 9.999999999998386846e-01 9.999999999998526734e-01 9.999999999998381295e-01 9.999999999998190336e-01 9.999999999998407940e-01 9.999999999998432365e-01 9.999999999998840927e-01 9.999999999998748779e-01 9.999999999998333555e-01 9.999999999998818723e-01 9.999999999998357980e-01 9.999999999998196998e-01 9.999999999998883116e-01 9.999999999998427924e-01 9.999999999998047118e-01 9.999999999998842037e-01 9.999999999999175104e-01 9.999999999998691047e-01 9.999999999998330225e-01 9.999999999997878364e-01 9.999999999998134825e-01
-1.000000000000000000e+00 -1.000000000000000000e+00 -1.000000000000000000e+00 -1.000000000000000000e+00 -1.000000000000000000e+00 -1.000000000000000000e+00 -1.000000000000000000e+00 -1.000000000000000000e+00 9.999999999998693268e-01 9.999999999998331335e-01 9.999999999998840927e-01 9.999999999998809841e-01 9.999999999998602229e-01 9.999999999998447908e-01 9.999999999998391287e-01 9.999999999998601119e-01 9.999999999998478994e-01 9.999999999998577804e-01 9.999999999998626654e-01 9.999999999997932765e-01 9.999999999998167022e-01 9.999999999998603339e-01 9.999999999997982725e-01 9.999999999998426814e-01 9.999999999998432365e-01 9.999999999998997469e-01 9.999999999998318012e-01 9.999999999998788747e-01 9.999999999998501199e-01 9.999999999997979394e-01 9.999999999997989386e-01 9.999999999998065991e-01 9.999999999998196998e-01 9.999999999998415712e-01 9.999999999998174793e-01 9.999999999998382405e-01 9.999999999998815392e-01 9.999999999998046007e-01 9.999999999998187006e-01 9.999999999998903100e-01 9.999999999998083755e-01 9.999999999998604450e-01 9.999999999998783196e-01 9.999999999998397948e-01 9.999999999998639977e-01 9.999999999998867573e-01 9.999999999998072653e-01 9.999999999998014921e-01 9.999999999998372413e-01 9.999999999998699929e-01 9.999999999998719913e-01 9.999999999998665512e-01 9.999999999998269162e-01 9.999999999997953859e-01 9.999999999998111511e-01 9.999999999998411271e-01 9.999999999998721023e-01 9.999999999998802069e-01 9.999999999998232525e-01 9.999999999998366862e-01 9.999999999998879785e-01 9.999999999998391287e-01 9.999999999998420153e-01 9.999999999999151790e-01 9.999999999997994937e-01 9.999999999998469002e-01 9.999999999999199529e-01 9.999999999998794298e-01 9.999999999998245848e-01 9.999999999998089306e-01
-1.000000000000000000e+00 -1.000000000000000000e+00 -1.000000000000000000e+00 -1.000000000000000000e+00 -1.000000000000000000e+00 -1.000000000000000000e+00 -1.000000000000000000e+00 -1.000000000000000000e+00 -1.000000000000000000e+00 9.999999999998693268e-01 9.999999999998557820e-01 9.999999999998486766e-01 9.999999999998414602e-01 9.999999999998699929e-01 9.999999999998477884e-01 9.999999999998465672e-01 9.999999999998397948e-01 9.999999999998770983e-01 9.999999999998067102e-01 9.999999999998655520e-01 9.999999999999216183e-01 9.999999999998635536e-01 9.999999999997797318e-01 9.999999999998404610e-01 9.999999999998367972e-01 9.999999999998817612e-01 9.999999999998221423e-01 9.999999999998533395e-01 9.999999999998320233e-01 9.999999999997993827e-01 9.999999999997765121e-01 9.999999999997708500e-01 9.999999999997919442e-01 9.999999999998450129e-01 9.999999999998622213e-01 9.999999999998194777e-01 9.999999999998715472e-01 9.999999999998573363e-01 9.999999999998215872e-01 9.999999999998303579e-01 9.999999999998575584e-01 9.999999999998178124e-01 9.999999999999019673e-01 9.999999999998459010e-01 9.999999999998686606e-01 9.999999999998947509e-01 9.999999999998825384e-01 9.999999999997896127e-01 9.999999999998480105e-01 9.999999999998542277e-01 9.999999999998783196e-01 9.999999999998736566e-01 9.999999999998441247e-01 9.999999999998478994e-01 9.999999999997912781e-01 9.999999999998174793e-01 9.999999999997957190e-01 9.999999999998289146e-01 9.999999999998839817e-01 9.999999999998372413e-01 9.999999999998125944e-01 9.999999999998300249e-01 9.999999999999070743e-01 9.999999999998184785e-01 9.999999999998661071e-01 9.999999999998931965e-01 9.999999999998200328e-01 9.999999999998634426e-01 9.999999999999312772e-01 9.999999999998354649e-01
-1.000000000000000000e+00 -1.000000000000000000e+00 -1.000000000000000000e+00 -1.000000000000000000e+00 -1.000000000000000000e+00 -1.000000000000000000e+00 -1.000000000000000000e+00 -1.000000000000000000e+00 -1.000000000000000000e+00 -1.000000000000000000e+00 9.999999999998713252e-01 9.999999999998575584e-01 9.999999999998372413e-01 9.999999999998551159e-01 9.999999999998621103e-01 9.999999999998125944e-01 9.999999999998568923e-01 9.999999999998672173e-01 9.999999999998007150e-01 9.999999999998037126e-01 9.999999999998311351e-01 9.999999999998394618e-01 9.999999999998226974e-01 9.999999999998356870e-01 9.999999999998629985e-01 9.999999999998762101e-01 9.999999999998359090e-01 9.999999999998532285e-01 9.999999999998381295e-01 9.999999999997786215e-01 9.999999999997841726e-01 9.999999999997775113e-01 9.999999999997576383e-01 9.999999999998459010e-01 9.999999999998814282e-01 9.999999999998587796e-01 9.999999999998357980e-01 9.999999999998506750e-01 9.999999999998315792e-01 9.999999999998263611e-01 9.999999999998694378e-01 9.999999999998514522e-01 9.999999999998105960e-01 9.999999999998926414e-01 9.999999999998654410e-01 9.999999999998943068e-01 9.999999999998626654e-01 9.999999999998028244e-01 9.999999999997752909e-01 9.999999999998550049e-01 9.999999999998683275e-01 9.999999999998774314e-01 9.999999999998935296e-01 9.999999999998662181e-01 9.999999999997983835e-01 9.999999999997626343e-01 9.999999999998322453e-01 9.999999999998323563e-01 9.999999999997949418e-01 9.999999999998326894e-01 9.999999999998849809e-01 9.999999999998769873e-01 9.999999999998149258e-01 9.999999999998441247e-01 9.999999999998810951e-01 9.999999999997938316e-01 9.999999999998817612e-01 9.999999999998707700e-01 9.999999999997982725e-01 9.999999999999028555e-01
-1.000000000000000000e+00 -1.000000000000000000e+00 -1.000000000000000000e+00 -1.000000000000000000e+00 -1.000000000000000000e+00 -1.000000000000000000e+00 -1.000000000000000000e+00 -1.000000000000000000e+00 -1.000000000000000000e+00 -1.000000000000000000e+00 -1.000000000000000000e+00 9.999999999998684386e-01 9.999999999998540057e-01 9.999999999998446798e-01 9.999999999998333555e-01 9.999999999998580025e-01 9.999999999998632205e-01 9.999999999998026023e-01 9.999999999998525624e-01 9.999999999998839817e-01 9.999999999998193667e-01 9.999999999998262501e-01 9.999999999998302469e-01 9.999999999998014921e-01 9.999999999998151479e-01 9.999999999998980815e-01 9.999999999998145928e-01 9.999999999998596678e-01 9.999999999998272493e-01 9.999999999997667421e-01 9.999999999997590816e-01 9.999999999997749578e-01 9.999999999997404299e-01 9.999999999998182565e-01 9.999999999998855360e-01 9.999999999998568923e-01 9.999999999998254729e-01 9.999999999998604450e-01 9.999999999998208100e-01 9.999999999998248068e-01 9.999999999998611111e-01 9.999999999998452349e-01 9.999999999998390177e-01 9.999999999997616351e-01 9.999999999998020472e-01 9.999999999998202549e-01 9.999999999998093747e-01 9.999999999997853939e-01 9.999999999997507549e-01 9.999999999998676614e-01 9.999999999998552269e-01 9.999999999998747668e-01 9.999999999999014122e-01 9.999999999998714362e-01 9.999999999998507860e-01 9.999999999998078204e-01 9.999999999998413491e-01 9.999999999998053779e-01 9.999999999997987166e-01 9.999999999997956079e-01 9.999999999997886135e-01 9.999999999998282485e-01 9.999999999999148459e-01 9.999999999998812061e-01 9.999999999998054889e-01 9.999999999998789857e-01 9.999999999998869793e-01 9.999999999997933875e-01 9.999999999998849809e-01 9.999999999998628875e-01
-1.000000000000000000e+00 -1.000000000000000000e+00 -1.000000000000000000e+00 -1.000000000000000000e+00 -1.000000000000000000e+00 -1.000000000000000000e+00 -1.000000000000000000e+00 -1.000000000000000000e+00 -1.000000000000000000e+00 -1.000000000000000000e+00 -1.000000000000000000e+00 -1.000000000000000000e+00 -1.000000000000000000e+00 9.999999999998634426e-01 9.999999999998520073e-01 9.999999999998516742e-01 9.999999999998316902e-01 9.999999999998467892e-01 9.999999999998406830e-01 9.999999999998689937e-01 9.999999999998517852e-01 9.999999999998120392e-01 9.999999999998312461e-01 9.999999999998177014e-01 9.999999999998501199e-01 9.999999999998528954e-01 9.999999999998165912e-01 9.999999999998772093e-01 9.999999999998430145e-01 9.999999999997659650e-01 9.999999999997645217e-01 9.999999999997482014e-01 9.999999999997651878e-01 9.999999999997843947e-01 9.999999999998310241e-01 9.999999999998626654e-01 9.999999999998285816e-01 9.999999999997960520e-01 9.999999999998692157e-01 9.999999999998114841e-01 9.999999999998441247e-01 9.999999999998432365e-01 9.999999999998694378e-01 9.999999999998705480e-01 9.999999999998780975e-01 9.999999999997720712e-01 9.999999999997691846e-01 9.999999999998026023e-01 9.999999999998648859e-01 9.999999999998874234e-01 9.999999999998542277e-01 9.999999999998386846e-01 9.999999999998655520e-01 9.999999999998856470e-01 9.999999999998634426e-01 9.999999999998042677e-01 9.999999999997977174e-01 9.999999999998238076e-01 9.999999999998050448e-01 9.999999999998332445e-01 9.999999999998397948e-01 9.999999999998203659e-01 9.999999999998044897e-01 9.999999999997974953e-01 9.999999999998767652e-01 9.999999999998733236e-01 9.999999999998135936e-01 9.999999999998405720e-01 9.999999999999108491e-01 9.999999999997817302e-01
-1.000000000000000000e+00 -1.000000000000000000e+00 -1.000000000000000000e+00 -1.000000000000000000e+00 -1.000000000000000000e+00 -1.000000000000000000e+00 -1.000000000000000000e+00 -1.000000000000000000e+00 -1.000000000000000000e+00 -1.000000000000000000e+00 -1.000000000000000000e+00 -1.000000000000000000e+00 -1.000000000000000000e+00 -1.000000000000000000e+00 9.999999999998586686e-01 9.999999999998440137e-01 9.999999999998274713e-01 9.999999999998401279e-01 9.999999999998592237e-01 9.999999999998474554e-01 9.999999999998230304e-01 9.999999999998164801e-01 9.999999999998381295e-01 9.999999999998536726e-01 9.999999999998835376e-01 9.999999999998306910e-01 9.999999999998492317e-01 9.999999999998715472e-01 9.999999999998161471e-01 9.999999999997601918e-01 9.999999999998226974e-01 9.999999999998168132e-01 9.999999999997553068e-01 9.999999999997380984e-01 9.999999999998031575e-01 9.999999999998199218e-01 9.999999999998586686e-01 9.999999999998401279e-01 9.999999999998517852e-01 9.999999999998446798e-01 9.999999999998394618e-01 9.999999999998041567e-01 9.999999999998756550e-01 9.999999999999236167e-01 9.999999999998108180e-01 9.999999999998598899e-01 9.999999999998653299e-01 9.999999999998434586e-01 9.999999999998810951e-01 9.999999999998554490e-01 9.999999999998503419e-01 9.999999999998361311e-01 9.999999999999024114e-01 9.999999999998673283e-01 9.999999999998199218e-01 9.999999999998370193e-01 9.999999999997862821e-01 9.999999999998219202e-01 9.999999999997981615e-01 9.999999999998253619e-01 9.999999999998148148e-01 9.999999999998190336e-01 9.999999999998215872e-01 9.999999999998441247e-01 9.999999999998008260e-01 9.999999999998028244e-01 9.999999999998679945e-01 9.999999999998736566e-01 9.999999999998143707e-01 9.999999999998679945e-01
-1.000000000000000000e+00 -1.000000000000000000e+00 -1.000000000000000000e+00 -1.000000000000000000e+00 -1.000000000000000000e+00 -1.000000000000000000e+00 -1.000000000000000000e+00 -1.000000000000000000e+00 -1.000000000000000000e+00 -1.000000000000000000e+00 -1.000000000000000000e+00 -1.000000000000000000e+00 -1.000000000000000000e+00 -1.000000000000000000e+00 -1.000000000000000000e+00 9.999999999998444578e-01 9.999999999998417932e-01 9.999999999998560041e-01 9.999999999998505640e-01 9.999999999998319122e-01 9.999999999998200328e-01 9.999999999998226974e-01 9.999999999998362421e-01 9.999999999998404610e-01 9.999999999998853140e-01 9.999999999997593036e-01 9.999999999998525624e-01 9.999999999998335776e-01 9.999999999997650768e-01 9.999999999998192557e-01 9.999999999998232525e-01 9.999999999998382405e-01 9.999999999997905009e-01 9.999999999998482325e-01 9.999999999997584155e-01 9.999999999997950528e-01 9.999999999998231415e-01 9.999999999998625544e-01 9.999999999998374633e-01 9.999999999998415712e-01 9.999999999998321343e-01 9.999999999998530065e-01 9.999999999998263611e-01 9.999999999998376854e-01 9.999999999998261391e-01 9.999999999999209521e-01 9.999999999998931965e-01 9.999999999998887557e-01 9.999999999998828715e-01 9.999999999998657740e-01 9.999999999998799849e-01 9.999999999999208411e-01 9.999999999998556710e-01 9.999999999998431255e-01 9.999999999998113731e-01 9.999999999997903899e-01 9.999999999998125944e-01 9.999999999998063771e-01 9.999999999998573363e-01 9.999999999998272493e-01 9.999999999997936095e-01 9.999999999998309130e-01 9.999999999998411271e-01 9.999999999998543387e-01 9.999999999998311351e-01 9.999999999998203659e-01 9.999999999998340217e-01 9.999999999998125944e-01 9.999999999999025224e-01 9.999999999998732125e-01
-1.000000000000000000e+00 -1.000000000000000000e+00 -1.000000000000000000e+00 -1.000000000000000000e+00 -1.000000000000000000e+00 -1.000000000000000000e+00 -1.000000000000000000e+00 -1.000000000000000000e+00 -1.000000000000000000e+00 -1.000000000000000000e+00 -1.000000000000000000e+00 -1.000000000000000000e+00 -1.000000000000000000e+00 -1.000000000000000000e+00 -1.000000000000000000e+00 -1.000000000000000000e+00 9.999999999998603339e-01 9.999999999998585576e-01 9.999999999998326894e-01 9.999999999998395728e-01 9.999999999998251399e-01 9.999999999998360201e-01 9.999999999998505640e-01 9.999999999998592237e-01 9.999999999998238076e-01 9.999999999998255840e-01 9.999999999998441247e-01 9.999999999998238076e-01 9.999999999997591926e-01 9.999999999998177014e-01 9.999999999998199218e-01 9.999999999998308020e-01 9.999999999998103739e-01 9.999999999998541167e-01 9.999999999998018252e-01 9.999999999997510880e-01 9.999999999997979394e-01 9.999999999998225864e-01 9.999999999998538946e-01 9.999999999998204769e-01 9.999999999998270273e-01 9.999999999998528954e-01 9.999999999998410161e-01 9.999999999998264721e-01 9.999999999998088196e-01 9.999999999998406830e-01 9.999999999998478994e-01 9.999999999998372413e-01 9.999999999998527844e-01 9.999999999998591127e-01 9.999999999998391287e-01 9.999999999998163691e-01 9.999999999998128164e-01 9.999999999998007150e-01 9.999999999997984945e-01 9.999999999998073763e-01 9.999999999998286926e-01 9.999999999998572253e-01 9.999999999998298028e-01 9.999999999998288036e-01 9.999999999998615552e-01 9.999999999998592237e-01 9.999999999998986366e-01 9.999999999999049649e-01 9.999999999998930855e-01 9.999999999998983036e-01 9.999999999998541167e-01 9.999999999998179234e-01 9.999999999998017142e-01 9.999999999998143707e-01
-1.000000000000000000e+00 -1.000000000000000000e+00 -1.000000000000000000e+00 -1.000000000000000000e+00 -1.000000000000000000e+00 -1.000000000000000000e+00 -1.000000000000000000e+00 -1.000000000000000000e+00 -1.000000000000000000e+00 -1.000000000000000000e+00 -1.000000000000000000e+00 -1.000000000000000000e+00 -1.000000000000000000e+00 -1.000000000000000000e+00 -1.000000000000000000e+00 -1.000000000000000000e+00 -1.000000000000000000e+00 9.999999999998439026e-01 9.999999999998169242e-01 9.999999999998409050e-01 9.999999999998335776e-01 9.999999999998573363e-01 9.999999999998456790e-01 9.999999999998331335e-01 9.999999999998279154e-01 9.999999999998615552e-01 9.999999999998355760e-01 9.999999999997845057e-01 9.999999999998201439e-01 9.999999999998362421e-01 9.999999999998461231e-01 9.999999999998657740e-01 9.999999999998359090e-01 9.999999999998114841e-01 9.999999999998209210e-01 9.999999999998364641e-01 9.999999999998034905e-01 9.999999999998109290e-01 9.999999999998350209e-01 9.999999999998417932e-01 9.999999999998152589e-01 9.999999999998682165e-01 9.999999999998423483e-01 9.999999999998222533e-01 9.999999999998535616e-01 9.999999999997887246e-01 9.999999999998222533e-01 9.999999999998034905e-01 9.999999999997918332e-01 9.999999999998085976e-01 9.999999999998109290e-01 9.999999999997907230e-01 9.999999999998406830e-01 9.999999999997971623e-01 9.999999999998130384e-01 9.999999999998324673e-01 9.999999999998222533e-01 9.999999999998320233e-01 9.999999999998292477e-01 9.999999999998365752e-01 9.999999999998973044e-01 9.999999999998782085e-01 9.999999999998607780e-01 9.999999999998672173e-01 9.999999999998808731e-01 9.999999999998778755e-01 9.999999999998504530e-01 9.999999999998674394e-01 9.999999999998444578e-01 9.999999999998100408e-01
-1.000000000000000000e+00 -1.000000000000000000e+00 -1.000000000000000000e+00 -1.000000000000000000e+00 -1.000000000000000000e+00 -1.000000000000000000e+00 -1.000000000000000000e+00 -1.000000000000000000e+00 -1.000000000000000000e+00 -1.000000000000000000e+00 -1.000000000000000000e+00 -1.000000000000000000e+00 -1.000000000000000000e+00 -1.000000000000000000e+00 -1.000000000000000000e+00 -1.000000000000000000e+00 -1.000000000000000000e+00 -1.000000000000000000e+00 -1.000000000000000000e+00 9.999999999998359090e-01 9.999999999998405720e-01 9.999999999998335776e-01 9.999999999998391287e-01 9.999999999998213651e-01 9.999999999998376854e-01 9.999999999998310241e-01 9.999999999998053779e-01 9.999999999997936095e-01 9.999999999998244737e-01 9.999999999998285816e-01 9.999999999998316902e-01 9.999999999998185896e-01 9.999999999998329114e-01 9.999999999998402389e-01 9.999999999998643307e-01 9.999999999998381295e-01 9.999999999998263611e-01 9.999999999998235856e-01 9.999999999998165912e-01 9.999999999998564482e-01 9.999999999998470113e-01 9.999999999998381295e-01 9.999999999998469002e-01 9.999999999998833156e-01 9.999999999998535616e-01 9.999999999998393507e-01 9.999999999998313571e-01 9.999999999998224753e-01 9.999999999998293587e-01 9.999999999998183675e-01 9.999999999998427924e-01 9.999999999998819833e-01 9.999999999998505640e-01 9.999999999998168132e-01 9.999999999998452349e-01 9.999999999998292477e-01 9.999999999998661071e-01 9.999999999998642197e-01 9.999999999999013012e-01 9.999999999998995248e-01 9.999999999998459010e-01 9.999999999998598899e-01 9.999999999998976374e-01 9.999999999998734346e-01 9.999999999998742117e-01 9.999999999998578915e-01 9.999999999998736566e-01 9.999999999998904210e-01 9.999999999998810951e-01 9.999999999998862021e-01
-1.000000000000000000e+00 -1.000000000000000000e+00 -1.000000000000000000e+00 -1.000000000000000000e+00 -1.000000000000000000e+00 -1.000000000000000000e+00 -1.000000000000000000e+00 -1.000000000000000000e+00 -1.000000000000000000e+00 -1.000000000000000000e+00 -1.000000000000000000e+00 -1.000000000000000000e+00 -1.000000000000000000e+00 -1.000000000000000000e+00 -1.000000000000000000e+00 -1.000000000000000000e+00 -1.000000000000000000e+00 -1.000000000000000000e+00 -1.000000000000000000e+00 -1.000000000000000000e+00 9.999999999998102629e-01 9.999999999998441247e-01 9.999999999998449018e-01 9.999999999998503419e-01 9.999999999998282485e-01 9.999999999998187006e-01 9.999999999998040456e-01 9.999999999998260281e-01 9.999999999998293587e-01 9.999999999998461231e-01 9.999999999998361311e-01 9.999999999998439026e-01 9.999999999998459010e-01 9.999999999998198108e-01 9.999999999998223643e-01 9.999999999998424594e-01 9.999999999998286926e-01 9.999999999998243627e-01 9.999999999998328004e-01 9.999999999998281375e-01 9.999999999998369082e-01 9.999999999997791766e-01 9.999999999998492317e-01 9.999999999998486766e-01 9.999999999998746558e-01 9.999999999998797628e-01 9.999999999998820943e-01 9.999999999998556710e-01 9.999999999998463451e-01 9.999999999998419042e-01 9.999999999998540057e-01 9.999999999998472333e-01 9.999999999998604450e-01 9.999999999998847589e-01 9.999999999998802069e-01 9.999999999998759881e-01 9.999999999998746558e-01 9.999999999998665512e-01 9.999999999998832045e-01 9.999999999998750999e-01 9.999999999998581135e-01 9.999999999998405720e-01 9.999999999998474554e-01 9.999999999998517852e-01 9.999999999998404610e-01 9.999999999998206990e-01 9.999999999998465672e-01 9.999999999998429034e-01 9.999999999998453459e-01 9.999999999998677724e-01
-1.000000000000000000e+00 -1.000000000000000000e+00 -1.000000000000000000e+00 -1.000000000000000000e+00 -1.000000000000000000e+00 -1.000000000000000000e+00 -1.000000000000000000e+00 -1.000000000000000000e+00 -1.000000000000000000e+00 -1.000000000000000000e+00 -1.000000000000000000e+00 -1.000000000000000000e+00 -1.000000000000000000e+00 -1.000000000000000000e+00 -1.000000000000000000e+00 -1.000000000000000000e+00 -1.000000000000000000e+00 -1.000000000000000000e+00 -1.000000000000000000e+00 -1.000000000000000000e+00 -1.000000000000000000e+00 9.999999999998230304e-01 9.999999999998373523e-01 9.999999999998480105e-01 9.999999999998301359e-01 9.999999999998173683e-01 9.999999999998232525e-01 9.999999999998336886e-01 9.999999999998284705e-01 9.999999999998515632e-01 9.999999999998309130e-01 9.999999999998389066e-01 9.999999999998369082e-01 9.999999999998276934e-01 9.999999999998362421e-01 9.999999999998434586e-01 9.999999999998531175e-01 9.999999999998375744e-01 9.999999999998390177e-01 9.999999999998276934e-01 9.999999999998308020e-01 9.999999999998382405e-01 9.999999999998187006e-01 9.999999999998538946e-01 9.999999999998183675e-01 9.999999999998560041e-01 9.999999999998698819e-01 9.999999999998674394e-01 9.999999999998703260e-01 9.999999999998562261e-01 9.999999999998687716e-01 9.999999999998622213e-01 9.999999999998597788e-01 9.999999999998633315e-01 9.999999999998842037e-01 9.999999999998716582e-01 9.999999999998425704e-01 9.999999999998387956e-01 9.999999999998394618e-01 9.999999999998427924e-01 9.999999999998563371e-01 9.999999999998079314e-01 9.999999999998109290e-01 9.999999999998087086e-01 9.999999999997946087e-01 9.999999999998014921e-01 9.999999999998179234e-01 9.999999999997982725e-01 9.999999999998219202e-01 9.999999999998541167e-01
-1.000000000000000000e+00 -1.000000000000000000e+00 -1.000000000000000000e+00 -1.000000000000000000e+00 -1.000000000000000000e+00 -1.000000000000000000e+00 -1.000000000000000000e+00 -1.000000000000000000e+00 -1.000000000000000000e+00 -1.000000000000000000e+00 -1.000000000000000000e+00 -1.000000000000000000e+00 -1.000000000000000000e+00 -1.000000000000000000e+00 -1.000000000000000000e+00 -1.000000000000000000e+00 -1.000000000000000000e+00 -1.000000000000000000e+00 -1.000000000000000000e+00 -1.000000000000000000e+00 -1.000000000000000000e+00 -1.000000000000000000e+00 9.999999999998242517e-01 9.999999999998130384e-01 9.999999999998245848e-01 9.999999999998374633e-01 9.999999999998242517e-01 9.999999999998356870e-01 9.999999999998564482e-01 9.999999999998465672e-01 9.999999999998053779e-01 9.999999999998342437e-01 9.999999999998331335e-01 9.999999999998104849e-01 9.999999999998395728e-01 9.999999999998511191e-01 9.999999999998403499e-01 9.999999999998513411e-01 9.999999999998449018e-01 9.999999999998518962e-01 9.999999999998541167e-01 9.999999999998192557e-01 9.999999999997869482e-01 9.999999999998196998e-01 9.999999999998320233e-01 9.999999999998443467e-01 9.999999999998604450e-01 9.999999999998395728e-01 9.999999999998436806e-01 9.999999999998400169e-01 9.999999999998442357e-01 9.999999999998341327e-01 9.999999999998340217e-01 9.999999999998311351e-01 9.999999999998334665e-01 9.999999999998443467e-01 9.999999999998211431e-01 9.999999999998268052e-01 9.999999999998179234e-01 9.999999999998070432e-01 9.999999999998028244e-01 9.999999999998129274e-01 9.999999999998039346e-01 9.999999999998170352e-01 9.999999999998042677e-01 9.999999999998203659e-01 9.999999999998158140e-01 9.999999999997979394e-01 9.999999999998172573e-01 9.999999999998383515e-01
-1.000000000000000000e+00 -1.000000000000000000e+00 -1.000000000000000000e+00 -1.000000000000000000e+00 -1.000000000000000000e+00 -1.000000000000000000e+00 -1.000000000000000000e+00 -1.000000000000000000e+00 -1.000000000000000000e+00 -1.000000000000000000e+00 -1.000000000000000000e+00 -1.000000000000000000e+00 -1.000000000000000000e+00 -1.000000000000000000e+00 -1.000000000000000000e+00 -1.000000000000000000e+00 -1.000000000000000000e+00 -1.000000000000000000e+00 -1.000000000000000000e+00 -1.000000000000000000e+00 -1.000000000000000000e+00 -1.000000000000000000e+00 -1.000000000000000000e+00 9.999999999998346878e-01 9.999999999998415712e-01 9.999999999998303579e-01 9.999999999998490097e-01 9.999999999998278044e-01 9.999999999998352429e-01 9.999999999998488986e-01 9.999999999998336886e-01 9.999999999998329114e-01 9.999999999998335776e-01 9.999999999998134825e-01 9.999999999998190336e-01 9.999999999998193667e-01 9.999999999998336886e-01 9.999999999998531175e-01 9.999999999998446798e-01 9.999999999998235856e-01 9.999999999998342437e-01 9.999999999998658851e-01 9.999999999998104849e-01 9.999999999998130384e-01 9.999999999997910560e-01 9.999999999998068212e-01 9.999999999997793987e-01 9.999999999998004929e-01 9.999999999997890576e-01 9.999999999998009370e-01 9.999999999998113731e-01 9.999999999998181455e-01 9.999999999998140376e-01 9.999999999998107070e-01 9.999999999998039346e-01 9.999999999998006039e-01 9.999999999998082645e-01 9.999999999998044897e-01 9.999999999998121503e-01 9.999999999998038236e-01 9.999999999998193667e-01 9.999999999998384625e-01 9.999999999998689937e-01 9.999999999998552269e-01 9.999999999998473443e-01 9.999999999998518962e-01 9.999999999998430145e-01 9.999999999998187006e-01 9.999999999998078204e-01 9.999999999998322453e-01
-1.000000000000000000e+00 -1.000000000000000000e+00 -1.000000000000000000e+00 -1.000000000000000000e+00 -1.000000000000000000e+00 -1.000000000000000000e+00 -1.000000000000000000e+00 -1.000000000000000000e+00 -1.000000000000000000e+00 -1.000000000000000000e+00 -1.000000000000000000e+00 -1.000000000000000000e+00 -1.000000000000000000e+00 -1.000000000000000000e+00 -1.000000000000000000e+00 -1.000000000000000000e+00 -1.000000000000000000e+00 -1.000000000000000000e+00 -1.000000000000000000e+00 -1.000000000000000000e+00 -1.000000000000000000e+00 -1.000000000000000000e+00 -1.000000000000000000e+00 -1.000000000000000000e+00 -1.000000000000000000e+00 9.999999999998303579e-01 9.999999999998249178e-01 9.999999999998309130e-01 9.999999999998393507e-01 9.999999999998252509e-01 9.999999999998473443e-01 9.999999999998333555e-01 9.999999999998303579e-01 9.999999999998345768e-01 9.999999999998060440e-01 9.999999999998384625e-01 9.999999999998362421e-01 9.999999999998564482e-01 9.999999999998429034e-01 9.999999999998105960e-01 9.999999999998923084e-01 9.999999999998513411e-01 9.999999999998573363e-01 9.999999999998385736e-01 9.999999999998270273e-01 9.999999999998122613e-01 9.999999999998061551e-01 9.999999999998029354e-01 9.999999999998060440e-01 9.999999999998435696e-01 9.999999999998167022e-01 9.999999999998326894e-01 9.999999999998269162e-01 9.999999999998380185e-01 9.999999999998243627e-01 9.999999999998259170e-01 9.999999999998561151e-01 9.999999999998334665e-01 9.999999999998534506e-01 9.999999999998558931e-01 9.999999999998592237e-01 9.999999999998625544e-01 9.999999999998434586e-01 9.999999999998576694e-01 9.999999999998605560e-01 9.999999999998692157e-01 9.999999999998498978e-01 9.999999999998029354e-01 9.999999999998027134e-01 9.999999999998555600e-01
-1.000000000000000000e+00 -1.000000000000000000e+00 -1.000000000000000000e+00 -1.000000000000000000e+00 -1.000000000000000000e+00 -1.000000000000000000e+00 -1.000000000000000000e+00 -1.000000000000000000e+00 -1.000000000000000000e+00 -1.000000000000000000e+00 -1.000000000000000000e+00 -1.000000000000000000e+00 -1.000000000000000000e+00 -1.000000000000000000e+00 -1.000000000000000000e+00 -1.000000000000000000e+00 -1.000000000000000000e+00 -1.000000000000000000e+00 -1.000000000000000000e+00 -1.000000000000000000e+00 -1.000000000000000000e+00 -1.000000000000000000e+00 -1.000000000000000000e+00 -1.000000000000000000e+00 -1.000000000000000000e+00 -1.000000000000000000e+00 9.999999999998288036e-01 9.999999999998268052e-01 9.999999999998294697e-01 9.999999999998325784e-01 9.999999999998109290e-01 9.999999999998276934e-01 9.999999999998377964e-01 9.999999999998385736e-01 9.999999999998132605e-01 9.999999999998052669e-01 9.999999999998482325e-01 9.999999999998431255e-01 9.999999999998423483e-01 9.999999999998161471e-01 9.999999999998157030e-01 9.999999999998481215e-01 9.999999999998613331e-01 9.999999999998686606e-01 9.999999999998597788e-01 9.999999999998401279e-01 9.999999999998527844e-01 9.999999999998339106e-01 9.999999999998392397e-01 9.999999999998486766e-01 9.999999999998705480e-01 9.999999999998527844e-01 9.999999999998643307e-01 9.999999999998614442e-01 9.999999999998436806e-01 9.999999999998411271e-01 9.999999999998585576e-01 9.999999999998375744e-01 9.999999999998482325e-01 9.999999999998598899e-01 9.999999999998495648e-01 9.999999999998462341e-01 9.999999999998377964e-01 9.999999999998497868e-01 9.999999999998567812e-01 9.999999999998407940e-01 9.999999999998139266e-01 9.999999999998294697e-01 9.999999999998590017e-01 9.999999999998596678e-01
