0.000000000000000000e+00 0.000000000000000000e+00 1.422480562391693700e-292 4.541007637579932057e-241 3.184105435017554035e-205 5.706842933196262270e-178 3.593703835835551446e-156 3.752833833447585757e-138 6.467799746815916361e-123 8.172272466490653115e-110 2.087770727464605413e-98 2.415978316439500992e-88 1.567786083533634409e-78 2.016814220151481378e-69 3.536294282290243291e-61 8.866173034021731732e-54 3.661077699444848224e-47 2.925020222157558602e-41 5.278111019843102130e-36 2.481132113719390424e-31 3.451558302641081245e-27 1.591629765647008665e-23 2.690702547186439947e-20 1.823554783114109636e-17 5.362838902402769728e-15 7.343063437062166173e-13 4.985214106365435546e-11 1.775765158020971117e-09 3.495755590347820528e-08 3.998483742056638363e-07 1.673298180224727685e-06 3.666995155077972878e-06 5.856698841624865210e-06 7.619200561723105737e-06 8.532118982457825171e-06 8.468303681662623709e-06 7.555517714978008389e-06 4.980021676305458748e-06 1.876284322919779338e-06 4.045576143983841504e-07 4.265281602394882997e-08 1.743813054078050815e-09 2.450803849490552364e-11 6.788343967603736486e-13 2.796530608397221674e-14 1.438449437645828074e-15 8.715278232923118821e-17 6.023787500544990607e-18 4.649371168929117273e-19 3.950831522688511557e-20 3.664374384856455255e-21 3.675749417463734043e-22 3.970456123381050661e-23 4.573566034410702827e-24 5.590937534355388152e-25 7.247066443629420156e-26 9.907195155663773751e-27 1.423842741911803807e-27 2.146292438610146196e-28 3.377081079750459630e-29 5.548376828656695809e-30 9.504570932302170950e-31 1.686663885314344864e-31 3.107804465428453320e-32 5.926542462574298030e-33 1.169557537064707200e-33 2.376376944442052691e-34 4.970105318970376234e-35 1.075293868077807315e-35 2.380479030160269545e-36
0.000000000000000000e+00 0.000000000000000000e+00 1.131988042190075219e-291 3.367245961986869675e-240 2.216397441617839749e-204 3.751098552491932722e-177 2.231109678208362926e-155 2.198457838261103988e-137 3.574772189879876905e-122 4.260854658171696517e-109 1.026740063670515339e-97 1.120383643952010033e-87 6.822025030910647301e-78 8.213759964916039637e-69 1.343860799614503024e-60 3.145070903940915599e-53 1.211805273296697084e-46 9.024404439673848491e-41 1.518482299328259917e-35 6.654247006422415062e-31 8.634711380138908590e-27 3.714499590016885727e-23 5.860060166249970201e-20 3.708607401490150142e-17 1.019092798994845788e-14 1.305403825407278266e-12 8.297711070515994946e-11 2.770039775208460279e-09 5.118112756567270717e-08 5.505724447853220022e-07 2.209065458264605902e-06 4.719252780300300380e-06 7.413156381569271022e-06 9.547302677249895389e-06 1.063562445094730284e-05 1.054167044715884267e-05 9.425858734552586778e-06 6.286707970247639604e-06 2.435490503435258657e-06 5.468162855292538125e-07 6.068821574971870134e-08 2.639312859002850295e-09 3.972997908098334935e-11 1.156299868369939140e-12 4.951932580040793726e-14 2.631502355195954068e-15 1.639516221076163806e-16 1.161185052974908268e-17 9.176604001156545322e-19 7.969593175322504862e-20 7.541328547024017141e-21 7.698853911298334950e-22 8.440999658193303924e-23 9.879769716420791720e-24 1.225859814488777156e-24 1.611665190557350488e-25 2.233103865597238282e-26 3.237781771271543769e-27 4.950404700233014191e-28 7.872749199278353509e-29 1.306943744714875846e-29 2.251998843172287060e-30 4.047594452144830970e-31 7.521699171321467767e-32 1.443918758953912734e-32 2.873249907849213186e-33 5.896511934305146621e-34 1.247847416593911989e-34 2.704274196022988890e-35 6.067504315930148724e-36
0.000000000000000000e+00 0.000000000000000000e+00 9.391844544083228482e-291 2.588646191827376003e-239 1.610203380577747198e-203 2.564507522797293140e-176 1.435510219163108907e-154 1.331055098955078712e-136 2.037383150977977306e-121 2.287229758466426307e-108 5.191740274773595238e-97 5.332997903270991815e-87 3.037483737760440247e-77 3.415904830855781561e-68 5.217690711830147666e-60 1.137118609778732196e-52 4.078231681451954692e-46 2.826799140937175578e-40 4.425098457034273562e-35 1.805292106207609267e-30 2.179820214004888975e-26 8.733545354229385371e-23 1.283915094752782620e-19 7.575576673297045816e-17 1.942552768416638421e-14 2.324405534971269323e-12 1.381492729736503647e-10 4.316913465569490860e-09 7.476862484743831732e-08 7.557518930651477514e-07 2.906669812658180414e-06 6.052533817399342395e-06 9.351553293280944992e-06 1.192440664321888875e-05 1.321499442036157061e-05 1.308142618997106128e-05 1.172279394577622118e-05 7.909727007480310963e-06 3.151544483155306375e-06 7.368374681587424969e-07 8.619397216804191525e-08 3.991635273415403420e-09 6.446064299206070027e-11 1.970651107159654641e-12 8.776966303463804169e-14 4.825308380642269846e-15 3.096194687328244640e-16 2.252467999208231611e-17 1.821585463153828360e-18 1.616718309164443845e-19 1.557877258440012476e-20 1.620815832664025539e-21 1.808888566196892328e-22 2.147102516629113268e-23 2.705661947484679440e-24 3.606264786068761179e-25 5.060600798911467555e-26 7.444135727997365791e-27 1.149449663684336375e-27 1.850110126621328959e-28 3.102763691795572449e-29 5.412136444676331485e-30 9.791839997572403711e-31 1.836755600068542306e-31 3.571493497497183836e-32 7.153212278660415337e-33 1.475764924008668476e-33 3.142193531125302199e-34 6.891600417219112905e-35 1.548859328523760976e-35
0.000000000000000000e+00 0.000000000000000000e+00 8.130209484964391483e-290 2.090992756398203953e-238 1.214303193136559912e-202 1.818235709783866190e-175 9.569838466310930595e-154 8.338554199629539490e-136 1.199903067512500215e-120 1.265151856160080107e-107 2.699737214630140408e-96 2.604627274310350810e-86 1.388567803310217968e-76 1.455080766050689018e-67 2.065937809365700608e-59 4.187277942620169253e-52 1.394935800146604279e-45 8.986204291921623357e-40 1.306909197959944020e-34 4.951621482966841530e-30 5.554827727023178728e-26 2.069159332107115724e-22 2.829971811322448927e-19 1.554467627636584981e-16 3.714412169417220434e-14 4.145340757323756385e-12 2.300303088176445412e-10 6.719350436516593403e-09 1.089673111058848115e-07 1.034002229775265441e-06 3.811158359027118466e-06 7.734432774234532092e-06 1.175757762725614375e-05 1.484434167833039463e-05 1.636677822771574501e-05 1.618198421304161520e-05 1.453279601417315995e-05 9.919352694244243623e-06 4.064198188259862695e-06 9.900416511042780641e-07 1.221269547833808408e-07 6.029196001271396651e-09 1.045485663991294730e-10 3.365262007875642031e-12 1.561167650650723063e-13 8.875197532322139065e-15 5.869406489454548927e-16 4.382430717676918420e-17 3.629889763833820972e-18 3.290513806472630095e-19 3.239885126147294195e-20 3.430639706243004189e-21 3.895509959812671113e-22 4.704099207501370506e-23 6.025723349266091848e-24 8.129767791354313316e-25 1.154359526480244697e-25 1.724704962054789450e-26 2.684466247517661454e-27 4.378274223635578547e-28 7.420009238261401904e-29 1.308526355033800881e-29 2.392139903223633798e-30 4.536090718813319115e-31 8.876929369210237133e-32 1.794874214830172841e-32 3.736096631226293811e-33 8.035125064231629162e-34 1.764573201910368492e-34 4.020380593821756153e-35
0.000000000000000000e+00 0.000000000000000000e+00 7.352116267922686819e-289 1.753998820241146612e-237 9.544274204864244404e-202 1.340315257076505512e-174 6.622667900043457470e-153 5.412215349873997856e-135 7.310381871236367624e-120 7.219853178520391092e-107 1.444663718761238429e-95 1.308578334788502136e-85 6.502435558973390354e-76 6.337744984668752658e-67 8.364405689475309582e-59 1.571977404943039150e-51 4.858342496257771428e-45 2.900418931424733257e-39 3.910413844572737141e-34 1.373727528178176292e-29 1.429757375008214922e-25 4.941108012474316636e-22 6.275888255105804578e-19 3.204098033754810867e-16 7.123116061089814721e-14 7.403432284010386112e-12 3.829895033574948118e-10 1.044393095164936116e-08 1.583936951882302961e-07 1.409910460171855234e-06 4.978545594496129081e-06 9.849196599262922966e-06 1.473312959236509259e-05 1.841895534029577920e-05 2.020659849424343859e-05 1.995479775579330178e-05 1.796021440039312085e-05 1.240000061304269244e-05 5.223654336850326223e-06 1.326349090789827197e-06 1.726377274140287809e-07 9.099782976802091030e-09 1.696973613600753020e-10 5.752362896807011745e-12 2.778736804187092439e-13 1.637686513394437700e-14 1.117136833861617925e-15 8.565979247177465144e-17 7.268533206056511575e-18 6.740409055098289607e-19 6.779231278826246631e-20 7.314264399915359723e-21 8.442684299632858946e-22 1.035789116466400268e-22 1.346966472742513393e-23 1.843171988604748610e-24 2.656040684701635786e-25 4.021336559360621244e-26 6.343474263126094023e-27 1.045917972738793126e-27 1.794341564585195519e-28 3.192108543655908769e-29 5.905194394918254082e-30 1.126564281648899709e-30 2.231474067493874835e-31 4.542420505020468478e-32 9.548762576694259699e-33 2.067734557938826722e-33 4.597015803075617975e-34 1.050661713224484895e-34
0.000000000000000000e+00 0.000000000000000000e+00 6.953255244021592550e-288 1.545589064556702168e-236 7.853132575605864336e-201 1.029634405821378378e-173 4.765052243302684175e-152 3.644695255732048228e-134 4.609115936384974956e-119 4.263585118973081071e-106 7.985442154484618802e-95 6.762755846715989717e-85 3.130429857454802148e-75 2.831213208221434557e-66 3.461088772135063941e-58 6.022628915085264416e-51 1.722231609463637268e-44 9.508495380051990096e-39 1.186316565198376262e-33 3.856581866400593293e-29 3.715718674080671076e-25 1.189512187678387900e-21 1.400454832603769640e-18 6.634321671021389084e-16 1.369873804999129667e-13 1.323885487691721227e-11 6.375142042791669178e-10 1.620713572151488771e-08 2.295955949254744943e-07 1.915353676360892366e-06 6.479495771218158819e-06 1.249782257502440413e-05 1.840031763087386995e-05 2.278208293668326748e-05 2.486975907106929806e-05 2.453147091806814068e-05 2.212700688663306212e-05 1.545092902077765118e-05 6.691819620960757763e-06 1.770783463866471394e-06 2.434787667360292572e-07 1.370776529203456571e-08 2.753916716561995431e-10 9.845411085267838144e-12 4.963328880489008959e-13 3.030808023841318813e-14 2.129393665938621619e-15 1.681134117813661167e-16 1.462845960678670419e-17 1.388560727931422013e-18 1.423242739890402220e-19 1.567576967782081325e-20 1.842250572378020284e-21 2.297342130332381163e-22 3.033911826766455785e-23 4.222181553599152292e-24 6.171079263733548295e-25 9.438484635241330523e-26 1.510972731288152127e-26 2.519290136009515710e-27 4.376908015899883352e-28 7.881448432387622318e-29 1.466724730971696245e-29 2.837389697261032745e-30 5.662844231843333336e-31 1.162091249028975624e-31 2.464683400610338058e-32 5.393743730945646186e-33 1.205432951084556650e-33 2.786738106527798387e-34
0.000000000000000000e+00 0.000000000000000000e+00 6.959490931382158528e-287 1.422518368478967113e-235 6.750928681385034120e-200 8.258973433627556644e-173 3.570135554307412301e-151 2.548837111244671066e-133 3.010521859919135340e-118 2.600922737920207377e-105 4.547799327091634789e-94 3.601905805995577672e-84 1.547849803917053538e-74 1.296542062064667882e-65 1.464854871776177071e-57 2.354886247787855790e-50 6.216927740364751095e-44 3.168998960245794587e-38 3.650070286387532860e-33 1.095782418772942275e-28 9.752975259070701303e-25 2.886759237370325136e-21 3.144608897094225863e-18 1.379853048780107046e-15 2.642000016313982037e-13 2.369864908534782516e-11 1.060792714320378494e-09 2.510512657990868236e-08 3.317981237906858411e-07 2.592301553983408813e-06 8.400471248099737463e-06 1.580227037364163962e-05 2.290300747908220080e-05 2.809092152123680784e-05 3.051789521863083952e-05 3.006637007731528897e-05 2.717671790013919918e-05 1.919194073865832520e-05 8.542708407295413825e-06 2.356361056077385543e-06 3.422962616670721987e-07 2.062696020542709616e-08 4.468843435034286270e-10 1.686998711907197828e-11 8.872031689651699607e-13 5.617049012381771654e-14 4.078070190364887203e-15 3.310101485769537970e-16 2.954905960591146665e-17 2.871672852703034727e-18 3.008328913765980805e-19 3.382636068737547811e-20 4.042056630823115933e-21 5.138120746505644593e-22 6.884683889574377173e-23 9.732011543136776130e-24 1.444212688152989093e-24 2.240687794810244590e-25 3.625013750963342235e-26 6.114971270045438897e-27 1.073888163371586812e-27 1.954505632834782371e-28 3.690840725603440191e-29 7.190758302800993511e-30 1.448325768605720830e-30 3.010170311115511792e-31 6.427187204919691375e-32 1.414311418189607833e-32 3.199774423917260590e-33 7.430201101049298567e-34
0.000000000000000000e+00 0.000000000000000000e+00 7.323924353132208888e-286 1.383026655665048836e-234 6.079683675665267886e-199 6.933707971546975276e-172 2.790018546300966844e-150 1.857697933050168564e-132 2.044049893161311839e-117 1.645460965196523134e-104 2.682155613094265737e-93 1.976795151232460639e-83 7.872211184122908044e-74 6.092537568234425882e-65 6.347782377693279326e-57 9.406096325484394816e-50 2.287404592213724436e-43 1.073770789004399398e-37 1.139309371641839909e-32 3.151771791013116482e-28 2.586343437509281920e-24 7.062910186437630428e-21 7.105115176498857281e-18 2.882147083936581023e-15 5.108493567002555728e-13 4.246129644277750964e-11 1.764023766609584279e-09 3.880384371160465518e-08 4.778884453703254750e-07 3.494814970490669955e-06 1.085039600465158414e-05 1.991146384734559675e-05 2.841684537443188181e-05 3.453416441425994883e-05 3.733957463252462447e-05 3.674397973037234807e-05 3.327733605100397288e-05 2.375715205992460507e-05 1.086442927463678900e-05 3.124745849240977593e-06 4.800668319733286590e-07 3.097358586167424263e-08 7.250923583209929213e-10 2.893847366290110149e-11 1.590255598350838760e-12 1.045206819166794977e-13 7.841228501664404302e-15 6.545075645445942520e-16 5.999779889087324281e-17 5.969531640700966553e-18 6.399933333493985839e-19 7.337679787664460877e-20 8.950946383617427578e-21 1.156125048085021034e-21 1.576573159359184240e-22 2.262564667141794741e-23 3.403168445321235162e-24 5.351096782157826103e-25 8.789797454014454520e-26 1.501436669884841709e-26 2.667705426197715788e-27 4.912647208780081041e-28 9.343942428712207239e-29 1.845141168157429510e-29 3.753788564961845369e-30 7.859715311552160011e-31 1.695038060321168097e-31 3.769424401269076420e-32 8.580233653113045159e-33 2.009328353791144528e-33
0.000000000000000000e+00 0.000000000000000000e+00 8.089742547348403827e-285 1.411077458356327733e-233 5.753590751986157307e-198 6.102896184249155189e-171 2.280564692493065873e-149 1.411666353284152000e-131 1.442697869067760104e-116 1.078501309803313532e-103 1.635403376749660197e-92 1.120735737524738345e-82 4.126612014863120168e-73 2.941044404886606583e-64 2.819141857088748319e-56 3.839778473488151029e-49 8.580634837357313210e-43 3.701852897780780922e-37 3.609009061621461304e-32 9.179491705397802253e-28 6.930469525549998803e-24 1.742227567657260430e-20 1.615197884265785395e-17 6.046170777703519457e-15 9.901636058328020425e-13 7.614962449972540490e-11 2.930501546656079609e-09 5.983728867449438157e-08 6.858669077938310097e-07 4.691855774867924806e-06 1.396021960911814422e-05 2.500360565612428341e-05 3.515031961851343260e-05 4.233416989208529534e-05 4.556224898074540591e-05 4.478368131769654338e-05 4.063746019189984316e-05 2.932138688073045413e-05 1.377259660463534335e-05 4.128080851351843524e-06 6.708984922103063575e-07 4.643476972841126475e-08 1.176339372462955481e-09 4.965875743857472094e-11 2.855029781595440275e-12 1.949258582272210561e-13 1.511685342128323498e-14 1.301069143900377019e-15 1.224959785868821552e-16 1.249007064642692298e-17 1.368273451782139525e-18 1.601399584254824882e-19 1.992328963257923087e-20 2.621326117523512603e-21 3.634373422858329968e-22 5.290469260972612280e-23 8.088473990305641320e-24 1.289829391089821056e-24 2.146392327450742861e-25 3.712538156361546844e-26 6.676994998424186019e-27 1.244615370582967829e-27 2.398874472069981798e-28 4.764609626199693974e-29 9.815015508415547551e-30 2.077780592694892766e-30 4.525702533043433591e-31 1.012783835238281730e-31 2.327962178913252440e-32 5.496677583707897925e-33
0.000000000000000000e+00 0.000000000000000000e+00 9.554226736732562804e-284 1.519960987397212857e-232 5.738166287014511895e-197 5.643276446586670646e-170 1.954489887013418936e-148 1.118716408023240871e-130 1.061039050270864401e-115 7.357232573870290772e-103 1.033032571736428814e-91 6.570590347743119425e-82 2.229673283104860894e-72 1.460134890356642255e-63 1.284440484964014369e-55 1.603650713407867944e-48 3.283780182726870106e-42 1.298879948338728349e-36 1.160557547924356790e-31 2.707437090081533482e-27 1.876601764620967324e-23 4.333863293011127644e-20 3.695931887574823695e-17 1.274162825405804234e-14 1.924032085161906371e-12 1.366362548734810669e-10 4.863936407407679644e-09 9.203046807303187009e-08 9.806055587826057396e-07 6.273199998964804114e-06 1.789573177979174182e-05 3.129386187662985933e-05 4.335775695685751782e-05 5.175995510294909187e-05 5.545287622792991855e-05 5.444245065525184950e-05 4.949443310570583097e-05 3.608419257067850132e-05 1.739562478135834147e-05 5.433010637403242585e-06 9.346795870108607490e-07 6.944378402055966706e-08 1.906627493575282072e-09 8.530355396973491082e-11 5.132403161185805523e-12 3.642731686593278816e-13 2.923495907463841124e-14 2.595355110741185431e-15 2.510512916757569783e-16 2.624305067027337893e-17 2.944107684333728799e-18 3.518141181670678929e-19 4.468148856863280734e-20 5.979419514200525631e-21 8.443185830326886039e-22 1.250617989385755330e-22 1.941553725736323037e-23 3.138370522884756238e-24 5.287666299633796364e-25 9.276863612094767950e-26 1.691420074352894248e-26 3.183440083813968028e-27 6.191191495526933939e-28 1.248893321831793762e-28 2.594141199348836493e-29 5.539817207893199594e-30 1.217525643715535952e-30 2.757448588042187773e-31 6.409827181651347463e-32 1.519336268495093307e-32
0.000000000000000000e+00 0.000000000000000000e+00 1.188504718730121696e-282 1.739800528863826354e-231 6.045539469701537910e-196 5.491487839416576766e-169 1.755116860956251659e-147 9.300377833423227779e-130 8.135136977305937823e-115 5.219107203508235629e-102 6.776327514191260445e-91 3.986862878282616438e-81 1.243573099618260859e-71 7.463046732815283418e-63 6.006669643443636272e-55 6.853175111016296472e-48 1.283097969180753496e-41 4.639263497822286628e-36 3.791535379683950828e-31 8.093357898653068544e-27 5.135621521020744894e-23 1.087344354864488508e-19 8.508352846293435448e-17 2.695785028272930882e-14 3.746889619933000334e-12 2.452805843172913671e-10 8.060156189583861351e-09 1.411295154971104893e-07 1.396367875349214873e-06 8.351896599164563759e-06 2.285430213188403058e-05 3.904860968373080442e-05 5.333741416364898828e-05 6.313520491984888250e-05 6.733584844327611711e-05 6.603467687943546168e-05 6.013565021197542026e-05 4.427733598710403406e-05 2.189684574980536229e-05 7.123228325046056555e-06 1.297332098976635577e-06 1.036422221220120592e-07 3.088943833726116326e-09 1.466213855449592003e-10 9.246158497822848709e-12 6.831116965635230546e-13 5.674373019304265420e-14 5.193729754765979022e-15 5.172039158635761777e-16 5.546461442775106750e-17 6.366397713245103254e-18 7.776651758569846158e-19 1.007328966955988904e-19 1.374845145303175038e-20 1.973454136483065513e-21 2.975488868915880798e-22 4.684790403446271807e-23 7.695849165190353986e-24 1.318261784545447046e-24 2.339394948083097880e-25 4.309707108668353051e-26 8.219905162755340859e-27 1.621582409625986654e-27 3.297777171133612946e-28 6.932017159318262181e-29 1.498202680751385803e-29 3.328157099978763609e-30 7.590598656194932824e-31 1.777733675381998206e-31 4.265008940708430076e-32
0.000000000000000000e+00 0.000000000000000000e+00 1.585666920449430510e-281 2.112157087255756698e-230 6.747381407821961669e-195 5.632483853411168721e-168 1.660235387762199282e-146 8.096261360744381640e-129 6.532078425108073426e-114 3.859457948364520862e-101 4.621084348211548423e-90 2.507219528875643132e-80 7.167375846383454963e-71 3.930636729428338112e-62 2.885951271838224034e-54 3.002720872804570612e-47 5.124008825001481349e-41 1.688514195497376652e-35 1.258554872453690226e-30 2.451404638014878841e-26 1.421023494052285762e-22 2.751298716037933136e-19 1.971682525907811527e-16 5.728254360257289142e-14 7.312574086186224079e-12 4.403437681630585004e-10 1.333700456573842095e-08 2.157108306666231985e-07 1.979957230889820141e-06 1.107215068430345960e-05 2.908727836469555299e-05 4.858987796440497207e-05 6.546076045899698874e-05 7.684687129016205104e-05 8.160637208430220285e-05 7.993088642765363910e-05 7.290322381415043009e-05 5.419516197441848199e-05 2.747416715669098340e-05 9.304277747737294606e-06 1.794505338273794741e-06 1.542184625064479011e-07 4.999022177037501194e-09 2.520594475062397086e-10 1.668143533769675205e-11 1.283588692459130976e-12 1.105235985547507564e-13 1.044182142997948594e-14 1.069877036029884816e-15 1.177831928573981219e-16 1.386006476793904730e-17 1.730076649823786752e-18 2.287708439587003833e-19 3.186608262323610626e-20 4.658985641050756848e-21 7.130702754696969404e-22 1.142672625727139407e-22 1.907908961847867110e-23 3.304317660633579219e-24 5.968201926620572297e-25 1.112867537174755651e-25 2.149256851747419215e-26 4.285441159280746550e-27 8.834574988582596784e-28 1.869404097126482308e-28 4.088537583154611466e-29 9.176403197289963801e-30 2.113007335239365090e-30 4.994747887981501199e-31 1.212172969741662237e-31
0.000000000000000000e+00 0.000000000000000000e+00 2.246247850124970050e-280 2.730833098218624287e-229 7.994238877726056529e-194 6.119712159530162276e-167 1.653925619910682642e-145 7.407501238106954884e-128 5.493300989225939732e-113 2.981094025247287954e-100 3.280851321630962560e-89 1.636601066111648930e-79 4.278490590168606454e-70 2.135334700316787729e-61 1.425677973375061301e-53 1.348573919269786713e-46 2.090521796897498536e-40 6.264079539158566762e-35 4.246560717405912261e-30 7.529253736421879893e-26 3.975500744729088115e-22 7.020229400138492112e-19 4.596800612690393510e-16 1.222184428972238612e-13 1.429829325968693799e-11 7.903821677184228336e-10 2.202237326780834589e-08 3.285603518910130962e-07 2.794958044272923525e-06 1.461688551722314708e-05 3.689705370423883291e-05 6.030986444654712147e-05 8.018185605690530493e-05 9.337793896578142668e-05 9.874697633606325869e-05 9.659838197343923285e-05 8.823848885729037336e-05 6.620054572132669907e-05 3.436875645946231063e-05 1.210645237394339477e-05 2.472139098521310415e-06 2.288619791976293614e-07 8.079762714566997027e-09 4.333779394831992477e-10 3.012827345956626663e-11 2.417394943621037260e-12 2.159299620040939120e-13 2.107575155929894392e-14 2.223439600277164473e-15 2.515660667584234979e-16 3.032788944654235846e-17 3.875258575269004515e-18 5.235094149713825359e-19 7.431763724313677797e-20 1.107757528854008926e-20 1.727646496801689647e-21 2.810606235404593761e-22 4.770037508413735393e-23 8.387751205076961858e-24 1.533897843345014577e-24 2.896588312240141098e-25 5.667844333454609369e-26 1.147245405283940442e-26 2.390289399901514857e-27 5.122101058567457950e-28 1.129810432731950469e-28 2.557882764105513781e-29 5.964769527230621028e-30 1.424406006619011233e-30 3.479986015996520428e-31
0.000000000000000000e+00 0.000000000000000000e+00 3.430382369908359968e-279 3.772724966419303326e-228 1.007895226874489524e-192 7.054957774931524700e-166 1.745394630288189592e-144 7.149530664021648102e-127 4.849634049348983920e-112 2.410259948824968063e-99 2.431455884272318410e-88 1.111875769929645069e-78 2.646592281888702927e-69 1.199124559298762334e-60 7.256431062343392644e-53 6.216142505870719985e-46 8.732694520032142874e-40 2.370726884721175089e-34 1.456827556182955377e-29 2.344583650393739065e-25 1.124871774048143855e-21 1.807398615196841907e-18 1.078475286968256656e-15 2.617441230399680349e-13 2.800380982163890173e-11 1.418350421963498449e-09 3.628375790493311635e-08 4.985223410285338020e-07 3.927051599528721704e-06 1.921982500578673961e-05 4.667613839142370561e-05 7.472043898292749908e-05 9.809589208579533217e-05 1.133893271222396505e-04 1.194453034499891141e-04 1.167287317240254309e-04 1.068077313642830145e-04 8.086111635740049139e-05 4.297694796199424467e-05 1.573346981930362585e-05 3.398844727818082322e-06 3.389179039257796780e-07 1.304607417393584527e-08 7.453197042156092295e-10 5.447178163675396881e-11 4.562132795764996085e-12 4.229832267285396207e-13 4.269354926088214276e-14 4.642952077928017252e-15 5.401303511780270906e-16 6.680822873278718408e-17 8.737173147229735378e-18 1.206317450496285183e-18 1.746672069108048968e-19 2.653028486487151235e-20 4.214775101104622855e-21 6.976084617374930065e-22 1.201478536489159955e-22 2.146704152844546684e-23 3.983203778579707338e-24 7.644600610529960609e-25 1.517143803296900267e-25 3.103797586205854267e-26 6.527519326027300372e-27 1.418444256479000584e-27 3.168608875741351933e-28 7.244851262888749421e-29 1.703450967162218370e-29 4.114851095828075937e-30 1.010950863329249475e-30
0.000000000000000000e+00 0.000000000000000000e+00 5.639276768568994384e-278 5.590731065001860194e-227 1.356077797663749323e-191 8.657998339049728908e-165 1.950957081816258941e-143 7.285465464163626357e-126 4.505597805032193675e-111 2.043629704953971622e-98 1.882918643030228459e-87 7.865700205437743781e-78 1.698491697044730692e-68 6.959669496312039778e-60 3.805484935108498022e-52 2.942820010099660840e-45 3.733776912183241442e-39 9.155951483480807716e-34 5.086417441427638440e-29 7.406091694401721825e-25 3.219379311034401271e-21 4.694222077106525934e-18 2.545945630044453379e-15 5.627668184673500173e-13 5.493483227391504579e-11 2.543491253312939270e-09 5.962280949970049552e-08 7.533146550155406841e-07 5.494237299108441120e-06 2.520163211947997416e-05 5.901629830061006236e-05 9.270859886795031397e-05 1.204116610589905028e-04 1.383772793190408989e-04 1.454608816487011277e-04 1.423395787519371426e-04 1.307818370219890531e-04 1.001920125998443506e-04 5.460696705902647741e-05 2.077042857620719666e-05 4.731781612344754222e-06 5.051922174150550195e-07 2.111677100211840580e-08 1.284014449760158533e-09 9.869945528126051856e-11 8.633120230014738037e-12 8.317482775719796578e-13 8.686527154479544368e-14 9.739455078761564106e-15 1.166348974323661719e-15 1.479108723115487098e-16 1.983318280784455908e-17 2.798812079245798772e-18 4.143040191900235077e-19 6.417176688894071147e-20 1.037997671463610539e-20 1.747611140166257013e-21 3.058029942809354638e-22 5.564495296466901408e-23 1.044043844098763309e-23 2.037218503566224312e-24 4.091626182846601472e-25 8.464755923744632949e-26 1.807622389888947537e-26 3.964005317265983097e-27 8.966648870354338937e-28 2.076729492268157849e-28 4.931766650109468597e-29 1.199606824836655829e-29 2.991717202716699982e-30
0.000000000000000000e+00 0.000000000000000000e+00 1.001058186771159734e-276 8.914436691068969596e-226 1.963252880106711914e-190 1.133085633826535699e-163 2.319393790857393186e-142 7.862848097419419882e-125 4.415117222905944588e-110 1.820160518022020725e-97 1.525655247422115602e-86 5.805772511105898542e-77 1.133992851063699087e-67 4.187407104225444822e-59 2.059218486200530723e-51 1.433235506641500076e-44 1.635806451081631350e-38 3.611354645261567510e-33 1.807715049742604999e-28 2.374156665031428440e-24 9.321925418967654810e-21 1.229850531668509843e-17 6.048047100661129991e-15 1.214318275446221969e-12 1.078964867037263725e-10 4.557005627795659968e-09 9.771615623661599003e-08 1.135245391360661508e-06 7.689864604659719854e-06 3.330035965426152828e-05 7.577024000197367262e-05 1.175743485004267415e-04 1.520409897920845172e-04 1.748681898315811525e-04 1.847567047447635548e-04 1.824609220792816470e-04 1.699303471331702390e-04 1.331945212620023653e-04 7.543508763642586541e-05 3.011074047383208296e-05 7.218026824353707481e-06 8.088483630644419334e-07 3.563308163740246534e-08 2.272922934261734262e-09 1.823759814582915290e-10 1.658851716734796427e-11 1.656839401740752014e-12 1.788599374468923910e-13 2.068477329860399590e-14 2.545525154762516830e-15 3.315538593287969876e-16 4.551904562299103369e-17 6.569352231466106387e-18 9.940894136699363032e-19 1.571723762180975575e-19 2.590632339628684360e-20 4.445619277685893806e-21 7.913558808956043376e-22 1.461307706949307405e-22 2.795316927692316926e-23 5.519639287216447696e-24 1.125662139613144107e-24 2.369060218292810327e-25 5.130532917360434679e-26 1.141039449153486950e-26 2.611346776081030177e-27 6.132117407592308234e-28 1.479376738977342647e-28 3.653477075648419797e-29 9.258237489114249528e-30
0.000000000000000000e+00 0.000000000000000000e+00 1.930400507015700225e-275 1.540155183567088218e-224 3.051323258656638571e-189 1.592511986169849840e-162 2.942962606461366334e-141 9.011189838163571245e-124 4.582717522873921052e-109 1.710527770684225940e-96 1.299360356168023194e-85 4.480629760116194402e-76 7.884923236458528685e-67 2.613111430723332832e-58 1.151861760505176143e-50 7.183975102642291733e-44 7.350641447671216758e-38 1.455769723865537586e-32 6.542488650368499857e-28 7.726108014016566633e-24 2.731822743473557497e-20 3.251485253323150395e-17 1.445473908678308956e-14 2.629184858098654245e-12 2.121440435520747565e-10 8.163076763275915167e-09 1.605523075016633322e-07 1.735386671396332617e-06 1.117551463616905351e-05 4.696044465251489265e-05 1.058606036523803535e-04 1.645919087025847060e-04 2.144904544483153383e-04 2.498507824158315883e-04 2.686482388160818936e-04 2.714358060712529237e-04 2.601900720612349504e-04 2.134094287180183234e-04 1.302379988171725321e-04 5.720063558587997556e-05 1.510924703467922413e-05 1.802010485604761500e-06 8.006167227715898128e-08 5.128859681378720895e-09 4.162073302755328279e-10 3.851890073132652067e-11 3.926213747286550154e-12 4.338174430440564305e-13 5.146237240022276607e-14 6.501871503818825754e-15 8.712237541805443069e-16 1.232540280433126847e-16 1.834627562148152064e-17 2.868465998444918099e-18 4.699376275802596595e-19 8.040077270008337231e-20 1.436796016297674200e-20 2.680517258694765495e-21 5.210509029483088232e-22 1.053543189786845886e-22 2.219727002032511804e-23 4.870910673413843633e-24 1.109988064176850550e-24 2.627804899447620950e-25 6.482753772706071776e-26 1.661803381977988477e-26 4.425262370705344596e-27 1.224871968453271890e-27 3.517335654001285195e-28 1.048197717319441974e-28
0.000000000000000000e+00 0.000000000000000000e+00 4.066788664863359247e-274 2.893902854486088048e-223 5.136571288583664480e-188 2.407609627629174145e-161 3.999588495133272914e-140 1.102646490323320026e-122 5.044117865622492835e-108 1.696163750280321298e-95 1.163397103152363476e-84 3.625194100394063935e-75 5.719987388532557793e-66 1.694073061610421068e-57 6.666964691932073168e-50 3.710334061683192584e-43 3.390620306974590930e-37 6.000307042559864946e-32 2.412846140216577708e-27 2.552407486637757394e-23 8.100460798175641600e-20 8.673598094458418213e-17 3.475493704997087172e-14 5.716313066566066538e-12 4.192888135439915690e-10 1.488933502187466004e-08 2.794085936528606663e-07 3.008330910199272718e-06 1.973569857576300157e-05 8.344848566392448655e-05 1.879377500599950165e-04 2.934396212456875366e-04 3.858178297780094287e-04 4.559250296624074413e-04 5.002976666559509535e-04 5.190696593509331594e-04 5.146277520543989306e-04 4.479481826018858024e-04 3.064006086660116561e-04 1.597561756289541356e-04 5.291434279361292804e-05 7.962898824879031731e-06 4.114639241902185595e-07 2.855159662658574730e-08 2.476926216834978014e-09 2.453711644961688081e-10 2.694545268474155177e-11 3.231741978589442478e-12 4.197491503106249172e-13 5.858325719681975007e-14 8.758580604296270905e-15 1.395487405360075359e-15 2.359212789884936671e-16 4.226114671760914544e-17 7.982406915177219291e-18 1.588405974250683261e-18 3.320358467139400999e-19 7.265132419773775713e-20 1.663946342405179410e-20 3.956942846905432315e-21 9.838492579952499803e-22 2.534446988244308742e-22 6.764042842876335171e-23 1.867054162245067993e-23 5.328783575503542231e-24 1.566763728753557109e-24 4.742772181505664584e-25 1.478149641092487539e-25 4.727701551570276641e-26 1.550771110469939201e-26
0.000000000000000000e+00 0.000000000000000000e+00 9.414527096861123588e-273 5.921426079546076916e-222 9.396353470198478378e-187 3.930935694582453113e-160 5.840665280282360155e-139 1.441500701958197947e-121 5.912487042394112987e-107 1.783859056391922262e-94 1.098712482500635636e-83 3.079515521461810896e-74 4.338212078412709157e-65 1.143111212880874983e-56 3.999325668419920353e-49 1.978142895431821481e-42 1.606605398666961741e-36 2.530567095497381809e-31 9.071204207716698971e-27 8.566788433899486354e-23 2.431999676622342378e-19 2.335081310503635260e-16 8.435988515848273168e-14 1.270509977330736867e-11 8.937363438875743323e-10 3.311472864105563260e-08 6.975614079374231973e-07 8.367026916019543078e-06 5.634272852158294813e-05 2.261575869534591672e-04 4.868184983625757352e-04 7.443021855143173039e-04 9.717838617509984029e-04 1.150894029659513089e-03 1.274116257669090108e-03 1.340776669696351229e-03 1.354942335821173642e-03 1.227803101031911103e-03 9.245861168779127576e-04 5.745600667913916462e-04 2.566296317193736691e-04 6.025882123016363653e-05 4.840140604960204969e-06 4.284472822393711293e-07 4.424514172978273455e-08 5.087201926001797368e-09 6.416501916161329393e-10 8.799572758269387801e-11 1.301972380514747180e-11 2.064839990193189313e-12 3.492729869656045122e-13 6.274007926787273817e-14 1.191506936341171522e-14 2.380177962538973601e-15 4.997988192512595463e-16 1.097443996723902628e-16 2.512927366596001861e-17 6.001652620244550425e-18 1.487782021134344409e-18 3.830624955541467413e-19 1.018794369963854250e-19 2.809163129803757759e-20 7.974225616113328805e-21 2.335467825971707911e-21 7.029929389411035040e-22 2.177412846913929705e-22 6.928955763933762367e-23 2.253101816905703761e-23 7.524483941637946412e-24 2.574553455313319327e-24
0.000000000000000000e+00 0.000000000000000000e+00 2.406030253137460540e-271 1.335204368645321004e-220 1.876026490330637938e-185 6.972765397869729833e-159 9.211269993935012583e-138 2.025033467800703136e-120 7.399087519407445293e-106 1.993411757445379266e-93 1.097725564698097388e-82 2.753449981167194944e-73 3.446494089635012037e-64 8.040302989166141744e-56 2.489124235959117284e-48 1.089135071937597331e-41 7.833922594062045876e-36 1.093583289086767934e-30 3.478948300408300317e-26 2.922186187575726749e-22 7.416846031529506556e-19 6.494228250697212957e-16 2.297170620779943278e-13 3.936336084045927952e-11 3.617412990331227213e-09 1.746381513183597390e-07 4.208356755341513685e-06 4.847655490324440179e-05 2.826818569053775603e-04 1.030954767419919003e-03 2.260511913643060283e-03 3.678386593729469738e-03 5.164405265231737131e-03 6.599714264984518283e-03 7.731406683144663797e-03 8.432911832152920756e-03 8.673593548480068929e-03 7.391432105622988517e-03 5.013885372413367549e-03 2.954939283124824977e-03 1.425312224114383278e-03 4.849334355618716724e-04 7.892440612200793610e-05 1.132055955822049339e-05 1.566157595130115220e-06 2.188814562886358995e-07 3.193116994429199081e-08 4.925938093844675125e-09 8.060185366251692587e-10 1.399987009868799859e-10 2.570518725010452513e-11 4.983092549126293894e-12 1.016033444755816518e-12 2.176359005429513532e-13 4.868153695731254177e-14 1.138851734854573611e-14 2.775857119370529065e-15 7.028523301254342548e-16 1.848713697493995825e-16 5.025366471513461368e-17 1.413786904330641201e-17 4.092144679205643362e-18 1.224413165492400475e-18 3.775363354327944392e-19 1.194220193250384510e-19 3.876132083567190896e-20 1.290685146674544679e-20 4.401703310984836881e-21 1.541621015725763581e-21 5.503359086930242805e-22
0.000000000000000000e+00 0.000000000000000000e+00 6.822853817066643103e-270 3.324065108730836859e-219 4.111086199725274048e-184 1.350331370243784573e-157 1.575270333109328052e-136 3.065224704248363157e-119 9.929412590952126576e-105 2.374624873365113194e-92 1.163495377787017970e-81 2.600454354172788022e-72 2.876559546675149651e-63 5.912776162789051634e-55 1.610439141102078162e-47 6.204883797168684951e-41 3.931426138066699587e-35 4.844622038719914218e-30 1.368895108078635941e-25 1.057463092313800300e-21 2.857946051245322209e-18 3.566991523660256745e-15 2.104016340298516056e-12 5.285726215289265783e-10 5.746163437151212922e-08 2.755420302171042286e-06 5.531994763448330445e-05 5.238540517731705244e-04 5.391820192807652949e-03 7.400430998781702685e-02 1.065595469508017201e-01 1.184888145128855930e-01 1.252156359518812323e-01 1.299305718917372898e-01 1.333809602853380794e-01 1.356566969159315184e-01 1.367643152550099273e-01 1.323339634554130395e-01 1.198891476867688377e-01 9.969152893111164759e-02 6.068219711821958712e-02 9.411882263010078881e-03 1.166313500169934752e-03 2.861385587644898814e-04 7.006638800650872082e-05 1.526074616369678128e-05 3.048777455055915179e-06 5.885309017559117129e-07 1.142749354233683206e-07 2.274979153962120020e-08 4.692666191351166313e-09 1.006802795602647418e-09 2.254085313807114137e-10 5.248070171500122141e-11 1.274007608359057493e-11 3.216670074323053550e-12 8.422631070392044836e-13 2.289408489581385715e-13 6.436877758217722172e-14 1.871425255793910510e-14 5.624027472663798349e-15 1.740642819552136552e-15 5.544699082656759202e-16 1.819088076287222297e-16 6.123964935216494118e-17 2.119165859376428502e-17 7.504554890012770665e-18 2.727726954951583059e-18 1.011661882776701069e-18 3.841770374732000264e-19
0.000000000000000000e+00 0.000000000000000000e+00 2.178770730957278024e-268 9.202403762908167185e-218 9.943749229707162905e-183 2.864521089539222753e-156 2.938659040630361469e-135 5.026625454408469738e-118 1.434877856618394693e-103 3.029025422621215850e-91 1.311488287101684966e-80 2.598187977787100366e-71 2.526439437718776320e-62 4.550318503046407230e-54 1.084922049665968517e-46 3.664818034359002863e-40 2.061343072454742356e-34 2.490237279118486454e-29 1.023778177623873105e-24 1.819023293667017706e-20 1.037269477684606750e-16 1.734721295145861925e-13 1.007217928730107509e-10 2.392269070605584970e-08 2.334138019090258748e-06 8.526724541083100211e-05 2.921316680825858120e-03 1.693705683926957084e-01 2.291863333071287867e-01 2.462834783294304553e-01 2.474686860052835446e-01 2.470425731293814375e-01 2.482106461261718577e-01 2.508454425685027189e-01 2.541760375496231461e-01 2.575080908179356864e-01 2.603180836656419639e-01 2.586698110693368413e-01 2.507169508771285860e-01 2.376864850361667114e-01 2.105216052379172142e-01 1.682201051825491511e-01 1.213547116989700664e-01 6.306617200588393590e-02 4.675664022936753574e-03 8.384056138752039996e-04 2.517255463766740540e-04 7.867596244944653023e-05 2.331195396634264499e-05 6.491257039443521399e-06 1.735923023955914748e-06 4.571308591801868410e-07 1.207655711455002655e-07 3.240765193234273677e-08 8.875629832439251561e-09 2.498443962597138435e-09 7.220163295080437845e-10 2.152085011326315158e-10 6.597542789063815251e-11 2.082103816817880176e-11 6.754595151661982700e-12 2.250798395267057466e-12 7.715785746276042529e-13 2.710335231913935443e-13 9.740559920862295209e-14 3.599418505732840633e-14 1.359049608391951632e-14 5.238528359857970175e-15 2.064687897621831692e-15 8.329456890717622063e-16
0.000000000000000000e+00 0.000000000000000000e+00 7.820525326802384211e-267 2.856455311037179440e-216 2.683520797578072911e-181 6.718004154791937200e-155 6.005954156942735863e-134 8.973992203793034479e-117 2.241069252960020914e-102 4.150502951655854071e-90 1.580655601360569382e-79 2.757966059909448730e-70 2.343746459945552991e-61 3.689079391731249612e-53 8.110952521227420559e-46 3.822712010091318936e-39 6.928516459771425959e-33 3.004809859725307030e-27 2.330581784409780178e-22 3.612046802505393572e-18 1.472887072294764397e-14 2.137921299508114732e-11 1.233355239753967805e-08 2.603326919169224106e-06 1.994850241940238783e-04 2.060551888571092172e-01 3.130919908494442239e-01 3.366276344129153775e-01 3.463957368619073329e-01 3.463833517098607873e-01 3.410941803603340094e-01 3.389532521003289500e-01 3.406176206723022792e-01 3.447900383089200216e-01 3.501669249639225989e-01 3.557762656540551793e-01 3.610570160013810148e-01 3.623985416599563858e-01 3.580257946434265426e-01 3.492171210409468762e-01 3.260720722186485898e-01 2.815741972228249512e-01 2.443352348781074601e-01 2.300676228807842227e-01 2.163767131506098007e-01 1.961560972061347219e-01 1.645907180080556920e-01 1.146405098559447056e-01 3.497519709045181918e-02 1.642716796998882267e-03 4.518384939322845923e-04 1.681752464875804905e-04 6.575330110923371669e-05 2.538609689263257276e-05 9.523049743664904610e-06 3.478908359842291460e-06 1.251615870346609463e-06 4.472770821099063582e-07 1.604090791881774344e-07 5.796699397161500968e-08 2.124664314579264458e-08 7.898069540820358669e-09 2.990760045564067915e-09 1.153903590790601221e-09 4.522996788687364730e-10 1.811174307887028007e-10 7.381512479452110475e-11 3.062321781105023753e-11 1.297324194188872556e-11 5.599480939356324988e-12
0.000000000000000000e+00 0.000000000000000000e+00 3.215921388085854181e-265 1.001639022733936241e-214 8.092009259041367437e-180 1.750926280269427149e-153 1.352983289893266294e-132 1.752044048541138469e-115 3.804758662570151985e-101 6.138291011635177002e-89 2.045242280377985213e-78 3.236729158509630953e-69 3.729368523435762962e-60 2.654477817693679120e-51 3.623902769901453016e-43 5.340592985341918991e-36 9.088454033994811372e-30 2.151689313900725095e-24 9.531915174958089022e-20 1.200441482350420896e-15 5.358569676547711139e-12 8.359989032225121863e-09 4.002120048954130167e-06 3.187974383195991534e-03 3.755058187534936476e-01 4.141533921721611278e-01 4.153205759031429189e-01 4.198639408634938230e-01 4.253844706986014690e-01 4.206848882595632388e-01 4.139626606443292389e-01 4.131132298468594422e-01 4.169206185037999668e-01 4.233684277383765182e-01 4.309694237149458984e-01 4.388379043427114157e-01 4.464504776881526582e-01 4.513782520881284288e-01 4.522507425669742842e-01 4.495009796148371484e-01 4.335658709783974385e-01 3.887186550607041879e-01 3.335252847700138079e-01 3.138258109028438381e-01 3.068011355036148746e-01 3.021717712477876017e-01 2.977139199620314480e-01 2.926582645533894467e-01 2.861498812744473486e-01 2.771646273447336273e-01 2.645039148156840270e-01 2.467908967928293118e-01 2.220170855389117237e-01 1.872861265951142884e-01 1.379023535943332268e-01 6.471444210705358524e-02 2.856598744014726254e-03 6.208070245772518217e-04 2.540376541945170603e-04 1.211399684672203122e-04 5.992837571590015679e-05 2.985945721499872401e-05 1.480293933062594837e-05 7.277095178507788038e-06 3.541309610996706851e-06 1.714714518854053167e-06 8.251642335619189188e-07 3.978675904493862838e-07 1.924104980711408351e-07 9.354579952425078816e-08
0.000000000000000000e+00 0.000000000000000000e+00 1.520032124945640520e-263 4.004620434931398633e-213 2.761539946351735837e-178 5.106215314744888770e-152 3.386254841668020604e-131 3.776583797581960572e-114 7.400102748393491301e-100 2.041944188889098741e-87 5.025929682460900337e-76 7.072014863316500755e-66 3.917635242239190272e-56 2.890173621245576636e-47 1.972164303603368988e-39 1.336086179241716158e-32 1.152170258502601479e-26 2.083522789669520834e-21 1.111693176077550367e-16 1.735770262803845829e-12 7.936565818011089315e-09 8.975236990747978994e-06 3.254247367995297124e-01 4.856095811960547959e-01 4.906616929657233173e-01 4.788750098221837836e-01 4.760882311993994698e-01 4.855314475094059667e-01 4.893260357518762205e-01 4.811637461432686225e-01 4.748680943681446442e-01 4.762388378021625290e-01 4.822149214826087493e-01 4.905164938726279678e-01 4.998111261328878063e-01 5.093562470347894333e-01 5.187446373090851548e-01 5.273347284065188489e-01 5.347470757052306123e-01 5.405246354912345286e-01 5.368633067857845331e-01 5.042707424028234353e-01 4.386924942821476825e-01 4.000050752942159726e-01 3.830911974640150985e-01 3.745674798009725470e-01 3.683855614629812925e-01 3.636330217926377339e-01 3.604372058092206732e-01 3.586675579829788352e-01 3.578762918939871196e-01 3.575393554059377310e-01 3.572894558386970898e-01 3.567598356436310070e-01 3.557264082528883709e-01 3.539641676309456808e-01 3.512053733353317497e-01 3.472206528303942163e-01 3.418058573204882378e-01 3.346282469674908833e-01 3.253318577043183835e-01 3.134616921438925230e-01 2.984299994865819983e-01 2.793863318556255582e-01 2.553968613979274438e-01 2.248216257641869331e-01 1.856156318143011297e-01 1.334037311332278430e-01 4.525683969412606228e-02 3.098397969204122471e-03
0.000000000000000000e+00 0.000000000000000000e+00 8.363776509643718444e-262 1.848309309451558257e-211 1.076305423884828420e-176 1.822038096283073726e-150 3.510075089626977016e-129 5.841421752310209198e-111 1.545586128065882498e-95 2.204109488628923068e-82 4.666104538738114961e-71 3.298358776035418828e-61 8.282093972832520777e-52 2.706502841017213482e-43 8.719189876451625630e-36 4.288838884813813110e-29 5.065816793375431820e-23 1.275639025210970826e-17 7.666100223068992650e-13 1.128112112530551375e-08 3.327273237890904028e-05 5.103537745053242647e-01 5.635368979312774806e-01 5.514707322425937974e-01 5.339513245911723383e-01 5.238835870750179202e-01 5.315814268866566605e-01 5.436027457810655994e-01 5.434830473349950841e-01 5.325836736809664851e-01 5.276196652473752469e-01 5.309820896212350538e-01 5.384562034550799403e-01 5.478853084376849036e-01 5.581464382427585580e-01 5.686291345197699298e-01 5.790523120441626315e-01 5.902796643670076282e-01 6.032058652756964179e-01 6.172575561558095725e-01 6.278011228539227551e-01 6.184566029674587462e-01 5.695006449269456317e-01 5.218302040646516371e-01 4.898892554025319757e-01 4.712192751575643435e-01 4.590246051891397339e-01 4.486990192477895434e-01 4.391963621336510415e-01 4.310623449778671623e-01 4.249340108975230290e-01 4.208574674185137643e-01 4.185000558546105864e-01 4.174623024552714390e-01 4.173513557703311672e-01 4.179128344637694781e-01 4.189792336403852513e-01 4.203462456482186527e-01 4.219506969658394779e-01 4.237167966437188071e-01 4.255308789114770618e-01 4.273387726076928184e-01 4.291527086743036623e-01 4.307763965007530005e-01 4.323188335145023986e-01 4.336480749852262284e-01 4.348017894363614411e-01 4.356282952623408145e-01 4.362495391822811541e-01 4.365365480010814925e-01
0.000000000000000000e+00 0.000000000000000000e+00 7.035797727067342993e-260 1.214253821320184563e-208 1.746476567740851068e-172 5.572400288629626745e-145 4.670741609578350543e-123 4.724111864639951045e-105 5.743605769300586891e-90 3.741188270020919455e-77 3.650584834291266807e-66 1.204493999183867759e-56 1.414326673205730494e-47 3.396743876742193535e-39 1.855467219973398033e-31 1.431352365550253203e-24 1.855072100159249444e-18 4.994704405699501237e-13 2.613876270967094785e-08 1.537411252668077896e-03 6.192155107635692879e-01 6.233401587948913525e-01 6.020723461798926923e-01 5.833809416554686100e-01 5.686604343378517390e-01 5.701708323157453906e-01 5.853249253670890218e-01 5.949525076775279420e-01 5.904484869364087229e-01 5.776405435657699927e-01 5.739579844079600868e-01 5.786164696355100556e-01 5.868586649884932616e-01 5.967266664504827789e-01 6.072676363203960426e-01 6.179948785849782578e-01 6.287018247564832851e-01 6.408961403015832614e-01 6.564442733624383797e-01 6.751745062783575113e-01 6.953425346422102971e-01 7.076521572024465634e-01 6.930650315087019120e-01 6.628690853788098414e-01 6.321548001566220654e-01 6.074639910102168638e-01 5.901303300178895039e-01 5.775048821941186628e-01 5.663219662420464484e-01 5.548490407436538208e-01 5.430449197388789173e-01 5.317309003231973641e-01 5.217445230818358315e-01 5.135339026168233012e-01 5.071064607145626679e-01 5.021869882338816371e-01 4.984495003432409255e-01 4.956565931192862262e-01 4.935971647305278931e-01 4.921156748136686909e-01 4.911880997703678142e-01 4.906996086311734562e-01 4.906287237538056734e-01 4.909314390357083502e-01 4.915182498693731472e-01 4.923785605089668338e-01 4.934737756319478863e-01 4.947474043747792649e-01 4.961850048457006612e-01 4.977245358073187909e-01
0.000000000000000000e+00 0.000000000000000000e+00 6.348051999746843720e-253 2.037808184570108286e-201 1.429097319359143160e-165 2.016799844936695044e-138 7.403602830206091689e-117 3.278352614425284581e-99 1.755431541402121475e-84 5.101997914507457090e-72 2.447743975879166601e-61 7.629057788246477035e-52 2.134319410094416725e-42 8.907990426857966956e-34 4.578196812948662274e-26 3.810417853907404278e-19 5.396292728853960468e-13 1.096135920386296592e-07 5.396716661385123626e-01 6.923830166836419941e-01 6.728834879781977474e-01 6.465618585816494956e-01 6.286306899229500145e-01 6.127732529332987621e-01 6.065541921596364627e-01 6.193136189155348248e-01 6.352133066274304740e-01 6.404354594261784106e-01 6.319515030492415253e-01 6.179285735539380431e-01 6.149811883607216867e-01 6.201951291348282158e-01 6.285794555074495360e-01 6.383243711087818184e-01 6.486055627461928541e-01 6.590186597657456957e-01 6.694014206317711047e-01 6.812657222257537670e-01 6.967657677406265959e-01 7.161522512471594215e-01 7.390577550677983609e-01 7.613973607731306936e-01 7.730768663665235074e-01 7.684712212913477059e-01 7.560722698226861604e-01 7.410669921696232398e-01 7.272571779010583715e-01 7.165841133193980861e-01 7.089056955067142285e-01 7.027263109619145132e-01 6.964373697944352681e-01 6.890904353557946171e-01 6.805412514553867975e-01 6.712202650711287522e-01 6.618340448021741151e-01 6.529609596860818099e-01 6.449815336633144547e-01 6.380683665507689284e-01 6.321448876700996866e-01 6.270182493824355552e-01 6.225505883655828576e-01 6.185420197580743240e-01 6.149308624267274537e-01 6.116406868644689299e-01 6.087034318654758192e-01 6.060231483138313058e-01 6.036606694480713964e-01 6.015968046452899731e-01 5.998160104720993147e-01 5.983276473902965353e-01
0.000000000000000000e+00 0.000000000000000000e+00 2.440064223298470343e-245 3.521238342274268282e-194 1.072224256163331061e-158 6.453088098137456514e-132 1.003480247784273333e-110 1.905929170459292178e-93 5.569546128039311295e-79 3.079485896641798278e-66 5.047184128528164544e-55 2.405783196332845081e-45 4.795598755364798635e-36 2.092230035945493086e-27 1.308838914708414489e-19 1.140150391117319349e-12 9.419715805577644966e-07 7.268809053303211254e-01 7.473208324457771834e-01 7.166799314423487610e-01 6.880129466737827659e-01 6.708060102196605756e-01 6.568492648264908640e-01 6.436235075576755005e-01 6.502226471806229480e-01 6.674482974744062602e-01 6.804040712210099873e-01 6.808330643236016888e-01 6.689498681827191762e-01 6.543530293061655678e-01 6.516748662889996213e-01 6.567881226199756561e-01 6.647842370017934543e-01 6.739730871637554799e-01 6.836101629667390434e-01 6.933401608177974795e-01 7.030047012252869099e-01 7.139203912385048145e-01 7.280500154661627699e-01 7.459546960576510788e-01 7.675718223616505576e-01 7.901990556299424151e-01 8.109386780371078407e-01 8.215867306240696166e-01 8.249469913852643943e-01 8.236051919695178691e-01 8.197719235080944689e-01 8.153293159438169679e-01 8.116800047432571885e-01 8.094897279866032358e-01 8.086290260532348340e-01 8.084390067767459609e-01 8.081280774406583989e-01 8.070815927000962731e-01 8.050188377246527693e-01 8.019146608271774390e-01 7.979962952395789344e-01 7.935919779329891899e-01 7.890208156659469507e-01 7.846017453336439074e-01 7.805229447610773086e-01 7.768769321899530178e-01 7.736632957261623256e-01 7.708351379143761894e-01 7.682885365880965933e-01 7.659430623549892125e-01 7.637246038504279522e-01 7.615901775061587609e-01 7.595041515265077425e-01 7.574830456082223273e-01
0.000000000000000000e+00 0.000000000000000000e+00 9.102493253602979404e-238 5.679228173504076037e-187 7.226454769075718115e-152 1.876583571728679338e-125 2.985510589217964089e-104 2.899820054977691286e-86 3.226258156216059656e-71 1.450785105824055414e-58 1.371419931403443468e-47 7.438714644795526040e-38 1.933764777643087874e-28 9.812028027340845959e-20 6.003751492581518925e-12 2.573721265598209542e-05 8.118982638793810214e-01 7.917424805011509248e-01 7.569780947429670670e-01 7.282148879317372758e-01 7.107239734276356025e-01 7.004395136363342766e-01 6.826076097174166302e-01 6.808666891572575652e-01 6.956491211633043514e-01 7.119944688480361883e-01 7.206888418040247046e-01 7.163539496817467045e-01 7.017766548036227237e-01 6.873388550642258732e-01 6.848675637365821967e-01 6.894782938176340359e-01 6.966904738143470111e-01 7.050001591472631057e-01 7.137151150075168315e-01 7.225170711389706790e-01 7.312572497194939070e-01 7.409881761697726388e-01 7.533966107440257520e-01 7.692335460140036218e-01 7.887495542357036982e-01 8.087158156163104517e-01 8.274834780643465226e-01 8.419650197207526610e-01 8.523901114699670156e-01 8.590284943898848224e-01 8.627634343286526564e-01 8.645787554988969559e-01 8.653693986837917018e-01 8.658988492693299177e-01 8.667463543269443571e-01 8.682295311819431261e-01 8.703723137834349366e-01 8.729669113633836686e-01 8.756896907785097772e-01 8.782000501563684836e-01 8.802438247269969152e-01 8.816808368259027029e-01 8.824638986325163970e-01 8.826468891656581439e-01 8.823257451993240519e-01 8.816407491767873639e-01 8.807338902124365321e-01 8.797352031230486480e-01 8.787657974417582007e-01 8.778883601813978199e-01 8.771715219972247013e-01 8.766137943565074364e-01 8.762009447542371543e-01 8.759048983781916320e-01
0.000000000000000000e+00 1.460537099610059384e-318 3.296858300205138388e-230 1.445574149551773577e-179 1.096541714675252906e-143 2.245776719580829588e-116 7.637139719316377300e-95 2.371604847808482839e-77 1.706234280894593947e-62 1.081153656071538823e-49 1.360009178145327591e-38 8.567255551295515768e-29 2.594208076995170977e-19 1.133197270176797773e-10 7.398539721584920237e-01 8.620014168206968641e-01 8.290821266397951916e-01 7.943993926322984178e-01 7.673502152721879410e-01 7.487275346584937319e-01 7.421195945107469383e-01 7.234082181197666328e-01 7.124978212419958989e-01 7.224551543536207321e-01 7.386095536509634796e-01 7.517685538296624559e-01 7.555838020579480618e-01 7.468060452452989217e-01 7.305607836817259448e-01 7.171440121212779850e-01 7.150808963007732055e-01 7.191053191730888416e-01 7.253795458831642229e-01 7.326346127625442683e-01 7.402882943382708136e-01 7.480291325174117656e-01 7.557269081952122658e-01 7.642008437281023747e-01 7.748374994585353059e-01 7.885180521905619244e-01 8.060533157736951004e-01 8.242125680788552344e-01 8.387872458813535603e-01 8.506377742739293923e-01 8.618499189253377990e-01 8.712061112424573928e-01 8.783053609427570185e-01 8.835197355050546930e-01 8.873738221034035423e-01 8.903090647812520464e-01 8.926946944588035615e-01 8.948393481820844375e-01 8.969930714257534632e-01 8.993341230520174312e-01 9.019544427831799327e-01 9.048438301258553418e-01 9.079282482542992971e-01 9.110811291311493587e-01 9.141654421145131160e-01 9.170585967209067269e-01 9.196736813825776569e-01 9.219474681431222285e-01 9.238665301358504056e-01 9.254381042853770944e-01 9.266889012916106338e-01 9.276673672391443359e-01 9.284250903248570941e-01 9.290162502055433480e-01 9.294969226978567756e-01 9.299128938361297392e-01
0.000000000000000000e+00 8.734003406720951927e-309 1.877209972181095911e-219 3.699498064063997892e-168 9.699463389652767614e-133 4.691042046942221078e-106 1.843770656079530044e-84 9.889037251954879076e-67 8.674757513219259972e-52 6.170597960230192890e-39 9.678137755340623848e-28 6.862473784422880434e-18 1.323387482442744027e-08 9.057499857634945251e-01 8.956134035647285163e-01 8.607274144187579967e-01 8.286208821394830393e-01 8.043752695672886643e-01 7.848074406169619488e-01 7.801454550930000398e-01 7.645045318285359492e-01 7.455787968423205347e-01 7.489448897154471485e-01 7.629673907117799914e-01 7.770191744742827034e-01 7.859041344020654130e-01 7.846570756093960153e-01 7.722826082637248568e-01 7.557474144382250181e-01 7.441338994779529425e-01 7.426461568316358175e-01 7.461671013005175546e-01 7.515615177035972483e-01 7.578053990988220523e-01 7.643965353454365008e-01 7.710834396030606941e-01 7.777251860794783811e-01 7.849689641959041175e-01 7.938798569014012818e-01 8.053789917560202349e-01 8.208629353483190005e-01 8.380576591295521016e-01 8.506155802353801976e-01 8.584809128118865429e-01 8.670045690111064518e-01 8.759555113572737861e-01 8.839915491933761915e-01 8.905209940982997674e-01 8.956702474961921734e-01 8.998037343320227643e-01 9.032437835561869521e-01 9.062111893158915077e-01 9.088475446831220106e-01 9.112586275666230140e-01 9.135365882482355815e-01 9.157635301903312985e-01 9.180099660254318339e-01 9.203222426898999275e-01 9.227233690541207789e-01 9.252141451054965993e-01 9.277660108171746911e-01 9.303424232819168527e-01 9.328932024464873241e-01 9.353702688736659221e-01 9.377321506255571482e-01 9.399446052728225309e-01 9.419836518423396754e-01 9.438406020198212287e-01 9.455103695346849246e-01 9.469999659560474070e-01
0.000000000000000000e+00 1.225294136369590571e-295 4.946055598632595636e-207 6.261121944355561999e-156 4.032946390304726331e-120 3.399835669392732854e-93 1.263984710498716271e-71 7.888885238330594105e-54 8.869520004358749031e-39 7.760886254453799592e-26 1.209488495254378268e-14 3.992013998054646563e-05 9.451868110025659631e-01 9.193674482744556009e-01 8.873734892946580910e-01 8.592026173992750593e-01 8.380395146530590367e-01 8.187656387962806148e-01 8.135612910198305459e-01 8.034558556692106279e-01 7.800391282856787845e-01 7.755299751476663062e-01 7.863341774954017982e-01 7.993939347230820669e-01 8.099005199859666826e-01 8.140347194606867287e-01 8.082157321081001600e-01 7.936401592530254456e-01 7.782059664108286201e-01 7.688222143934658748e-01 7.679193183903806341e-01 7.710248980464013968e-01 7.756681179575815044e-01 7.810207415164619471e-01 7.866752807290979810e-01 7.924028302961220183e-01 7.980840666393486105e-01 8.042135298469261784e-01 8.115596240539213468e-01 8.209400041285835892e-01 8.341681816380208669e-01 8.503781619228824029e-01 8.628577362888352198e-01 8.686054311484189272e-01 8.737190208507027434e-01 8.800557006999946141e-01 8.871719099215714666e-01 8.939949969854290579e-01 8.998351035536533704e-01 9.045663240613625034e-01 9.083924018260892685e-01 9.116074419389156303e-01 9.144458433446021051e-01 9.170547097588819252e-01 9.194981289652264245e-01 9.218008977017286831e-01 9.239667955979860015e-01 9.260092824309574810e-01 9.279448893424775413e-01 9.297956029321949867e-01 9.315923784944266650e-01 9.333640717004715315e-01 9.351337975960624105e-01 9.369177669597988922e-01 9.387219374348080292e-01 9.405454311729134487e-01 9.423800096418416539e-01 9.442076845482455516e-01 9.460101244562115763e-01 9.477730704166494879e-01
0.000000000000000000e+00 2.408079105698436509e-280 2.247109190337402694e-191 2.952188145613713245e-140 1.514412735359062461e-104 1.812530384795490579e-77 8.231358083530513797e-56 6.675597884537380232e-38 8.923943903169069930e-23 5.184501491770547070e-10 9.703688541165189640e-01 9.614072446731598554e-01 9.366611619855522708e-01 9.097583615724240680e-01 8.861164547852775630e-01 8.677293323327950336e-01 8.503819937056357192e-01 8.427244613274611496e-01 8.381084047063994680e-01 8.151701717438150085e-01 8.026441137304821671e-01 8.091812674404329497e-01 8.205057082048113903e-01 8.306602394062884143e-01 8.370654127938635947e-01 8.367256632997471799e-01 8.274417211155419283e-01 8.122426507263073026e-01 7.989151547222597127e-01 7.917412649318921192e-01 7.913045233957001212e-01 7.940413510739807723e-01 7.980373166881915559e-01 8.026263723956171825e-01 8.074665373266628476e-01 8.123628584728196378e-01 8.172076143333735221e-01 8.223838831273104777e-01 8.284017300497092950e-01 8.358624922561774806e-01 8.467030210485994024e-01 8.614977922859089476e-01 8.744187430895050683e-01 8.799758448769401387e-01 8.832903588901062086e-01 8.868298840766721813e-01 8.914465601794193672e-01 8.969453407352144803e-01 9.026136767418893037e-01 9.077958500052586421e-01 9.121679191909723983e-01 9.157163276343229796e-01 9.186069718914401383e-01 9.210593142372572872e-01 9.232689563761657947e-01 9.253681968832498939e-01 9.274246804529762134e-01 9.294508221326263087e-01 9.314329478118454908e-01 9.333432116981005278e-01 9.351562214388972061e-01 9.368573594727815923e-01 9.384414438446666562e-01 9.399188294022426948e-01 9.413045696176386423e-01 9.426187228543597696e-01 9.438826594126754621e-01 9.451195699399231875e-01 9.463443100316097922e-01 9.475707822964987148e-01
0.000000000000000000e+00 4.670142378380545985e-261 5.133851892683450662e-172 1.120774571715845576e-120 6.392435051674842709e-85 1.027874703461053174e-57 6.182627204128355310e-36 5.192546602444111375e-18 9.255274538498682313e-01 9.845204494596268008e-01 9.690764629556266607e-01 9.495809988230555776e-01 9.287479897599235645e-01 9.097227737026487571e-01 8.936582554150730440e-01 8.794516968646206578e-01 8.688472865135902223e-01 8.675862518413330893e-01 8.495038742140962329e-01 8.308170404816075383e-01 8.319245626820525041e-01 8.410136206056565422e-01 8.500987061838769510e-01 8.567430653619296788e-01 8.592704224420050219e-01 8.552837261491715859e-01 8.438764260498039516e-01 8.294221926457764349e-01 8.186444667305889933e-01 8.133595604604542117e-01 8.132233263791406319e-01 8.156113405684916051e-01 8.190310006342935711e-01 8.229463839688875293e-01 8.270681807757839232e-01 8.312334217690918736e-01 8.353512453840585827e-01 8.397267892267442635e-01 8.446719263541371259e-01 8.505105382838068495e-01 8.590038341294936597e-01 8.718713925148153798e-01 8.849542886813777098e-01 8.910691112036829287e-01 8.941290056806222575e-01 8.963308607777706882e-01 8.987941219844378660e-01 9.020481598377756427e-01 9.061086175000546694e-01 9.106066314066870726e-01 9.150483188167594095e-01 9.190530563633630967e-01 9.224336999329091347e-01 9.251883186690815775e-01 9.274219993122833072e-01 9.292877707055086089e-01 9.309359884919919947e-01 9.324956951170801922e-01 9.340510759509290661e-01 9.356449883343352925e-01 9.372823047205123270e-01 9.389431057165482652e-01 9.405973368595563766e-01 9.422077208055006370e-01 9.437439923951761456e-01 9.451843825452397319e-01 9.465189011149020004e-01 9.477468214638293809e-01 9.488736759131308762e-01 9.499116067143613673e-01
0.000000000000000000e+00 4.343192339869360888e-236 7.405920558545556950e-147 2.047729911473452630e-95 1.634345854907505072e-59 3.451221634130268915e-32 1.205970417068646530e-10 9.958596267230791499e-01 9.884487097841613279e-01 9.749458922578816411e-01 9.595336948656831844e-01 9.449560492992592486e-01 9.305005734933341488e-01 9.165623101627903280e-01 9.058383260504044854e-01 8.932537702261912349e-01 8.925144130481407201e-01 8.811893493153386547e-01 8.603585806184272933e-01 8.551575317826772826e-01 8.613905825903164226e-01 8.691013581379933850e-01 8.751765730806878585e-01 8.785331128406597134e-01 8.778781709533709510e-01 8.712402665305213345e-01 8.589804085579093584e-01 8.462291178553569271e-01 8.379739737845577352e-01 8.341293078940987815e-01 8.341425715587058587e-01 8.361784884667800011e-01 8.390671824263560286e-01 8.423666835141810916e-01 8.458377263556470238e-01 8.493463446496052338e-01 8.528148175375165341e-01 8.565089528624025839e-01 8.606004318556080834e-01 8.651499472107432309e-01 8.715322524054163189e-01 8.820682547872370494e-01 8.947189792779052242e-01 9.014373294423604355e-01 9.048440944669706720e-01 9.068444048911042943e-01 9.084095570524575169e-01 9.101211565115907565e-01 9.123426098366321790e-01 9.151963902185362709e-01 9.185576976804349369e-01 9.221396152919903999e-01 9.256219017972974195e-01 9.287658759441481671e-01 9.314472614926655458e-01 9.336521069015416563e-01 9.354351187074596563e-01 9.368903064310568629e-01 9.381249576254401257e-01 9.392403541167290149e-01 9.403219902973624089e-01 9.414321364744761000e-01 9.426068521214608920e-01 9.438578615033544894e-01 9.451755010761775377e-01 9.465371994068841888e-01 9.479140111025999849e-01 9.492709950527239426e-01 9.505824677954514135e-01 9.518237646940820307e-01
0.000000000000000000e+00 3.617462177144710130e-202 8.771168743726543173e-113 3.626789814713381668e-61 3.331044649458692259e-25 9.986333183623961052e-01 9.976716832937636559e-01 9.911378469298658400e-01 9.808245694874178078e-01 9.693894871684494152e-01 9.584005855152294417e-01 9.485020483240911293e-01 9.371457500945379326e-01 9.293824630762943517e-01 9.168298218850474690e-01 9.144641838046512206e-01 9.088902485704801748e-01 8.908267634095792253e-01 8.796479493165714203e-01 8.822321232706759053e-01 8.882648469502824051e-01 8.935050369379783364e-01 8.967547481781917851e-01 8.974850416939481601e-01 8.944223628947260973e-01 8.860657625673139526e-01 8.740434330048001410e-01 8.635313081903992494e-01 8.574631575055347010e-01 8.546352754372341654e-01 8.546755009444793050e-01 8.563477388772959831e-01 8.587209454034493428e-01 8.614349036049941954e-01 8.642962530443595304e-01 8.671920154596893804e-01 8.700612075819311730e-01 8.731498668908372895e-01 8.765430602371011570e-01 8.801038518336179450e-01 8.847509512460647318e-01 8.928122782576378702e-01 9.042939792994630910e-01 9.113846788008331812e-01 9.152340786780315263e-01 9.174322534480696678e-01 9.188562380374519778e-01 9.199994791854617660e-01 9.211884659856416357e-01 9.226668432974848288e-01 9.245815388219481568e-01 9.269431868495612292e-01 9.296305444928367745e-01 9.324413351247350379e-01 9.351679366521747916e-01 9.376496781833252303e-01 9.397991327093395686e-01 9.415912519831196592e-01 9.430495699553859135e-01 9.442269028579108880e-01 9.451898126384683518e-01 9.460090440559763003e-01 9.467524035705316976e-01 9.474776140978713457e-01 9.482312274386645035e-01 9.490451113574327469e-01 9.499364155224161443e-01 9.509079043224646366e-01 9.519506444562487735e-01 9.530452750026037201e-01
0.000000000000000000e+00 3.348173532374272147e-152 1.305256798412820521e-62 2.209985846183704243e-11 9.998981010833259964e-01 9.985180064995434757e-01 9.940336025091722760e-01 9.871071025924500475e-01 9.791643989379289481e-01 9.711418441170396321e-01 9.635811106054661401e-01 9.554473473429618835e-01 9.497413962961088751e-01 9.396664555376870176e-01 9.348656898932651282e-01 9.324810468449082901e-01 9.205424633137028190e-01 9.060118591871273441e-01 9.041672597453785931e-01 9.081800859933163439e-01 9.124257567557521043e-01 9.152930479999997759e-01 9.163737698825568101e-01 9.152002053267432879e-01 9.104118185274656661e-01 9.012275497152115733e-01 8.903711302545860296e-01 8.822655078590696531e-01 8.779377756628031770e-01 8.757953366039663567e-01 8.757800671299715844e-01 8.770744057675652350e-01 8.789365105470731132e-01 8.810801938360520724e-01 8.833478662904995504e-01 8.856569312827837770e-01 8.879535705946609569e-01 8.904700378589577303e-01 8.932532543461018104e-01 8.960376392831483905e-01 8.993495381112495135e-01 9.051098835198044812e-01 9.147379309097705136e-01 9.217684286325013021e-01 9.259535419011467594e-01 9.284047298206804522e-01 9.299156819794173190e-01 9.309490766605182932e-01 9.317758213404988554e-01 9.325875562903244154e-01 9.335451769645183306e-01 9.347733518133373165e-01 9.363346467929292150e-01 9.382076977575106724e-01 9.402957071306710102e-01 9.424616690154267173e-01 9.445663681911972143e-01 9.465032383203078048e-01 9.482051876443357008e-01 9.496482566456510011e-01 9.508372304995702518e-01 9.517992889262605338e-01 9.525753913250926130e-01 9.532088548240853498e-01 9.537450430881412311e-01 9.542284188623656460e-01 9.546981074112044219e-01 9.551862778102168106e-01 9.557195643138293173e-01 9.563158818564240216e-01
0.000000000000000000e+00 9.963138685145762810e-64 9.999999742521492596e-01 9.999775544899870416e-01 9.994304522575329086e-01 9.973855511332438972e-01 9.937836742753595187e-01 9.891472114946269212e-01 9.840465281726126223e-01 9.787109765548915874e-01 9.731315941493684507e-01 9.688593688735113174e-01 9.632115712387394613e-01 9.568060633139194859e-01 9.553870159419471930e-01 9.498324362594243730e-01 9.371480821029071206e-01 9.308395102105589958e-01 9.324399576592130590e-01 9.354996022015669155e-01 9.378638341167581105e-01 9.389707287927482326e-01 9.386688148816295651e-01 9.363279205754745371e-01 9.306797581631988114e-01 9.218469463374430184e-01 9.130854437232288623e-01 9.074128583202585308e-01 9.044964109096080840e-01 9.029061152178481375e-01 9.028078567701978141e-01 9.036860655365299699e-01 9.049925026634408898e-01 9.065131181368498714e-01 9.081358493938698206e-01 9.097987911921869841e-01 9.114651512318344695e-01 9.133381446538898496e-01 9.154442458827323215e-01 9.174846186566465445e-01 9.197021007487092836e-01 9.234511564361461700e-01 9.306930149927086227e-01 9.369308686847709344e-01 9.410363177435772108e-01 9.435404812095591343e-01 9.450586908016576082e-01 9.460199852603203841e-01 9.466796454596450028e-01 9.471916114419801636e-01 9.476673578366811013e-01 9.482075971313044249e-01 9.489008096539823800e-01 9.498087627774634001e-01 9.509551748130739002e-01 9.523089081703300929e-01 9.538011271098908450e-01 9.553423889478602771e-01 9.568436672467128812e-01 9.582363057495905112e-01 9.594726527299870522e-01 9.605345528990475445e-01 9.614193484863613470e-01 9.621409875099941056e-01 9.627201145793681247e-01 9.631851500242101238e-01 9.635609805373396286e-01 9.638785752618338476e-01 9.641617967040982951e-01 9.644370107292219441e-01
0.000000000000000000e+00 9.999999999981955545e-01 9.999999994259269886e-01 9.999987969147975386e-01 9.999609010901668871e-01 9.997471292557967848e-01 9.991943919185449774e-01 9.982151778201324710e-01 9.968123821228931369e-01 9.953227951465748458e-01 9.930548209041039076e-01 9.917105484217276778e-01 9.882378353723781927e-01 9.866111393513589123e-01 9.852366745065617160e-01 9.804222607782926424e-01 9.737762064246766602e-01 9.722645639486705571e-01 9.731323336771714461e-01 9.740653176261508950e-01 9.744751633167784144e-01 9.742343383646673294e-01 9.731962386212144045e-01 9.707181924258215799e-01 9.659290521574477317e-01 9.594264742468311402e-01 9.537664102916492137e-01 9.503333635342899877e-01 9.483627374465520843e-01 9.469930018566387053e-01 9.464100308349849833e-01 9.463817855305594051e-01 9.466150186785363685e-01 9.469951158905587363e-01 9.474624423686864860e-01 9.479840654753868279e-01 9.485388880045312332e-01 9.492596755283385646e-01 9.501613587168228348e-01 9.510218617071063418e-01 9.519128754611978493e-01 9.536034456510129598e-01 9.577840016857839256e-01 9.619839648963227630e-01 9.649438535700680664e-01 9.667474441113059758e-01 9.677588479930310239e-01 9.682943429066699359e-01 9.685593850728939636e-01 9.686754094529262948e-01 9.687179535848360334e-01 9.687443948765631641e-01 9.688081711784551908e-01 9.689607744421019353e-01 9.692450999293940050e-01 9.696857284512240271e-01 9.702805169019508291e-01 9.710012260511138305e-01 9.718017824923602666e-01 9.726270198547671830e-01 9.734286617006180364e-01 9.741670956315958696e-01 9.748179294371389636e-01 9.753687851530021824e-01 9.758193398530542462e-01 9.761754126930836106e-01 9.764480500647219063e-01 9.766513552455841074e-01 9.768001548110297749e-01 9.769100788343121344e-01
0.000000000000000000e+00 9.999999999998614442e-01 9.999999986923094886e-01 9.999980409517018609e-01 9.999466407874951779e-01 9.996851983048556933e-01 9.990463529997459791e-01 9.979754614102480659e-01 9.964592267353166166e-01 9.947330620996532868e-01 9.927413852661651772e-01 9.909655422878377307e-01 9.875563257928241523e-01 9.863618861541092464e-01 9.843544048348823461e-01 9.783788703671132403e-01 9.729771289854374228e-01 9.725340278742491407e-01 9.734512943454635137e-01 9.741850509841806227e-01 9.743396389773012478e-01 9.738220632641634289e-01 9.723514319006801854e-01 9.691030759562346830e-01 9.635321382925879918e-01 9.571297614316828239e-01 9.523819229935049924e-01 9.496584252779249891e-01 9.479749000556084715e-01 9.467111938534851223e-01 9.461880562969010589e-01 9.462045464924752070e-01 9.464699746974206684e-01 9.468726634894589766e-01 9.473570605219098217e-01 9.478935224387198266e-01 9.484631579601273677e-01 9.492096067432056472e-01 9.501483773691438151e-01 9.510242280773366641e-01 9.518284723675438652e-01 9.530824291844579577e-01 9.563998458121466539e-01 9.603639752781943928e-01 9.635739462858716742e-01 9.657426048227083504e-01 9.670643238538505493e-01 9.678225374943029147e-01 9.682381595405102903e-01 9.684539066557439346e-01 9.685572632976191532e-01 9.686071731006972163e-01 9.686518064170587250e-01 9.687373207566903899e-01 9.689079908436545319e-01 9.691999431934953391e-01 9.696335533909262727e-01 9.702070280339970543e-01 9.708956146124121389e-01 9.716602677543396682e-01 9.724535887939074197e-01 9.732314438842223359e-01 9.739575167245810849e-01 9.746066896581001560e-01 9.751656120985132681e-01 9.756313271776783091e-01 9.760069312397569030e-01 9.763005296660187682e-01 9.765238075568435372e-01 9.766896579192350103e-01
0.000000000000000000e+00 9.999999999998716582e-01 9.999999968504409420e-01 9.999967199138773966e-01 9.999260540834501443e-01 9.996037741003981347e-01 9.988671162404763049e-01 9.976986119764490457e-01 9.961294200746056982e-01 9.940221770611747942e-01 9.924138201682299876e-01 9.899513835163480380e-01 9.870814138906922608e-01 9.859893622317359441e-01 9.830236856808299839e-01 9.763206635531629374e-01 9.726489794704339387e-01 9.728599323767612717e-01 9.737078305682373980e-01 9.742003334715949592e-01 9.740800049605141675e-01 9.732351999276094290e-01 9.711909894505351692e-01 9.670578494270881675e-01 9.609483350445587879e-01 9.550953177105829806e-01 9.513003071902733643e-01 9.491084142118069167e-01 9.476201624727091932e-01 9.464381461171822441e-01 9.459700786642532000e-01 9.460287870630911256e-01 9.463232598081338098e-01 9.467452834979881438e-01 9.472440312199518209e-01 9.477935070865307621e-01 9.483770089931332636e-01 9.491506884591356386e-01 9.501340261804869236e-01 9.510428048216283958e-01 9.518087345413944744e-01 9.527515431160289427e-01 9.552276986130544545e-01 9.587253450248479636e-01 9.620152118657198104e-01 9.645084990287228210e-01 9.661703212386691941e-01 9.671989265417040293e-01 9.678078339011556563e-01 9.681564307827144056e-01 9.683488061863249063e-01 9.684518967624426988e-01 9.685134644435917650e-01 9.685744780679343968e-01 9.686746111338121468e-01 9.688518641542358534e-01 9.691371635414123276e-01 9.695489413760974839e-01 9.700869609250029058e-01 9.707326319541975668e-01 9.714538972470280198e-01 9.722103681320651836e-01 9.729618471682039971e-01 9.736747755516792502e-01 9.743242491293412355e-01 9.748948625277983338e-01 9.753802842790491034e-01 9.757802395460826173e-01 9.761010400728674652e-01 9.763505216427823541e-01
0.000000000000000000e+00 9.999999999998743228e-01 9.999999918812566557e-01 9.999943286250257968e-01 9.998956468060941072e-01 9.994942744347476982e-01 9.986406878230386086e-01 9.973199753086154917e-01 9.957331529999711162e-01 9.933526679426871731e-01 9.918954254276540761e-01 9.888087122225931447e-01 9.867310393394631562e-01 9.853853374439569546e-01 9.811423021986145354e-01 9.746322050881682797e-01 9.726631932938845093e-01 9.731839379537901014e-01 9.738708351278277942e-01 9.740869283666655498e-01 9.736649347848804759e-01 9.724030547226353294e-01 9.696108374212762948e-01 9.645913177591729504e-01 9.583810914987189733e-01 9.534241528525128073e-01 9.504633243795200803e-01 9.486375391026802273e-01 9.472852880945440424e-01 9.461705603802833542e-01 9.457541799908797397e-01 9.458521385462850262e-01 9.461716987173268700e-01 9.466092176947207282e-01 9.471192898106773894e-01 9.476796658558195308e-01 9.482757950416225157e-01 9.490777272515734664e-01 9.501120677521718294e-01 9.510688109769439569e-01 9.518339284362437036e-01 9.525755269671740688e-01 9.543187924878239192e-01 9.571770094559796105e-01 9.603254759246335759e-01 9.630376847405234253e-01 9.650356203002168343e-01 9.663760283995820322e-01 9.672267133906755632e-01 9.677497129008827415e-01 9.680641908692908526e-01 9.682499944925758717e-01 9.683606351963016667e-01 9.684358664920320603e-01 9.685104555430121831e-01 9.686183577231610720e-01 9.687920158229629264e-01 9.690588585684994927e-01 9.694361449592132640e-01 9.699269322805325055e-01 9.705190505766807529e-01 9.711871350937814062e-01 9.718987039763956615e-01 9.726182381589166814e-01 9.733151685882792670e-01 9.739634230771089252e-01 9.745458549452867825e-01 9.750532940539445859e-01 9.754822568378720415e-01 9.758353494697946662e-01
0.000000000000000000e+00 9.999999999998646638e-01 9.999999772252865515e-01 9.999898162799019108e-01 9.998494578415836331e-01 9.993453170638947336e-01 9.983339813469666035e-01 9.968144939424244955e-01 9.950941787656371051e-01 9.928413324180941357e-01 9.909953945676791554e-01 9.878074522331783403e-01 9.863607363585830123e-01 9.843731820653780495e-01 9.787958014481719093e-01 9.735875902266943882e-01 9.728662566963804936e-01 9.734537238702402062e-01 9.739052095866914671e-01 9.738137942976758943e-01 9.730423469203447473e-01 9.712177014762876093e-01 9.675169659356428475e-01 9.618246532795113879e-01 9.560608877056187005e-01 9.521280390559119233e-01 9.497970010809334562e-01 9.482132282197198725e-01 9.469621298585531033e-01 9.459059480441979195e-01 9.455382345690700463e-01 9.456717338601179357e-01 9.460115412286084213e-01 9.464601791321457513e-01 9.469782412475082900e-01 9.475471084610564976e-01 9.481543098673846925e-01 9.489847351846011358e-01 9.500754732975066341e-01 9.510935720490205636e-01 9.518881046062031004e-01 9.525172123436023153e-01 9.536868679828660600e-01 9.558325195541828023e-01 9.586076537162805389e-01 9.613598387516795185e-01 9.636320943043820142e-01 9.653004151541070277e-01 9.664407756861990162e-01 9.671878805616260788e-01 9.676661467255264215e-01 9.679686442739507957e-01 9.681595094724181338e-01 9.682831014854507146e-01 9.683730753499653066e-01 9.684589293901503249e-01 9.685693535773920448e-01 9.687321214602261366e-01 9.689714262810851242e-01 9.693043410892356881e-01 9.697375901112467167e-01 9.702647859661733820e-01 9.708692520395073577e-01 9.715255265359002967e-01 9.722038267232351316e-01 9.728762507989748842e-01 9.735175524663015612e-01 9.741082490019956630e-01 9.746376306371649090e-01 9.750976698530458009e-01
0.000000000000000000e+00 9.999999999998705480e-01 9.999999288228157424e-01 9.999808574146937801e-01 9.997767740476165566e-01 9.991338419106774449e-01 9.979552753196546666e-01 9.962889760332527267e-01 9.941594187191262755e-01 9.923441940277349937e-01 9.896625220405252943e-01 9.871019587258239580e-01 9.858062906005187198e-01 9.827070241496058678e-01 9.764257210647964147e-01 9.731719524686802680e-01 9.731291290155443807e-01 9.736145256574407769e-01 9.737691606274448963e-01 9.733351522032741565e-01 9.721217720964592246e-01 9.695350128422997038e-01 9.648886974166818176e-01 9.590111229352603628e-01 9.541552005700542072e-01 9.511413929498184761e-01 9.492352946887463450e-01 9.478149035987062376e-01 9.466453593192806215e-01 9.456419824906548977e-01 9.453198754468573606e-01 9.454839570253135150e-01 9.458381747193854716e-01 9.462931248341418522e-01 9.468155453773324792e-01 9.473901605935013404e-01 9.480064617582940611e-01 9.488647884550172051e-01 9.500159586613766693e-01 9.511074111198355441e-01 9.519573402678059848e-01 9.525429257834521213e-01 9.533098186065244173e-01 9.547803240051420115e-01 9.569994327438952064e-01 9.595605426753318623e-01 9.619656168367892723e-01 9.639266433318416372e-01 9.653842779184198530e-01 9.664068107828422960e-01 9.671006157649950641e-01 9.675634834604746048e-01 9.678708726864979628e-01 9.680761746969316350e-01 9.682175246936826074e-01 9.683238070353648030e-01 9.684201327167077933e-01 9.685304356610265897e-01 9.686781143607016142e-01 9.688847591267976123e-01 9.691670478288851864e-01 9.695344382191215526e-01 9.699874818039427860e-01 9.705159642774457973e-01 9.711035062700169584e-01 9.717267549304591245e-01 9.723613090245164514e-01 9.729842971261150053e-01 9.735749415687829922e-01 9.741200942342680413e-01
0.000000000000000000e+00 9.999999999998877565e-01 9.999997434270458951e-01 9.999618710333391114e-01 9.996569456597259595e-01 9.988302243215776421e-01 9.974504354585057575e-01 9.956962876749592128e-01 9.932269189738165416e-01 9.914632762022769219e-01 9.882297839287316199e-01 9.865390921336354424e-01 9.848301662989474847e-01 9.802410896444898603e-01 9.746772462919817137e-01 9.731541778969083900e-01 9.733460931223204549e-01 9.736023697251675602e-01 9.734075115533499245e-01 9.725725663740979465e-01 9.707518998025246315e-01 9.672126685633561927e-01 9.618699884476925588e-01 9.564693261533978585e-01 9.526984085603900088e-01 9.503646691722923423e-01 9.487310588179844739e-01 9.474300272951237112e-01 9.463307585555916779e-01 9.453760995340998452e-01 9.450959199868833593e-01 9.452840648866148721e-01 9.456459805900246929e-01 9.461020468319755183e-01 9.466248733657527392e-01 9.472021431455508456e-01 9.478250242440249274e-01 9.487095515139514212e-01 9.499233480080765402e-01 9.510986344854011065e-01 9.520275493129476407e-01 9.526244843556940234e-01 9.531421226864754681e-01 9.540597340724024100e-01 9.556448429653970900e-01 9.577839933919174431e-01 9.601038642372086152e-01 9.622399387723197250e-01 9.639936023126001174e-01 9.653261450270017585e-01 9.662904649012110658e-01 9.669688653886816532e-01 9.674400896660486637e-01 9.677667608411220090e-01 9.679956116269454736e-01 9.681601184527980353e-01 9.682858441456283494e-01 9.683941566305049875e-01 9.685050730624330528e-01 9.686379473347912494e-01 9.688113342976694131e-01 9.690413137284846767e-01 9.693390829700782030e-01 9.697106236165794479e-01 9.701526783410243659e-01 9.706564394929944051e-01 9.712069927753891330e-01 9.717848396754525941e-01 9.723706024955434124e-01 9.729451559459395549e-01
0.000000000000000000e+00 9.999999999992688071e-01 9.999988728331240528e-01 9.999178065537772664e-01 9.994460269895960591e-01 9.983570608026135496e-01 9.966620353629596085e-01 9.946074347223209378e-01 9.924643902379586269e-01 9.898438424921998102e-01 9.871581751891836953e-01 9.857826610179473148e-01 9.830197137098396487e-01 9.773895614450837099e-01 9.738253389910350721e-01 9.732748162454391005e-01 9.734100367549510802e-01 9.733346854637775492e-01 9.727335422856560054e-01 9.713782187689806724e-01 9.687148475708670103e-01 9.642222722413096303e-01 9.588159874559616380e-01 9.544271936900814435e-01 9.516008552944431598e-01 9.497070243152093694e-01 9.482547942703215549e-01 9.470498957083075542e-01 9.460139312103599263e-01 9.451049240148805541e-01 9.448618865562525837e-01 9.450656230905354338e-01 9.454277416381247079e-01 9.458793873806446983e-01 9.463982992200137279e-01 9.469744937926010131e-01 9.476007414391621753e-01 9.485082707631620202e-01 9.497845569249969699e-01 9.510520943447416942e-01 9.520820262864837513e-01 9.527372907284715753e-01 9.531302662741047982e-01 9.536545796503431704e-01 9.546490621110147456e-01 9.562133404716155471e-01 9.581949102034761356e-01 9.602936061970712700e-01 9.622332737533028091e-01 9.638588614024857781e-01 9.651315235038434581e-01 9.660853156659896523e-01 9.667813721505912339e-01 9.672832708328300555e-01 9.676450050157933136e-01 9.679080187302627758e-01 9.681033053327880999e-01 9.682541384331543322e-01 9.683792863040083798e-01 9.684953928644358667e-01 9.686183786374614746e-01 9.687636161374733046e-01 9.689456230727844233e-01 9.691761140287149523e-01 9.694639265360864844e-01 9.698124325040139437e-01 9.702194081101305212e-01 9.706777978383656080e-01 9.711766558425967144e-01 9.716998894566567513e-01
0.000000000000000000e+00 9.999999999302708886e-01 9.999933156735646422e-01 9.997995868907724182e-01 9.990355862171329537e-01 9.976137070392776529e-01 9.957148981003417498e-01 9.931873873050696133e-01 9.911182869530494877e-01 9.879472515121383580e-01 9.862296689512537462e-01 9.843270547467738441e-01 9.800155374260574037e-01 9.752248939920604709e-01 9.735606875993648712e-01 9.733096655235869976e-01 9.731818028847563085e-01 9.726836732652831552e-01 9.715771478932949679e-01 9.694769685449473595e-01 9.658020292188643774e-01 9.608194953013704520e-01 9.561592310057629440e-01 9.528975285043714827e-01 9.507221713751551340e-01 9.491041703794711459e-01 9.477868117543898352e-01 9.466657091365449084e-01 9.456885885203483166e-01 9.448230455041243259e-01 9.446105673461013819e-01 9.448192513084435751e-01 9.451732560080839951e-01 9.456143865416219985e-01 9.461243046396811129e-01 9.466948003802858613e-01 9.473200855137202669e-01 9.482453461816643392e-01 9.495807603819202969e-01 9.509464036790274966e-01 9.520980014406426051e-01 9.528557625388348606e-01 9.532242320083388343e-01 9.535092655350642099e-01 9.540456770540826081e-01 9.550146472972828038e-01 9.564564732439103656e-01 9.582427841337213259e-01 9.601447989033439212e-01 9.619436015812824481e-01 9.635013240872677409e-01 9.647678895836749868e-01 9.657543996206330306e-01 9.665024839518098210e-01 9.670618910334786156e-01 9.674791700419959062e-01 9.677921070161273898e-01 9.680302975042954783e-01 9.682161394057429149e-01 9.683671286054841287e-01 9.684977508764701648e-01 9.686210867658253676e-01 9.687494092495703146e-01 9.688948669058038421e-01 9.690684261353557094e-01 9.692796107667224215e-01 9.695353657242311574e-01 9.698393809574703539e-01 9.701912798043118569e-01 9.705869165532468035e-01
0.000000000000000000e+00 9.999998606868124584e-01 9.999238316117392555e-01 9.993510041555765389e-01 9.980322997513259020e-01 9.961215426187576272e-01 9.936683540821142913e-01 9.915134618477438044e-01 9.884306427883969848e-01 9.863737004636234929e-01 9.844518572631838493e-01 9.811398875055661328e-01 9.766453490193753861e-01 9.741785465555450330e-01 9.733657256693116766e-01 9.729721196103865433e-01 9.723978789442030424e-01 9.713429503371812102e-01 9.694957697830858256e-01 9.663842365046246830e-01 9.620105645981420484e-01 9.575313982583968375e-01 9.540901511447628103e-01 9.516988604921550188e-01 9.499280147808847330e-01 9.485035074273520106e-01 9.473010549519456092e-01 9.462585988421483574e-01 9.453388261374273682e-01 9.445162998627227857e-01 9.443249146301342378e-01 9.445247297448159385e-01 9.448605670275176394e-01 9.452833601976590172e-01 9.457772794766808877e-01 9.463353913078843549e-01 9.469531913608354445e-01 9.478870303601670821e-01 9.492733022148950317e-01 9.507405953081674577e-01 9.520358386868863487e-01 9.529445840385714073e-01 9.533808664692803303e-01 9.535573512632111726e-01 9.537979903647000324e-01 9.542738400989093650e-01 9.551054682524509065e-01 9.563295987810089827e-01 9.578705643141850468e-01 9.595698753452673868e-01 9.612523864063667878e-01 9.627846878426340460e-01 9.640953163955535699e-01 9.651669851069553108e-01 9.660168451473953866e-01 9.666782178089184940e-01 9.671887829264524949e-01 9.675830043914749323e-01 9.678896817802526975e-01 9.681316861161365361e-01 9.683268833026018596e-01 9.684893670154630652e-01 9.686306451480218849e-01 9.687610207915519078e-01 9.688899140601691107e-01 9.690263001519300312e-01 9.691786395708242852e-01 9.693545764865370007e-01 9.695603412308220204e-01 9.698004953280279228e-01
-1.000000000000000000e+00 -1.000000000000000000e+00 9.991337393980401771e-01 9.976717921483306828e-01 9.956634257722504211e-01 9.932348126446987058e-01 9.908405420530367325e-01 9.880095072675179058e-01 9.858848193502371959e-01 9.836380277114364912e-01 9.804535115565785608e-01 9.771472098562898889e-01 9.747440542726462098e-01 9.734414979003389590e-01 9.726250070280133553e-01 9.717855819633653969e-01 9.705947685097980893e-01 9.687601613877935280e-01 9.659607981616362693e-01 9.622161251429063311e-01 9.582795054317869710e-01 9.549978813158533919e-01 9.525409617308748800e-01 9.506685729706685350e-01 9.491590429261900219e-01 9.478884263720730452e-01 9.467895987880605713e-01 9.458219165355619129e-01 9.449579302903032829e-01 9.441777466552512266e-01 9.439925089248202283e-01 9.441666486005521053e-01 9.444725095947624771e-01 9.448670880501951475e-01 9.453356008681333966e-01 9.458717822588027513e-01 9.464723131361291175e-01 9.473983254549160904e-01 9.488150159056012445e-01 9.503768607274679647e-01 9.518304096586758245e-01 9.529355287315144363e-01 9.535313222701797820e-01 9.537172655385047770e-01 9.538272961467056943e-01 9.540043803490427798e-01 9.543551675416462876e-01 9.549702594061021399e-01 9.559008288872518078e-01 9.571309573345705424e-01 9.585750698901223110e-01 9.601078172453678672e-01 9.616061323528054539e-01 9.629772983059274871e-01 9.641708777335071812e-01 9.651725659049217310e-01 9.659906233403113829e-01 9.666488572283022940e-01 9.671735519898597699e-01 9.675915961478683824e-01 9.679262590564506885e-01 9.681973335950432302e-01 9.684200921392855932e-01 9.686070387135954363e-01 9.687683084660185795e-01 9.689121972112141323e-01 9.690460471512118978e-01 9.691765868155617358e-01 9.693101714258729462e-01 9.694524270853953629e-01
-1.000000000000000000e+00 -1.000000000000000000e+00 -1.000000000000000000e+00 9.951660364715411156e-01 9.927546769648138980e-01 9.902201644341287468e-01 9.875890895583009366e-01 9.852841004505029643e-01 9.828599499744059553e-01 9.799827405975891637e-01 9.772080512523952933e-01 9.751397153677990870e-01 9.735168847378944390e-01 9.722924279972648964e-01 9.711646925709449540e-01 9.698266495248337726e-01 9.680127534598220729e-01 9.655034644518051268e-01 9.623175404976684888e-01 9.589054011093401941e-01 9.558462970265982905e-01 9.533801087235833638e-01 9.514275519504292733e-01 9.498373074889265855e-01 9.484979004948245196e-01 9.473408323195745551e-01 9.463230677718110773e-01 9.454154533748931888e-01 9.445969244414099686e-01 9.438516520976517610e-01 9.436581668506835996e-01 9.437981472569400010e-01 9.440692723574695133e-01 9.444313806793160904e-01 9.448698023873987051e-01 9.453784852619098178e-01 9.459548298358434471e-01 9.468563199487857185e-01 9.482733051320856310e-01 9.499000171990794605e-01 9.514912630243677061e-01 9.527882567104722922e-01 9.535768976536639352e-01 9.538451305247145351e-01 9.539459451257451539e-01 9.540153215275608556e-01 9.541363483102941467e-01 9.543829283020648369e-01 9.548266842523800424e-01 9.555231471040530611e-01 9.564894874331199004e-01 9.576914963316185414e-01 9.590498466081073259e-01 9.604649828217626251e-01 9.618431659141983836e-01 9.631139529339305394e-01 9.642376458945521867e-01 9.651994335687746895e-01 9.660039972741413239e-01 9.666668983611159671e-01 9.672083726576422569e-01 9.676497911742510949e-01 9.680105674049360731e-01 9.683074530824137272e-01 9.685550520446802869e-01 9.687642666523026413e-01 9.689445008404250492e-01 9.691031756734173053e-01 9.692466459423403347e-01 9.693803787436481301e-01
-1.000000000000000000e+00 -1.000000000000000000e+00 -1.000000000000000000e+00 -1.000000000000000000e+00 9.896704581256526856e-01 9.871033314769689371e-01 9.846501251150160394e-01 9.822077604076657753e-01 9.796432073302189236e-01 9.771862579720484998e-01 9.751331812028432022e-01 9.734966801913983447e-01 9.719784107764110059e-01 9.705748830196729848e-01 9.690898514962100752e-01 9.673019677254636184e-01 9.650484375203343124e-01 9.623279512644010714e-01 9.593867431083576980e-01 9.565925651857721812e-01 9.541821577269722354e-01 9.521858759421393259e-01 9.505281673866620151e-01 9.491235167992859711e-01 9.479083356805775296e-01 9.468393817670625046e-01 9.458865742994426729e-01 9.450280096889698278e-01 9.442471739468815128e-01 9.435313576466146657e-01 9.433204075618996098e-01 9.434224814984095708e-01 9.436564918675057756e-01 9.439835751105903894e-01 9.443887303191454974e-01 9.448658253171801080e-01 9.454126190852836231e-01 9.462747636228383552e-01 9.476621984525848141e-01 9.493199358274210242e-01 9.510222887523361868e-01 9.524968169036689414e-01 9.534866136319081198e-01 9.538731896942486133e-01 9.540266997600358456e-01 9.540864393274253175e-01 9.541258183397774983e-01 9.542001930852860303e-01 9.543636086504981852e-01 9.546736510726274716e-01 9.551841506316197661e-01 9.559296008873441330e-01 9.569090737808435554e-01 9.580822215600889313e-01 9.593786909104564664e-01 9.607158258817398711e-01 9.620173775365827851e-01 9.632270110217793224e-01 9.643096501985507496e-01 9.652515375549268750e-01 9.660541922894998468e-01 9.667273697842817537e-01 9.672876602423696735e-01 9.677520610188928840e-01 9.681370217928303434e-01 9.684580113637368814e-01 9.687278809541345348e-01 9.689573467090721870e-01 9.691550222135438819e-01 9.693281543285452440e-01
-1.000000000000000000e+00 -1.000000000000000000e+00 -1.000000000000000000e+00 -1.000000000000000000e+00 -1.000000000000000000e+00 9.840767557312473102e-01 9.816720268285756834e-01 9.793141012250594635e-01 9.770353557882194284e-01 9.749695094943887641e-01 9.731844339200356186e-01 9.716346822452738285e-01 9.700497321333777512e-01 9.684370754887664523e-01 9.666711622580774765e-01 9.646258489125878466e-01 9.622730175887925785e-01 9.597294602600275892e-01 9.572118826552211690e-01 9.549132725213045347e-01 9.529183704253610943e-01 9.512160454672349275e-01 9.497555048282761980e-01 9.484854777633960898e-01 9.473659727311802836e-01 9.463674439453628739e-01 9.454678031963839047e-01 9.446501629608931028e-01 9.439013952115415940e-01 9.432111856208261758e-01 9.429785836306832092e-01 9.430423236473489679e-01 9.432388219052729728e-01 9.435299175027994645e-01 9.439002188878187205e-01 9.443432837176390926e-01 9.448569168759157755e-01 9.456686515922297920e-01 9.470002694718272496e-01 9.486527964353462794e-01 9.504332318282378012e-01 9.520647076654954466e-01 9.532504136593610289e-01 9.537701751640245140e-01 9.540079497133521214e-01 9.541087945725432728e-01 9.541441604335074711e-01 9.541611789588277937e-01 9.541990997823169840e-01 9.542986403042464927e-01 9.545062209764033634e-01 9.548708609820713011e-01 9.554335991232317804e-01 9.562145275848961123e-01 9.572030903500574617e-01 9.583569888920820956e-01 9.596126837505372098e-01 9.608999218415340549e-01 9.621543002140062750e-01 9.633279172357758213e-01 9.643893626431938593e-01 9.653248129096331231e-01 9.661331559200225794e-01 9.668214503157652739e-01 9.674022631664001004e-01 9.678898170959663316e-01 9.682987496090795787e-01 9.686425442147492681e-01 9.689334200080959025e-01 9.691816358615633620e-01
-1.000000000000000000e+00 -1.000000000000000000e+00 -1.000000000000000000e+00 -1.000000000000000000e+00 -1.000000000000000000e+00 -1.000000000000000000e+00 -1.000000000000000000e+00 9.767326473569951650e-01 9.746748794496508106e-01 9.727925641172338045e-01 9.711049611869537745e-01 9.695707553970174253e-01 9.679078337534768872e-01 9.661567774731802949e-01 9.642628343207363395e-01 9.621832826048684062e-01 9.599568906415177905e-01 9.576991576559159558e-01 9.555472859176282752e-01 9.535973858144087822e-01 9.518801826843099612e-01 9.503794946094263896e-01 9.490620600864263512e-01 9.478952007829718474e-01 9.468520271084243101e-01 9.459113146918839421e-01 9.450563390945063702e-01 9.442738403163334349e-01 9.435532405265637523e-01 9.428860515014224619e-01 9.426317077892762963e-01 9.426590206786072956e-01 9.428192282059165708e-01 9.430748954339490675e-01 9.434102613630721557e-01 9.438184624222013541e-01 9.442971328792083563e-01 9.450521609543315327e-01 9.463083031443145776e-01 9.479206746450176135e-01 9.497399734697212770e-01 9.515006964689816105e-01 9.528695311255140910e-01 9.535254122200317317e-01 9.538619798623850787e-01 9.540301149769545574e-01 9.541018971918492353e-01 9.541220361793143478e-01 9.541232475534230373e-01 9.541344606654813543e-01 9.541869465588328492e-01 9.543178858295527922e-01 9.545700096952332014e-01 9.549850390668037647e-01 9.555940750575940834e-01 9.564066627965783773e-01 9.574058399859143309e-01 9.585497971852677823e-01 9.597816970932506742e-01 9.610385708131344851e-01 9.622663758399943035e-01 9.634203845864379723e-01 9.644735855547158510e-01 9.654119819122293222e-01 9.662317363359061995e-01 9.669385179016084519e-01 9.675416285229376800e-01 9.680533478060755481e-01 9.684864090510115764e-01 9.688528143887377153e-01
-1.000000000000000000e+00 -1.000000000000000000e+00 -1.000000000000000000e+00 -1.000000000000000000e+00 -1.000000000000000000e+00 -1.000000000000000000e+00 -1.000000000000000000e+00 -1.000000000000000000e+00 9.723796897901493264e-01 9.706100819228542509e-01 9.689886172941873932e-01 9.674812156817380604e-01 9.657823392088064063e-01 9.639849300558452905e-01 9.620903749377944791e-01 9.600998585140800845e-01 9.580644011876376931e-01 9.560694755589816962e-01 9.541972615416518533e-01 9.524961583711167856e-01 9.509761717710878415e-01 9.496233859417366752e-01 9.484156927260213310e-01 9.473312215954087234e-01 9.463510053041228609e-01 9.454592703727024983e-01 9.446430671794346923e-01 9.438918106099483118e-01 9.431968493848309487e-01 9.425510874059197519e-01 9.422777404236450938e-01 9.422721937848013152e-01 9.423987171866401447e-01 9.426208055441885891e-01 9.429224693861522066e-01 9.432964165083378427e-01 9.437399300338906727e-01 9.444365899324124181e-01 9.456056409719735267e-01 9.471485145066239619e-01 9.489643651570266458e-01 9.508180710673974634e-01 9.523506016551676057e-01 9.531388902363513438e-01 9.535791098960847423e-01 9.538272144307090583e-01 9.539564921643195472e-01 9.540113839414140484e-01 9.540225059950214748e-01 9.540136784841853901e-01 9.540068534741594775e-01 9.540263032598521598e-01 9.541017001878778769e-01 9.542689919743826410e-01 9.545671708930263399e-01 9.550313156091240208e-01 9.556842401482591454e-01 9.565276146685942615e-01 9.575409720595203789e-01 9.586837959876849391e-01 9.599031288513800719e-01 9.611440977475035341e-01 9.623575255896046343e-01 9.635045052890265360e-01 9.645580065854791885e-01 9.655051723051897294e-01 9.663412697576367894e-01 9.670690066500261528e-01 9.676962076782172906e-01 9.682328634457800787e-01
-1.000000000000000000e+00 -1.000000000000000000e+00 -1.000000000000000000e+00 -1.000000000000000000e+00 -1.000000000000000000e+00 -1.000000000000000000e+00 -1.000000000000000000e+00 -1.000000000000000000e+00 -1.000000000000000000e+00 9.685312778157565416e-01 9.669764588622594692e-01 9.655172609756732527e-01 9.638132451383025767e-01 9.620247441798472909e-01 9.601894305646119232e-01 9.583246651336536637e-01 9.564745785785758736e-01 9.546964978996652640e-01 9.530375146073112314e-01 9.515211284146602999e-01 9.501491272663219467e-01 9.489109055664519676e-01 9.477914555748297998e-01 9.467755327037612467e-01 9.458492754709817429e-01 9.450006520476486038e-01 9.442194468693907439e-01 9.434970763577449349e-01 9.428263541232890788e-01 9.422012575159158798e-01 9.419133630169538307e-01 9.418796504657056534e-01 9.419761683530274432e-01 9.421675809368492693e-01 9.424378597136077174e-01 9.427793129839235897e-01 9.431888434772508489e-01 9.438289475312884313e-01 9.449067312422935183e-01 9.463592805411648046e-01 9.481315438546016328e-01 9.500343365177602584e-01 9.517027299995269862e-01 9.526147875811853405e-01 9.531579840034331008e-01 9.534911125055706149e-01 9.536885198770927996e-01 9.537949798768469156e-01 9.538406205458954679e-01 9.538475770763101824e-01 9.538338350626586193e-01 9.538163673608889281e-01 9.538141438581744236e-01 9.538507363436737885e-01 9.539558004636355948e-01 9.541636972809883765e-01 9.545096148793162927e-01 9.550222460035466820e-01 9.557171079453148366e-01 9.565910767293447359e-01 9.576213629711631814e-01 9.587685499697478075e-01 9.599841949594131174e-01 9.612191349439878074e-01 9.624269369475171310e-01 9.635741717283305974e-01 9.646352131163870025e-01 9.655958255718798400e-01 9.664511713046106678e-01 9.672020885375719468e-01
-1.000000000000000000e+00 -1.000000000000000000e+00 -1.000000000000000000e+00 -1.000000000000000000e+00 -1.000000000000000000e+00 -1.000000000000000000e+00 -1.000000000000000000e+00 -1.000000000000000000e+00 -1.000000000000000000e+00 -1.000000000000000000e+00 9.651342504611659656e-01 9.637319874441944156e-01 9.620134646402683787e-01 9.602493422033184789e-01 9.584920620434671523e-01 9.567568743419275767e-01 9.550729237487747270e-01 9.534733767948289085e-01 9.519824047522857935e-01 9.506102791909708527e-01 9.493559076416201448e-01 9.482116197059463625e-01 9.471669682715145866e-01 9.462109705662921089e-01 9.453332263196341234e-01 9.445243840507900890e-01 9.437762611484890041e-01 9.430818018499355082e-01 9.424349629920797389e-01 9.418305734838942067e-01 9.415334704162631185e-01 9.414770805389762742e-01 9.415480078759344007e-01 9.417123887951214245e-01 9.419543600319586485e-01 9.422659380584166300e-01 9.426435265987055390e-01 9.432309332806477764e-01 9.442188187338914629e-01 9.455685549789488720e-01 9.472633087441372224e-01 9.491674932052676095e-01 9.509343328096698800e-01 9.519560814593408526e-01 9.525975728633142570e-01 9.530164751590414207e-01 9.532870905672532480e-01 9.534542970732770018e-01 9.535482322679927902e-01 9.535905180456705210e-01 9.535977669239542598e-01 9.535838860302777720e-01 9.535621966633446300e-01 9.535475663452986916e-01 9.535586128633728453e-01 9.536192309861506455e-01 9.537587670440349497e-01 9.540095454514905260e-01 9.544023497037841253e-01 9.549609633033859790e-01 9.556947003695287490e-01 9.565972057646628945e-01 9.576441389543663973e-01 9.587987815720052653e-01 9.600164460468995076e-01 9.612508847230867293e-01 9.624611699979395141e-01 9.636152937097819393e-01 9.646878450584559506e-01 9.656673341510625397e-01
-1.000000000000000000e+00 -1.000000000000000000e+00 -1.000000000000000000e+00 -1.000000000000000000e+00 -1.000000000000000000e+00 -1.000000000000000000e+00 -1.000000000000000000e+00 -1.000000000000000000e+00 -1.000000000000000000e+00 -1.000000000000000000e+00 -1.000000000000000000e+00 9.620651171562052406e-01 9.602328850409085348e-01 9.585091142299332345e-01 9.568550250133511792e-01 9.552614860817659759e-01 9.537372184304782063e-01 9.522961381283028270e-01 9.509489496937776343e-01 9.497000643653634722e-01 9.485481205034648200e-01 9.474878714835095472e-01 9.465120449914756762e-01 9.456126815359690019e-01 9.447819439393583263e-01 9.440125392327839426e-01 9.432978953743049733e-01 9.426321971275766209e-01 9.420103486168741602e-01 9.414279032267169889e-01 9.411276212519921192e-01 9.410544696226010863e-01 9.411045166577268750e-01 9.412457418081473515e-01 9.414626305918671889e-01 9.417470583248624960e-01 9.420949897167175680e-01 9.426339663377160116e-01 9.435355339301875199e-01 9.447746233373148783e-01 9.463619472272465361e-01 9.482164570041534679e-01 9.500340105327901297e-01 9.511454844497909678e-01 9.518778214343008859e-01 9.523815476658026302e-01 9.527287844421632457e-01 9.529636526465796731e-01 9.531159685936602122e-01 9.532070557453581339e-01 9.532529849794876275e-01 9.532664789439140307e-01 9.532584340103947840e-01 9.532392660888652225e-01 9.532205624202633176e-01 9.532166918278185408e-01 9.532464223283554361e-01 9.533334963801471940e-01 9.535061875246814145e-01 9.537941184149910656e-01 9.542245210318996973e-01 9.548163903139262887e-01 9.555763905907141975e-01 9.564961762902383091e-01 9.575524022736222607e-01 9.587105374643606348e-01 9.599296863086351772e-01 9.611673680954029297e-01 9.623859024298372367e-01 9.635535842210005697e-01
-1.000000000000000000e+00 -1.000000000000000000e+00 -1.000000000000000000e+00 -1.000000000000000000e+00 -1.000000000000000000e+00 -1.000000000000000000e+00 -1.000000000000000000e+00 -1.000000000000000000e+00 -1.000000000000000000e+00 -1.000000000000000000e+00 -1.000000000000000000e+00 -1.000000000000000000e+00 -1.000000000000000000e+00 9.566313347215591456e-01 9.551498095015334977e-01 9.537305478602333686e-01 9.523741581599157735e-01 9.510870631681672682e-01 9.498755013493621613e-01 9.487427285208830385e-01 9.476885552822015280e-01 9.467100532604890706e-01 9.458025651906233344e-01 9.449605867299455397e-01 9.441783919045011464e-01 9.434504190521971756e-01 9.427714785642135054e-01 9.421368433422223632e-01 9.415422687703409732e-01 9.409839740551850795e-01 9.406875592017461818e-01 9.406046698608450107e-01 9.406395897800375883e-01 9.407624099527704953e-01 9.409582582381186278e-01 9.412189959785053350e-01 9.415402771420806616e-01 9.420364800205196509e-01 9.428590691288160075e-01 9.439864154402034524e-01 9.454430305311688487e-01 9.471942202543098821e-01 9.490008276075760918e-01 9.501708823064272114e-01 9.509792409307395999e-01 9.515619215823556409e-01 9.519855643356859298e-01 9.522919337528912287e-01 9.525097137098643696e-01 9.526596086342027370e-01 9.527571033391730726e-01 9.528143349326587686e-01 9.528411135539118781e-01 9.528459317426717368e-01 9.528369299986015895e-01 9.528229282367945974e-01 9.528147754755639243e-01 9.528265741396129140e-01 9.528767888903791894e-01 9.529883961392144887e-01 9.531876644525563158e-01 9.535018647153039595e-01 9.539549355515160034e-01 9.545633477001876921e-01 9.553328009829503698e-01 9.562545858325867121e-01 9.573081358415015396e-01 9.584623339107839479e-01 9.596804085039613019e-01 9.609219590497539709e-01
-1.000000000000000000e+00 -1.000000000000000000e+00 -1.000000000000000000e+00 -1.000000000000000000e+00 -1.000000000000000000e+00 -1.000000000000000000e+00 -1.000000000000000000e+00 -1.000000000000000000e+00 -1.000000000000000000e+00 -1.000000000000000000e+00 -1.000000000000000000e+00 -1.000000000000000000e+00 -1.000000000000000000e+00 -1.000000000000000000e+00 9.535831230848362816e-01 9.523131819838777101e-01 9.510972360589462493e-01 9.499384195180730073e-01 9.488409021030206336e-01 9.478074549863404474e-01 9.468386645757774778e-01 9.459330988054309719e-01 9.450878555376298618e-01 9.442991508781233279e-01 9.435627981137731934e-01 9.428745432020709805e-01 9.422302743166324213e-01 9.416261377567123336e-01 9.410585908937155741e-01 9.405244159386756397e-01 9.402374265939593689e-01 9.401526844658337767e-01 9.401803088917347617e-01 9.402921957370844463e-01 9.404741875145676833e-01 9.407182250604905205e-01 9.410197043141012019e-01 9.414832862831645777e-01 9.422438337729606150e-01 9.432785857674563790e-01 9.446157316018002348e-01 9.462483056073115462e-01 9.479959274819890203e-01 9.491828777599806699e-01 9.500364802941543285e-01 9.506754645600085096e-01 9.511587252890182365e-01 9.515243296720318211e-01 9.517989804161083311e-01 9.520022686374205456e-01 9.521490503131140315e-01 9.522508893975294431e-01 9.523170487236690684e-01 9.523552230517235984e-01 9.523722010499465762e-01 9.523745143148679704e-01 9.523691676645317239e-01 9.523646937862013662e-01 9.523721783310824529e-01 9.524063130925114473e-01 9.524858311160653290e-01 9.526335287734964963e-01 9.528743974794487981e-01 9.532332400824947705e-01 9.537311516568968139e-01 9.543809336656023934e-01 9.551855556289340354e-01 9.561359759949823456e-01 9.572108112090281784e-01 9.583804202996688559e-01
-1.000000000000000000e+00 -1.000000000000000000e+00 -1.000000000000000000e+00 -1.000000000000000000e+00 -1.000000000000000000e+00 -1.000000000000000000e+00 -1.000000000000000000e+00 -1.000000000000000000e+00 -1.000000000000000000e+00 -1.000000000000000000e+00 -1.000000000000000000e+00 -1.000000000000000000e+00 -1.000000000000000000e+00 -1.000000000000000000e+00 -1.000000000000000000e+00 9.509677944602622501e-01 9.498751898880489763e-01 9.488284888353543112e-01 9.478311441724036612e-01 9.468859161507809930e-01 9.459940512370663690e-01 9.451552139753692794e-01 9.443677855287991862e-01 9.436292680380152786e-01 9.429366571897876970e-01 9.422867312667355666e-01 9.416762517320254045e-01 9.411020899492831271e-01 9.405612992651548598e-01 9.400511497647640047e-01 9.397777039590176074e-01 9.396975740301793945e-01 9.397247010449086835e-01 9.398324512823669208e-01 9.400072623544623029e-01 9.402411833424667575e-01 9.405294206359127163e-01 9.409693031636857663e-01 9.416823574424749710e-01 9.426428890723306253e-01 9.438777916713660954e-01 9.453942406910449403e-01 9.470564640076375440e-01 9.482273966422408717e-01 9.490976118827886276e-01 9.497693915526886910e-01 9.502934516712912005e-01 9.507033619991819284e-01 9.510231828036739277e-01 9.512709804599868146e-01 9.514605909335711598e-01 9.516029366600256001e-01 9.517067350533631176e-01 9.517791513416974380e-01 9.518263446276852280e-01 9.518538178411866113e-01 9.518669290958465812e-01 9.518715132951685032e-01 9.518745865712898713e-01 9.518853538150244820e-01 9.519159289763137188e-01 9.519823304933293651e-01 9.521042992228724300e-01 9.523045334187774102e-01 9.526070603605085729e-01 9.530340148659208754e-01 9.536029913379938661e-01 9.543223838965682049e-01 9.551914528039164853e-01 9.561971785003737789e-01
-1.000000000000000000e+00 -1.000000000000000000e+00 -1.000000000000000000e+00 -1.000000000000000000e+00 -1.000000000000000000e+00 -1.000000000000000000e+00 -1.000000000000000000e+00 -1.000000000000000000e+00 -1.000000000000000000e+00 -1.000000000000000000e+00 -1.000000000000000000e+00 -1.000000000000000000e+00 -1.000000000000000000e+00 -1.000000000000000000e+00 -1.000000000000000000e+00 -1.000000000000000000e+00 9.486990080031548755e-01 9.477522327052335660e-01 9.468445192077548089e-01 9.459788798357106065e-01 9.451571584066846832e-01 9.443798775112248745e-01 9.436464042271169861e-01 9.429552396989859808e-01 9.423043162720134980e-01 9.416912478778578510e-01 9.411135181298275754e-01 9.405686101589096904e-01 9.400540895841053013e-01 9.395676529756118445e-01 9.393107144089156701e-01 9.392402923184056673e-01 9.392726292476847316e-01 9.393821564081147324e-01 9.395557611241586171e-01 9.397855508339580943e-01 9.400665554514429090e-01 9.404904412347482312e-01 9.411680752951074869e-01 9.420703128476433097e-01 9.432208024120209977e-01 9.446326191252285565e-01 9.462008426603695233e-01 9.473345560156795075e-01 9.481988470442278549e-01 9.488826031353008172e-01 9.494293507502996610e-01 9.498680761413129670e-01 9.502201445596305529e-01 9.505016858421688752e-01 9.507254535431192144e-01 9.509014623833804691e-01 9.510378385586621963e-01 9.511412367748203200e-01 9.512173261999661289e-01 9.512710418321028705e-01 9.513069529253600498e-01 9.513296128472261692e-01 9.513440343376731168e-01 9.513563469150524421e-01 9.513745906839283784e-01 9.514095374967089791e-01 9.514753664129638189e-01 9.515899961759477499e-01 9.517745285950784950e-01 9.520516531706968433e-01 9.524437605271183216e-01 9.529699854039489493e-01 9.536422792794370107e-01 9.544636763898564080e-01
-1.000000000000000000e+00 -1.000000000000000000e+00 -1.000000000000000000e+00 -1.000000000000000000e+00 -1.000000000000000000e+00 -1.000000000000000000e+00 -1.000000000000000000e+00 -1.000000000000000000e+00 -1.000000000000000000e+00 -1.000000000000000000e+00 -1.000000000000000000e+00 -1.000000000000000000e+00 -1.000000000000000000e+00 -1.000000000000000000e+00 -1.000000000000000000e+00 -1.000000000000000000e+00 -1.000000000000000000e+00 9.467131822681718045e-01 9.458857589500001550e-01 9.450919601043229479e-01 9.443341345095415118e-01 9.436134746684969876e-01 9.429301111855201700e-01 9.422833283692229056e-01 9.416718064836850921e-01 9.410938400105952617e-01 9.405475120604056549e-01 9.400308227834142105e-01 9.395417778464744130e-01 9.390784455863607771e-01 9.388401115286170162e-01 9.387833828997264041e-01 9.388256387778510792e-01 9.389419819141447965e-01 9.391195803695387978e-01 9.393505378603125289e-01 9.396296659787413130e-01 9.400441894957355382e-01 9.406962660107509588e-01 9.415534063661773478e-01 9.426354727326254901e-01 9.439572070418826844e-01 9.454337445192567690e-01 9.465195787587905585e-01 9.473628990342900513e-01 9.480427230064393251e-01 9.485967848809264691e-01 9.490503467713435892e-01 9.494220905699171098e-01 9.497265096138242102e-01 9.499749587723026467e-01 9.501765751111981295e-01 9.503388280429524437e-01 9.504678359883685923e-01 9.505688343884630687e-01 9.506462692904025236e-01 9.507042211974412460e-01 9.507465833901029839e-01 9.507773570587034762e-01 9.508010916062294982e-01 9.508235126753953326e-01 9.508521745840942119e-01 9.508972817490304319e-01 9.509723118413151433e-01 9.510943387606647370e-01 9.512837267920234430e-01 9.515624126690336304e-01 9.519528585324511516e-01 9.524741891490344781e-01 9.531393629673573509e-01
-1.000000000000000000e+00 -1.000000000000000000e+00 -1.000000000000000000e+00 -1.000000000000000000e+00 -1.000000000000000000e+00 -1.000000000000000000e+00 -1.000000000000000000e+00 -1.000000000000000000e+00 -1.000000000000000000e+00 -1.000000000000000000e+00 -1.000000000000000000e+00 -1.000000000000000000e+00 -1.000000000000000000e+00 -1.000000000000000000e+00 -1.000000000000000000e+00 -1.000000000000000000e+00 -1.000000000000000000e+00 -1.000000000000000000e+00 -1.000000000000000000e+00 9.442323022838008395e-01 9.435322523769291703e-01 9.428632446889435581e-01 9.422259883328623076e-01 9.416203741974426000e-01 9.410456749470751392e-01 9.405007356141490416e-01 9.399841337445452583e-01 9.394943033625245965e-01 9.390296251582713749e-01 9.385884886489910262e-01 9.383702531996704899e-01 9.383304091015444159e-01 9.383864923295653915e-01 9.385139868894194493e-01 9.387001191320635263e-01 9.389368843398478992e-01 9.392188731872302965e-01 9.396297733964570353e-01 9.402644775806058286e-01 9.410871843013365323e-01 9.421142121805510250e-01 9.433600249817186700e-01 9.447526573625989466e-01 9.457874004802547807e-01 9.466012740666854830e-01 9.472662986380969707e-01 9.478161723705991193e-01 9.482731643459545445e-01 9.486538193355693593e-01 9.489710765336515363e-01 9.492351526903671788e-01 9.494543392159245920e-01 9.496353739344151057e-01 9.497838434488277137e-01 9.499045219694851605e-01 9.500014869493434988e-01 9.500784612911482574e-01 9.501388654735944961e-01 9.501861531487927337e-01 9.502240374701979020e-01 9.502569790656412163e-01 9.502907216919904698e-01 9.503329940551568100e-01 9.503943289231124858e-01 9.504885390340755968e-01 9.506329714908464679e-01 9.508480465942462656e-01 9.511561231070736477e-01 9.515791423292955242e-01 9.521352996241699840e-01
-1.000000000000000000e+00 -1.000000000000000000e+00 -1.000000000000000000e+00 -1.000000000000000000e+00 -1.000000000000000000e+00 -1.000000000000000000e+00 -1.000000000000000000e+00 -1.000000000000000000e+00 -1.000000000000000000e+00 -1.000000000000000000e+00 -1.000000000000000000e+00 -1.000000000000000000e+00 -1.000000000000000000e+00 -1.000000000000000000e+00 -1.000000000000000000e+00 -1.000000000000000000e+00 -1.000000000000000000e+00 -1.000000000000000000e+00 -1.000000000000000000e+00 -1.000000000000000000e+00 9.427581205100510342e-01 9.421357948226266599e-01 9.415405413954056613e-01 9.409727102850424796e-01 9.404320360680342716e-01 9.399178037637634375e-01 9.394289944108281665e-01 9.389644025116036241e-01 9.385227251895330580e-01 9.381026266007058689e-01 9.379056484632256607e-01 9.378854207160680634e-01 9.379587761427128356e-01 9.381012577238239114e-01 9.382999636712849867e-01 9.385466848596427658e-01 9.388357515394448738e-01 9.392480399802903834e-01 9.398722311172790222e-01 9.406691799800273035e-01 9.416519664320405214e-01 9.428342105049998256e-01 9.441524663483850111e-01 9.451371795824570210e-01 9.459178325009884869e-01 9.465616592256791417e-01 9.470994244616496305e-01 9.475513444097355409e-01 9.479323727372352959e-01 9.482541839724928368e-01 9.485260248918333525e-01 9.487554149824922733e-01 9.489484898801147095e-01 9.491103199731510953e-01 9.492452753213621586e-01 9.493570905696061546e-01 9.494491318440276828e-01 9.495245434690759989e-01 9.495864298990693841e-01 9.496380521262549612e-01 9.496832122456102532e-01 9.497266468477151280e-01 9.497747884402449881e-01 9.498363044881303896e-01 9.499231094250090157e-01 9.500504820923361127e-01 9.502373281498976976e-01 9.505054156210589467e-01 9.508772040860640207e-01 9.513743607055064055e-01
-1.000000000000000000e+00 -1.000000000000000000e+00 -1.000000000000000000e+00 -1.000000000000000000e+00 -1.000000000000000000e+00 -1.000000000000000000e+00 -1.000000000000000000e+00 -1.000000000000000000e+00 -1.000000000000000000e+00 -1.000000000000000000e+00 -1.000000000000000000e+00 -1.000000000000000000e+00 -1.000000000000000000e+00 -1.000000000000000000e+00 -1.000000000000000000e+00 -1.000000000000000000e+00 -1.000000000000000000e+00 -1.000000000000000000e+00 -1.000000000000000000e+00 -1.000000000000000000e+00 -1.000000000000000000e+00 9.414362674679642717e-01 9.408789594442744653e-01 9.403454948122172974e-01 9.398359622340665132e-01 9.393499940372453949e-01 9.388868972606648766e-01 9.384457632598108834e-01 9.380255539157417166e-01 9.376251662691363897e-01 9.374505510068685821e-01 9.374525924658957399e-01 9.375465350448978219e-01 9.377076453583025328e-01 9.379226912823269702e-01 9.381831723561733227e-01 9.384831640264611474e-01 9.389014024859926311e-01 9.395210597710562661e-01 9.402993502253116365e-01 9.412464605482939728e-01 9.423751882420591253e-01 9.436281771432393217e-01 9.445659633036648239e-01 9.453125386371876715e-01 9.459317194534664353e-01 9.464523998572533792e-01 9.468933549297526842e-01 9.472684203417762738e-01 9.475882981315176812e-01 9.478615022531784451e-01 9.480949269219434150e-01 9.482941894936233185e-01 9.484639430490845458e-01 9.486081489224215124e-01 9.487302441948280984e-01 9.488333457205804233e-01 9.489204411161905606e-01 9.489943553866063697e-01 9.490581957422830062e-01 9.491154335930674923e-01 9.491703998435854217e-01 9.492288936253783227e-01 9.492988972421363414e-01 9.493914079205814094e-01 9.495210254484782730e-01 9.497060751208570295e-01 9.499682121395641721e-01 9.503309232955264862e-01 9.508171093631712090e-01
-1.000000000000000000e+00 -1.000000000000000000e+00 -1.000000000000000000e+00 -1.000000000000000000e+00 -1.000000000000000000e+00 -1.000000000000000000e+00 -1.000000000000000000e+00 -1.000000000000000000e+00 -1.000000000000000000e+00 -1.000000000000000000e+00 -1.000000000000000000e+00 -1.000000000000000000e+00 -1.000000000000000000e+00 -1.000000000000000000e+00 -1.000000000000000000e+00 -1.000000000000000000e+00 -1.000000000000000000e+00 -1.000000000000000000e+00 -1.000000000000000000e+00 -1.000000000000000000e+00 -1.000000000000000000e+00 -1.000000000000000000e+00 9.402448460787595774e-01 9.397424430851764043e-01 9.392612168938591077e-01 9.388010713445773536e-01 9.383615750367799713e-01 9.379420624096942438e-01 9.375417157525972600e-01 9.371596286300760692e-01 9.370087791741671390e-01 9.370361001080120822e-01 9.371542195652896590e-01 9.373376897670880892e-01 9.375727944992107155e-01 9.378507392569115364e-01 9.381653456667005120e-01 9.385938419714988656e-01 9.392144691938691947e-01 9.399801700048782127e-01 9.408982195277221239e-01 9.419810933266320463e-01 9.431765082354017782e-01 9.440708815999376835e-01 9.447838924412589323e-01 9.453768401055179238e-01 9.458774349303492590e-01 9.463034815045171522e-01 9.466680350976508507e-01 9.469811753775460028e-01 9.472508361307844238e-01 9.474834017668840591e-01 9.476840612745219827e-01 9.478571326394656937e-01 9.480062770737258671e-01 9.481347199880381105e-01 9.482454436118674668e-01 9.483412599582079494e-01 9.484250454851620438e-01 9.484997830483936632e-01 9.485689676791951852e-01 9.486369748774697852e-01 9.487096039127157487e-01 9.487951166008959936e-01 9.489048141813427595e-01 9.490539978382226405e-01 9.492620552339844364e-01 9.495518537468736753e-01 9.499484586010576992e-01 9.504760822004438836e-01
-1.000000000000000000e+00 -1.000000000000000000e+00 -1.000000000000000000e+00 -1.000000000000000000e+00 -1.000000000000000000e+00 -1.000000000000000000e+00 -1.000000000000000000e+00 -1.000000000000000000e+00 -1.000000000000000000e+00 -1.000000000000000000e+00 -1.000000000000000000e+00 -1.000000000000000000e+00 -1.000000000000000000e+00 -1.000000000000000000e+00 -1.000000000000000000e+00 -1.000000000000000000e+00 -1.000000000000000000e+00 -1.000000000000000000e+00 -1.000000000000000000e+00 -1.000000000000000000e+00 -1.000000000000000000e+00 -1.000000000000000000e+00 -1.000000000000000000e+00 9.391658566962924892e-01 9.387102534633122719e-01 9.382735896499058148e-01 9.378556430216562489e-01 9.374559466909646588e-01 9.370738662001292241e-01 9.367086607794000708e-01 9.365837316041452087e-01 9.366402853293158692e-01 9.367868832421760716e-01 9.369968659493677077e-01 9.372559911238914632e-01 9.375551980048205669e-01 9.378880986661465302e-01 9.383312517602963032e-01 9.389583450819889432e-01 9.397168425751155629e-01 9.406109459779729010e-01 9.416532492536726640e-01 9.427966049732250386e-01 9.436505273921891312e-01 9.443307927207865715e-01 9.448967982897937823e-01 9.453754076426096331e-01 9.457838843889082581e-01 9.461347498495311648e-01 9.464376379549096496e-01 9.467000650222709979e-01 9.469280383148535041e-01 9.471264376479124891e-01 9.472992780703778370e-01 9.474500571774976398e-01 9.475819395054380090e-01 9.476978654371518429e-01 9.478007397050973726e-01 9.478935480202974606e-01 9.479794948537167976e-01 9.480623364588890434e-01 9.481469672819590189e-01 9.482401062370870992e-01 9.483512919921609496e-01 9.484939586773185605e-01 9.486861098585281926e-01 9.489502282388244669e-01 9.493123830907085337e-01 9.497999672181635100e-01 9.504382397188518850e-01
-1.000000000000000000e+00 -1.000000000000000000e+00 -1.000000000000000000e+00 -1.000000000000000000e+00 -1.000000000000000000e+00 -1.000000000000000000e+00 -1.000000000000000000e+00 -1.000000000000000000e+00 -1.000000000000000000e+00 -1.000000000000000000e+00 -1.000000000000000000e+00 -1.000000000000000000e+00 -1.000000000000000000e+00 -1.000000000000000000e+00 -1.000000000000000000e+00 -1.000000000000000000e+00 -1.000000000000000000e+00 -1.000000000000000000e+00 -1.000000000000000000e+00 -1.000000000000000000e+00 -1.000000000000000000e+00 -1.000000000000000000e+00 -1.000000000000000000e+00 -1.000000000000000000e+00 -1.000000000000000000e+00 9.377690189647942542e-01 9.373706965214027020e-01 9.369891048898262298e-01 9.366237622624143944e-01 9.362740678199854560e-01 9.361787363384754812e-01 9.362702663216508903e-01 9.364508971774617718e-01 9.366923537574912695e-01 9.369799471727996432e-01 9.373045202774433760e-01 9.376595773425543401e-01 9.381221696478007077e-01 9.387617621719537286e-01 9.395184174716082470e-01 9.403924746549487956e-01 9.413970570073273425e-01 9.424910892755710146e-01 9.433061077347660861e-01 9.439539626926464200e-01 9.444923111403542570e-01 9.449474786926105319e-01 9.453363863518832177e-01 9.456712284480133235e-01 9.459613239172669497e-01 9.462138704257417876e-01 9.464346034167310240e-01 9.466281642524889683e-01 9.467985240952718762e-01 9.469491926770149393e-01 9.470834741028366643e-01 9.472045338608459097e-01 9.473156018058188632e-01 9.474199830811463885e-01 9.475213692271921007e-01 9.476243323365326487e-01 9.477351533329924083e-01 9.478628529737754826e-01 9.480206250454008554e-01 9.482268235468213069e-01 9.485053116305388610e-01 9.488846433974329475e-01 9.493958532714456000e-01 9.500679491227752571e-01 9.509240432789202169e-01
-1.000000000000000000e+00 -1.000000000000000000e+00 -1.000000000000000000e+00 -1.000000000000000000e+00 -1.000000000000000000e+00 -1.000000000000000000e+00 -1.000000000000000000e+00 -1.000000000000000000e+00 -1.000000000000000000e+00 -1.000000000000000000e+00 -1.000000000000000000e+00 -1.000000000000000000e+00 -1.000000000000000000e+00 -1.000000000000000000e+00 -1.000000000000000000e+00 -1.000000000000000000e+00 -1.000000000000000000e+00 -1.000000000000000000e+00 -1.000000000000000000e+00 -1.000000000000000000e+00 -1.000000000000000000e+00 -1.000000000000000000e+00 -1.000000000000000000e+00 -1.000000000000000000e+00 -1.000000000000000000e+00 -1.000000000000000000e+00 9.369074825381006333e-01 9.365424143573031213e-01 9.361923866489091361e-01 9.358569173315034462e-01 9.357979634202649999e-01 9.359334303299777780e-01 9.361556534182483569e-01 9.364347454271724214e-01 9.367559847048504418e-01 9.371104503000740049e-01 9.374918169349661934e-01 9.379794071426428292e-01 9.386388626548136660e-01 9.393998584585558920e-01 9.402571677381177384e-01 9.412242594382962402e-01 9.422679330964878197e-01 9.430432052203818749e-01 9.436575630537989978e-01 9.441668657138759801e-01 9.445969711908369648e-01 9.449645229413737857e-01 9.452815424055180937e-01 9.455570511099523623e-01 9.457980969581017971e-01 9.460103042858224454e-01 9.461984136205723317e-01 9.463667082513869122e-01 9.465191374617185627e-01 9.466594562303841665e-01 9.467913837308850056e-01 9.469184890585520264e-01 9.470447121380397570e-01 9.471747234142515737e-01 9.473152115540449669e-01 9.474762255290267721e-01 9.476730764453985545e-01 9.479275493578627199e-01 9.482684417019459078e-01 9.487301424192701171e-01 9.493490943495478396e-01 9.501577506638746451e-01 9.511787035040636384e-01 9.524179100420879784e-01
