0.000000000000000000e+00 0.000000000000000000e+00 1.422619403111292218e-292 4.541544770582230905e-241 3.184572544954555162e-205 5.707903976758975631e-178 3.594568810960001563e-156 3.754028119967710494e-138 6.470578291999238215e-123 8.177109594676584185e-110 2.089507344591054548e-98 2.418860824201930746e-88 1.570639460780108076e-78 2.022692059712212966e-69 3.553443606395564059e-61 8.940173817116506114e-54 3.715327215342273434e-47 3.004317108065615566e-41 5.548256913009621279e-36 2.730000175632281317e-31 4.167487857296683799e-27 2.347162393358853547e-23 6.561863956940084176e-20 6.449737826453378396e-14 3.916355425027274727e-10 7.837435460461227449e-08 6.054284015992132159e-06 1.532377667990936351e-03 3.002985340147006424e-02 2.916762626229474908e-01 7.339393442996212658e-01 8.792627434998758762e-01 9.005383278260193913e-01 9.053189723071957129e-01 9.066624332420525345e-01 9.057572361616429424e-01 9.027684821217342170e-01 8.912520641828134416e-01 7.653499032126287460e-01 2.996168356869409743e-01 3.730106302699593562e-02 1.518170191111031407e-03 2.818132397070048205e-06 6.324928715796233551e-08 1.731012014587911836e-09 2.899868355563629339e-11 6.899506724952836736e-16 1.871004558764926739e-17 9.972746319912770237e-19 6.881408516010185016e-20 5.586548110373913479e-21 5.114338221509917492e-22 5.173355572655915611e-23 5.675501744953820627e-24 6.685043062543044844e-25 8.419002685543979029e-26 1.125021155008689775e-26 1.587620603937720116e-27 2.358021168694209902e-28 3.665435502732677453e-29 5.961864531599589249e-30 1.012751732260396016e-30 1.784518224126553826e-31 3.268410983283819659e-32 6.200885859048467678e-33 1.218306137989098738e-33 2.465977483742563697e-34 5.140346995142900491e-35 1.108902628251211993e-35 2.448615097635386870e-36
0.000000000000000000e+00 0.000000000000000000e+00 1.132101215119897940e-291 3.367654513423727705e-240 2.216731541487221621e-204 3.751816624923935889e-177 2.231663906605786002e-155 2.199181750752854364e-137 3.576365784118899936e-122 4.263479739770006674e-109 1.027631961806236262e-97 1.121784371337265993e-87 6.835087818797201249e-78 8.239056657154295646e-69 1.350779925185154085e-60 3.173077301228956871e-53 1.231063871105720849e-46 9.288302495257278110e-41 1.602871401810885716e-35 7.385120554121496819e-31 1.062183524586028735e-26 5.724018139502492850e-23 1.641533842996770852e-19 6.354570035394670522e-13 8.218001094311455863e-10 1.442612992972705769e-07 1.022326112342714656e-05 2.402147768973535765e-03 4.371408606426908233e-02 3.765491944954796888e-01 8.062242718184552404e-01 8.958911493746132271e-01 9.070011617798552361e-01 9.107969186634318204e-01 9.120828181519966549e-01 9.112203756132364330e-01 9.083781783298178203e-01 8.993904117685375121e-01 8.235253528973335291e-01 3.806164184052207577e-01 5.280158759928745005e-02 2.317940374520592595e-03 4.688650892998085021e-06 1.140332004658905909e-07 3.486833763653370812e-09 8.485970004525649846e-11 2.857280999196071826e-15 4.341898240927857068e-17 2.170990556974335898e-18 1.478295804975764265e-19 1.201795788603175943e-20 1.106941140288948382e-21 1.127938914300340293e-22 1.250683263497084733e-23 1.489460665372620671e-24 1.897067470955263604e-25 2.563665919463354802e-26 3.643399185321681827e-27 5.481245820747959389e-28 8.602093272999601008e-29 1.412438975889176179e-29 2.411579006827936402e-30 4.301194397773961728e-31 7.940892927859830346e-32 1.515903353643289252e-32 3.002076061815396564e-33 6.135429534431196099e-34 1.293747235490431802e-34 2.794922342156729896e-35 6.253647273250350856e-36
0.000000000000000000e+00 0.000000000000000000e+00 9.392806927147270268e-291 2.588968570085109424e-239 1.610452952099179476e-203 2.565013379921550558e-176 1.435878535089410851e-154 1.331509044969367750e-136 2.038326585511185892e-121 2.288698189344777933e-108 5.196455496760343765e-97 5.339993685770478142e-87 3.043611381131230309e-77 3.427038814414463848e-68 5.246258761346846817e-60 1.147941755037263008e-52 4.147881315580834444e-46 2.916157883487106758e-40 4.692783008333558470e-35 2.023098493059464431e-30 2.738897666493950133e-26 1.416745862213948761e-22 4.306591913433283452e-19 2.297843018892783730e-12 1.701874015885464829e-09 2.647719974007613562e-07 1.723461314628367574e-05 3.757560541488805684e-03 6.325056309049194303e-02 4.743656494060642381e-01 8.570735385107157711e-01 9.051275414331442226e-01 9.124624442073033803e-01 9.161276237150960400e-01 9.174219973046150445e-01 9.166010081439426305e-01 9.138401079651091719e-01 9.055845639156424598e-01 8.625332748368234048e-01 4.727101944712355786e-01 7.430499531388250201e-02 3.531581155575462452e-03 7.784428893401231089e-06 2.042087280662459621e-07 6.872277494405603190e-09 2.104394196963440396e-10 3.006996079444959395e-13 1.085232403329477501e-16 4.859584435236588698e-18 3.229797213293507094e-19 2.612752258674878481e-20 2.419435019404469472e-21 2.487328836398617504e-22 2.779757863660578475e-23 3.347238233438740150e-24 4.307786327369596023e-25 5.880836683142046631e-26 8.462714475251399079e-27 1.283750285299065655e-27 2.036498950715891074e-28 3.374644011422469699e-29 5.827825851592303542e-30 1.045568847746579394e-30 1.947371467419293913e-31 3.763699551867067553e-32 7.498990221343219920e-33 1.540147085712331354e-33 3.266496849671431747e-34 7.139861448864672020e-35 1.599854908024277658e-35
0.000000000000000000e+00 0.000000000000000000e+00 8.131063886006490623e-290 2.091260221257574518e-238 1.214496864164637104e-202 1.818605568571813754e-175 9.572376902222925136e-154 8.341502259763953849e-136 1.200480830426682584e-120 1.265999194887688405e-107 2.702304050230028247e-96 2.608216965741616301e-86 1.391523331816331926e-76 1.460108013477505592e-67 2.077987080767627853e-59 4.229955323987461967e-52 1.420588411762781637e-45 9.293972402500199346e-40 1.393190236302669959e-34 5.610003722406466809e-30 7.150551485453713954e-26 3.566152703848064370e-22 1.215818155958206359e-18 6.632940143113422409e-12 3.490139004026341540e-09 4.847916377256954223e-07 2.900691079754853953e-05 5.863166930153443368e-03 9.082499424529781595e-02 5.799617727644889031e-01 8.874175143089831908e-01 9.113781745025505421e-01 9.177476576389511642e-01 9.213732185842476996e-01 9.227110448388230468e-01 9.219335959351125931e-01 9.192499438903786180e-01 9.111820247807819184e-01 8.854018936657929162e-01 5.714446613618522353e-01 1.037557344355533595e-01 5.366430556668810165e-03 1.288551757204321512e-05 3.641771542164808379e-07 1.336382714873290331e-08 4.813496827118477579e-10 8.028497164967457097e-12 3.087476694118682657e-16 1.126309064119570105e-17 7.181888300032364542e-19 5.767508890907307384e-20 5.346414703791355399e-21 5.533952962235152503e-22 6.247234522185454177e-23 7.607849819953286902e-24 9.873032495777872967e-25 1.359862844753375719e-25 1.983208229550612016e-26 3.027096482449248804e-27 4.859124729321360321e-28 8.127445239634941883e-29 1.417698918530082472e-29 2.568033506036122826e-30 4.831992682151318042e-31 9.393589617135961773e-32 1.888596891500492912e-32 3.911974781086104339e-33 8.377759273532892053e-34 1.832994384542523906e-34 4.162773119078850270e-35
0.000000000000000000e+00 0.000000000000000000e+00 7.352909151884618701e-289 1.754229420858231746e-237 9.545841760374957014e-202 1.340596647876065035e-174 6.624485636096153964e-153 5.414201016323636618e-135 7.314046199242921110e-120 7.224903826687730430e-107 1.446103495327985227e-95 1.310475847756241517e-85 6.517060502254388726e-76 6.360993510525626703e-67 8.416466088200865393e-59 1.589166972703693302e-51 4.954752837505304092e-45 3.008298729268107787e-39 4.192938548789305529e-34 1.575744420192576956e-29 1.892394962384671956e-25 9.154788430386619827e-22 3.920992911318101038e-18 1.733030238244160511e-11 7.103232996193442838e-09 8.857954724781821173e-07 4.873860702699368678e-05 9.122789790675262314e-03 1.291498873034677419e-01 6.843148480374336984e-01 9.033170294160383085e-01 9.167313865792198202e-01 9.229915190075231868e-01 9.265719743745688408e-01 9.278848986469451221e-01 9.271483829176725422e-01 9.245233802526102718e-01 9.166518289216042392e-01 8.979845186134962631e-01 6.692334125748614637e-01 1.435051576880615465e-01 8.136315904897427689e-03 2.129533114817303610e-05 6.465932654965599431e-07 2.565247755640875670e-08 1.049957566620539227e-09 3.022142828103866224e-11 1.226329193802850030e-15 2.749093252483886578e-17 1.638639655783063904e-18 1.294740895453377417e-19 1.198281141990638041e-20 1.245008578452972814e-21 1.415929289732462056e-22 1.740156092962342402e-23 2.280415735917180355e-24 3.177210195321038873e-25 4.683562434663127143e-26 7.230739936227293872e-27 1.171501326262196877e-27 1.981003348942516974e-28 3.482130935534733840e-29 6.377307209854106361e-30 1.206327555367815681e-30 2.372273953200886320e-31 4.799179994717247474e-32 1.003482170909451688e-32 2.162955762769246646e-33 4.789348732380395567e-34 1.090763168695407248e-34
0.000000000000000000e+00 0.000000000000000000e+00 6.954025335165334578e-288 1.545798075519305769e-236 7.854461884847242164e-201 1.029857708527068184e-173 4.766406891435661320e-152 3.646084395482632456e-134 4.611523778117271302e-119 4.266704459245023530e-106 7.993795934467856005e-95 6.773088810922018100e-85 3.137882074428966838e-75 2.842259664914339969e-66 3.484120867755753259e-58 6.093432060140128416e-51 1.759193659515894036e-44 9.893540932986868684e-39 1.280395445138546164e-33 4.486303754193859110e-29 5.078761277566060623e-25 2.406097012427493873e-21 1.771521660444463376e-17 4.284901703357263149e-11 1.437170040028184032e-08 1.615440661564298254e-06 8.175439160317382852e-05 1.414802708873810419e-02 1.813320973035855155e-01 7.757445810728161861e-01 9.118432587471548834e-01 9.219321441006855800e-01 9.281072380887220863e-01 9.316458533590816771e-01 9.329301613140534855e-01 9.322317332054906869e-01 9.297070194218262085e-01 9.220290915492184158e-01 9.056802440504237994e-01 7.562838878338156157e-01 1.961220535808847754e-01 1.229190850360555552e-02 3.511109227315118629e-05 1.144145779226067720e-06 4.888482158071693765e-08 2.220266834553603183e-09 8.444355146539760644e-11 7.242693403616023232e-14 7.294201348340386818e-17 3.861610265865416769e-18 2.955978415576909619e-19 2.722534930828772921e-20 2.836468899708022278e-21 3.246135101300695340e-22 4.023328593980875126e-23 5.335257974633774348e-24 7.510936224271582948e-25 1.115188958503288497e-25 1.743294796913493717e-26 2.850971416467984192e-27 4.875087978469740171e-28 8.663485277462881589e-29 1.594523631993499476e-29 3.056035505218430956e-30 6.051116918098354312e-31 1.233366916294163116e-31 2.600640671575730854e-32 5.662638192105198099e-33 1.259956458608588942e-33 2.901629165355310044e-34
0.000000000000000000e+00 0.000000000000000000e+00 6.960283054862911589e-287 1.422716396107579724e-235 6.752107429712121357e-200 8.260825483909353974e-173 3.571187879734713003e-151 2.549847452405593701e-133 3.012162980808217735e-118 2.602915527207813187e-105 4.552800402472399910e-94 3.607713911812355165e-84 1.551756495873500392e-74 1.301932575780496364e-65 1.475297981903626532e-57 2.384713624879033045e-50 6.361571440568425835e-44 3.309091885798236127e-38 3.968816719411432972e-33 1.295313392346843124e-28 1.383941934406755532e-24 6.509296527014546391e-21 1.626543910190879969e-15 1.023685553398858420e-10 2.894659191797297870e-08 2.940895818540477272e-06 1.368997802684620972e-04 2.185491073040399940e-02 2.504120938040420574e-01 8.441473026673842472e-01 9.177197859748219555e-01 9.270525201435798612e-01 9.331420735044451131e-01 9.365773061776678787e-01 9.378248698781088688e-01 9.371607396845093030e-01 9.347408504483483149e-01 9.273316819811652234e-01 9.116721743282092394e-01 8.239625047471966779e-01 2.637782733372634469e-01 1.851385762626564513e-02 5.777185986762475471e-05 2.018542340035471291e-06 9.238296995584767755e-08 4.587448992225647066e-09 2.097445061520873865e-10 4.349679943891187239e-12 2.270168803517492405e-16 9.495092751600490648e-18 6.919406280324204712e-19 6.295265951490233119e-20 6.543489916824661747e-21 7.542644763870380755e-22 9.406868071365562835e-23 1.259631666997269256e-23 1.792603208301205375e-24 2.690894502253259398e-25 4.239774285713200679e-26 7.000456713846183987e-27 1.207997961360486924e-27 2.166832955897667231e-28 4.042375598029231358e-29 7.795284530430935081e-30 1.556491221165055240e-30 3.211024133655373979e-31 6.812297834447169468e-32 1.490792909029016624e-32 3.356619528651701266e-33 7.761719120829893051e-34
0.000000000000000000e+00 0.000000000000000000e+00 7.324781694347064202e-286 1.383225011051422383e-234 6.080779654033242398e-199 6.935317270366085568e-172 2.790872140791737161e-150 1.858464689230600736e-132 2.045214150818273414e-117 1.646783136940881133e-104 2.685260901955452766e-93 1.980164815319010194e-83 7.893313958545214965e-74 6.119580886293118783e-65 6.396365993253895429e-57 9.534753128086470674e-50 2.345244337212776452e-43 1.125737047515578853e-37 1.249239333380252286e-32 3.794828154430702731e-28 3.835117149370168524e-24 1.828479433580247961e-20 1.056205392330025194e-13 2.389639917555350404e-10 5.808315235993722788e-08 5.345242676770936663e-06 1.551461103212263895e-03 3.359090335232059465e-02 3.383778410292983541e-01 8.863192633191748770e-01 9.228887445598447092e-01 9.321147819054029782e-01 9.380368008419789350e-01 9.413408760058826763e-01 9.425398597450741489e-01 9.419070496752411925e-01 9.396185286131770731e-01 9.324898657139633062e-01 9.172221203735886341e-01 8.685888146514040287e-01 3.479264178325475187e-01 2.775918896162977295e-02 9.487783011170854511e-05 3.552131095006555697e-06 1.737546529953669101e-07 9.345158511058724387e-09 4.888801246443569111e-10 1.798911518364862368e-11 1.146126833863089647e-15 2.496264455477674540e-17 1.671581302991517851e-18 1.483418625020067994e-19 1.537140953799391553e-20 1.773988320465917443e-21 2.229666011352648258e-22 3.010056061545021101e-23 4.319399326593421009e-24 6.545673930078854486e-25 1.044028062078378215e-25 1.741433236714686830e-26 3.034498414748113339e-27 5.498887652717318086e-28 1.031935694279263476e-28 2.014883750900993369e-29 4.060037379196782400e-30 8.431663303998523108e-31 1.805649679567366322e-31 3.991141495883561047e-32 9.037109327905148389e-33 2.106596947914825649e-33
0.000000000000000000e+00 0.000000000000000000e+00 8.090717301427607631e-285 1.411286142652610642e-233 5.754662605097135401e-198 6.104363773781047248e-171 2.281289744643420177e-149 1.412273812372341809e-131 1.443557670363004740e-116 1.079411506134227072e-103 1.637400059701906408e-92 1.122758737233665124e-82 4.138383453599026822e-73 2.955010489726173173e-64 2.842356414888457775e-56 3.896631892126013141e-49 8.817062215788228203e-43 3.898584262801916907e-37 3.995221108283593169e-32 1.128929342034179497e-27 1.082712340384954626e-23 5.414073269520334436e-20 4.884083872271711701e-13 5.489954474740279794e-10 1.161963642208870556e-07 9.702248236423122711e-06 2.584979566076125047e-03 5.130562408610099545e-02 4.445961119953155127e-01 9.077771469566242590e-01 9.279878277293677202e-01 9.370535929646991447e-01 9.427662742964098008e-01 9.459414418851158635e-01 9.470654465849626114e-01 9.464662537791850294e-01 9.442888140102846384e-01 9.374937496882393972e-01 9.226793348799038341e-01 8.934864996264788584e-01 4.473064215089267992e-01 4.142225602255275585e-02 1.057458469796076876e-03 6.232889676521497326e-06 3.252099194574574105e-07 1.880706216911988948e-08 1.094536093930667332e-09 5.335247208594937840e-11 3.622225684780827146e-13 7.399475838631802798e-17 4.206573867945163638e-18 3.581470379872547667e-19 3.670035717064378795e-20 4.236350791026912596e-21 5.348948749778204132e-22 7.263602228953946218e-23 1.053147686307062964e-23 1.611230724075858636e-24 2.594433527289066711e-25 4.369969474741653423e-26 7.691157540324918331e-27 1.408283714718168050e-27 2.674256199893310300e-28 5.245521340373681668e-29 1.069217813695854636e-29 2.243160367570579875e-30 4.848243083394929140e-31 1.077739083686607484e-31 2.462954769168097675e-32 5.786115467581328140e-33
0.000000000000000000e+00 0.000000000000000000e+00 9.555412744037579371e-284 1.520192992783611465e-232 5.739272094694222993e-197 5.644684068188112136e-170 1.955136390140254524e-148 1.119218974386996952e-130 1.061701627136709091e-115 7.363764314948614787e-103 1.034364844832908324e-91 6.583173472354573152e-82 2.236454953466683104e-72 1.467568749765670350e-63 1.295847305661376453e-55 1.629419412430474138e-48 3.382653952785054357e-42 1.374924817378312323e-36 1.298854259192673169e-31 3.412641842187771597e-27 3.121229162345106684e-23 1.740502060166101622e-19 1.645054836831197523e-12 1.247197105807360561e-09 2.319328543434033459e-07 1.758358574288784197e-05 4.297217642159927541e-03 7.772128774033301712e-02 5.637025427990085547e-01 9.179768987455740881e-01 9.330319631405193936e-01 9.418502147774523436e-01 9.473342863198438435e-01 9.503044958103080697e-01 9.513553539032953976e-01 9.507862774417212837e-01 9.487323257097569629e-01 9.423118650873475444e-01 9.280167801943340899e-01 9.062201928356176106e-01 5.573096882469709135e-01 6.139659044831334567e-02 1.727592525891274121e-03 1.091634299025718660e-05 6.060881504504351894e-07 3.748972464196084928e-08 2.386587847624604319e-09 1.390006097448802460e-10 4.612554120915245748e-12 2.890717882802609459e-16 1.127785245418236080e-17 8.926574030129494491e-19 8.957542099957535595e-20 1.027378600771964202e-20 1.301918943593359923e-21 1.781089569865806882e-22 2.603452809352393154e-23 4.015858452694421982e-24 6.520281205892101848e-25 1.110468796700741349e-25 1.976382610311489953e-26 3.646433772974404882e-27 6.975208034483061547e-28 1.387698018747874011e-28 2.848884808552191247e-29 6.023423965483118353e-30 1.312543863869283938e-30 2.950858930123616802e-31 6.815798249987104509e-32 1.606576024059518522e-32
0.000000000000000000e+00 0.000000000000000000e+00 1.188656853822255173e-282 1.740074889286474948e-231 6.046745965577780746e-196 5.492910255285824813e-169 1.755721660074102677e-147 9.304745688088450509e-130 8.140468289898190977e-115 5.223989731224495932e-102 6.785576017904497184e-91 3.994978906378018650e-81 1.247614675030611020e-71 7.503877353683453068e-63 6.064341977731926319e-55 6.973005612362357296e-48 1.325442946237388888e-41 4.939531295528054194e-36 4.296902744739602493e-31 1.049892547402581175e-26 9.218933696630860286e-23 6.525423026168659688e-19 4.898467333551918540e-12 2.809024162099529779e-09 4.620292838477207464e-07 3.182233346584089956e-05 7.121359663098625337e-03 1.164518076638174221e-01 6.841147805742069377e-01 9.240857645873707948e-01 9.379401069455888251e-01 9.464784615350798624e-01 9.516660158022379745e-01 9.544507846417451535e-01 9.554112287495796219e-01 9.548737669282267859e-01 9.529614317917576294e-01 9.469373366278273085e-01 9.332723612762346965e-01 9.136649064806299236e-01 6.682804595179291374e-01 9.028191500847798645e-02 2.816821123712459716e-03 1.908054765043113845e-05 1.126534338364041396e-06 7.428523432341202379e-08 5.110948208397088689e-09 3.381966311674093162e-10 1.727790496489630281e-11 7.175523841906928051e-15 3.358469054378661714e-17 2.322088577821238447e-18 2.240605435361129502e-19 2.542230069098418038e-20 3.214598252522456696e-21 4.422168184612635810e-22 6.498956200351448311e-23 1.012396096940768139e-23 1.663287578810220709e-24 2.854581711498055187e-25 5.118183325443918069e-26 9.547114769421415277e-27 1.848999948530089736e-27 3.702665734067874169e-28 7.682521534953817120e-29 1.642148815529685101e-29 3.613546305090199635e-30 8.174538911178935354e-31 1.901035959664081781e-31 4.532898415444647146e-32
0.000000000000000000e+00 0.000000000000000000e+00 1.585876414557816151e-281 2.112501561553116439e-230 6.748777450550005712e-195 5.634000792178715054e-168 1.660832198363308305e-146 8.100242455702084754e-129 6.536578323661671691e-114 3.863269367127185088e-101 4.627771731926060503e-90 2.512656252229549288e-80 7.192321373741120704e-71 3.953801642836668545e-62 2.915987107608638590e-54 3.060019505779790828e-47 5.309950536524869669e-41 1.809784708060592673e-35 1.447108554913288251e-30 3.289476061089633615e-26 2.804212274829597536e-22 3.758430786124957607e-18 1.368982626360172976e-11 6.289087703915340247e-09 9.190061445076324140e-07 5.749787149825706629e-05 1.176238898784356078e-02 1.719004196782578930e-01 7.892589108883024673e-01 9.291831919896010872e-01 9.427503610938213763e-01 9.509219156769045389e-01 9.557777030994608625e-01 9.583386414174241974e-01 9.592086102690057237e-01 9.587001957285212761e-01 9.569262563911460351e-01 9.513181991888767230e-01 9.383683035002100548e-01 9.194775845602896069e-01 7.671132697216679341e-01 1.312761117482494078e-01 4.580617047335551646e-03 3.327786494909075801e-05 2.088013763912655355e-06 1.463179943058174125e-07 1.080268433413745550e-08 7.907015571157582991e-10 5.071218872048812507e-11 1.496118159883516893e-12 1.264425513254166297e-16 6.440065473647815661e-18 5.801069999557479556e-19 6.443872347133490453e-20 8.103525696137039346e-21 1.114295319553954261e-21 1.649386209648250061e-22 2.591820943933040310e-23 4.280521818142998671e-24 7.445055798854047883e-25 1.346483480149963698e-25 2.536268150908712958e-26 4.953671397175557439e-27 1.003773732249672172e-27 2.093327868890524678e-28 4.522275338596318038e-29 1.004365429956355817e-29 2.291865290973762914e-30 5.375340726988363453e-31 1.295704987042243593e-31
0.000000000000000000e+00 0.000000000000000000e+00 2.246554479276703671e-280 2.731294232055921254e-229 7.995955771236866545e-194 6.121428134248316590e-167 1.654546745208062414e-145 7.411321006015981440e-128 5.497285908638216239e-113 2.984207687408341224e-100 3.285895858603059902e-89 1.640389699862941400e-79 4.294475537981863549e-70 2.148925524945391133e-61 1.441806458076258027e-53 1.376743850780675411e-46 2.174221068704797797e-40 6.765342488054006275e-35 4.965572215661640201e-30 1.051782144187372079e-25 8.849546911786527383e-22 1.919921973913633502e-15 3.682869872563708543e-11 1.401755633428294819e-08 1.825410670945159048e-06 1.037087628356854111e-04 1.934075524626757345e-02 2.486852076332354278e-01 8.641963962828712598e-01 9.341895385071737890e-01 9.473986118204740237e-01 9.551348715783902765e-01 9.596320751020027684e-01 9.619606091363641642e-01 9.627403396210053588e-01 9.622604652383862645e-01 9.606239481338862962e-01 9.554658967071686382e-01 9.433055121015103683e-01 9.250206079820677552e-01 8.412921922755118853e-01 1.881871693578395233e-01 7.426599676308526417e-03 5.792324088071080520e-05 3.859700351573877290e-06 2.869085564493291898e-07 2.260218872408195246e-08 1.799879128274593312e-09 1.340647320188080886e-10 7.294497186010535352e-12 1.464556559568980508e-15 1.994406441447004711e-17 1.575383743615925253e-18 1.679430138248188662e-19 2.085864379277218533e-20 2.866340156112933518e-21 4.251100503344225937e-22 6.727595147602206522e-23 1.120432174919296037e-23 1.962798877196236398e-24 3.580457073546422001e-25 6.811311820622209807e-26 1.347065498854081184e-26 2.752846173729037919e-27 5.803777439976817289e-28 1.262660019922816006e-28 2.825263488543262415e-29 6.522311417407580441e-30 1.544058123294140111e-30 3.743903198259566387e-31
0.000000000000000000e+00 0.000000000000000000e+00 3.430866739578421973e-279 3.773385348708118687e-228 1.008120209148710093e-192 7.057020297027722782e-166 1.746080494137177333e-144 7.153403593893150285e-127 4.853345441381618965e-112 2.412927905947311427e-99 2.435436766539407602e-88 1.114630033707013760e-78 2.657233734137628893e-69 1.207389883259559490e-60 7.345930491650075917e-53 6.358738971249594699e-46 9.119895118439500925e-40 2.583036192380125375e-34 1.737287766969765564e-29 3.437183285067218872e-25 2.934795165059920884e-21 3.790501058234978796e-14 9.671255602918665124e-11 3.113288553710812942e-08 3.621258133550600234e-06 1.265162565392574353e-03 3.162534573203337751e-02 3.500095076289223561e-01 9.055181790389866814e-01 9.390987176986976825e-01 9.518874791583614714e-01 9.591148196969153661e-01 9.632264427748166158e-01 9.653336290314982193e-01 9.660236698167363745e-01 9.655786710589155941e-01 9.640934600583058733e-01 9.593876829456535749e-01 9.480848428198942468e-01 9.305127335686701473e-01 8.866314568965505405e-01 2.648491586818639831e-01 1.200524603802498834e-02 1.006522959956865365e-04 7.118356348196901223e-06 5.604816923833159162e-07 4.690956878469915320e-08 4.020747128027844288e-09 3.347609392261246016e-10 2.388908220887447615e-11 7.129453841228968847e-13 7.885983161573004794e-17 4.596035639504689729e-18 4.549912297062505742e-19 5.508626151150961800e-20 7.516055891778108713e-21 1.115498494966441799e-21 1.770997494034415551e-22 2.972196674939920222e-23 5.250135397390998287e-24 9.687142231722576958e-25 1.862036751022220088e-25 3.710597231357223709e-26 7.635074810142597129e-27 1.629075201141121930e-27 3.583368021283052373e-28 8.085994734792832104e-29 1.879925696835165090e-29 4.497296900454050140e-30 1.095616385450998184e-30
0.000000000000000000e+00 0.000000000000000000e+00 5.640101356563645827e-278 5.591746775496899554e-227 1.356392854721280037e-191 8.660641427825706108e-165 1.951760587741204475e-143 7.289618856088136534e-126 4.509242815274032202e-111 2.046032272534541165e-98 1.886208947090762099e-87 7.886602579701460980e-78 1.705861199245300489e-68 7.011770748691441768e-60 3.856818030422425306e-52 3.017217112827915666e-45 3.917835928730848718e-39 1.007804661797693044e-33 6.207563317606790103e-29 1.151405185150150208e-24 1.046988340346032385e-20 1.801461473443282057e-13 2.498859233940276476e-10 6.898937061354148817e-08 7.176766968170935564e-06 2.271374637230929097e-03 5.132425999668602939e-02 4.747913937726938038e-01 9.234239609862978648e-01 9.439575641829236474e-01 9.561902229699614786e-01 9.628869697119611937e-01 9.666345652170441616e-01 9.685335355607512797e-01 9.691643514578270890e-01 9.687962320709263553e-01 9.675115618089485947e-01 9.633493822813223861e-01 9.530689442695491342e-01 9.364107635117813189e-01 9.097389254492781463e-01 3.659881707933887451e-01 1.940527963043431336e-02 1.187422815225696454e-03 1.311779865796203514e-05 1.092345992745272610e-06 9.687091694247335805e-08 8.868128271649954429e-09 8.068268787489875021e-10 6.794314629863041875e-11 4.143360661667297115e-12 1.129094947011428927e-15 1.523646485229672622e-17 1.304713479226625949e-18 1.507968095138964558e-19 2.022624550168196755e-20 2.988265770854719520e-21 4.750855462203042254e-22 8.037812507734579756e-23 1.424664493102766515e-23 2.657335968814654492e-24 5.145740246570981793e-25 1.033197544116839909e-25 2.152523920434970578e-26 4.623765713773750948e-27 1.027875488716194670e-27 2.345661064628880657e-28 5.500364435983988249e-29 1.323420343880880580e-29 3.269543367356132711e-30
0.000000000000000000e+00 0.000000000000000000e+00 1.001209966321101292e-276 8.916119974456099637e-226 1.963728314138156097e-190 1.133447414891781895e-163 2.320396779150809106e-142 7.867574895220926002e-125 4.418900968913601759e-110 1.822438488545613944e-97 1.528507795662369671e-86 5.822367591209126577e-77 1.139317680383568565e-67 4.221560432014993511e-59 2.089701081399628715e-51 1.473316855783369369e-44 1.725845369633935067e-38 4.022539927199282227e-33 2.267545687115400034e-28 3.968792687920411986e-24 4.236282091743335984e-20 6.668308885968671441e-13 6.386657243583402928e-10 1.526024769729668794e-07 1.420746335392251996e-05 4.067601602239059519e-03 8.246225929979181246e-02 6.143412615112426867e-01 9.313622964128366322e-01 9.489251314940878590e-01 9.606055683786320909e-01 9.667988340439933603e-01 9.702224011888450628e-01 9.719882321838705375e-01 9.726543438528346686e-01 9.724830344579111774e-01 9.715656740554962090e-01 9.682445539272042101e-01 9.595661075082768665e-01 9.443761238004854119e-01 9.225199058967433752e-01 5.124634881261995734e-01 3.255244833149319866e-02 2.114034071342305206e-03 2.458391119949704558e-05 2.152099897397631204e-06 2.011230767047010825e-07 1.952802072928922096e-08 1.914549204587298753e-09 1.808213765859638326e-10 1.466802802297843937e-11 5.578536782042115240e-13 6.940856741035678213e-17 4.099439344552062700e-18 4.341364507255433067e-19 5.641267628632714958e-20 8.251992975624656273e-21 1.309837281811615528e-21 2.219807243791228276e-22 3.974334239072988380e-23 7.448241632062590619e-24 1.456587040954020796e-24 2.962617961040011267e-25 6.237758449750655127e-26 1.355080449589757703e-26 3.040645622419710634e-27 7.021834570481613378e-28 1.670030038613289187e-28 4.074072023748253922e-29 1.021534884781997009e-29
0.000000000000000000e+00 0.000000000000000000e+00 1.930704399957778399e-275 1.540457882705363999e-224 3.052094708152761231e-189 1.593044733812394384e-162 2.944301406371866412e-141 9.016914038760933021e-124 4.586887586567580933e-109 1.712812364324684895e-96 1.301966770166070016e-85 4.494445443270175968e-76 7.925115955008344087e-67 2.636409550237164794e-58 1.170641663060913072e-50 7.407105891191206874e-44 7.804518760328542138e-38 1.644280211451961090e-32 8.480810040419920408e-28 1.415302870739608496e-23 2.298850888010321757e-19 2.225961187804200333e-12 1.620017594062811287e-09 3.371276382299812607e-07 2.809684188846891530e-05 7.269321266286076118e-03 1.312664841564030460e-01 7.538917624133881779e-01 9.375180041745846404e-01 9.550764900278658764e-01 9.662078628713306472e-01 9.718476143893554076e-01 9.749257226183033476e-01 9.765794647721757205e-01 9.773478961879513705e-01 9.774902427433358465e-01 9.771156821424843431e-01 9.750825135515944764e-01 9.691727375989253046e-01 9.574232522475044638e-01 9.369782850165977450e-01 7.719319097206529534e-01 7.138171674972396130e-02 4.780319316775190168e-03 5.669837267983166826e-05 5.099428808753523197e-06 4.932336804418385228e-07 5.006800184388748947e-08 5.209534250890832585e-09 5.369670946206092094e-10 5.148267912337552149e-11 3.759416567782344478e-12 5.944821738961146622e-15 1.825178304392545850e-17 1.622173644896035279e-18 2.021455799570604663e-19 2.955023822004171148e-20 4.794653093328276374e-21 8.411983099111048999e-22 1.573125877174203355e-22 3.118426564481829280e-23 6.518500608905951404e-24 1.428085571407742499e-24 3.273294643897603366e-25 7.861573728637055308e-26 1.970470026013020868e-26 5.148488128214341345e-27 1.402206387168173986e-27 3.971144352650771850e-28 1.169386756530866280e-28
0.000000000000000000e+00 0.000000000000000000e+00 4.067454361500796077e-274 2.894495788206592470e-223 5.137929422613991790e-188 2.408455096039187955e-161 4.001506514373166765e-140 1.103388303729221143e-122 5.049003415046014871e-108 1.698587778419371232e-95 1.165907973383095634e-84 3.637289075934292391e-75 5.751744557227854982e-66 1.710643565231153960e-57 6.787155121576601788e-50 3.838881405456002762e-43 3.626673659532568170e-37 6.889805334217060278e-32 3.254554876759353836e-27 5.263827302712407295e-23 1.289629882001842952e-17 7.036794081862864580e-12 4.088401356820349494e-09 7.448318663136793017e-07 5.574580221918005768e-05 1.319093876905030882e-02 2.155735563141694122e-01 8.809649272589528124e-01 9.466737414162094133e-01 9.647877293419697686e-01 9.743784410609992452e-01 9.787421913151306274e-01 9.810247180787701193e-01 9.822728667374313050e-01 9.829351319072807680e-01 9.832190227039109276e-01 9.832238222213396384e-01 9.824126366230271357e-01 9.797288338467700086e-01 9.737510568156917401e-01 9.600354766296455011e-01 9.315093730795850346e-01 3.098079065010716504e-01 2.622115471200796299e-02 2.305644721926391420e-03 3.294330327294909806e-05 3.476031385916100940e-06 3.899133163919771889e-07 4.564335291037705571e-08 5.437067186088449222e-09 6.346873412705573279e-10 6.611622746361570815e-11 4.134399517873941170e-12 7.071432520984121088e-16 3.853497356760432581e-17 4.851420265177982704e-18 7.793444226065921462e-19 1.431766589006431269e-19 2.894464559115856437e-20 6.268918586061740519e-21 1.450493468323046343e-21 3.529898585659671534e-22 8.999465354249352447e-23 2.393000449142975993e-23 6.622465451587648073e-24 1.897620456713670721e-24 5.621003928990309377e-25 1.719895591923218396e-25 5.414925779920531527e-26 1.752261292106463644e-26
0.000000000000000000e+00 0.000000000000000000e+00 9.416132097637742072e-273 5.922693020778834305e-222 9.398956580190687779e-187 3.932387681271545707e-160 5.843624516473339799e-139 1.442530313412815512e-121 5.918598675803426812e-107 1.786594862347458506e-94 1.101271698271482629e-83 3.090669850678012933e-74 4.364538929588037414e-65 1.155424925360237373e-56 4.079379778982847610e-49 2.054951353583253951e-42 1.733421783379272414e-36 2.963266944308133567e-31 1.284691480719529674e-26 2.072273259313004567e-22 4.501295403140395346e-15 2.154824491521785244e-11 1.032053897341860117e-08 1.676008142915229920e-06 1.189916823271645093e-04 2.892835199921514611e-02 4.456900869876544991e-01 9.411306773879841714e-01 9.629583009039751618e-01 9.775550089512380358e-01 9.831295995607983729e-01 9.853456001227977046e-01 9.864556544902312041e-01 9.870635117066308695e-01 9.874022010451428688e-01 9.875753787060999045e-01 9.876337046931128461e-01 9.873993752488139375e-01 9.865679617284205394e-01 9.847367784874108132e-01 9.800502360048495287e-01 9.655550859284756093e-01 9.197944473501193929e-01 3.189318539779693595e-01 4.019620917826394885e-02 4.700898404161832703e-03 8.479896625331162616e-05 1.106382277223680656e-05 1.510297504165676061e-06 2.118486774512939923e-07 2.974132171285914771e-08 3.973982435158262143e-09 4.400249131247517953e-10 1.517252159652301028e-11 4.513418778936277972e-15 4.468761253313285651e-16 7.052940167646681486e-17 1.340809756132454224e-17 2.842452017320112195e-18 6.530362959804725492e-19 1.592828543232683806e-19 4.105767893165911850e-20 1.104457170890466564e-20 3.096818357029585520e-21 8.993767119731078889e-22 2.704064515065457199e-22 8.392853162659316599e-23 2.671974624816350297e-23 8.764069166677303249e-24 2.952668860354380446e-24
0.000000000000000000e+00 0.000000000000000000e+00 2.406458164838980779e-271 1.335503249804654806e-220 1.876572128383182229e-185 6.975480525095054070e-159 9.216212681745484800e-138 2.026573162103315177e-120 7.407273599734797547e-106 1.996702702743539228e-93 1.100494373347756187e-82 2.764316058733448947e-73 3.469443587339872055e-64 8.136082791525547370e-56 2.544699469248365415e-48 1.136774036148565839e-41 8.539387308384662340e-36 1.311135487856799734e-30 5.235346691200186928e-26 8.875124963301806281e-22 2.901358786539844197e-14 6.622961639624611081e-11 2.898430295010029710e-08 5.230009374609282046e-06 3.243489335772745553e-03 1.404148549913694366e-01 9.198920580960596727e-01 9.648017746588314347e-01 9.806777329383495889e-01 9.867818548083562291e-01 9.886304353277917123e-01 9.893425016517075621e-01 9.897058998451564449e-01 9.899111843260776089e-01 9.900284921855119213e-01 9.900897091497351532e-01 9.901104997183615142e-01 9.900257435978646603e-01 9.897620232030688303e-01 9.892683676275217941e-01 9.881834300615434108e-01 9.850047971189633822e-01 9.717820898241507077e-01 9.434932756614691218e-01 7.201324186313834419e-01 1.800168415889446816e-01 2.890881477556563051e-02 4.421429522165980751e-03 9.993245255023115356e-05 1.587834373210890717e-05 2.543710125494542392e-06 4.004698588150770938e-07 5.832489546879195706e-08 6.528128561423153566e-09 3.090251572853864820e-11 8.007114191476945083e-14 1.029905493192530722e-14 1.878106848079545182e-15 4.012217621953304482e-16 9.430362862859689405e-17 2.383320368320045699e-17 6.353997776767609160e-18 1.782412271230720274e-18 5.219074571780640421e-19 1.582698082043734351e-19 4.961130706331098121e-20 1.604647952292511528e-20 5.339946891897463327e-21 1.831765702479314713e-21 6.423604041640447639e-22
0.000000000000000000e+00 0.000000000000000000e+00 6.824122090106103250e-270 3.324845118495326892e-219 4.112344258590738370e-184 1.350886990315403564e-157 1.576167915888591985e-136 3.067712671157339432e-119 9.941207270223303965e-105 2.378859150791425312e-92 1.166684844696501008e-81 2.611678543634736824e-72 2.897664853229940984e-63 5.991021160579581465e-55 1.650744077677424887e-47 6.512340680350658158e-41 4.338089965875291448e-35 5.977133131773521064e-30 2.225059696144199968e-25 4.602705161309562744e-21 1.646047018141394982e-13 3.924736088657072781e-10 2.709493707767243077e-07 7.016773074149436774e-05 4.925862302799101367e-02 8.591345399294953999e-01 9.692793423892792637e-01 9.848000093308815206e-01 9.893411316168786440e-01 9.907533816763738344e-01 9.911969726989356966e-01 9.913808062138088628e-01 9.914847170352012462e-01 9.915515122052408481e-01 9.915952811213550877e-01 9.916209683007186637e-01 9.916308727252405308e-01 9.915809798682739817e-01 9.914425860738115270e-01 9.912312748475028412e-01 9.908722140538460676e-01 9.902028601326458013e-01 9.883240948039463403e-01 9.838140093606944081e-01 9.731744772556917278e-01 9.512250498785499442e-01 8.700463819919754815e-01 4.005933107756614042e-01 9.754986614026625591e-02 1.974945510719536279e-02 3.835005123021935792e-03 1.044665318277705421e-04 1.923945640123726823e-05 3.267423238647417416e-06 4.401620643068114419e-07 1.047296466826352591e-08 6.640781492876961508e-12 8.840613924306312398e-13 1.756496867962088805e-13 4.116083288148057812e-14 1.066011088812447000e-14 2.958223742018388084e-15 8.670723884632097857e-16 2.665125575000018724e-16 8.515304644181175785e-17 2.824014411607843680e-17 9.655284367977430299e-18 3.408086126397123533e-18 1.233074619524539832e-18 4.585118711671395895e-19
0.000000000000000000e+00 0.000000000000000000e+00 2.179194885787602351e-268 9.204672451850057650e-218 9.946958570590269707e-183 2.865769868741634044e-156 2.940442184415204025e-135 5.030994753265503455e-118 1.436714072154249329e-103 3.034880632496094790e-91 1.315410816826476906e-80 2.610505252028549936e-71 2.546955710487037771e-62 4.617536682337958340e-54 1.115522686030647518e-46 3.871804818572242694e-40 2.308179470103394453e-34 3.182467664765062171e-29 1.839841429388932869e-24 1.632403438447104682e-19 7.646628564817273059e-12 2.025761403791950232e-08 1.316486571832487895e-05 2.102119974181814246e-02 8.167887467624227460e-01 9.754954179622409294e-01 9.885724309839054591e-01 9.913779392349221231e-01 9.921643841583602796e-01 9.924666563607766889e-01 9.925678579037973126e-01 9.926153981775365231e-01 9.926563865157191913e-01 9.926977126178350153e-01 9.927369142842741301e-01 9.927701770056113206e-01 9.927940117245512841e-01 9.927647880668348801e-01 9.926561103295922228e-01 9.924929349065201301e-01 9.922315081669226267e-01 9.918952594887541219e-01 9.915417581659857760e-01 9.910790356132597179e-01 9.902173621679001281e-01 9.884492820784703815e-01 9.846686250557427078e-01 9.767073122881234637e-01 9.609879797781626376e-01 9.303230689333599202e-01 7.344999373073540783e-01 3.236411911192043633e-01 9.775369755301338559e-02 2.528338993023554818e-02 6.007454855195879136e-03 1.306417903061740009e-03 3.030840633166994927e-05 1.718053957882010818e-06 5.763151082975046839e-10 8.003556958199159689e-11 1.802307106576375871e-11 4.825681831465164035e-12 1.427295670324416633e-12 4.506283934578069820e-13 1.494104365864082875e-13 5.186521817076548404e-14 1.863023727330299382e-14 6.896094058354782130e-15 2.628925970924165775e-15 1.031557832036643554e-15
0.000000000000000000e+00 0.000000000000000000e+00 7.822123359111344942e-267 2.857196926474178798e-216 2.684436665310708272e-181 6.721115950442384012e-155 6.009847326862327304e-134 8.982374379947935630e-117 2.244170330011173223e-102 4.159235455080485177e-90 1.585836027072297774e-79 2.772392518089672245e-70 2.364915936869519880e-61 3.750237538519938126e-53 8.370295548715958989e-46 4.070497871301989724e-39 7.897463335124947476e-33 4.012402699264914056e-27 4.796132876300543292e-22 8.743257067848768164e-15 1.299836170376576693e-09 2.626216864360619751e-06 1.090658087150534611e-02 8.369981177370000580e-01 9.823271982465204832e-01 9.914530128474761117e-01 9.928818097888406635e-01 9.932424444923440010e-01 9.934174832327637983e-01 9.935036937849071048e-01 9.935201732271169428e-01 9.935398999723661362e-01 9.935803265836730125e-01 9.936346582152474349e-01 9.936937085775517930e-01 9.937500232442694204e-01 9.937990832330440005e-01 9.937977988770216875e-01 9.937166200090330470e-01 9.935756540201176046e-01 9.933173634771457206e-01 9.929344070866497063e-01 9.926700601955402714e-01 9.925988623840747982e-01 9.925407295763526427e-01 9.924384394483406480e-01 9.922485563795047092e-01 9.919072189621362945e-01 9.912967517236789261e-01 9.901853378969932562e-01 9.881206390210934831e-01 9.843005023854078939e-01 9.773433863339805461e-01 9.649402929169343945e-01 9.433656355489947742e-01 8.744766140937443311e-01 6.187121657687603138e-01 3.036163716681239966e-01 1.162713848953453311e-01 3.771873770860208197e-02 1.035592485746249063e-02 2.007117519683307341e-03 1.255825068213905617e-07 5.393395602616406451e-09 1.265739030834522911e-09 3.889500497236487299e-10 1.343090078910487024e-10 4.972709165568868147e-11 1.939752562374405987e-11 7.865916295181218099e-12
0.000000000000000000e+00 0.000000000000000000e+00 3.216612833469796806e-265 1.001913613071327908e-214 8.094938054200583266e-180 1.751790766655284919e-153 1.353923445598655205e-132 1.753809226585769175e-115 3.810474992009039423e-101 6.152409299160546136e-89 2.052621821002301294e-78 3.255503913687926664e-69 3.767038126712147975e-60 2.704155971772051670e-51 3.756122526280441060e-43 5.740926412481776420e-36 1.058805964215892435e-29 3.037835317146761466e-24 2.381927972767323642e-19 3.484274807895113487e-11 5.516385371204720884e-07 7.286020325988780064e-03 9.063934794902360759e-01 9.883587421309844023e-01 9.934520190233839809e-01 9.940199247194982934e-01 9.940972641626538708e-01 9.941743573390430244e-01 9.942688051770669500e-01 9.942920756509368019e-01 9.942838906056720161e-01 9.943113050569000189e-01 9.943715453324197817e-01 9.944491913697438568e-01 9.945323227421736245e-01 9.946137846823909223e-01 9.946891717358770091e-01 9.947267381281227339e-01 9.946991987628497345e-01 9.946102876845106522e-01 9.943896700352576890e-01 9.939508531362161170e-01 9.934995366163816843e-01 9.933677885854844680e-01 9.933472752611324230e-01 9.933589944157767970e-01 9.933827854557634174e-01 9.934086626301934508e-01 9.934271934192029363e-01 9.934290391534875697e-01 9.934035743026867760e-01 9.933388733724806130e-01 9.932170405256954826e-01 9.930118070238286299e-01 9.926808134638613890e-01 9.921520403582709813e-01 9.913085333912746711e-01 9.899648123695579116e-01 9.878099251820028348e-01 9.844084304227319615e-01 9.790846601692569928e-01 9.707216426144511523e-01 9.578107961774133816e-01 9.353680349212115663e-01 8.698404199104756707e-01 7.001306509911627840e-01 4.606224525282350823e-01 2.529440288887844224e-01 1.189444827830779539e-01 4.727910807641426405e-02
0.000000000000000000e+00 0.000000000000000000e+00 1.520376934892004073e-263 4.005783063029453676e-213 2.762603327650323239e-178 5.108911918776355043e-152 3.388786876685983501e-131 3.780705007388531241e-114 7.412228589821106730e-100 2.047103930660822733e-87 5.046000213688126163e-76 7.117759454546197343e-66 3.962149940279102150e-56 2.951625090324223141e-47 2.054860591444415302e-39 1.452917163731864551e-32 1.379195109045487385e-26 3.164407653203724245e-21 3.877433759535209752e-16 1.063119254982406071e-07 6.614525720445240363e-03 9.540473183642262933e-01 9.926183412083432467e-01 9.948205280127160322e-01 9.949159115534665920e-01 9.948200732980633232e-01 9.947990393203060000e-01 9.948927304521311132e-01 9.949602901549965406e-01 9.949435735129057434e-01 9.949348755112027431e-01 9.949830764224616431e-01 9.950655312544807174e-01 9.951634186522712033e-01 9.952659688097449386e-01 9.953672754029631031e-01 9.954640308340266808e-01 9.955444902984245115e-01 9.955925427881769929e-01 9.955963824342167756e-01 9.954850702509577820e-01 9.951133501664949366e-01 9.945064000289678408e-01 9.941837268819404549e-01 9.940521742208661138e-01 9.939987834305492598e-01 9.939778916624505412e-01 9.939801905612641875e-01 9.940024285145744321e-01 9.940401939513142660e-01 9.940881452926590978e-01 9.941413536977113941e-01 9.941964952687044610e-01 9.942503775281158473e-01 9.943009420787392028e-01 9.943463108882374391e-01 9.943840941166103287e-01 9.944124755708064756e-01 9.944295227805726167e-01 9.944324833177545786e-01 9.944183693424499815e-01 9.943828441314346289e-01 9.943207718966440289e-01 9.942244281145107276e-01 9.940842024620631934e-01 9.938853186086596958e-01 9.936074226085327421e-01 9.932272553090102374e-01 9.927046302910078612e-01 9.919842155276071827e-01
0.000000000000000000e+00 0.000000000000000000e+00 8.365784280031929838e-262 1.848879433362875486e-211 1.076747929378446831e-176 1.823071392257656248e-150 3.512912563635316791e-129 5.848360847310647016e-111 1.548362855477047589e-95 2.210261004203831219e-82 4.686843422320544403e-71 3.322293642218068911e-61 8.388648947867128792e-52 2.772352048898660600e-43 9.142794423073476872e-36 4.730699820211717335e-29 6.278144193393953106e-23 2.163129970464002759e-17 1.542916443068816907e-11 8.706690527891348258e-03 9.739131698173023599e-01 9.951452671281409978e-01 9.957996068727984484e-01 9.956448940989705010e-01 9.954580181009329287e-01 9.953543954414192374e-01 9.954089636832771371e-01 9.955182772913276912e-01 9.955472705936329048e-01 9.955018540625785173e-01 9.955051140046869973e-01 9.955733516360766311e-01 9.956715638113887712e-01 9.957820714889157321e-01 9.958961190962525301e-01 9.960090907273657646e-01 9.961189700167086825e-01 9.962320976373899573e-01 9.963484921838121622e-01 9.964529433681382775e-01 9.964959120901445422e-01 9.963358062349770838e-01 9.958285153354567987e-01 9.953851593162441613e-01 9.950963842501936440e-01 9.949246848835331392e-01 9.948137527374792954e-01 9.947299480409192984e-01 9.946655341449160970e-01 9.946220448181010143e-01 9.946008668323630397e-01 9.945994708270797791e-01 9.946136839824863962e-01 9.946398297987731896e-01 9.946745000005556836e-01 9.947154403004561107e-01 9.947611828054624405e-01 9.948097629157777178e-01 9.948605399453158693e-01 9.949126545392978915e-01 9.949651740835521174e-01 9.950174457061088384e-01 9.950696740331522738e-01 9.951200176855632407e-01 9.951693313777801864e-01 9.952167019957605110e-01 9.952622929868742974e-01 9.953048003916417086e-01 9.953453573850484792e-01 9.953829433855296838e-01
0.000000000000000000e+00 0.000000000000000000e+00 7.037591667238416673e-260 1.214653629011618622e-208 1.747246974001682704e-172 5.575810791164401437e-145 4.674842027824540531e-123 4.730250019478272444e-105 5.754979269689491823e-90 3.752788743231110744e-77 3.668758564911296562e-66 1.214366161042542395e-56 1.435081113647820105e-47 3.492071242894761976e-39 1.960887933931088317e-31 1.607675816076274444e-24 2.423081404404719249e-18 1.196153707982418950e-12 1.875034138847955778e-02 9.882922383904956254e-01 9.965740956584825394e-01 9.965419152553810500e-01 9.962568904069628584e-01 9.960318705285110541e-01 9.958775201186595982e-01 9.958666797239199564e-01 9.959794688409003838e-01 9.960656064992727821e-01 9.960554868970336040e-01 9.959918129818416954e-01 9.960077880799875771e-01 9.960889370530280340e-01 9.961949024325646995e-01 9.963101701526279053e-01 9.964277032017241353e-01 9.965441183227927713e-01 9.966581678891838214e-01 9.967845702631102922e-01 9.969363689836134856e-01 9.971035298334407493e-01 9.972642727909878380e-01 9.973342002983406340e-01 9.971492709620428663e-01 9.968472772496466128e-01 9.965533446613695778e-01 9.963150674499172688e-01 9.961387179673366621e-01 9.960027255234351617e-01 9.958840515083686729e-01 9.957718613158982324e-01 9.956667433268233669e-01 9.955740652206367391e-01 9.954981597687606598e-01 9.954403581270460100e-01 9.953992163994637155e-01 9.953718097910527751e-01 9.953553523929734581e-01 9.953479565926122152e-01 9.953478848539525359e-01 9.953536842066461610e-01 9.953650511091899356e-01 9.953807644134583521e-01 9.954004419052037145e-01 9.954235659789891777e-01 9.954492206839707924e-01 9.954772695888526313e-01 9.955072228632546594e-01 9.955386436559245933e-01 9.955712498751450035e-01 9.956046144919362684e-01
0.000000000000000000e+00 0.000000000000000000e+00 6.349778888093483752e-253 2.038526702304069122e-201 1.429776129588165772e-165 2.018137650530059387e-138 7.410698158890701790e-117 3.283039026008626166e-99 1.759287104957530108e-84 5.119692668689074348e-72 2.461490949252426501e-61 7.700225094885196780e-52 2.170337273430989935e-42 9.199050966641696749e-34 4.887009673098386888e-26 4.404816663855000709e-19 8.504300991895795888e-13 7.674879373868344345e-02 9.953698327637022780e-01 9.974496104530873319e-01 9.971341762820923327e-01 9.967876787896763346e-01 9.965525144275387825e-01 9.963817663238494493e-01 9.963029386920519981e-01 9.963807114717811997e-01 9.964966783611360901e-01 9.965450574866008271e-01 9.965023358074527327e-01 9.964286817026373200e-01 9.964513125800056326e-01 9.965370062684810737e-01 9.966435291313157085e-01 9.967569615219341594e-01 9.968715234775735734e-01 9.969846311102266156e-01 9.970954814204439076e-01 9.972193907212749675e-01 9.973740224567024804e-01 9.975551933366076929e-01 9.977572554321383347e-01 9.979463943352421262e-01 9.980326126883549698e-01 9.979798353539574007e-01 9.978623464577532909e-01 9.977222608668777637e-01 9.975893278547810494e-01 9.974778808164687094e-01 9.973867905304829584e-01 9.973058882167024075e-01 9.972250502461647015e-01 9.971390484836659684e-01 9.970480843373149549e-01 9.969558752340687002e-01 9.968675679236029818e-01 9.967866848230908516e-01 9.967151438554479048e-01 9.966536191979018522e-01 9.966010771398713386e-01 9.965558582504485674e-01 9.965170933104005035e-01 9.964832380118672228e-01 9.964539771395374279e-01 9.964286579351621098e-01 9.964075397857740102e-01 9.963895867055277966e-01 9.963752424551666209e-01 9.963641541210750407e-01 9.963560361242629337e-01 9.963508450733805644e-01
0.000000000000000000e+00 0.000000000000000000e+00 2.440774829675348520e-245 3.522574052413592215e-194 1.072775496780487969e-158 6.457753549964388162e-132 1.004536550342952362e-110 1.908946499095619237e-93 5.583211735525807899e-79 3.091524227187397386e-66 5.079424869026504446e-55 2.431547120626351255e-45 4.889581606232014403e-36 2.173202538008393976e-27 1.421581885031137020e-19 1.509918927815307072e-12 4.712133486620910805e-01 9.979199540221851406e-01 9.980468881824687832e-01 9.976265085123955378e-01 9.972621563417179980e-01 9.970277812255413652e-01 9.968671853704894614e-01 9.967349008547328193e-01 9.967556438297964228e-01 9.968658110548788143e-01 9.969561558855325467e-01 9.969665734398264201e-01 9.968989629032267707e-01 9.968221719923280322e-01 9.968453249545291550e-01 9.969277203173753099e-01 9.970285617620878726e-01 9.971350322337132477e-01 9.972420296820839747e-01 9.973473923407429886e-01 9.974503200154088978e-01 9.975641761996337786e-01 9.977051643902321576e-01 9.978726814735298101e-01 9.980655020538541367e-01 9.982679193084477154e-01 9.984548992248148958e-01 9.985520245854819787e-01 9.985872861457878447e-01 9.985831308357208114e-01 9.985569132736361597e-01 9.985226041798088703e-01 9.984902645861796211e-01 9.984645939942075055e-01 9.984449359460385587e-01 9.984273910571206390e-01 9.984074246219977189e-01 9.983817338721899803e-01 9.983492753425579069e-01 9.983103605037368933e-01 9.982669794173403277e-01 9.982215551322245473e-01 9.981761624735786542e-01 9.981329073603395496e-01 9.980928026191506763e-01 9.980562657229484769e-01 9.980231228585623171e-01 9.979930353593081671e-01 9.979652590633605325e-01 9.979393495239705647e-01 9.979148880412357370e-01 9.978916941670555874e-01 9.978695553172566290e-01 9.978486901524808994e-01
0.000000000000000000e+00 0.000000000000000000e+00 9.105345367005422008e-238 5.681558421882589308e-187 7.230499733705670163e-152 1.878071945448365130e-125 2.988987589279690346e-104 2.904944493795742300e-86 3.235175033169315432e-71 1.457233545804168032e-58 1.381477611948040958e-47 7.531168437895600505e-38 1.978746361007696914e-28 1.031018859748506555e-19 7.417342785152568021e-12 9.772570837853256087e-01 9.988135643588358370e-01 9.984854988664830788e-01 9.980472809805047696e-01 9.976947142987706574e-01 9.974634534440895983e-01 9.973269437889734634e-01 9.971660558117969586e-01 9.971221546986606121e-01 9.972024331413223974e-01 9.973033410848333169e-01 9.973605540496796040e-01 9.973366305898161421e-01 9.972521342767602937e-01 9.971784419003917321e-01 9.971999139947222979e-01 9.972737865462788509e-01 9.973641191038007392e-01 9.974597333689643186e-01 9.975558509597143297e-01 9.976505731086007245e-01 9.977431461239563149e-01 9.978442741070303601e-01 9.979675959062257462e-01 9.981139231121933797e-01 9.982839777943919302e-01 9.984610737272077152e-01 9.986377361786165086e-01 9.987723182001212452e-01 9.988699026969484196e-01 9.989365210135219275e-01 9.989799444909869264e-01 9.990074907744340704e-01 9.990254334812135317e-01 9.990389030761306355e-01 9.990516769629183003e-01 9.990658151741586002e-01 9.990815598262509090e-01 9.990978574839003423e-01 9.991131156875739938e-01 9.991256624758684257e-01 9.991344128183322626e-01 9.991389104372209173e-01 9.991391521544517040e-01 9.991357247726806445e-01 9.991293356744854748e-01 9.991209451136136011e-01 9.991114360052963939e-01 9.991015619973757644e-01 9.990920400249625466e-01 9.990831112333770081e-01 9.990752074691604534e-01 9.990682059459412567e-01 9.990619787899855941e-01 9.990563545521694566e-01
0.000000000000000000e+00 1.461026224599442218e-318 3.297976281383486954e-230 1.446220035463330899e-179 1.097215050372861599e-143 2.247746447839366418e-116 7.647060980306276279e-95 2.376323909538104236e-77 1.711597184542772547e-62 1.086674878026870014e-49 1.371611976250375562e-38 8.694810110391765194e-29 2.678049773379095574e-19 1.452068113215845669e-10 9.974631460583811560e-01 9.992239044425142991e-01 9.988212130032906311e-01 9.984110650385412677e-01 9.980893728968874834e-01 9.978626344072172305e-01 9.977502678660107316e-01 9.975904268534755426e-01 9.974856575706300132e-01 9.975240900393981258e-01 9.976122103180783407e-01 9.976890638299413805e-01 9.977121084169555676e-01 9.976594348021723402e-01 9.975670979090903723e-01 9.975021987737703322e-01 9.975225830192687715e-01 9.975863622710104961e-01 9.976640651670061199e-01 9.977465648298554646e-01 9.978300014369555493e-01 9.979124259819075471e-01 9.979932252628196387e-01 9.980808885096532634e-01 9.981865131604971131e-01 9.983116684475720204e-01 9.984597327869499939e-01 9.986136948503692157e-01 9.987537693581414189e-01 9.988688396191597318e-01 9.989709714177942290e-01 9.990556525263788457e-01 9.991228022269325049e-01 9.991758422049664690e-01 9.992184050123273931e-01 9.992533473385534215e-01 9.992830505255377860e-01 9.993094787562742942e-01 9.993341670609514615e-01 9.993582027186836969e-01 9.993821668328579655e-01 9.994060413936997067e-01 9.994295278638698488e-01 9.994520608015655672e-01 9.994730786046818194e-01 9.994921045268282400e-01 9.995088980954872637e-01 9.995232933015524290e-01 9.995353865591437570e-01 9.995453609055745536e-01 9.995534458714521175e-01 9.995599827332850573e-01 9.995652890863646611e-01 9.995696738962492889e-01 9.995734480703902802e-01 9.995768339844256500e-01
0.000000000000000000e+00 8.736567501511611330e-309 1.877904312609997749e-219 3.701311848693463468e-168 9.706047464707532129e-133 4.695631794183496235e-106 1.846469048051706219e-84 9.911434667378071889e-67 8.706136025352619792e-52 6.207449693315712013e-39 9.779818076088131726e-28 7.024866043320216410e-18 1.215501889735384233e-07 9.995878482759177341e-01 9.994557743656417026e-01 9.990831332574967583e-01 9.987246850710868040e-01 9.984437849495800821e-01 9.982271009708330034e-01 9.981280144517279407e-01 9.979947602341631141e-01 9.978455497939384689e-01 9.978365406387772474e-01 9.979013091668185176e-01 9.979744264035890211e-01 9.980229413474197564e-01 9.980137376427630214e-01 9.979405717339436821e-01 9.978502215090987448e-01 9.977980777230348597e-01 9.978180396494372717e-01 9.978723329990939472e-01 9.979378069958101394e-01 9.980074225741042415e-01 9.980779394018364226e-01 9.981479390767178383e-01 9.982166490509880585e-01 9.982910499571592267e-01 9.983797960764806412e-01 9.984848794073247769e-01 9.986123232012824591e-01 9.987497973474683821e-01 9.988656750072426593e-01 9.989498691075252568e-01 9.990319786227263021e-01 9.991106725447180814e-01 9.991797212646024162e-01 9.992374087392821291e-01 9.992854628997109856e-01 9.993263327080514902e-01 9.993619025387355803e-01 9.993934336308714084e-01 9.994217679501974372e-01 9.994475868091160509e-01 9.994715047821767229e-01 9.994940592648849931e-01 9.995157042572652140e-01 9.995367269002295441e-01 9.995572794282452378e-01 9.995774038906041215e-01 9.995969730546393484e-01 9.996158566621223818e-01 9.996338610343438180e-01 9.996508204690577326e-01 9.996666193589357485e-01 9.996811784002715973e-01 9.996944680797187344e-01 9.997065273806622354e-01 9.997173993743111442e-01 9.997271807676681998e-01
0.000000000000000000e+00 1.225687354833242513e-295 4.948066257012696896e-207 6.264521485896069725e-156 4.036004684958749810e-120 3.403588324744214180e-93 1.266094188237730790e-71 7.909513412039709452e-54 8.907459792241100949e-39 7.821555506357412301e-26 1.241148667491410790e-14 9.829452917327561323e-01 9.998244820678715561e-01 9.996007473654072717e-01 9.992900120066772196e-01 9.989929577928914339e-01 9.987554171008737880e-01 9.985579203954655370e-01 9.984584638490150432e-01 9.983639076286249248e-01 9.981977516549107587e-01 9.981406597864717067e-01 9.981783472907316268e-01 9.982368955930115417e-01 9.982883049815735044e-01 9.983080377071995581e-01 9.982721202513694658e-01 9.981890393589928356e-01 9.981089814115312597e-01 9.980707480976070967e-01 9.980901028636611771e-01 9.981358996919408311e-01 9.981905074691144186e-01 9.982484612835448301e-01 9.983073193548814839e-01 9.983657985397762502e-01 9.984233105174299405e-01 9.984854762161911035e-01 9.985589243493016021e-01 9.986453869440230502e-01 9.987527495119218335e-01 9.988755384454882646e-01 9.989799967207501075e-01 9.990438782750217239e-01 9.991014055338885980e-01 9.991620009995348939e-01 9.992227518319878321e-01 9.992784443368530889e-01 9.993264463392025343e-01 9.993669941241153376e-01 9.994016839543297115e-01 9.994322738137960682e-01 9.994599883374493121e-01 9.994855607901397265e-01 9.995092941196789260e-01 9.995313604182398670e-01 9.995518433390123691e-01 9.995709273120181315e-01 9.995887909451252051e-01 9.996056156893574629e-01 9.996216233999720702e-01 9.996369984537031295e-01 9.996518741109647888e-01 9.996663377151724372e-01 9.996804178345467529e-01 9.996941198366705583e-01 9.997074181796153924e-01 9.997202395207120951e-01 9.997325250800719321e-01 9.997442495223819448e-01
0.000000000000000000e+00 2.408932714570875116e-280 2.248124369484461405e-191 2.953983769728812112e-140 1.515712069454486310e-104 1.814819844212923547e-77 8.247312777913549269e-56 6.696740435083637157e-38 8.981583676142421467e-23 6.417645565423650947e-10 9.999266669698719801e-01 9.998822671774183490e-01 9.996981908258995020e-01 9.994564475397273995e-01 9.992216316293660583e-01 9.990252610333644201e-01 9.988560920847932012e-01 9.987480914426952738e-01 9.986879537194258694e-01 9.985353868432428337e-01 9.984369130320976948e-01 9.984454353125706838e-01 9.984866795240950887e-01 9.985291462426572062e-01 9.985575511527441384e-01 9.985519647653008368e-01 9.984978733101175230e-01 9.984151857014225140e-01 9.983502735176075227e-01 9.983244159548834151e-01 9.983423689064081508e-01 9.983804372563284124e-01 9.984254210150682596e-01 9.984731575092556932e-01 9.985217036349901543e-01 9.985700252706056768e-01 9.986176012809174773e-01 9.986689851126406836e-01 9.987291226473035133e-01 9.987990215084423529e-01 9.988870000962850604e-01 9.989944197988375185e-01 9.990920053465737194e-01 9.991471151237671933e-01 9.991886940890233326e-01 9.992298671400461352e-01 9.992743841187031739e-01 9.993207253585297822e-01 9.993652773615153695e-01 9.994052208838505313e-01 9.994395745198203507e-01 9.994688003207957694e-01 9.994940598310990687e-01 9.995165893295653303e-01 9.995373781524281576e-01 9.995570260421716702e-01 9.995758126483279549e-01 9.995937593164756496e-01 9.996108218931850642e-01 9.996269124528283090e-01 9.996419787285365510e-01 9.996560328931858308e-01 9.996691188771517078e-01 9.996813596910452127e-01 9.996928716074786614e-01 9.997037776064389147e-01 9.997141906185985638e-01 9.997242333424177785e-01 9.997339623680546739e-01 9.997434417750881153e-01
0.000000000000000000e+00 4.671993710599189700e-261 5.136464990038954773e-172 1.121549997854683087e-120 6.398749620444081630e-85 1.029399944373562354e-57 6.197942505236750092e-36 5.229900908089562182e-18 9.990397422981557307e-01 9.999761415876924353e-01 9.999018209740293539e-01 9.997677052644939888e-01 9.995936462064964889e-01 9.994168368534648295e-01 9.992579601491426988e-01 9.991223044587845825e-01 9.990069594141302023e-01 9.989661141990764381e-01 9.988493148371710983e-01 9.987258730158145026e-01 9.987038783103884265e-01 9.987274185043588659e-01 9.987577318579687891e-01 9.987823754122924225e-01 9.987902821104659434e-01 9.987653957271330762e-01 9.987022782020353873e-01 9.986278409289721658e-01 9.985790750831329277e-01 9.985626855192462070e-01 9.985783299469885854e-01 9.986092879236939668e-01 9.986456708932975879e-01 9.986843515587650044e-01 9.987237568381566177e-01 9.987630723476758066e-01 9.988018897088680736e-01 9.988438695685880608e-01 9.988926736695745712e-01 9.989483426197357518e-01 9.990182734672969911e-01 9.991090020814938910e-01 9.991995034261831332e-01 9.992509288750324181e-01 9.992853924402183008e-01 9.993146490477962107e-01 9.993442576727501470e-01 9.993764578055842618e-01 9.994108997385060533e-01 9.994455905616382863e-01 9.994782772960038031e-01 9.995074895025092276e-01 9.995327112525392854e-01 9.995542730521936869e-01 9.995728984702284547e-01 9.995894340455000471e-01 9.996046151355244547e-01 9.996190421604751464e-01 9.996330564187566603e-01 9.996468092777447412e-01 9.996602857421826860e-01 9.996733863575972823e-01 9.996860013092032649e-01 9.996979960284176903e-01 9.997092880756938138e-01 9.997198363069841331e-01 9.997296536721389515e-01 9.997387873418512871e-01 9.997472966662213079e-01 9.997552610169908593e-01
0.000000000000000000e+00 4.345151074932665369e-236 7.410248563356036331e-147 2.049378108009951379e-95 1.636286860671046365e-59 3.458675452881811996e-32 1.349677945253407073e-10 9.999975813659421897e-01 9.999808200407706016e-01 9.999196972640392866e-01 9.998203080968275369e-01 9.997076190936430296e-01 9.995835215232637960e-01 9.994595290473521354e-01 9.993571059700783188e-01 9.992438330640857069e-01 9.992060930414943254e-01 9.991308205889006810e-01 9.990069307426128198e-01 9.989555154254312619e-01 9.989613072061179766e-01 9.989793542174078000e-01 9.989960542842361013e-01 9.990049540004167783e-01 9.989968564784984517e-01 9.989593468559433420e-01 9.988952439539111605e-01 9.988336265136088521e-01 9.987993279229770982e-01 9.987891297531055201e-01 9.988017945913688633e-01 9.988261012489655366e-01 9.988547411934536324e-01 9.988852851438619895e-01 9.989165057368256662e-01 9.989477709042939857e-01 9.989787430878098728e-01 9.990124394104890060e-01 9.990515319071978650e-01 9.990952361337721577e-01 9.991491492049170420e-01 9.992222711776447275e-01 9.993035377052803536e-01 9.993522167182856686e-01 9.993834391056041211e-01 9.994071425675258302e-01 9.994281999613771061e-01 9.994493738779210990e-01 9.994722048879948195e-01 9.994969764721853833e-01 9.995228725261904312e-01 9.995485209491516976e-01 9.995725736256462213e-01 9.995941721165129135e-01 9.996129906641236795e-01 9.996291804755813581e-01 9.996431401221259616e-01 9.996553858855972141e-01 9.996664454315254966e-01 9.996767752798151330e-01 9.996867359358920790e-01 9.996965687965871927e-01 9.997063934902586935e-01 9.997162305176804376e-01 9.997260179037531502e-01 9.997356596284042718e-01 9.997450504264493443e-01 9.997540637743873582e-01 9.997626318015817581e-01 9.997706859518354916e-01
0.000000000000000000e+00 3.619365446140517179e-202 8.777240551782315443e-113 3.630482140227408031e-61 3.339457040692916322e-25 9.999955318651652103e-01 9.999988886634326724e-01 9.999848812626837002e-01 9.999417594155985967e-01 9.998750135896321556e-01 9.997985375863740476e-01 9.997216332208506140e-01 9.996332761770951869e-01 9.995598391724740406e-01 9.994624881466016575e-01 9.994188507699296453e-01 9.993754708770651307e-01 9.992757887271053185e-01 9.992026092254733260e-01 9.991906431940735800e-01 9.991971452817227650e-01 9.992055066769836014e-01 9.992103073365948829e-01 9.992072672600289529e-01 9.991879681366859778e-01 9.991440958176939224e-01 9.990853280827201033e-01 9.990381912764518813e-01 9.990151697949331000e-01 9.990084385393991351e-01 9.990177009628901095e-01 9.990357877738882397e-01 9.990573051815081485e-01 9.990804146692522369e-01 9.991041951514847419e-01 9.991281172884961537e-01 9.991519465709358672e-01 9.991781672968730321e-01 9.992087222888277331e-01 9.992423658047528967e-01 9.992826695472443177e-01 9.993383898482410821e-01 9.994074485686740283e-01 9.994524983628038095e-01 9.994813817741691198e-01 9.995020652601965816e-01 9.995187626675899883e-01 9.995338288020345630e-01 9.995487607976671907e-01 9.995645657296490239e-01 9.995817346225371880e-01 9.996001299764704084e-01 9.996191058048422562e-01 9.996377728396422802e-01 9.996553269739540948e-01 9.996712216304064480e-01 9.996852403843636825e-01 9.996974082908436365e-01 9.997079267485857734e-01 9.997170890406208432e-01 9.997252150346526145e-01 9.997326189220442361e-01 9.997395874540280225e-01 9.997463421593173472e-01 9.997530538029296698e-01 9.997598263442207811e-01 9.997667045982442380e-01 9.997736812139247364e-01 9.997807115821987223e-01 9.997877154364487318e-01
0.000000000000000000e+00 3.350330806208653629e-152 1.306551454061846184e-62 2.333779125013716655e-11 9.999999966564970810e-01 9.999992879017681746e-01 9.999909420170548513e-01 9.999665624874329861e-01 9.999276017269492778e-01 9.998801252495138625e-01 9.998293664431950889e-01 9.997759932077273648e-01 9.997268534484645697e-01 9.996583602165001192e-01 9.996100593963376246e-01 9.995837525189831263e-01 9.995211187677522924e-01 9.994441218175523778e-01 9.994159349657047997e-01 9.994124656751942615e-01 9.994135378483364196e-01 9.994136791326787561e-01 9.994102328701491844e-01 9.993993971903969431e-01 9.993735809672592563e-01 9.993293885883052230e-01 9.992807628913220608e-01 9.992475408925843849e-01 9.992325056216093682e-01 9.992273699362270722e-01 9.992331622187462514e-01 9.992454907192098723e-01 9.992604601840606726e-01 9.992767528359708384e-01 9.992936543723579534e-01 9.993108367751841747e-01 9.993280736064168446e-01 9.993473564186883262e-01 9.993701612249630273e-01 9.993950440802911173e-01 9.994239732880920712e-01 9.994637259820833286e-01 9.995178589427027305e-01 9.995571585097934308e-01 9.995831716928188504e-01 9.996012926225028572e-01 9.996150738180094031e-01 9.996265666112608139e-01 9.996369730546920129e-01 9.996471203018418850e-01 9.996576507875556405e-01 9.996689928900324151e-01 9.996812903005070083e-01 9.996943468380602438e-01 9.997077113572212514e-01 9.997208411162293862e-01 9.997332382873117540e-01 9.997445770967927636e-01 9.997546875484965012e-01 9.997635624910449215e-01 9.997712835054317626e-01 9.997780040405176427e-01 9.997839195180298066e-01 9.997892092591029733e-01 9.997940533043695455e-01 9.997986231123529022e-01 9.998030578210046482e-01 9.998074624341319883e-01 9.998119220430371490e-01 9.998164886527620698e-01
0.000000000000000000e+00 9.976780419781569313e-64 9.999999999993982591e-01 9.999999996591726337e-01 9.999998293884949652e-01 9.999974654601107016e-01 9.999891545142727267e-01 9.999733384435026684e-01 9.999512337807788809e-01 9.999245206137606923e-01 9.998956335500656101e-01 9.998682434289003496e-01 9.998349896675640114e-01 9.997941712905130673e-01 9.997761792400681191e-01 9.997477857729150097e-01 9.996936463792446270e-01 9.996575023165199525e-01 9.996473793875261249e-01 9.996437644254666521e-01 9.996409013191341897e-01 9.996368153197224826e-01 9.996298851673294239e-01 9.996164496729145199e-01 9.995909198395420692e-01 9.995544673421022930e-01 9.995207393044889255e-01 9.995006459948020394e-01 9.994916529561757024e-01 9.994877518131997096e-01 9.994904442684293677e-01 9.994973422104589389e-01 9.995060227149700216e-01 9.995156341081291584e-01 9.995257483969908208e-01 9.995361366912941525e-01 9.995466739800222822e-01 9.995587465762874047e-01 9.995733369586493611e-01 9.995892616906598693e-01 9.996073919022229193e-01 9.996319062480841788e-01 9.996678643600472869e-01 9.996969321750728277e-01 9.997171756117302355e-01 9.997311741654688610e-01 9.997413384843120143e-01 9.997492969712968858e-01 9.997560247834392788e-01 9.997621118129522699e-01 9.997679744025124160e-01 9.997739694721360371e-01 9.997803765084715133e-01 9.997873441569053998e-01 9.997948947940673570e-01 9.998028525691136092e-01 9.998109558596450785e-01 9.998189075997895303e-01 9.998264366795993618e-01 9.998333701742101454e-01 9.998395927153982399e-01 9.998451025933224878e-01 9.998499224388118778e-01 9.998541338999424877e-01 9.998578199520395948e-01 9.998610942033218096e-01 9.998640335827885250e-01 9.998667513781448468e-01 9.998693142295037584e-01 9.998718077475898802e-01
0.000000000000000000e+00 9.999999999998990807e-01 9.999999999999252820e-01 9.999999999976117993e-01 9.999999988026498920e-01 9.999999669799219948e-01 9.999997527815215337e-01 9.999990544584244079e-01 9.999975606858921839e-01 9.999952680509790470e-01 9.999914554222674168e-01 9.999879994142057971e-01 9.999806354919904550e-01 9.999746708618416635e-01 9.999698217649832799e-01 9.999596702533193326e-01 9.999450328987585790e-01 9.999368021783617833e-01 9.999321078129471685e-01 9.999279171508208552e-01 9.999237462997419001e-01 9.999192560466488855e-01 9.999136984296826958e-01 9.999051931306813801e-01 9.998915465165526539e-01 9.998743599181689756e-01 9.998596906847038168e-01 9.998504622403714404e-01 9.998446635184768949e-01 9.998402495405502854e-01 9.998379414848996838e-01 9.998371276740409819e-01 9.998370595824374041e-01 9.998374732823693822e-01 9.998382352417167773e-01 9.998392734369578871e-01 9.998405438063420192e-01 9.998425848571812491e-01 9.998458000312949734e-01 9.998497186283179516e-01 9.998545860693045517e-01 9.998620087582346105e-01 9.998750072943837219e-01 9.998865956830924606e-01 9.998948260140229083e-01 9.999002314925186097e-01 9.999037480578713000e-01 9.999061382338425563e-01 9.999078918867360111e-01 9.999093009520387820e-01 9.999105492989709409e-01 9.999117742039529411e-01 9.999130975469311400e-01 9.999146252984176808e-01 9.999164331671194228e-01 9.999185487249445670e-01 9.999209369182079366e-01 9.999235120171365843e-01 9.999261619563477588e-01 9.999287655664264030e-01 9.999312301145513171e-01 9.999334850959756826e-01 9.999354958491075696e-01 9.999372512490138920e-01 9.999387648417893404e-01 9.999400587084235070e-01 9.999411633699533120e-01 9.999421140228834659e-01 9.999429441751126468e-01 9.999436892334128135e-01
0.000000000000000000e+00 9.999999999999094058e-01 9.999999999999208411e-01 9.999999999943158802e-01 9.999999979132859762e-01 9.999999514459850802e-01 9.999996704926285007e-01 9.999988197527880374e-01 9.999970666536085462e-01 9.999944280902217653e-01 9.999905835078489735e-01 9.999864945760649215e-01 9.999786643765808947e-01 9.999735064333671319e-01 9.999677177220999136e-01 9.999554078977321847e-01 9.999420067210511576e-01 9.999353170804674562e-01 9.999307428172097278e-01 9.999264437140467088e-01 9.999220692234783714e-01 9.999171953506998944e-01 9.999107515031526727e-01 9.999004888946581016e-01 9.998851141017593980e-01 9.998683503753669211e-01 9.998559086563937326e-01 9.998483218375198156e-01 9.998431540334044021e-01 9.998389570855163999e-01 9.998367478256491303e-01 9.998359975327210103e-01 9.998359703590580239e-01 9.998364082283889287e-01 9.998371851740330829e-01 9.998382349012265857e-01 9.998395173626978272e-01 9.998415817588522936e-01 9.998448250978584362e-01 9.998487204765975633e-01 9.998533613371445306e-01 9.998598665328649604e-01 9.998711554990699080e-01 9.998823630013922159e-01 9.998911979092038882e-01 9.998974159988606170e-01 9.999016000534818316e-01 9.999044491059347894e-01 9.999064904985174307e-01 9.999080646216161883e-01 9.999093817098014814e-01 9.999105854509356961e-01 9.999117903359671100e-01 9.999130996316062392e-01 9.999146041212351177e-01 9.999163661901842026e-01 9.999184077926195346e-01 9.999206992196978394e-01 9.999231639657064630e-01 9.999257064432979236e-01 9.999282215761459147e-01 9.999306217064237723e-01 9.999328411092043289e-01 9.999348402535119806e-01 9.999366047769998600e-01 9.999381415010878404e-01 9.999394665414255146e-01 9.999406040250018446e-01 9.999415843816873428e-01 9.999424382535434530e-01
0.000000000000000000e+00 9.999999999998979705e-01 9.999999999999203970e-01 9.999999999856874489e-01 9.999999962636446638e-01 9.999999273281154899e-01 9.999995557297510773e-01 9.999985280951380062e-01 9.999965183077500486e-01 9.999933284664914712e-01 9.999896450786813773e-01 9.999844438132229341e-01 9.999769172922579052e-01 9.999721198719730975e-01 9.999647954438417585e-01 9.999507778640690514e-01 9.999395196307120370e-01 9.999337995104216059e-01 9.999292183918860877e-01 9.999247696458288814e-01 9.999201264732696659e-01 9.999147107969671433e-01 9.999070188792625880e-01 9.998947411764410598e-01 9.998782640294393564e-01 9.998629646060901432e-01 9.998527929084499721e-01 9.998464132369319080e-01 9.998416628712235577e-01 9.998376296895743476e-01 9.998355094142452604e-01 9.998348178793000640e-01 9.998348256394485878e-01 9.998352813992286148e-01 9.998360678704970583e-01 9.998371255004198099e-01 9.998384181968242856e-01 9.998405091096383979e-01 9.998437944113595099e-01 9.998476978722840025e-01 9.998522038434388692e-01 9.998580422830920522e-01 9.998676533252645049e-01 9.998780059255879538e-01 9.998871039370309521e-01 9.998940647141199012e-01 9.998989933180103540e-01 9.999024144284459625e-01 9.999048453363388322e-01 9.999066649989630795e-01 9.999081213076426167e-01 9.999093757576569264e-01 9.999105441982227838e-01 9.999117242577716391e-01 9.999130041253766477e-01 9.999144615215054266e-01 9.999161494190599297e-01 9.999180899146716817e-01 9.999202595426608386e-01 9.999225984896272790e-01 9.999250256620368926e-01 9.999274492214175192e-01 9.999297860920205450e-01 9.999319738726734075e-01 9.999339712868093866e-01 9.999357577465394220e-01 9.999373313972067523e-01 9.999387004194735251e-01 9.999398869278924851e-01 9.999409118014896958e-01
0.000000000000000000e+00 9.999999999998951949e-01 9.999999999999313882e-01 9.999999999619011426e-01 9.999999930948750837e-01 9.999998889084351639e-01 9.999993948719165804e-01 9.999981304507679081e-01 9.999958681116660753e-01 9.999920787083861340e-01 9.999884038820958665e-01 9.999819182463165479e-01 9.999753423193625812e-01 9.999703050959387607e-01 9.999608069673209254e-01 9.999463252298125271e-01 9.999373979239623011e-01 9.999321555792477501e-01 9.999274884703378552e-01 9.999228374545354736e-01 9.999178280448195455e-01 9.999116171169039058e-01 9.999022462522404453e-01 9.998879893041783262e-01 9.998714807660975534e-01 9.998584119334724685e-01 9.998501874581270377e-01 9.998446201821343804e-01 9.998401523669739888e-01 9.998362529631646956e-01 9.998342154535082571e-01 9.998335771400715943e-01 9.998336122003164128e-01 9.998340783029049383e-01 9.998348682924712572e-01 9.998359297286272263e-01 9.998372302985308879e-01 9.998393503745036659e-01 9.998426898930203865e-01 9.998466278985461697e-01 9.998510665101616457e-01 9.998564531911687814e-01 9.998645940106766217e-01 9.998737314803441967e-01 9.998826460560179541e-01 9.998901454008001233e-01 9.998958263723289885e-01 9.998999215745134617e-01 9.999028564802218133e-01 9.999050207640560739e-01 9.999066970419863143e-01 9.999080755027798251e-01 9.999092856046085664e-01 9.999104238125927635e-01 9.999115719892350818e-01 9.999128070884776287e-01 9.999141952672572220e-01 9.999157860716341162e-01 9.999176010933338299e-01 9.999196283222191450e-01 9.999218239024417754e-01 9.999241197198629472e-01 9.999264399338674281e-01 9.999287078517358207e-01 9.999308647505971148e-01 9.999328630457537948e-01 9.999346766823994370e-01 9.999362967702878358e-01 9.999377244864495751e-01 9.999389735696212478e-01
0.000000000000000000e+00 9.999999999999245048e-01 9.999999999999243938e-01 9.999999998913264854e-01 9.999999867484818949e-01 9.999998259060325356e-01 9.999991543309361131e-01 9.999975477544748026e-01 9.999949292263831113e-01 9.999908343537261546e-01 9.999865286841409517e-01 9.999792709800093826e-01 9.999737186564715552e-01 9.999677310093633142e-01 9.999557392795361821e-01 9.999425097982108657e-01 9.999353956369672058e-01 9.999303063283130344e-01 9.999254905632223300e-01 9.999205636521961704e-01 9.999150287541965776e-01 9.999076393364573212e-01 9.998962134613703645e-01 9.998805430106755265e-01 9.998652909190977045e-01 9.998546870184569224e-01 9.998479020022755792e-01 9.998428569025789026e-01 9.998385950070728390e-01 9.998348126279223980e-01 9.998328527524609211e-01 9.998322608635722419e-01 9.998323138824706247e-01 9.998327816868700646e-01 9.998335686823196511e-01 9.998346292947815073e-01 9.998359349730013834e-01 9.998380853735869822e-01 9.998414904627652700e-01 9.998454870646288350e-01 9.998499100146112095e-01 9.998550122944604990e-01 9.998619927050690359e-01 9.998697539031168313e-01 9.998780137793432665e-01 9.998856972450761438e-01 9.998920203246075555e-01 9.998968402595886928e-01 9.999003957002697840e-01 9.999030225171805508e-01 9.999050183610674880e-01 9.999066037654155137e-01 9.999079317409035328e-01 9.999091096651862021e-01 9.999102193382967130e-01 9.999113306512031896e-01 9.999125091126952469e-01 9.999138130805005353e-01 9.999152871002501275e-01 9.999169562904024477e-01 9.999188206697333658e-01 9.999208497147448194e-01 9.999229953207674493e-01 9.999251940724338539e-01 9.999273784214398608e-01 9.999294915532123129e-01 9.999314848251075194e-01 9.999333241255571325e-01 9.999349971631147360e-01 9.999364937898289618e-01
0.000000000000000000e+00 9.999999999999134026e-01 9.999999999999154010e-01 9.999999996639675759e-01 9.999999733662179313e-01 9.999997190418115078e-01 9.999987948256797710e-01 9.999967809841695532e-01 9.999935052092993049e-01 9.999894847272442489e-01 9.999837552712909083e-01 9.999768638207560123e-01 9.999717346213552460e-01 9.999639115717108284e-01 9.999501105143299151e-01 9.999393782565353384e-01 9.999332903448788779e-01 9.999281670323135751e-01 9.999231335000389187e-01 9.999178178143268703e-01 9.999114864836973204e-01 9.999024194628646223e-01 9.998888900818471148e-01 9.998730115908653904e-01 9.998600504034609315e-01 9.998516037800759815e-01 9.998457659056768643e-01 9.998410636824439646e-01 9.998369671296387651e-01 9.998332919109627070e-01 9.998314049896930289e-01 9.998308503850625861e-01 9.998309099895913432e-01 9.998313700620014011e-01 9.998321470238953346e-01 9.998332015501601999e-01 9.998345088627910160e-01 9.998366897407819920e-01 9.998401701301481426e-01 9.998442479121492088e-01 9.998486987843767659e-01 9.998536390422554376e-01 9.998597889681384299e-01 9.998662343586545154e-01 9.998734619196837370e-01 9.998808674944744679e-01 9.998875592547769031e-01 9.998930512363041201e-01 9.998973028694112530e-01 9.999005156596419974e-01 9.999029537132132495e-01 9.999048505570613532e-01 9.999063853538956437e-01 9.999076849251438137e-01 9.999088419773720648e-01 9.999099263887535338e-01 9.999109988753044354e-01 9.999121142937524853e-01 9.999133231647066022e-01 9.999146686375254278e-01 9.999161774996401242e-01 9.999178587629750092e-01 9.999197011868300455e-01 9.999216687718965879e-01 9.999237181730115109e-01 9.999257923585975760e-01 9.999278376973529392e-01 9.999298079355842805e-01 9.999316626587270163e-01 9.999333823022708012e-01
0.000000000000000000e+00 9.999999999999368283e-01 9.999999999997841726e-01 9.999999988483535551e-01 9.999999432294363055e-01 9.999995284139222562e-01 9.999982613925433306e-01 9.999958136480118220e-01 9.999917279171267603e-01 9.999874837528920368e-01 9.999803211989970464e-01 9.999745913972208911e-01 9.999689203814241534e-01 9.999584170429204333e-01 9.999448574676635948e-01 9.999365891094839087e-01 9.999308986426421741e-01 9.999256226007049442e-01 9.999202746928707031e-01 9.999143788169636560e-01 9.999068099806351917e-01 9.998956160126800663e-01 9.998806451874669987e-01 9.998661251873084410e-01 9.998557883648677702e-01 9.998488988881596429e-01 9.998436510298611690e-01 9.998391955233593142e-01 9.998352433316827215e-01 9.998316692457573929e-01 9.998298497429660703e-01 9.998293204523290845e-01 9.998293737330317121e-01 9.998298160329003315e-01 9.998305754104170884e-01 9.998316183736328799e-01 9.998329228636507748e-01 9.998351326722126897e-01 9.998386952988913556e-01 9.998428758976589670e-01 9.998473946927711742e-01 9.998522635121174229e-01 9.998578711538738117e-01 9.998632314466662230e-01 9.998692543292077017e-01 9.998759131800619704e-01 9.998825437596428056e-01 9.998884873507444260e-01 9.998934137623791685e-01 9.998973049476173047e-01 9.999003174303267016e-01 9.999026564020609964e-01 9.999045106783858161e-01 9.999060282107044006e-01 9.999073209610696011e-01 9.999084693062524343e-01 9.999095357253302563e-01 9.999105716146392542e-01 9.999116249616289975e-01 9.999127384261701224e-01 9.999139508480974214e-01 9.999152921621344836e-01 9.999167775926507407e-01 9.999184120531775521e-01 9.999201750725315030e-01 9.999220389614399407e-01 9.999239641250567967e-01 9.999259030901048728e-01 9.999278137767262375e-01 9.999296565928320613e-01
0.000000000000000000e+00 9.999999999999178435e-01 9.999999999978339549e-01 9.999999954588698614e-01 9.999998690407906343e-01 9.999991684301390293e-01 9.999973253698033471e-01 9.999941730670008910e-01 9.999898076070836694e-01 9.999840648922541098e-01 9.999769676191001544e-01 9.999718747151655762e-01 9.999644460157712800e-01 9.999515795943196839e-01 9.999404766236060782e-01 9.999336893269441529e-01 9.999280289702723312e-01 9.999224895431021443e-01 9.999166694908870889e-01 9.999098456369867050e-01 9.999004503570606550e-01 9.998871795715519317e-01 9.998723272071641244e-01 9.998603584796041943e-01 9.998522384883987701e-01 9.998463280939532405e-01 9.998414640664708974e-01 9.998372087998665947e-01 9.998333902751204150e-01 9.998299136916777297e-01 9.998281545565455009e-01 9.998276351180197530e-01 9.998276680272545347e-01 9.998280822528341494e-01 9.998288163393780348e-01 9.998298410910884115e-01 9.998311374100876670e-01 9.998333719960613708e-01 9.998370202256939843e-01 9.998413227734740394e-01 9.998459490753048851e-01 9.998508199056903578e-01 9.998561053673712395e-01 9.998606837425226823e-01 9.998655701586409705e-01 9.998711613157701406e-01 9.998772226394164742e-01 9.998832040506812069e-01 9.998886042699182131e-01 9.998931645040168847e-01 9.998968531109031499e-01 9.998997790139967368e-01 9.999020971266587843e-01 9.999039608016706548e-01 9.999054985150783725e-01 9.999068086472403527e-01 9.999079659219787253e-01 9.999090269948781584e-01 9.999100374829613669e-01 9.999110372730406482e-01 9.999120637703315939e-01 9.999131506054701468e-01 9.999143280673796763e-01 9.999156153311058448e-01 9.999170264335576208e-01 9.999185596566854128e-01 9.999202008802483554e-01 9.999219271909741691e-01 9.999237093582569180e-01 9.999255062295551166e-01
0.000000000000000000e+00 9.999999999999426015e-01 9.999999999483644153e-01 9.999999778301090769e-01 9.999996599802835062e-01 9.999984291116449375e-01 9.999958459851929771e-01 9.999915541221958692e-01 9.999867448290638006e-01 9.999793621791718268e-01 9.999735565653962155e-01 9.999676700960629105e-01 9.999573303421430692e-01 9.999448462203113230e-01 9.999364861741860677e-01 9.999302362329693938e-01 9.999243868066048924e-01 9.999184251160295744e-01 9.999118354737276393e-01 9.999034953424190686e-01 9.998918931076660188e-01 9.998777376650362925e-01 9.998649005877358054e-01 9.998556458052588747e-01 9.998490088726895708e-01 9.998436964236121494e-01 9.998391183024641915e-01 9.998350432121798637e-01 9.998313540082514050e-01 9.998279737969794079e-01 9.998262655374079433e-01 9.998257372213910088e-01 9.998257349039918473e-01 9.998261104876096095e-01 9.998268106455902027e-01 9.998278094800341353e-01 9.998290904394645517e-01 9.998313422657925109e-01 9.998350739707638768e-01 9.998395144700319426e-01 9.998442878652037402e-01 9.998492291467625526e-01 9.998543521209054541e-01 9.998584320774290823e-01 9.998624273595947409e-01 9.998668875389979949e-01 9.998719626557349693e-01 9.998774334279235676e-01 9.998828761046085756e-01 9.998878897095629936e-01 9.998922372578994411e-01 9.998958550522253352e-01 9.998987976019670931e-01 9.999011757919967769e-01 9.999031115867972330e-01 9.999047167057678598e-01 9.999060805790559447e-01 9.999072741959684762e-01 9.999083516634411639e-01 9.999093558941201110e-01 9.999103221776117767e-01 9.999112822685007895e-01 9.999122637097851429e-01 9.999132946597900640e-01 9.999143965572834247e-01 9.999155870130695956e-01 9.999168760181167404e-01 9.999182654888851829e-01 9.999197473440304407e-01 9.999213058409214261e-01
0.000000000000000000e+00 9.999999999998897549e-01 9.999999959940760741e-01 9.999998261267628585e-01 9.999988603337707227e-01 9.999964924134804312e-01 9.999924614127003730e-01 9.999876105345411048e-01 9.999805240916976867e-01 9.999741699489578250e-01 9.999680996597565263e-01 9.999595968801169299e-01 9.999480218568859158e-01 9.999387018171763675e-01 9.999317500927505931e-01 9.999254905739332067e-01 9.999192261483998978e-01 9.999125129181875016e-01 9.999045319724523262e-01 9.998940431997558331e-01 9.998810857472952840e-01 9.998684504398125394e-01 9.998586307369285997e-01 9.998514008168675193e-01 9.998456615558722893e-01 9.998407694782790456e-01 9.998364453646950700e-01 9.998325497688896890e-01 9.998289947241971731e-01 9.998257160705441571e-01 9.998240465285048728e-01 9.998234867097717249e-01 9.998234328646965485e-01 9.998237573434906045e-01 9.998244123084391033e-01 9.998253743559184503e-01 9.998266290270214629e-01 9.998288826068030266e-01 9.998326859654407262e-01 9.998372764456157080e-01 9.998422408479182844e-01 9.998473280067919911e-01 9.998524170969329550e-01 9.998562151641610107e-01 9.998596138132506139e-01 9.998631201926000411e-01 9.998670415657758825e-01 9.998714878253351923e-01 9.998763304076484504e-01 9.998812738443783044e-01 9.998859922769174347e-01 9.998902465017047714e-01 9.998939210946019562e-01 9.998970073618576038e-01 9.998995626104365542e-01 9.999016730889156435e-01 9.999034310701271355e-01 9.999049191368504230e-01 9.999062059161001326e-01 9.999073461063867629e-01 9.999083830588954003e-01 9.999093514581628428e-01 9.999102789365595934e-01 9.999111912292459881e-01 9.999121103637909069e-01 9.999130565574219087e-01 9.999140477867860533e-01 9.999150991901881724e-01 9.999162212786871784e-01 9.999174205125971326e-01
-1.000000000000000000e+00 -1.000000000000000000e+00 9.999997125395250208e-01 9.999984810597554175e-01 9.999957786993297626e-01 9.999914723743098532e-01 9.999861168040047321e-01 9.999791799748708465e-01 9.999727240501091741e-01 9.999659378620798789e-01 9.999573324526346285e-01 9.999480371851601213e-01 9.999392798942410288e-01 9.999318934011552917e-01 9.999251889509579438e-01 9.999185115448022687e-01 9.999114366274267640e-01 9.999033513722633826e-01 9.998934556135941065e-01 9.998818253830725755e-01 9.998702840139641612e-01 9.998606780476109179e-01 9.998531817127386256e-01 9.998471227935703531e-01 9.998419645005108825e-01 9.998374226414223909e-01 9.998333441689117862e-01 9.998296325653533989e-01 9.998262183652616431e-01 9.998230482754515425e-01 9.998213980371765119e-01 9.998207825380316383e-01 9.998206615163716116e-01 9.998209219470022280e-01 9.998215187404381199e-01 9.998224297060924748e-01 9.998236426890525497e-01 9.998258695851672817e-01 9.998297102037720929e-01 9.998344465873577613e-01 9.998396416755515048e-01 9.998449595759877351e-01 9.998501449907559735e-01 9.998538341840651489e-01 9.998569166818850329e-01 9.998598182159486036e-01 9.998628059002847568e-01 9.998660953890349257e-01 9.998698124135698695e-01 9.998739403031501327e-01 9.998783194675754382e-01 9.998827125374821767e-01 9.998868904121087642e-01 9.998906858788998431e-01 9.998940174383481594e-01 9.998968753553407751e-01 9.998992919321437745e-01 9.999013311104918422e-01 9.999030575881501237e-01 9.999045365461279866e-01 9.999058233939062124e-01 9.999069662450948970e-01 9.999080012023047193e-01 9.999089588344475255e-01 9.999098643629035221e-01 9.999107378426221882e-01 9.999115970433183342e-01 9.999124580153895270e-01 9.999133358048485354e-01 9.999142414256886324e-01
-1.000000000000000000e+00 -1.000000000000000000e+00 -1.000000000000000000e+00 9.999949786429151999e-01 9.999904188201449440e-01 9.999846585921104980e-01 9.999778798359100218e-01 9.999710598408305673e-01 9.999637630267917965e-01 9.999554219969928326e-01 9.999469285343606240e-01 9.999393747903667640e-01 9.999319222917123495e-01 9.999248237214075630e-01 9.999177694698779817e-01 9.999103923678126504e-01 9.999022728853692588e-01 9.998929426491025563e-01 9.998824762401385957e-01 9.998719641507823885e-01 9.998626777765406981e-01 9.998550083233507246e-01 9.998486549441328863e-01 9.998432257372172893e-01 9.998384550838367302e-01 9.998341825598111576e-01 9.998303041268833402e-01 9.998267452268957411e-01 9.998234489206618836e-01 9.998203706675936608e-01 9.998187151708366471e-01 9.998180351788444886e-01 9.998178462722212556e-01 9.998180426956260192e-01 9.998185800589507455e-01 9.998194365473257461e-01 9.998206010877472849e-01 9.998227753428340359e-01 9.998266042969286005e-01 9.998314471984185436e-01 9.998368670729307350e-01 9.998424537572608850e-01 9.998478310609552056e-01 9.998515424088897374e-01 9.998545198988911809e-01 9.998571642639594304e-01 9.998596842509085425e-01 9.998622545831280517e-01 9.998650406696156789e-01 9.998681705616561111e-01 9.998716892759178521e-01 9.998755355366073516e-01 9.998795568408099799e-01 9.998835629947541159e-01 9.998873779924831728e-01 9.998908737102824018e-01 9.998939850783460370e-01 9.998966956862067601e-01 9.998990279718623642e-01 9.999010250090000218e-01 9.999027377122093885e-01 9.999042183178489251e-01 9.999055133556642438e-01 9.999066624532810810e-01 9.999077017704476322e-01 9.999086566351922389e-01 9.999095504338577634e-01 9.999104011364712274e-01 9.999112246378185631e-01 9.999120343339700234e-01
-1.000000000000000000e+00 -1.000000000000000000e+00 -1.000000000000000000e+00 -1.000000000000000000e+00 9.999832895582958514e-01 9.999764791275375098e-01 9.999692948271710069e-01 9.999617741552487837e-01 9.999537953557199321e-01 9.999457843615594532e-01 9.999383254198046522e-01 9.999315416189196171e-01 9.999243553330661172e-01 9.999170283624781996e-01 9.999094475410128524e-01 9.999013701558320255e-01 9.998925488179271071e-01 9.998830312738650195e-01 9.998734207000691265e-01 9.998645348467096738e-01 9.998568138530670169e-01 9.998502244462836863e-01 9.998445370927409037e-01 9.998395338768342189e-01 9.998350591327358483e-01 9.998310050246910219e-01 9.998272929211070581e-01 9.998238626217116343e-01 9.998206669436602301e-01 9.998176687257802620e-01 9.998159937774898642e-01 9.998152501495570776e-01 9.998149977742502026e-01 9.998151341668694014e-01 9.998156143345602320e-01 9.998164162055704907e-01 9.998175290983615238e-01 9.998196278539454029e-01 9.998233930454095697e-01 9.998282879877615770e-01 9.998339062903914831e-01 9.998397780616421482e-01 9.998454093360267247e-01 9.998492251268459308e-01 9.998522093363091390e-01 9.998547687774325121e-01 9.998570895112021129e-01 9.998593034925193912e-01 9.998615354626066987e-01 9.998639164558758008e-01 9.998665676442870520e-01 9.998695676674930199e-01 9.998729192596113036e-01 9.998765447590006739e-01 9.998803071980203461e-01 9.998840465011638035e-01 9.998876175859169324e-01 9.998909175377557190e-01 9.998938858241006589e-01 9.998965054860281532e-01 9.998987900360182257e-01 9.999007676281880252e-01 9.999024811049573858e-01 9.999039720574152135e-01 9.999052797687312255e-01 9.999064416963471258e-01 9.999074885658593148e-01 9.999084461877093544e-01 9.999093350535847025e-01 9.999101731656493408e-01
-1.000000000000000000e+00 -1.000000000000000000e+00 -1.000000000000000000e+00 -1.000000000000000000e+00 -1.000000000000000000e+00 9.999676031939278564e-01 9.999600118875754395e-01 9.999522782244661956e-01 9.999445358238511217e-01 9.999370826750977326e-01 9.999301150232584590e-01 9.999235579651450934e-01 9.999162924478285364e-01 9.999086531116451182e-01 9.999006838480459791e-01 9.998922940449127550e-01 9.998835094831588499e-01 9.998746408556516974e-01 9.998661841450207088e-01 9.998585255103777936e-01 9.998517819389183270e-01 9.998458700854891967e-01 9.998406419361058894e-01 9.998359624378654331e-01 9.998317266239951095e-01 9.998278543372718374e-01 9.998242831398403974e-01 9.998209636191520699e-01 9.998178565235575910e-01 9.998149308666258728e-01 9.998132328204452079e-01 9.998124330252797787e-01 9.998121256664079803e-01 9.998122093194834470e-01 9.998126379908591765e-01 9.998133886938497250e-01 9.998144504665978927e-01 9.998164585076538824e-01 9.998201135827785579e-01 9.998249955387157328e-01 9.998307634203955629e-01 9.998369155206673353e-01 9.998428390541614919e-01 9.998468142598245789e-01 9.998498741475961848e-01 9.998524425986401454e-01 9.998547033451987698e-01 9.998567705423333507e-01 9.998587361281130459e-01 9.998606929406985699e-01 9.998627468974583543e-01 9.998650075686204008e-01 9.998675656615031437e-01 9.998704667014998160e-01 9.998736919068744733e-01 9.998771567064519417e-01 9.998807354739275288e-01 9.998842910705929565e-01 9.998876993294407711e-01 9.998908714406793408e-01 9.998937513714124536e-01 9.998963194533346810e-01 9.998985815106665731e-01 9.999005591546109573e-01 9.999022851253945854e-01 9.999037944832581681e-01 9.999051226785607982e-01 9.999063018264710001e-01 9.999073613234077396e-01 9.999083258280180297e-01
-1.000000000000000000e+00 -1.000000000000000000e+00 -1.000000000000000000e+00 -1.000000000000000000e+00 -1.000000000000000000e+00 -1.000000000000000000e+00 -1.000000000000000000e+00 9.999431264438067846e-01 9.999356882712000516e-01 9.999285709766413399e-01 9.999218304824825099e-01 9.999153693050706337e-01 9.999080104432896965e-01 9.999002231824843934e-01 9.998921830870527439e-01 9.998839384899314009e-01 9.998756467416527460e-01 9.998675954348540396e-01 9.998600784961751975e-01 9.998532672274673683e-01 9.998471823843854134e-01 9.998417509577970375e-01 9.998368725207753549e-01 9.998324537132040613e-01 9.998284170542738325e-01 9.998246997639244071e-01 9.998212510974440193e-01 9.998180301530964487e-01 9.998150042227241796e-01 9.998121474664415365e-01 9.998104316434608396e-01 9.998095877954817912e-01 9.998092369805089419e-01 9.998092782033927151e-01 9.998096641274689667e-01 9.998103704237359945e-01 9.998113854173336090e-01 9.998132978092429957e-01 9.998168100505884226e-01 9.998216135638117175e-01 9.998274609870585472e-01 9.998338628375614823e-01 9.998400962988078788e-01 9.998442675641815436e-01 9.998474495717498689e-01 9.998500847360075605e-01 9.998523630436896292e-01 9.998543948051211716e-01 9.998562584642985973e-01 9.998580214008320199e-01 9.998597557318029683e-01 9.998615459139974515e-01 9.998634883668674478e-01 9.998656750141026173e-01 9.998681745040359781e-01 9.998710080986685789e-01 9.998741420454794193e-01 9.998774918710872095e-01 9.998809443683890352e-01 9.998843740971834482e-01 9.998876770582181273e-01 9.998907667959738843e-01 9.998935951531751076e-01 9.998961400420955936e-01 9.998983992798204934e-01 9.999003911402195577e-01 9.999021400748516752e-01 9.999036767122704283e-01 9.999050318871530729e-01 9.999062339438646863e-01
-1.000000000000000000e+00 -1.000000000000000000e+00 -1.000000000000000000e+00 -1.000000000000000000e+00 -1.000000000000000000e+00 -1.000000000000000000e+00 -1.000000000000000000e+00 -1.000000000000000000e+00 9.999270218691185264e-01 9.999201563810753424e-01 9.999136110022948110e-01 9.999073000507960884e-01 9.998999555445622356e-01 9.998922126277086653e-01 9.998843457462310846e-01 9.998764737773945255e-01 9.998687649824691270e-01 9.998614237834707597e-01 9.998546162282024863e-01 9.998484179638194025e-01 9.998428181158325323e-01 9.998377569189750291e-01 9.998331607651420594e-01 9.998289600254324228e-01 9.998250944030947496e-01 9.998215133375889518e-01 9.998181750494872233e-01 9.998150455107643886e-01 9.998120974313494669e-01 9.998093091989633807e-01 9.998075873796170576e-01 9.998067149538717446e-01 9.998063348329893074e-01 9.998063462872739393e-01 9.998067006510635846e-01 9.998073721417651827e-01 9.998083478828848625e-01 9.998101698533091719e-01 9.998135241892397440e-01 9.998181950958614506e-01 9.998240401885482020e-01 9.998306324111789767e-01 9.998371696203537384e-01 9.998415593137252033e-01 9.998448942709835530e-01 9.998476352809212431e-01 9.998499789273034288e-01 9.998520382218453184e-01 9.998538886236586487e-01 9.998555869643628302e-01 9.998571849078148333e-01 9.998587396443858744e-01 9.998603184459839976e-01 9.998620031728033819e-01 9.998638807996861333e-01 9.998660284089952999e-01 9.998684961612778199e-01 9.998712874928536998e-01 9.998743607980170589e-01 9.998776333921111092e-01 9.998809979587504060e-01 9.998843450799123067e-01 9.998875778538229842e-01 9.998906208944524643e-01 9.998934228835557603e-01 9.998959631487323030e-01 9.998982366221671469e-01 9.999002535793229951e-01 9.999020349950699105e-01 9.999036056960779462e-01
-1.000000000000000000e+00 -1.000000000000000000e+00 -1.000000000000000000e+00 -1.000000000000000000e+00 -1.000000000000000000e+00 -1.000000000000000000e+00 -1.000000000000000000e+00 -1.000000000000000000e+00 -1.000000000000000000e+00 9.999120484769048467e-01 9.999057380684610585e-01 9.998996485808449020e-01 9.998923675845278192e-01 9.998847554289530537e-01 9.998771539933725139e-01 9.998696972117948611e-01 9.998625222206563024e-01 9.998557618877601527e-01 9.998495056293557059e-01 9.998437807381437281e-01 9.998385637726844299e-01 9.998338048588238935e-01 9.998294469856877642e-01 9.998254356740753357e-01 9.998217225399915753e-01 9.998182661393842929e-01 9.998150318325641495e-01 9.998119912459607628e-01 9.998091215159351508e-01 9.998064043999853601e-01 9.998046926108410393e-01 9.998038094619484673e-01 9.998034161975326573e-01 9.998034124455621452e-01 9.998037484238769812e-01 9.998043968395222691e-01 9.998053436632753366e-01 9.998070879380478448e-01 9.998102858830897333e-01 9.998147892899701406e-01 9.998205531708469485e-01 9.998272519822678506e-01 9.998340577831161813e-01 9.998386727097924309e-01 9.998421801370761530e-01 9.998450528101451296e-01 9.998474939811827777e-01 9.998496204365635576e-01 9.998515081777477054e-01 9.998532120075414031e-01 9.998547755314910468e-01 9.998562396796807361e-01 9.998576491068842387e-01 9.998590586202894537e-01 9.998605365101034259e-01 9.998621598787295062e-01 9.998640075067317667e-01 9.998661416547763858e-01 9.998685960880576706e-01 9.998713646418523338e-01 9.998743999536128246e-01 9.998776206455073368e-01 9.998809278261487909e-01 9.998842227183704079e-01 9.998874113505782368e-01 9.998904292949784001e-01 9.998932265963509369e-01 9.998957774873880044e-01 9.998980760703563009e-01 9.999001275826335799e-01
-1.000000000000000000e+00 -1.000000000000000000e+00 -1.000000000000000000e+00 -1.000000000000000000e+00 -1.000000000000000000e+00 -1.000000000000000000e+00 -1.000000000000000000e+00 -1.000000000000000000e+00 -1.000000000000000000e+00 -1.000000000000000000e+00 9.998983413373236928e-01 9.998924967631751537e-01 9.998851881898873639e-01 9.998776942904156195e-01 9.998703682211529387e-01 9.998633112209751594e-01 9.998566109265782931e-01 9.998503402490447334e-01 9.998445376309973431e-01 9.998392027763286505e-01 9.998343074649080897e-01 9.998298096409837799e-01 9.998256635609854559e-01 9.998218253057948868e-01 9.998182553254614247e-01 9.998149193969074755e-01 9.998117887184917452e-01 9.998088395653748073e-01 9.998060526612049248e-01 9.998034123683409158e-01 9.998017293482384105e-01 9.998008554416268900e-01 9.998004668731984568e-01 9.998004640208200122e-01 9.998007963279016419e-01 9.998014352517856640e-01 9.998023651594986072e-01 9.998040489514594675e-01 9.998071047634582431e-01 9.998114250456731078e-01 9.998170431687017912e-01 9.998237526991123891e-01 9.998307617266798397e-01 9.998355905767241092e-01 9.998392780037160810e-01 9.998422987802237927e-01 9.998448597138080984e-01 9.998470800377710077e-01 9.998490380026999746e-01 9.998507883916800676e-01 9.998523732047216450e-01 9.998538267838348315e-01 9.998551821337494649e-01 9.998564749123193263e-01 9.998577490007407587e-01 9.998590601110024512e-01 9.998604757390662234e-01 9.998620685020842558e-01 9.998639062891712115e-01 9.998660418323416232e-01 9.998684942067181947e-01 9.998712507591760446e-01 9.998742601399961405e-01 9.998774465059254712e-01 9.998807178695550135e-01 9.998839794043011819e-01 9.998871483064323273e-01 9.998901610263563056e-01 9.998929663093978348e-01 9.998955445122497121e-01
-1.000000000000000000e+00 -1.000000000000000000e+00 -1.000000000000000000e+00 -1.000000000000000000e+00 -1.000000000000000000e+00 -1.000000000000000000e+00 -1.000000000000000000e+00 -1.000000000000000000e+00 -1.000000000000000000e+00 -1.000000000000000000e+00 -1.000000000000000000e+00 9.998856080500547749e-01 9.998778201125327891e-01 9.998704612693626315e-01 9.998634740148341082e-01 9.998568554738390679e-01 9.998506298284632887e-01 9.998448203532891432e-01 9.998394333669006206e-01 9.998344556698091079e-01 9.998298597744726957e-01 9.998256107616809718e-01 9.998216716999730469e-01 9.998180070844518985e-01 9.998145847168870004e-01 9.998113765366034578e-01 9.998083587653757709e-01 9.998055116087699590e-01 9.998028187011015477e-01 9.998002664520894145e-01 9.997986350194585370e-01 9.997977934635483566e-01 9.997974298960781159e-01 9.997974461461197615e-01 9.997977911615180124e-01 9.997984355452642635e-01 9.997993623284008313e-01 9.998010046505021453e-01 9.998039385554348124e-01 9.998080721928477299e-01 9.998134908011678812e-01 9.998201070065694251e-01 9.998272248732359424e-01 9.998322378122865839e-01 9.998361029196979333e-01 9.998392815277130641e-01 9.998419788496182292e-01 9.998443147398389241e-01 9.998463684073650715e-01 9.998481952690418950e-01 9.998498371295995168e-01 9.998513268315304403e-01 9.998526927200886982e-01 9.998539604621200505e-01 9.998551595527688240e-01 9.998563241839392157e-01 9.998574994944131600e-01 9.998587401215012216e-01 9.998601115834514497e-01 9.998616797020544178e-01 9.998635054207478667e-01 9.998656298884504023e-01 9.998680676962797831e-01 9.998708010843605498e-01 9.998737807289321822e-01 9.998769344614925059e-01 9.998801773591258213e-01 9.998834214128947684e-01 9.998865896052369084e-01 9.998896170367439495e-01
-1.000000000000000000e+00 -1.000000000000000000e+00 -1.000000000000000000e+00 -1.000000000000000000e+00 -1.000000000000000000e+00 -1.000000000000000000e+00 -1.000000000000000000e+00 -1.000000000000000000e+00 -1.000000000000000000e+00 -1.000000000000000000e+00 -1.000000000000000000e+00 -1.000000000000000000e+00 -1.000000000000000000e+00 9.998623660465909557e-01 9.998559823600920993e-01 9.998499460959033858e-01 9.998442639405386023e-01 9.998389434905490258e-01 9.998339830911173731e-01 9.998293698455993361e-01 9.998250820751501955e-01 9.998210930693757215e-01 9.998173744543836783e-01 9.998138986236787540e-01 9.998106402245524604e-01 9.998075768728276191e-01 9.998046893020192671e-01 9.998019611429629361e-01 9.997993785093687302e-01 9.997969295270843215e-01 9.997953762101459141e-01 9.997945937395003035e-01 9.997942788294889027e-01 9.997943351982045979e-01 9.997947119702034202e-01 9.997953791394508238e-01 9.997963188409365598e-01 9.997979427879194469e-01 9.998007844629132057e-01 9.998047445147690837e-01 9.998099273398124431e-01 9.998163423980658271e-01 9.998234420129151756e-01 9.998285814893961287e-01 9.998326038194380594e-01 9.998359391714108924e-01 9.998387822965063565e-01 9.998412495698303371e-01 9.998434190248360887e-01 9.998453462997012320e-01 9.998470723688935857e-01 9.998486304493444665e-01 9.998500470322279066e-01 9.998513447276655697e-01 9.998525454000777302e-01 9.998536716124593049e-01 9.998547509601787286e-01 9.998558175567255901e-01 9.998569154317771268e-01 9.998580982696817498e-01 9.998594258862039119e-01 9.998609601154204718e-01 9.998627540523908896e-01 9.998648437987320836e-01 9.998672421260740295e-01 9.998699296841483397e-01 9.998728631274369505e-01 9.998759767218059480e-01 9.998791935115555196e-01 9.998824281241688317e-01
-1.000000000000000000e+00 -1.000000000000000000e+00 -1.000000000000000000e+00 -1.000000000000000000e+00 -1.000000000000000000e+00 -1.000000000000000000e+00 -1.000000000000000000e+00 -1.000000000000000000e+00 -1.000000000000000000e+00 -1.000000000000000000e+00 -1.000000000000000000e+00 -1.000000000000000000e+00 -1.000000000000000000e+00 -1.000000000000000000e+00 9.998489943259164514e-01 9.998434653864085586e-01 9.998382494002404641e-01 9.998333472083426043e-01 9.998287543421170431e-01 9.998244594744417624e-01 9.998204455767841781e-01 9.998166920896287557e-01 9.998131771048772709e-01 9.998098790847279593e-01 9.998067779783365028e-01 9.998038557819248773e-01 9.998010966722014059e-01 9.997984868662187496e-01 9.997960143463140437e-01 9.997936685524152489e-01 9.997922054763076494e-01 9.997914997385249913e-01 9.997912514983120502e-01 9.997913656408593530e-01 9.997917917127207010e-01 9.997924993106951375e-01 9.997934697104549073e-01 9.997951017083031022e-01 9.997978958192944576e-01 9.998017360234188189e-01 9.998067231409590860e-01 9.998129186582060957e-01 9.998199052048392099e-01 9.998250882621317892e-01 9.998292104437993544e-01 9.998326652057336617e-01 9.998356307684486133e-01 9.998382163696742930e-01 9.998404961459297358e-01 9.998425235816934542e-01 9.998443394569749287e-01 9.998459758930430263e-01 9.998474590034016618e-01 9.998488104868008541e-01 9.998500496245715796e-01 9.998511948116511894e-01 9.998522646482319587e-01 9.998532815615135405e-01 9.998542733496533774e-01 9.998552758067341673e-01 9.998563329726400939e-01 9.998574984330724780e-01 9.998588291225345426e-01 9.998603810525745761e-01 9.998622014620818232e-01 9.998643180174784373e-01 9.998667377720151794e-01 9.998694414004545283e-01 9.998723828516918877e-01 9.998754990413767363e-01
-1.000000000000000000e+00 -1.000000000000000000e+00 -1.000000000000000000e+00 -1.000000000000000000e+00 -1.000000000000000000e+00 -1.000000000000000000e+00 -1.000000000000000000e+00 -1.000000000000000000e+00 -1.000000000000000000e+00 -1.000000000000000000e+00 -1.000000000000000000e+00 -1.000000000000000000e+00 -1.000000000000000000e+00 -1.000000000000000000e+00 -1.000000000000000000e+00 9.998373442855734705e-01 9.998325380906074589e-01 9.998280034899256208e-01 9.998237357774124590e-01 9.998197257703751450e-01 9.998159603806721085e-01 9.998124239231700461e-01 9.998090995552650906e-01 9.998059704843232920e-01 9.998030207907607769e-01 9.998002358660387223e-01 9.997976025483268359e-01 9.997951090651808759e-01 9.997927448809796891e-01 9.997905005195109052e-01 9.997891353189661823e-01 9.997885196834807031e-01 9.997883527025709371e-01 9.997885397500626548e-01 9.997890304599464928e-01 9.997897941135982514e-01 9.997908113014035703e-01 9.997924738668975131e-01 9.997952581794343763e-01 9.997990282789500638e-01 9.998038711360491826e-01 9.998098686368546151e-01 9.998166971983509788e-01 9.998218592623111522e-01 9.998260252700642559e-01 9.998295551249385404e-01 9.998326103016804689e-01 9.998352908259341421e-01 9.998376648964079072e-01 9.998397829317935415e-01 9.998416832905342444e-01 9.998433971403132281e-01 9.998449496690613447e-01 9.998463618169918243e-01 9.998476523103400071e-01 9.998488375448054688e-01 9.998499330390047124e-01 9.998509554951557909e-01 9.998519235988326814e-01 9.998528614683771520e-01 9.998537983169308863e-01 9.998547732934429666e-01 9.998558329906838127e-01 9.998570296764590637e-01 9.998584185753206510e-01 9.998600494333709232e-01 9.998619619032671491e-01 9.998641741583055298e-01 9.998666853092716966e-01 9.998694670100145565e-01
-1.000000000000000000e+00 -1.000000000000000000e+00 -1.000000000000000000e+00 -1.000000000000000000e+00 -1.000000000000000000e+00 -1.000000000000000000e+00 -1.000000000000000000e+00 -1.000000000000000000e+00 -1.000000000000000000e+00 -1.000000000000000000e+00 -1.000000000000000000e+00 -1.000000000000000000e+00 -1.000000000000000000e+00 -1.000000000000000000e+00 -1.000000000000000000e+00 -1.000000000000000000e+00 9.998271197203232319e-01 9.998229125728558264e-01 9.998189363753970937e-01 9.998151842105922338e-01 9.998116463543743615e-01 9.998083110594765399e-01 9.998051655009803085e-01 9.998021966214493128e-01 9.997993917429539579e-01 9.997967389252998549e-01 9.997942271176394335e-01 9.997918461741026608e-01 9.997895867984063489e-01 9.997874404625902711e-01 9.997861774669896118e-01 9.997856617264385681e-01 9.997855877391602641e-01 9.997858603878838624e-01 9.997864290415156008e-01 9.997872625290128434e-01 9.997883407779656340e-01 9.997900530655375873e-01 9.997928589895015428e-01 9.997966018338875216e-01 9.998013512660555158e-01 9.998071909858589068e-01 9.998138577127118065e-01 9.998189607510890031e-01 9.998231271307811419e-01 9.998266915761057083e-01 9.998298023134281065e-01 9.998325496599482776e-01 9.998349965119910365e-01 9.998371880919985077e-01 9.998391608434793465e-01 9.998409434379417204e-01 9.998425600149748460e-01 9.998440307457646670e-01 9.998453735519334806e-01 9.998466040208413563e-01 9.998477366596459914e-01 9.998487855096898080e-01 9.998497650207172072e-01 9.998506921020664517e-01 9.998515880126536137e-01 9.998524798680635817e-01 9.998534018951852342e-01 9.998543971925795137e-01 9.998555150066521513e-01 9.998568073036052661e-01 9.998583254115140928e-01 9.998601127289906687e-01 9.998621958500986118e-01 9.998645817264737445e-01
-1.000000000000000000e+00 -1.000000000000000000e+00 -1.000000000000000000e+00 -1.000000000000000000e+00 -1.000000000000000000e+00 -1.000000000000000000e+00 -1.000000000000000000e+00 -1.000000000000000000e+00 -1.000000000000000000e+00 -1.000000000000000000e+00 -1.000000000000000000e+00 -1.000000000000000000e+00 -1.000000000000000000e+00 -1.000000000000000000e+00 -1.000000000000000000e+00 -1.000000000000000000e+00 -1.000000000000000000e+00 9.998180873748458986e-01 9.998143734155645612e-01 9.998108551018347612e-01 9.998075255397274042e-01 9.998043761640612592e-01 9.998013973449273450e-01 9.997985789807031232e-01 9.997959109646112896e-01 9.997933834927267283e-01 9.997909872341004256e-01 9.997887134036276269e-01 9.997865537772284705e-01 9.997845006797674294e-01 9.997833421341872917e-01 9.997829337247875481e-01 9.997829623980479807e-01 9.997833314682975647e-01 9.997839896279332450e-01 9.997849051281375576e-01 9.997860570864600671e-01 9.997878357652763004e-01 9.997906894837940150e-01 9.997944412643245959e-01 9.997991427287538091e-01 9.998048704417900057e-01 9.998113953048577418e-01 9.998164253684531655e-01 9.998205655765302069e-01 9.998241348910708037e-01 9.998272716254161807e-01 9.998300596891536163e-01 9.998325559488451253e-01 9.998348024951857482e-01 9.998368315601955381e-01 9.998386697274290746e-01 9.998403398318245205e-01 9.998418610269430573e-01 9.998432508153051179e-01 9.998445236540595138e-01 9.998456934171996435e-01 9.998467731551954341e-01 9.998477755687549262e-01 9.998487142703200714e-01 9.998496052726767447e-01 9.998504686629960947e-01 9.998513302001287295e-01 9.998522228159381076e-01 9.998531875286965631e-01 9.998542722884889988e-01 9.998555276274082582e-01 9.998570055683282387e-01 9.998587495030014649e-01 9.998607885190637923e-01
-1.000000000000000000e+00 -1.000000000000000000e+00 -1.000000000000000000e+00 -1.000000000000000000e+00 -1.000000000000000000e+00 -1.000000000000000000e+00 -1.000000000000000000e+00 -1.000000000000000000e+00 -1.000000000000000000e+00 -1.000000000000000000e+00 -1.000000000000000000e+00 -1.000000000000000000e+00 -1.000000000000000000e+00 -1.000000000000000000e+00 -1.000000000000000000e+00 -1.000000000000000000e+00 -1.000000000000000000e+00 -1.000000000000000000e+00 -1.000000000000000000e+00 9.998067562731230984e-01 9.998036162988407360e-01 9.998006374224981396e-01 9.997978125560668117e-01 9.997951339491643052e-01 9.997925935555561638e-01 9.997901833079613221e-01 9.997878953026619886e-01 9.997857219128443163e-01 9.997836558539930918e-01 9.997816902191763999e-01 9.997806373921894751e-01 9.997803426712430497e-01 9.997804825069160906e-01 9.997809578365323135e-01 9.997817160532578296e-01 9.997827245581545341e-01 9.997839617064514517e-01 9.997858217583379670e-01 9.997887461871356463e-01 9.997925374566385415e-01 9.997972301370828818e-01 9.998028896184025793e-01 9.998093042112617956e-01 9.998142641183045409e-01 9.998183665763242800e-01 9.998219220434236831e-01 9.998250639665372530e-01 9.998278714367726527e-01 9.998303971982830385e-01 9.998326797442060876e-01 9.998347484354279668e-01 9.998366278919763595e-01 9.998383388772025260e-01 9.998398995509821807e-01 9.998413264848838855e-01 9.998426339174101285e-01 9.998438355424390522e-01 9.998449433143987708e-01 9.998459692600002446e-01 9.998469252601360768e-01 9.998478249655542438e-01 9.998486844857572553e-01 9.998495239574490823e-01 9.998503702876496702e-01 9.998512571287258011e-01 9.998522258125194240e-01 9.998533246480553194e-01 9.998546056982633434e-01 9.998561196833153364e-01 9.998579076853134628e-01
-1.000000000000000000e+00 -1.000000000000000000e+00 -1.000000000000000000e+00 -1.000000000000000000e+00 -1.000000000000000000e+00 -1.000000000000000000e+00 -1.000000000000000000e+00 -1.000000000000000000e+00 -1.000000000000000000e+00 -1.000000000000000000e+00 -1.000000000000000000e+00 -1.000000000000000000e+00 -1.000000000000000000e+00 -1.000000000000000000e+00 -1.000000000000000000e+00 -1.000000000000000000e+00 -1.000000000000000000e+00 -1.000000000000000000e+00 -1.000000000000000000e+00 -1.000000000000000000e+00 9.997999299497352110e-01 9.997971060262427212e-01 9.997944218448658882e-01 9.997918715319161764e-01 9.997894487036502742e-01 9.997871467166506987e-01 9.997849588608610505e-01 9.997828785003226582e-01 9.997808991721967020e-01 9.997790146551949197e-01 9.997780689212426575e-01 9.997778944336623841e-01 9.997781540575578774e-01 9.997787453104592936e-01 9.997796138141666900e-01 9.997807258826293397e-01 9.997820590209118841e-01 9.997840143608470731e-01 9.997870302303879519e-01 9.997908879238772695e-01 9.997956055441542533e-01 9.998012362617573201e-01 9.998075755941103759e-01 9.998124773596746007e-01 9.998165410501155259e-01 9.998200747021039891e-01 9.998232090583512033e-01 9.998260210669133174e-01 9.998285608829311499e-01 9.998308640337270070e-01 9.998329573753964583e-01 9.998348634672021840e-01 9.998366017646789228e-01 9.998381893574226353e-01 9.998396423104567443e-01 9.998409745993612763e-01 9.998421991696114786e-01 9.998433280575708126e-01 9.998443727614154675e-01 9.998453445628745495e-01 9.998462558656009413e-01 9.998471203773737770e-01 9.998479562414090971e-01 9.998487853939825865e-01 9.998496379652247468e-01 9.998505509725639229e-01 9.998515693733951437e-01 9.998527446911340544e-01 9.998541287781130826e-01 9.998557721336452930e-01
-1.000000000000000000e+00 -1.000000000000000000e+00 -1.000000000000000000e+00 -1.000000000000000000e+00 -1.000000000000000000e+00 -1.000000000000000000e+00 -1.000000000000000000e+00 -1.000000000000000000e+00 -1.000000000000000000e+00 -1.000000000000000000e+00 -1.000000000000000000e+00 -1.000000000000000000e+00 -1.000000000000000000e+00 -1.000000000000000000e+00 -1.000000000000000000e+00 -1.000000000000000000e+00 -1.000000000000000000e+00 -1.000000000000000000e+00 -1.000000000000000000e+00 -1.000000000000000000e+00 -1.000000000000000000e+00 9.997937856717949989e-01 9.997912289585699774e-01 9.997887953452044840e-01 9.997864797932218828e-01 9.997842768303278893e-01 9.997821807465301358e-01 9.997801857516710466e-01 9.997782860970211294e-01 9.997764761661986910e-01 9.997756401264381587e-01 9.997755940256289886e-01 9.997759833741527435e-01 9.997767011550843241e-01 9.997776906701139055e-01 9.997789169257632613e-01 9.997803566945521192e-01 9.997824211158548025e-01 9.997855484129296588e-01 9.997894971497579553e-01 9.997942696198471868e-01 9.997999064675643366e-01 9.998062044947024773e-01 9.998110646930261636e-01 9.998150953586683043e-01 9.998186058409985755e-01 9.998217270961301528e-01 9.998245350452618085e-01 9.998270782910134713e-01 9.998293899839618692e-01 9.998314951640359105e-01 9.998334148589975712e-01 9.998351675198600130e-01 9.998367697559015221e-01 9.998382368473880399e-01 9.998395825973550588e-01 9.998408198337014330e-01 9.998419610938735769e-01 9.998430170475131051e-01 9.998439995238954658e-01 9.998449201044191659e-01 9.998457920167759250e-01 9.998466318301467703e-01 9.998474605792352365e-01 9.998483060763393437e-01 9.998492043013805786e-01 9.998501991419691537e-01 9.998513419890111553e-01 9.998526879546894008e-01 9.998542903122282777e-01
-1.000000000000000000e+00 -1.000000000000000000e+00 -1.000000000000000000e+00 -1.000000000000000000e+00 -1.000000000000000000e+00 -1.000000000000000000e+00 -1.000000000000000000e+00 -1.000000000000000000e+00 -1.000000000000000000e+00 -1.000000000000000000e+00 -1.000000000000000000e+00 -1.000000000000000000e+00 -1.000000000000000000e+00 -1.000000000000000000e+00 -1.000000000000000000e+00 -1.000000000000000000e+00 -1.000000000000000000e+00 -1.000000000000000000e+00 -1.000000000000000000e+00 -1.000000000000000000e+00 -1.000000000000000000e+00 -1.000000000000000000e+00 9.997882315705777234e-01 9.997859034632560205e-01 9.997836851807166969e-01 9.997815722145217965e-01 9.997795596918999106e-01 9.997776425425239921e-01 9.997758156345403213e-01 9.997740738805300786e-01 9.997733528021670590e-01 9.997734465243763857e-01 9.997739783141590397e-01 9.997748351424017299e-01 9.997759576078134591e-01 9.997773095338357008e-01 9.997788670735934247e-01 9.997810547294194716e-01 9.997843138661043350e-01 9.997883778057370385e-01 9.997932323466943716e-01 9.997989063693800693e-01 9.998051949151975926e-01 9.998100312152959912e-01 9.998140379097671948e-01 9.998175286280926999e-01 9.998206362563923921e-01 9.998234363674218805e-01 9.998259762846335441e-01 9.998282878031163889e-01 9.998303944644548746e-01 9.998323161974823625e-01 9.998340708750733663e-01 9.998356750851015162e-01 9.998371440128192011e-01 9.998384916771623221e-01 9.998397313325325664e-01 9.998408750030668424e-01 9.998419346939607655e-01 9.998429215445865381e-01 9.998438478605164992e-01 9.998447273915771483e-01 9.998455764844483840e-01 9.998464173532509713e-01 9.998472786044109162e-01 9.998481979853574009e-01 9.998492222493193804e-01 9.998504056291355191e-01 9.998518073980877663e-01 9.998534840709962790e-01
-1.000000000000000000e+00 -1.000000000000000000e+00 -1.000000000000000000e+00 -1.000000000000000000e+00 -1.000000000000000000e+00 -1.000000000000000000e+00 -1.000000000000000000e+00 -1.000000000000000000e+00 -1.000000000000000000e+00 -1.000000000000000000e+00 -1.000000000000000000e+00 -1.000000000000000000e+00 -1.000000000000000000e+00 -1.000000000000000000e+00 -1.000000000000000000e+00 -1.000000000000000000e+00 -1.000000000000000000e+00 -1.000000000000000000e+00 -1.000000000000000000e+00 -1.000000000000000000e+00 -1.000000000000000000e+00 -1.000000000000000000e+00 -1.000000000000000000e+00 9.997831896834750154e-01 9.997810593089310194e-01 9.997790278597141755e-01 9.997770911634524804e-01 9.997752447613034166e-01 9.997734840523242461e-01 9.997718044095249557e-01 9.997712082096664732e-01 9.997714588352248910e-01 9.997721502178466002e-01 9.997731616910818797e-01 9.997744311959662067e-01 9.997759216340984523e-01 9.997776088640033532e-01 9.997799352191883981e-01 9.997833483313013359e-01 9.997875520627214074e-01 9.997925151165886204e-01 9.997982546377801594e-01 9.998045626907309247e-01 9.998093926189807190e-01 9.998133859111150157e-01 9.998168633467960920e-01 9.998199600516636254e-01 9.998227518688271864e-01 9.998252846824197126e-01 9.998275890119396880e-01 9.998296875953123219e-01 9.998316001690051857e-01 9.998333449882580437e-01 9.998349387227591922e-01 9.998363972228551111e-01 9.998377353757220698e-01 9.998389667785786417e-01 9.998401043820017708e-01 9.998411607023817149e-01 9.998421478974581778e-01 9.998430789252897855e-01 9.998439689595672863e-01 9.998448370379281469e-01 9.998457081634730681e-01 9.998466163516346317e-01 9.998476058167995451e-01 9.998487305744718778e-01 9.998500526259445076e-01 9.998516366942854505e-01 9.998535421901595388e-01
-1.000000000000000000e+00 -1.000000000000000000e+00 -1.000000000000000000e+00 -1.000000000000000000e+00 -1.000000000000000000e+00 -1.000000000000000000e+00 -1.000000000000000000e+00 -1.000000000000000000e+00 -1.000000000000000000e+00 -1.000000000000000000e+00 -1.000000000000000000e+00 -1.000000000000000000e+00 -1.000000000000000000e+00 -1.000000000000000000e+00 -1.000000000000000000e+00 -1.000000000000000000e+00 -1.000000000000000000e+00 -1.000000000000000000e+00 -1.000000000000000000e+00 -1.000000000000000000e+00 -1.000000000000000000e+00 -1.000000000000000000e+00 -1.000000000000000000e+00 -1.000000000000000000e+00 -1.000000000000000000e+00 9.997766362225660730e-01 9.997747682755291354e-01 9.997729861103991089e-01 9.997712855828712053e-01 9.997696624661094322e-01 9.997692092703118760e-01 9.997696431024182262e-01 9.997705178420245309e-01 9.997717040093079266e-01 9.997731374567834228e-01 9.997747810834376470e-01 9.997766110631842729e-01 9.997790934121976170e-01 9.997826856133456008e-01 9.997870560944898122e-01 9.997921545025765244e-01 9.997979864257887650e-01 9.998043408433756607e-01 9.998091810817186786e-01 9.998131725836003625e-01 9.998166448066968526e-01 9.998197355009833531e-01 9.998225199587204015e-01 9.998250423803906051e-01 9.998273323229209808e-01 9.998294126112476921e-01 9.998313039873357733e-01 9.998330257071151861e-01 9.998345962411905319e-01 9.998360326602793169e-01 9.998373510868778791e-01 9.998385662609090563e-01 9.998396926019732511e-01 9.998407434944895922e-01 9.998417327758749584e-01 9.998426754505327363e-01 9.998435903335169961e-01 9.998445018728435718e-01 9.998454441689212935e-01 9.998464628696680512e-01 9.998476157097389017e-01 9.998489712608022995e-01 9.998506033152688710e-01 9.998525804442767173e-01 9.998549579128452880e-01
-1.000000000000000000e+00 -1.000000000000000000e+00 -1.000000000000000000e+00 -1.000000000000000000e+00 -1.000000000000000000e+00 -1.000000000000000000e+00 -1.000000000000000000e+00 -1.000000000000000000e+00 -1.000000000000000000e+00 -1.000000000000000000e+00 -1.000000000000000000e+00 -1.000000000000000000e+00 -1.000000000000000000e+00 -1.000000000000000000e+00 -1.000000000000000000e+00 -1.000000000000000000e+00 -1.000000000000000000e+00 -1.000000000000000000e+00 -1.000000000000000000e+00 -1.000000000000000000e+00 -1.000000000000000000e+00 -1.000000000000000000e+00 -1.000000000000000000e+00 -1.000000000000000000e+00 -1.000000000000000000e+00 -1.000000000000000000e+00 9.997725826460855947e-01 9.997708588705240818e-01 9.997692131071201915e-01 9.997676414773164488e-01 9.997673650983276428e-01 9.997680239539016300e-01 9.997691155282777409e-01 9.997705021744328624e-01 9.997721198079484450e-01 9.997739330369775912e-01 9.997759197804478859e-01 9.997785777524683670e-01 9.997823787173862886e-01 9.997869472333472673e-01 9.997922103575276331e-01 9.997981616612937605e-01 9.998045882832299336e-01 9.998094551261853535e-01 9.998134571278129989e-01 9.998169337075945018e-01 9.998200240176002840e-01 9.998228009863826538e-01 9.998253072732236069e-01 9.998275721220053480e-01 9.998296207609468356e-01 9.998314765333511378e-01 9.998331616403567379e-01 9.998346974366133511e-01 9.998361034977061301e-01 9.998373977524457334e-01 9.998385973341437083e-01 9.998397175351249055e-01 9.998407740461925375e-01 9.998417830925393490e-01 9.998427654441628398e-01 9.998437488786220406e-01 9.998447731972696095e-01 9.998458926561759608e-01 9.998471774278873125e-01 9.998487101086908080e-01 9.998505777604805855e-01 9.998528577694387742e-01 9.998556050413958118e-01 9.998588362444580380e-01
