0.000000000000000000e+00 0.000000000000000000e+00 4.409414917248447461e-292 1.407629064164437537e-240 9.870165558508829811e-205 1.769023860943801477e-177 1.113988375534426090e-155 1.163317287578754284e-137 2.004914075761341633e-122 2.533274625837191823e-109 6.471759105477624852e-98 7.489149717883266783e-88 4.859884113263059903e-78 6.251786497856934872e-69 1.096187751790735318e-60 2.748334293893946132e-53 1.134844447004825929e-46 9.066612578758973662e-41 1.635962942264912873e-35 7.689610368063832945e-31 1.069529542344152031e-26 4.930336562091445027e-23 8.329997735103013503e-20 5.639894866700128801e-17 1.656116416168053201e-14 2.262858375160820576e-12 1.532151014719649828e-10 5.440627409535646343e-09 1.067393087149599894e-07 1.216417461111220969e-06 5.075544553277183999e-06 1.109848137110070798e-05 1.769588514927874549e-05 2.299644811718701525e-05 2.574198852969640633e-05 2.555727089647615572e-05 2.282313990687527110e-05 1.507793686233435882e-05 5.701275121800331586e-06 1.233625480666779920e-06 1.305089522789593481e-07 5.354100692881999330e-09 7.548718053086367269e-11 2.094767339211914545e-12 8.640006502554992746e-14 4.447851074320351058e-15 2.696458609868518376e-16 1.864526297437123273e-17 1.439562749503213221e-18 1.223567237018090951e-19 1.135055886454675985e-20 1.138736592664716502e-21 1.230167924708120319e-22 1.417149454974948242e-23 1.732505168343784313e-24 2.245823350809334880e-25 3.070316129911302241e-26 4.412756736461961936e-27 6.651961430312513422e-28 1.046677851148186484e-28 1.719675441584368896e-29 2.945917935999999238e-30 5.227850331561020420e-31 9.632828323627983865e-32 1.836987929272945545e-32 3.625188751652546020e-33 7.365936392889870846e-34 1.540569820852102611e-34 3.333079961730539714e-35 7.378793850325643243e-36
0.000000000000000000e+00 0.000000000000000000e+00 3.508941591866432531e-291 1.043783736170709438e-239 6.870436615392457128e-204 1.162775717150321544e-176 6.916064088288446147e-155 6.814856350432943271e-137 1.108121257847554804e-121 1.320796377211616276e-108 3.182729672931741030e-97 3.473009173059765730e-87 2.114716102453364105e-77 2.546125699556927178e-68 4.165722124511383660e-60 9.749066217749180040e-53 3.756288878673329834e-46 2.797258233656132866e-40 4.706528028423673998e-35 2.062270697775359320e-30 2.675534616737817813e-26 1.150553413308746970e-22 1.813971673293964201e-19 1.146772274125405228e-16 3.146126688712192294e-14 4.021002704922966905e-12 2.548740142578004780e-10 8.480889346694512097e-09 1.561456917852606259e-07 1.673275627534135725e-06 6.692486970982851123e-06 1.426232645319424662e-05 2.236100967977755331e-05 2.876298147044574819e-05 3.202741152213114045e-05 3.175508703046848124e-05 2.842256938276502374e-05 1.900567588680716308e-05 7.392216516154058686e-06 1.665999766522769691e-06 1.855664098771718190e-07 8.099138452114611688e-09 1.223218753735914196e-10 3.567016523447519209e-12 1.529545207811993757e-13 8.135340920831710260e-15 5.071803685790133362e-16 3.593752947961878191e-17 2.841036041467180964e-18 2.467981662399950596e-19 2.335812605280953333e-20 2.384960302115012107e-21 2.615167214750698200e-22 3.061203382661399094e-23 3.798549847437105630e-24 4.994330428855340527e-25 6.920412724893663765e-26 1.003431106084933200e-26 1.534244656799950864e-27 2.440011910756674492e-28 4.050719453952327271e-29 6.979939618188964398e-30 1.254548564817422066e-30 2.331376611356660558e-31 4.475529159351120686e-32 8.905934444077056003e-33 1.827701036359876409e-33 3.867896592021350901e-34 8.382375069599328135e-35 1.880741423458614932e-35
0.000000000000000000e+00 0.000000000000000000e+00 2.911285875424283988e-290 8.024316632188341591e-239 4.991339642070657334e-203 7.949524500389935544e-176 4.449836760656516566e-154 4.126048250073472031e-136 6.315552232048748468e-121 7.090039315243639650e-108 1.609355158482927283e-96 1.653142375143766952e-86 9.415694581253166915e-77 1.058871263844351739e-67 1.617386353373001916e-59 3.524824608230052369e-52 1.264144402337587505e-45 8.762067085681909217e-40 1.371542926718928646e-34 5.594814458683827005e-30 6.754091169588013286e-26 2.704991162117243758e-22 3.973822319475565804e-19 2.342002913610887595e-16 5.995000820274686850e-14 7.156404136768387067e-12 4.240786427019747056e-10 1.320684943932288126e-08 2.279039094869064486e-07 2.294367562007290698e-06 8.794043518075598213e-06 1.826170294608189400e-05 2.815436312632320535e-05 3.584966000966196989e-05 3.970893725902685940e-05 3.932200211914521230e-05 3.527792335655798999e-05 2.387207860438649986e-05 9.553786775917419587e-06 2.242881909158343142e-06 2.633627733662807610e-07 1.224176933244567210e-08 1.983758040383157286e-10 6.077100183330461355e-12 2.710293856453063814e-13 1.491441228115222965e-14 9.576418226687675058e-16 6.970247814062654676e-17 5.638953940854973288e-18 5.006142708625109695e-19 4.824956585692083163e-20 5.020698755586782427e-21 5.603986458768938151e-22 6.652443996496222927e-23 8.383712055175924402e-24 1.117501301747567286e-24 1.568248634117306714e-25 2.306988706403989792e-26 3.562347455578713796e-27 5.733984282755155815e-28 9.616525383457568264e-29 1.677440547738389245e-29 3.034941257926766177e-30 5.693034782455105096e-31 1.107000706892713029e-31 2.217195432131092961e-32 4.574295858243103119e-33 9.739657052399125407e-34 2.136161311635385882e-34 4.800967703947391620e-35
0.000000000000000000e+00 0.000000000000000000e+00 2.520201953813077114e-289 6.481679495583700819e-238 3.764117734790739345e-202 5.636208411674657296e-175 2.966484542337984942e-153 2.584810555171239005e-135 3.719499280710607658e-120 3.921761658601342124e-107 8.368740670896371728e-96 8.073913441571671471e-86 4.304325571946598127e-76 4.510493310751685777e-67 6.404011130785646745e-59 1.297963956293679376e-51 4.323918836541703701e-45 2.785385326730977226e-39 4.050670805392461705e-34 1.534532631222060597e-29 1.721069575390560447e-25 6.408175949865057560e-22 8.757734395645812607e-19 4.804509954170896593e-16 1.145900076414149507e-13 1.275613762650983449e-11 7.056557153301799571e-10 2.054000494776768244e-08 3.318284444117760091e-07 3.135417050783115729e-06 1.151325335237495918e-05 2.329315205179721793e-05 3.532162177775026159e-05 4.452235762671055838e-05 4.905874146611093880e-05 4.852446674141514156e-05 4.363465983592814068e-05 2.988033217780729627e-05 1.230356490067857289e-05 3.010617116585581685e-06 3.728634067341208469e-07 1.847911546161400372e-08 3.215929946415387238e-10 1.037398630362558209e-11 4.819431988488701289e-13 2.742584265694739887e-14 1.815057686224471846e-15 1.355944773289707234e-16 1.123549436310566417e-17 1.018807204922174494e-18 1.003359821522921498e-19 1.062621236754825890e-20 1.206777391015744271e-21 1.457424987075424742e-22 1.867051443312414586e-23 2.519157329396785418e-24 3.577195119798051364e-25 5.344859360620760021e-26 8.319474539872735525e-27 1.356921096879479366e-27 2.299680789616331643e-28 4.055601429890176131e-29 7.414256317882201551e-30 1.405949676283469291e-30 2.751419806145358616e-31 5.563311025921088412e-32 1.158035757148571287e-32 2.490579894166657266e-33 5.469542657286435098e-34 1.246182273865956521e-34
0.000000000000000000e+00 0.000000000000000000e+00 2.279006753378422161e-288 5.437058088783981891e-237 2.958548098966460836e-201 4.154736585318020916e-174 2.052911074942177182e-152 1.677693852814983010e-134 2.266094724246435148e-119 2.238033494472857292e-106 4.478216106945497550e-95 4.056372924218915074e-85 2.015643299036345474e-75 1.964586783149749055e-66 2.592801517429844273e-58 4.872772855311717019e-51 1.505947477202790432e-44 8.990147711492331822e-39 1.211989283588362282e-33 4.257147248811101552e-29 4.429651819233381932e-25 1.530121780151004213e-21 1.941848745316047883e-18 9.900520603917177658e-16 2.196603997709798697e-13 2.276926312020329559e-11 1.174038618434835382e-09 3.189769674583180109e-08 4.818478281261375518e-07 4.269801890708364388e-06 1.501459238036419038e-05 2.959969494338314909e-05 4.415144228713625482e-05 5.509380932624296828e-05 6.039828546054413236e-05 5.967251137311677838e-05 5.378543210234008187e-05 3.727214074003008841e-05 1.578932674193772316e-05 4.028911523266352113e-06 5.266357101888334077e-07 2.787163944247552649e-08 5.217260983876771423e-10 1.772558193720929367e-11 8.575463522613566272e-13 5.059465520004421733e-14 3.453953966453630167e-15 2.649934585140292318e-16 2.249521851862086573e-17 2.086746732330493457e-18 2.099283036526355362e-19 2.265395489499356746e-20 2.615282436452677784e-21 3.208931297614129971e-22 4.173366504412472152e-23 5.711212841786153329e-24 8.230453113495054078e-25 1.246181084477007409e-25 1.965874782406429562e-26 3.241463998053924951e-27 5.561106066034996918e-28 9.893370061828446837e-29 1.830247157495278356e-29 3.491718055016855573e-30 6.916423763975147701e-31 1.407935525139610984e-31 2.959698369082285450e-32 6.409135437811561193e-33 1.424900178589391736e-33 3.256676935304771129e-34
0.000000000000000000e+00 0.000000000000000000e+00 2.155366039912937377e-287 4.791024067621634473e-236 2.434323588194112431e-200 3.191679219348051704e-173 1.477081610570911624e-151 1.129792095697118177e-133 1.428746885611309746e-118 1.321638907890688930e-105 2.475351627125355826e-94 2.096338855239604748e-84 9.703785272710211006e-75 8.776240532455668586e-66 1.072867830591050660e-57 1.866873604301690295e-50 5.338404532531098591e-44 2.947234470266953018e-38 3.676804590411120170e-33 1.195112371706195292e-28 1.151136961927885928e-24 3.683214937008617647e-21 4.332433876725427139e-18 2.049374988915799332e-15 4.222509785901444514e-13 4.069136816491121681e-11 1.952759040353647888e-09 4.945336921115139199e-08 6.976796052511613965e-07 5.792312257171377952e-06 1.950420468855385497e-05 3.746944228406785961e-05 5.498495940375502971e-05 6.793238005283338762e-05 7.409697264169636769e-05 7.312604537492673417e-05 6.606664264163942125e-05 4.632811850819606200e-05 2.019212955675505982e-05 5.372509359923717786e-06 7.420695549729069637e-07 4.195538947381676658e-08 8.462150290641020961e-10 3.032504980225177849e-11 1.531211171882189227e-12 9.360829179896871550e-14 6.582214663727118566e-15 5.199779030137206218e-16 4.526693033510503551e-17 4.298321188525453733e-18 4.406859365309596067e-19 4.854774417851891917e-20 5.706361050684682303e-21 7.116916139476237525e-22 9.399688209934222636e-23 1.308226904868218838e-23 1.912212936002943455e-24 2.924833280696604170e-25 4.682470174340104676e-26 7.807515164347616066e-27 1.356487139539663940e-27 2.442675515383098089e-28 4.545881564080006648e-29 8.794209375727607759e-30 1.755171556400423170e-30 3.601897664420505245e-31 7.639371573678193871e-32 1.671827523380572302e-32 3.736356727787133266e-33 8.637837547960190447e-34
0.000000000000000000e+00 0.000000000000000000e+00 2.157296991332775238e-286 4.409525072531302267e-235 2.092659312497913092e-199 2.560129324966933777e-172 1.106677759372510321e-150 7.900945133870297983e-133 9.332093903534575160e-118 8.062411785523789330e-105 1.409739464526304791e-93 1.116528298511402037e-83 4.798058862084093536e-74 4.019036989660649263e-65 4.540747286802707938e-57 7.299575287942465153e-50 1.927053597514032954e-43 9.822486077065633969e-38 1.131265024466747622e-32 3.395605099643104911e-28 3.021310561475896150e-24 8.937580585042787286e-21 9.726199458362646608e-18 4.261051642585167974e-15 8.139782230027544541e-13 7.279283425582838665e-11 3.246579090372213957e-09 7.652718378662354649e-08 1.007043079316130003e-06 7.827238759286889093e-06 2.523214311638660904e-05 4.724580736299678271e-05 6.821701122707138397e-05 8.346203324520992445e-05 9.058747927609509410e-05 8.929845058123979753e-05 8.086676187209291470e-05 5.738243989589137436e-05 2.572657658536531299e-05 7.139712436750006403e-06 1.042230843205395243e-06 6.308459379809034269e-08 1.372364833221561409e-09 5.193744605591168650e-11 2.736051413022537270e-12 1.734345143316087072e-13 1.260281160427205718e-14 1.023624754289061580e-15 9.142372307960332013e-17 8.888210328276962231e-18 9.313883946508392710e-19 1.047511037112514832e-19 1.251936932295080672e-20 1.591640555067642338e-21 2.132912880500774963e-22 3.015301055939554854e-23 4.474977408860718575e-24 6.943316217092004980e-25 1.123354027555192407e-25 1.895043470832407601e-26 3.328117731327590038e-27 6.057439561755409031e-28 1.143900090855082292e-28 2.228674103935526487e-29 4.488961927830385990e-30 9.329910054147034703e-31 1.992109378011950974e-31 4.383715514151305288e-32 9.917932258559820739e-33 2.303065375619885430e-33
0.000000000000000000e+00 0.000000000000000000e+00 2.270261600241738846e-285 4.287104717303248560e-234 1.884584495170753840e-198 2.149319646381381551e-171 8.648547979488858217e-150 5.758530869845440791e-132 6.336193706666711908e-117 5.100640774327256064e-104 8.314213095835915162e-93 6.127716104732443294e-83 2.440242685408462936e-73 1.888569719326676573e-64 1.967677632367905593e-56 2.915652912861299838e-49 7.090205270767991465e-43 3.328181065953588757e-37 3.530995464861572985e-32 9.766357214043432920e-28 8.011525493853516411e-24 2.186443742878960355e-20 2.197106984410181133e-17 8.897009304486464087e-15 1.573049032196245237e-12 1.303305397273010722e-10 5.393953836449443558e-09 1.181566697409680714e-07 1.448566503740965709e-06 1.053384782654223863e-05 3.251049553863838795e-05 5.934195789211848263e-05 8.432101934023402572e-05 1.021804098404469676e-04 1.103616428444795212e-04 1.086728335439203751e-04 9.863021569757486878e-05 7.080130381620637994e-05 3.264552931044713350e-05 9.454019245140594620e-06 1.460179757872607792e-06 9.465028173451464308e-08 2.225319644633365319e-09 8.904774797279612119e-11 4.902220676927623726e-12 3.226181013386306225e-13 2.422609481217187834e-14 2.023590363296273186e-15 1.855992777013794065e-16 1.847392311496211828e-17 1.981213603706903121e-18 2.272067349567219334e-19 2.772139289247484041e-20 3.581105872656061655e-21 4.884041953905836859e-22 7.009852466067570603e-23 1.054449945220664146e-23 1.658111351979201897e-24 2.723787051372479383e-25 4.652868203627561543e-26 8.267379540839057888e-27 1.522506998524341175e-27 2.895913009835746545e-28 5.718667807601918304e-29 1.163438927813719521e-29 2.436059819335381346e-30 5.253720441405750854e-31 1.168336874900161934e-31 2.659481807364557409e-32 6.228064432773154194e-33
0.000000000000000000e+00 0.000000000000000000e+00 2.507646551902615146e-284 4.374052435522137163e-233 1.783500354703005746e-197 1.891781864425067548e-170 7.069327878752401657e-149 4.375909059656536433e-131 4.472104693069400502e-116 3.343162164757165058e-103 5.069459593625291704e-92 3.474079519874175591e-82 1.279173407589151333e-72 9.116660050424954306e-64 8.738722971998007281e-56 1.190230821073910991e-48 2.659701249330402431e-42 1.147387425822325577e-36 1.118497107789195616e-31 2.844327063396338001e-27 2.146637429689053954e-23 5.392594927469108146e-20 4.993418559239941399e-17 1.865671285819230756e-14 3.047214129865755311e-12 2.335504386503284588e-10 8.951994176014347500e-09 1.819901217861798166e-07 2.076051273470184254e-06 1.411404623280848944e-05 4.170939437568075658e-05 7.424286570313805289e-05 1.038449015997271858e-04 1.246577122057473898e-04 1.339972731279846774e-04 1.318075879181431582e-04 1.198972306440316995e-04 8.705599683224153314e-05 4.127807044784290581e-05 1.246911348097431104e-05 2.038280007596334525e-06 1.417714813654104408e-07 3.607735097082855631e-09 1.527236399496098612e-10 8.797226805782084407e-12 6.014532609244972915e-13 4.669131890542379125e-14 4.021677367055605844e-15 3.788616146169402499e-16 3.864707042488165513e-17 4.235197562145915990e-18 4.958115815260718608e-19 6.169774938798123732e-20 8.118985767723043780e-21 1.125818120813468864e-21 1.639002491813500449e-22 2.506051303667597818e-23 3.996563671488087171e-24 6.651034970482565753e-25 1.150462283492624708e-25 2.069189883971932298e-26 3.857176282034226442e-27 7.434548388720769446e-28 1.476676195891605848e-28 3.041993238567376303e-29 6.439838423916001282e-30 1.402711187133440414e-30 3.139099523540579878e-31 7.215551817459590055e-32 1.703721303061759656e-32
0.000000000000000000e+00 0.000000000000000000e+00 2.961602139817194469e-283 4.711564463888523517e-232 1.778717360662613520e-196 1.749306845065563910e-169 6.058550834853845774e-148 3.467814299871608452e-130 3.289027790128144207e-115 2.280609058365917647e-102 3.202214098113629250e-91 2.036762854415461165e-81 6.911566379182133009e-72 4.526124383324712225e-63 3.981475740036998378e-55 4.970880122689529732e-48 1.017852541581729454e-41 4.025825769002378800e-36 3.596697218305983296e-31 8.388804985158407887e-27 5.812069462176024954e-23 1.341215292824225740e-19 1.142287098076566011e-16 3.929952997455107251e-14 5.917381245621461084e-12 4.187048206733778317e-10 1.484242624292416391e-08 2.795490213228907404e-07 2.963598755947142631e-06 1.882879583767908588e-05 5.329126306645658683e-05 9.252083485989564052e-05 1.274398910135867216e-04 1.515627105359924800e-04 1.621482451641830425e-04 1.593344478077384169e-04 1.452607007465068296e-04 1.066695492939911293e-04 5.198300035456196103e-05 1.638029715649429196e-05 2.836122036926143854e-06 2.118184192787827189e-07 5.843148884352731508e-09 2.621926357429671677e-10 1.580694462340126782e-11 1.123546161245907757e-12 9.026933378912428707e-14 8.020326938065100575e-15 7.763011999232725222e-16 8.118793897719674316e-17 9.111567139433940692e-18 1.089129409437147305e-18 1.383546312647747250e-19 1.851844339257613653e-20 2.615262623330985709e-21 3.874225393403060619e-22 6.015217101664220840e-23 9.723895818848968288e-24 1.638431663620103146e-24 2.874675915461956944e-25 5.241538550074013645e-26 9.865532064717141045e-27 1.918722101136235297e-27 3.870571528188990664e-28 8.039954475071810517e-29 1.716976011938319827e-29 3.773588533860795963e-30 8.546543041853154029e-31 1.986713231027567350e-31 4.709208127403065843e-32
0.000000000000000000e+00 0.000000000000000000e+00 3.684101651078075920e-282 5.393015965544790023e-231 1.873995058291855102e-195 1.702253637813300569e-168 5.440526737786846679e-147 2.882942659315694570e-129 2.521741841965193389e-114 1.617827267335138822e-101 2.100536775636024694e-90 1.235853200722681319e-80 3.854836880919199477e-71 2.313390471265947407e-62 1.861927628803022869e-54 2.124289327893007490e-47 3.977110433478639916e-41 1.437902424866458750e-35 1.175009383543935179e-30 2.507544726103996497e-26 1.590410601170317785e-22 3.364431194217676940e-19 2.628821277945011084e-16 8.310627592470312591e-14 1.151545708622532056e-11 7.509311857154079526e-10 2.456745749517136574e-08 4.281020631631099528e-07 4.212894652249482981e-06 2.500357221050804907e-05 6.779542922083640129e-05 1.148671653327116291e-04 1.558411828471653474e-04 1.836707052418942157e-04 1.955804572726668560e-04 1.919996572363030221e-04 1.754144405824841629e-04 1.302298461637557518e-04 6.521049129172619440e-05 2.143090252719104366e-05 3.931089422611627561e-06 3.158038598918974020e-07 9.458971304273219657e-09 4.503718720791974379e-10 2.846172523470819981e-11 2.106057842444489861e-12 1.751477947270533344e-13 1.604543327809845739e-14 1.598926928604309708e-15 1.715577275329267446e-16 1.969993762695769370e-17 2.407144863693578982e-18 3.118819495605489255e-19 4.257549716964180586e-20 6.112273208950224328e-21 9.217016352894657146e-22 1.451336319241131408e-22 2.384361165121830005e-23 4.084587152459580682e-24 7.248962889927515387e-25 1.335493170155573056e-25 2.547293011690765087e-26 5.025352306768936151e-27 1.022025944474002836e-27 2.148381840041373261e-28 4.643357139395592553e-29 1.031510657230859168e-29 2.352627820980552788e-30 5.509983122389336623e-31 1.321931976617801607e-31
0.000000000000000000e+00 0.000000000000000000e+00 4.915211054629544957e-281 6.547235935556756071e-230 2.091549666969129202e-194 1.745957847753292847e-167 5.146407098630226005e-146 2.509686611169835613e-128 2.024821328651137158e-113 1.196359755479845845e-100 1.432449513616984741e-89 7.771904114079339972e-80 2.221745251041570062e-70 1.218414076676497190e-61 8.945753104375136006e-54 9.307540875421892152e-47 1.588233659657460109e-40 5.233337983218008663e-35 3.900191289735319061e-30 7.594691347161265683e-26 4.400167473391930183e-22 8.511243708131106188e-19 6.089755772299769499e-16 1.764950903738169928e-13 2.245649355516302490e-11 1.346746401550520091e-09 4.060042517749916811e-08 6.533567105798474672e-07 5.962207312944074667e-06 3.304892199803931676e-05 8.589541400147505967e-05 1.420902749434471766e-04 1.899329658836092563e-04 2.218661254960175287e-04 2.351872518367002665e-04 2.306402017919986932e-04 2.111490579821107515e-04 1.584651655454788499e-04 8.149509178550776091e-05 2.792503212709584226e-05 5.429249683804263245e-06 4.693850229914685201e-07 1.529475692226685761e-08 7.737005451884742131e-10 5.131978838928712983e-11 3.955497981249489176e-12 3.410164105843461256e-13 3.224867568136400365e-14 3.306652859785808169e-15 3.642380442027819370e-16 4.288051517408143611e-17 5.354409409086155511e-18 7.082176375989200309e-19 9.867116705223966245e-20 1.442878283255086824e-20 2.208679588194535681e-21 3.539750951851801328e-22 5.910850384172059417e-23 1.023784086145016715e-23 1.849262312327516283e-24 3.448437118887211139e-25 6.660199113225770987e-26 1.328040799840124464e-26 2.737889960184551328e-27 5.793565553444488086e-28 1.267130617674398719e-28 2.844036103081667909e-29 6.548949616439485059e-30 1.548072228456597402e-30 3.757062200216312255e-31
0.000000000000000000e+00 0.000000000000000000e+00 6.962855102730158714e-280 8.464989710821624578e-229 2.478047146212544449e-193 1.896986867495726233e-166 5.126842599665785738e-145 2.296181683697781369e-127 1.702818065800925119e-112 9.240823633489979546e-100 1.017001227198412717e-88 5.073145892000396715e-79 1.326245781936838814e-69 6.619072072427407010e-61 4.419245288724298751e-53 4.180157930644177496e-46 6.479709134369773308e-40 1.941440918957541704e-34 1.315942371498806305e-29 2.332484032634038499e-25 1.230848576912515046e-21 2.171226839201799332e-18 1.419209626470280641e-15 3.763407951958369329e-13 4.387144784870617966e-11 2.414603075840183131e-09 6.694875968820755832e-08 9.935285511228583320e-07 8.398343362006292694e-06 4.347832388381266588e-05 1.083778556072791550e-04 1.751365343155041391e-04 2.307469280623939594e-04 2.672035046781578082e-04 2.820032861414225310e-04 2.762679470852802801e-04 2.534505983180414951e-04 1.922412736320373893e-04 1.014724537534772631e-04 3.623356788327549609e-05 7.466585756181317788e-06 6.957200549233896549e-07 2.469717027817638380e-08 1.329245908853433491e-09 9.263045607562492207e-11 7.445593536683579607e-12 6.659617795301946117e-13 6.506798847864080207e-14 6.869979071033019499e-15 7.777696892151514103e-16 9.381052686409067607e-17 1.199156536980444648e-17 1.620433436074698221e-18 2.300931423932670936e-19 3.430370110047270296e-20 5.350810269819171305e-21 8.706036056521403320e-22 1.477705895578601105e-22 2.598660909829981359e-23 4.752607676951257411e-24 8.975293380904456652e-25 1.756313172202032646e-25 3.555159746657994651e-26 7.407458946367222776e-27 1.587378930135557706e-27 3.501465341095457749e-28 7.927478616678258071e-29 1.848659594747150092e-29 4.414736646546076210e-30 1.078587246623254078e-30
0.000000000000000000e+00 0.000000000000000000e+00 1.063338808188868443e-278 1.169461427641152523e-227 3.124261128173484006e-192 2.186891596076796284e-165 5.410372393328432967e-144 2.216213337107283020e-126 1.503291957553557164e-111 7.471338091724774380e-99 7.537039503687876117e-88 3.446594608284159194e-78 8.203889080056316535e-69 3.717016847527451305e-60 2.249305109884587931e-52 1.926799852479333718e-45 2.706729676565953941e-39 7.347511926209208798e-34 4.514310295272269560e-29 7.262730432770594648e-25 3.482191168419037758e-21 5.588462793995959099e-18 3.328180742838586832e-15 8.054242823642925220e-13 8.584226041469860894e-11 4.327718076894082126e-09 1.101388622065638405e-07 1.504748368065326444e-06 1.177134316186144313e-05 5.693675500343323831e-05 1.362361492185066387e-04 2.151982666770689318e-04 2.795817526668558078e-04 3.210800918808043520e-04 3.374721934827469246e-04 3.303631601048286678e-04 3.037944321879271280e-04 2.329068390423486836e-04 1.261856572142073846e-04 4.693341630720688042e-05 1.024544705797786916e-05 1.028894411899337824e-06 3.983667703933321989e-08 2.284120490648590745e-09 1.673605275997743721e-10 1.404343649926618961e-11 1.303935999848872233e-12 1.317584791500106111e-13 1.434119607611703840e-14 1.669484485455208087e-15 2.066063237174525012e-16 2.703126482616965749e-17 3.733374293712863880e-18 5.407132818603693359e-19 8.214682359318697185e-20 1.305265326303278413e-20 2.160716667781283970e-21 3.721797767552699815e-22 6.650447375232833584e-23 1.234087726704767579e-23 2.368631333268549903e-24 4.701040246595813442e-25 9.617925583415340169e-26 2.022804508203441656e-26 4.395751859740465716e-27 9.819798177793288459e-28 2.245301608634381609e-28 5.279400857490065150e-29 1.275315549293937682e-29 3.133293546188949073e-30
0.000000000000000000e+00 0.000000000000000000e+00 1.748042429542452477e-277 1.733000967352852183e-226 4.203547974284247369e-191 2.683797927748807743e-164 6.047567536827252266e-143 2.258347791503428482e-125 1.396645772604990536e-110 6.334847719969898090e-98 5.836673349885826812e-87 2.438207725939516389e-77 5.264964123737235887e-68 2.157336265151515369e-59 1.179597343404524536e-51 9.121720715109634332e-45 1.157284747283333321e-38 2.837611596505699666e-33 1.576073789579913964e-28 2.293959685442474316e-24 9.964354043396516297e-21 1.451009331734138403e-17 7.852830964712842079e-15 1.730389899268718220e-12 1.682182763335712596e-10 7.750307402770257947e-09 1.806870631777554744e-07 2.269255509761072967e-06 1.642283215945498798e-05 7.429411670280862141e-05 1.709430838375820925e-04 2.643493492519386075e-04 3.391735194995365013e-04 3.868466773078985577e-04 4.055737999388491573e-04 3.976103561985413213e-04 3.673816849632496515e-04 2.855527577788642950e-04 1.591687220416502970e-04 6.169341700517106948e-05 1.422940644298457156e-05 1.531340576593366350e-06 6.440827931711422935e-08 3.931422586639283266e-09 3.030179532066506084e-10 2.655838696197076491e-11 2.562710967255465222e-12 2.679635162749999906e-13 3.007258687674846010e-14 3.603987738617842358e-15 4.573054798148403977e-16 6.134766850046606560e-17 8.660408416277383481e-18 1.282364041966789311e-18 1.986731423238506627e-19 3.214216671255776189e-20 5.412425664417063519e-21 9.472073958513303281e-22 1.723755151363415110e-22 3.234501099111978455e-23 6.311876946233520792e-24 1.267780768242253669e-24 2.622924400380560718e-25 5.601427237079582702e-26 1.228406360128930143e-26 2.778768982915831657e-27 6.435980475078363784e-28 1.528439202906543374e-28 3.717868678947451169e-29 9.272224640913966456e-30
0.000000000000000000e+00 0.000000000000000000e+00 3.103039270043880162e-276 2.763271295112019329e-225 6.085651585443337029e-190 3.512323413531916583e-163 7.189636906851562406e-142 2.437321757697127881e-124 1.368596864995368613e-109 5.642130117225060667e-97 4.729221304501917272e-86 1.799669093711147399e-76 3.515130826506973389e-67 1.297995880765892528e-58 6.382995236104300373e-51 4.442503044715291906e-44 5.070121486815127628e-38 1.119203139479782064e-32 5.601094794038878085e-28 7.352968931071378500e-24 2.884688654553331527e-20 3.800213505396904875e-17 1.864418470163869199e-14 3.730572112027153122e-12 3.300070097627963424e-10 1.386502103704764168e-08 2.955924512337943406e-07 3.412049964550206859e-06 2.290918047404028412e-05 9.756346075026949493e-05 2.172704465112864530e-04 3.307269483384152201e-04 4.212734925110214442e-04 4.798757809151295403e-04 5.050193203006344287e-04 4.994005804985007183e-04 4.677855550732798961e-04 3.728436815430556423e-04 2.170544501934634264e-04 8.876034859275428249e-05 2.162417478779612935e-05 2.446962774128758213e-06 1.085450116414266549e-07 6.952219380687078485e-09 5.594467730264759666e-10 5.099652109872772827e-11 5.101970882089435470e-12 5.514856760083721762e-13 6.384300817379783077e-14 7.862988106216033764e-15 1.024800849801040654e-15 1.407659309236108077e-16 2.032366911234128753e-17 3.076421671984924228e-18 4.865310634783713757e-19 8.021079617481104354e-20 1.376686875570512656e-20 2.450965531619706257e-21 4.526460762000596707e-22 8.659467482512089158e-23 1.710042509105553766e-23 3.487664060758631168e-24 7.340546497628394260e-25 1.589778683187917089e-25 3.535848130130331493e-26 8.092330092367873454e-27 1.900349219524582397e-27 4.584730477312586705e-28 1.132275029430568254e-28 2.869346912712598028e-29
0.000000000000000000e+00 0.000000000000000000e+00 5.983767729479164641e-275 4.774121729654648203e-224 9.458417152598452921e-189 4.936440342007198759e-162 9.122558111206322909e-141 2.793280470963085223e-123 1.420547667674903581e-108 5.302283410787838312e-96 4.027747172065997079e-85 1.388900012535372753e-75 2.444149493574823742e-66 8.099996822755753751e-58 3.570430387933126481e-50 2.226751318262248636e-43 2.278271571296215446e-37 4.511480955772455961e-32 2.027033313911004725e-27 2.392565450465805949e-23 8.451796734993189327e-20 1.004301809298322142e-16 4.453030852431647201e-14 8.069476195251122874e-12 6.480064277588761789e-10 2.479573253210247748e-08 4.846872622272947816e-07 5.201766334524908820e-06 3.313930768264573492e-05 1.362020386536173431e-04 2.981484537133821645e-04 4.512989231593815542e-04 5.754494632859177795e-04 6.602982418058662636e-04 7.043386790761656246e-04 7.106931035900220656e-04 6.842822006533500877e-04 5.724586900262068276e-04 3.626611167612149708e-04 1.652443913882277818e-04 4.484017171721449451e-05 5.431424922075089240e-06 2.434605559673006532e-07 1.566867186649944246e-08 1.275514820067797418e-09 1.183224480315567362e-10 1.208232108800768975e-11 1.336885573467414505e-12 1.587658547442080870e-13 2.007638225795925730e-14 2.692020758329870008e-15 3.810576334043763277e-16 5.674540190181709200e-17 8.875406909828615806e-18 1.454470977651433954e-18 2.489018039623253641e-19 4.448845379502626745e-20 8.301188792041548262e-21 1.613836099107142962e-21 3.263470039540901383e-22 6.876493641272006766e-23 1.509077307253873283e-23 3.439127698462203069e-24 8.142307865097491764e-25 2.008791087876319402e-25 5.149591764465424221e-26 1.371347929466419289e-26 3.795882201969515416e-27 1.090052761670709475e-27 3.248531734160209021e-28
0.000000000000000000e+00 0.000000000000000000e+00 1.260602689237515025e-273 8.970410164535293225e-223 1.592219478159748016e-187 7.463054905139180968e-161 1.239785623690840139e-139 3.417968844491724934e-122 1.563570009507180171e-107 5.257750139492192865e-95 3.606283619429182972e-84 1.123731129743388475e-74 1.773063978146102941e-65 5.251189815342848563e-57 2.066551585874875380e-49 1.150048578706065585e-42 1.050877954222242516e-36 1.859454782218644252e-31 7.475123442265927392e-27 7.903045020967916573e-23 2.505497430590295758e-19 2.677826126919998279e-16 1.069892228503158660e-13 1.752541652530620493e-11 1.278871194922960118e-09 4.514283337747305203e-08 8.414250695379580275e-07 8.980188297024955512e-06 5.794971974365344727e-05 2.358915073820293034e-04 5.048920587283790970e-04 7.524594224927559768e-04 9.519881328950024774e-04 1.093548951063666799e-03 1.178634568103838947e-03 1.212810660100417399e-03 1.202788446778479655e-03 1.072376963322791213e-03 7.756576426027192092e-04 4.318742325037961695e-04 1.517923762931678623e-04 2.372283360240558291e-05 1.246765771140158434e-06 8.706026524614681674e-08 7.581088627233985606e-09 7.530015979545437265e-10 8.285664614230303569e-11 9.952934107333074901e-12 1.294290803363737220e-12 1.808144164337261781e-13 2.705362354518880494e-14 4.313039394891137669e-15 7.295220705393398539e-16 1.307330454046887015e-16 2.470121743594238896e-17 4.916551913906493402e-18 1.027964570323208232e-18 2.249646866410302941e-19 5.153170613076636104e-20 1.225600091032012935e-20 3.047632337939897965e-21 7.851546376563234265e-22 2.095610212656551091e-22 5.784801720852989460e-23 1.651136855803795196e-23 4.854881602043654819e-24 1.469686803787548142e-24 4.580638435861119717e-25 1.465111909715522738e-25 4.805957662468961789e-26
0.000000000000000000e+00 0.000000000000000000e+00 2.918262841463489498e-272 1.835498237401310082e-221 2.912649913685006228e-186 1.218500884247389869e-159 1.810476758424833926e-138 4.468337914110742293e-121 1.832743335775457286e-106 5.529578377568513899e-94 3.405769244186263701e-83 9.545808202735156394e-74 1.344742292021477213e-64 3.543337987744299546e-56 1.239659704327414581e-48 6.131356513744810029e-42 4.979366548130027049e-36 7.841756076836472343e-31 2.810085450779381890e-26 2.652124263705358025e-22 7.519984251873624221e-19 7.205349330717008050e-16 2.594727668029554624e-13 3.890418781818071577e-11 2.721439899453303132e-09 1.001681789195059708e-07 2.092143615513410998e-06 2.470995812873185457e-05 1.599468200984832666e-04 5.849867800804207365e-04 1.123988284105442974e-03 1.559929531765077548e-03 1.884943117748148506e-03 2.108153367912355292e-03 2.245899196839211149e-03 2.312917776458304608e-03 2.321066499510981724e-03 2.173113122981875072e-03 1.788032814177824064e-03 1.252420677195841903e-03 6.418641626933048114e-04 1.697569020430628769e-04 1.446814476310872968e-05 1.299852117742933960e-06 1.350660413440034690e-07 1.558619466962454711e-08 1.970804327585313291e-09 2.707726329070859559e-10 4.011939517709795311e-11 6.369625666345614076e-12 1.078369128129913182e-12 1.938412242411957659e-13 3.683302417433264098e-14 7.361120696198756841e-15 1.546275878106242865e-15 3.396273571872707287e-16 7.778678662291537056e-17 1.858163377739744727e-17 4.607069090816751634e-18 1.186357024809964647e-18 3.155607646547740751e-19 8.701939750439766930e-20 2.470380314887359620e-20 7.235690485048607246e-21 2.178128070754666662e-21 6.746769387379025121e-22 2.147051232446445188e-22 6.981880466098877811e-23 2.331755757005984659e-23 7.978498032670061372e-24
0.000000000000000000e+00 0.000000000000000000e+00 7.458065780798910426e-271 4.138802132265306388e-220 5.815233949690541362e-185 2.161395591519692906e-158 2.855284958188415520e-137 6.277152269984626653e-120 2.293553664940785984e-105 6.179136098792740206e-93 3.402703759687989890e-82 8.535060106308094869e-73 1.068328135075797176e-63 2.492268630769841997e-55 7.715420180057910603e-48 3.375792494745208392e-41 2.427921005246165423e-35 3.388658329749730062e-30 1.077611842454580360e-25 9.044884524219890560e-22 2.292554875481200831e-18 2.002691245384028514e-15 7.058732046771700191e-13 1.203624022255322825e-10 1.099156713561692255e-08 5.260955268290137002e-07 1.246754143442678413e-05 1.364638941684949143e-04 6.855001875448056602e-04 1.837668640419866861e-03 2.879674929132540473e-03 3.559171468195491787e-03 4.008691514979116632e-03 4.298864562973475460e-03 4.471096447173502145e-03 4.551408405799759090e-03 4.555867862188373550e-03 4.350464367452744514e-03 3.843451737260643059e-03 3.120397545510606319e-03 2.149757999062552275e-03 1.031821740214711831e-03 2.153522542368364520e-04 3.337232703265225901e-05 4.729202641050959323e-06 6.671742813075835268e-07 9.779356283216016845e-08 1.513021778284670313e-08 2.480622311759991169e-09 4.314827990454219473e-10 7.931058046323709928e-11 1.538768420344953271e-11 3.139558480746643770e-12 6.728510047283977098e-13 1.505691910564027814e-13 3.523608621254593114e-14 8.590907184680140091e-15 2.175734800472456565e-15 5.723928183794449193e-16 1.556184819772825262e-16 4.378597813082941899e-17 1.267507996932158170e-17 3.792877387953066142e-18 1.169592227565094038e-18 3.699900201240219353e-19 1.200963572064854916e-19 3.999205329607277988e-20 1.363933936388391672e-20 4.777127569533136972e-21 1.705421142387559235e-21
0.000000000000000000e+00 0.000000000000000000e+00 2.114902557543382270e-269 1.030375805427725084e-218 1.274336270138791039e-183 4.185706938851220756e-157 4.882972728532871875e-136 9.501497000006851611e-119 3.077893180469624189e-104 7.360799108827722957e-92 3.606568290244844533e-81 8.060790433138908787e-72 8.916598619312194459e-63 1.832787064301429909e-54 4.991766221105438682e-47 1.923189001437958228e-40 1.218411985262718085e-34 1.501110811466645125e-29 4.239717947510894468e-25 3.272389187311181544e-21 8.830281161178482385e-18 1.099199641313038406e-14 6.457762255572583538e-12 1.613160782533082635e-09 1.738798588716294675e-07 8.180550010149359653e-06 1.521316554508029108e-04 1.052043993692022231e-03 3.330820020507219582e-03 6.305577875524820755e-03 8.129780659185938119e-03 9.069403058575255944e-03 9.662307093136555947e-03 1.007856577789932595e-02 1.036761936030879995e-02 1.053441550804316840e-02 1.057694130133919087e-02 1.009663314083781953e-02 8.968123213238254898e-03 7.523691289777000024e-03 5.683756802385833869e-03 3.688624896414405101e-03 1.708407171123005417e-03 6.435247981478347439e-04 1.894561369216802486e-04 4.454098808025673068e-05 9.168968581342442782e-06 1.792109290382696040e-06 3.500469718462477594e-07 6.991811031876456396e-08 1.445216950736325285e-08 3.105069470697729977e-09 6.958857768860089787e-10 1.621423967460958537e-10 3.938412771612052109e-11 9.948395600373455672e-12 2.605860926752013869e-12 7.085213617498607532e-13 1.992542798865674524e-13 5.794143286500755134e-14 1.741541992273336922e-14 5.390814978442235206e-15 1.717400850491825691e-15 5.634932571281423258e-16 1.897155056180968507e-16 6.565458751213110717e-17 2.325149385106370177e-17 8.451796988967174623e-18 3.134749714571292573e-18 1.190462431181387935e-18
0.000000000000000000e+00 0.000000000000000000e+00 6.753593978698219337e-268 2.852506008700449064e-217 3.082313454284975264e-182 8.879319462863511610e-156 9.109144893396681596e-135 1.558136308992228469e-117 4.447788275082727263e-103 9.389274032676689567e-91 4.065303494094005034e-80 8.053744885079165951e-71 7.831290202659865683e-62 1.410458333070826466e-53 3.362829931923070613e-46 1.135884304606895095e-39 6.388237390199163257e-34 7.715533707921103537e-29 3.170407218963542463e-24 5.627596578687710620e-20 3.203299464519699182e-16 5.341053890059241046e-13 3.086432138279674100e-10 7.271334152143919007e-08 6.937646799067002328e-06 2.217809050025686612e-04 2.241544296868247261e-03 1.064901288107442806e-02 2.744509967233994471e-02 3.886139475440132662e-02 4.042251886367215219e-02 4.050383221626406571e-02 4.153022100136052192e-02 4.353271065942977691e-02 4.608302605038435557e-02 4.871423040647474001e-02 5.098732962815446385e-02 4.937319782664017359e-02 4.260889068898857795e-02 3.329168331116908602e-02 2.074532528572354401e-02 1.169632775211537287e-02 7.060796226319722771e-03 4.390571066953858487e-03 2.495121914530704955e-03 1.259890167281378258e-03 5.526526961736951283e-04 2.067917771557150589e-04 6.675469821793220669e-05 1.933333859592569051e-05 5.263861069979118240e-06 1.398138990963139340e-06 3.710244804771616593e-07 9.982162353895977294e-08 2.738258003411639886e-08 7.716323016949186981e-09 2.231595271660369295e-09 6.655291940884741669e-10 2.041128629331006419e-10 6.443619061678993502e-11 2.090915782958871952e-11 6.968858325161266793e-12 2.389331101071978926e-12 8.394167375079252693e-13 3.017081507579732785e-13 1.115002712738833807e-13 4.210300187975397722e-14 1.622991004130289320e-14 6.397142973257217634e-15 2.580891039919808173e-15
0.000000000000000000e+00 0.000000000000000000e+00 2.424143849340635973e-266 8.854250521093048721e-216 8.318226124870181196e-181 2.082413935686798346e-154 1.861699437604483230e-133 2.781722164493890217e-116 6.946780382728096306e-102 1.286556587002274765e-89 4.899646921929114270e-79 8.548993937939059015e-70 7.264963940856577151e-61 1.143494447518412230e-52 2.514050621075045216e-45 1.184799169422395056e-38 2.147106946202141028e-32 9.309099259230123262e-27 7.216128996518205148e-22 1.117123702749380394e-17 4.545803470810142475e-14 6.573945730733016836e-11 3.764457902446132426e-08 7.730469720411599772e-06 4.391093812680737802e-04 1.373230155128792734e-02 1.089877175583738589e-01 1.406824347899758021e-01 1.539296664267413017e-01 1.536273303919925559e-01 1.461805044594564063e-01 1.431487621883905104e-01 1.452966869506356895e-01 1.508627739104480558e-01 1.581130299063971956e-01 1.657399991373345594e-01 1.729725704204948256e-01 1.748360271678540967e-01 1.689001062966974664e-01 1.569099057542580333e-01 1.254519510890999834e-01 6.948635841188618989e-02 3.456037855686912991e-02 2.520017071178424703e-02 1.864334217147423090e-02 1.269554282814527695e-02 7.978766110171902834e-03 4.776824402212176586e-03 2.738195181300986502e-03 1.512219645686751872e-03 7.897801318471213460e-04 3.844615160030662344e-04 1.729993237707363649e-04 7.201265266900049738e-05 2.811586180313607083e-05 1.048961804923710321e-05 3.816178034189995133e-06 1.372061044131703347e-06 4.937706384543872696e-07 1.788032989222627199e-07 6.562220002621320916e-08 2.441497900492507026e-08 9.250722522065390723e-09 3.570663057977077013e-09 1.400047806237480169e-09 5.607646989531733468e-10 2.285842805592511667e-10 9.484523519513475944e-11 4.018502518934512180e-11 1.734622751028160971e-11
0.000000000000000000e+00 0.000000000000000000e+00 9.968432257764407628e-265 3.104807127557883580e-214 2.508309803760771490e-179 5.427423621264164197e-153 4.193909573183214165e-132 5.430904333179050160e-115 1.179381878933813931e-100 1.902718874308451417e-88 6.339735838036213775e-78 1.003300573112231569e-68 1.155994496123367173e-59 8.227937349266981367e-51 1.123239186315969915e-42 1.655206622411312706e-35 2.816333653764412343e-29 6.665464752177120259e-24 2.950781808588509032e-19 3.711195275787052145e-15 1.652185691705052924e-11 2.560856119961594365e-08 1.181241541876711073e-05 1.476623985261157858e-03 1.965042155253642897e-01 2.501927143695737987e-01 2.511468842461126449e-01 2.574167730794625353e-01 2.650346114951674936e-01 2.576994628213295502e-01 2.476073339938548445e-01 2.460824980421873198e-01 2.512740596436356943e-01 2.602858623069709276e-01 2.709948679878240729e-01 2.821343190002560397e-01 2.929532881603993943e-01 3.000484770335202778e-01 3.015958705279260244e-01 2.982287033440516044e-01 2.759197378548171598e-01 2.116970441500078959e-01 1.340316197865314973e-01 1.071042582730749454e-01 9.731236019178900187e-02 9.062058909067638446e-02 8.420466567184178852e-02 7.710471848849587140e-02 6.834133633988165313e-02 5.709632147668763230e-02 4.296847665524666099e-02 2.746758409662125935e-02 1.493668263376927118e-02 7.852137984609135896e-03 4.323262611684000785e-03 2.487691940046882991e-03 1.452160793071206879e-03 8.609492493181587422e-04 5.004319083437970637e-04 2.836242118110885867e-04 1.560604941905901089e-04 8.305138430336997152e-05 4.288413327376099625e-05 2.161708062145823635e-05 1.068351452547386362e-05 5.222393434118149949e-06 2.528075936759547935e-06 1.223491521793245155e-06 5.930947271017555705e-07 2.887990649502816955e-07
0.000000000000000000e+00 0.000000000000000000e+00 4.711650746973016423e-263 1.241319799940149889e-212 8.560026339214739535e-178 1.582792451699234531e-151 1.049651825950526605e-130 1.170645082810491987e-113 2.293844576899785380e-99 6.329497695624143878e-87 1.557902474296886840e-75 2.192123139318585535e-65 1.214343066142926871e-55 8.958438208752540039e-47 6.112698366875830901e-39 4.140816434100032799e-32 3.570159642192886700e-26 6.453566464757977238e-21 3.440574761830760725e-16 5.362247497498864188e-12 2.437980476420616567e-08 2.593584425711445941e-05 1.268953656604627223e-01 3.527957382012168464e-01 3.590311957725310088e-01 3.415890936314134874e-01 3.375119332820575302e-01 3.512377541077623122e-01 3.564108464084949635e-01 3.438822536882930048e-01 3.341895767013965401e-01 3.357305173290402456e-01 3.439953772708911894e-01 3.556706943672179322e-01 3.688215459881694636e-01 3.823684259039856204e-01 3.957200164217923866e-01 4.080160989276908068e-01 4.188911375924977976e-01 4.278511065146398673e-01 4.236041302803517650e-01 3.772005668512181664e-01 2.821153021643113545e-01 2.261474635879834050e-01 2.017253672763988925e-01 1.892762839354629467e-01 1.801111350594368221e-01 1.728943318899357762e-01 1.678464780262531042e-01 1.647848508826023906e-01 1.631151132467758835e-01 1.620677052962897768e-01 1.611451313836129717e-01 1.598340623984399467e-01 1.578483506865385189e-01 1.548351814490236955e-01 1.504716647633559945e-01 1.443987086489113558e-01 1.363890856734118473e-01 1.260005249743079425e-01 1.128002771755189093e-01 9.629472863493232504e-02 7.595775914573849041e-02 5.135287524490547706e-02 2.629420685314131159e-02 1.112840063274329015e-02 5.216936572966466949e-03 2.875819285988902643e-03 1.764609832141696795e-03 1.125722658912606559e-03
0.000000000000000000e+00 0.000000000000000000e+00 2.592516542744920578e-261 5.729224156484399952e-211 3.336246817151712899e-176 5.647823637588261487e-150 1.088028260900389406e-128 1.810683123984787588e-110 4.790900147108494774e-95 6.832138004853633265e-82 1.446361240801986103e-70 1.022393033936085279e-60 2.567172778892117888e-51 8.389053917362901276e-43 2.702458424256408434e-35 1.329159683507755224e-28 1.569606815131658722e-22 3.950577928394753768e-17 2.371315779561485490e-12 3.471756073649423340e-08 8.823758199782576238e-05 3.875782317624372753e-01 4.618016927234318558e-01 4.446807220768884128e-01 4.196004234336670469e-01 4.052012571872080637e-01 4.167305805193875501e-01 4.343439033068982602e-01 4.337828899808372496e-01 4.171854747153214693e-01 4.092920340166525950e-01 4.135981643288683118e-01 4.239335099682864927e-01 4.371463222036957030e-01 4.515921946909347007e-01 4.663761197478435427e-01 4.810849176554969353e-01 4.969625034563357469e-01 5.154150044250943585e-01 5.358395596328332511e-01 5.517798851597919274e-01 5.395495036608615180e-01 4.696767156742779892e-01 4.006121771348026828e-01 3.542417682376008403e-01 3.271823719362960681e-01 3.094788266742620197e-01 2.943879775558657652e-01 2.803790912795065537e-01 2.682860390539853479e-01 2.590626788417969006e-01 2.527909496611802087e-01 2.489839030335697367e-01 2.470899611181769373e-01 2.465187414984035263e-01 2.469123019017587795e-01 2.480299427754328045e-01 2.495807760583526047e-01 2.514747671910373961e-01 2.536050692204945278e-01 2.558081699969855238e-01 2.580079319092503654e-01 2.602417389727557651e-01 2.621994279524257343e-01 2.640342723959320792e-01 2.655798340431625437e-01 2.668811724521000239e-01 2.677213042218915540e-01 2.682941470391222993e-01 2.683854467304513935e-01
0.000000000000000000e+00 0.000000000000000000e+00 2.180876123778727872e-259 3.763818682003235028e-208 5.413564501056816062e-172 1.727284449154799034e-144 1.447798369417448260e-122 1.464342867826661981e-104 1.780357440377672265e-89 1.159662443918936731e-76 1.131574391048007586e-65 3.733555400256425919e-56 4.383911531979665449e-47 1.052839629229873710e-38 5.750780384213141726e-31 4.435738050247662454e-24 5.747238975666817278e-18 1.546222220466607291e-12 8.049236112880397545e-08 7.549727848040467494e-04 5.373030709469901467e-01 5.440151301767712777e-01 5.149688182832324879e-01 4.890006220839244744e-01 4.681600383447067082e-01 4.708893092589285789e-01 4.934446435687642185e-01 5.075597637270232720e-01 5.005548393630802062e-01 4.811471781830025107e-01 4.750102679676419526e-01 4.810778347825090395e-01 4.924089507425515322e-01 5.061332922888910346e-01 5.208483376197816650e-01 5.358353871935069845e-01 5.507864451207928891e-01 5.678057208925056942e-01 5.895807857248671624e-01 6.160206223214356180e-01 6.447622602017496485e-01 6.627142823597397259e-01 6.428883105479015203e-01 6.003091490769987271e-01 5.565391066365759087e-01 5.212649004495901739e-01 4.965913327054526927e-01 4.787028172844431939e-01 4.628009634354637303e-01 4.463187326143089884e-01 4.291961556468508188e-01 4.126674175121994859e-01 3.980007729395955152e-01 3.858842269823478111e-01 3.763461050761799376e-01 3.689998200321490396e-01 3.633588544468254744e-01 3.590797603800073290e-01 3.558546322819075014e-01 3.534589810660978548e-01 3.518582451961779212e-01 3.508888110006467276e-01 3.505124348434650594e-01 3.506802453040260836e-01 3.512585789488678056e-01 3.522320770537213375e-01 3.535465131015469442e-01 3.551194504465696178e-01 3.569315431347859224e-01 3.588918482326413084e-01
0.000000000000000000e+00 0.000000000000000000e+00 1.967687791414868732e-252 6.316565964820769286e-201 4.429767850545705367e-165 6.251481997748155182e-138 2.294901132312191425e-116 1.016194555324826567e-98 5.441329269108107196e-84 1.581469040797232350e-71 7.587255510223637028e-61 2.364753869756346501e-51 6.615567526315124682e-42 2.761040173549748648e-33 1.418914803523888883e-25 1.180765458277978144e-18 1.671324347756543884e-12 3.369661685171839199e-07 4.269313745491410961e-01 6.360300668811283975e-01 6.112101661010758136e-01 5.759936996090611050e-01 5.518810736790170646e-01 5.297852377238360111e-01 5.214161715634132443e-01 5.407052214469392215e-01 5.643559237440083365e-01 5.719829914354997991e-01 5.591439574038332694e-01 5.379769582661404481e-01 5.328438742332911593e-01 5.396175134066782952e-01 5.510441234139030753e-01 5.644705122853788115e-01 5.786807472562619514e-01 5.930750832330634603e-01 6.074086338095019411e-01 6.237559197908466579e-01 6.451336194571415383e-01 6.719772189418848907e-01 7.037254457685673259e-01 7.345128804588566540e-01 7.504908052204892766e-01 7.440416056239385068e-01 7.267912146591346545e-01 7.058776427288762090e-01 6.866521735847730401e-01 6.719193316564811003e-01 6.615084180324202201e-01 6.532673049074650962e-01 6.448437414679647484e-01 6.348245589960875845e-01 6.229662539020115464e-01 6.098775186376906854e-01 5.965874931041120766e-01 5.839578553060865707e-01 5.725660384565489647e-01 5.626800170782898514e-01 5.542008654064576323e-01 5.468544829695158871e-01 5.404387669857524390e-01 5.346647690812753595e-01 5.294407526718282186e-01 5.246575626922194147e-01 5.203617518897883931e-01 5.164198093166336712e-01 5.129207506225664792e-01 5.098404646776025784e-01 5.071593136214987974e-01 5.048927354003825974e-01
0.000000000000000000e+00 0.000000000000000000e+00 7.563369909392730290e-245 1.091469442697746427e-193 3.323557923889674108e-158 2.000259122514354295e-131 3.110485416155098830e-110 5.907808197880311507e-93 1.726390605212843846e-78 9.545441194474148820e-66 1.564461049787849121e-54 7.457068289624012305e-45 1.486434376869485427e-35 6.484760425127344574e-27 4.056277170495993220e-19 3.532139552527663695e-12 2.860487220666662562e-06 6.783709197394758306e-01 7.091047088094185602e-01 6.700737684333442079e-01 6.323435708024797153e-01 6.098721908076063514e-01 5.909629576821116004e-01 5.725617087071566136e-01 5.830115506371502665e-01 6.088296900853636950e-01 6.281132783387615159e-01 6.286910507659405623e-01 6.109023645448579121e-01 5.889449851736359154e-01 5.841962320899368732e-01 5.907658658794571194e-01 6.015495194257288736e-01 6.140782293133216774e-01 6.272564641403749475e-01 6.405575527426373705e-01 6.537440754460808190e-01 6.685965776049527243e-01 6.878267360100747130e-01 7.122821487935564466e-01 7.417709141480834933e-01 7.721944414992552019e-01 7.994809064133605592e-01 8.131047701283736773e-01 8.169992789829014779e-01 8.146618291292078151e-01 8.090604372446063008e-01 8.027385502146401342e-01 7.976154531125644320e-01 7.946124342235257876e-01 7.935484697299435286e-01 7.934959696539937157e-01 7.933342167911445753e-01 7.921851150752530213e-01 7.896316164910502922e-01 7.856191088212794993e-01 7.804453090676719551e-01 7.745583274755876158e-01 7.684046917269566901e-01 7.624334405155115402e-01 7.569175970020721733e-01 7.519947828569555348e-01 7.476706412354570119e-01 7.438807753150616930e-01 7.404802173796792841e-01 7.373530950049347332e-01 7.343924833924473372e-01 7.315347986234703725e-01 7.287287692112511817e-01 7.259951336408452249e-01
0.000000000000000000e+00 0.000000000000000000e+00 2.821451763739018002e-237 1.760369035017307797e-186 2.239964808487082860e-151 5.816809486423171192e-125 9.254132962748896742e-104 8.988517026581499539e-86 1.000036168197688910e-70 4.496953640042235572e-58 4.250919525909711208e-47 2.305712304476936465e-37 5.993762869584173199e-28 3.041070309743196616e-19 1.860135032337753277e-11 6.624841469594436598e-05 7.897264872833171800e-01 7.674628541039522078e-01 7.238226892058233775e-01 6.866332018194117870e-01 6.641813035036986390e-01 6.509962763797202401e-01 6.261011181719414731e-01 6.245223225707160486e-01 6.469137144648042792e-01 6.713597176352394946e-01 6.843299187107851900e-01 6.779406884773845343e-01 6.562800018451612205e-01 6.346361809714604618e-01 6.302319649140535329e-01 6.360667381881964788e-01 6.456806324328231428e-01 6.568863763064893835e-01 6.686723425594196524e-01 6.805686066811066359e-01 6.923534224338686593e-01 7.054260572523949335e-01 7.220934959074877257e-01 7.434765578448037093e-01 7.698431301234346380e-01 7.963435841122717962e-01 8.204444810031721325e-01 8.387330098858467586e-01 8.516329192917035940e-01 8.595322756232213202e-01 8.636493369268198883e-01 8.653118335723968269e-01 8.657095394447860137e-01 8.658523597403415817e-01 8.665056148163315930e-01 8.680856067779397778e-01 8.706160241927493049e-01 8.738091261675789978e-01 8.772224061455190514e-01 8.803954222589424061e-01 8.829846332438171519e-01 8.847994519657892409e-01 8.857739545419854865e-01 8.859730468970492545e-01 8.855186950779054822e-01 8.845901966978880759e-01 8.833717067802066003e-01 8.820336990105012154e-01 8.807351415096998926e-01 8.795622145024920568e-01 8.786049962390440893e-01 8.778644159589570339e-01 8.773228566440369747e-01 8.769431042866696613e-01
0.000000000000000000e+00 4.535779542958480724e-318 1.021904918131344050e-229 4.480768845580630228e-179 3.398900463821066753e-143 6.961147217003618445e-116 2.367257658810261829e-94 7.351180433478225388e-77 5.288742159084775923e-62 3.351191564011536658e-49 4.215507747519109393e-38 2.655475173599099898e-28 8.040524127215740281e-19 3.510685708706079025e-10 6.943786045761950465e-01 8.538849394959686645e-01 8.158376344912148248e-01 7.732158223435806610e-01 7.390357366512559922e-01 7.152903158533885364e-01 7.077516709447331245e-01 6.818299130731757529e-01 6.670574145223395757e-01 6.825247197133594845e-01 7.068046095246234284e-01 7.264614069264810903e-01 7.322406546373853020e-01 7.194231009281064626e-01 6.954442900010021633e-01 6.754042102499029365e-01 6.716678328609038129e-01 6.766858565511980617e-01 6.849505692429193049e-01 6.946251881579450504e-01 7.048613958942407942e-01 7.152046286799217389e-01 7.254608435718380433e-01 7.366945732985865636e-01 7.507782179843599524e-01 7.690241225721131668e-01 7.925265144589294097e-01 8.165027277015158846e-01 8.348287626578213549e-01 8.494190025547511125e-01 8.632381564919086037e-01 8.746051555989282633e-01 8.829908934074069959e-01 8.889194210804014507e-01 8.931081380496171951e-01 8.961510528878613435e-01 8.985345006239021659e-01 9.006582318808343812e-01 9.028430462740237861e-01 9.053137151563515062e-01 9.081816320052152891e-01 9.114271118440723241e-01 9.149471852153513440e-01 9.185742785012781519e-01 9.221299476536113371e-01 9.254574569663632788e-01 9.284468515967003732e-01 9.310213223034848884e-01 9.331652792616731418e-01 9.348892179929666479e-01 9.362275828039751113e-01 9.372397419871469904e-01 9.379888690587216971e-01 9.385410243401949293e-01 9.389643308473011318e-01 9.393144340943180293e-01
0.000000000000000000e+00 2.707181181777164195e-308 5.818622890307363140e-219 1.146706642592712973e-167 3.006482691129066733e-132 1.454055837518142990e-105 5.715032881448530775e-84 3.065247234487154533e-66 2.688855345831292233e-51 1.912644889203064761e-38 2.999798522152654994e-27 2.126971533088237009e-17 4.093442879588545028e-08 9.026446084316771534e-01 8.957497833858736325e-01 8.560642816865986493e-01 8.176454313729935031e-01 7.879017161958578042e-01 7.631269446915704968e-01 7.586461757866916900e-01 7.374342899232442239e-01 7.112491194165779795e-01 7.172454063073311348e-01 7.384957731289322203e-01 7.595307899605242552e-01 7.728127880493288471e-01 7.712192069637483494e-01 7.532967682771789519e-01 7.290550678553846531e-01 7.117780922605226879e-01 7.089664460495270770e-01 7.133086373617089082e-01 7.203353723438494782e-01 7.285718516658051813e-01 7.372912152683314124e-01 7.461257402281872286e-01 7.548698168103152861e-01 7.643398685138219628e-01 7.759458956310820721e-01 7.910545182469782555e-01 8.116121196592595011e-01 8.342532858596161116e-01 8.499433580255798537e-01 8.591769941354187035e-01 8.693789273485674762e-01 8.802185785241324334e-01 8.898667072566416314e-01 8.975334766952475229e-01 9.033998034282203493e-01 9.079600648250087946e-01 9.116480230281013286e-01 9.147580877628586071e-01 9.174766409881280893e-01 9.199392600278332166e-01 9.222608971288333013e-01 9.245421722489712835e-01 9.268678288083718186e-01 9.292923214982903302e-01 9.318407068787626368e-01 9.345100300311337538e-01 9.372624199591302885e-01 9.400500206362421007e-01 9.428099887829551884e-01 9.454829351526728987e-01 9.480185904306264177e-01 9.503766905783825880e-01 9.525301568039640232e-01 9.544700425444336833e-01 9.561925113334026616e-01 9.577073467412721142e-01
0.000000000000000000e+00 3.797881995134290431e-295 1.533075678246702643e-206 1.940700944427348264e-155 1.250058172078038856e-119 1.053819834572884230e-92 3.917871084748644167e-71 2.445248266043057629e-53 2.749189313723310414e-38 2.405515303124114215e-25 3.748604140519807525e-14 9.816216643802620268e-05 9.500208070350828482e-01 9.243502661876210613e-01 8.890500132095116026e-01 8.563986876529067205e-01 8.313279132461757204e-01 8.073220383172575731e-01 8.022937407882713146e-01 7.892664933776373237e-01 7.569238994997671277e-01 7.516604194383835758e-01 7.683021495779548404e-01 7.879416586110404852e-01 8.036197343260802484e-01 8.099202909495718528e-01 8.017982494536529670e-01 7.808735596958920055e-01 7.584107381618286903e-01 7.445140600509927431e-01 7.426429248183294973e-01 7.464471372690520967e-01 7.524360768350120132e-01 7.594255795383472174e-01 7.668277230912354803e-01 7.743112444421186291e-01 7.817022226591000544e-01 7.896005948397404328e-01 7.989905059743392934e-01 8.110833340322168850e-01 8.284204379858433054e-01 8.496667075326383989e-01 8.653657442907953801e-01 8.718743052983215502e-01 8.775629980578126821e-01 8.849429899993358495e-01 8.934069409443730070e-01 9.015092767280553643e-01 9.083349857804972061e-01 9.137261218528804907e-01 9.179569789237673749e-01 9.214145313304207274e-01 9.244062758433901905e-01 9.271243013313649195e-01 9.296534796507052167e-01 9.320258653931753345e-01 9.342463588319740442e-01 9.363294905899539611e-01 9.382937610046176991e-01 9.401646876030091970e-01 9.419780652125774312e-01 9.437673416359877443e-01 9.455592639865335602e-01 9.473723877471617039e-01 9.492133285797498266e-01 9.510800219681048162e-01 9.529617001682543220e-01 9.548369270139774878e-01 9.566836939560259268e-01 9.584844620902346346e-01
0.000000000000000000e+00 7.463940970535535176e-280 6.965064428051970449e-191 9.150543646344571983e-140 4.694055686093298148e-104 5.618100888437826789e-77 2.551378711633715680e-55 2.069142058892161203e-37 2.765960199323205787e-22 1.606198602295548068e-09 9.742156716609614575e-01 9.684630196882911823e-01 9.443407322865459141e-01 9.157972153790374659e-01 8.894135111419911865e-01 8.684197457158370215e-01 8.474670191634332550e-01 8.392354472578509306e-01 8.341697001421132240e-01 8.029374297517273273e-01 7.863650934744730314e-01 7.969029487112943011e-01 8.140634781375131190e-01 8.292598794155852104e-01 8.388557844629030980e-01 8.387305353066901725e-01 8.258044704542236714e-01 8.041946676666910099e-01 7.849543056133359009e-01 7.743881352913526417e-01 7.732818065808663155e-01 7.766217290970769405e-01 7.817326453065056580e-01 7.876693605832596479e-01 7.939420407508875899e-01 8.002705108026261227e-01 8.064994180959186298e-01 8.130735977370341372e-01 8.206096903507051898e-01 8.300010531878854181e-01 8.439558232476214172e-01 8.631850495413830870e-01 8.795284355333253812e-01 8.859187730833855134e-01 8.893307649826351913e-01 8.930681866978521510e-01 8.982660349436943914e-01 9.046564860719138457e-01 9.112899460465091472e-01 9.173051524152415759e-01 9.222863064972526281e-01 9.262233378878430567e-01 9.293337448174951998e-01 9.318995874451699857e-01 9.341697116197071882e-01 9.363124937530729053e-01 9.384136428667189112e-01 9.404900240061451200e-01 9.425244570650991305e-01 9.444823393955116275e-01 9.463319010272251974e-01 9.480542664634168393e-01 9.496428450794004439e-01 9.511086580585672579e-01 9.524692171707698218e-01 9.537481087424470871e-01 9.549706499434418294e-01 9.561634458598984310e-01 9.573445142791584539e-01 9.585297054016690410e-01
0.000000000000000000e+00 1.447515582759329174e-260 1.591255199165848704e-171 3.473894047516394411e-120 1.981368701956365054e-84 3.185945453690205744e-57 1.916311752492713214e-35 1.609364275622138152e-17 9.209039104324866498e-01 9.895038780727436478e-01 9.768428925398885410e-01 9.585915357141729931e-01 9.374882747670902905e-01 9.172009942725189990e-01 8.995162272485731636e-01 8.831866748387208199e-01 8.711977398874909406e-01 8.709345016144436347e-01 8.470071996041192985e-01 8.220365593493529355e-01 8.248699698522798940e-01 8.388299243243554359e-01 8.525099345199333989e-01 8.624664696008113030e-01 8.664574780082066052e-01 8.612601035120558413e-01 8.455354651968375324e-01 8.252030920394206603e-01 8.097892898959241359e-01 8.020611798568558770e-01 8.014760470393564873e-01 8.043846011008917163e-01 8.087267818262685593e-01 8.137479857415337303e-01 8.190380122149858444e-01 8.243646001090058073e-01 8.295976116022690805e-01 8.350776424770044448e-01 8.411431227312043957e-01 8.482855904910550082e-01 8.589519179051084974e-01 8.754574380482169627e-01 8.919950299011133454e-01 8.992131878069195006e-01 9.024109367783591518e-01 9.044999216966115307e-01 9.069503638053756367e-01 9.104533880514062982e-01 9.150241202047458833e-01 9.201756941368433029e-01 9.252654803265145667e-01 9.298063321068207321e-01 9.335667993039482582e-01 9.365504366791219670e-01 9.388933514442474593e-01 9.407880063222707756e-01 9.424220432577046225e-01 9.439542525374147175e-01 9.454886347673394642e-01 9.470776315065103645e-01 9.487273069847157458e-01 9.504131453735700230e-01 9.520977746280869791e-01 9.537361930966389290e-01 9.552917506456269914e-01 9.567383757103105069e-01 9.580639441214764407e-01 9.592674309743983718e-01 9.603555461942566707e-01 9.613426026841811467e-01
0.000000000000000000e+00 1.346160041255152941e-235 2.295460662342399191e-146 6.346945338228257022e-95 5.065645697774919560e-59 1.069680787881896670e-31 3.736730378557601963e-10 9.977776313820764242e-01 9.932573980545928993e-01 9.827136735084900376e-01 9.690062242702818240e-01 9.550122344164646560e-01 9.404304924245516784e-01 9.256693894143996904e-01 9.142230674767968246e-01 8.999565892718581761e-01 9.005209089272689926e-01 8.863202231015191446e-01 8.589133667506739789e-01 8.529696952305622082e-01 8.628548182307648196e-01 8.745776855102841418e-01 8.837456300302762857e-01 8.889287088903996548e-01 8.884815854775355293e-01 8.797593144558436551e-01 8.630770822853223168e-01 8.453600954910617249e-01 8.336897542970329589e-01 8.281305474801025079e-01 8.278462948202787164e-01 8.303231631345487918e-01 8.339670326095652841e-01 8.381626552295137200e-01 8.425745206429010592e-01 8.470137266172976798e-01 8.513703725843273507e-01 8.559358147026904229e-01 8.608570544522778922e-01 8.662485278896054908e-01 8.740014783524605591e-01 8.872554730476963636e-01 9.031411593320040065e-01 9.111832706101735679e-01 9.149167128462792897e-01 9.168469085716405287e-01 9.182327223950281780e-01 9.198205211201310183e-01 9.220743351665279253e-01 9.251485210406817927e-01 9.288793178212275681e-01 9.328967255386164670e-01 9.367942489209023504e-01 9.402745233558903459e-01 9.431883234354458967e-01 9.455234906678107176e-01 9.473511600719475290e-01 9.487880644403710040e-01 9.499649253667553639e-01 9.510042673520050505e-01 9.520088336020332553e-01 9.530531326203918185e-01 9.541800983521154800e-01 9.554032088217586649e-01 9.567104685529435049e-01 9.580742265117823120e-01 9.594593018988049060e-01 9.608245478497916547e-01 9.621392077370489737e-01 9.633749173534287280e-01
0.000000000000000000e+00 1.121203074692781177e-201 2.718567778915206153e-112 1.124093227178394407e-60 1.032381536876351120e-24 9.990482402207823132e-01 9.991375641245440198e-01 9.954401936627238490e-01 9.879847600092530602e-01 9.785137972959154773e-01 9.686435908544399620e-01 9.593147980636820282e-01 9.478597148519590787e-01 9.403485368932520405e-01 9.265580961750420341e-01 9.251230842168970403e-01 9.189134850405229482e-01 8.959983062588466884e-01 8.820803645139841942e-01 8.868418827907211810e-01 8.961697053675391489e-01 9.041659513058771802e-01 9.092239051414798823e-01 9.107342297195178960e-01 9.070943186133085812e-01 8.962484383603424032e-01 8.801469586996465422e-01 8.657624737792375402e-01 8.573185052655417637e-01 8.533058570068617898e-01 8.531471097239896606e-01 8.551800742950865786e-01 8.581544606101644268e-01 8.615755577895504169e-01 8.651757022994599478e-01 8.687986349421837895e-01 8.723587895380053858e-01 8.761260465602994651e-01 8.801348083816497025e-01 8.842191776585497376e-01 8.896257800540285920e-01 8.994824821051032870e-01 9.137146858418242479e-01 9.222230182281309085e-01 9.265651934012851809e-01 9.288193477073707349e-01 9.301106085181859440e-01 9.310611949125570108e-01 9.320787238931785845e-01 9.334672093466203080e-01 9.354092676277654395e-01 9.379162334299310233e-01 9.408334083553433480e-01 9.439067457937166949e-01 9.468791427873683997e-01 9.495559249185758777e-01 9.518345195709266848e-01 9.536891184892630768e-01 9.551513783381422318e-01 9.562862994079482926e-01 9.571738095817864389e-01 9.578976292685140725e-01 9.585370894956054544e-01 9.591599937878827475e-01 9.598205696182084967e-01 9.605557901725608749e-01 9.613853071012525842e-01 9.623117858716414563e-01 9.633239870113714520e-01 9.643988432412649026e-01
0.000000000000000000e+00 1.037711978869942595e-151 4.045360092491684244e-62 6.847926903936262084e-11 9.999848345861377386e-01 9.995751428353656376e-01 9.973853473932698943e-01 9.929484799501383518e-01 9.870335660009897927e-01 9.804783574634289289e-01 9.739451306261469599e-01 9.662755130724581809e-01 9.612679890386456316e-01 9.509359552816833983e-01 9.466267891691593217e-01 9.446828586088187318e-01 9.305113687715884652e-01 9.126709360044599206e-01 9.114200158494744075e-01 9.178791872021554443e-01 9.244550084613434304e-01 9.289824739578139701e-01 9.309949396443267799e-01 9.299821752792117868e-01 9.242242923248464859e-01 9.125506046414084693e-01 8.983064289585667161e-01 8.874438074296725487e-01 8.815620317062512479e-01 8.786156701025531479e-01 8.784660154206641591e-01 8.800389859769031098e-01 8.823564863475427122e-01 8.850319930329483276e-01 8.878520696511984500e-01 8.907034867668432998e-01 8.935131539517218169e-01 8.965373977941948347e-01 8.997662406463776685e-01 9.028572807221476593e-01 9.065085545267651534e-01 9.132651498192991824e-01 9.249459229476501010e-01 9.333136876976666496e-01 9.380773520070089244e-01 9.406848049009473023e-01 9.421431513419991077e-01 9.430269402436280979e-01 9.436670745585457043e-01 9.442954272057707543e-01 9.451066588199465990e-01 9.462521802196036669e-01 9.478071588948905335e-01 9.497440756433060960e-01 9.519433626367647117e-01 9.542377355852040832e-01 9.564600781036726174e-01 9.584847062651893346e-01 9.602352870794776951e-01 9.616867439141504326e-01 9.628476710699226393e-01 9.637515549837756268e-01 9.644463015115899429e-01 9.649824099297640290e-01 9.654116711693039310e-01 9.657845161625729924e-01 9.661453622154860810e-01 9.665307148470746457e-01 9.669707020237583439e-01 9.674852560674188640e-01
0.000000000000000000e+00 3.087547514055670144e-63 9.999999982708903667e-01 9.999987436955671827e-01 9.998906622236042319e-01 9.991558768771223731e-01 9.973464607265586368e-01 9.945128323675569426e-01 9.909938146619500232e-01 9.869781408900032416e-01 9.823780318411430290e-01 9.789297788917487031e-01 9.739498854115876680e-01 9.680581259873815014e-01 9.673399333490720897e-01 9.615991497384009934e-01 9.470586163373393429e-01 9.401745097958965625e-01 9.432490694113367935e-01 9.480494734622997299e-01 9.517780630741387027e-01 9.537637043022914041e-01 9.538992642339592098e-01 9.514839175600513510e-01 9.449254116992845676e-01 9.341331043908499554e-01 9.230532286988075708e-01 9.157324616457130917e-01 9.119356475623893177e-01 9.098620219159959666e-01 9.096821803799971518e-01 9.107433824920505572e-01 9.123445962161526035e-01 9.142058843875020546e-01 9.161797504692158478e-01 9.181845211780346183e-01 9.201713697380500268e-01 9.223619007905665690e-01 9.247310378052870927e-01 9.268967781231974845e-01 9.291653319872681394e-01 9.332765115605512474e-01 9.417102219699962085e-01 9.489247836918814905e-01 9.535118794463636194e-01 9.561696304420804760e-01 9.576642532303791810e-01 9.585128767279098572e-01 9.590163115217016365e-01 9.593530438499465740e-01 9.596513448897395770e-01 9.600272270927107110e-01 9.605831004529605810e-01 9.613911819557277028e-01 9.624781850639363423e-01 9.638074093940623976e-01 9.652976083814892583e-01 9.668445706290955677e-01 9.683465003824168749e-01 9.697261014474791718e-01 9.709320605097259138e-01 9.719457786580105729e-01 9.727666540450793375e-01 9.734113809974086484e-01 9.739037686410570993e-01 9.742748327176076195e-01 9.745524147519853964e-01 9.747694529867760860e-01 9.749520746967993423e-01 9.751284646358808761e-01
0.000000000000000000e+00 9.999999999999106270e-01 9.999999999994996225e-01 9.999999813249402791e-01 9.999977636165361394e-01 9.999685071279212911e-01 9.998414567243283368e-01 9.995282264758841295e-01 9.989595677579435895e-01 9.982879886307327588e-01 9.970292962323058505e-01 9.963597771091662336e-01 9.940480364814309189e-01 9.931449168315599207e-01 9.923050325600458743e-01 9.881938913536509883e-01 9.819514215178600791e-01 9.810535080547173603e-01 9.826917397975024615e-01 9.842851723478245329e-01 9.852066255351292767e-01 9.853718937648231480e-01 9.846819750333072330e-01 9.824999470592186146e-01 9.777930835946144761e-01 9.709002577650674981e-01 9.646006705105774071e-01 9.607166076078395012e-01 9.585106701080073899e-01 9.570050396939493442e-01 9.564019875073548338e-01 9.564383070951651966e-01 9.567722618622944708e-01 9.572666619815476396e-01 9.578495389298615770e-01 9.584809303862186214e-01 9.591350657348193254e-01 9.599453788060875459e-01 9.608914005371425038e-01 9.617068982932041044e-01 9.624681196057746080e-01 9.640831934963428607e-01 9.685318443241066610e-01 9.730162275415911166e-01 9.760790527050463572e-01 9.778640668392115654e-01 9.788004936080882956e-01 9.792376360607746300e-01 9.793943702040215360e-01 9.793971012692477274e-01 9.793233282250790595e-01 9.792319084266504214e-01 9.791782228409553479e-01 9.792166153798274042e-01 9.793930111248562165e-01 9.797340279932678087e-01 9.802378548428465344e-01 9.808745583710163363e-01 9.815951595833983800e-01 9.823419095135940138e-01 9.830647067720559296e-01 9.837236463522307517e-01 9.842948850135665451e-01 9.847671634428513121e-01 9.851410223901364560e-01 9.854230201571786418e-01 9.856245012385235205e-01 9.857594192030123548e-01 9.858423671561397095e-01 9.858883868091138369e-01
0.000000000000000000e+00 9.999999999999151790e-01 9.999999999984460208e-01 9.999999639027118414e-01 9.999965307048690466e-01 9.999571372231794708e-01 9.997999435243203337e-01 9.994421412467419108e-01 9.988061034972848251e-01 9.979672099984994160e-01 9.968875106735525238e-01 9.958926223735679040e-01 9.936095159181104197e-01 9.930312376243799477e-01 9.916152768657842120e-01 9.863117538333628920e-01 9.813117956966019850e-01 9.815674435158824318e-01 9.832306302892070971e-01 9.845780460955866342e-01 9.852101492092767421e-01 9.850810558795142224e-01 9.839479841299263452e-01 9.809479924106703219e-01 9.753017652593244380e-01 9.683714250134354273e-01 9.630432848372666443e-01 9.599742466458588419e-01 9.581070407927295696e-01 9.567284334236144661e-01 9.562001808186855190e-01 9.562939808142685294e-01 9.566699377325191822e-01 9.571943122073298671e-01 9.578001604118628887e-01 9.584516238081894901e-01 9.591256619730652577e-01 9.599699904031494535e-01 9.609654317543178115e-01 9.618047519074763851e-01 9.624673022167529179e-01 9.635678926826521939e-01 9.670222694435530730e-01 9.712738025315524881e-01 9.746472749103507471e-01 9.768479564000002169e-01 9.781260343118827194e-01 9.788050901254802261e-01 9.791257032680599215e-01 9.792388816368748916e-01 9.792355155623641005e-01 9.791760887487512832e-01 9.791101666955465133e-01 9.790858352624774996e-01 9.791498357702781430e-01 9.793408968633526834e-01 9.796810312694610445e-01 9.801686199306181013e-01 9.807775369448770153e-01 9.814661683157088756e-01 9.821847535709586907e-01 9.828875076801447674e-01 9.835376286957405734e-01 9.841104535343804249e-01 9.845935401698139300e-01 9.849847768687856053e-01 9.852880314525701566e-01 9.855118620121866568e-01 9.856679437319481041e-01 9.857689704198808744e-01
0.000000000000000000e+00 9.999999999999206191e-01 9.999999999949277241e-01 9.999999273937381083e-01 9.999944921205593529e-01 9.999408308737333106e-01 9.997471102730780546e-01 9.993383052798763266e-01 9.986686076371762422e-01 9.975639232649248234e-01 9.967411150752060189e-01 9.952194045383969678e-01 9.933430129299830602e-01 9.928136387347875624e-01 9.905125773568902448e-01 9.843904488553821830e-01 9.811960987736578765e-01 9.821485398700503522e-01 9.837035233833621994e-01 9.847635792036208979e-01 9.850909203081951171e-01 9.846193806807903570e-01 9.828938040914450003e-01 9.789186249676375962e-01 9.725482117548960304e-01 9.661058008837380973e-01 9.618343274314856695e-01 9.593831850725218491e-01 9.577475827911425821e-01 9.564671282093221150e-01 9.560080724737446412e-01 9.561563458397607240e-01 9.565704596180161223e-01 9.571208182693944355e-01 9.577463296730275299e-01 9.584156553549320057e-01 9.591084669638888505e-01 9.599887603469314801e-01 9.610428210302004448e-01 9.619275029708448388e-01 9.625499895601892231e-01 9.632842484102747127e-01 9.657569326450585745e-01 9.694977629224885707e-01 9.729947246421608575e-01 9.755765484042333568e-01 9.772355340580234362e-01 9.782107794377289389e-01 9.787415997929059808e-01 9.790001720683192410e-01 9.790963301558985865e-01 9.790995328181308910e-01 9.790589075249231943e-01 9.790166442870049668e-01 9.790141629060420403e-01 9.790916003071241658e-01 9.792821416355597108e-01 9.796055510845934622e-01 9.800618891521529763e-01 9.806314358365970651e-01 9.812800341353995481e-01 9.819651995416319723e-01 9.826451975348056145e-01 9.832857645358454857e-01 9.838621559924579651e-01 9.843596771954379321e-01 9.847728298675292313e-01 9.851022067375974078e-01 9.853544573021649766e-01 9.855377981085503558e-01
0.000000000000000000e+00 9.999999999999046318e-01 9.999999999806414852e-01 9.999998468577199207e-01 9.999910194071884861e-01 9.999168194979363156e-01 9.996756693067205823e-01 9.991829804737697440e-01 9.984923146040511899e-01 9.971901502986553201e-01 9.964632669814105226e-01 9.944423070314272195e-01 9.931794514215492864e-01 9.923992071529187387e-01 9.888755302409499848e-01 9.828479303057988670e-01 9.814663204695616150e-01 9.827324161260669877e-01 9.840787854141496149e-01 9.848191903765890487e-01 9.848191109674770960e-01 9.839150629358310862e-01 9.814007781774449768e-01 9.763939784678064004e-01 9.697547347199192425e-01 9.642367895954845336e-01 9.609129775649517535e-01 9.588909451639723303e-01 9.574173053063228522e-01 9.562178556471588875e-01 9.558239763211255902e-01 9.560231230996537599e-01 9.564705384956226908e-01 9.570421726171137733e-01 9.576836527913806796e-01 9.583682735296866761e-01 9.590783787311834008e-01 9.599958956768056551e-01 9.611165089048235854e-01 9.620650379779215333e-01 9.626931846047909191e-01 9.631923842541907366e-01 9.648028087892053239e-01 9.678167150664012119e-01 9.711824795516281750e-01 9.740359712286504879e-01 9.760804951268010621e-01 9.774020382600668855e-01 9.781973315304930416e-01 9.786460745451315280e-01 9.788765223577322594e-01 9.789728649542702721e-01 9.789906473766312178e-01 9.789708211176674224e-01 9.789493381114430237e-01 9.789615271803732144e-01 9.790416957533435438e-01 9.792190804480239708e-01 9.795122804142454287e-01 9.799247331066501809e-01 9.804435344328775725e-01 9.810417843241753255e-01 9.816851226131338981e-01 9.823365722140775524e-01 9.829646081719435324e-01 9.835431284701029453e-01 9.840554185762867556e-01 9.844929771692609854e-01 9.848531293954553290e-01 9.851389827865837390e-01
0.000000000000000000e+00 9.999999999999262812e-01 9.999999999171601539e-01 9.999996578681307202e-01 9.999848919399192404e-01 9.998810687242305484e-01 9.995706915687583294e-01 9.989619609538683553e-01 9.981662519721657967e-01 9.969349319546529919e-01 9.959098702230575473e-01 9.937799643908954428e-01 9.929984572697763134e-01 9.916281223769450870e-01 9.867551450985045935e-01 9.820014536387201565e-01 9.819546358765302019e-01 9.832625080925316841e-01 9.843220073566552042e-01 9.847158657659459413e-01 9.843436209515349367e-01 9.828543430096402522e-01 9.793482109993516538e-01 9.734795838160551495e-01 9.671930627586374785e-01 9.627941753524132951e-01 9.601968788947786715e-01 9.584602297647752955e-01 9.571073824975011579e-01 9.559784622189746450e-01 9.556461065282972900e-01 9.558915543941294279e-01 9.563662964252365173e-01 9.569538246314722718e-01 9.576071887759339818e-01 9.583041786604957757e-01 9.590297074491181961e-01 9.599847899207096802e-01 9.611785780971084936e-01 9.622074242873832617e-01 9.628783628994224131e-01 9.632494638563300349e-01 9.641822134110727971e-01 9.663692918554610545e-01 9.693271461566840275e-01 9.722536806781479912e-01 9.746245888277036418e-01 9.763178740923984522e-01 9.774336311766482766e-01 9.781275420716957214e-01 9.785370290324794107e-01 9.787621825011297849e-01 9.788706724481097687e-01 9.789086263732378335e-01 9.789107684272985166e-01 9.789076023662158788e-01 9.789289567773873380e-01 9.790040678463934887e-01 9.791587296301987875e-01 9.794112361795216382e-01 9.797688289532957562e-01 9.802249202281925200e-01 9.807617006627952216e-01 9.813522620821477638e-01 9.819654680826537252e-01 9.825723478513946896e-01 9.831472899353201900e-01 9.836710066982682354e-01 9.841330637474465792e-01 9.845262477515291932e-01
0.000000000000000000e+00 9.999999999999300559e-01 9.999999995977206790e-01 9.999991792595374074e-01 9.999736100031410002e-01 9.998248373768805486e-01 9.994348844795334363e-01 9.987351032669589124e-01 9.976468687416623071e-01 9.967003033727191985e-01 9.950270562613254821e-01 9.933640934645417975e-01 9.926636840472188306e-01 9.902596115443887959e-01 9.845847908727267672e-01 9.818519364210508416e-01 9.825199825228285722e-01 9.836817483092311631e-01 9.843932617303338128e-01 9.844099411178317549e-01 9.835728428868537598e-01 9.812765495455736398e-01 9.766798050749944116e-01 9.704438520401653667e-01 9.650766249359037374e-01 9.617132234121092971e-01 9.596111018960892247e-01 9.580679063633172898e-01 9.568125663210830245e-01 9.557472231294947829e-01 9.554725748056950296e-01 9.557581496924009157e-01 9.562529884445054584e-01 9.568504786476289548e-01 9.575112712904816359e-01 9.582173062268442010e-01 9.589558911398983199e-01 9.599478550121472997e-01 9.612197724747137961e-01 9.623436771592080996e-01 9.630894320886234095e-01 9.634164849726288837e-01 9.638736900711275535e-01 9.652677116019752201e-01 9.675916752940415533e-01 9.703230510639379025e-01 9.728679074676646055e-01 9.749032825380868905e-01 9.763766427201965303e-01 9.773749661880477557e-01 9.780205028906523435e-01 9.784212794510825928e-01 9.786585482030798477e-01 9.787888534469620927e-01 9.788519238762222185e-01 9.788776702736682322e-01 9.788919801312478963e-01 9.789197494312500414e-01 9.789855150696525898e-01 9.791120608788258517e-01 9.793172816845918671e-01 9.796113461934613520e-01 9.799948638506401632e-01 9.804572140212912679e-01 9.809808760429157282e-01 9.815414100011656817e-01 9.821133802427707282e-01 9.826732303346901176e-01 9.832000982482275164e-01 9.836808249515293090e-01
0.000000000000000000e+00 9.999999999999399369e-01 9.999999976852934624e-01 9.999978443064045930e-01 9.999516755846071803e-01 9.997359225822791684e-01 9.992382405689201885e-01 9.984722428065572197e-01 9.971325217782714967e-01 9.961994903210641406e-01 9.940642863421628173e-01 9.930687670626966446e-01 9.919699887730116794e-01 9.881149702143269264e-01 9.830625280961428070e-01 9.821555804115252863e-01 9.830483228949925545e-01 9.839261715936051811e-01 9.842401884587967942e-01 9.838242409578253911e-01 9.823475504503610400e-01 9.790049524705805029e-01 9.735153372306752928e-01 9.676567139354681490e-01 9.634679179115160919e-01 9.608847512135905156e-01 9.591022354203956324e-01 9.577006511615426820e-01 9.565292956632910348e-01 9.555224642708209926e-01 9.553008236206489423e-01 9.556183409581857635e-01 9.561249128172933931e-01 9.567259256105827836e-01 9.573892903528544718e-01 9.581005882932654982e-01 9.588492143444330429e-01 9.598760406649465837e-01 9.612288409349784013e-01 9.624606279670091524e-01 9.633102859692416198e-01 9.636608495311628220e-01 9.638266337083455371e-01 9.645667916918866380e-01 9.661525586846103630e-01 9.684110980245645983e-01 9.708815396502745720e-01 9.731350537095821984e-01 9.749516508215886335e-01 9.762987228395614281e-01 9.772434132356038194e-01 9.778805556610734584e-01 9.782974136639702722e-01 9.785618154213659992e-01 9.787233643693933338e-01 9.788171840205626140e-01 9.788697700599375828e-01 9.789032331142233367e-01 9.789382170770186686e-01 9.789949732201135291e-01 9.790929917361704815e-01 9.792493205921882771e-01 9.794760398461832551e-01 9.797793802999982260e-01 9.801562575569862101e-01 9.805972634382049691e-01 9.810866679485468200e-01 9.816041785998922409e-01 9.821296138865422964e-01 9.826434159391319589e-01
0.000000000000000000e+00 9.999999999999196199e-01 9.999999828998907825e-01 9.999936096086528003e-01 9.999056573554505611e-01 9.995791944222675030e-01 9.988969618687976171e-01 9.979019118970027247e-01 9.967550351076740478e-01 9.951523814873637352e-01 9.934024123203054613e-01 9.926156528364825649e-01 9.905345819746832481e-01 9.855617079108689449e-01 9.825198885019097439e-01 9.826344619831774985e-01 9.834281638526751745e-01 9.839157730283923931e-01 9.837791507920778944e-01 9.828081492552813714e-01 9.804246408691276171e-01 9.759629699878294984e-01 9.702312486020443494e-01 9.654075105016988179e-01 9.622798782864067091e-01 9.602069530546168963e-01 9.586378927541584494e-01 9.573503216650712799e-01 9.562544193410817961e-01 9.553021250501707584e-01 9.551272539697487352e-01 9.554660152184495381e-01 9.559749164267236088e-01 9.565725439216455905e-01 9.572331269781415575e-01 9.579451450795899436e-01 9.586999432952489908e-01 9.597578369290036271e-01 9.611915001388584567e-01 9.625415236359573523e-01 9.635221410452601276e-01 9.639544373968765845e-01 9.639802576285180225e-01 9.642546293807718882e-01 9.651446325121588732e-01 9.667385803960324431e-01 9.688347464753869209e-01 9.710670151192358768e-01 9.731121866663318132e-01 9.747984690314652756e-01 9.760904314458641595e-01 9.770326763950156757e-01 9.776965185983385043e-01 9.781530347798147451e-01 9.784610661864518999e-01 9.786650023309387825e-01 9.787975140861330248e-01 9.788828647645172465e-01 9.789404986130136876e-01 9.789876283234598686e-01 9.790407206387994332e-01 9.791158419947586511e-01 9.792281909965082631e-01 9.793903703689648133e-01 9.796116555563016970e-01 9.798957999846887867e-01 9.802406073656624308e-01 9.806386520763187287e-01 9.810783627928379991e-01 9.815432177713360185e-01
0.000000000000000000e+00 9.999999999998949729e-01 9.999998084623807904e-01 9.999773674831268222e-01 9.997971064388215812e-01 9.993045378037047621e-01 9.984780075012076317e-01 9.971217785436241599e-01 9.959801398350561774e-01 9.938943977163303689e-01 9.928700368049969693e-01 9.915722532659515531e-01 9.879712824319337727e-01 9.837225981067528879e-01 9.826513037305527609e-01 9.830528693137864371e-01 9.835215265086033609e-01 9.835279998549468772e-01 9.828410280775676799e-01 9.810690358092410968e-01 9.775406208083456949e-01 9.723826450866716042e-01 9.673346286541755212e-01 9.637428774050329494e-01 9.613601583747738433e-01 9.596089517424000181e-01 9.581985759371184352e-01 9.570100588879868475e-01 9.559838612973773353e-01 9.550829580698110277e-01 9.549461621630402908e-01 9.552926132022321326e-01 9.557933155226704391e-01 9.563798801324159271e-01 9.570313604164991661e-01 9.577384287583636802e-01 9.584941860517773859e-01 9.595768699333342422e-01 9.610876003389250410e-01 9.625632115182365389e-01 9.637001250267438479e-01 9.642689462556490732e-01 9.642783989733055838e-01 9.642718324999332014e-01 9.646194707607808061e-01 9.655143920420934389e-01 9.669887436667808922e-01 9.688763430379545571e-01 9.708986371872871945e-01 9.727987089820698818e-01 9.744219816681128910e-01 9.757179813646333910e-01 9.767048322893691070e-01 9.774324033680574786e-01 9.779572362897029913e-01 9.783306548361332400e-01 9.785935970569413778e-01 9.787775632739491583e-01 9.789061125797930973e-01 9.789974359738888854e-01 9.790665245866994049e-01 9.791268524174220333e-01 9.791912288989033097e-01 9.792721690579510030e-01 9.793812789927638374e-01 9.795286045636572014e-01 9.797215604541165135e-01 9.799641251913607798e-01 9.802560509883534445e-01 9.805930768702704192e-01
0.000000000000000000e+00 9.999999989892147667e-01 9.999942777003245631e-01 9.998826215619440738e-01 9.994635413032129101e-01 9.986615948084628380e-01 9.973911121383863820e-01 9.962142137374482287e-01 9.942215942733435563e-01 9.929363603592277210e-01 9.916487767063727476e-01 9.889865632437202514e-01 9.850678172125149068e-01 9.831421124978939607e-01 9.829356008404783740e-01 9.831327475980742303e-01 9.830803745008513950e-01 9.824672757519612443e-01 9.809730914045043937e-01 9.780640672976221861e-01 9.736258292281598781e-01 9.688472694397624041e-01 9.650914877226947075e-01 9.624803261763479334e-01 9.605645348342750633e-01 9.590388864104915090e-01 9.577629846241917377e-01 9.566666025306143073e-01 9.557074058698392660e-01 9.548563507657427119e-01 9.547449157168316214e-01 9.550812710571825459e-01 9.555608854371383520e-01 9.561264488800770289e-01 9.567600706463619264e-01 9.574539785982520979e-01 9.582028474996969747e-01 9.592995442777900728e-01 9.608779991180369517e-01 9.624842507826062432e-01 9.638047173296191428e-01 9.645703233146626365e-01 9.646790312117401456e-01 9.645517171595651140e-01 9.645508812841572244e-01 9.648630213585475124e-01 9.656217144156026277e-01 9.668606989408524699e-01 9.684803186286025101e-01 9.702859758262941670e-01 9.720697592465978865e-01 9.736788144875259121e-01 9.750357331547060413e-01 9.761257625571070351e-01 9.769718964177759313e-01 9.776134661260980074e-01 9.780930198568390521e-01 9.784485328186822706e-01 9.787111739344929173e-01 9.789053450084379548e-01 9.790498522992066022e-01 9.791593651268259979e-01 9.792458529839409564e-01 9.793198654967197880e-01 9.793911491770573852e-01 9.794690145752634747e-01 9.795622874661142898e-01 9.796789769846234730e-01 9.798256901434496680e-01 9.800072455348889378e-01
-1.000000000000000000e+00 -1.000000000000000000e+00 9.998252221893282332e-01 9.993268247949681493e-01 9.984451576628626812e-01 9.971687552471377725e-01 9.957930366613512163e-01 9.939637340611756633e-01 9.925966443081962742e-01 9.910148063281235542e-01 9.884571725042635704e-01 9.856578027929515651e-01 9.837535285141879582e-01 9.829895668760847416e-01 9.827156507008355524e-01 9.823788286181099894e-01 9.816261429295465302e-01 9.801432641976527416e-01 9.775566789362514220e-01 9.738080582197305990e-01 9.696675248239922107e-01 9.661285794705721797e-01 9.634651378284213585e-01 9.614464135607146966e-01 9.598323100528615148e-01 9.584849056913158361e-01 9.573289717895954176e-01 9.563187799313042081e-01 9.554232639663156057e-01 9.546197451386677635e-01 9.545136728089326228e-01 9.548179413135668980e-01 9.552609817923337632e-01 9.557927283202605206e-01 9.563965088216951349e-01 9.570653603568207712e-01 9.577953763983146906e-01 9.588864699136606662e-01 9.605088024360188825e-01 9.622381998088559429e-01 9.637606293271524516e-01 9.647786479149218497e-01 9.651009860661858841e-01 9.649996765392521159e-01 9.648514587605289128e-01 9.648127186490108587e-01 9.650042049695801705e-01 9.655282686863796426e-01 9.664396697383054180e-01 9.677127114198841307e-01 9.692397899254280302e-01 9.708691633674925159e-01 9.724560058218362224e-01 9.738949559532166234e-01 9.751316817761529476e-01 9.761535607305938944e-01 9.769729669660313087e-01 9.776182068542121906e-01 9.781194639813887148e-01 9.785065998299488088e-01 9.788050364452779428e-01 9.790359552363511186e-01 9.792156431077619905e-01 9.793572063921289761e-01 9.794711451078103037e-01 9.795660588005511427e-01 9.796495090933101668e-01 9.797284090433788784e-01 9.798092607686527122e-01 9.798980121386996478e-01
-1.000000000000000000e+00 -1.000000000000000000e+00 -1.000000000000000000e+00 9.981983197162200838e-01 9.969078604135822586e-01 9.954012427691802944e-01 9.936998128088339044e-01 9.921597509896274980e-01 9.904092213402444500e-01 9.881309243770438622e-01 9.858507560277283144e-01 9.842141339597476613e-01 9.830610411057220110e-01 9.823239164167721915e-01 9.816663368217577457e-01 9.807513597851316156e-01 9.792830139671709899e-01 9.769971519447945285e-01 9.738621481276472647e-01 9.703350784546108665e-01 9.670848223328391002e-01 9.644381104637970159e-01 9.623447953113174469e-01 9.606495621810442476e-01 9.592314431595961866e-01 9.580148183623898861e-01 9.569518291432461687e-01 9.560098383874789940e-01 9.551650999846900136e-01 9.543996728916165351e-01 9.542803771838047622e-01 9.545410144025973098e-01 9.549405933277381742e-01 9.554323682754064517e-01 9.559997319847529651e-01 9.566359632618169906e-01 9.573380459789622154e-01 9.584026548888980868e-01 9.600319272812800619e-01 9.618482188315002901e-01 9.635463900688423511e-01 9.648083183190805379e-01 9.653812950532435488e-01 9.653936171661876564e-01 9.652450052593235519e-01 9.650847766845981335e-01 9.650072808560584692e-01 9.650971294007038015e-01 9.654361121025539783e-01 9.660863501063837733e-01 9.670636573759253674e-01 9.683224475865385150e-01 9.697646522971506977e-01 9.712706535061632618e-01 9.727308189867689414e-01 9.740654889174696907e-01 9.752319915555799357e-01 9.762166122471604979e-01 9.770271565927705071e-01 9.776827791058306794e-01 9.782069829011098561e-01 9.786237594078527335e-01 9.789544962160157127e-01 9.792173938844713765e-01 9.794279262519959284e-01 9.795977312497666789e-01 9.797365952333214612e-01 9.798522404387737250e-01 9.799511839079669828e-01 9.800390267148338941e-01
-1.000000000000000000e+00 -1.000000000000000000e+00 -1.000000000000000000e+00 -1.000000000000000000e+00 9.950558541040094296e-01 9.933791646117685614e-01 9.916920492743482862e-01 9.899130086767273795e-01 9.879225675178878729e-01 9.859500450170969321e-01 9.843160731507760719e-01 9.830650914586267497e-01 9.819678021733446727e-01 9.809899167472642123e-01 9.799014390018698784e-01 9.784478129185447681e-01 9.764280181493838473e-01 9.738061297832643071e-01 9.708280103561427454e-01 9.679117975407884877e-01 9.653586731663870157e-01 9.632362545220599648e-01 9.614778693348761118e-01 9.599949462127810307e-01 9.587190169410919616e-01 9.576028104295524201e-01 9.566131383720059000e-01 9.557256458859864079e-01 9.549218608446862211e-01 9.541875334289819932e-01 9.540429348707519797e-01 9.542543286638882627e-01 9.546065289172782631e-01 9.550542511224074937e-01 9.555804246679605596e-01 9.561782096600616176e-01 9.568450461043560562e-01 9.578643827058134219e-01 9.594638693382694372e-01 9.613260311017015614e-01 9.631673819699775319e-01 9.646536893355853737e-01 9.654836441771101896e-01 9.656513030333905290e-01 9.655766859546442982e-01 9.654133691509946269e-01 9.652446513292521901e-01 9.651339507804334028e-01 9.651434355516876895e-01 9.653393094341949920e-01 9.657829631477373722e-01 9.665121874127813317e-01 9.675221635246842311e-01 9.687611428387895574e-01 9.701427905664298246e-01 9.715683521952948043e-01 9.729490913124984042e-01 9.742214738216586900e-01 9.753479102799541556e-01 9.763154602395398562e-01 9.771281453614589774e-01 9.777987488080605027e-01 9.783467214933364575e-01 9.787914617282391649e-01 9.791513154727644608e-01 9.794431038391896438e-01 9.796806612596615782e-01 9.798753759907951055e-01 9.800363516896520855e-01 9.801711067919617326e-01
-1.000000000000000000e+00 -1.000000000000000000e+00 -1.000000000000000000e+00 -1.000000000000000000e+00 -1.000000000000000000e+00 9.912743188665067429e-01 9.895159858261537433e-01 9.877130750229798917e-01 9.859080342163452082e-01 9.842499545841967290e-01 9.828275355933460133e-01 9.816123489845477446e-01 9.803928067206073571e-01 9.791398679469304200e-01 9.776912833531185010e-01 9.758872329935303069e-01 9.736722055941590126e-01 9.711569649927408454e-01 9.685834779096466063e-01 9.661878827957650628e-01 9.640907468129609192e-01 9.622982069797895166e-01 9.607632978215543407e-01 9.594332751656727831e-01 9.582656074080252440e-01 9.572283652960265066e-01 9.562974237229440178e-01 9.554541988028384392e-01 9.546841880182166395e-01 9.539760036106957886e-01 9.538003415978156818e-01 9.539611057480034129e-01 9.542645277346154531e-01 9.546661120701573910e-01 9.551482599345563207e-01 9.557037439329250095e-01 9.563300873508472355e-01 9.572897417952873633e-01 9.588267000909457272e-01 9.606907317366071286e-01 9.626355687268122185e-01 9.643203369368559263e-01 9.653978318066001041e-01 9.657362940152804942e-01 9.657724397709566144e-01 9.656667224137436278e-01 9.655001077627419770e-01 9.653264754189434527e-01 9.651908880657734668e-01 9.651403081770025816e-01 9.652282334727568802e-01 9.655111073407127709e-01 9.660355163045732940e-01 9.668225242323387203e-01 9.678562889018198501e-01 9.690835100086605536e-01 9.704266698111694289e-01 9.718020906089214206e-01 9.731350939028398095e-01 9.743718325526482538e-01 9.754787329234669846e-01 9.764426067269131870e-01 9.772644690300787973e-01 9.779540464799116872e-01 9.785265176203101767e-01 9.789983629669903875e-01 9.793860234891307304e-01 9.797043720368316944e-01 9.799666170071409388e-01 9.801837178305246034e-01
-1.000000000000000000e+00 -1.000000000000000000e+00 -1.000000000000000000e+00 -1.000000000000000000e+00 -1.000000000000000000e+00 -1.000000000000000000e+00 -1.000000000000000000e+00 9.857035907444913203e-01 9.840422914263580179e-01 9.825050528005914163e-01 9.811256214759018768e-01 9.798738290333934842e-01 9.785194232734706343e-01 9.770619282387821292e-01 9.754109456312048954e-01 9.734984697570807644e-01 9.713523335897085165e-01 9.690974943113660478e-01 9.668971072085675855e-01 9.648762598131926937e-01 9.630859040888604117e-01 9.615191564528388080e-01 9.601451828741981442e-01 9.589308976755573921e-01 9.578481647327760085e-01 9.568743777117917348e-01 9.559915206863254244e-01 9.551852150671287234e-01 9.544439671975843975e-01 9.537585739965344089e-01 9.535512389088498519e-01 9.536629983725163351e-01 9.539183455505397813e-01 9.542736407677124832e-01 9.547108065117143605e-01 9.552221051220662895e-01 9.558048799712629551e-01 9.566960913314029868e-01 9.581453881605386247e-01 9.599684125337357710e-01 9.619697675682844507e-01 9.638195831937118596e-01 9.651272171557463420e-01 9.656377461548781849e-01 9.658003714450990040e-01 9.657827049705142164e-01 9.656662596564189460e-01 9.655020536585638968e-01 9.653275070837744609e-01 9.651758468282992665e-01 9.650830816827671299e-01 9.650921959607918765e-01 9.652525661455785277e-01 9.656122178991211058e-01 9.662060230608250366e-01 9.670427757036906824e-01 9.680993826503463406e-01 9.693235249780974838e-01 9.706460031930614907e-01 9.719921877674384536e-01 9.732994202836502406e-01 9.745177366661728069e-01 9.756183430663428746e-01 9.765877627554915286e-01 9.774240312768224248e-01 9.781352717107293371e-01 9.787332299418106674e-01 9.792323457429968903e-01 9.796471303281949483e-01 9.799910008885770463e-01
-1.000000000000000000e+00 -1.000000000000000000e+00 -1.000000000000000000e+00 -1.000000000000000000e+00 -1.000000000000000000e+00 -1.000000000000000000e+00 -1.000000000000000000e+00 -1.000000000000000000e+00 9.821572689565368774e-01 9.806765279132536595e-01 9.793121532315575140e-01 9.780383864719283116e-01 9.765957712982520356e-01 9.750342539456230417e-01 9.733247420269237615e-01 9.714530061499969671e-01 9.694692879729176482e-01 9.674722002172645441e-01 9.655643189530993542e-01 9.638128225370252711e-01 9.622398614598427491e-01 9.608373385333625061e-01 9.595851634813812314e-01 9.584617183449615219e-01 9.574475703846686558e-01 9.565262298473841129e-01 9.556839976548049398e-01 9.549096076129502952e-01 9.541938376929748333e-01 9.535291397409059178e-01 9.532930925080569384e-01 9.533596350721019741e-01 9.535694162871037882e-01 9.538799408813898317e-01 9.542728442001728872e-01 9.547398749169618837e-01 9.552779857761303228e-01 9.560975658159298618e-01 9.574435128797519345e-01 9.591888063325162417e-01 9.611956392305790464e-01 9.631674556435410040e-01 9.646810952041698917e-01 9.653575459656890123e-01 9.656508687022792303e-01 9.657351055031272447e-01 9.656932450521626965e-01 9.655758540836372195e-01 9.654178336695031781e-01 9.652464332163537275e-01 9.650868099234627406e-01 9.649668209594607360e-01 9.649208474812139835e-01 9.649905124076151308e-01 9.652209465437946445e-01 9.656523361242710379e-01 9.663097532951935298e-01 9.671927904697779077e-01 9.682743747829243297e-01 9.695040079018387713e-01 9.708174982489721216e-01 9.721498047925660746e-01 9.734441640730117085e-01 9.746571655757535479e-01 9.757601147978699485e-01 9.767406939637042207e-01 9.775958889284585007e-01 9.783306959608195630e-01 9.789552857648534667e-01 9.794817705337389713e-01
-1.000000000000000000e+00 -1.000000000000000000e+00 -1.000000000000000000e+00 -1.000000000000000000e+00 -1.000000000000000000e+00 -1.000000000000000000e+00 -1.000000000000000000e+00 -1.000000000000000000e+00 -1.000000000000000000e+00 9.788890887925086881e-01 9.775460985230204347e-01 9.762783693504414329e-01 9.747875161150904022e-01 9.731897306753191090e-01 9.714983603549244284e-01 9.697227998962599793e-01 9.679110831709335505e-01 9.661327896509389612e-01 9.644497797894072688e-01 9.628977945095135160e-01 9.614864714866071527e-01 9.602093817401350373e-01 9.590534126754192146e-01 9.580039772556365740e-01 9.570472456235562531e-01 9.561709309860537687e-01 9.553644613326415236e-01 9.546188924128148345e-01 9.539267180654038558e-01 9.532816511108838098e-01 9.530220239066489185e-01 9.530486111356035739e-01 9.532167398543225367e-01 9.534853835556861279e-01 9.538361380416270352e-01 9.542602834766379383e-01 9.547543357435031020e-01 9.555033476901351186e-01 9.567391416885877575e-01 9.583797132737902347e-01 9.603428551799436663e-01 9.623845066617016109e-01 9.640709920939318778e-01 9.649021593057143242e-01 9.653241524910045612e-01 9.655151744878972542e-01 9.655596235216066248e-01 9.655084309761723382e-01 9.653958987813497927e-01 9.652472215613726592e-01 9.650829048494804496e-01 9.649223163503404255e-01 9.647872538694050037e-01 9.647049499210683665e-01 9.647097693514803396e-01 9.648416464472970855e-01 9.651411977692955224e-01 9.656410894676854539e-01 9.663577692625544557e-01 9.672850831292453266e-01 9.683933852966729594e-01 9.696337338096342462e-01 9.709474602454417624e-01 9.722763306419514029e-01 9.735670259162808593e-01 9.747822648020770808e-01 9.758949018453523250e-01 9.768911640516479977e-01 9.777678719984915778e-01 9.785280444261775790e-01
-1.000000000000000000e+00 -1.000000000000000000e+00 -1.000000000000000000e+00 -1.000000000000000000e+00 -1.000000000000000000e+00 -1.000000000000000000e+00 -1.000000000000000000e+00 -1.000000000000000000e+00 -1.000000000000000000e+00 -1.000000000000000000e+00 9.759117902544296452e-01 9.746659010029712356e-01 9.731279217468965514e-01 9.715202741373740736e-01 9.698778115152609791e-01 9.682132606756694848e-01 9.665613240663747385e-01 9.649650195382111217e-01 9.634587687430823388e-01 9.620610335905397381e-01 9.607762587286522438e-01 9.596001159873535080e-01 9.585239937284466549e-01 9.575378083762834391e-01 9.566315158627587412e-01 9.557958279867572182e-01 9.550224845972470344e-01 9.543042972948128089e-01 9.536350794540975340e-01 9.530095267276675886e-01 9.527325469021931115e-01 9.527254462559491266e-01 9.528567810363982593e-01 9.530873876970051839e-01 9.533990843218472788e-01 9.537828130525164427e-01 9.542345231557302077e-01 9.549165822384955149e-01 9.560421338469917707e-01 9.575607434781361338e-01 9.594376969310626224e-01 9.614918975213625485e-01 9.633071604166062452e-01 9.642761303912500415e-01 9.648206184181196132e-01 9.651185213911646077e-01 9.652545264380942847e-01 9.652798238361338656e-01 9.652286931797152691e-01 9.651257191723359163e-01 9.649897304565228096e-01 9.648365343398799254e-01 9.646812658775870686e-01 9.645409725707954074e-01 9.644371460643399452e-01 9.643974824988381656e-01 9.644560650918123645e-01 9.646504453788701250e-01 9.650161222133171179e-01 9.655797653646822631e-01 9.663505630797192270e-01 9.673184889519695906e-01 9.684522182356199993e-01 9.697060810816631182e-01 9.710259690065294880e-01 9.723572890047084138e-01 9.736529880429994899e-01 9.748774844653566030e-01 9.760039309338175428e-01 9.770213974828585446e-01
-1.000000000000000000e+00 -1.000000000000000000e+00 -1.000000000000000000e+00 -1.000000000000000000e+00 -1.000000000000000000e+00 -1.000000000000000000e+00 -1.000000000000000000e+00 -1.000000000000000000e+00 -1.000000000000000000e+00 -1.000000000000000000e+00 -1.000000000000000000e+00 9.731546080102299046e-01 9.714838577861378832e-01 9.698884952986017716e-01 9.683270025075642051e-01 9.667914573139703149e-01 9.652956212113957823e-01 9.638604144445570565e-01 9.625035411266918972e-01 9.612352114769050493e-01 9.600583052039330934e-01 9.589704132831651240e-01 9.579660335757161915e-01 9.570382424721453063e-01 9.561797672013513383e-01 9.553835929487481948e-01 9.546432609785283629e-01 9.539529795969826642e-01 9.533076307172859698e-01 9.527027242260430739e-01 9.524152927100016930e-01 9.523811505512931319e-01 9.524807946100215528e-01 9.526773936589363334e-01 9.529532291199436234e-01 9.532990868722224231e-01 9.537104100626202507e-01 9.543296452044962574e-01 9.553475915943258068e-01 9.567324585463510278e-01 9.584849288755451502e-01 9.604896052146908447e-01 9.623774054335092476e-01 9.634609078282904138e-01 9.641190763106938233e-01 9.645225471626437397e-01 9.647538755672618871e-01 9.648635659166436840e-01 9.648855966215267310e-01 9.648442115813913311e-01 9.647575936301234778e-01 9.646401163133201395e-01 9.645040507942639341e-01 9.643612659196491022e-01 9.642249142218918267e-01 9.641115852380962581e-01 9.640429559179969354e-01 9.640466918906615001e-01 9.641556240729102223e-01 9.644042043439532419e-01 9.648236279726541964e-01 9.654349849603081068e-01 9.662441842821093418e-01 9.672389545160819946e-01 9.683891945881212271e-01 9.696519413747969329e-01 9.709775845497579105e-01 9.723159017620791600e-01 9.736234841221992342e-01 9.748651023182118847e-01
-1.000000000000000000e+00 -1.000000000000000000e+00 -1.000000000000000000e+00 -1.000000000000000000e+00 -1.000000000000000000e+00 -1.000000000000000000e+00 -1.000000000000000000e+00 -1.000000000000000000e+00 -1.000000000000000000e+00 -1.000000000000000000e+00 -1.000000000000000000e+00 -1.000000000000000000e+00 -1.000000000000000000e+00 9.681284041734146140e-01 9.667197537085251424e-01 9.653478531914591043e-01 9.640161043665266272e-01 9.627353911234864947e-01 9.615167561942804531e-01 9.603677284813283421e-01 9.592914893947693811e-01 9.582875580417530292e-01 9.573529494825546715e-01 9.564832489684010897e-01 9.556734119449858955e-01 9.549182859813037938e-01 9.542129156229091080e-01 9.535526983228497233e-01 9.529334467824991384e-01 9.523513969139333346e-01 9.520615865815792445e-01 9.520083490213449018e-01 9.520826267828705891e-01 9.522502730730156850e-01 9.524943988899575720e-01 9.528057967901633063e-01 9.531795470213315635e-01 9.537417660377087714e-01 9.546593402583074539e-01 9.559067150301769900e-01 9.575037318578897283e-01 9.593924576336821941e-01 9.612791070596246046e-01 9.624406744414544246e-01 9.631953051380830466e-01 9.636975099619138341e-01 9.640239093989169117e-01 9.642225091216659605e-01 9.643261027243152927e-01 9.643582255987638296e-01 9.643364340387136080e-01 9.642743362174827082e-01 9.641829359220243090e-01 9.640717780320416930e-01 9.639499986857944513e-01 9.638276260483403801e-01 9.637170498331595336e-01 9.636345820559841790e-01 9.636016600878273275e-01 9.636450403890642891e-01 9.637953543894938191e-01 9.640841842485373681e-01 9.645389110246977982e-01 9.651776195536319047e-01 9.660050877127169811e-01 9.670087588858866656e-01 9.681618285673799784e-01 9.694253853667190723e-01 9.707545636198887662e-01 9.721015082574494537e-01
-1.000000000000000000e+00 -1.000000000000000000e+00 -1.000000000000000000e+00 -1.000000000000000000e+00 -1.000000000000000000e+00 -1.000000000000000000e+00 -1.000000000000000000e+00 -1.000000000000000000e+00 -1.000000000000000000e+00 -1.000000000000000000e+00 -1.000000000000000000e+00 -1.000000000000000000e+00 -1.000000000000000000e+00 -1.000000000000000000e+00 9.652342058261729196e-01 9.640043141655068037e-01 9.628101296638497120e-01 9.616577129588002038e-01 9.605546896190536588e-01 9.595071162518603591e-01 9.585183377537521698e-01 9.575890551980750232e-01 9.567179228540896307e-01 9.559022447399282418e-01 9.551385696191456720e-01 9.544231267740183045e-01 9.537521132863149287e-01 9.531218664132055096e-01 9.525289558784926225e-01 9.519702243348386883e-01 9.516852534164067512e-01 9.516228453506361262e-01 9.516814791736446510e-01 9.518293345427890628e-01 9.520504425943953075e-01 9.523357192089701995e-01 9.526799500606421001e-01 9.531969807902395120e-01 9.540336354867040569e-01 9.551646616309423798e-01 9.566165404172222164e-01 9.583670255254250758e-01 9.601922978296333344e-01 9.613813278734119061e-01 9.621953837979454471e-01 9.627689812478900100e-01 9.631700006121088897e-01 9.634423260306276271e-01 9.636165954957007784e-01 9.637151509197106058e-01 9.637547967566434393e-01 9.637485226507628289e-01 9.637066710063719732e-01 9.636378197848736171e-01 9.635495200781258873e-01 9.634490558469347432e-01 9.633443607556010368e-01 9.632451460038982116e-01 9.631641824341398150e-01 9.631185087052736016e-01 9.631299923598165558e-01 9.632251814489760644e-01 9.634332065770316866e-01 9.637827367288709368e-01 9.642976873319411002e-01 9.649917779470205126e-01 9.658664932895697497e-01 9.669087774759647091e-01 9.680909786023305097e-01 9.693759893641709091e-01
-1.000000000000000000e+00 -1.000000000000000000e+00 -1.000000000000000000e+00 -1.000000000000000000e+00 -1.000000000000000000e+00 -1.000000000000000000e+00 -1.000000000000000000e+00 -1.000000000000000000e+00 -1.000000000000000000e+00 -1.000000000000000000e+00 -1.000000000000000000e+00 -1.000000000000000000e+00 -1.000000000000000000e+00 -1.000000000000000000e+00 -1.000000000000000000e+00 9.627121632984353417e-01 9.616400907132269804e-01 9.606004339262722569e-01 9.595992782653738340e-01 9.586420297540049207e-01 9.577322691493767026e-01 9.568715561988268004e-01 9.560597247297675239e-01 9.552953449886546489e-01 9.545761738779411365e-01 9.538995188730738928e-01 9.532625013418397630e-01 9.526622319017533647e-01 9.520959184606830883e-01 9.515609267762694667e-01 9.512862802626694814e-01 9.512229315217736181e-01 9.512744474331135125e-01 9.514109299118491681e-01 9.516171949501354144e-01 9.518843162627464993e-01 9.522068635334428599e-01 9.526892145490332142e-01 9.534618232229395973e-01 9.544972649588815417e-01 9.558222515590474311e-01 9.574338782654445712e-01 9.591627206265023187e-01 9.603383172000619084e-01 9.611769131335160532e-01 9.617934912344011655e-01 9.622463849758041698e-01 9.625743116193137272e-01 9.628049486820338121e-01 9.629589107668458103e-01 9.630518839434158984e-01 9.630961146678980178e-01 9.631013244747771429e-01 9.630754740687870186e-01 9.630253384994036381e-01 9.629570022087330372e-01 9.628764351274718969e-01 9.627901691237086279e-01 9.627062038109897024e-01 9.626350860307388846e-01 9.625909412143518473e-01 9.625923867075526497e-01 9.626624804903745058e-01 9.628277539820602193e-01 9.631160975267176738e-01 9.635529455962449363e-01 9.641578967944774980e-01 9.649392691480503936e-01 9.658939954806938788e-01 9.670043021473242462e-01
-1.000000000000000000e+00 -1.000000000000000000e+00 -1.000000000000000000e+00 -1.000000000000000000e+00 -1.000000000000000000e+00 -1.000000000000000000e+00 -1.000000000000000000e+00 -1.000000000000000000e+00 -1.000000000000000000e+00 -1.000000000000000000e+00 -1.000000000000000000e+00 -1.000000000000000000e+00 -1.000000000000000000e+00 -1.000000000000000000e+00 -1.000000000000000000e+00 -1.000000000000000000e+00 9.604956799369556153e-01 9.595575413973079781e-01 9.586482520846815181e-01 9.577730623239336660e-01 9.569358620378655145e-01 9.561388964724339967e-01 9.553829031160222529e-01 9.546674297343165083e-01 9.539911841552874971e-01 9.533523415818383473e-01 9.527487840059388757e-01 9.521782721785555514e-01 9.516385613064443083e-01 9.511274740692723384e-01 9.508672154699765455e-01 9.508094765395685988e-01 9.508610753782654745e-01 9.509935536135616374e-01 9.511923389532125350e-01 9.514486027586220862e-01 9.517567112596144741e-01 9.522135154588186046e-01 9.529361347911713409e-01 9.538941587625410223e-01 9.551118306328155727e-01 9.565954277554343799e-01 9.582140599807507098e-01 9.593488474264036947e-01 9.601839359326108658e-01 9.608180128707800582e-01 9.613007541835655312e-01 9.616655257083588371e-01 9.619368358530115959e-01 9.621331362406670973e-01 9.622688224104716248e-01 9.623551385863344798e-01 9.624011157375628178e-01 9.624141116263070783e-01 9.624003333659822967e-01 9.623651893110675148e-01 9.623136840729485941e-01 9.622508483284639702e-01 9.621823188733662491e-01 9.621150672722192931e-01 9.620583280212389177e-01 9.620245983427953007e-01 9.620304491164585192e-01 9.620967982609621716e-01 9.622483332567904890e-01 9.625115265687373967e-01 9.629122014973632293e-01 9.634719705756288333e-01 9.642035274269832312e-01 9.651084982628866937e-01
-1.000000000000000000e+00 -1.000000000000000000e+00 -1.000000000000000000e+00 -1.000000000000000000e+00 -1.000000000000000000e+00 -1.000000000000000000e+00 -1.000000000000000000e+00 -1.000000000000000000e+00 -1.000000000000000000e+00 -1.000000000000000000e+00 -1.000000000000000000e+00 -1.000000000000000000e+00 -1.000000000000000000e+00 -1.000000000000000000e+00 -1.000000000000000000e+00 -1.000000000000000000e+00 -1.000000000000000000e+00 9.585343163275764633e-01 9.577080480714162958e-01 9.569075320372811833e-01 9.561369654433997667e-01 9.553991381993052201e-01 9.546954877086778479e-01 9.540263257476119252e-01 9.533911169342484948e-01 9.527887411349651448e-01 9.522177104712933327e-01 9.516763345177199351e-01 9.511628385802434194e-01 9.506754440501233860e-01 9.504325337213790359e-01 9.503855492088124635e-01 9.504431755675699645e-01 9.505779340525598586e-01 9.507756603022874398e-01 9.510275436349192590e-01 9.513276953243509082e-01 9.517668278074908894e-01 9.524509257522909556e-01 9.533465917792376398e-01 9.544747106203408382e-01 9.558453486988288672e-01 9.573534514617305646e-01 9.584325353588057927e-01 9.592447373686326939e-01 9.598763950618722784e-01 9.603700696232765344e-01 9.607545930898968578e-01 9.610513243006558737e-01 9.612767306413340096e-01 9.614436398271479778e-01 9.615622679397044514e-01 9.616408642540064111e-01 9.616861562304040989e-01 9.617038158692829963e-01 9.616987063841672123e-01 9.616752448148960797e-01 9.616376671655293418e-01 9.615903954443515422e-01 9.615385349550045202e-01 9.614886111540733582e-01 9.614493275091884339e-01 9.614325557187968219e-01 9.614540551760886178e-01 9.615338114490680210e-01 9.616956650239140147e-01 9.619652472877083804e-01 9.623684969947052803e-01 9.629271112422216339e-01 9.636550387932426576e-01
-1.000000000000000000e+00 -1.000000000000000000e+00 -1.000000000000000000e+00 -1.000000000000000000e+00 -1.000000000000000000e+00 -1.000000000000000000e+00 -1.000000000000000000e+00 -1.000000000000000000e+00 -1.000000000000000000e+00 -1.000000000000000000e+00 -1.000000000000000000e+00 -1.000000000000000000e+00 -1.000000000000000000e+00 -1.000000000000000000e+00 -1.000000000000000000e+00 -1.000000000000000000e+00 -1.000000000000000000e+00 -1.000000000000000000e+00 -1.000000000000000000e+00 9.560552659253641616e-01 9.553453891559929856e-01 9.546619223987737879e-01 9.540068295121801878e-01 9.533810106545966834e-01 9.527845273534923942e-01 9.522168278494161919e-01 9.516769429964356819e-01 9.511636425429533803e-01 9.506755524801590029e-01 9.502112390278946163e-01 9.499878284205407475e-01 9.499556873477670305e-01 9.500242398426040902e-01 9.501666483327817492e-01 9.503688920793144090e-01 9.506220495315995667e-01 9.509199649701259860e-01 9.513482043238220554e-01 9.520032111756953075e-01 9.528485920680092036e-01 9.539019942272236596e-01 9.551747046042512457e-01 9.565789359859263596e-01 9.575964419923747029e-01 9.583741581869154036e-01 9.589893904958681770e-01 9.594795270025360256e-01 9.598696887365155694e-01 9.601786263372698027e-01 9.604209367849358969e-01 9.606080854190038876e-01 9.607492641065580319e-01 9.608518841539089861e-01 9.609220326294749537e-01 9.609648447850389630e-01 9.609847175075130199e-01 9.609856171787766188e-01 9.609712510876525782e-01 9.609453703457745410e-01 9.609121015006485411e-01 9.608764532116231827e-01 9.608449998904859957e-01 9.608267149209842595e-01 9.608338572634032015e-01 9.608826229749696246e-01 9.609933833640297296e-01 9.611900537754570761e-01 9.614987162865937798e-01 9.619446966479552330e-01 9.625485713606736216e-01
-1.000000000000000000e+00 -1.000000000000000000e+00 -1.000000000000000000e+00 -1.000000000000000000e+00 -1.000000000000000000e+00 -1.000000000000000000e+00 -1.000000000000000000e+00 -1.000000000000000000e+00 -1.000000000000000000e+00 -1.000000000000000000e+00 -1.000000000000000000e+00 -1.000000000000000000e+00 -1.000000000000000000e+00 -1.000000000000000000e+00 -1.000000000000000000e+00 -1.000000000000000000e+00 -1.000000000000000000e+00 -1.000000000000000000e+00 -1.000000000000000000e+00 -1.000000000000000000e+00 9.545705243187649902e-01 9.539364830687391272e-01 9.533259139467277210e-01 9.527401566630424590e-01 9.521797343732386620e-01 9.516445471350476470e-01 9.511340476735461458e-01 9.506473872918258516e-01 9.501835297655158996e-01 9.497413361970736823e-01 9.495390701498710451e-01 9.495251859569293629e-01 9.496088946343040904e-01 9.497636323346002607e-01 9.499752944563069068e-01 9.502347286292123218e-01 9.505354592258558055e-01 9.509586608976776656e-01 9.515923486506435713e-01 9.523970784121299493e-01 9.533875435012700850e-01 9.545754150479194289e-01 9.558848793441839797e-01 9.568402645562762432e-01 9.575775891054871813e-01 9.581676674066407218e-01 9.586440303128576090e-01 9.590291194873651337e-01 9.593396617599754261e-01 9.595886951019214628e-01 9.597864936847227968e-01 9.599413147596986828e-01 9.600598293774113001e-01 9.601475033441244644e-01 9.602089708713206218e-01 9.602481991535329886e-01 9.602687520153369016e-01 9.602739741704816590e-01 9.602672049582263725e-01 9.602520231042048771e-01 9.602326590720735577e-01 9.602145284238977618e-01 9.602050093543084142e-01 9.602142509242443946e-01 9.602561720832341052e-01 9.603487310348990391e-01 9.605141467606183037e-01 9.607778910481741264e-01 9.611661323264064638e-01 9.617036836899303109e-01
-1.000000000000000000e+00 -1.000000000000000000e+00 -1.000000000000000000e+00 -1.000000000000000000e+00 -1.000000000000000000e+00 -1.000000000000000000e+00 -1.000000000000000000e+00 -1.000000000000000000e+00 -1.000000000000000000e+00 -1.000000000000000000e+00 -1.000000000000000000e+00 -1.000000000000000000e+00 -1.000000000000000000e+00 -1.000000000000000000e+00 -1.000000000000000000e+00 -1.000000000000000000e+00 -1.000000000000000000e+00 -1.000000000000000000e+00 -1.000000000000000000e+00 -1.000000000000000000e+00 -1.000000000000000000e+00 9.532304657269384807e-01 9.526603110299908250e-01 9.521111853206351006e-01 9.515839605156294345e-01 9.510788900602948903e-01 9.505957654730288198e-01 9.501340510140066087e-01 9.496929923693904207e-01 9.492717003471581316e-01 9.490920363811445881e-01 9.490995787947600348e-01 9.492023870563061072e-01 9.493737871763632263e-01 9.495993455844112807e-01 9.498695706755850843e-01 9.501776617348011156e-01 9.506010618424389769e-01 9.512200325816164703e-01 9.519917377821329740e-01 9.529282824668023899e-01 9.540416979427629451e-01 9.552652243917416630e-01 9.561605733651431516e-01 9.568551997751721938e-01 9.574150112645023469e-01 9.578708834000895234e-01 9.582432922490339289e-01 9.585474644929937726e-01 9.587951967808142628e-01 9.589958193955039345e-01 9.591568004753152632e-01 9.592841561583784760e-01 9.593828163274040755e-01 9.594569320591143091e-01 9.595100958722747597e-01 9.595455628901202738e-01 9.595664431331601962e-01 9.595757885918984043e-01 9.595769403726970292e-01 9.595737674181231691e-01 9.595711884611440867e-01 9.595758688581405016e-01 9.595971139765691049e-01 9.596478143825823981e-01 9.597451234783359597e-01 9.599106165812401059e-01 9.601697080276884178e-01 9.605498034359398751e-01 9.610773023314103103e-01
-1.000000000000000000e+00 -1.000000000000000000e+00 -1.000000000000000000e+00 -1.000000000000000000e+00 -1.000000000000000000e+00 -1.000000000000000000e+00 -1.000000000000000000e+00 -1.000000000000000000e+00 -1.000000000000000000e+00 -1.000000000000000000e+00 -1.000000000000000000e+00 -1.000000000000000000e+00 -1.000000000000000000e+00 -1.000000000000000000e+00 -1.000000000000000000e+00 -1.000000000000000000e+00 -1.000000000000000000e+00 -1.000000000000000000e+00 -1.000000000000000000e+00 -1.000000000000000000e+00 -1.000000000000000000e+00 -1.000000000000000000e+00 9.520157260519769293e-01 9.514998308213501454e-01 9.510029063448725006e-01 9.505254784779851862e-01 9.500676080661445422e-01 9.496290140306422600e-01 9.492091757278935393e-01 9.488074140653114386e-01 9.486520130920238492e-01 9.486844001487022560e-01 9.488104247140021208e-01 9.490027979166532068e-01 9.492465669727356836e-01 9.495318848003516665e-01 9.498516150142487513e-01 9.502800571176883704e-01 9.508901990887611566e-01 9.516350799068935551e-01 9.525242036660234168e-01 9.535705727471733839e-01 9.547153366605828362e-01 9.555533691588085077e-01 9.562047615615894003e-01 9.567315102247133662e-01 9.571626110477954308e-01 9.575171132248276873e-01 9.578091311129577345e-01 9.580495786611321618e-01 9.582470101590351286e-01 9.584082276888817864e-01 9.585386898272257872e-01 9.586428747605572065e-01 9.587245496108740550e-01 9.587870233300903600e-01 9.588333568046752964e-01 9.588664903853933996e-01 9.588894573038005964e-01 9.589055134956594451e-01 9.589185219499355428e-01 9.589334415980607096e-01 9.589569856242475820e-01 9.589987716434174025e-01 9.590720785309445606e-01 9.591949151887461111e-01 9.593901151519274029e-01 9.596845524900975422e-01 9.601074544208485495e-01 9.606867036435229323e-01
-1.000000000000000000e+00 -1.000000000000000000e+00 -1.000000000000000000e+00 -1.000000000000000000e+00 -1.000000000000000000e+00 -1.000000000000000000e+00 -1.000000000000000000e+00 -1.000000000000000000e+00 -1.000000000000000000e+00 -1.000000000000000000e+00 -1.000000000000000000e+00 -1.000000000000000000e+00 -1.000000000000000000e+00 -1.000000000000000000e+00 -1.000000000000000000e+00 -1.000000000000000000e+00 -1.000000000000000000e+00 -1.000000000000000000e+00 -1.000000000000000000e+00 -1.000000000000000000e+00 -1.000000000000000000e+00 -1.000000000000000000e+00 -1.000000000000000000e+00 9.509100942703823112e-01 9.504406738428131662e-01 9.499884629778545531e-01 9.495537351766339951e-01 9.491364156959439802e-01 9.487361769828717151e-01 9.483525162761187177e-01 9.482237381508403784e-01 9.482852863146638001e-01 9.484393073904811011e-01 9.486573167338038237e-01 9.489237775952658049e-01 9.492285050597487617e-01 9.495640622348825444e-01 9.500023950788645255e-01 9.506094167597196609e-01 9.513326318964338002e-01 9.521787388074062219e-01 9.531623482286103455e-01 9.542328025868119790e-01 9.550156229550657017e-01 9.556237170996823016e-01 9.561157539179629961e-01 9.565192320101397749e-01 9.568522294786507842e-01 9.571280240231722081e-01 9.573568421509045523e-01 9.575466249161830312e-01 9.577036364589308626e-01 9.578328863254008674e-01 9.579384593713459184e-01 9.580238788570041297e-01 9.580923336079717467e-01 9.581468331491233004e-01 9.581903984576664035e-01 9.582261996853256303e-01 9.582577386682011866e-01 9.582892119575154855e-01 9.583262024445400318e-01 9.583764937027852149e-01 9.584512683626837948e-01 9.585663244746600586e-01 9.587428807908952022e-01 9.590074268857804451e-01 9.593905316239553782e-01 9.599240030494408105e-01 9.606365990285070655e-01
-1.000000000000000000e+00 -1.000000000000000000e+00 -1.000000000000000000e+00 -1.000000000000000000e+00 -1.000000000000000000e+00 -1.000000000000000000e+00 -1.000000000000000000e+00 -1.000000000000000000e+00 -1.000000000000000000e+00 -1.000000000000000000e+00 -1.000000000000000000e+00 -1.000000000000000000e+00 -1.000000000000000000e+00 -1.000000000000000000e+00 -1.000000000000000000e+00 -1.000000000000000000e+00 -1.000000000000000000e+00 -1.000000000000000000e+00 -1.000000000000000000e+00 -1.000000000000000000e+00 -1.000000000000000000e+00 -1.000000000000000000e+00 -1.000000000000000000e+00 -1.000000000000000000e+00 -1.000000000000000000e+00 9.494706300961518464e-01 9.490570281440990907e-01 9.486591991937409762e-01 9.482769752885107373e-01 9.479100017850624615e-01 9.478117286879104153e-01 9.479085780815872386e-01 9.480966313966945336e-01 9.483457238474337636e-01 9.486398046166646392e-01 9.489685202625661731e-01 9.493242293868914272e-01 9.497776610728945190e-01 9.503877337120448798e-01 9.510941310316307629e-01 9.518997833111170204e-01 9.528215477076004136e-01 9.538184759363571574e-01 9.545464445922906549e-01 9.551106425196320693e-01 9.555664331867345096e-01 9.559400928795294128e-01 9.562489316168990561e-01 9.565055941764141201e-01 9.567197457628361379e-01 9.568988058457724710e-01 9.570485974940012852e-01 9.571737746617013931e-01 9.572782762786783417e-01 9.573655993603168435e-01 9.574390724967087873e-01 9.575019623356959553e-01 9.575576519317975377e-01 9.576097123624389695e-01 9.576622068893202444e-01 9.577203175339278340e-01 9.577912703750285361e-01 9.578856127520594121e-01 9.580188461660762433e-01 9.582126077364737649e-01 9.584950455783732837e-01 9.588996715696777029e-01 9.594625927694482304e-01 9.602169324573514020e-01 9.611879274184755850e-01
-1.000000000000000000e+00 -1.000000000000000000e+00 -1.000000000000000000e+00 -1.000000000000000000e+00 -1.000000000000000000e+00 -1.000000000000000000e+00 -1.000000000000000000e+00 -1.000000000000000000e+00 -1.000000000000000000e+00 -1.000000000000000000e+00 -1.000000000000000000e+00 -1.000000000000000000e+00 -1.000000000000000000e+00 -1.000000000000000000e+00 -1.000000000000000000e+00 -1.000000000000000000e+00 -1.000000000000000000e+00 -1.000000000000000000e+00 -1.000000000000000000e+00 -1.000000000000000000e+00 -1.000000000000000000e+00 -1.000000000000000000e+00 -1.000000000000000000e+00 -1.000000000000000000e+00 -1.000000000000000000e+00 -1.000000000000000000e+00 9.485792715764418404e-01 9.481992631800744142e-01 9.478335569358773416e-01 9.474819230225661748e-01 9.474212259304463091e-01 9.475628708076001550e-01 9.477930548376745090e-01 9.480798936521346310e-01 9.484072485564551958e-01 9.487649398214996754e-01 9.491454054153651843e-01 9.496199911661615811e-01 9.502407075246600554e-01 9.509358153600334651e-01 9.517023689062497072e-01 9.525593907983962438e-01 9.534784081343473661e-01 9.541488097666499524e-01 9.546668196356569158e-01 9.550841245329604323e-01 9.554257379129396099e-01 9.557082236563637645e-01 9.559436995626201528e-01 9.561412737424935804e-01 9.563079847734827776e-01 9.564493965590542546e-01 9.565701781895427080e-01 9.566745628679854674e-01 9.567665264540713421e-01 9.568499324213972645e-01 9.569286597210088230e-01 9.570065286786267889e-01 9.570878281171708579e-01 9.571778114887752320e-01 9.572841412414611062e-01 9.574185466717901605e-01 9.575990197257436831e-01 9.578512528341472931e-01 9.582091655072809688e-01 9.587130592378773075e-01 9.594051277378239373e-01 9.603219755077725406e-01 9.614873054673982455e-01 9.629038506109051099e-01
