0.000000000000000000e+00 0.000000000000000000e+00 1.422516297724377951e-293 4.541114061442726575e-242 3.184175428580884624e-206 5.706960379171827348e-179 3.593772443318048729e-157 3.752898996228874774e-139 6.467898070919135715e-124 8.172373215518224355e-111 2.087788102768081982e-99 2.415984370756513015e-89 1.567774624110580400e-79 2.016765410634534829e-70 3.536104003019121206e-62 8.865225453129904666e-55 3.660330858771541288e-48 2.923894212470224103e-42 5.274274583373448984e-37 2.477714473985696295e-32 3.442548779218507528e-28 1.583834994444807629e-24 2.666605018591570812e-21 1.794968909809576422e-18 5.224270005771950673e-16 7.051492460869687985e-14 4.702123770486362487e-12 1.640827497831322828e-10 3.159594536127567409e-09 3.530587517900113859e-08 1.450619354448699969e-07 3.136261205785333933e-07 4.957830477040524077e-07 6.408012249425832008e-07 7.159333760662910715e-07 7.118886898169430147e-07 6.386339384580949921e-07 4.268744086641879807e-07 1.644475635306952525e-07 3.625373639435933324e-08 3.907462584298468438e-09 1.633935656558517850e-10 2.345532241670161267e-12 6.579044895049888133e-14 2.732673583102017262e-15 1.413656475580435101e-16 8.600075297749928867e-18 5.961830591002528786e-19 4.611657724153374194e-20 3.925234322869448950e-21 3.645180199929202760e-22 3.660004344819690193e-23 3.956397306946033587e-24 4.560046914681428940e-25 5.577013142836235538e-26 7.231725443467823937e-27 9.889224870625670310e-28 1.421613182246758082e-28 2.143370513798383642e-29 3.373058300522096877e-30 5.542558392112071383e-31 9.495745048691476938e-32 1.685270002330784141e-32 3.105507126015599276e-33 5.922605700920242958e-34 1.168856365376159141e-34 2.375086077520032275e-35 4.967650155312873572e-36 1.074808939952356060e-36 2.379495900001792822e-37
0.000000000000000000e+00 0.000000000000000000e+00 1.132016800615473400e-292 3.367325734693931905e-241 2.216446673783135099e-205 3.751176493749403670e-178 2.231152623640156851e-156 2.198496228037377029e-138 3.574826594297454527e-123 4.260906713939606886e-110 1.026748291773404226e-98 1.120385754647226479e-88 6.821966990527454946e-79 8.213542507096110015e-70 1.343782715173812596e-61 3.144709055509699965e-54 1.211538989530648353e-47 9.020653386197018019e-42 1.517286820604757215e-36 6.644287720404715362e-32 8.610158766004709477e-28 3.694662497523524908e-24 5.802894516666142730e-21 3.645512318172732506e-18 9.906793843809053828e-16 1.249867869691333341e-13 7.796613882896507709e-12 2.547737284411529688e-10 4.601256816426839272e-09 4.831067626380524587e-08 1.900719567817026282e-07 4.000382274544835761e-07 6.212009277931803444e-07 7.941637738755952561e-07 8.823402470403754080e-07 8.762890127661861238e-07 7.882794443540564995e-07 5.339788008609671247e-07 2.119803038802131438e-07 4.873799015845647129e-08 5.535093429463986072e-09 2.464056688396168972e-10 3.791832316416018152e-12 1.118244493394002834e-13 4.830719700097446200e-15 2.582726742014388820e-16 1.616156759816306696e-17 1.148290884308668568e-18 9.096142354778185576e-20 7.913732765768776588e-21 7.498573414227349653e-22 7.663158971224920165e-23 8.408652906112799018e-24 9.848172081835622978e-25 1.222557789302747514e-25 1.607976911207172864e-26 2.228727124354503098e-27 3.232307671377911088e-28 4.943131554638420137e-29 7.862635065436429576e-30 1.305466634726849451e-30 2.249747202549475191e-31 4.043994327654436747e-32 7.515719541167695915e-33 1.442888082774394027e-33 2.871400144375790007e-34 5.893074313960301956e-35 1.247186064615192459e-35 2.702966975790701811e-36 6.064819044309619251e-37
0.000000000000000000e+00 0.000000000000000000e+00 9.392085935843064799e-292 2.588708211594687605e-240 1.610239525766834469e-204 2.564561335686155671e-177 1.435538081797030436e-155 1.331078475672781491e-137 2.037414177483788185e-122 2.287257410543775109e-109 5.191780109860777899e-98 5.333004324121661171e-88 3.037453927042533671e-78 3.415805922093881608e-69 5.217363005851374711e-61 1.136977567117500946e-53 4.077264750116891671e-47 2.825528169911424800e-41 4.421317847455171337e-36 1.802350428352408245e-31 2.173055466031933203e-27 8.682599987139165210e-24 1.270253979291926280e-20 7.435560484107343929e-18 1.884073447454345894e-15 2.218415399092493327e-13 1.292748430758585309e-11 3.950954424575366061e-10 6.683692071118533087e-09 6.586912949219547713e-08 2.480365452921688778e-07 5.079936019752652893e-07 7.747741635774491034e-07 9.797060439260788248e-07 1.082406098139165709e-06 1.073786122107478790e-06 9.687239730478660113e-07 6.650272918400750877e-07 2.722175948523592946e-07 6.529463182642502098e-08 7.824381405376740419e-09 3.712235316711148321e-10 6.133945684282622912e-12 1.901396136478418058e-13 8.546568249951814675e-15 4.729070738139901891e-16 3.048605410310698379e-17 2.225433239906410378e-18 1.804300207101022401e-19 1.604444052578250728e-20 1.548306817306983820e-21 1.612670785784712701e-22 1.801375440694418674e-23 2.139661664495541034e-24 2.697767440292787457e-25 3.597329101519950362e-26 5.049868277035298335e-27 7.430523004977173523e-28 1.147624446449424829e-28 1.847542809373795574e-29 3.098978343737671371e-30 5.406298731687391119e-31 9.782452650882206210e-32 1.835182777394175894e-32 3.568748707633056615e-33 7.148257791406204143e-34 1.474840076245868363e-34 3.140404646272240628e-35 6.888023236581984075e-36 1.548124016563918289e-36
0.000000000000000000e+00 0.000000000000000000e+00 8.130420910142969970e-291 2.091043433076214913e-239 1.214330754268346188e-203 1.818274244066993510e-176 9.570025773499098923e-155 8.338701469540140828e-137 1.199921341925277913e-121 1.265166969146538399e-108 2.699756916684316402e-97 2.604628474414141114e-87 1.388552191482501086e-77 1.455034686190428159e-68 2.065797411012663861e-60 4.186717215417365120e-53 1.394578341763449793e-46 8.981825645109023488e-41 1.305695073468034351e-35 4.942819522098692221e-31 5.535977826039308037e-27 2.055952990004935526e-23 2.797083920589453153e-20 1.523224878811928910e-17 3.593597619189385755e-15 3.942663376062158183e-13 2.143083743484104703e-11 6.117523278806877079e-10 9.681960968689560530e-09 8.946717554742402911e-08 3.222658838340130792e-07 6.420006259348408251e-07 9.617346441156718065e-07 1.202734945622462452e-06 1.321409128897969524e-06 1.309575132684280782e-06 1.184902597402391975e-06 8.245333986680909142e-07 3.481019790057265573e-07 8.718443507960539853e-08 1.103077148751912463e-08 5.584230084187600821e-10 9.917189518033635334e-12 3.238917959889010183e-13 1.517190668493831724e-14 8.684590853725747479e-16 5.772002184359945346e-17 4.325527639458043543e-18 3.592574632044609944e-19 3.263424839980922944e-20 3.218287794282759465e-21 3.411928606382474347e-22 3.877948931840417112e-23 4.686405925290779035e-24 6.006645556703784484e-25 8.107922094681912078e-26 1.151706162266454091e-26 1.721288068961387571e-27 2.679852042428411880e-28 4.371701350762399716e-29 7.410222454705923768e-30 1.307001383193115690e-30 2.389663737690465396e-31 4.531899020938360939e-32 8.869573828529191129e-33 1.793534656581882192e-33 3.733575179694431607e-34 8.030201699542495329e-35 1.763588431186017595e-35 4.018328966831546025e-36
0.000000000000000000e+00 0.000000000000000000e+00 7.352309758326916714e-290 1.754041830287051293e-238 9.544493255132365913e-203 1.340343953811859886e-175 6.622798635945309044e-154 5.412311459415331727e-136 7.310493163586911610e-121 7.219938227429879177e-108 1.444673662979442098e-96 1.308577869422471422e-86 6.502352289949499924e-77 6.337525447703583380e-68 8.363789895691813235e-60 1.571749787027400351e-52 4.856994480180350632e-46 2.898884332503060811e-40 3.906455578426273052e-35 1.371058114158999619e-30 1.424441545319003736e-26 4.906542175491298271e-23 6.196120147996593275e-20 3.133999968565724681e-17 6.872636788975775516e-15 7.015166165600959653e-13 3.551326232276238335e-11 9.455393543218450172e-10 1.398290923135395625e-08 1.210319056363216375e-07 4.167338764051308606e-07 8.074133472180458880e-07 1.187849422787514913e-06 1.469063986044519053e-06 1.605135288402627786e-06 1.589242530740901494e-06 1.442334774039772517e-06 1.017597789063298487e-06 4.432420177405962710e-07 1.160088467028350383e-07 1.550975502900631165e-08 8.391471681485551874e-10 1.604248180986444379e-11 5.521564336066092941e-13 2.694705896575634710e-14 1.599787080705411098e-15 1.097102448534004359e-16 8.445531643416041437e-18 7.187493186581914047e-19 6.680157911112351213e-20 6.730126567462146199e-21 7.270901389359659168e-22 8.401313112422095981e-23 1.031554883124081960e-23 1.342332637187384017e-24 1.837792718649646524e-25 2.649412206465001223e-26 4.012691386098325533e-27 6.331648402035202736e-28 1.044216117147054888e-28 1.791777939105946201e-29 3.188082001286583975e-30 5.898582164996543667e-31 1.125439199427339844e-31 2.229476699491120484e-32 4.538761492580507166e-33 9.541810954341195452e-34 2.066368914998811080e-34 4.594251650432840357e-35 1.050084535060798803e-35
0.000000000000000000e+00 0.000000000000000000e+00 6.953440528435107739e-289 1.545627418419446453e-237 7.853314867056074530e-202 1.029656683393073503e-174 4.765147124256812841e-153 3.644760333636474463e-135 4.609186026234923541e-120 4.263634542095383937e-107 7.985493450770712043e-96 6.762747384477763422e-86 3.130384400217007372e-76 2.831105893317997196e-67 3.460812385992070822e-59 6.021684384926059939e-52 1.721713223873148601e-45 9.503021327192818266e-40 1.185005303644215897e-34 3.848371828709574036e-30 3.700551482049603433e-26 1.180375049468222681e-22 1.380959449854642196e-19 6.476175413680241019e-17 1.317763569860834215e-14 1.249386216100405828e-12 5.881551094135939271e-11 1.458555421818730331e-09 2.012877522063987906e-08 1.630076480118717688e-07 5.362602314574214057e-07 1.010220941551955178e-06 1.459449080838180507e-06 1.784979583850522944e-06 1.939586446581098263e-06 1.918688031585215740e-06 1.746803624215611987e-06 1.249750888507997656e-06 5.619147029080905136e-07 1.537371056858016609e-07 2.174911036575431949e-08 1.258210780783548388e-09 2.593986632061179323e-11 9.423081083400492978e-13 4.802089625451814214e-14 2.955175930251413099e-15 2.088097977207580374e-16 1.655510052025130395e-17 1.445135680399364121e-18 1.375066099108631302e-19 1.412027572335171549e-20 1.557461083105276514e-21 1.832421958819247592e-22 2.287118728588108772e-23 3.022551873143652622e-24 4.208772199618015498e-25 6.154327250246990116e-26 9.416428838394591165e-27 1.507912266900289206e-27 2.514839128602550305e-28 4.370122104849368163e-29 7.870666221107762289e-30 1.464945263636814601e-30 2.834320839247604348e-31 5.657359033144997146e-32 1.161079020827027212e-32 2.462744474034246783e-33 5.389896241607020249e-34 1.204650793752373017e-34 2.785086814448459408e-35
0.000000000000000000e+00 0.000000000000000000e+00 6.959678776697282253e-288 1.422554113633214998e-236 6.751087251265324166e-201 8.259154026146092111e-174 3.570207262391737448e-152 2.548882860520465637e-134 3.010567564553148772e-119 2.600952331857516948e-106 4.547826230096151158e-95 3.601897744137728591e-85 1.547824410393516178e-75 1.296488257747680180e-66 1.464727814776359166e-58 2.354485542499372066e-51 6.214893684835524979e-45 3.167009494641804807e-39 3.645654707486165627e-34 1.093220985052614850e-29 9.709175039866655663e-26 2.862366437773636530e-22 3.096595988093066560e-19 1.343978253588758722e-16 2.533214169763172633e-14 2.226721712316143565e-12 9.733461718077357395e-11 2.244909074843345610e-09 2.887342068568972243e-08 2.185342502581261937e-07 6.864387400313702157e-07 1.257092151479681332e-06 1.783177834254402099e-06 2.156927504888980431e-06 2.331050038498095432e-06 2.303907898482814855e-06 2.104300952357208593e-06 1.527124131905585511e-06 7.089653602182313998e-07 2.029172952921174449e-07 3.038868884447294384e-08 1.883922628692482404e-09 4.192939015926796686e-11 1.609598494394778065e-12 8.562278277083813121e-14 5.465822418350023753e-15 3.992464661259126967e-16 3.255363502531238837e-17 2.916019606766940780e-18 2.841297092044299543e-19 2.982502038144232442e-20 3.358838337620104047e-21 4.018543613415247440e-22 5.113185462803244516e-23 6.856578898821097783e-24 9.698320667841654968e-25 1.439940700707433832e-25 2.234984548512854081e-26 3.617022027561044932e-27 6.103219634208542488e-28 1.072078378416274724e-28 1.951601194868067688e-29 3.685978641363748624e-30 7.182321179012967635e-31 1.446804980260416041e-31 3.007329336744092574e-32 6.421713447963912394e-33 1.413220110307509249e-33 3.197529511195830192e-34 7.425444818501880219e-35
0.000000000000000000e+00 0.000000000000000000e+00 7.324124619142204127e-287 1.383061848787836150e-235 6.079828199758936751e-200 6.933861251927773713e-173 2.790075087863039820e-151 1.857731447392617054e-133 2.044080841165365673e-118 1.645479289441082981e-105 2.682169964142885726e-94 1.976788578499243176e-84 7.872065703994614944e-75 6.092260597842876885e-66 6.347183439640503245e-58 9.404356461184921441e-51 2.286589352858103093e-44 1.073034035119960730e-38 1.137797411798856929e-33 3.143663176430401905e-29 2.573535756830734591e-25 6.997137639152214705e-22 6.985957645460909207e-19 2.800345635402104327e-16 4.880683765911934775e-14 3.970744156469630870e-12 1.609152469739701525e-10 3.446146990156323247e-09 4.125445991024768853e-08 2.915316304568459503e-07 8.739318304468956009e-07 1.555451482924045551e-06 2.166263619482812772e-06 2.591553944021212777e-06 2.785623658110467615e-06 2.751056739234911560e-06 2.520824391906200035e-06 1.855653967558653871e-06 8.898045223507760692e-07 2.666786186484030520e-07 4.233820966986479187e-08 2.813913303039395827e-09 6.774818326337204837e-11 2.751781739502855090e-12 1.530549152930136051e-13 1.014822306222156415e-14 7.662909123809218476e-16 6.427526299754791823e-17 5.913852821500499831e-18 5.900715698132616133e-19 6.339982711804737558e-20 7.281321551468925494e-21 8.894073422018079446e-22 1.149996401313756944e-22 1.569542747434679039e-23 2.254010517985379947e-24 3.392180018622897438e-25 5.336236613933250132e-26 8.768663435903080366e-27 1.498291594438997088e-27 2.662808057583512435e-28 4.904699918068656740e-29 9.330553997037079959e-30 1.842787488613856847e-30 3.749506453225282301e-31 7.851663099343121001e-32 1.693472067779720147e-32 3.766271164050143914e-33 8.573712249438300559e-34 2.007935935526533823e-34
0.000000000000000000e+00 0.000000000000000000e+00 8.089966739719730099e-286 1.411113834087280368e-234 5.753729218353216938e-199 6.103032593887189327e-172 2.280611320707022282e-150 1.411691942463530658e-132 1.442719636604191395e-117 1.078513024086528916e-104 1.635411101436205532e-93 1.120730664466554007e-83 4.126526295060075448e-74 2.940897810367256308e-65 2.818852040638408500e-57 3.839004849136689262e-50 8.577296192058274336e-44 3.699070106592375211e-38 3.603741718798109939e-33 9.153435605138545839e-29 6.892542184816594282e-25 1.724312836269131155e-21 1.585404032828175812e-18 5.858651489269634690e-16 9.423129921220627749e-14 7.084470489091435602e-12 2.656412623013321694e-10 5.275134441632354178e-09 5.869654090837855247e-08 3.868181004333745164e-07 1.106102692319897778e-06 1.913150522195902246e-06 2.615913894821613085e-06 3.095266998731561357e-06 3.309409659735988641e-06 3.266067404098214611e-06 3.002837852855342715e-06 2.242531826171465049e-06 1.111196346658847562e-06 3.488028917244643201e-07 5.874517258538927694e-08 4.194593927778814521e-09 1.094162193604876668e-10 4.704909103539968584e-12 2.739699988988434693e-13 1.888032163403600605e-14 1.474413418069104774e-15 1.275662475976160696e-16 1.205844762043639860e-17 1.233292559475173803e-18 1.354270429591451483e-19 1.587950866747888619e-20 1.978480012517407997e-21 2.606120240729648006e-22 3.616640211949088541e-23 5.268590182538278821e-24 8.059911038900843233e-25 1.285913620178859596e-25 2.140753303535187935e-26 3.704045874866709265e-27 6.663617235272605373e-28 1.242419290016825857e-28 2.395127502410847740e-29 4.757990543459878695e-30 9.802828191235193167e-31 2.075464854677495830e-31 4.521157096671132311e-32 1.011863625298902743e-32 2.326041572129244256e-33 5.492545412861476969e-34
0.000000000000000000e+00 0.000000000000000000e+00 9.554495202719194374e-285 1.520000704083330045e-233 5.738306149877596800e-198 5.643404017961873490e-171 1.954530210870723991e-149 1.118736782959208988e-131 1.061054982547134964e-116 7.357310188240582404e-104 1.033036730727205972e-92 6.570551854800893484e-83 2.229621310603687980e-73 1.460055012783656030e-64 1.284296359797075136e-56 1.603298039886609370e-49 3.282381983967090511e-43 1.297807509479711854e-37 1.158689916803159164e-32 2.698936532279477140e-28 1.865225787238899868e-24 4.284561811129710991e-21 3.620836304003070678e-18 1.230940275183760208e-15 1.823211700349144318e-13 1.264078913961601990e-11 4.379125823980452504e-10 8.049215944164295367e-09 8.313069046410231423e-08 5.104037656842299492e-07 1.391558395945290148e-06 2.338339411082204171e-06 3.139502368313950944e-06 3.674208143394851512e-06 3.907714173858464861e-06 3.854201587693478813e-06 3.555863109563192657e-06 2.694484964769643231e-06 1.379798674826750917e-06 4.539601716246277261e-07 8.120605099081438337e-08 6.234840976661288294e-09 1.764863177939821996e-10 8.050267892217235520e-12 4.909221581634265038e-13 3.519023610488717433e-14 2.845281323531423128e-15 2.540197175819561750e-16 2.467780586190000071e-17 2.588227073036334213e-18 2.911137655343948008e-19 3.485783318553815851e-20 4.434113741428547585e-21 5.941401908076318642e-22 8.398022280007575430e-23 1.244947876961039072e-23 1.934039224747006176e-24 3.127932631744404358e-25 5.272456015322489620e-26 9.253639215971907312e-27 1.687713018572467724e-27 3.177300259286810805e-28 6.180629732557877676e-29 1.246999129453144313e-29 2.590627525511313211e-30 5.533087599676727756e-31 1.216193715331233413e-31 2.754721034625209367e-32 6.404073518127012118e-33 1.518094812966676305e-33
0.000000000000000000e+00 0.000000000000000000e+00 1.188538599680273317e-283 1.739846617537084987e-232 6.045688738267800167e-197 5.491613426797848820e-170 1.755153400740041044e-148 9.300547921717635733e-131 8.135258419938423802e-116 5.219160410209380383e-103 6.776349522298251425e-92 3.986833633496139039e-82 1.243540612509854744e-72 7.462598107110250343e-64 6.005932582645113076e-56 6.851526333515060174e-49 1.282498608559421008e-42 4.635045058407120954e-37 3.784789204759769836e-32 8.065175339622865249e-28 5.101053421144371614e-24 1.073632957057279892e-20 8.317655028290347471e-18 2.595669871505192218e-15 3.533878023816791799e-13 2.255429590262938804e-11 7.203692970120390104e-10 1.223854453518614236e-08 1.171562741450361496e-07 6.694357325949644328e-07 1.739291453576708347e-06 2.839608606817435472e-06 3.743421879424199056e-06 4.333837586173505050e-06 4.585266026523489404e-06 4.520273090202537598e-06 4.184961070621458099e-06 3.217589524708182246e-06 1.703404945977861962e-06 5.877390490291563418e-07 1.117551677962097470e-07 9.244205198852421720e-09 2.844385979314949508e-10 1.377798625654243056e-11 8.813066073790789863e-13 6.580105093930024687e-14 5.509497733639934876e-15 5.073489904405430554e-16 5.075891863589488934e-17 5.463026718190957173e-18 6.288280428693034078e-19 7.698194405213868685e-20 9.989068944815188932e-21 1.365246070419520610e-21 1.961861543718815698e-22 2.960673313530939972e-23 4.664883089495901134e-24 7.667753034948729688e-25 1.314100118760267271e-25 2.332971745950441382e-26 4.299355428907252004e-27 8.202540031998278807e-28 1.618553739258644837e-28 3.292305709801202644e-29 6.921752110422056092e-30 1.496214032328093034e-30 3.324181394179461159e-31 7.582407326750056106e-32 1.775994076373103356e-32 4.261211496361367182e-33
0.000000000000000000e+00 0.000000000000000000e+00 1.585712783603944084e-282 2.112213835876142198e-231 6.747550252859756332e-196 5.632614198468565855e-169 1.660270270476302539e-147 8.096410016629889147e-130 6.532175195682903501e-115 3.859495746748511809e-102 4.621095331980493766e-91 2.507197014562586983e-81 7.167166153975092063e-72 3.930376737948458927e-63 2.885563228371376053e-55 3.001928637896502272e-48 5.121375984303449309e-42 1.686818570727309117e-36 1.256071869429409167e-31 2.441911150824977801e-27 1.410376654312550510e-23 2.712763704368461717e-20 1.922864618110015249e-17 5.495134423500466737e-15 6.861282429690351977e-13 4.022384871405472894e-11 1.182558569936291726e-09 1.853391559280641582e-08 1.642295885638023316e-07 8.724436547475370319e-07 2.159458646293752244e-06 3.425146984338624085e-06 4.433767409339107577e-06 5.078240345083812280e-06 5.345821676295316329e-06 5.267553173599498201e-06 4.894062377322485425e-06 3.818421498444741845e-06 2.090304258953398803e-06 7.568130937201391087e-07 1.531348101186796127e-07 1.365792814975148520e-08 4.577387058602197923e-10 2.357658592307497975e-11 1.583929689347677048e-12 1.232519502775303235e-13 1.070327566696676182e-14 1.017820083666228913e-15 1.048131326177010292e-16 1.158419512381574166e-17 1.367342664417483960e-18 1.710900034907675899e-19 2.266676661164175007e-20 3.162129382147250409e-21 4.628865937489193419e-22 7.091632758678624633e-23 1.137329407357601519e-23 1.900245522230745153e-24 3.292848003781195865e-25 5.950187306949932576e-26 1.109930672987872605e-26 2.144271125132708766e-27 4.276658455852129236e-28 8.818498792781851660e-29 1.866370864073817852e-29 4.082595113087706881e-30 9.164408130853117208e-31 2.110513855638373675e-31 4.989406858656609709e-32 1.210994270141850181e-32
0.000000000000000000e+00 0.000000000000000000e+00 2.246313814973840342e-281 2.730907559997658215e-230 7.994441674673331977e-195 6.119855515749337257e-168 1.653960690097653722e-146 7.407637714599915496e-129 5.493381616673796223e-114 2.981121858537892084e-101 3.280855924690388799e-90 1.636583368952603158e-80 4.278350455361339145e-71 2.135179050049169864e-62 1.425467459305251182e-54 1.348182719215676025e-47 2.089336944570522624e-41 6.257111727941626316e-36 4.237242843689128415e-31 7.496731281118721515e-27 3.942261451376062186e-23 6.910798587645669089e-20 4.470889524600039877e-17 1.167627719718548805e-14 1.333984712875007693e-12 7.168000334430760983e-11 1.935951133623144542e-09 2.794768751494695630e-08 2.288960805828825589e-07 1.129373299984663688e-06 2.662083580737493841e-06 4.102287023005659586e-06 5.215364695591057487e-06 5.910533064527692286e-06 6.191601534934709322e-06 6.098676709627300584e-06 5.687147028114511297e-06 4.503079312689934222e-06 2.549079439204968351e-06 9.688288360224079788e-07 2.087699277064223637e-07 2.011312923791599820e-08 7.353376709623245826e-10 4.033314550258248481e-11 2.848804945923253446e-12 2.313180287085177515e-13 2.085100885693230195e-14 2.049489070211088399e-15 2.173968950505319244e-16 2.470170030727417400e-17 2.987904871570080773e-18 3.827985400159313781e-19 5.182076383209265460e-20 7.368839483248687464e-21 1.099860698171844951e-21 1.717205948646217513e-22 2.796112800268384680e-23 4.748911514499877807e-24 8.355657390463632184e-25 1.528796913488155555e-25 2.888171229115030253e-26 5.653374447420104041e-27 1.144658837429408736e-27 2.385507759359531174e-28 5.112970043218189402e-29 1.128007781161024824e-29 2.554215240791271507e-30 5.957052647317386464e-31 1.422737314656848756e-31 3.476281911025894917e-32
0.000000000000000000e+00 0.000000000000000000e+00 3.430484710005860777e-280 3.772829396359530879e-229 1.007921160153236706e-193 7.055125091598083136e-167 1.745431983737268396e-145 7.149662776861306560e-128 4.849704417569879798e-113 2.410281199955147435e-100 2.431456631046826796e-89 1.111861463614120583e-79 2.646495235707731307e-70 1.199028061878735620e-61 7.255251548152077633e-54 6.214154572391494389e-47 8.727218377429724505e-41 2.367796667494360161e-35 1.453261220789636514e-30 2.333254115723436937e-26 1.114348384062848885e-22 1.775977980449710144e-19 1.045747399446315794e-16 2.489171860234084215e-14 2.596366745999375212e-12 1.276223236871489623e-10 3.159988977431504904e-09 4.194190200885359318e-08 3.170458445462799320e-07 1.451699769258317009e-06 3.258107654504968230e-06 4.878539762959854340e-06 6.092810766673190249e-06 6.834597954048887094e-06 7.126694063730667614e-06 7.019254209117781718e-06 6.571763228121574145e-06 5.282382428861464506e-06 3.094362093473158955e-06 1.235452538749212987e-06 2.836685369974935089e-07 2.953605756541824781e-08 1.179515409958823261e-09 6.898637629715229282e-11 5.127177762965511127e-12 4.348866102661352341e-13 4.071566718856459631e-14 4.140769535787053347e-15 4.529730165056413136e-16 5.293992926287048266e-17 6.571978762923423009e-18 8.619677616272146946e-19 1.192835120929817236e-19 1.730339581474760165e-20 2.632132325472617328e-21 4.186624755795283468e-22 6.936324168591120817e-23 1.195598437954153674e-23 2.137629405154682215e-24 3.968574661784430225e-25 7.620073562794918968e-26 1.512869222672694212e-26 3.096080220259555301e-27 6.513130356872467339e-28 1.415659198640681383e-28 3.163043637054806385e-29 7.233424961574626371e-30 1.701028808627120488e-30 4.109556180525532745e-31 1.009770046130926793e-31
0.000000000000000000e+00 0.000000000000000000e+00 5.639447733033148543e-279 5.590888261532327508e-228 1.356113203405015972e-192 8.658206310128662519e-166 1.950999219170645091e-144 7.285600386486622261e-127 4.505662273564245105e-112 2.043646514497232935e-99 1.882916900262874664e-88 7.865580864814909852e-79 1.698421946849815409e-69 6.959050011100002588e-61 3.804802263832528092e-53 2.941779403763989868e-46 3.731178231361921674e-40 9.143334715820344039e-35 5.072478581790828795e-30 7.365929212949254858e-26 3.185590317905764613e-22 4.603018827078772998e-19 2.460225994616888888e-16 5.324607022445752265e-14 5.058253642646148539e-12 2.269019860913928941e-10 5.140058834095636832e-09 6.261813647501016310e-08 4.364261599912345238e-07 1.853695945157958241e-06 3.963066096559846483e-06 5.770514940919680046e-06 7.086642679992790765e-06 7.876301495954238840e-06 8.184720253374293115e-06 8.074218851331878952e-06 7.604241169375818906e-06 6.222923934905166470e-06 3.785546839537226181e-06 1.592067336675209203e-06 3.893387108165316051e-07 4.361341377435238935e-08 1.895499910610954082e-09 1.181415263337390792e-10 9.243806693836950777e-12 8.195173161900002961e-13 7.978272814462173386e-14 8.400321710061308379e-15 9.478824897301053198e-16 1.140852373484330389e-16 1.452542647063854310e-17 1.953865056239742251e-18 2.764226721347515774e-19 4.100164477305678640e-20 6.361203457492034266e-21 1.030317800042841751e-21 1.736576214337680753e-22 3.041450779427378239e-23 5.538436908592613269e-24 1.039798608460240758e-24 2.029983720264427091e-25 4.078873714783369205e-26 8.441489497612197162e-27 1.803219331602359223e-27 3.955411712328063837e-28 8.949270091497037748e-29 2.073117167699310353e-29 4.924038449188744179e-30 1.197907146294970581e-30 2.987871060519807729e-31
0.000000000000000000e+00 0.000000000000000000e+00 1.001089050328050495e-277 8.914691432548915131e-227 1.963304911779664048e-191 1.133113207355014325e-164 2.319444352868532677e-143 7.862993940680651894e-126 4.415179335350437013e-111 1.820174259538923582e-98 1.525651714961734109e-87 5.805669358005647008e-78 1.133940658541053237e-68 4.186993927277925618e-60 2.058809669755501424e-52 1.432673358934812195e-45 1.634538527430173990e-39 3.605787061272115711e-34 1.802150096461460687e-29 2.359661029215240278e-25 9.211854603925740823e-22 1.203089192484042225e-18 5.821787412704581762e-16 1.142391384025303674e-13 9.859433266050848061e-12 4.027128580592827742e-10 8.330861694141272495e-09 9.310683752042281868e-08 5.993197813531016674e-07 2.370275821579672769e-06 4.843452180223280476e-06 6.876973537761012949e-06 8.327884400230773786e-06 9.200377163631720024e-06 9.565447844199268155e-06 9.497327268043852510e-06 9.056875910482240123e-06 7.624367060332176413e-06 4.902771432860990794e-06 2.214108235039400606e-06 5.809030527719766965e-07 6.899004483172277230e-08 3.172540703019051764e-09 2.077565632243536400e-10 1.698692036304930921e-11 1.567441189740609846e-12 1.583121418928314810e-13 1.724056089032234995e-14 2.007652264599046240e-15 2.484217632201113616e-16 3.249775826327028951e-17 4.477125470295533246e-18 6.479428447108637495e-19 9.826816325202767255e-20 1.556510650894688750e-20 2.569353098044086086e-21 4.414446166234665509e-22 7.865912392436998418e-23 1.453710084080662496e-23 2.782697028461959440e-24 5.497888647577527759e-25 1.121770654693856304e-25 2.361839762325632952e-26 5.116684236066475546e-27 1.138300008282075511e-27 2.605746153406506483e-28 6.120322410542085164e-29 1.476814879390540394e-29 3.647760553538155866e-30 9.245102598389904048e-31
0.000000000000000000e+00 0.000000000000000000e+00 1.930461070805159803e-276 1.540199935403086198e-225 3.051405394344185518e-190 1.592551259936872697e-163 2.943027350237778099e-142 9.011357087564197158e-125 4.582780664803465202e-110 1.710539360000716916e-97 1.299355297615219921e-86 4.480537008984916529e-77 7.884516077940170317e-68 2.612824922651848802e-59 1.151607921395687901e-51 7.180839227730935761e-45 7.344273265538594394e-39 1.453249298434748908e-33 6.519780117936153722e-29 7.672815144970904024e-25 2.695428262129361467e-21 3.172073195562829204e-18 1.385299892249745580e-15 2.457731137587418531e-13 1.922278534590365587e-11 7.139564480875246015e-10 1.352019188906625678e-08 1.400925193110407004e-07 8.486721036086559000e-07 3.173918973545189277e-06 6.225688138059589105e-06 8.628790960030275186e-06 1.031342567472884133e-05 1.135154956001786633e-05 1.185557046580575910e-05 1.192044205412806177e-05 1.161116395304125548e-05 1.025333587646479055e-05 7.284391039579779949e-06 3.789998147036487087e-06 1.152578369810089792e-06 1.503101263325966265e-07 7.050866779157466709e-09 4.651498009255928024e-10 3.852440514330464973e-11 3.620797115559380032e-12 3.735296013318663003e-13 4.166458088989144299e-14 4.979693251712493639e-15 6.329055561007024284e-16 8.521080693209221633e-17 1.210097587769423328e-17 1.806749937539095962e-18 2.831883340336424780e-19 4.648780539198617740e-20 7.966583810100359731e-21 1.425580978254090159e-21 2.662547985087747361e-22 5.180346153499633223e-23 1.048248965016071414e-23 2.209993270334286712e-24 4.852178525747809509e-25 1.106226959680779068e-25 2.619924491593459057e-26 6.465470780570817030e-27 1.657848586350089339e-27 4.415824438526867265e-28 1.222521832229518514e-28 3.511242661166132857e-29 1.046552553046470006e-29
0.000000000000000000e+00 0.000000000000000000e+00 4.066918566997566171e-275 2.893988414380909955e-224 5.136711790972658920e-189 2.407669818657499271e-162 3.999677283932384293e-141 1.102666941588304287e-123 5.044185631483916763e-109 1.696173739474025808e-96 1.163390489222753024e-85 3.625106988193579970e-76 5.719655536405420852e-67 1.693866111935751934e-58 6.665328491084332318e-51 3.708525077388894819e-44 3.387324437432303072e-38 5.988594754346022344e-33 2.403366888870069763e-28 2.532447511260890405e-24 7.978346075652866103e-21 8.435305256086347922e-18 3.314261566736367707e-15 5.305495427153554169e-13 3.763868821097464868e-11 1.287264191815947246e-09 2.318383506700878773e-08 2.371317460038572165e-07 1.420967826092444540e-06 4.988285055151611966e-06 9.080055934803580290e-06 1.197499274356804332e-05 1.388547626318335241e-05 1.505553181664690394e-05 1.568210388224080518e-05 1.589381396509086707e-05 1.576922579408169877e-05 1.470327416684180844e-05 1.196644109373460731e-05 7.902972522483320847e-06 3.386816172358293374e-06 6.206603307399337106e-07 3.544306302770491117e-08 2.558355005030309370e-09 2.273632015882512344e-10 2.291840888404263510e-11 2.550430453093903005e-12 3.090799872404095036e-13 4.047499492145496885e-14 5.686007800651442000e-15 8.545470519307997707e-16 1.367257492038873244e-16 2.319326453492099032e-17 4.166075267812833487e-18 7.886592007988067292e-19 1.572207467511134599e-19 3.291430009599725547e-20 7.210763879881584178e-21 1.653192850048820023e-21 3.934750288991055137e-22 9.790348598671088953e-23 2.523575190776980319e-23 6.738488498171748507e-24 1.860814352977108103e-24 5.312960088479313309e-25 1.562613184942480999e-25 4.731519387489605840e-26 1.474996590802748576e-26 4.718602500970361355e-27 1.548069071491508583e-27
0.000000000000000000e+00 0.000000000000000000e+00 9.414833553163521068e-274 5.921604327542647275e-223 9.396614777444627497e-188 3.931035348968832610e-161 5.840796108443520837e-140 1.441527388845347029e-122 5.912564056917170193e-108 1.783867740200748955e-95 1.098703990871909147e-84 3.079429840546588640e-75 4.337928802086846352e-66 1.142955173172597299e-57 3.998228806177201553e-50 1.977061472770024470e-43 1.604845908780647524e-37 2.524974450505939314e-32 9.030700119527115254e-28 8.490553575892033253e-24 2.390387004192871290e-20 2.262760395526908686e-17 7.999191984738644230e-15 1.169764228287541165e-12 7.938438541502729299e-11 2.822583138294079279e-09 5.650683389354894018e-08 6.212764639863503285e-07 3.432796240411649436e-06 9.501576010064376003e-06 1.440931453950098246e-05 1.722030050826124089e-05 1.888573555166919772e-05 1.985353650460052266e-05 2.036684698634019252e-05 2.055743249853090229e-05 2.049727867324978691e-05 1.977237189802491136e-05 1.783286045352232497e-05 1.460308985087671067e-05 9.619434074630867922e-06 3.543436890896750835e-06 3.845730480997121899e-07 3.719446022172010838e-08 3.993497857711747413e-09 4.700987652845077783e-10 6.027535447910933493e-11 8.367910920756583818e-12 1.249836128251923898e-12 1.996881596484388828e-13 3.397684993109440399e-14 6.132039441008465825e-15 1.168964031679308785e-15 2.342322263041254776e-16 4.930790984028907684e-17 1.084904406176109731e-17 2.488394632194337029e-18 5.951321029919698418e-19 1.477009030666117446e-19 3.806551435289681028e-20 1.013211152085185570e-20 2.795670740839007954e-21 7.940510075711745262e-22 2.326736245959547774e-22 7.006591592050071455e-23 2.170967595044056849e-23 6.910596047697287359e-24 2.247739020647547470e-24 7.508335383161440105e-25 2.569554396576993035e-25
0.000000000000000000e+00 0.000000000000000000e+00 2.406110111941979062e-272 1.335245321583346226e-221 1.876079567635992800e-186 6.972944721274720284e-160 9.211478113015664714e-139 2.025070823161640409e-121 7.399180304120209276e-107 1.993419111495027836e-94 1.097714510130296178e-83 2.753361422223464410e-74 3.446240256905978258e-65 8.039072612168103223e-57 2.488358413002250420e-49 1.088464642541235419e-42 7.824213511483236640e-37 1.090834463431386395e-31 3.461216350642969151e-27 2.892480258980417089e-23 7.272357550320932509e-20 6.266955434862502441e-17 2.164181810882249794e-14 3.590860437438820299e-12 3.170337189383871654e-10 1.452152714244932820e-08 3.179195411116258729e-07 2.841393972009809664e-06 9.622745876470693006e-06 1.681293524934770095e-05 2.064285666914591287e-05 2.252383871924448143e-05 2.357265566004594745e-05 2.415679842869282416e-05 2.444280116028887124e-05 2.451568622201970703e-05 2.441916255687320291e-05 2.386576574443486384e-05 2.252104726646755474e-05 2.040686131170935046e-05 1.708586397811490145e-05 1.159072297439442974e-05 4.047035230859498376e-06 8.324143332888888142e-07 1.321058210287274576e-07 1.956931845613610304e-08 2.943533034148413883e-09 4.628348535295817815e-10 7.673707306616331600e-11 1.345795446207752010e-11 2.489228196947360286e-12 4.853121860841302629e-13 9.940031740180223561e-14 2.136845758276633460e-14 4.793678601160787998e-15 1.124077657411834285e-15 2.745140518498292804e-16 6.961812982624009991e-17 1.833579058139488692e-17 4.989703719266659193e-18 1.405045114570090332e-18 4.069996929529939676e-19 1.218584495740690631e-19 3.759483202861964670e-20 1.189763633982819056e-20 3.863247148275897539e-21 1.286848105356264894e-21 4.389957640922195644e-22 1.537914527718143578e-22 5.491399467379628518e-23
0.000000000000000000e+00 0.000000000000000000e+00 6.823084969501919748e-271 3.324169066447754634e-220 4.111204595085491096e-185 1.350366607741220964e-158 1.575306224753532783e-137 3.065280926676299840e-120 9.929531357727086485e-106 2.374630394052543560e-93 1.163480525124386314e-82 2.600357733395486796e-73 2.876319982197675269e-64 5.911758178896099902e-56 1.609881008755487751e-48 6.200563585887031244e-42 3.925886179892440474e-36 4.830705739058248413e-31 1.360894160097830596e-26 1.045133574939189213e-22 2.794354086170095329e-19 3.425565348405703942e-16 1.967213938159515643e-13 4.763437673480531513e-11 4.909563363947222573e-09 2.106431129068358009e-07 2.929943319481633746e-06 1.094591527920423038e-05 1.845821625474997952e-05 2.317749470943121154e-05 2.543029148210365363e-05 2.654407823025907827e-05 2.717486450440330674e-05 2.752539243328177134e-05 2.768542423706592099e-05 2.769818734477938723e-05 2.758540756211873908e-05 2.709254973663361305e-05 2.596961378238172276e-05 2.435968290115697767e-05 2.212743918539559091e-05 1.876957594126661179e-05 1.327608809780379631e-05 7.858957889919185414e-06 3.463573274372484859e-06 1.064418487482382050e-06 2.510123940715932608e-07 5.228808903615546571e-08 1.054761296532337304e-08 2.146059503914651870e-09 4.488542946133232144e-10 9.722306546704771284e-11 2.191736862486955018e-11 5.129386375245498709e-12 1.250160091090700815e-12 3.166324061914259903e-13 8.311447541037492904e-14 2.263716991235877162e-14 6.375042996845113908e-15 1.855935748734325448e-15 5.583674440689725603e-16 1.729756630436237412e-16 5.514315831660760784e-17 1.810310112404171044e-17 6.097823527642767051e-18 2.111127242138318977e-18 7.479155929446837835e-19 2.719456357061058393e-19 1.008904142992061075e-19 3.832320290790459144e-20
0.000000000000000000e+00 0.000000000000000000e+00 2.178846127960345104e-269 9.202697474341960993e-219 9.944040963009690541e-184 2.864596970698225589e-157 2.938726530840641091e-136 5.026716899146431070e-119 1.434894030435586600e-104 3.029027655182716100e-92 1.311467459794045236e-81 2.598076446136350901e-72 2.526200823242760624e-63 4.549433633555598149e-55 1.084496587718989552e-47 3.661917791048722907e-41 2.058023390019520761e-35 2.482020859018779797e-30 1.016883931985979552e-25 1.794596806833622986e-21 1.010807028745325962e-17 1.656284194954985900e-14 9.318507395945967782e-12 2.101162456468284555e-09 1.795770635530469861e-07 3.645046642866226542e-06 1.310266522775067119e-05 2.041529565819188191e-05 2.472662831362915599e-05 2.746938430772178545e-05 2.892161797940981518e-05 2.969034645176559008e-05 3.015587163505336826e-05 3.043742392179221468e-05 3.058390517287005029e-05 3.061546507564740405e-05 3.053784502469397233e-05 3.008756907824555442e-05 2.901530738786022088e-05 2.751659996195088032e-05 2.562123139845766056e-05 2.320813446714338189e-05 1.989026260828050328e-05 1.668661078510575300e-05 1.339148111102534684e-05 9.939196507697798226e-06 6.491982069497611445e-06 3.491218244110590560e-06 1.478515856476650887e-06 5.051961214251923896e-07 1.502412840418857524e-07 4.177722979565005033e-08 1.136630440733934040e-08 3.103062630451874878e-09 8.591307702853458031e-10 2.436116389338903510e-10 7.076446331720550966e-11 2.117232293925986561e-11 6.509259197591880151e-12 2.058782989647925463e-12 6.690575846580674232e-13 2.232575280069506250e-13 7.661964934345956156e-14 2.693927781147972852e-14 9.689051543978816848e-15 3.582684211014800235e-15 1.353464605307145228e-15 5.219404648726163898e-16 2.057959964420507683e-16 8.305119373255513793e-17
0.000000000000000000e+00 0.000000000000000000e+00 7.820802095614687672e-268 2.856548441354238731e-217 2.683601053204187319e-182 6.718184863204860969e-156 6.006093115348232709e-135 8.974153605098321808e-118 2.241092671914141268e-103 4.150498310514248932e-91 1.580624769641842284e-80 2.757829155041191864e-71 2.343494566167985669e-62 3.688265584834422831e-54 8.107336424924128457e-47 3.819257988701262100e-40 6.915704855644759248e-34 2.993363981475237866e-28 2.312405468988584793e-23 3.555892386473572657e-19 1.429391569790739118e-15 2.023713214024087452e-12 1.112304391338371085e-09 1.992447685235743719e-07 5.180211655278874167e-06 1.568690535360149751e-05 2.240628420143829112e-05 2.628510806704153834e-05 2.882193893686654427e-05 3.073988485957285309e-05 3.186490230348114355e-05 3.250952077534723339e-05 3.294922969325082807e-05 3.325922669952001762e-05 3.346455269979589354e-05 3.357062589452082128e-05 3.357677241307908652e-05 3.320444430514888148e-05 3.217403189774730896e-05 3.066264106841190920e-05 2.874302868847062147e-05 2.649066757902137544e-05 2.394736309636678857e-05 2.188399824595963530e-05 1.994357791351451044e-05 1.797781272527138380e-05 1.593809709017400360e-05 1.381096067348719001e-05 1.159718815467986985e-05 9.314901901750436011e-06 7.016855722677115386e-06 4.820336326514348995e-06 2.928089132246113401e-06 1.540018877920046603e-06 7.059678655752087444e-07 2.908828917178460495e-07 1.121232967132221424e-07 4.167626492445051476e-08 1.529345308119306331e-08 5.604264003688488384e-09 2.072426808178099240e-09 7.749543137159282308e-10 2.946544806607241236e-10 1.140185623564383374e-10 4.478962124752220699e-11 1.796497415001511130e-11 7.331059129803082757e-12 3.044462512099383233e-12 1.290801160021395075e-12 5.574989379935604456e-13
0.000000000000000000e+00 0.000000000000000000e+00 3.216037887063509204e-266 1.001672412518232577e-215 8.092256149666073390e-181 1.750974122820311724e-154 1.353014801939969832e-133 1.752075077372245808e-116 3.804794676579678449e-102 6.138270765736947691e-90 2.045193722848335697e-79 3.236543223566593820e-70 3.728912747201424216e-61 2.653814012087100766e-52 3.622061421851184024e-44 5.335052968329806504e-37 9.069027837689948905e-31 2.142165962914606063e-25 9.445250187803782453e-21 1.178543130612429497e-16 5.165684658421676385e-13 7.717720255411609311e-10 2.962667548302392713e-07 7.737554393081276502e-06 1.837573745322271070e-05 2.436737010684417466e-05 2.784686200007211845e-05 3.020944073359215420e-05 3.206444540981050537e-05 3.363794013400654963e-05 3.461780479322425441e-05 3.524696552532096452e-05 3.573615139210260789e-05 3.612774823481728004e-05 3.643126437877415997e-05 3.664801262962985752e-05 3.677384165543348709e-05 3.655014277569315157e-05 3.567552372373377343e-05 3.422791712682557696e-05 3.221135864078215904e-05 2.974568701981405213e-05 2.716226036569426047e-05 2.538916970407644488e-05 2.393695034077858460e-05 2.260949624279103712e-05 2.133175331983119366e-05 2.006606323401529093e-05 1.879198919076990445e-05 1.749837195359839516e-05 1.617967930674990492e-05 1.483440518754648795e-05 1.346207974769703670e-05 1.206533507510953554e-05 1.065037054128672181e-05 9.219530911027224056e-06 7.785426108565288061e-06 6.362803290757637258e-06 4.982147864466445905e-06 3.696101220149976760e-06 2.569402580874139226e-06 1.658347335834490021e-06 9.938644043162697888e-07 5.580277174805582712e-07 2.970553890002911051e-07 1.525339641450387052e-07 7.625440054311831744e-08 3.768052324940582900e-08 1.851599468882053669e-08 9.097780356879125242e-09
0.000000000000000000e+00 0.000000000000000000e+00 1.520088566916357260e-264 4.004757092762575342e-214 2.761625978479557235e-179 5.106357083987235930e-153 3.386334149125221484e-132 3.776649311539486839e-115 7.400164443156198903e-101 2.041933518267967541e-88 5.025791657946364182e-77 7.071552973991219476e-67 3.917089493532440746e-57 2.889345643411485685e-48 1.971011715371468416e-40 1.334483062367851737e-33 1.149304433120870837e-27 2.072724952179944427e-22 1.099690396231101622e-17 1.695686185598710305e-13 7.463850845021025864e-10 5.951986790234793382e-07 1.112917910288680104e-05 2.101953162819477782e-05 2.630102697666314958e-05 2.943199415284751785e-05 3.164522592194862879e-05 3.345096358821632548e-05 3.501182151320372365e-05 3.639060306039402349e-05 3.731306779831602684e-05 3.799048030677930105e-05 3.856465094471079127e-05 3.905710241154329831e-05 3.947435140793311586e-05 3.981728262612073714e-05 4.008260197349890750e-05 4.008241797679611200e-05 3.953988631629506452e-05 3.840036391995546171e-05 3.650816970119792853e-05 3.381784278709128676e-05 3.075350133700232983e-05 2.875223870580262712e-05 2.726187169471750197e-05 2.602899136212264100e-05 2.494723741459841456e-05 2.396247145126530046e-05 2.304060471707374116e-05 2.215961098269495137e-05 2.130517060115888828e-05 2.046586310555233864e-05 1.963649109686847288e-05 1.881141638367672748e-05 1.798766126864258827e-05 1.716441215871004802e-05 1.634049131594148265e-05 1.551387908067017432e-05 1.468672083402894090e-05 1.385967322164005176e-05 1.303207943756166667e-05 1.220520798858701862e-05 1.137998662930848599e-05 1.055707694778615968e-05 9.737592494932915987e-06 8.923182684001089115e-06 8.114003443337680318e-06 7.313219198553409927e-06 6.524365613471501993e-06 5.745217714756172732e-06
0.000000000000000000e+00 0.000000000000000000e+00 8.364095240141782363e-263 1.848373953570256632e-212 1.076339695824973537e-177 1.822089636325485984e-151 3.510160270266155124e-130 5.841526760057488984e-112 1.545598604610397849e-96 2.204092699077423341e-83 4.665949516462693923e-72 3.298107417640362681e-62 8.280762365539923182e-53 2.705608588531235300e-44 8.713290493462907306e-37 4.282846921085863558e-30 5.051024426610743254e-24 1.267701917349731199e-18 7.556172345261652468e-14 1.074102199387025790e-09 1.525957733638156286e-06 1.483194193947918011e-05 2.359098291038930312e-05 2.822579650367382969e-05 3.106292331488806917e-05 3.315006619336678656e-05 3.490994516360992189e-05 3.646630008424917680e-05 3.784611615639169155e-05 3.908129245640885630e-05 4.000381091963130643e-05 4.075341136507994698e-05 4.141578104325944863e-05 4.200690368683998322e-05 4.253439052430811211e-05 4.299996401441433556e-05 4.340430365287055480e-05 4.365253964616769229e-05 4.355369320778043824e-05 4.298483473603088737e-05 4.167851670771794992e-05 3.927889709213067533e-05 3.585745956373827996e-05 3.337183076718314449e-05 3.149412757273833681e-05 2.998303674642709604e-05 2.871952271943784742e-05 2.763035558412246106e-05 2.667098172071449757e-05 2.580935178168004894e-05 2.502409483288520675e-05 2.429854215912756284e-05 2.361883554153110151e-05 2.297625616125365528e-05 2.236210418340379351e-05 2.177183454095840169e-05 2.120034290656325543e-05 2.064359115056153487e-05 2.009941173338865037e-05 1.956755098795327189e-05 1.904335532654150267e-05 1.852792602285530406e-05 1.801960766440567635e-05 1.751682117071672802e-05 1.702135513717731405e-05 1.653014790583593423e-05 1.604554253079429991e-05 1.556554345117922757e-05 1.509142758700909233e-05 1.462070620176546070e-05
0.000000000000000000e+00 0.000000000000000000e+00 7.036074309845414829e-261 1.214298213593355540e-209 1.746534931282152655e-173 5.572565481162265317e-146 4.670856719063850473e-124 4.724194233773507973e-106 5.743642537377552831e-91 3.741146307111472057e-78 3.650438036306432282e-67 1.204386467828352713e-57 1.414062778748943624e-48 3.395442471051086922e-40 1.854004726634363958e-32 1.428999780550632233e-25 1.848492804839213409e-19 4.950657667988500903e-14 2.499458116582578853e-09 4.089023005045284564e-06 1.850737993366578058e-05 2.610580875566109618e-05 3.016773742019429223e-05 3.276465052341691309e-05 3.474815922706650230e-05 3.645853103398910940e-05 3.800810360167456792e-05 3.940142964883085397e-05 4.064033684401147534e-05 4.175871512441611415e-05 4.269906157841039951e-05 4.351477656610811402e-05 4.425273133090217796e-05 4.492749668594581591e-05 4.554773060184594502e-05 4.611737414738578824e-05 4.663970004246857859e-05 4.708755337810326737e-05 4.737953537860138442e-05 4.742144397581301489e-05 4.699874162825305800e-05 4.565291574101191927e-05 4.288154257356864573e-05 4.032832618718302858e-05 3.813582909610529434e-05 3.624135501225237078e-05 3.460069009057076131e-05 3.316773535142854203e-05 3.190364885042465209e-05 3.077845032982095522e-05 2.977020308984909091e-05 2.886130071850387066e-05 2.803756595980589567e-05 2.728673611772174622e-05 2.659784817124778429e-05 2.596088203991204154e-05 2.536759284344759126e-05 2.481295984468438471e-05 2.429042956295934683e-05 2.379558458567221631e-05 2.332586177265076903e-05 2.287683037737859202e-05 2.244631681439145112e-05 2.203363595479562739e-05 2.163512307324817548e-05 2.124952889752791213e-05 2.087717420575995554e-05 2.051446978959980039e-05 2.016294515342291116e-05 1.981857243501682666e-05
0.000000000000000000e+00 0.000000000000000000e+00 6.348311919104754654e-254 2.037884889873866786e-202 1.429146249623043279e-166 2.016860678850946491e-139 7.403785637344064499e-118 3.278407382305054964e-100 1.755439171581161834e-85 5.101918456792980696e-73 2.447625079370280454e-62 7.628260400823834850e-53 2.133856200580157772e-43 8.904004422228974779e-35 4.573938678980005011e-27 3.802698273520269760e-20 5.366440842817802649e-14 1.036229951110004244e-08 8.704597791088828119e-06 2.208100555007756961e-05 2.859274281467303919e-05 3.215906380121575666e-05 3.456400126664712968e-05 3.646655947923488567e-05 3.812343223585948441e-05 3.965364436406942081e-05 4.106125022167493528e-05 4.232413434131773662e-05 4.344122590807843740e-05 4.445844862524518887e-05 4.539843205431581472e-05 4.625716859314595540e-05 4.704945695637991718e-05 4.778555680671827012e-05 4.847375969222921714e-05 4.911891197795695800e-05 4.972574823230492026e-05 5.029654686983634930e-05 5.082159302010956736e-05 5.126759874837106260e-05 5.154966240405110914e-05 5.139966894406471266e-05 5.024563345078463509e-05 4.867722485478887667e-05 4.698348873363083003e-05 4.527012288872600852e-05 4.361358412043271133e-05 4.204846019172987131e-05 4.058602478411094859e-05 3.922257523471246152e-05 3.795200948930896816e-05 3.676757023388528670e-05 3.566450968246192839e-05 3.463889095195935415e-05 3.368967577796527964e-05 3.280924270366818157e-05 3.199211404879629398e-05 3.123431306952537470e-05 3.052915474031313157e-05 2.987029152475124567e-05 2.925427666120700675e-05 2.867473078368866960e-05 2.812944511953318973e-05 2.761449251350744208e-05 2.712957330177573974e-05 2.666777404351674584e-05 2.622925944805241697e-05 2.581186575379306161e-05 2.541363116612623232e-05 2.503440323054061331e-05
0.000000000000000000e+00 0.000000000000000000e+00 2.440167297213240058e-246 3.521374824238119877e-195 1.072261912319824601e-159 6.453286164600451152e-133 1.003504998814831380e-111 1.905959207622323381e-94 5.569557274292178909e-80 3.079423970595166481e-67 5.046891780794804165e-56 2.405486797579339227e-46 4.794375606752607071e-37 2.091119986112818477e-28 1.307304971241873353e-20 1.135938999086340449e-13 8.229434249168739789e-08 1.407409798500278955e-05 2.556879759003433515e-05 3.109320470340316280e-05 3.424041558511598009e-05 3.649210098923629008e-05 3.833464220621027817e-05 3.993438964510428888e-05 4.143129179370193645e-05 4.284155886015730776e-05 4.413455340768808482e-05 4.528037187732832916e-05 4.628582545170215729e-05 4.721182005088788504e-05 4.811975890164073928e-05 4.898699537278851412e-05 4.980469255539524717e-05 5.057532110148726023e-05 5.130422968451371331e-05 5.199571775973797641e-05 5.265266659717776908e-05 5.328762480869250252e-05 5.391299116620559676e-05 5.453513993099394199e-05 5.514229290750659383e-05 5.564985116186465879e-05 5.581469229062674598e-05 5.560767755500871975e-05 5.510871054351621108e-05 5.438055662905368580e-05 5.349511119532608113e-05 5.251414446478655436e-05 5.148543950120456025e-05 5.043946483235856764e-05 4.939280159988969414e-05 4.835399127873399278e-05 4.732644816354562904e-05 4.631170920998441132e-05 4.531727896901893970e-05 4.434417219307524953e-05 4.340040562933616827e-05 4.249166227811486006e-05 4.161819375727989444e-05 4.078507489322791421e-05 3.999165782387616527e-05 3.923611705622719406e-05 3.851722624525991004e-05 3.783367027440411723e-05 3.718126187636662240e-05 3.655912273282256239e-05 3.596438589976970278e-05 3.539693258998233483e-05 3.485316157787845718e-05 3.433429979671153115e-05
0.000000000000000000e+00 0.000000000000000000e+00 9.102890837565686673e-239 5.679455278003570145e-188 7.226715444889850451e-153 1.876642243411842491e-126 2.985585339122547531e-105 2.899864628076454642e-87 3.226256884032044352e-72 1.450746907674746596e-59 1.371323954077805365e-48 7.437626985375859339e-39 1.933174334951660287e-29 9.805219450130980439e-21 5.986582154325327577e-13 1.034929073982403148e-06 1.942003404704687304e-05 2.900843775579591092e-05 3.365982931510830305e-05 3.646413081845492041e-05 3.858780495639776992e-05 4.038784346100762648e-05 4.192821025738253167e-05 4.337522586682568073e-05 4.477303205142956437e-05 4.608676131101820670e-05 4.727693450634283919e-05 4.830758827709965799e-05 4.920524004599785708e-05 5.004785579352333751e-05 5.090418728764474937e-05 5.174722425523602852e-05 5.255759889860223849e-05 5.333298457117223484e-05 5.407309652982569310e-05 5.478146740496338274e-05 5.546043534162605761e-05 5.612054183915292989e-05 5.678055383685535297e-05 5.745724721141019228e-05 5.816474712533946747e-05 5.886872485162850078e-05 5.949781182401146746e-05 6.000189584652660307e-05 6.036798457171413558e-05 6.057727699404885896e-05 6.063510740045324103e-05 6.056008622862584575e-05 6.037680116817448558e-05 6.010975276064910568e-05 5.978075794694954765e-05 5.940587415369659696e-05 5.899395998930288381e-05 5.854956329436841630e-05 5.807657491223915065e-05 5.757262549251787820e-05 5.703965361024750943e-05 5.648007084952043176e-05 5.589596886720698908e-05 5.529489208075513479e-05 5.468148269262752706e-05 5.406338517660727117e-05 5.344633528214534586e-05 5.283412913891759332e-05 5.223299456000688476e-05 5.164154076079465898e-05 5.106775558324489454e-05 5.050793770594433541e-05 4.996196652204113771e-05 4.942985431869317164e-05
0.000000000000000000e+00 1.421525676214434557e-319 3.297007609888821127e-231 1.445634288059712366e-180 1.096583133558029320e-144 2.245849822950123903e-117 7.637331769677057836e-96 2.371637981270707171e-78 1.706227944637314348e-63 1.081117364152124623e-50 1.359893754085665496e-39 8.565725433009413122e-30 2.593095710371287220e-20 1.129463546705217265e-11 6.799387370583429725e-06 2.466573820963080239e-05 3.245707160643158381e-05 3.636012064346709699e-05 3.888997184682578605e-05 4.089649405651583474e-05 4.266629693040825439e-05 4.415173956258232205e-05 4.552586789389614994e-05 4.689539909752931383e-05 4.821450630086598801e-05 4.944192556320881537e-05 5.052688628384133089e-05 5.143643950781099809e-05 5.222839020759949703e-05 5.299667379608617853e-05 5.379850002454913239e-05 5.459957688301983236e-05 5.537874834119793258e-05 5.613123620512318449e-05 5.685742794850302470e-05 5.755618835588397950e-05 5.823087717905684482e-05 5.888911158035865247e-05 5.955039739453989330e-05 6.023337638246056917e-05 6.096532919973761606e-05 6.171772323315785668e-05 6.240435571774655306e-05 6.303411462535486883e-05 6.364977998451836578e-05 6.422198767566592427e-05 6.472624128714657052e-05 6.515746687647882911e-05 6.552050475338853691e-05 6.582127869402135741e-05 6.606969889900726485e-05 6.627437320279601471e-05 6.644290412071824595e-05 6.658200398464832550e-05 6.669770735717088592e-05 6.679067899749875907e-05 6.686279060060609802e-05 6.691168469910331997e-05 6.693606070797279879e-05 6.693079129235097720e-05 6.689664355451308366e-05 6.683049571382770188e-05 6.673190782728695891e-05 6.660406168394229776e-05 6.644753671097344404e-05 6.626668108159317440e-05 6.606472276560875227e-05 6.584537722011751879e-05 6.561446118151261473e-05 6.537283838682756939e-05
0.000000000000000000e+00 8.734459242111192949e-310 1.877299326750626780e-220 3.699659001539005190e-169 9.699841453675601245e-134 4.691198519799563087e-107 1.843817481074137103e-85 9.889163069934985713e-68 8.674689877874223040e-53 6.170333660024667564e-40 9.677085069527531298e-29 6.860436593690107725e-19 1.304900461445417774e-09 1.555583218019014751e-05 2.984090233838708372e-05 3.599350730907267240e-05 3.927607624854225117e-05 4.158657239629236305e-05 4.347823792923466343e-05 4.521607552426786523e-05 4.666286849566065757e-05 4.793840654839805595e-05 4.925648531403351200e-05 5.056625322421915748e-05 5.181303762439377398e-05 5.295165251403926275e-05 5.391569177542092437e-05 5.469519327809852665e-05 5.538920915919917783e-05 5.609312122021513992e-05 5.684350656432847953e-05 5.759862818225898392e-05 5.833717733544706134e-05 5.905500148561911223e-05 5.974948828729897450e-05 6.042244582211496841e-05 6.107320461257971717e-05 6.171111841487663795e-05 6.235156711511981168e-05 6.301610234823545832e-05 6.374168997159294686e-05 6.451621523816996934e-05 6.520768209161314545e-05 6.579099508117381052e-05 6.638595242367406211e-05 6.699841454499071245e-05 6.759868187120367797e-05 6.816285523555003819e-05 6.868400596342146979e-05 6.916665835183220552e-05 6.961682492299134471e-05 7.004082704760973229e-05 7.044256543129966933e-05 7.082517320526850104e-05 7.119153845802537680e-05 7.154430591926395195e-05 7.188689876031604414e-05 7.222052320629368885e-05 7.254673420707310192e-05 7.286754905104041028e-05 7.318036888846132261e-05 7.348567355996051128e-05 7.378218367841658527e-05 7.406654013398920357e-05 7.433716459619331353e-05 7.459185187567773717e-05 7.482916638207716756e-05 7.504681440326250585e-05 7.524377941043353005e-05 7.542028088290178274e-05
0.000000000000000000e+00 1.225360991795504165e-296 4.946301546195894827e-208 6.261407915924031374e-157 4.033111205698163293e-121 3.399953270813186254e-94 1.264016977814921515e-72 7.888973355002404104e-55 8.869404904474712933e-40 7.760402542462006512e-27 1.209098026777162833e-15 1.042003664737199975e-06 2.443596418096422460e-05 3.500690604181212290e-05 3.972844898134675362e-05 4.251011459911264767e-05 4.463781474199223534e-05 4.641092740653913508e-05 4.809576471711292915e-05 4.953136889652346684e-05 5.068859682342045057e-05 5.191892804085630742e-05 5.320455329010976046e-05 5.445434502632673384e-05 5.562577616478133516e-05 5.665450733647735704e-05 5.747541734073800552e-05 5.812415961277196165e-05 5.873296678398710788e-05 5.938184821019798097e-05 6.008401136374339765e-05 6.079388608961501771e-05 6.149085662261180238e-05 6.216925306743036777e-05 6.282839639938182709e-05 6.346743046147322305e-05 6.408671721320784631e-05 6.469454322974784745e-05 6.530344277447858896e-05 6.593404145408827261e-05 6.663361210647674891e-05 6.741631896155683939e-05 6.813536994324050804e-05 6.867912298736536590e-05 6.919425136464581541e-05 6.973973593897649819e-05 7.031470098123935415e-05 7.089248879047712639e-05 7.144799708861572919e-05 7.196869560188236834e-05 7.245404017265920675e-05 7.291296656726408885e-05 7.335198360643125845e-05 7.377857509220031248e-05 7.419492834677700300e-05 7.460328474628983751e-05 7.500180167074329369e-05 7.539260169824732395e-05 7.577537710206600310e-05 7.614942917219674214e-05 7.651720834281404253e-05 7.688028579170335460e-05 7.723918925918366637e-05 7.759500363962338416e-05 7.794917020926733005e-05 7.830246819681761609e-05 7.865476504983748274e-05 7.900523605295071180e-05 7.935278171729147920e-05 7.969673403229123900e-05
0.000000000000000000e+00 2.408217891597514393e-281 2.247227342632636523e-192 2.952330308744562324e-141 1.514477835889396784e-105 1.812595907274776840e-78 8.231571935753679582e-57 6.675660041334555759e-39 8.923650277204250500e-24 5.169694491350503257e-11 1.720992656921966306e-05 3.329177023789626062e-05 4.028859276380589941e-05 4.382420746452414951e-05 4.620167716453953024e-05 4.815371059553576004e-05 4.980749826909917737e-05 5.139512188149272364e-05 5.284405776156982348e-05 5.388494158752849510e-05 5.497554108001717090e-05 5.621173194588158445e-05 5.745296545687770439e-05 5.863494432615420069e-05 5.970845080965793953e-05 6.059847592638475310e-05 6.126060329701457879e-05 6.178709200475672849e-05 6.232568665117412226e-05 6.292490746006664025e-05 6.357969355327353685e-05 6.424430208858311522e-05 6.489867486825749709e-05 6.553747055678700974e-05 6.615927314887770389e-05 6.676308036584464617e-05 6.734837771355556171e-05 6.792280612475863849e-05 6.849607701737581036e-05 6.908600267232718522e-05 6.974536978304216267e-05 7.052110686759264038e-05 7.128215886925947644e-05 7.182679002715950918e-05 7.228754545531253033e-05 7.274570151114907919e-05 7.323477334850492823e-05 7.375920808575378367e-05 7.430037110304773629e-05 7.483322580239211755e-05 7.533982874366930307e-05 7.581222836885408557e-05 7.625247419685631607e-05 7.666825046026163942e-05 7.706805993510671088e-05 7.746022639378404365e-05 7.784866702599761831e-05 7.823441521110482066e-05 7.861846703332806571e-05 7.899899467191202006e-05 7.937356242824290852e-05 7.973994711591668981e-05 8.009792142912138728e-05 8.044703340616173178e-05 8.078738941396909937e-05 8.111979790420395162e-05 8.144586126354898107e-05 8.176744631317622749e-05 8.208584534748420347e-05 8.240251018683330631e-05
0.000000000000000000e+00 4.670428259164190056e-262 5.134139656799063310e-173 1.120832067945955331e-121 6.392727956580930977e-86 1.027914342521727780e-58 6.182796824586346108e-37 5.192392029355329337e-19 4.770647692426397555e-06 3.268301511176502805e-05 4.201777678067343557e-05 4.595771685634395274e-05 4.853408545574856316e-05 5.055767164018790756e-05 5.230390025925129872e-05 5.383836343355099667e-05 5.526370140486118303e-05 5.672330109572602135e-05 5.768460881426512040e-05 5.857356672042021538e-05 5.971408848011789034e-05 6.092952395603242957e-05 6.210924680435986518e-05 6.320014666486789090e-05 6.414464255719147013e-05 6.486636389955783807e-05 6.536338388576284962e-05 6.578199809069250467e-05 6.626096008264143215e-05 6.681302926156484966e-05 6.741821183459872837e-05 6.803630611455228265e-05 6.864619850787492567e-05 6.924376609783568302e-05 6.982612425390897928e-05 7.039235844905258465e-05 7.094228517604931900e-05 7.148169258087119554e-05 7.201842193124428416e-05 7.256448604908401559e-05 7.317321988501377381e-05 7.392265261943951578e-05 7.472487170835630731e-05 7.529860550390265626e-05 7.574548771964432115e-05 7.614713084456635700e-05 7.655085402925289274e-05 7.698225855146813388e-05 7.744913475864712243e-05 7.794213846256634352e-05 7.844298087271085902e-05 7.893240597145905521e-05 7.939422728032237593e-05 7.982306429612404618e-05 8.022059777813719903e-05 8.059265750296803609e-05 8.094690406719893204e-05 8.129249338796722135e-05 8.163615242725205646e-05 8.198178076875581397e-05 8.233078869799763746e-05 8.268256741410824476e-05 8.303564178545866012e-05 8.338705087021828187e-05 8.373396747712126336e-05 8.407363376055341543e-05 8.440399950197390077e-05 8.472426916890593855e-05 8.503381752164994203e-05 8.533290067954701940e-05
0.000000000000000000e+00 4.343477901435962273e-237 7.406368216272242896e-148 2.047843758209060037e-96 1.634428545828391470e-60 3.451374131137795796e-33 1.204124659829830719e-11 3.035286329198291343e-05 4.539777043557869599e-05 5.005584236111095968e-05 5.241895883069382995e-05 5.426036923203563802e-05 5.591401657684512828e-05 5.738079575887019131e-05 5.878558313650623929e-05 5.996757840108556201e-05 6.138500729321684827e-05 6.232873193400979687e-05 6.296370003505226463e-05 6.392427460474786941e-05 6.508314385046829397e-05 6.624681443824028033e-05 6.733641457801617044e-05 6.830255640917742409e-05 6.908277562039026154e-05 6.961036831349698970e-05 6.994255170439342168e-05 7.026603375145567198e-05 7.069149743294953143e-05 7.119159710697169909e-05 7.174297220882035805e-05 7.230992161930562651e-05 7.287267586803517936e-05 7.342555532931937688e-05 7.396530205397018848e-05 7.449089586490982996e-05 7.500188537664472974e-05 7.550425320719590682e-05 7.600277200598814370e-05 7.650279187568421362e-05 7.705299353354526392e-05 7.775468559145272407e-05 7.858567615303176524e-05 7.920123649729089699e-05 7.966024742422507629e-05 8.004180732780312186e-05 8.039341959104150516e-05 8.074476081564237759e-05 8.111793360308788023e-05 8.152312263273838106e-05 8.195877159602313528e-05 8.241513111529649293e-05 8.287572370556366564e-05 8.332393145630800067e-05 8.374660145638585635e-05 8.413775098246533920e-05 8.449741653308563910e-05 8.482964022623014149e-05 8.514118306746083873e-05 8.543966923964957123e-05 8.573255469794527611e-05 8.602599382013362728e-05 8.632412969727221814e-05 8.662910175346717030e-05 8.694115847381437298e-05 8.725928826005859018e-05 8.758147952066534965e-05 8.790451215173493893e-05 8.822502484992108781e-05 8.853969595771936558e-05
0.000000000000000000e+00 3.617721846669648397e-203 8.771753714310674688e-114 3.627022337267503294e-62 3.331243003645743505e-26 1.884457009080326727e-05 5.159035288629924181e-05 5.684716488433915984e-05 5.861949056955668622e-05 6.003374113084493309e-05 6.141790166762398594e-05 6.275999017964837125e-05 6.387757693427814122e-05 6.512164387576080253e-05 6.597932813266817209e-05 6.724050487375479571e-05 6.821318481859965275e-05 6.859426312364076943e-05 6.923879911331342067e-05 7.027525911430177927e-05 7.139912913583964767e-05 7.247439161237830593e-05 7.343503337749594817e-05 7.423812201595065034e-05 7.481451109717223986e-05 7.511984990449313419e-05 7.528579178134873259e-05 7.552244519642422682e-05 7.588961043612282430e-05 7.632868297062304073e-05 7.681792957056549412e-05 7.732699349219299796e-05 7.783564153181911198e-05 7.833732938248810069e-05 7.882902929740108044e-05 7.930787578565943866e-05 7.977424190262476125e-05 8.023505985355084693e-05 8.069166906842961033e-05 8.114394933574717186e-05 8.162998435683061220e-05 8.226336745984946287e-05 8.309899124851641110e-05 8.376147739467844887e-05 8.424845423706294530e-05 8.463045332811638640e-05 8.495668943282383683e-05 8.525932199569411028e-05 8.555955974921289440e-05 8.587421135715848474e-05 8.621526200768148812e-05 8.658781529459739395e-05 8.698826375841915964e-05 8.740575909022601435e-05 8.782612616090710212e-05 8.823498173611978945e-05 8.862150622785265044e-05 8.897892396672803944e-05 8.930531144906833077e-05 8.960283839933632505e-05 8.987627639407749769e-05 9.013214041333008925e-05 9.037729107070228214e-05 9.061811930019934998e-05 9.086020243840572724e-05 9.110726181696789322e-05 9.136219486941579400e-05 9.162695586398119459e-05 9.190169992093528300e-05 9.218495109506771705e-05
0.000000000000000000e+00 3.348445141498282138e-153 1.305365158823943550e-63 2.208460086197550117e-12 6.951176858564564053e-05 7.099364115231555461e-05 6.964254677611731120e-05 6.951402080994191685e-05 7.006224436905149127e-05 7.087778964522497335e-05 7.179666878655674878e-05 7.256998706577887364e-05 7.359454768864549421e-05 7.411915725563911997e-05 7.504049113595171838e-05 7.603031706963632279e-05 7.625547968531593078e-05 7.640410956763126285e-05 7.718720465066511221e-05 7.822960675753301031e-05 7.927639927077909554e-05 8.022105182978699327e-05 8.101240575107698664e-05 8.160688594730132472e-05 8.192108556994073126e-05 8.196323211519173312e-05 8.195686296028583035e-05 8.210293416040492223e-05 8.239803110094970275e-05 8.275867430361226484e-05 8.317237748059124142e-05 8.361232532615219199e-05 8.405586571213745513e-05 8.449651190328612976e-05 8.492897777680640436e-05 8.535277318684700450e-05 8.576575507764381883e-05 8.617628826268985097e-05 8.658594980885955881e-05 8.698522714447741618e-05 8.740227439371703181e-05 8.795090856827170774e-05 8.876173864398667287e-05 8.947045598184918470e-05 8.999852013370538101e-05 9.039394488146510322e-05 9.070970428787334338e-05 9.098169605754232174e-05 9.123221408780043549e-05 9.147738002295778244e-05 9.173151487500575546e-05 9.200688490124020089e-05 9.231158677774895286e-05 9.264750252863558904e-05 9.300973968715149903e-05 9.338801851675344596e-05 9.376864375469764817e-05 9.413979879837659380e-05 9.449101418616244485e-05 9.481569756604162481e-05 9.511025267750294692e-05 9.537536065952012618e-05 9.561486215386526385e-05 9.583340457942920543e-05 9.603559024021251144e-05 9.622861446294940860e-05 9.641812551688309875e-05 9.660767080260132371e-05 9.680285169721991080e-05 9.700659217507957431e-05
0.000000000000000000e+00 9.964334975942862967e-65 3.026177250931949819e-03 1.303194314390996125e-04 9.859603954958897536e-05 9.048151647434436078e-05 8.760524569444208532e-05 8.653178710528916496e-05 8.625347336607993816e-05 8.630291195021354755e-05 8.644478734654710529e-05 8.697931689300941412e-05 8.725500395830319876e-05 8.743804657054323750e-05 8.832870182409844218e-05 8.853017039361292355e-05 8.797974911119652833e-05 8.818947068002146660e-05 8.906733462402326672e-05 9.008556692801881485e-05 9.103375034378892721e-05 9.181571607329778561e-05 9.239223877695580082e-05 9.269261509490011642e-05 9.262163368796220411e-05 9.230250031276003716e-05 9.207494943639591692e-05 9.209590895979509148e-05 9.228506794797503401e-05 9.253892454904563995e-05 9.285524657057492965e-05 9.320741422431607932e-05 9.357034944107931720e-05 9.393453415748320441e-05 9.429509146269999403e-05 9.464946689995279027e-05 9.499635282133823608e-05 9.534634651754273274e-05 9.569907744958453975e-05 9.603653664124317524e-05 9.637791534220446028e-05 9.683605411325340781e-05 9.761785567858249826e-05 9.838918550454925826e-05 9.898766904793109011e-05 9.941999377387270010e-05 9.973568397166770755e-05 9.998039431199543751e-05 1.001850658095409938e-04 1.003685701451738962e-04 1.005443454943227312e-04 1.007267997376234123e-04 1.009280570250688507e-04 1.011570660020993961e-04 1.014211824337523532e-04 1.017184559182582424e-04 1.020431996015998277e-04 1.023849031256765258e-04 1.027295886888569647e-04 1.030664517768882033e-04 1.033826329637528975e-04 1.036734970719803596e-04 1.039330472920047265e-04 1.041629891325556302e-04 1.043637169804538658e-04 1.045412182229799568e-04 1.046978346855929317e-04 1.048420002521021824e-04 1.049763709414386093e-04 1.051086033789684089e-04
0.000000000000000000e+00 9.384583777721491327e-01 3.581445748481929536e-01 3.857558357312024450e-04 2.124385178806961869e-04 1.710866105738311133e-04 1.529380332896795847e-04 1.427585360982736745e-04 1.362295729548264052e-04 1.325711270989889145e-04 1.285379083927226619e-04 1.273364190082071205e-04 1.240431129302278638e-04 1.232600497137884606e-04 1.226543071256687369e-04 1.199769140964352954e-04 1.174457523195561372e-04 1.171817192028171487e-04 1.177971343529097355e-04 1.185126101307571350e-04 1.190236738200894082e-04 1.192119670342460362e-04 1.190179291793635265e-04 1.182644296769473879e-04 1.168861206080490660e-04 1.153812419002211119e-04 1.143357448656233595e-04 1.137910865717553884e-04 1.135068923722577468e-04 1.133230960845698243e-04 1.132502853152402396e-04 1.132524606011128527e-04 1.132897843199600453e-04 1.133467645882264537e-04 1.134153335778656854e-04 1.134909681525771499e-04 1.135706436731549090e-04 1.136703085297609039e-04 1.137868169015956689e-04 1.138856868318391765e-04 1.139773753184636417e-04 1.141940208041621155e-04 1.148773126119804555e-04 1.156930153349091696e-04 1.163414065548193539e-04 1.167546738768956917e-04 1.169737143596709649e-04 1.170651327647172479e-04 1.170817321780239656e-04 1.170574159905709161e-04 1.170139287332606383e-04 1.169678529907376203e-04 1.169344385288708927e-04 1.169284125447354227e-04 1.169624538505515375e-04 1.170449449320368050e-04 1.171778694578431718e-04 1.173563102376433068e-04 1.175695991937006233e-04 1.178026579503365691e-04 1.180399687283720277e-04 1.182665133008302622e-04 1.184706510151325044e-04 1.186443114287241425e-04 1.187839203797107359e-04 1.188890406782071877e-04 1.189621720187602696e-04 1.190078482214044586e-04 1.190316456487933600e-04 1.190397592893729901e-04
0.000000000000000000e+00 9.277342080100563493e-01 2.932040245367325548e-01 3.467367959643354535e-04 2.042034670908813502e-04 1.673022476926865705e-04 1.506392925344013985e-04 1.413444258712986013e-04 1.351809018408866268e-04 1.312681651814486016e-04 1.282703648497991798e-04 1.265206954226865061e-04 1.236015983077538025e-04 1.231959717285599921e-04 1.221215669895990617e-04 1.190811841487397755e-04 1.172440550647619586e-04 1.173568429316071703e-04 1.180208751801017816e-04 1.186693809560894806e-04 1.190628009270463844e-04 1.191202834154420461e-04 1.187533214435276721e-04 1.177700837374297564e-04 1.162886908113667508e-04 1.149356878223179378e-04 1.141115256011709770e-04 1.136938519752730969e-04 1.134567143972589528e-04 1.132900559494914535e-04 1.132264578227777386e-04 1.132352931482780953e-04 1.132774381599126694e-04 1.133378981694881002e-04 1.134092043484888931e-04 1.134873233577176970e-04 1.135695699037673627e-04 1.136737875587509421e-04 1.137971272094072552e-04 1.138993260742745303e-04 1.139768120115949618e-04 1.141186079930687944e-04 1.146292699668385195e-04 1.153550153539164034e-04 1.160229891722163809e-04 1.165091849216690745e-04 1.168057864549955458e-04 1.169592480030839601e-04 1.170204458512967875e-04 1.170269569614836621e-04 1.170032457544608939e-04 1.169661166977651576e-04 1.169293400151270613e-04 1.169060342219268824e-04 1.169088172005651108e-04 1.169484472063122708e-04 1.170319880866094788e-04 1.171611973425756154e-04 1.173317989443282760e-04 1.175348642096111574e-04 1.177576523910704915e-04 1.179863500624392597e-04 1.182076011459417972e-04 1.184102059771601325e-04 1.185862426745205807e-04 1.187314668641203599e-04 1.188444627753640120e-04 1.189264976306483374e-04 1.189809624557389020e-04 1.190124131086033336e-04
0.000000000000000000e+00 9.139841053961614836e-01 2.104146486397972249e-01 3.128731290745561354e-04 1.962215872764168183e-04 1.635183205784948232e-04 1.484110235513343438e-04 1.399369883860644096e-04 1.344077543048040725e-04 1.299241925628164527e-04 1.280234721728363157e-04 1.254923982719318971e-04 1.233714488242763235e-04 1.230398812877847722e-04 1.213480686446471405e-04 1.183006701482204880e-04 1.172091553733368860e-04 1.175682254512566319e-04 1.182339101709185640e-04 1.187873635260058061e-04 1.190506521131829857e-04 1.189624350231188092e-04 1.183884745940088598e-04 1.171884932442122148e-04 1.157071164754839296e-04 1.145701927814095383e-04 1.139437488991397132e-04 1.136174411966727626e-04 1.134124105755862020e-04 1.132589757092604627e-04 1.132037647902657513e-04 1.132188512075553953e-04 1.132653520961781214e-04 1.133288145744284814e-04 1.134024542389889753e-04 1.134827796271307119e-04 1.135674501647659836e-04 1.136764868329036347e-04 1.138079697860373802e-04 1.139166041306331452e-04 1.139880759911915094e-04 1.140767010668047713e-04 1.144302568786630488e-04 1.150336968409810986e-04 1.156794800593073847e-04 1.162167054826855622e-04 1.165893988639712616e-04 1.168131727725270195e-04 1.169288753650475269e-04 1.169747880873689048e-04 1.169785447136184939e-04 1.169587437834613625e-04 1.169288956928305357e-04 1.169005841433966942e-04 1.168850429884171912e-04 1.168930960040978807e-04 1.169339801565538343e-04 1.170139718370674577e-04 1.171349265145869693e-04 1.172938895663422766e-04 1.174837571434119723e-04 1.176939856762065890e-04 1.179124566284125503e-04 1.181273664838354960e-04 1.183283162466196672e-04 1.185072693318264765e-04 1.186591370155666884e-04 1.187813656342829146e-04 1.188743369723412936e-04 1.189398536294665725e-04
0.000000000000000000e+00 8.958721441247622375e-01 8.301344108068366145e-02 2.833297510634341263e-04 1.884500417264207668e-04 1.596994838715172526e-04 1.461116859604274143e-04 1.381926240378437054e-04 1.335207815601421075e-04 1.289123871523508021e-04 1.275186835745456494e-04 1.244918260545077669e-04 1.232599817846170040e-04 1.227186923260281442e-04 1.203600480754016304e-04 1.177457058435196107e-04 1.172998299413080504e-04 1.177977935447888368e-04 1.184212333142753534e-04 1.188547311776141799e-04 1.189766898790766157e-04 1.187182611141150820e-04 1.179073355923678814e-04 1.165501690163599495e-04 1.151838217058219813e-04 1.142882255129625392e-04 1.138189222550710860e-04 1.135545213140732668e-04 1.133720090303918566e-04 1.132293916906582435e-04 1.131819601229666313e-04 1.132028398543885134e-04 1.132531227428888320e-04 1.133190254702498958e-04 1.133945424586289656e-04 1.134767417183753810e-04 1.135636309163004016e-04 1.136776403276004889e-04 1.138183865197547878e-04 1.139361669586663490e-04 1.140081438580263452e-04 1.140621345630334928e-04 1.142842976924355274e-04 1.147480751226762340e-04 1.153289777113664891e-04 1.158833146328666370e-04 1.163197210385389702e-04 1.166172817858891764e-04 1.167970515131608431e-04 1.168923230020040005e-04 1.169321850900249560e-04 1.169377877177833443e-04 1.169238587994296606e-04 1.169015385603031765e-04 1.168806355836107585e-04 1.168706809219301256e-04 1.168809310435535659e-04 1.169194761962570107e-04 1.169920664728360727e-04 1.171010575590432818e-04 1.172449119571756870e-04 1.174182646875065382e-04 1.176129787791927031e-04 1.178188490713030420e-04 1.180257347548856732e-04 1.182236900340420953e-04 1.184047567798711642e-04 1.185632873129505133e-04 1.186957290746922617e-04 1.188010632513231547e-04
0.000000000000000000e+00 8.711478866792128350e-01 6.531903512057405520e-03 2.573225646871144922e-04 1.808417251808389070e-04 1.558863394605083865e-04 1.435861550229216275e-04 1.362553174746952169e-04 1.320520832203123573e-04 1.283576787201832776e-04 1.265497194364616012e-04 1.237715767760096889e-04 1.231441448128220515e-04 1.221332249394630430e-04 1.192966218835379562e-04 1.174599763426034731e-04 1.174728313002091062e-04 1.180262217916724010e-04 1.185653873965731680e-04 1.188586134436094195e-04 1.188252796086530322e-04 1.183609422960584136e-04 1.173100641628903600e-04 1.159065855739761607e-04 1.147506510146714491e-04 1.140803642934555280e-04 1.137235086739318829e-04 1.135000489540363483e-04 1.133343115215818014e-04 1.132009761853211360e-04 1.131607929424448939e-04 1.131869185196642962e-04 1.132402891885620334e-04 1.133079907158992020e-04 1.133848759794427749e-04 1.134685613727615003e-04 1.135573985962644040e-04 1.136763866621574116e-04 1.138273010166382713e-04 1.139566598510692428e-04 1.140345752414990738e-04 1.140689305809499375e-04 1.141900403920064063e-04 1.145141709166852187e-04 1.149947235045630406e-04 1.155237674846370665e-04 1.159979531276162957e-04 1.163631184993600340e-04 1.166133086024457791e-04 1.167683235230267726e-04 1.168544253322697195e-04 1.168943328794073299e-04 1.169048691080008763e-04 1.168981064400623758e-04 1.168833869173914220e-04 1.168689812284385416e-04 1.168629300803274048e-04 1.168731118214794617e-04 1.169066214054132185e-04 1.169688823656251682e-04 1.170628618467741891e-04 1.171882743972038420e-04 1.173419398204963559e-04 1.175178381011050024e-04 1.177078906842518201e-04 1.179034817688087380e-04 1.180957538382129218e-04 1.182767719101869238e-04 1.184408863562237121e-04 1.185833024268883413e-04
0.000000000000000000e+00 8.357367019468381342e-01 1.189201936625955370e-03 2.341439404959308338e-04 1.733430181266752744e-04 1.519486794342919526e-04 1.412382528814156964e-04 1.347648647522565904e-04 1.301880481284888188e-04 1.279371261613653768e-04 1.252333208193668799e-04 1.233906620342172650e-04 1.229013008116313494e-04 1.211980639519050245e-04 1.183859206780367104e-04 1.174099172908530709e-04 1.176907365867957010e-04 1.182301282971501234e-04 1.186467218394294046e-04 1.187835158919742993e-04 1.185714840507742356e-04 1.178639908849945595e-04 1.166274051512413253e-04 1.153186170136948259e-04 1.144194664162563287e-04 1.139291182556877126e-04 1.136465484350010155e-04 1.134508953542808895e-04 1.132985644523223511e-04 1.131734571223441232e-04 1.131400102483785390e-04 1.131706767404775017e-04 1.132263067385707038e-04 1.132951022692123505e-04 1.133727972371275766e-04 1.134575212700965265e-04 1.135479558105299824e-04 1.136717592272976248e-04 1.138334629680965777e-04 1.139765613672700731e-04 1.140652162380296792e-04 1.140918803487268217e-04 1.141418025586962075e-04 1.143416859621413186e-04 1.147010827245095732e-04 1.151620643818869130e-04 1.156350818571770967e-04 1.160477419704407034e-04 1.163659106361137854e-04 1.165885141262557853e-04 1.167319521914345640e-04 1.168168222395290281e-04 1.168612938752009123e-04 1.168791816227437308e-04 1.168807022334040005e-04 1.168738086226617402e-04 1.168654698097821963e-04 1.168624051600975904e-04 1.168712299899941849e-04 1.168981518739376657e-04 1.169482881772666014e-04 1.170250166534921282e-04 1.171295305619226798e-04 1.172602300962140672e-04 1.174135812560543515e-04 1.175836827587914548e-04 1.177635734323844525e-04 1.179459026466137277e-04 1.181231725817355444e-04 1.182896234675643785e-04
0.000000000000000000e+00 7.814023701350788498e-01 5.768034753879329847e-04 2.131661647621095666e-04 1.658824491442174864e-04 1.480105292462717678e-04 1.387744941039378691e-04 1.334149515640769038e-04 1.287862855281798858e-04 1.270387106367504260e-04 1.240711457016714972e-04 1.231693616677789088e-04 1.223804745700239074e-04 1.199749645070620409e-04 1.178193915530456745e-04 1.175193873757430797e-04 1.179184203924962099e-04 1.183805698051963821e-04 1.186430860795801049e-04 1.186069075763263573e-04 1.181786117794824802e-04 1.172203055606085598e-04 1.159261466405616059e-04 1.148357615553825383e-04 1.141804105085248724e-04 1.138155175813983206e-04 1.135805682333502456e-04 1.134052026879151063e-04 1.132642264552848136e-04 1.131465758176340703e-04 1.131192974097836078e-04 1.131536020496158010e-04 1.132105466537234223e-04 1.132796767530621024e-04 1.133575727931973869e-04 1.134428223203751260e-04 1.135344042629839699e-04 1.136626441101074649e-04 1.138353783797254438e-04 1.139940343031732372e-04 1.140978543832185541e-04 1.141266925226215351e-04 1.141315180652417699e-04 1.142324422912432893e-04 1.144686640985999803e-04 1.148280575659449773e-04 1.152545257915639927e-04 1.156787296391221511e-04 1.160479945864210970e-04 1.163377405047363947e-04 1.165473105443859360e-04 1.166889939495209739e-04 1.167788992204609497e-04 1.168317410891227877e-04 1.168593041185106077e-04 1.168704335952233084e-04 1.168720497505289072e-04 1.168700663706842823e-04 1.168700382553728524e-04 1.168774435275025795e-04 1.168975723376434675e-04 1.169351598473367739e-04 1.169938059784549116e-04 1.170757956293859284e-04 1.171811568759605066e-04 1.173083058740462747e-04 1.174538127932291126e-04 1.176125692956991355e-04 1.177789071995681222e-04 1.179466228121441550e-04
0.000000000000000000e+00 6.882653338567668033e-01 3.916560175565611231e-04 1.937986400405917510e-04 1.583423360994613144e-04 1.437700679352632506e-04 1.357909286705588549e-04 1.310486272602709695e-04 1.280218971689169299e-04 1.254102905374269690e-04 1.234227007265651635e-04 1.228392629779610161e-04 1.213869533503679618e-04 1.187920234602452994e-04 1.176234848738786596e-04 1.177108141643571444e-04 1.181144456955420110e-04 1.184423152104711028e-04 1.185267307076337605e-04 1.182909045568974105e-04 1.176074523100131478e-04 1.164700902588486819e-04 1.152925252980490029e-04 1.144764849738740681e-04 1.140094773266416174e-04 1.137241920433991655e-04 1.135210403860664659e-04 1.133617778090472192e-04 1.132308146823122780e-04 1.131200399404714093e-04 1.130982442647161676e-04 1.131350383967517817e-04 1.131922542863974363e-04 1.132609160322749458e-04 1.133383482541296540e-04 1.134235110511734270e-04 1.135156662442966569e-04 1.136476856306149774e-04 1.138312040807213993e-04 1.140067511093844255e-04 1.141298377602364316e-04 1.141696209047291183e-04 1.141507147938049661e-04 1.141810431016807768e-04 1.143091879308875464e-04 1.145517854317613319e-04 1.148905879811691849e-04 1.152791783339655201e-04 1.156641844135109876e-04 1.160048333118662975e-04 1.162804196002894283e-04 1.164883477174376340e-04 1.166365529948618969e-04 1.167372278204571918e-04 1.168024934962824917e-04 1.168424888374172720e-04 1.168651764846352013e-04 1.168767454030789798e-04 1.168823188753277372e-04 1.168865179470707363e-04 1.168937940099652468e-04 1.169085146226414974e-04 1.169348420494580358e-04 1.169763333199722900e-04 1.170357747993163599e-04 1.171146485332149413e-04 1.172129729391714912e-04 1.173294033319660255e-04 1.174613772781739855e-04 1.176046411606759373e-04
0.000000000000000000e+00 4.922396921034586925e-01 2.755759525625814019e-04 1.753559574810469805e-04 1.505170395721335431e-04 1.395257717253247742e-04 1.334311699154953738e-04 1.287721304072826081e-04 1.266626986861345977e-04 1.238958463974484990e-04 1.230044968227841018e-04 1.220854527542503175e-04 1.199240869162270629e-04 1.180546285469144725e-04 1.176772148477776353e-04 1.179117384129773597e-04 1.182230611250764863e-04 1.183704829063223450e-04 1.182529177183600373e-04 1.177751497325358894e-04 1.168516439371316271e-04 1.157128753918433838e-04 1.147927256963641746e-04 1.142238491854315614e-04 1.138802913651454851e-04 1.136449296683166520e-04 1.134651660594692340e-04 1.133196015427033752e-04 1.131977459318416927e-04 1.130934347116897099e-04 1.130762343464352824e-04 1.131141010550567395e-04 1.131704502592488872e-04 1.132377739462995316e-04 1.133139743491915163e-04 1.133983009069501147e-04 1.134902727067661852e-04 1.136250413688076009e-04 1.138184362368377774e-04 1.140115471852531931e-04 1.141575860574212863e-04 1.142167426489266541e-04 1.141919021689747710e-04 1.141777946979418128e-04 1.142235429918812562e-04 1.143553497910619317e-04 1.145820400847272669e-04 1.148880252801033028e-04 1.152382707749897208e-04 1.155916905074289708e-04 1.159145556164833794e-04 1.161870247002211613e-04 1.164029225197309359e-04 1.165657246576397548e-04 1.166837391990924877e-04 1.167666187891501143e-04 1.168231287450721689e-04 1.168605871259246901e-04 1.168847840214366681e-04 1.169003782312748275e-04 1.169113331617365674e-04 1.169212796599722505e-04 1.169337146813580663e-04 1.169520565368166248e-04 1.169795149141468900e-04 1.170189162630733316e-04 1.170724523654418785e-04 1.171414830219300523e-04 1.172263104124940408e-04 1.173261875567303136e-04
0.000000000000000000e+00 7.704270939626599876e-04 1.956118753689294098e-04 1.560401453989042103e-04 1.416786880928517752e-04 1.343460819685446948e-04 1.294701663821149732e-04 1.270442196061013823e-04 1.242556663048794167e-04 1.230346469301249500e-04 1.221281675193527396e-04 1.204856595414611413e-04 1.185897536125583293e-04 1.178298800238360968e-04 1.178234693433262615e-04 1.180252905086444121e-04 1.181559206550359954e-04 1.180821922158973723e-04 1.177198644116478403e-04 1.169835706713782367e-04 1.159806866862332230e-04 1.150624031989987692e-04 1.144337218483117629e-04 1.140389018318665304e-04 1.137711611474518877e-04 1.135704100514676871e-04 1.134099723963802385e-04 1.132768696715296330e-04 1.131636926424340228e-04 1.130657111110506077e-04 1.130518870193107032e-04 1.130890310533856803e-04 1.131431770141592144e-04 1.132080804930712378e-04 1.132820226019944445e-04 1.133644635206890021e-04 1.134551505287254068e-04 1.135909842064347771e-04 1.137923394341995088e-04 1.140028723743533490e-04 1.141753023166372429e-04 1.142629159502545381e-04 1.142492342657155062e-04 1.142130859535208433e-04 1.142044235374440280e-04 1.142474230977165764e-04 1.143604389791679941e-04 1.145510353273206805e-04 1.148109064941528061e-04 1.151172546155121890e-04 1.154398557565064189e-04 1.157501973905716153e-04 1.160275855694812289e-04 1.162612738084961843e-04 1.164490983964183691e-04 1.165946063397914204e-04 1.167043075993845616e-04 1.167853517773988914e-04 1.168443600914508197e-04 1.168869434384804337e-04 1.169176751270019165e-04 1.169402807208217392e-04 1.169579154912240741e-04 1.169734216221447151e-04 1.169894753338653141e-04 1.170086528158796027e-04 1.170334068346393438e-04 1.170659777419973422e-04 1.171082449673224458e-04 1.171616368948401560e-04
-1.000000000000000000e+00 -1.000000000000000000e+00 1.520000137633835890e-04 1.397888664086225101e-04 1.332441344508934528e-04 1.289109353492853675e-04 1.263529986669397929e-04 1.239761573431363839e-04 1.227536320720762060e-04 1.216987715279115582e-04 1.202192686679953850e-04 1.188413325735276324e-04 1.180456281861904288e-04 1.178213067209123226e-04 1.178480044251904393e-04 1.178821513279553146e-04 1.177814669166467744e-04 1.174603161809715450e-04 1.168585499303318478e-04 1.160362637949951506e-04 1.152243965803456232e-04 1.146060904599952008e-04 1.141852651976215722e-04 1.138920413725430189e-04 1.136726085624162178e-04 1.134984610861086013e-04 1.133548285142982234e-04 1.132332581756050993e-04 1.131284053509860990e-04 1.130366439173617122e-04 1.130243514048074683e-04 1.130586640755910265e-04 1.131091035648973441e-04 1.131702821901836169e-04 1.132406537782256552e-04 1.133197951915763946e-04 1.134076471674291505e-04 1.135417921939005825e-04 1.137471279265801977e-04 1.139726006784422474e-04 1.141726605500068676e-04 1.142965028180918961e-04 1.143112382062999241e-04 1.142740411642649464e-04 1.142389271374622347e-04 1.142267238822634715e-04 1.142531258262932919e-04 1.143317148421593840e-04 1.144712146164768209e-04 1.146715293626757783e-04 1.149220682364645289e-04 1.152040320852571300e-04 1.154954343245433488e-04 1.157758802007664216e-04 1.160304784920630685e-04 1.162509152232070963e-04 1.164343484019217368e-04 1.165827517229424821e-04 1.167000803225238642e-04 1.167915319857547920e-04 1.168621945042504543e-04 1.169167310279480042e-04 1.169589697858101153e-04 1.169921507529274963e-04 1.170189786500817463e-04 1.170417512388523956e-04 1.170625413453175296e-04 1.170832762497981056e-04 1.171057848779891782e-04 1.171317469178334916e-04
-1.000000000000000000e+00 -1.000000000000000000e+00 -1.000000000000000000e+00 1.321588409632798390e-04 1.283345646917595474e-04 1.257601526257784593e-04 1.237122573404581850e-04 1.224175240473794558e-04 1.213087838931592715e-04 1.200463611894402770e-04 1.189246306665690730e-04 1.182323278471207102e-04 1.178485105467323599e-04 1.177007333626279098e-04 1.176255455872762980e-04 1.174870526414271011e-04 1.171978082608728729e-04 1.167086323767061161e-04 1.160477668357341079e-04 1.153531768249140232e-04 1.147682893980543720e-04 1.143342139743775570e-04 1.140187468652346882e-04 1.137805702731086680e-04 1.135920279763336717e-04 1.134371739953241758e-04 1.133066055873329546e-04 1.131943672633460650e-04 1.130964321364919981e-04 1.130099421706897751e-04 1.129974159824209023e-04 1.130278381918861793e-04 1.130739944283905643e-04 1.131309299200334423e-04 1.131971363468792425e-04 1.132722331042088369e-04 1.133562763491609114e-04 1.134863013927850687e-04 1.136907841385349511e-04 1.139255887851250976e-04 1.141484778815941923e-04 1.143069434357710880e-04 1.143567243929276012e-04 1.143322728999810308e-04 1.142920814934319124e-04 1.142570120819647695e-04 1.142396946307051847e-04 1.142509575182253518e-04 1.143013729350984408e-04 1.143998111060254031e-04 1.145505204818327965e-04 1.147508006893752054e-04 1.149906074303148234e-04 1.152547736715353838e-04 1.155262250802316658e-04 1.157891875129494889e-04 1.160318373391314639e-04 1.162466960674847093e-04 1.164308048661892624e-04 1.165845665282116929e-04 1.167105355455421838e-04 1.168124743005489015e-04 1.168943726435545729e-04 1.169600416974616100e-04 1.170130034835209796e-04 1.170560582035493736e-04 1.170916765790435034e-04 1.171218878847271860e-04 1.171484609141362819e-04 1.171729572362474299e-04
-1.000000000000000000e+00 -1.000000000000000000e+00 -1.000000000000000000e+00 -1.000000000000000000e+00 1.252709827872773389e-04 1.234224987097013143e-04 1.220766996502182556e-04 1.209897180235649654e-04 1.199263750062416257e-04 1.189782269182424547e-04 1.183004205608873059e-04 1.178755657977292171e-04 1.175881028852665495e-04 1.174019339208834004e-04 1.172166718741933359e-04 1.169482543447036566e-04 1.165482181649439108e-04 1.160211573532578033e-04 1.154413102779877593e-04 1.149087791883144478e-04 1.144781331931112278e-04 1.141476764656026397e-04 1.138926874015806301e-04 1.136898890775976510e-04 1.135234775085716821e-04 1.133834763057639088e-04 1.132634239131735150e-04 1.131589240210870384e-04 1.130668515856587654e-04 1.129849070741040213e-04 1.129709688796143259e-04 1.129970096650845582e-04 1.130386008620393884e-04 1.130909984622342139e-04 1.131526631235958328e-04 1.132232072531414574e-04 1.133027397704583586e-04 1.134266262767857561e-04 1.136258189540313907e-04 1.138641216679064146e-04 1.141041549559649877e-04 1.142934020708922442e-04 1.143797042673278295e-04 1.143753327326585390e-04 1.143418345021435706e-04 1.143013925246365352e-04 1.142657743735337524e-04 1.142433478847474954e-04 1.142419466589309656e-04 1.142699763955068725e-04 1.143357670664480884e-04 1.144456513177945309e-04 1.146016026642925442e-04 1.148000226822406330e-04 1.150319952714975584e-04 1.152848201847601585e-04 1.155444299233566709e-04 1.157980351859345610e-04 1.160352760842758119e-04 1.162494551395279045e-04 1.164373062929980007e-04 1.165980526850433913e-04 1.167333699156647181e-04 1.168458521305590369e-04 1.169386252165278934e-04 1.170150442968777472e-04 1.170781284510051014e-04 1.171305467760177849e-04 1.171745498337380554e-04 1.172120830849690553e-04
-1.000000000000000000e+00 -1.000000000000000000e+00 -1.000000000000000000e+00 -1.000000000000000000e+00 -1.000000000000000000e+00 1.217758002140113246e-04 1.207260274392708897e-04 1.198094861690478003e-04 1.189845546862539169e-04 1.183199320315106619e-04 1.178384707534124400e-04 1.174990482455281452e-04 1.172227525675106793e-04 1.169859608706591813e-04 1.167246485073889460e-04 1.163892295632772416e-04 1.159663764240930210e-04 1.154889583323431585e-04 1.150193494156743774e-04 1.146085282553380299e-04 1.142735004438919557e-04 1.140061131465239350e-04 1.137905003388180181e-04 1.136128324304632332e-04 1.134632892470124985e-04 1.133351715134176565e-04 1.132238173205459426e-04 1.131258764456299508e-04 1.130388692389136876e-04 1.129609146008200490e-04 1.129449464183674036e-04 1.129665051236837953e-04 1.130034819814767995e-04 1.130512426632475815e-04 1.131081975323418309e-04 1.131739153192292741e-04 1.132485068948653532e-04 1.133648348921687806e-04 1.135550990275263655e-04 1.137912392270511955e-04 1.140421386299143955e-04 1.142570676284346726e-04 1.143781940710786061e-04 1.143970430266213784e-04 1.143766986304479440e-04 1.143405915603359197e-04 1.143006474921961038e-04 1.142643940221423901e-04 1.142376783787326343e-04 1.142263455972435858e-04 1.142371024649396609e-04 1.142773891058704257e-04 1.143541078916033085e-04 1.144718995537894173e-04 1.146315344074293543e-04 1.148290620426220109e-04 1.150564012757177500e-04 1.153027188766501309e-04 1.155560459688697455e-04 1.158054263942010685e-04 1.160416081141843161e-04 1.162582395247504271e-04 1.164517044996883638e-04 1.166206884279520601e-04 1.167658657686317374e-04 1.168890324738903422e-04 1.169927215642912755e-04 1.170796711381776744e-04 1.171526456201380455e-04 1.172141335376265467e-04
-1.000000000000000000e+00 -1.000000000000000000e+00 -1.000000000000000000e+00 -1.000000000000000000e+00 -1.000000000000000000e+00 -1.000000000000000000e+00 -1.000000000000000000e+00 1.189358977677842797e-04 1.182995034727742274e-04 1.177845275791753024e-04 1.173899404098637341e-04 1.170854459312860324e-04 1.168055149086356172e-04 1.165373654470757304e-04 1.162419015805744664e-04 1.158945574281116568e-04 1.155017419516339111e-04 1.150966045646136053e-04 1.147179526076398036e-04 1.143898043138979873e-04 1.141166818238258226e-04 1.138913327272046862e-04 1.137036567700223108e-04 1.135449933914348624e-04 1.134088662188073853e-04 1.132905533748784126e-04 1.131865746125159858e-04 1.130943154323868060e-04 1.130117738253762872e-04 1.129373900991971871e-04 1.129192273886444204e-04 1.129364684122040211e-04 1.129689605420609904e-04 1.130121586450691086e-04 1.130644172590190713e-04 1.131252422621462691e-04 1.131947117075927088e-04 1.133027119595389248e-04 1.134814925739758906e-04 1.137104914280519322e-04 1.139657062061384191e-04 1.142002808464696130e-04 1.143526605383778929e-04 1.143951881895559846e-04 1.143911247009118650e-04 1.143647407908944519e-04 1.143282494117715570e-04 1.142891251294638139e-04 1.142525105966246495e-04 1.142226522069297986e-04 1.142039847196467433e-04 1.142018464888693420e-04 1.142226189711111875e-04 1.142730002654531547e-04 1.143587930454189580e-04 1.144833560475697992e-04 1.146465868150941972e-04 1.148445094763352926e-04 1.150699513647848222e-04 1.153131504730092006e-04 1.155640566138242583e-04 1.158124647963850096e-04 1.160502968710441747e-04 1.162714331915568023e-04 1.164717954461636391e-04 1.166498003693025592e-04 1.168052754620213610e-04 1.169394184502114519e-04 1.170541431869617934e-04 1.171516748362883350e-04
-1.000000000000000000e+00 -1.000000000000000000e+00 -1.000000000000000000e+00 -1.000000000000000000e+00 -1.000000000000000000e+00 -1.000000000000000000e+00 -1.000000000000000000e+00 -1.000000000000000000e+00 1.177305404259650458e-04 1.172987222382548665e-04 1.169536293400212618e-04 1.166726029078261998e-04 1.163934450562601104e-04 1.161152675013021375e-04 1.158166138723499021e-04 1.154881098223608572e-04 1.151416277752359709e-04 1.148014686318529559e-04 1.144901693006288105e-04 1.142191641041422068e-04 1.139887472754545897e-04 1.137934905064851872e-04 1.136268847539985118e-04 1.134832768137891733e-04 1.133582017369337525e-04 1.132482130579479362e-04 1.131506464785529405e-04 1.130634241094856743e-04 1.129849073367945390e-04 1.129137888612762367e-04 1.128935804975020958e-04 1.129068472808327807e-04 1.129351275848984858e-04 1.129739738878622179e-04 1.130216956785714318e-04 1.130777305719472326e-04 1.131420977643129571e-04 1.132415769012538415e-04 1.134074408145220716e-04 1.136254333969510691e-04 1.138786883618030202e-04 1.141261541715186620e-04 1.143049087433399590e-04 1.143698906123237735e-04 1.143831131145594052e-04 1.143691903876816287e-04 1.143405022787420965e-04 1.143046205840683412e-04 1.142665824768225054e-04 1.142300703739096169e-04 1.141982552335957804e-04 1.141745321050092869e-04 1.141631386597638580e-04 1.141693686708475505e-04 1.141992856390823422e-04 1.142588809896251671e-04 1.143529971207688661e-04 1.144839850295462330e-04 1.146512357629736212e-04 1.148508817126153405e-04 1.150762140659821787e-04 1.153187896600161373e-04 1.155694598370543840e-04 1.158193242713675400e-04 1.160604897242698816e-04 1.162872886832388872e-04 1.164955806039631161e-04 1.166831029030277812e-04 1.168492674665107641e-04 1.169945750804916618e-04
-1.000000000000000000e+00 -1.000000000000000000e+00 -1.000000000000000000e+00 -1.000000000000000000e+00 -1.000000000000000000e+00 -1.000000000000000000e+00 -1.000000000000000000e+00 -1.000000000000000000e+00 -1.000000000000000000e+00 1.168590273636653569e-04 1.165492728268116779e-04 1.162897564500615634e-04 1.160167676923242564e-04 1.157425368873156695e-04 1.154571828325914764e-04 1.151583627098013866e-04 1.148568804783149042e-04 1.145690616098410966e-04 1.143077380479417605e-04 1.140779997713331706e-04 1.138788018832895835e-04 1.137063747267542637e-04 1.135564755384859710e-04 1.134252869378252313e-04 1.133096274801244553e-04 1.132069166821159431e-04 1.131150774246524542e-04 1.130324361433058899e-04 1.129576377741914735e-04 1.128895777280724633e-04 1.128676667715196454e-04 1.128774149078431326e-04 1.129018590002973206e-04 1.129366666387125929e-04 1.129801203342120831e-04 1.130315900479569825e-04 1.130910282722253458e-04 1.131821974262889281e-04 1.133346344331778911e-04 1.135390242656951373e-04 1.137849292453473298e-04 1.140382607098506618e-04 1.142373976620928138e-04 1.143224419354794708e-04 1.143525769636250617e-04 1.143521946007811736e-04 1.143336071673913879e-04 1.143044273764828585e-04 1.142697324032835964e-04 1.142330920838488490e-04 1.141972269803389207e-04 1.141645421874829528e-04 1.141376744341162020e-04 1.141199447275617065e-04 1.141156650237391894e-04 1.141300583016861852e-04 1.141688130664507775e-04 1.142371943733558142e-04 1.143391403310628550e-04 1.144763823909841180e-04 1.146479529926419828e-04 1.148500615836394465e-04 1.150766388764260943e-04 1.153201980365947731e-04 1.155720989640893757e-04 1.158246709173545581e-04 1.160705178157410693e-04 1.163038235071730446e-04 1.165205359427508341e-04 1.167179649938380527e-04
-1.000000000000000000e+00 -1.000000000000000000e+00 -1.000000000000000000e+00 -1.000000000000000000e+00 -1.000000000000000000e+00 -1.000000000000000000e+00 -1.000000000000000000e+00 -1.000000000000000000e+00 -1.000000000000000000e+00 -1.000000000000000000e+00 1.161851626686272794e-04 1.159470249013032210e-04 1.156808976273596931e-04 1.154168232427782626e-04 1.151510045640698887e-04 1.148832089493616424e-04 1.146215578132814180e-04 1.143760286882090660e-04 1.141530810385739527e-04 1.139546360987022625e-04 1.137795843140056645e-04 1.136254571767938016e-04 1.134894591179439502e-04 1.133689482482050170e-04 1.132616082340955749e-04 1.131654767186284990e-04 1.130789162841811424e-04 1.130005683484450304e-04 1.129293061002504688e-04 1.128641923184395572e-04 1.128410276044263124e-04 1.128477836972651224e-04 1.128688281442462847e-04 1.128999726071990613e-04 1.129394933046730409e-04 1.129867021277489457e-04 1.130414699355207042e-04 1.131247677641373373e-04 1.132638893924691397e-04 1.134531113467885326e-04 1.136874036217774370e-04 1.139399083725062777e-04 1.141525829435602589e-04 1.142542932005328435e-04 1.142999834539614671e-04 1.143131446983977693e-04 1.143057122435300752e-04 1.142851887277725398e-04 1.142566423197737972e-04 1.142236448151717646e-04 1.141888060738525213e-04 1.141541838778403951e-04 1.141216301560804070e-04 1.140931831578790884e-04 1.140714366011229302e-04 1.140598154000647567e-04 1.140626790391253910e-04 1.140850709668051621e-04 1.141321905833373850e-04 1.142087214905245255e-04 1.143178081273932338e-04 1.144607480890352834e-04 1.146363045453591508e-04 1.148410556524554838e-04 1.150695048642557674e-04 1.153146468142122582e-04 1.155689640494850598e-04 1.158252148462599198e-04 1.160761936201526576e-04 1.163169039513255924e-04
-1.000000000000000000e+00 -1.000000000000000000e+00 -1.000000000000000000e+00 -1.000000000000000000e+00 -1.000000000000000000e+00 -1.000000000000000000e+00 -1.000000000000000000e+00 -1.000000000000000000e+00 -1.000000000000000000e+00 -1.000000000000000000e+00 -1.000000000000000000e+00 1.156361743005943592e-04 1.153619436183459050e-04 1.151120123173250893e-04 1.148712830419195108e-04 1.146371217013647319e-04 1.144130978103371311e-04 1.142038183826211555e-04 1.140122827021210634e-04 1.138393986152465563e-04 1.136845214150178292e-04 1.135461593881697227e-04 1.134225010399837394e-04 1.133117235846139249e-04 1.132121427371590602e-04 1.131222689207950482e-04 1.130408150211118537e-04 1.129666820156828908e-04 1.128989364131598248e-04 1.128367863243624091e-04 1.128128986408960749e-04 1.128172107032943041e-04 1.128352971184824727e-04 1.128631522339505094e-04 1.128990649650182327e-04 1.129423035769025116e-04 1.129926609238424612e-04 1.130685673506406116e-04 1.131946940694711953e-04 1.133676181017575216e-04 1.135864940710711035e-04 1.138315969956446799e-04 1.140502419069829102e-04 1.141643177773336084e-04 1.142234689717214766e-04 1.142495593638962088e-04 1.142537499994449328e-04 1.142431843224462734e-04 1.142227805638251152e-04 1.141960560340709267e-04 1.141655820870063240e-04 1.141333023282178666e-04 1.141007744648989722e-04 1.140694347353549555e-04 1.140408231616291503e-04 1.140169151137393846e-04 1.140003435545799596e-04 1.139945766335318509e-04 1.140038740050642712e-04 1.140329749746244402e-04 1.140866355565526224e-04 1.141689230377982220e-04 1.142826298943620263e-04 1.144287604870469213e-04 1.146062048958835242e-04 1.148118592987717280e-04 1.150408805372366542e-04 1.152870294094316187e-04 1.155435986651425666e-04 1.158036319450373851e-04
-1.000000000000000000e+00 -1.000000000000000000e+00 -1.000000000000000000e+00 -1.000000000000000000e+00 -1.000000000000000000e+00 -1.000000000000000000e+00 -1.000000000000000000e+00 -1.000000000000000000e+00 -1.000000000000000000e+00 -1.000000000000000000e+00 -1.000000000000000000e+00 -1.000000000000000000e+00 -1.000000000000000000e+00 1.148013794822261340e-04 1.146000211524197347e-04 1.144048405536691191e-04 1.142174532674951055e-04 1.140406248991439043e-04 1.138764911884493353e-04 1.137260278765352698e-04 1.135891886803736114e-04 1.134652524592473131e-04 1.133531463831908442e-04 1.132516734994965738e-04 1.131596486904760013e-04 1.130759688646193218e-04 1.129996422681500885e-04 1.129297948042522957e-04 1.128656646218193421e-04 1.128065915144160655e-04 1.127826425606089067e-04 1.127851699592193448e-04 1.128008420346695879e-04 1.128258660356938603e-04 1.128585758270713645e-04 1.128982095525443594e-04 1.129444942029951993e-04 1.130136927385979001e-04 1.131276586134786989e-04 1.132839874786370200e-04 1.134843882329811905e-04 1.137154746925197395e-04 1.139315193580244591e-04 1.140522526765000422e-04 1.141213881209053967e-04 1.141585756487208434e-04 1.141738142407820099e-04 1.141736059655290900e-04 1.141625212711025992e-04 1.141438846657558885e-04 1.141201681839809547e-04 1.140932241636486691e-04 1.140644912902919747e-04 1.140351502715501557e-04 1.140062702722676390e-04 1.139790045253279079e-04 1.139547874018358994e-04 1.139355620603608722e-04 1.139239514971440145e-04 1.139233276888820242e-04 1.139377083338668118e-04 1.139715024620201352e-04 1.140290165431778540e-04 1.141139446191799924e-04 1.142289130538244737e-04 1.143748225429269585e-04 1.145509540805287528e-04 1.147547669789164868e-04 1.149822277824837433e-04 1.152276699729826907e-04
-1.000000000000000000e+00 -1.000000000000000000e+00 -1.000000000000000000e+00 -1.000000000000000000e+00 -1.000000000000000000e+00 -1.000000000000000000e+00 -1.000000000000000000e+00 -1.000000000000000000e+00 -1.000000000000000000e+00 -1.000000000000000000e+00 -1.000000000000000000e+00 -1.000000000000000000e+00 -1.000000000000000000e+00 -1.000000000000000000e+00 1.143704563241610794e-04 1.142062806771344043e-04 1.140473743245154497e-04 1.138957910303522162e-04 1.137533136525408498e-04 1.136209883350229529e-04 1.134991216996554856e-04 1.133874645246290256e-04 1.132854221504474762e-04 1.131922250577156513e-04 1.131070456671821260e-04 1.130290692815400774e-04 1.129575323548588270e-04 1.128917398024648810e-04 1.128310698811069005e-04 1.127749722454186149e-04 1.127515302586485323e-04 1.127530708940212674e-04 1.127671326602717241e-04 1.127901107377447890e-04 1.128203953636125971e-04 1.128572077459486520e-04 1.129002178346490750e-04 1.129639810787461248e-04 1.130678897649164423e-04 1.132099306583861235e-04 1.133932047968494721e-04 1.136090277257436872e-04 1.138174986395848752e-04 1.139391844433421586e-04 1.140132357354442072e-04 1.140573902899943835e-04 1.140804824565558312e-04 1.140882841395134817e-04 1.140849180029026856e-04 1.140734439895146180e-04 1.140561690413435250e-04 1.140348520123878062e-04 1.140108505772285383e-04 1.139852422472323383e-04 1.139589227446572090e-04 1.139327163763101939e-04 1.139075100690693305e-04 1.138843987688909236e-04 1.138648665592995431e-04 1.138509527565578685e-04 1.138453514893409475e-04 1.138514316805033869e-04 1.138730694435450159e-04 1.139143810539606231e-04 1.139793291633139975e-04 1.140711461738359335e-04 1.141920986436899575e-04 1.143430632842240384e-04 1.145231875254156071e-04 1.147301416954403280e-04
-1.000000000000000000e+00 -1.000000000000000000e+00 -1.000000000000000000e+00 -1.000000000000000000e+00 -1.000000000000000000e+00 -1.000000000000000000e+00 -1.000000000000000000e+00 -1.000000000000000000e+00 -1.000000000000000000e+00 -1.000000000000000000e+00 -1.000000000000000000e+00 -1.000000000000000000e+00 -1.000000000000000000e+00 -1.000000000000000000e+00 -1.000000000000000000e+00 1.140308973077357955e-04 1.138950196555709056e-04 1.137639069362028974e-04 1.136392124938936433e-04 1.135220499225185947e-04 1.134129518346063903e-04 1.133119768862302470e-04 1.132188556857294796e-04 1.131331222204196463e-04 1.130542129878582585e-04 1.129815338341367886e-04 1.129145010828199006e-04 1.128525644764617714e-04 1.127952182131151325e-04 1.127420046580399846e-04 1.127195062755533570e-04 1.127207182315281440e-04 1.127338646408787310e-04 1.127555047156166587e-04 1.127840768777729427e-04 1.128187916612401328e-04 1.128592721961022580e-04 1.129187102104087719e-04 1.130143856490027485e-04 1.131443246361558611e-04 1.133123029156926669e-04 1.135131860664911896e-04 1.137119798060134734e-04 1.138309682516806419e-04 1.139059087643416252e-04 1.139532609444064888e-04 1.139809717796700695e-04 1.139941413118237266e-04 1.139964219752203207e-04 1.139905577890708841e-04 1.139786537991971935e-04 1.139623354598344484e-04 1.139428705183639104e-04 1.139212622574520788e-04 1.138983157091758561e-04 1.138747206894743131e-04 1.138511290881154188e-04 1.138282404238902777e-04 1.138069347580034649e-04 1.137884043734872932e-04 1.137743119885812763e-04 1.137668964837513098e-04 1.137690180448466104e-04 1.137840973039848499e-04 1.138159411806558794e-04 1.138684030235659106e-04 1.139450864870387433e-04 1.140487393484274683e-04 1.141812219504361218e-04 1.143428901913306399e-04
-1.000000000000000000e+00 -1.000000000000000000e+00 -1.000000000000000000e+00 -1.000000000000000000e+00 -1.000000000000000000e+00 -1.000000000000000000e+00 -1.000000000000000000e+00 -1.000000000000000000e+00 -1.000000000000000000e+00 -1.000000000000000000e+00 -1.000000000000000000e+00 -1.000000000000000000e+00 -1.000000000000000000e+00 -1.000000000000000000e+00 -1.000000000000000000e+00 -1.000000000000000000e+00 1.137566580552018146e-04 1.136424539157466178e-04 1.135326265671855153e-04 1.134283376944130269e-04 1.133302641282235660e-04 1.132386684868814800e-04 1.131535065143072415e-04 1.130745310491796963e-04 1.130013760882787627e-04 1.129336177776954796e-04 1.128708152449656328e-04 1.128125360153892499e-04 1.127583705646415739e-04 1.127079396528574666e-04 1.126867118067741521e-04 1.126881229848643063e-04 1.127009403539650260e-04 1.127218577924408451e-04 1.127493514826043478e-04 1.127826193966052461e-04 1.128212423929538492e-04 1.128773053272592272e-04 1.129662873804095785e-04 1.130860537846410012e-04 1.132406010286808785e-04 1.134274603435820168e-04 1.136161471922038916e-04 1.137306587231924041e-04 1.138038364982740309e-04 1.138514497695778012e-04 1.138809596044524866e-04 1.138969796235875665e-04 1.139027563720477527e-04 1.139007263904878839e-04 1.138927735013970884e-04 1.138803713479200118e-04 1.138646796760269870e-04 1.138466192911460548e-04 1.138269269511854912e-04 1.138062143549748790e-04 1.137850165230263645e-04 1.137638537017727277e-04 1.137433135852435046e-04 1.137241400510909068e-04 1.137073551100135254e-04 1.136943946420547116e-04 1.136872234323961853e-04 1.136883840691939285e-04 1.137009892976271753e-04 1.137285553189003399e-04 1.137748083687771208e-04 1.138433809196850912e-04 1.139373281421821857e-04 1.140588775187891305e-04
-1.000000000000000000e+00 -1.000000000000000000e+00 -1.000000000000000000e+00 -1.000000000000000000e+00 -1.000000000000000000e+00 -1.000000000000000000e+00 -1.000000000000000000e+00 -1.000000000000000000e+00 -1.000000000000000000e+00 -1.000000000000000000e+00 -1.000000000000000000e+00 -1.000000000000000000e+00 -1.000000000000000000e+00 -1.000000000000000000e+00 -1.000000000000000000e+00 -1.000000000000000000e+00 -1.000000000000000000e+00 1.135303412174123631e-04 1.134329975925083234e-04 1.133396810667273275e-04 1.132511494709698933e-04 1.131677950807024843e-04 1.130897269839774397e-04 1.130168547112975094e-04 1.129489593912990335e-04 1.128857482781318405e-04 1.128268935276356910e-04 1.127720581145998265e-04 1.127209121311127784e-04 1.126731423070460403e-04 1.126534261160337143e-04 1.126554626919298798e-04 1.126684419455486650e-04 1.126891649053619806e-04 1.127161328739778351e-04 1.127485281438704600e-04 1.127858881460431584e-04 1.128393863335943150e-04 1.129229546995430002e-04 1.130342001138566130e-04 1.131770454808797951e-04 1.133509531083188351e-04 1.135297253362034568e-04 1.136391827939108544e-04 1.137091754056257661e-04 1.137550835990700334e-04 1.137842336878749390e-04 1.138009960936766052e-04 1.138083306941160307e-04 1.138084193818719953e-04 1.138029420556611464e-04 1.137932203355305279e-04 1.137802982248894295e-04 1.137650094112672495e-04 1.137480179810941350e-04 1.137298763463417614e-04 1.137110487540270566e-04 1.136919591019344347e-04 1.136730435797324139e-04 1.136548136321862762e-04 1.136379511476817711e-04 1.136234030170984462e-04 1.136125137717847416e-04 1.136071233121852767e-04 1.136096305131919257e-04 1.136229984471728578e-04 1.136505833092604019e-04 1.136960499660708761e-04 1.137629558074346365e-04 1.138544181221049845e-04
-1.000000000000000000e+00 -1.000000000000000000e+00 -1.000000000000000000e+00 -1.000000000000000000e+00 -1.000000000000000000e+00 -1.000000000000000000e+00 -1.000000000000000000e+00 -1.000000000000000000e+00 -1.000000000000000000e+00 -1.000000000000000000e+00 -1.000000000000000000e+00 -1.000000000000000000e+00 -1.000000000000000000e+00 -1.000000000000000000e+00 -1.000000000000000000e+00 -1.000000000000000000e+00 -1.000000000000000000e+00 -1.000000000000000000e+00 -1.000000000000000000e+00 1.132561599492841518e-04 1.131758686281935023e-04 1.130997320554081095e-04 1.130279589248033055e-04 1.129605682010607356e-04 1.128974489554843477e-04 1.128384082743516157e-04 1.127832069729911216e-04 1.127315847494100414e-04 1.126832770172585024e-04 1.126380255819971475e-04 1.126200000742606685e-04 1.126230176856909200e-04 1.126365766558620285e-04 1.126575665234942836e-04 1.126844950557716525e-04 1.127165217966602246e-04 1.127531439519369958e-04 1.128047715392934720e-04 1.128839984515076124e-04 1.129881046107189551e-04 1.131207819249057116e-04 1.132828049464922640e-04 1.134519556380506891e-04 1.135562937434574364e-04 1.136224789628646672e-04 1.136655166230096886e-04 1.136928275535225571e-04 1.137087393801365870e-04 1.137160615709850795e-04 1.137167956685376281e-04 1.137124566694209588e-04 1.137042268983987591e-04 1.136930439409553095e-04 1.136796550673838888e-04 1.136646574504605292e-04 1.136485414852641455e-04 1.136317125699692134e-04 1.136145372219168003e-04 1.135973658153591957e-04 1.135805901212491961e-04 1.135646966691605510e-04 1.135503622482788677e-04 1.135385593558452754e-04 1.135306589060698212e-04 1.135285371449760013e-04 1.135346260211531164e-04 1.135518845707770706e-04 1.135837206540509875e-04 1.136337510687966213e-04 1.137054464434176176e-04
-1.000000000000000000e+00 -1.000000000000000000e+00 -1.000000000000000000e+00 -1.000000000000000000e+00 -1.000000000000000000e+00 -1.000000000000000000e+00 -1.000000000000000000e+00 -1.000000000000000000e+00 -1.000000000000000000e+00 -1.000000000000000000e+00 -1.000000000000000000e+00 -1.000000000000000000e+00 -1.000000000000000000e+00 -1.000000000000000000e+00 -1.000000000000000000e+00 -1.000000000000000000e+00 -1.000000000000000000e+00 -1.000000000000000000e+00 -1.000000000000000000e+00 -1.000000000000000000e+00 1.131046430637775953e-04 1.130348058572155549e-04 1.129685938684845195e-04 1.129060996625821077e-04 1.128472898518544852e-04 1.127920465048772470e-04 1.127401992760719974e-04 1.126915490127284767e-04 1.126458843101468409e-04 1.126029926140087326e-04 1.125868012072847986e-04 1.125911164079734637e-04 1.126056347752959900e-04 1.126273075465270544e-04 1.126546338842118126e-04 1.126867449493562824e-04 1.127230977070506595e-04 1.127734566699799338e-04 1.128492428346319768e-04 1.129473642787686772e-04 1.130711906117574185e-04 1.132223419603652922e-04 1.133820965052835614e-04 1.134812969936774198e-04 1.135434030871928222e-04 1.135829224240604991e-04 1.136074374365068153e-04 1.136213752404775947e-04 1.136275056533060120e-04 1.136277222054449037e-04 1.136234168179022891e-04 1.136156603296664507e-04 1.136052947695942797e-04 1.135929894974779114e-04 1.135792757349985863e-04 1.135645876592095149e-04 1.135492857286626877e-04 1.135336852349265793e-04 1.135180861143177502e-04 1.135028079753535321e-04 1.134882369868712027e-04 1.134749049400796903e-04 1.134635654626223856e-04 1.134553236726559692e-04 1.134517343551779534e-04 1.134548769728915108e-04 1.134674104833046580e-04 1.134925162156001768e-04 1.135337063101257959e-04 1.135946865229989146e-04
-1.000000000000000000e+00 -1.000000000000000000e+00 -1.000000000000000000e+00 -1.000000000000000000e+00 -1.000000000000000000e+00 -1.000000000000000000e+00 -1.000000000000000000e+00 -1.000000000000000000e+00 -1.000000000000000000e+00 -1.000000000000000000e+00 -1.000000000000000000e+00 -1.000000000000000000e+00 -1.000000000000000000e+00 -1.000000000000000000e+00 -1.000000000000000000e+00 -1.000000000000000000e+00 -1.000000000000000000e+00 -1.000000000000000000e+00 -1.000000000000000000e+00 -1.000000000000000000e+00 -1.000000000000000000e+00 1.129732134005464377e-04 1.129119020886422327e-04 1.128537665377123719e-04 1.127988278524838029e-04 1.127470237522331547e-04 1.126982369404620803e-04 1.126523167335479500e-04 1.126090948251629590e-04 1.125683963195620447e-04 1.125541757251175153e-04 1.125601019482488810e-04 1.125759538735295192e-04 1.125987099103470553e-04 1.126268440950856461e-04 1.126594559578830831e-04 1.126959673140861488e-04 1.127456008634526811e-04 1.128187264270873093e-04 1.129118227158539700e-04 1.130278986022296549e-04 1.131690925231440808e-04 1.133195849880627145e-04 1.134134682362476873e-04 1.134712423561728484e-04 1.135067989891318620e-04 1.135278779383758061e-04 1.135390644331529168e-04 1.135431556310308155e-04 1.135419880993675208e-04 1.135368683441626388e-04 1.135287787351562896e-04 1.135184807435529373e-04 1.135065735572410425e-04 1.134935326006457075e-04 1.134797427360808794e-04 1.134655234167905401e-04 1.134511489247672073e-04 1.134368888596931136e-04 1.134230175348589423e-04 1.134098748365574964e-04 1.133979187110261170e-04 1.133878074570433706e-04 1.133805186414734659e-04 1.133774618739417575e-04 1.133805761978727827e-04 1.133923894842760633e-04 1.134160030805270170e-04 1.134549751757211951e-04 1.135130966297958894e-04
-1.000000000000000000e+00 -1.000000000000000000e+00 -1.000000000000000000e+00 -1.000000000000000000e+00 -1.000000000000000000e+00 -1.000000000000000000e+00 -1.000000000000000000e+00 -1.000000000000000000e+00 -1.000000000000000000e+00 -1.000000000000000000e+00 -1.000000000000000000e+00 -1.000000000000000000e+00 -1.000000000000000000e+00 -1.000000000000000000e+00 -1.000000000000000000e+00 -1.000000000000000000e+00 -1.000000000000000000e+00 -1.000000000000000000e+00 -1.000000000000000000e+00 -1.000000000000000000e+00 -1.000000000000000000e+00 -1.000000000000000000e+00 1.128580168453990814e-04 1.128037581853288073e-04 1.127522906572542944e-04 1.127035930011724668e-04 1.126575887067029499e-04 1.126141654874771860e-04 1.125731899662930701e-04 1.125345183243336121e-04 1.125224348304709103e-04 1.125303244795911267e-04 1.125479164683329639e-04 1.125721648541761464e-04 1.126015090514646382e-04 1.126350243189541938e-04 1.126721027914988316e-04 1.127215204053296356e-04 1.127926939674894037e-04 1.128815845001348081e-04 1.129907901451971427e-04 1.131227838598756683e-04 1.132640559426297656e-04 1.133521925995826531e-04 1.134051875890687116e-04 1.134363155775414643e-04 1.134534407271151350e-04 1.134613020020261599e-04 1.134627431414079541e-04 1.134595678105410164e-04 1.134530172791748759e-04 1.134440017712683466e-04 1.134332156296144072e-04 1.134211975818736972e-04 1.134083728403444905e-04 1.133950843067461217e-04 1.133816166402637845e-04 1.133682251191821553e-04 1.133551514435128966e-04 1.133426611566530802e-04 1.133310734530221101e-04 1.133208334848997701e-04 1.133125957777446455e-04 1.133073478972216285e-04 1.133065238062169229e-04 1.133121363197957720e-04 1.133268331421517094e-04 1.133538758209191221e-04 1.133970446435437704e-04 1.134603636162555555e-04
-1.000000000000000000e+00 -1.000000000000000000e+00 -1.000000000000000000e+00 -1.000000000000000000e+00 -1.000000000000000000e+00 -1.000000000000000000e+00 -1.000000000000000000e+00 -1.000000000000000000e+00 -1.000000000000000000e+00 -1.000000000000000000e+00 -1.000000000000000000e+00 -1.000000000000000000e+00 -1.000000000000000000e+00 -1.000000000000000000e+00 -1.000000000000000000e+00 -1.000000000000000000e+00 -1.000000000000000000e+00 -1.000000000000000000e+00 -1.000000000000000000e+00 -1.000000000000000000e+00 -1.000000000000000000e+00 -1.000000000000000000e+00 -1.000000000000000000e+00 1.127561486627414350e-04 1.127077962025100000e-04 1.126619039908697206e-04 1.126184269991064137e-04 1.125772835099803337e-04 1.125383685959672781e-04 1.125015642032802860e-04 1.124918599398462240e-04 1.125021627410832111e-04 1.125219713975134144e-04 1.125481551250180764e-04 1.125791261440266825e-04 1.126139488394619167e-04 1.126519965978171320e-04 1.127017136715710219e-04 1.127716328350481667e-04 1.128570391773540087e-04 1.129600615984148481e-04 1.130833873919792685e-04 1.132152989720536902e-04 1.132969543994308314e-04 1.133444045541496517e-04 1.133704600257784368e-04 1.133830896303507710e-04 1.133871411036524614e-04 1.133854744152975463e-04 1.133798518462397054e-04 1.133714513744924391e-04 1.133611180752892931e-04 1.133494846309872524e-04 1.133370402775787467e-04 1.133241685705358408e-04 1.133111809490485507e-04 1.132983445848225612e-04 1.132859033686058287e-04 1.132740995376290750e-04 1.132632057788390942e-04 1.132535660004141751e-04 1.132456790672631860e-04 1.132402984498395151e-04 1.132385799923414286e-04 1.132422268450496866e-04 1.132536170283587131e-04 1.132758466829888858e-04 1.133126858298183536e-04 1.133683982259502381e-04 1.134474283214540559e-04
-1.000000000000000000e+00 -1.000000000000000000e+00 -1.000000000000000000e+00 -1.000000000000000000e+00 -1.000000000000000000e+00 -1.000000000000000000e+00 -1.000000000000000000e+00 -1.000000000000000000e+00 -1.000000000000000000e+00 -1.000000000000000000e+00 -1.000000000000000000e+00 -1.000000000000000000e+00 -1.000000000000000000e+00 -1.000000000000000000e+00 -1.000000000000000000e+00 -1.000000000000000000e+00 -1.000000000000000000e+00 -1.000000000000000000e+00 -1.000000000000000000e+00 -1.000000000000000000e+00 -1.000000000000000000e+00 -1.000000000000000000e+00 -1.000000000000000000e+00 -1.000000000000000000e+00 -1.000000000000000000e+00 1.126220210869459306e-04 1.125808421861263756e-04 1.125417808507619310e-04 1.125047555347357867e-04 1.124696697214567012e-04 1.124627414668292140e-04 1.124760887418831167e-04 1.124987010263183405e-04 1.125273201029718410e-04 1.125603620314390542e-04 1.125969119999442369e-04 1.126363424252100915e-04 1.126869187784193511e-04 1.127563469012287604e-04 1.128389802990691939e-04 1.129363379155998571e-04 1.130512257722761447e-04 1.131732742926916640e-04 1.132472655268565464e-04 1.132879716372979647e-04 1.133080326578969420e-04 1.133155244403550026e-04 1.133153063533499504e-04 1.133101763470606362e-04 1.133018150250199313e-04 1.132913234488814447e-04 1.132794794722225429e-04 1.132668634204801012e-04 1.132539224017100476e-04 1.132410166471555597e-04 1.132284491112113626e-04 1.132164911239211486e-04 1.132053959554759921e-04 1.131954304076356147e-04 1.131869027509952379e-04 1.131802493002277297e-04 1.131761335362435611e-04 1.131756102317705643e-04 1.131803111696847022e-04 1.131926166490620502e-04 1.132157607843285399e-04 1.132538012206252140e-04 1.133114768510834675e-04 1.133937921796763387e-04 1.135056680009065749e-04
-1.000000000000000000e+00 -1.000000000000000000e+00 -1.000000000000000000e+00 -1.000000000000000000e+00 -1.000000000000000000e+00 -1.000000000000000000e+00 -1.000000000000000000e+00 -1.000000000000000000e+00 -1.000000000000000000e+00 -1.000000000000000000e+00 -1.000000000000000000e+00 -1.000000000000000000e+00 -1.000000000000000000e+00 -1.000000000000000000e+00 -1.000000000000000000e+00 -1.000000000000000000e+00 -1.000000000000000000e+00 -1.000000000000000000e+00 -1.000000000000000000e+00 -1.000000000000000000e+00 -1.000000000000000000e+00 -1.000000000000000000e+00 -1.000000000000000000e+00 -1.000000000000000000e+00 -1.000000000000000000e+00 -1.000000000000000000e+00 1.125448617617111157e-04 1.125077058442481475e-04 1.124724156156381677e-04 1.124389127473471420e-04 1.124354744916153273e-04 1.124528139117662856e-04 1.124789662496381113e-04 1.125105856162349807e-04 1.125461754600434971e-04 1.125848934689732634e-04 1.126261441537911332e-04 1.126782433007097328e-04 1.127481324126575516e-04 1.128288263040352435e-04 1.129209509589914397e-04 1.130272344198732297e-04 1.131382011138033452e-04 1.132025805294912234e-04 1.132347451010740818e-04 1.132475652273310534e-04 1.132491664535800041e-04 1.132442396015558559e-04 1.132353914514986937e-04 1.132241607870151299e-04 1.132115508904181462e-04 1.131982794426395563e-04 1.131848952347258477e-04 1.131718385466990963e-04 1.131594811128147540e-04 1.131481477422610063e-04 1.131381279020284730e-04 1.131296969452134487e-04 1.131231634929543578e-04 1.131189514120372035e-04 1.131177484383742862e-04 1.131207165130438579e-04 1.131297447235804997e-04 1.131476628959102214e-04 1.131783838449969585e-04 1.132268562541671010e-04 1.132987967251539483e-04 1.134001420704320163e-04 1.135364778151925417e-04 1.137122157791114959e-04
