0.000000000000000000e+00 0.000000000000000000e+00 1.422478979152841192e-292 4.541001512642192514e-241 3.184100108714039363e-205 5.706830834953506671e-178 3.593693973762138262e-156 3.752820217786307054e-138 6.467768073138540237e-123 8.172217335328472587e-110 2.087750939179114078e-98 2.415945483033156383e-88 1.567753602509124876e-78 2.016747384406353065e-69 3.536099660432096375e-61 8.865336168993406565e-54 3.660468154420584514e-47 2.924140025526672606e-41 5.275181801128995884e-36 2.478555317420022850e-31 3.444809289098375558e-27 1.585808106858005738e-23 2.672719490584421861e-20 1.802205853879872621e-17 5.259131297841117743e-15 7.124120188419819841e-13 4.771724637235792251e-11 1.673500179796862264e-09 3.239648716788609329e-08 3.640052876750553397e-07 1.501985463971105987e-06 3.257406976040856038e-06 5.161363825300388165e-06 6.680865854990922533e-06 7.468028519796109450e-06 7.422760790702759271e-06 6.650751622784146655e-06 4.431369080302664466e-06 1.698397605613927795e-06 3.724795822283503714e-07 3.993549861034127641e-08 1.660820753131093779e-09 2.371694886024981911e-11 6.631530662423638159e-13 2.748776822285790352e-14 1.419931126924354170e-15 8.629295539603671237e-17 5.977564356685118760e-18 4.621239061628656917e-19 3.931736186886044225e-20 3.650052127898917106e-21 3.663996053580328004e-22 3.959955759447246313e-23 4.563461859651002888e-24 5.580521990675972437e-25 7.235580497943842600e-26 9.893726362630828523e-27 1.422169701882041110e-27 2.144096999599706942e-28 3.374054190892919450e-29 5.543992075887530679e-30 9.497908751661694729e-31 1.685609848735007323e-31 3.106063960403884769e-32 5.923553913309057569e-33 1.169024121764480621e-33 2.375392724337573298e-34 4.968228988145233663e-35 1.074922358818200985e-35 2.379723910584773045e-36
0.000000000000000000e+00 0.000000000000000000e+00 1.131986751651553572e-291 3.367241303282957110e-240 2.216393632002025413e-204 3.751090364926969418e-177 2.231103359186769643e-155 2.198449585272142646e-137 3.574754024206470385e-122 4.260824739550612406e-109 1.026729901113223872e-97 1.120367689794993794e-87 6.821876346753817990e-78 8.213472369311524711e-69 1.343782300466261464e-60 3.144754360678209121e-53 1.211589116085626067e-46 9.021481304806043377e-41 1.517571108395537208e-35 6.646745146635785092e-31 8.616327915494142718e-27 3.699686589437159130e-23 5.817397674809441721e-20 3.661473647319741042e-17 9.978174606677176804e-15 1.263671843319315429e-12 7.919465202465279696e-11 2.601377117471585102e-09 4.723843814895937610e-08 4.988149481954004492e-07 1.971434318945696257e-06 4.163338095244246432e-06 6.481839476913473342e-06 8.300250028747819511e-06 9.227292054755969198e-06 9.159941514839231553e-06 8.228864009978464818e-06 5.554755410724942873e-06 2.192843988240506854e-06 5.013850813803942004e-07 5.663073238893126468e-08 2.506822953167425881e-09 3.836765559685460331e-11 1.127773103850804967e-12 4.861252110517858581e-14 2.595060901406493085e-15 1.622078433345786940e-16 1.151564272883462244e-17 9.116581821069426259e-19 7.927922801511517333e-20 7.509428517763692120e-21 7.672212446047291850e-22 8.416845439161835656e-23 9.856160289405110953e-24 1.223390734744091849e-24 1.608904898420160544e-25 2.229825099506110594e-26 3.233676397705422744e-27 4.944943460196795822e-28 7.865144567926526573e-29 1.305831521338653904e-29 2.250300762200725592e-30 4.044874856406581162e-31 7.517173968244663141e-32 1.443137288438734783e-32 2.871844575224178657e-33 5.893894713340075130e-34 1.247342777089294502e-34 2.703274397958377052e-35 6.065445544924998791e-36
0.000000000000000000e+00 0.000000000000000000e+00 9.391833569825495807e-291 2.588642515767764320e-239 1.610200534820367275e-203 2.564501754977865451e-176 1.435506019854385464e-154 1.331049923791718735e-136 2.037372396786460628e-121 2.287213022887989589e-108 5.191686550274838301e-97 5.332918226932105768e-87 3.037413998523016389e-77 3.415778272659129986e-68 5.217366706966015398e-60 1.136996355982403995e-52 4.077450860477931953e-46 2.825811633496471263e-40 4.422221680658712078e-35 1.803078278889349973e-30 2.174757452967847006e-26 8.695508554458119974e-23 1.273719069873852608e-19 7.470949684878064439e-17 1.898741558375371376e-14 2.244699094469046538e-12 1.314439144007872417e-10 4.038930597464339059e-09 6.871003997410511491e-08 6.811736271750919596e-07 2.577508362792493280e-06 5.298708164527499246e-06 8.104831251329480424e-06 1.026759050073866568e-05 1.135159730769231428e-05 1.125582060965883958e-05 1.013949900068324626e-05 6.933926198530461336e-06 2.820934863254803082e-06 6.726264075266622147e-07 8.014335567465128267e-08 3.780218549283887362e-09 6.211190416438900860e-11 1.918708187459805176e-12 8.604531384924233974e-14 4.753384740200850965e-15 3.060661759469352792e-16 2.232293734498483183e-17 1.808690338195514328e-18 1.607562086005048458e-19 1.550737144225591036e-20 1.614737445959040268e-21 1.803279392062521181e-22 2.141544216827189216e-23 2.699760763043754363e-24 3.599579981895629856e-25 5.052564436787010169e-26 7.433932216125330196e-27 1.148079999526338617e-27 1.848181167032113108e-28 3.099915684163810785e-29 5.407737807654476179e-30 9.784755563815124478e-31 1.835566614975707681e-31 3.569414827070190286e-32 7.149453015443793946e-33 1.475061774043361030e-33 3.140830585879772688e-34 6.888868929956268700e-35 1.548296549795444555e-35
0.000000000000000000e+00 0.000000000000000000e+00 8.130199742077512514e-290 2.090989706524170272e-238 1.214300984799482041e-202 1.818231492655164555e-175 9.569809524911858461e-154 8.338520591021405581e-136 1.199896481730027268e-120 1.265142199389255418e-107 2.699707969777381914e-96 2.604586393368329279e-86 1.388534169970345870e-76 1.455023633418849426e-67 2.065801201526044633e-59 4.186796201915000690e-52 1.394648591005513170e-45 8.982811902516304065e-40 1.305986803647393575e-34 4.945003015305278391e-30 5.540726203849121690e-26 2.059300417014291708e-22 2.805423083736956903e-19 1.531113572974497214e-16 3.623848155935379121e-14 3.992797044994837171e-12 2.181385165611286494e-10 6.261630111512651425e-09 9.967516935942183638e-08 9.267650063441721142e-07 3.355813978920879194e-06 6.713113208750773365e-06 1.008910026113817192e-05 1.264360760833689382e-05 1.390184296866739637e-05 1.377025281904114903e-05 1.243902752677058393e-05 8.619000959691349738e-06 3.614282707002618935e-06 8.994396695833514084e-07 1.131209881433243080e-07 5.692166493797089138e-09 1.004994448790995513e-10 3.270444432529088890e-12 1.528239244122133459e-13 8.732697927204369705e-15 5.796660911371323691e-16 4.339960841001662512e-17 3.602049565401777799e-18 3.270305886201011017e-19 3.223772983011740898e-20 3.416677729890494382e-21 3.882401427004148652e-22 4.690885462526862029e-23 6.011466877849397375e-24 8.113430978497985563e-25 1.152373591792592490e-25 1.722145118041118598e-26 2.681005726778466209e-27 4.373338988391020364e-28 7.412651439968444574e-29 1.307378279227033135e-29 2.390272941795283491e-30 4.532925254685392847e-31 8.871365203987713745e-32 1.793859068325830688e-32 3.734182175688363749e-33 8.031379425134017562e-34 1.763822415701354311e-34 4.018813000785057293e-35
0.000000000000000000e+00 0.000000000000000000e+00 7.352107226554338599e-289 1.753996190736699609e-237 9.544256330879618957e-202 1.340312048682036813e-174 6.622647175741654783e-153 5.412192713104755207e-135 7.310340103281343735e-120 7.219795620119169435e-107 1.444647315651563399e-95 1.308556726675710934e-85 6.502269150291317162e-76 6.337480831464963130e-67 8.363815690597609178e-59 1.571783513972381660e-51 4.857264633489151928e-45 2.899233235081742061e-39 3.907411226538236147e-34 1.371721928164601545e-29 1.425782126625286135e-25 4.915305936058186053e-22 6.216337639636009980e-19 3.151679238992789404e-16 6.935233094526836891e-14 7.110943226805861529e-12 3.618951521754027749e-10 9.691097727984562634e-09 1.441716083536888340e-07 1.256013240235185774e-06 4.349439395316457535e-06 8.466102006951249344e-06 1.250058524986018691e-05 1.549616583773877327e-05 1.694621425685426290e-05 1.676907130403546884e-05 1.519163739617311667e-05 1.066743248603358997e-05 4.611914715831895582e-06 1.198702997846535977e-06 1.592556159547677161e-07 8.562725887975906365e-09 1.627085631608361490e-10 5.579043688097271389e-12 2.715785983640989173e-13 1.609341711920577251e-14 1.102170154804190615e-15 8.476065476177438621e-17 7.208063751994964298e-18 6.695460762853351017e-19 6.742598778265929010e-20 7.281910265507780738e-21 8.411807099904991534e-22 1.032627559426221111e-22 1.343504644984303114e-23 1.839150591833765065e-24 2.651081571280942306e-25 4.014862949974688501e-26 6.334610156636702596e-27 1.044640949464924035e-27 1.792415593103322798e-28 3.189079599331415381e-29 5.900213420336039356e-30 1.125715485794967591e-30 2.229964782832968983e-31 4.539650908644509624e-32 9.543491246636826652e-33 2.066697040721197234e-33 4.594911608819616286e-34 1.050221420921250509e-34
0.000000000000000000e+00 0.000000000000000000e+00 6.953246462591960283e-288 1.545586681245859929e-236 7.853117418297644731e-201 1.029631859761465448e-173 4.765036798901031672e-152 3.644679419653984413e-134 4.609088491126611029e-119 4.263549571389028417e-106 7.985346986206706520e-95 6.762638188385972233e-85 3.130345074310638060e-75 2.831087726297604801e-66 3.460827863098184979e-58 6.021830941613150804e-51 1.721819037301117014e-44 9.504276952230471405e-39 1.185323316375650119e-33 3.850418119528162237e-29 3.704380318685986030e-25 1.182692048946487347e-21 1.385897899037480170e-18 6.516009286139843148e-16 1.330758576343778898e-13 1.267708857241087343e-11 6.000920816713399386e-10 1.497045123255853626e-08 2.078744054120024496e-07 1.694952713360968770e-06 5.611109771760320834e-06 1.062536685772274727e-05 1.541318624219663525e-05 1.890046572378217309e-05 2.055759502523163849e-05 2.032374007376736686e-05 1.846641815798040891e-05 1.314273013905474345e-05 5.860509635633990138e-06 1.591273235628695928e-06 2.236249300743324912e-07 1.285331633947771512e-08 2.633270014260384739e-10 9.528039642135287158e-12 4.842472192212325281e-13 2.974219320793894236e-14 2.098534057196295516e-15 1.662001574947590202e-16 1.449629243352813059e-17 1.378492824794359235e-18 1.414876116402548081e-19 1.560029739148922375e-20 1.834915939881512466e-21 2.289710088835803114e-22 3.025427193649144102e-23 4.212160241984143454e-24 6.158551002788009965e-25 9.421976446653769927e-26 1.508679959981401743e-26 2.515952240278236532e-27 4.371813462630827311e-28 7.873343806056673128e-29 1.465385406384572169e-29 2.835076652249008943e-30 5.658703724652601990e-31 1.161325939268963390e-31 2.463214956483753417e-32 5.390824622547840089e-33 1.204838401573623388e-33 2.785480414075777753e-34
0.000000000000000000e+00 0.000000000000000000e+00 6.959481898746769424e-287 1.422516110418925462e-235 6.750915240909912669e-200 8.258952317028626476e-173 3.570123556832390641e-151 2.548825593622108010e-133 3.010503154399185979e-118 2.600900029163847809e-105 4.547742356740806308e-94 3.601839676532870853e-84 1.547805364311073435e-74 1.296480844478120736e-65 1.464736627972870470e-57 2.354550389532298900e-50 6.215316099424013370e-44 3.167469665986209726e-38 3.646730172000133958e-33 1.093860766461866202e-28 9.720242046886019726e-25 2.868552361959238015e-21 3.108750069557196834e-18 1.353001113274168857e-15 2.560279146949259538e-13 2.261812909887082512e-11 9.944078479242963584e-10 2.307646883366534585e-08 2.986973660408883669e-07 2.277211224109010640e-06 7.202758285775998300e-06 1.326772173646514995e-05 1.890668425538618596e-05 2.293629457661399885e-05 2.481490121785326697e-05 2.450961576256195738e-05 2.233728642558524872e-05 1.611673652695089860e-05 7.413614659709077085e-06 2.104257311192131382e-06 3.129101948587317194e-07 1.926834003139918386e-08 4.260512955447658189e-10 1.628790406865104511e-11 8.639717866673169249e-13 5.503847170579194815e-14 4.014075942831093087e-15 3.269220172083182631e-16 2.925881084256223387e-17 2.849008277129788803e-18 2.989061262082611351e-19 3.364881773446720467e-20 4.024511705684195194e-21 5.119508902097396543e-22 6.863697262229024203e-23 9.706840349151355565e-24 1.441018946729955698e-24 2.236420873644520003e-25 3.619029645384920106e-26 6.106163508045756935e-27 1.072530336682908482e-27 1.952324052157052796e-28 3.687184238182735176e-29 7.184404845330191229e-30 1.447178938669460625e-30 3.008024696953713128e-31 6.423046583583990294e-32 1.413484501864293604e-32 3.198070354315052462e-33 7.426583940404114786e-34
0.000000000000000000e+00 0.000000000000000000e+00 7.323914576850674848e-286 1.383024393878268713e-234 6.079671179037511887e-199 6.933689622892115682e-172 2.790008814655675544e-150 1.857689192380743825e-132 2.044036623269872585e-117 1.645445899013212314e-104 2.682120240915457771e-93 1.976756788767671915e-83 7.871971172790257275e-74 6.092230536761328619e-65 6.347232571622953796e-57 9.404649104031777764e-50 2.286761417399878791e-43 1.073205801599374686e-37 1.138167150657880494e-32 3.145692526019039391e-28 2.576774439581773852e-24 7.013816504848310914e-21 7.016096706105448495e-18 2.820885411035860758e-15 4.937214626260239518e-13 4.038016446323243089e-11 1.646289348053544042e-09 3.548184016226356885e-08 4.275696222221164059e-07 3.045066461659637988e-06 9.199086872078023980e-06 1.648055351230192590e-05 2.307031626802544163e-05 2.768920119430227201e-05 2.979856990339098047e-05 2.940714958355112709e-05 2.688130252971462369e-05 1.966162491299767827e-05 9.331920568921726466e-06 2.771151239587952333e-06 4.366314572182564130e-07 2.881676645618476829e-08 6.891061760413196120e-10 2.786920914365552840e-11 1.545446813142006681e-12 1.022450573778539921e-13 7.707873422231973591e-15 6.457257538836025855e-16 5.935630464818655412e-17 5.918178726463345541e-18 6.355205754563271809e-19 7.295634127225749387e-20 8.908512077486602640e-21 1.151551209327052224e-21 1.571324432267210731e-22 2.256175344617153464e-23 3.394956166551272405e-24 5.339983419150159731e-25 8.773979900171248225e-26 1.499080724907236666e-26 2.664033330499223538e-27 4.906681974716360821e-28 9.333881547075846799e-29 1.843370287923313966e-29 3.750562483831690341e-30 7.853640293703464109e-31 1.693854812966292544e-31 3.767038057195603205e-32 8.575290008252495383e-33 2.008270946161865834e-33
0.000000000000000000e+00 0.000000000000000000e+00 8.089731432248464803e-285 1.411075078803916188e-233 5.753578530521255258e-198 6.102879451462985409e-171 2.280556426435354441e-149 1.411659428655205067e-131 1.442688069553239027e-116 1.078490938519899116e-103 1.635380634103146836e-92 1.120712708716271096e-82 4.126478156270867585e-73 2.940885892968537897e-64 2.818879298152810201e-56 3.839139665856521018e-49 8.578011643769088586e-43 3.699723742646491403e-37 3.605034690807803112e-32 9.159968667531379444e-28 6.902139392577985817e-24 1.728854958915814514e-20 1.592932592249315888e-17 5.905648432885946958e-15 9.541533109632317303e-13 7.213564412808747197e-11 2.721824714350031284e-09 5.440707809916397731e-08 6.095549924610457030e-07 4.050917021801201112e-06 1.168428045937352759e-05 2.035907343475410285e-05 2.799720115897513776e-05 3.324630349126227245e-05 3.559329615197183173e-05 3.509861783553417974e-05 3.218457139412997077e-05 2.386621555899872573e-05 1.169211438784704484e-05 3.632762108296190855e-06 6.068495086329633426e-07 4.301447020737410165e-08 1.114158798329205009e-09 4.769284868460833888e-11 2.768414994957212114e-12 1.903377567711797428e-13 1.483799434412615703e-14 1.282082098790787596e-15 1.210685869825303904e-16 1.237278447686876632e-17 1.357825254536571711e-18 1.591366072849444004e-19 1.981996393272054408e-20 2.609979128987438648e-21 3.621136522351441083e-22 5.274131003904129717e-23 8.067133619212762439e-24 1.286901997197348751e-24 2.142173674887249351e-25 3.706179867518280373e-26 6.666969998501824568e-27 1.242968069846881373e-27 2.396060843146861135e-28 4.759633565609876253e-29 9.805842053441889125e-30 2.076035214158468176e-30 4.522271789598495666e-31 1.012088251356735062e-31 2.326508101613182168e-32 5.493543942399473534e-33
0.000000000000000000e+00 0.000000000000000000e+00 9.554213212772589274e-284 1.519958341936717659e-232 5.738153678481531934e-197 5.643260397681291767e-170 1.954482516564399476e-148 1.118710679214097574e-130 1.061031498827009803e-115 7.357158150914584944e-103 1.033017397922044376e-91 6.570447123772996823e-82 2.229596180256564350e-72 1.460050546841170506e-63 1.284311556305295075e-55 1.603361538946589551e-48 3.282685917344481036e-42 1.298061186589666609e-36 1.159149993061966611e-31 2.701071482564956257e-27 1.868105995989944817e-23 4.297058032888648981e-20 3.639790339105646021e-17 1.241750201745099237e-14 1.848080788926411965e-12 1.288865446776398016e-10 4.494233160423153459e-09 8.317198271736240659e-08 8.651593125216607966e-07 5.360745369179037267e-06 1.475853130155244607e-05 2.500590975085196835e-05 3.378705723537482608e-05 3.969692336162990084e-05 4.227999456578827316e-05 4.166349772009245991e-05 3.832726731574739892e-05 2.881812275553036451e-05 1.457192905379510265e-05 4.739871511882379447e-06 8.403938214407448726e-07 6.402959455149028225e-08 1.799234521632171561e-09 8.168352385023631464e-11 4.964659769549241496e-12 3.549971230779292299e-13 2.864948898550008044e-14 2.554118494622963587e-15 2.478594029449449709e-16 2.597372730770195671e-17 2.919504506265157447e-18 3.493999166916351167e-19 4.442756004546201491e-20 5.951052143696172839e-21 8.409478446448188623e-22 1.246384688061524294e-22 1.935940890551186749e-23 3.130569852523004925e-24 5.276291768215030988e-25 9.259483342631303000e-26 1.688643594211602912e-26 3.178837378223642772e-27 6.183266070430076394e-28 1.247470421262112316e-28 2.591498710722911212e-29 5.534749876042534624e-30 1.216521388716288746e-30 2.755389171417533050e-31 6.405476485915086757e-32 1.518396055864052046e-32
0.000000000000000000e+00 0.000000000000000000e+00 1.188502983951684938e-282 1.739797400464110586e-231 6.045525713213990944e-196 5.491471622001322409e-169 1.755109966053316950e-147 9.300328044823529617e-130 8.135076217820991882e-115 5.219051574476836828e-102 6.776222187172624674e-91 3.986770511108665433e-81 1.243527159408626105e-71 7.462583651558422007e-63 6.006018257135774410e-55 6.851832275441991422e-48 1.282630651461759589e-41 4.636049521972249736e-36 3.786456600937084261e-31 8.072264421615318511e-27 5.109809293053582098e-23 1.077106788708346595e-19 8.365722539327376735e-17 2.620649660379821298e-14 3.586239314633598371e-12 2.303042369554617060e-10 7.405911556758806962e-09 1.267104390464653211e-07 1.222127880999099540e-06 7.054025379773217819e-06 1.852983540839002282e-05 3.053366839326529622e-05 4.053460448480662650e-05 4.712847825089387725e-05 4.993862308484525692e-05 4.918175593856560524e-05 4.538967307048258354e-05 3.460247143572487484e-05 1.806409942203446683e-05 6.153920608995179717e-06 1.158820754229734108e-06 9.508258198003555015e-08 2.903448182797176689e-09 1.399476887863220798e-10 8.920370417221085001e-12 6.642770561780734447e-13 5.550888956300105357e-14 5.103798625208684550e-15 5.100198500925389850e-16 5.484162422656685169e-17 6.308095282758996743e-18 7.718110337994156410e-19 1.001045351832354640e-19 1.367683020919232662e-20 1.964803093809278268e-21 2.964429531627632629e-22 4.669924493609248363e-23 7.674858103655418250e-24 1.315150760558923451e-24 2.334590157996418744e-25 4.301957902212882993e-26 8.206894957006064422e-27 1.619311218554568232e-27 3.293670065566665125e-28 6.924303527860548192e-29 1.496706596082429110e-29 3.325162439995338048e-30 7.584420525533392061e-31 1.776419798145424250e-31 4.262136610684693032e-32
0.000000000000000000e+00 0.000000000000000000e+00 1.585664531624040236e-281 2.112153159404811801e-230 6.747365490244604142e-195 5.632466558500459577e-168 1.660228584037209458e-146 8.096215981806753349e-129 6.532027142785922504e-114 3.859414525310276569e-101 4.621008195001599088e-90 2.507157662746621508e-80 7.167092358906098826e-71 3.930374115813684545e-62 2.885612302767895349e-54 3.002079794709532507e-47 5.121963357607469731e-41 1.687224839268971857e-35 1.256687477110226119e-30 2.444302481057525266e-26 1.413074246098882171e-22 2.722520841306213820e-19 1.935150611501996673e-16 5.553146655383263387e-14 6.971793019555925997e-12 4.113849301739331492e-10 1.218029703705705212e-08 1.922974822266261460e-07 1.717572581923456110e-06 9.227018118858438877e-06 2.312361515796337527e-05 3.705691778788788989e-05 4.833780112322064008e-05 5.561925075326554734e-05 5.864415124099526898e-05 5.772171788373296021e-05 5.344499908158543218e-05 4.131519211910144354e-05 2.227043019090014348e-05 7.949187378923754449e-06 1.591318849780806398e-06 1.407154156087786957e-07 4.678783844281491805e-09 2.397471025916103469e-10 1.604736249847943668e-11 1.245240026172838577e-12 1.079075203975607626e-13 1.024455581479722974e-14 1.053622679579627720e-15 1.163333016395184931e-16 1.372074120524806259e-17 1.715766209765164553e-18 2.272016108474484013e-19 3.168344255695713287e-20 4.636510482425621293e-21 7.101542477199406515e-22 1.138683372328981528e-22 1.902185037282237054e-23 3.295746466366470305e-24 5.954731751144531622e-25 1.110670051595769974e-25 2.145523495244990404e-26 4.278859082556778081e-27 8.822515877239065566e-28 1.867126537909121868e-28 4.084070797792464649e-29 9.167376508690427065e-30 2.111128611528626242e-30 4.990718439950521919e-31 1.211282500256547332e-31
0.000000000000000000e+00 0.000000000000000000e+00 2.246244353702689655e-280 2.730827840196715444e-229 7.994219301998756234e-194 6.119692595603391207e-167 1.653918539114147212e-145 7.407457699153640838e-128 5.493255577479044173e-113 2.981058553714420475e-100 3.280793881770746237e-89 1.636557960492631545e-79 4.278308979946887438e-70 2.135180698294619766e-61 1.425496120385796396e-53 1.348259307763446324e-46 2.089604411572571247e-40 6.258790971086832883e-35 4.239559672457509890e-30 7.504933588121876597e-26 3.950684664402665566e-22 6.938485247804032893e-19 4.502520701644544163e-16 1.181163993226684742e-13 1.357355923389890286e-11 7.343662409149818219e-10 1.998036791533403338e-08 2.906354604720512589e-07 2.400648978175869813e-06 1.199410154710267381e-05 2.867001959718001037e-05 4.468821823441685543e-05 5.728761785522269538e-05 6.524315481998465757e-05 6.846037912243181785e-05 6.735051176415345856e-05 6.257322636179706249e-05 4.905340407309058610e-05 2.730075317209806307e-05 1.021224868313790789e-05 2.174602693127124642e-06 2.075956254341733834e-07 7.527260906550235438e-09 4.106456607283343652e-10 2.889205145954434261e-11 2.339073369062867106e-12 2.103656477965893678e-13 2.064086017294941117e-14 2.186445711977832696e-15 2.481673102069230361e-16 2.999275446086528327e-17 3.839975675132727728e-18 5.195532946786447092e-19 7.384814396920293242e-20 1.101865248102476864e-20 1.719854970129202353e-21 2.799787315965485003e-22 4.754261981447187528e-23 8.363774966498545898e-24 1.530085093430098131e-24 2.890293024587318063e-25 5.657014597032575644e-26 1.145308053247157227e-26 2.386704913289367611e-27 5.115249853305766202e-28 1.128456522692478362e-28 2.555125278944766135e-29 5.958960878992925838e-30 1.423148430445096704e-30 3.477190913091280526e-31
0.000000000000000000e+00 0.000000000000000000e+00 3.430376846780662673e-279 3.772717436542933981e-228 1.007892661688449339e-192 7.054934260297036580e-166 1.745386811618243058e-144 7.149486520301520390e-127 4.849591756424597633e-112 2.410229556799502985e-99 2.431410560356018280e-88 1.111844438120306092e-78 2.646471415603632091e-69 1.199030951963780188e-60 7.255422961863166529e-53 6.214553168511684488e-46 8.728468282052329212e-40 2.368506719950688440e-34 1.454150330618164212e-29 2.336114580199977335e-25 1.117015157521393140e-21 1.783919890110603987e-18 1.053952257606121992e-15 2.520891496374267075e-13 2.645882973118001226e-11 1.309951766567872579e-09 3.268417895816629098e-08 4.372503917834688057e-07 3.335598792643150578e-06 1.549030074873852751e-05 3.531722967721875260e-05 5.355098934991094967e-05 6.748084557133392377e-05 7.609098752454572349e-05 7.948061441792912338e-05 7.817805615569640824e-05 7.290467664981944637e-05 5.797728098914684425e-05 3.333873271473264253e-05 1.307573669764502707e-05 2.962603023988466988e-06 3.054491684829377125e-07 1.209311287701538122e-08 7.033082623882691872e-10 5.205731151208663518e-11 4.401707287146094613e-12 4.111056288820498964e-13 4.173023946954849264e-14 4.558244004108121512e-15 5.321097709415902185e-16 6.599529256076262468e-17 8.649461361465231750e-18 1.196255857535833579e-18 1.734485355275036465e-19 2.637436876614273484e-20 4.193768834276244140e-21 6.946408825459098312e-22 1.197088554415414362e-22 2.139926517584349231e-23 3.972272696168507265e-24 7.626263690660006710e-25 1.513946058172116682e-25 3.098020333942268413e-26 6.516739384042010311e-27 1.416355990740729539e-27 3.164432196092033886e-28 7.236267441911571364e-29 1.701629443020085038e-29 4.110864718744033837e-30 1.010060799294129703e-30
0.000000000000000000e+00 0.000000000000000000e+00 5.639267366083053825e-278 5.590719483652120163e-227 1.356074205505295988e-191 8.657968205839444383e-165 1.950947922238360272e-143 7.285418125123054772e-126 4.505556270419456755e-111 2.043602338030445107e-98 1.882881185811064088e-87 7.865462468685899209e-78 1.698408020627374897e-68 6.959079785356411470e-60 3.804907398048660596e-52 2.941992717060121140e-45 3.731777527537425275e-39 9.146407663926564259e-34 5.075962149203017499e-29 7.376078782293555662e-25 3.194151591424823411e-21 4.626044030404371737e-18 2.481664827597946249e-15 5.399271155867356806e-13 5.163344029933419628e-11 2.333731688878151024e-09 5.328919754461916451e-08 6.545727594282045035e-07 4.607763992210798539e-06 1.988715983592913080e-05 4.327648758208496740e-05 6.388747758289103343e-05 7.921711662502449501e-05 8.853230191095894607e-05 9.217097956888296514e-05 9.080705462291967190e-05 8.517447584716384508e-05 6.892146928137924517e-05 4.108855024698145292e-05 1.693608037533559361e-05 4.079102437992806355e-06 4.520137092448528630e-07 1.946711175781705525e-08 1.206177970710121238e-09 9.396941209446475892e-11 8.303351141739989693e-12 8.062697436213303090e-13 8.471966484583967349e-14 9.544353994987688090e-15 1.147283993097594133e-15 1.459260318319665147e-16 1.961325649369975998e-17 2.772997403023290772e-18 4.111044900809582545e-19 6.375411429909397878e-20 1.032267061979898940e-20 1.739375935359604143e-21 3.045654309389859479e-22 5.545037649952962731e-23 1.040872679146657909e-23 2.031811580197744335e-24 4.082090328369289691e-25 8.447347168134483203e-26 1.804325566683684913e-26 3.957565840921844875e-27 8.953615482993464962e-28 2.074017939616308605e-28 4.925959912393047139e-29 1.198328408053215489e-29 2.988821119152878405e-30
0.000000000000000000e+00 0.000000000000000000e+00 1.001056456093061141e-276 8.914417498060914764e-226 1.963247459449811683e-190 1.133081509310274256e-163 2.319382357523410403e-142 7.862794224611207454e-125 4.415074109531432569e-110 1.820134572352710660e-97 1.525622777697795639e-86 5.805583802477155782e-77 1.133932412469009346e-67 4.187020797882723643e-59 2.058875982518086164e-51 1.432790980577738235e-44 1.634833767051942256e-38 3.607149568251667091e-33 1.803543991932752355e-28 2.363327050415302648e-24 9.239734336846012529e-21 1.209835644664054775e-17 5.878221704037233902e-15 1.160037523280322968e-12 1.008276120464315803e-10 4.151164608071295666e-09 8.658976885125493199e-08 9.761911367596986621e-07 6.353350104828805087e-06 2.559613849590990398e-05 5.337089045891947625e-05 7.695348790980787237e-05 9.418792896721773708e-05 1.047081147729280332e-04 1.091288823578235819e-04 1.082641853111422913e-04 1.028707973807895123e-04 8.562195262631752321e-05 5.386232752700035377e-05 2.375508471845751176e-05 6.115759603107294571e-06 7.169984093814270099e-07 3.264539026192029300e-08 2.124482424928192902e-09 1.729154615894162755e-10 1.589943898231239432e-11 1.601417269282537601e-12 1.740175721401315423e-13 2.022916599068105482e-14 2.499659543477979420e-15 3.266385503635855311e-16 4.496050415105249288e-17 6.502218212978039641e-18 9.855753735316714552e-19 1.560371527322720961e-19 2.574754108518334533e-20 4.422356799606789016e-21 7.877997447048295697e-22 1.455635699568423641e-22 2.785892354569931419e-23 5.503389097553403783e-24 1.122753335118730906e-24 2.363660046775108377e-25 5.120168969316015511e-26 1.138987896369986670e-26 2.607149283727633497e-27 6.123270053855933537e-28 1.477453377024727891e-28 3.649181151240717164e-29 9.248356545330354133e-30
0.000000000000000000e+00 0.000000000000000000e+00 1.930397041875465467e-275 1.540151732182933301e-224 3.051314463083337567e-189 1.592505912632602438e-162 2.942947345478659671e-141 9.011124599937079115e-124 4.582670010233461533e-109 1.710501751807515608e-96 1.299330692217017046e-85 4.480472692761059500e-76 7.884467220353353504e-67 2.612848107821566724e-58 1.151651063977441433e-50 7.181507957397295197e-44 7.345769534814233263e-38 1.453868829912286278e-32 6.525479626248402172e-28 7.686301091094801790e-24 2.704641593346478294e-20 3.192058204829352744e-17 1.400261748840580756e-14 2.499596550019797000e-12 1.969790971962182694e-10 7.377266284791759346e-09 1.409204879104429590e-07 1.473931889699214621e-06 9.045801406388110584e-06 3.461796078026535512e-05 6.960375458315216544e-05 9.825928617801795123e-05 1.189424846838177261e-04 1.319435250455547293e-04 1.383368369668196065e-04 1.391835897102465893e-04 1.352881612376888190e-04 1.182678877991490270e-04 8.211864373106053791e-05 4.149229978239433813e-05 1.227349950205575974e-05 1.570028020582946499e-06 7.273905097691918608e-08 4.765463058713259538e-09 3.927503296207135303e-10 3.677466581057119178e-11 3.782528590991619062e-12 4.209231518306752357e-13 5.021398147476795030e-14 6.372507523771252443e-15 8.569293205173716906e-16 1.215771052561728899e-16 1.813809111301576967e-17 2.841157342424547976e-18 4.661615809802443709e-19 7.985233520178463185e-20 1.428426814319023066e-20 2.667106198484649738e-21 5.187992819009353499e-22 1.049589954733851944e-22 2.212456020105580353e-23 4.856911614525582059e-24 1.107175789066899826e-24 2.621908931053677764e-25 6.469814156102719222e-26 1.658840227395921776e-26 4.418185090232696032e-27 1.223108073168092280e-27 3.512758127338394302e-28 1.046960461116209223e-28
0.000000000000000000e+00 0.000000000000000000e+00 4.066781074308690771e-274 2.893896093901229066e-223 5.136555804202494265e-188 2.407599989119368613e-161 3.999566632190700074e-140 1.102638036266549808e-122 5.044062204260592062e-108 1.696136146034393599e-95 1.163368531010944618e-84 3.625056630525199912e-75 5.719627244924335427e-66 1.693885938864795674e-57 6.665618554206206679e-50 3.708917701691696872e-43 3.388105361515221556e-37 5.991485468186035001e-32 2.405750357109953882e-27 2.537500469456550730e-23 8.009235815474185885e-20 8.495151435476451317e-17 3.354207213072500652e-14 5.405276590595268468e-12 3.865494424567140750e-10 1.333686889424014467e-08 2.424470817632488981e-07 2.507783371046655712e-06 1.531062020519599826e-05 5.561959258669555150e-05 1.046557839070650676e-04 1.411364276834982748e-04 1.660596714885853608e-04 1.816991761568520004e-04 1.902453870284773738e-04 1.932512800368663055e-04 1.917278616804820560e-04 1.775737162495785162e-04 1.418067112710270656e-04 9.079600510703559257e-05 3.731671840149614853e-05 6.579475807747999842e-06 3.675214916782778389e-07 2.628564334756529567e-08 2.322604912127415040e-09 2.331344685705632026e-10 2.585947169042389529e-11 3.125797459108508213e-12 4.084962309699980213e-13 5.729241617802385148e-14 8.599124371044369002e-15 1.374383444371973665e-15 2.329414213962365054e-16 4.181280623754207622e-17 7.910879086074789929e-18 1.576315387731409632e-18 3.298767091663105989e-19 7.224550598885066335e-20 1.655918411622128192e-20 3.940371036572228701e-21 9.802530234521829285e-22 2.526322721749322016e-22 6.744937443769030554e-23 1.862386475391828741e-23 5.316939505953910204e-24 1.563654868347031354e-24 4.734337231541922399e-25 1.475784230493464170e-25 4.720869469851383170e-26 1.548740356185558716e-26
0.000000000000000000e+00 0.000000000000000000e+00 9.414508796103147870e-273 5.921411634123336658e-222 9.396323791979998728e-187 3.930919141961335051e-160 5.840631549764461698e-139 1.441488968520870194e-121 5.912417416821686753e-107 1.783827905008975879e-94 1.098683365266050324e-83 3.079388779449239977e-74 4.337913672815112387e-65 1.142972297935075084e-56 3.998430827514960573e-49 1.977300049778449880e-42 1.605266066639810117e-36 2.526359973019071776e-31 9.040900743449996385e-27 8.509856567433473671e-23 2.400902339215710458e-19 2.280879323706011757e-16 8.106964391633344053e-14 1.194087209839303423e-11 8.173168025386829985e-10 2.933898575498654264e-08 5.940678446536755345e-07 6.652879162477529096e-06 3.815428695656562704e-05 1.116010438323115775e-04 1.757847072804502001e-04 2.143903773842795461e-04 2.379263759488667762e-04 2.518925970740009518e-04 2.594751222134114338e-04 2.624679549566798741e-04 2.618838716595319610e-04 2.518351359973170357e-04 2.248272405718107980e-04 1.805632623215493420e-04 1.145765790281414153e-04 3.962750895412514714e-05 4.060079153662738452e-06 3.849903367743067609e-07 4.096008120806513364e-08 4.794482899503196840e-09 6.122852986633081969e-10 8.474643931732475603e-11 1.262815192028781172e-11 2.013887706222285111e-12 3.421564380831740362e-13 6.167816621875415595e-14 1.174657982951620195e-14 2.351899845221163313e-15 4.947811504038838811e-16 1.088082845910699390e-16 2.494615109682527577e-17 5.964083191229598901e-18 1.479739892123578814e-18 3.812650579935840339e-19 1.014624581504604694e-19 2.799082990743759750e-20 7.949026361651790997e-21 2.328938622626186569e-21 7.012468507283340177e-22 2.172587670315087351e-22 6.915201617188006881e-23 2.249081306468352866e-23 7.512367582882730812e-24 2.570799396266462950e-24
0.000000000000000000e+00 0.000000000000000000e+00 2.406025373984835591e-271 1.335200960896284179e-220 1.876020269569886339e-185 6.972734446124986142e-159 9.211213657025422379e-138 2.025015922299369110e-120 7.398994268039619341e-106 1.993374289410980643e-93 1.097694069000261378e-82 2.753326554861179662e-73 3.446234119567725841e-64 8.039223698482615840e-56 2.488504438523535391e-48 1.088614800100879868e-41 7.826548830902058852e-36 1.091517807515009258e-30 3.465688128685125461e-26 2.900001724309647676e-22 7.308820409422600258e-19 6.323731485921499030e-16 2.196838916211312462e-13 3.673689221997456664e-11 3.274320232220867357e-09 1.517872679551953723e-07 3.392389135038694573e-06 3.179292230411836920e-05 1.158233936488076751e-04 2.140431091486728714e-04 2.691023259912520720e-04 2.966483713604683601e-04 3.121818756491509788e-04 3.209573640879340335e-04 3.253780842416120864e-04 3.266819160778935537e-04 3.255119621643738441e-04 3.176544074805657874e-04 2.983998952542554674e-04 2.681617381190800134e-04 2.207335125042981443e-04 1.440598099599907714e-04 4.626154168605221768e-05 8.931660549308452455e-06 1.376405773832501191e-06 2.011680449008663836e-07 3.003834781891212390e-08 4.701274703814162156e-09 7.769333081351794026e-10 1.359297106149177859e-10 2.509585371829133508e-11 4.885794457937076736e-12 9.995570761353162573e-13 2.146828121111350007e-13 4.812521742882304827e-14 1.127819444027471642e-14 2.752924619153400520e-15 6.978722498521332764e-16 1.837415056134543589e-16 4.998739574548421778e-17 1.407258687896819472e-17 4.075600444765068608e-18 1.220057634512362750e-18 3.763491705168294069e-19 1.190886927031970755e-19 3.866489471217788971e-20 1.287811863385944882e-20 4.392901823194354728e-21 1.538841539479675268e-21 5.494383423960124492e-22
0.000000000000000000e+00 0.000000000000000000e+00 6.822839356041096821e-270 3.324056215410250887e-219 4.111071856965195361e-184 1.350325036466979176e-157 1.575260102786272931e-136 3.065196354257292484e-119 9.929278243576986794e-105 2.374576671794773219e-92 1.163459105069252810e-81 2.600326907713500175e-72 2.876320630414744104e-63 5.911895625077894511e-55 1.609990841577862378e-47 6.201544809002286645e-41 3.927227643309464015e-35 4.834176102777242125e-30 1.362914191340298064e-25 1.048254449524663896e-21 2.810374083549226124e-18 3.460772428380808545e-15 2.000616648220495493e-12 4.887502805539990444e-10 5.100374059100892857e-08 2.242143381636921575e-06 3.332610655033005440e-05 1.373476998197796387e-04 2.455679220819972117e-04 3.157450470387232651e-04 3.489281388051063289e-04 3.651842470300742448e-04 3.744343937014899069e-04 3.796814297877907371e-04 3.822065227712113629e-04 3.826027227464673364e-04 3.811651336030583452e-04 3.739925558427189861e-04 3.575040531622317489e-04 3.338578609936085611e-04 3.006999368832703203e-04 2.512173845475912837e-04 1.719165332265674593e-04 9.659508799875329626e-05 3.980933727489271138e-05 1.154147366451700575e-05 2.629497396164668563e-06 5.383057665528670349e-07 1.076036781565034174e-07 2.177738003836005001e-08 4.539206053535536682e-09 9.808690703043893736e-10 2.207388279829289830e-10 5.159278094278382250e-11 1.256180318778219044e-11 3.179054154476594283e-12 8.339589871481363646e-13 2.270223754034834292e-13 6.390706919581846910e-14 1.859859102840953391e-14 5.593891481917861669e-15 1.732511133247722220e-15 5.521996846077637020e-16 1.812526780782119426e-16 6.104416302258405408e-17 2.113151508470839783e-17 7.485540985447433727e-18 2.721531592152238941e-18 1.009594673935794038e-18 3.834681234132599074e-19
0.000000000000000000e+00 0.000000000000000000e+00 2.178765894732485286e-268 9.202377896673516425e-218 9.943712641610385251e-183 2.864506854479817494e-156 2.938638717785341529e-135 5.026575669883165108e-118 1.434856943154025176e-103 3.028958779057788619e-91 1.311443688779652862e-80 2.598048179635126802e-71 2.526207372186631226e-62 4.549563217289428920e-54 1.084582751943906690e-46 3.662585054737318132e-40 2.058832160734760901e-34 2.484075193794231879e-29 1.018625373701938579e-24 1.800773872787477670e-20 1.017457930843660655e-16 1.675727516261039589e-13 9.501078651237835892e-11 2.168969459713474521e-08 1.908915258484397946e-06 4.273691880186596224e-05 1.736921212572181369e-04 2.848367280328227840e-04 3.508545984283289705e-04 3.917279819269897222e-04 4.124643153591792816e-04 4.232851988423965111e-04 4.300324507110654258e-04 4.343902785276199064e-04 4.369458828832899666e-04 4.378825465561691447e-04 4.372000039533987538e-04 4.305775950475804583e-04 4.142721510390574347e-04 3.913734355688019279e-04 3.615033437510985475e-04 3.236584991428521560e-04 2.741969994414201832e-04 2.270622886773513804e-04 1.786253444323542385e-04 1.285311734858999146e-04 8.022360442132125534e-05 4.073681037204225435e-05 1.631936311737152635e-05 5.357210879006062537e-06 1.556190439734688603e-06 4.272178789405767929e-07 1.154050580130807087e-07 3.137256224434509489e-08 8.662439592794009061e-09 2.451783418789804075e-09 7.112681952887542649e-10 2.126036714517429271e-10 6.531586761193504603e-11 2.064684323540248156e-11 6.706777736899112386e-12 2.237185970939538981e-12 7.675574603167709369e-13 2.698073256971737698e-13 9.702051473857335293e-14 3.586902191259269912e-14 1.354870209338748061e-14 5.224209354560416589e-15 2.059647091328677616e-15 8.311209610571089230e-16
0.000000000000000000e+00 0.000000000000000000e+00 7.820507106191834264e-267 2.856446855702671198e-216 2.683510356433827844e-181 6.717968683889760172e-155 6.005909787617394471e-134 8.973896702230039614e-117 2.241033937182013988e-102 4.150403576198575406e-90 1.580596718097855864e-79 2.757802403902380731e-70 2.343507224821894192e-61 3.688393433455486096e-53 8.108087563254807519e-46 3.820060048603396631e-39 6.918835532726493369e-33 2.996228949343517609e-27 2.316997507897007732e-22 3.570078777473469186e-18 1.440293001921320268e-14 2.051844343537827600e-11 1.141068141228162181e-08 2.120299434253068999e-06 6.397311223819113180e-05 2.213172843027140567e-04 3.276134032404382553e-04 3.877840125684560543e-04 4.268073943448975243e-04 4.549843109062996944e-04 4.703772839339812116e-04 4.793365074228694215e-04 4.860798259588746924e-04 4.914714060419158540e-04 4.956225855710901310e-04 4.984072256674772997e-04 4.996837075244644783e-04 4.945227815720872749e-04 4.784361993758317602e-04 4.544377319545556950e-04 4.220401356995179655e-04 3.824961120700350200e-04 3.414772823005802344e-04 3.106892998413821982e-04 2.819909418570770059e-04 2.527285104480828061e-04 2.221584817120429722e-04 1.901667770474004318e-04 1.569387787386989535e-04 1.230329486080337551e-04 8.966489107924127872e-05 5.903011182709423817e-05 3.415039100147132967e-05 1.713244035526642958e-05 7.562422318196618868e-06 3.036681878734159654e-06 1.152055693345933180e-06 4.241911283850408532e-07 1.547845907805752594e-07 5.652354560069212304e-08 2.085554847123489506e-08 7.786991757265380799e-09 2.957712597904383947e-09 1.143653101892477398e-09 4.490093277719650286e-10 1.800205682168836360e-10 7.343795260905912172e-11 3.048965208290534232e-11 1.292443240595716278e-11 5.581143775074093597e-12
0.000000000000000000e+00 0.000000000000000000e+00 3.215913504386025121e-265 1.001635892113645847e-214 8.091975870707627939e-180 1.750916426432111119e-153 1.352972575730374880e-132 1.752023938661520648e-115 3.804693571572367088e-101 6.138130378182472623e-89 2.045158428938972158e-78 3.236516296940839769e-69 3.728943276921861774e-60 2.653921802453535906e-51 3.622448567079269079e-43 5.336349209453577588e-36 9.073797813137344891e-30 2.144554914216231800e-24 9.467151202103712802e-20 1.184066999728587749e-15 5.213799170488181100e-12 7.873000257098587411e-09 3.174544578814822805e-06 1.033595686384767708e-04 2.762992889171701685e-04 3.731201561296087587e-04 4.263817371710632151e-04 4.635621092965457090e-04 4.933736337703161423e-04 5.159308652953235137e-04 5.287562816576601033e-04 5.379416245701286936e-04 5.463905141172229743e-04 5.542234068894054790e-04 5.611818428404882720e-04 5.670231395887028424e-04 5.715044026378101596e-04 5.697994315992535802e-04 5.567432827386587174e-04 5.336680118753706417e-04 4.978889554891446608e-04 4.490751193659720279e-04 3.999956721321332566e-04 3.709632665530768984e-04 3.488134789150647329e-04 3.288932019812002895e-04 3.097842232319779473e-04 2.908556017153272693e-04 2.717427815875012097e-04 2.522341794532497838e-04 2.322213362494709055e-04 2.116894737012602230e-04 1.906516462270616778e-04 1.691935063115256011e-04 1.474728697999024593e-04 1.256139649027910817e-04 1.039329776453981293e-04 8.280891424760498715e-05 6.287027542677608516e-05 4.501105994771701057e-05 3.011800860946272360e-05 1.872347958518324915e-05 1.085551560584984874e-05 5.935980383821284091e-06 3.098878301877464350e-06 1.569871233909439516e-06 7.776954209796454759e-07 3.819934474606851842e-07 1.869660346441776345e-07 9.162189837529421168e-08
0.000000000000000000e+00 0.000000000000000000e+00 1.520028193554520432e-263 4.004607179975212650e-213 2.761527824079598446e-178 5.106184578646153637e-152 3.386225987776380010e-131 3.776536850524712458e-114 7.399964692383736707e-100 2.041885496450842058e-87 5.025701715855099091e-76 7.071496575526559947e-66 3.917133356765147602e-56 2.889487570043692522e-47 1.971259585013188546e-39 1.334862064637896432e-32 1.150011406755723380e-26 2.075437831868419159e-21 1.102722460721155439e-16 1.705765582808299408e-12 7.579676754868518142e-09 6.516071345545603452e-06 1.639100440017072472e-04 3.363043397728594222e-04 4.217799201873077006e-04 4.679244491016208425e-04 5.020877133673244327e-04 5.341586505130621089e-04 5.603823963459506367e-04 5.787111601132010003e-04 5.904790603942645499e-04 6.014714438096422635e-04 6.128065912690976213e-04 6.240241089126735176e-04 6.347434842476935976e-04 6.446811118004762420e-04 6.535915302027640959e-04 6.581167270982481859e-04 6.535087530771920960e-04 6.384019832577077051e-04 6.057334892782613618e-04 5.470799831841092250e-04 4.765363196245584886e-04 4.362809548234392715e-04 4.102587638689170007e-04 3.901422192647563685e-04 3.728526072582072208e-04 3.573386810259375880e-04 3.430707069535948468e-04 3.296628359417169327e-04 3.168099503581040433e-04 3.042543664741671522e-04 2.918643733862585129e-04 2.795106439195033966e-04 2.671266835106186183e-04 2.546867402045695748e-04 2.421584611944127595e-04 2.295086057334652164e-04 2.167729137398588459e-04 2.039626053803412305e-04 1.910751980485710284e-04 1.781369225002068558e-04 1.651759819987034530e-04 1.522148166369924479e-04 1.392921371836739603e-04 1.264514046192569900e-04 1.137234950894619218e-04 1.011884034829977394e-04 8.893698320087826048e-05 7.697464727118419998e-05
0.000000000000000000e+00 0.000000000000000000e+00 8.363753618150213491e-262 1.848302809678986838e-211 1.076300379576674773e-176 1.822026319177613871e-150 3.510042757111147135e-129 5.841342712900142963e-111 1.545554519334479125e-95 2.204039533393487286e-82 4.665869088069986687e-71 3.298087808063115859e-61 8.280894411859244639e-52 2.705769919631417416e-43 8.714585250505521637e-36 4.284275296364716434e-29 5.054685210622408711e-23 1.269697950211724057e-17 7.583902311464230881e-13 1.087448857783289850e-08 1.772634690087195297e-05 2.418042522119420365e-04 4.011095109738556461e-04 4.743887905625780331e-04 5.141317579442716097e-04 5.441375302955566914e-04 5.768110591810453628e-04 6.088902291771277481e-04 6.315742281645602514e-04 6.454359563721641640e-04 6.573829204325851595e-04 6.711311503619608876e-04 6.859855491462142456e-04 7.012019902000604394e-04 7.163730207874355414e-04 7.312110626434021330e-04 7.455658383985092627e-04 7.585753387937359520e-04 7.679779943898316355e-04 7.713678082542037079e-04 7.590800002973983667e-04 7.077375965491559430e-04 6.122203203240564676e-04 5.463578966217794543e-04 5.036021433136946999e-04 4.735524741435875873e-04 4.501607368980032968e-04 4.303904188643595426e-04 4.131181120828405378e-04 3.978946881689770804e-04 3.844432273763155757e-04 3.724315834827809707e-04 3.615157236495803329e-04 3.514461473317683632e-04 3.419918082057279139e-04 3.330234155833538081e-04 3.244250130461907942e-04 3.160949997731545631e-04 3.079868379012050731e-04 3.000825220499981380e-04 2.922916035514357960e-04 2.846226518903049747e-04 2.770522881001212501e-04 2.695280501908399809e-04 2.620934064417684514e-04 2.546862225040255200e-04 2.473491505046445066e-04 2.400336378120158595e-04 2.327785199096654766e-04 2.255319717490022894e-04
0.000000000000000000e+00 0.000000000000000000e+00 7.035777273885399847e-260 1.214249263361273301e-208 1.746467785828697162e-172 5.572361418857658386e-145 4.670694889382338193e-123 4.724041956266982221e-105 5.743476323831471646e-90 3.741056390440321531e-77 3.650378617133628935e-66 1.204382341328554319e-56 1.414093447895222961e-47 3.395686751838424062e-39 1.854330309079718595e-31 1.429564294273374881e-24 1.850125983703904687e-18 4.961745932344140645e-13 2.527806632454577675e-08 5.463425779761250711e-05 3.334618409705547072e-04 4.722052852638515584e-04 5.324250642097334493e-04 5.669759684804367419e-04 5.925317889346048018e-04 6.228914034589665225e-04 6.600454919436589320e-04 6.917116986408613274e-04 7.093968073268227398e-04 7.180795734036996784e-04 7.306625114379371178e-04 7.475072820796917553e-04 7.662048963260006560e-04 7.857909338633832941e-04 8.058279139697918387e-04 8.260743625893953498e-04 8.464686816557754050e-04 8.684255581124785761e-04 8.937263344753569854e-04 9.223928614965871357e-04 9.496055435463464540e-04 9.471912081765807966e-04 8.641301868911775100e-04 7.706250164719544854e-04 6.969681445801804683e-04 6.425565674082432937e-04 6.020221826212760830e-04 5.698392281372228075e-04 5.423009201082074071e-04 5.176774126460201341e-04 4.955210786954234023e-04 4.758177873633560612e-04 4.585108778001604395e-04 4.433767790505386977e-04 4.300752177155221291e-04 4.182362871307536336e-04 4.075497607261323123e-04 3.978161438441647161e-04 3.888393149605105618e-04 3.804862289652253897e-04 3.726952441931129776e-04 3.653558188777590999e-04 3.584188918467539958e-04 3.518591266900133996e-04 3.455913376136165527e-04 3.395899141752241855e-04 3.338487774467983784e-04 3.282957548659506584e-04 3.229511104074426066e-04 3.177355134954485067e-04
0.000000000000000000e+00 0.000000000000000000e+00 6.348032311406088420e-253 2.037799993402952909e-201 1.429089581834391166e-165 2.016784598674936514e-138 7.403521992684240589e-117 3.278299247277007740e-99 1.755387669629765327e-84 5.101796827082313945e-72 2.447588089355554391e-61 7.628253773243531521e-52 2.133915550195022274e-42 8.904777302765671281e-34 4.574899955256843387e-26 3.804562876538914401e-19 5.373894792344347889e-13 1.050951137082117799e-07 1.455358980595428771e-04 4.411951667364392374e-04 5.531173815046118609e-04 5.988359868384975646e-04 6.290777153397978348e-04 6.509701593669625077e-04 6.758496155961270929e-04 7.148307311295838077e-04 7.569579743545804679e-04 7.862758221867448098e-04 7.965494103023308681e-04 7.988662664173416025e-04 8.115700833050909719e-04 8.313921252732040532e-04 8.540205917604378914e-04 8.781359962630029157e-04 9.032266041894257327e-04 9.290645405036309550e-04 9.556565466514283739e-04 9.858016208371370333e-04 1.024826245057215137e-03 1.076886855151813717e-03 1.146462150079148546e-03 1.222338082596836385e-03 1.244162136329846763e-03 1.184253548967893407e-03 1.095856555370920997e-03 1.010162480436196030e-03 9.393805064825698275e-04 8.840458875925283084e-04 8.400023243919051141e-04 8.022616621236128504e-04 7.672405781079134077e-04 7.333476231840164051e-04 7.006018964601656721e-04 6.697479946498606810e-04 6.416069171640277451e-04 6.164291453471233782e-04 5.941585823517314116e-04 5.745505524489734556e-04 5.571568808371547919e-04 5.415293973887628587e-04 5.273794322964069168e-04 5.143738375411012953e-04 5.023771934178472001e-04 4.912325635237612667e-04 4.809212822177387470e-04 4.712420917655759582e-04 4.622104076941445654e-04 4.537593516953310376e-04 4.458308631457510865e-04 4.384132853656245413e-04
0.000000000000000000e+00 0.000000000000000000e+00 2.440056121811445953e-245 3.521223115497975369e-194 1.072217973021100691e-158 6.453034931758394716e-132 1.003468214431353867e-110 1.905894815608816695e-93 5.569390670118190179e-79 3.079349151102610884e-66 5.046818812122428703e-55 2.405492529907154172e-45 4.794547793097956556e-36 2.091341394627251857e-27 1.307656205393398962e-19 1.136975006906172141e-12 8.505358012111876605e-07 3.017180364239132836e-04 5.738019365520568042e-04 6.507152583747107932e-04 6.792700760881318278e-04 7.045731424951290909e-04 7.247270755079915578e-04 7.406184094551813112e-04 7.769131518813639919e-04 8.273983507084535114e-04 8.736722998133560330e-04 8.971234140592683134e-04 8.961230822026402826e-04 8.904576131034719517e-04 9.022486921939744733e-04 9.244711799798937873e-04 9.507972070682721129e-04 9.793816240011418619e-04 1.009536804757781795e-03 1.040994468029386678e-03 1.073709161242122683e-03 1.111316800176046730e-03 1.161240647337967533e-03 1.231509861759880458e-03 1.333550551779849646e-03 1.469545907376019860e-03 1.629696394839044412e-03 1.726840270511531680e-03 1.744171914151166312e-03 1.699501242413091083e-03 1.626133575098249713e-03 1.551173242004600045e-03 1.488760417469469364e-03 1.442169570307966957e-03 1.408026050253353501e-03 1.379989658695115031e-03 1.351487650171200906e-03 1.317822337254472356e-03 1.277620401368869275e-03 1.231827174054694711e-03 1.183418971132646188e-03 1.135453305183183222e-03 1.090043149332571440e-03 1.048725918743467723e-03 1.011844888301174396e-03 9.791671283900539851e-04 9.501483158401754624e-04 9.241794196289665735e-04 9.005170943903183537e-04 8.786873060611214998e-04 8.582687281684233749e-04 8.390522550710469282e-04 8.208031180625216137e-04 8.035568560442458812e-04
0.000000000000000000e+00 0.000000000000000000e+00 9.102460737998115282e-238 5.679201610117479972e-187 7.226408666046566248e-152 1.876566611812903859e-125 2.985470983933106464e-104 2.899761719811716186e-86 3.226156751023677603e-71 1.450711896451824405e-58 1.371306077242139781e-47 7.437673381099948837e-38 1.933263592500192674e-28 9.806624384377422973e-20 5.990731232871729156e-12 1.225942869928005696e-05 5.471850440608833598e-04 7.501470508287100009e-04 7.775281910905749907e-04 7.839723566048998737e-04 8.004279774641351710e-04 8.219707266964367421e-04 8.248474770825408708e-04 8.518031841589484426e-04 9.069438208925439428e-04 9.703751919548220381e-04 1.018751371891943053e-03 1.029253781330501756e-03 1.011235526605020092e-03 9.959309179422076112e-04 1.006150566253874229e-03 1.030109184976169771e-03 1.059634113310053668e-03 1.092404870469205992e-03 1.127426628388132060e-03 1.164365834858094870e-03 1.203151705387368268e-03 1.247782201640219293e-03 1.307192204813996048e-03 1.392744859264916828e-03 1.522733937754370973e-03 1.698173019718391286e-03 1.919927727621747234e-03 2.161686148411979657e-03 2.398207449344794736e-03 2.582709855704616846e-03 2.690988030851896185e-03 2.730945840215055331e-03 2.730236202781485214e-03 2.719833067213289247e-03 2.724119831886684211e-03 2.757699139097864044e-03 2.825907681336451999e-03 2.926388543544657019e-03 3.050005336016521629e-03 3.180246016376832036e-03 3.296826996086360626e-03 3.380112924399457375e-03 3.415761011425494896e-03 3.401440738778539578e-03 3.344021668715520864e-03 3.257872517762249506e-03 3.157914161248307188e-03 3.056283566841853320e-03 2.962134903276633126e-03 2.878776451473534330e-03 2.809314705335410993e-03 2.752103000575724465e-03 2.705257462444716609e-03 2.666474923920808190e-03
0.000000000000000000e+00 1.460532158953600972e-318 3.296845554988555390e-230 1.445566787140680123e-179 1.096534040677153467e-143 2.245754276609086649e-116 7.637026725292378830e-95 2.371551139517385764e-77 1.706173315883921180e-62 1.081091015265065616e-49 1.359877990908474943e-38 8.565822485715960350e-29 2.593282199283794500e-19 1.130366489798409259e-10 1.528641424224622028e-04 9.918058532367324698e-04 1.011698906417774282e-03 9.570353787828708063e-04 9.309172025920943233e-04 9.285544818707859496e-04 9.551046259891643898e-04 9.415908625595986866e-04 9.474829928172538978e-04 1.002305570198029627e-03 1.080504131099695262e-03 1.158915068039753247e-03 1.202133688924646041e-03 1.186690321169787607e-03 1.144818674963569332e-03 1.119040886393716421e-03 1.127857233971113655e-03 1.153397321172856772e-03 1.185884633324783789e-03 1.222581242157593602e-03 1.262393863942366757e-03 1.304730611733345008e-03 1.349535917823153431e-03 1.401036062505150396e-03 1.469251290026382878e-03 1.568933398568625372e-03 1.728838826858094483e-03 1.954050507103786190e-03 2.194874102689008642e-03 2.460192546933648913e-03 2.818163183426181193e-03 3.248568654167071062e-03 3.700758276980554984e-03 4.130156725125139899e-03 4.512022596974302538e-03 4.842017837206128751e-03 5.138296449079829409e-03 5.437764764754284517e-03 5.792641088502695906e-03 6.269887847440195304e-03 6.959240683653633922e-03 7.988375655363894046e-03 9.604463891728269934e-03 1.218347312285191462e-02 1.655027586137226142e-02 2.402132665204086484e-02 3.585012488948667586e-02 5.104796741419310308e-02 6.687334954080541294e-02 8.112630542831282543e-02 9.288181556431676644e-02 1.020687050438051496e-01 1.090426438680306698e-01 1.142606728164182323e-01 1.183038759412146645e-01 1.216806769162192825e-01
0.000000000000000000e+00 8.733974174106258570e-309 1.877202056820894715e-219 3.699477389810990654e-168 9.699388356141468839e-133 4.690989757101499879e-106 1.843739929045252953e-84 9.888782415075373335e-67 8.674400976014653702e-52 6.170180224461703614e-39 9.676990377613568973e-28 6.860665135572098435e-18 1.309530586337352347e-08 1.574041193035992338e-03 2.120982199492530123e-03 1.462702727950313279e-03 1.237669343217983383e-03 1.153496787415993902e-03 1.111252495795012540e-03 1.143115183348130618e-03 1.113993946967835498e-03 1.077786395901661346e-03 1.122571787228370107e-03 1.213815599780536034e-03 1.322189194609663327e-03 1.413882873360426066e-03 1.432676374663520826e-03 1.371979707715791303e-03 1.300797536526071205e-03 1.265148062019928916e-03 1.273292394029911651e-03 1.300950084830568938e-03 1.336909742776879557e-03 1.378119233521708179e-03 1.423177139760429437e-03 1.471516778517481354e-03 1.522818194090587354e-03 1.581671661219121545e-03 1.658542878409375232e-03 1.771488583017332427e-03 1.963392961946944845e-03 2.263779484844049075e-03 2.565997539005947497e-03 2.802149755763981218e-03 3.144865120327640373e-03 3.665951922955541179e-03 4.373493690760282306e-03 5.242367230187959352e-03 6.245564633655003792e-03 7.381634440818942745e-03 8.680493912189612971e-03 1.022243380348352056e-02 1.207902780458215176e-02 1.440802222906701485e-02 1.752703009209762020e-02 2.188867290019999925e-02 2.843139074266036112e-02 3.827181643622761670e-02 5.250242068185541344e-02 7.106841981071171377e-02 9.311677493886040546e-02 1.173853869281547141e-01 1.427051723086867618e-01 1.681378411156817243e-01 1.929068638602799146e-01 2.164134095782279110e-01 2.382476768545952195e-01 2.581821671828884446e-01 2.760769937478428360e-01 2.919512180688081937e-01
0.000000000000000000e+00 1.225289653519312702e-295 4.946032678394308647e-207 6.261083197171868182e-156 4.032911540222574960e-120 3.399792921846897247e-93 1.263960694560022108e-71 7.888650615040732836e-54 8.869089202005289018e-39 7.760199807126135122e-26 1.209136753618477870e-14 1.373089271717914647e-05 2.164692489172332091e-01 1.055631840256667647e-02 2.457505197923421161e-03 1.741790207934970029e-03 1.523806840008727235e-03 1.395742369692937667e-03 1.419040425741026302e-03 1.385616311817325537e-03 1.270193729885128872e-03 1.282407803866066976e-03 1.384806595090719251e-03 1.525492890023345208e-03 1.673053847923549600e-03 1.761375110968954648e-03 1.717540155460742192e-03 1.589566485257384561e-03 1.486873769701852919e-03 1.442937359555555290e-03 1.451291924244010705e-03 1.482112034545237387e-03 1.522879810213945617e-03 1.570061486594788967e-03 1.622108053692917660e-03 1.678146617282417173e-03 1.737782748857741658e-03 1.805837378552397352e-03 1.892771211303371408e-03 2.018976655314164061e-03 2.243986616484570755e-03 2.645699536818441316e-03 3.108107222950261695e-03 3.368743479788650647e-03 3.645552667599786904e-03 4.110863791977462968e-03 4.883457051917254252e-03 6.067401852750733786e-03 7.763943793921458669e-03 1.007722768142450820e-02 1.321838662033972440e-02 1.752947694541355864e-02 2.364403341342736706e-02 3.242760052094623147e-02 4.419103748672428139e-02 5.840403103934468237e-02 7.392016472570776819e-02 8.984672939031458638e-02 1.057153646409007136e-01 1.213956213991393557e-01 1.370609875515743370e-01 1.529130699143219363e-01 1.691683784821584602e-01 1.859799173616970280e-01 2.034422799051686659e-01 2.215080294601783351e-01 2.400662114758854715e-01 2.588904662866770012e-01 2.777367320451479826e-01 2.963980231673752908e-01
0.000000000000000000e+00 2.408069374571114244e-280 2.247097618501361001e-191 2.952167680922714541e-140 1.514397930634568670e-104 1.812504309184315399e-77 8.231176492577825742e-56 6.675357544940460627e-38 8.923290844972780753e-23 5.173165796568336734e-10 5.210985133898676791e-01 3.991985256027826279e-01 1.464970436765195283e-01 6.511842486204441616e-03 2.912884571432488266e-03 2.242560413080683587e-03 1.904050231443621009e-03 1.856635946744963168e-03 1.849616444782166934e-03 1.587033020711970180e-03 1.511913154185612774e-03 1.616870862142775860e-03 1.799463369806878106e-03 2.015549306660818427e-03 2.202771398151915586e-03 2.237262032305744296e-03 2.068881128545679154e-03 1.852368680262381218e-03 1.718249681052541437e-03 1.667120910871106206e-03 1.676372042551696950e-03 1.711874501552362307e-03 1.759599604523826976e-03 1.815452112287832412e-03 1.877506372123230157e-03 1.944649611494995598e-03 2.016259008724657562e-03 2.097605888210925598e-03 2.198661871387863967e-03 2.340617712534751819e-03 2.600663264469675780e-03 3.131047518166419144e-03 3.899990983926021702e-03 4.350911552586271720e-03 4.640074572062178118e-03 5.016702135949429285e-03 5.696535255013950895e-03 6.927317724543919329e-03 9.099323096328387414e-03 1.293673756862131173e-02 1.963355453383781868e-02 3.035208511296256725e-02 4.449577154236128429e-02 6.012538663361628039e-02 7.625601410251012235e-02 9.291202928753179713e-02 1.102373770474947140e-01 1.281176685830564821e-01 1.461764491892793838e-01 1.639413224392474167e-01 1.809810407260269427e-01 1.970370620683100371e-01 2.119618557561082084e-01 2.258159946760078252e-01 2.387463854281464959e-01 2.509772446655430533e-01 2.627634192270199565e-01 2.743793138521812280e-01 2.860211638144883328e-01 2.978623938350932199e-01
0.000000000000000000e+00 4.670121274199150804e-261 5.133822108311435927e-172 1.120765734977739953e-120 6.392363112582196799e-85 1.027857335763095768e-57 6.182452985535111513e-36 5.192123692339845951e-18 1.160792026736452189e-02 6.802299516842539306e-01 4.948593981406321229e-01 2.910119459490513871e-01 8.958977059446288083e-02 8.482219781512518805e-03 4.194847308661340222e-03 3.075490405662709321e-03 2.675744004388430023e-03 2.758208891448832127e-03 2.198829272234459602e-03 1.885235887966693093e-03 1.958632652574561310e-03 2.200727019458800001e-03 2.524583623643916839e-03 2.859485374783581925e-03 3.053362033440225852e-03 2.908529594807896055e-03 2.518635275168249268e-03 2.190128377823806916e-03 2.023034643630388946e-03 1.963841032888746004e-03 1.974315255350456415e-03 2.016916313281610831e-03 2.075183353282575045e-03 2.144225550719745018e-03 2.221529573652314751e-03 2.305695934880429114e-03 2.395932142675319398e-03 2.498502916033092797e-03 2.622704773521851614e-03 2.788024096619930430e-03 3.089632339042775767e-03 3.784841016215393338e-03 5.100189209438928638e-03 6.118363524140683907e-03 6.717223956437223288e-03 7.167390434862887932e-03 7.801105733084242634e-03 8.997879432339234151e-03 1.136964717072603756e-02 1.633212955964061935e-02 2.709849496645130168e-02 4.728890401851394698e-02 7.277955238650717085e-02 9.659478541362141735e-02 1.164445530221761699e-01 1.328380030196772976e-01 1.471323597331998800e-01 1.607048335328702393e-01 1.745711577706703654e-01 1.892339447001975261e-01 2.047686388985335004e-01 2.209327403952810465e-01 2.373341701686520477e-01 2.534869793901315949e-01 2.689756116213216641e-01 2.834871818665645749e-01 2.968472110502481387e-01 3.090231581867741717e-01 3.200493995842744188e-01 3.300601582593547523e-01
0.000000000000000000e+00 4.343170012687952506e-236 7.405871231439069787e-147 2.047711130876092051e-95 1.634323746402434474e-59 3.451136816612528472e-32 1.204505949563329505e-10 8.649218428234106693e-01 7.384565219057830365e-01 5.712038737170621605e-01 4.057830406739670326e-01 2.593589058502309697e-01 1.211016591170916284e-01 2.211585544237289203e-02 8.439284630735854192e-03 4.908363587939168493e-03 5.199028936602968429e-03 3.778554790386405571e-03 2.635292232099989418e-03 2.537140795047619114e-03 2.865478727973683800e-03 3.404518557444543691e-03 4.050435979183932521e-03 4.588799226695992016e-03 4.611663019682013184e-03 3.940715613104801320e-03 3.148724355808037428e-03 2.666895764525127523e-03 2.457576315992671644e-03 2.384915525428001060e-03 2.396557111303398036e-03 2.450451625378022129e-03 2.526003211916749529e-03 2.616741726032741425e-03 2.719401782060575350e-03 2.832240876427566997e-03 2.954221979648840278e-03 3.094502774210923946e-03 3.261868963749572567e-03 3.470448787253260954e-03 3.835146042466721326e-03 4.765695674727541548e-03 7.129982708248951660e-03 9.858166170906916895e-03 1.200690208254683033e-02 1.346815702639310615e-02 1.467976552467107308e-02 1.639102471784079779e-02 1.970926501927048116e-02 2.679461293301339808e-02 4.155683499765763789e-02 6.657471589861466144e-02 9.752604799774511335e-02 1.282017106244169313e-01 1.550338262033702508e-01 1.769341834636213862e-01 1.941143170678360508e-01 2.075254911197590146e-01 2.183964031618866597e-01 2.279489916909219760e-01 2.372429578112029425e-01 2.470687351546600463e-01 2.579003745605132347e-01 2.699069821931221469e-01 2.829805089975744314e-01 2.968571194534899704e-01 3.111538104408625438e-01 3.254198196069141291e-01 3.393004599347980710e-01 3.524582952256093415e-01
0.000000000000000000e+00 3.617440483977740026e-202 8.771099550013793471e-113 3.626747751191112390e-61 3.330948959924711142e-25 9.540323920972015870e-01 9.008142756800419093e-01 7.830787227777575854e-01 6.483033053126328049e-01 5.199077501188822392e-01 4.054403262248050810e-01 3.070727469967964307e-01 1.932847365024027153e-01 1.258154459010326076e-01 2.810169701478074100e-02 2.529309085289255243e-02 1.366510063774028366e-02 4.975178484327509761e-03 3.815580579798887127e-03 4.248558051944160280e-03 5.385687370180754219e-03 7.135651693879891712e-03 9.117034681338804375e-03 1.005537173476020452e-02 8.497085333263567491e-03 5.860789965988291023e-03 4.185626152157638502e-03 3.441111318923383965e-03 3.156515128567005928e-03 3.054174816472592004e-03 3.065893818732115614e-03 3.140332879298479967e-03 3.248109430311780892e-03 3.380009465257319008e-03 3.531728170857785423e-03 3.700916796824752723e-03 3.886674803516688634e-03 4.106165759355987106e-03 4.369576642339406507e-03 4.678892084014910947e-03 5.179019864966407510e-03 6.556676825096814654e-03 1.149659418302233053e-02 2.152330131460338664e-02 3.424836096553587894e-02 4.430157753393269837e-02 5.085647300080100436e-02 5.586926518587183310e-02 6.171257746135642291e-02 7.078157940786677926e-02 8.513203758590483228e-02 1.056392264042051582e-01 1.313579854777103262e-01 1.598661100611997732e-01 1.883872333993858172e-01 2.146290701259777334e-01 2.372475801037463305e-01 2.557392423052612940e-01 2.702616475066364488e-01 2.814056091609254961e-01 2.899568320065825655e-01 2.967886855974474214e-01 3.027515663934416401e-01 3.085896202172915270e-01 3.149081026733715483e-01 3.221309702979096579e-01 3.304969652944104719e-01 3.400592910677098790e-01 3.507148886769694829e-01 3.622241009419107094e-01
0.000000000000000000e+00 3.348148947195987340e-152 1.305242049164275789e-62 2.208624601961566657e-11 9.824196892540506543e-01 9.245603858998390212e-01 8.333602959962568280e-01 7.331586216841193826e-01 6.362688003425790439e-01 5.471486058000866182e-01 4.683360604248766879e-01 3.817241985813911720e-01 3.309101081256634602e-01 2.256372236046522706e-01 1.871145314433280415e-01 1.706031169412957071e-01 4.856458369440258549e-02 9.464601305232866330e-03 9.177201566859439011e-03 1.416425074137130438e-02 2.841223464111616165e-02 5.260187067336284661e-02 6.828973804277704840e-02 6.160170457372219494e-02 3.059418753104106367e-02 1.137152727081004039e-02 6.488237864156799067e-03 5.046777630146764317e-03 4.558443771873344451e-03 4.368117186524635501e-03 4.374959523667328563e-03 4.498914313938654277e-03 4.687297457363190714e-03 4.925176908275497208e-03 5.206339819265186006e-03 5.529930555531070539e-03 5.896466864436570449e-03 6.353032248203953694e-03 6.926513805711388694e-03 7.582342766744513962e-03 8.555716825091302241e-03 1.144895546629858332e-02 2.800862003347977941e-02 7.271469267869982989e-02 1.118271649087752423e-01 1.347507875016657752e-01 1.474073523716740164e-01 1.546585883662122407e-01 1.595792178640774439e-01 1.644159366337431816e-01 1.711125048591195796e-01 1.812460988349130220e-01 1.956958276721843248e-01 2.143416955992842876e-01 2.360952978672364588e-01 2.592830486969858739e-01 2.821424240460541633e-01 3.032404654347382045e-01 3.216367563812170260e-01 3.369358748307670348e-01 3.491299739981536532e-01 3.585159277582484205e-01 3.655815508667952796e-01 3.708729140010000869e-01 3.749675923099141106e-01 3.784405894321359320e-01 3.818071480849378196e-01 3.854970780376527073e-01 3.898710438558463665e-01 3.951744725949172254e-01
0.000000000000000000e+00 9.962983333045426794e-64 9.998612090888434611e-01 9.918735502833389006e-01 9.567140085221784718e-01 8.998809470430960689e-01 8.338628026420316086e-01 7.660428855778842472e-01 7.009515691354268885e-01 6.382578091836084155e-01 5.739320133546940150e-01 5.309679897258109404e-01 4.711468780452189309e-01 4.050099845488625561e-01 4.001132775356780469e-01 3.364260331786156355e-01 1.836176841828019157e-01 1.199482943671515423e-01 1.537258226280134588e-01 2.064028868936862715e-01 2.487255761890846129e-01 2.721430146037289166e-01 2.750317161990797343e-01 2.503831683811549857e-01 1.838138542793686103e-01 8.407495779586539320e-02 2.459105387287418426e-02 1.382156728288370419e-02 1.124964405126150681e-02 1.024489507263715363e-02 1.018343983387425683e-02 1.069125136211317162e-02 1.155282490898336747e-02 1.274583550222752049e-02 1.430813309491268948e-02 1.631927285586070100e-02 1.892458975321736209e-02 2.272566277193055137e-02 2.834026176537424516e-02 3.520653577838983583e-02 4.448576779275351112e-02 6.867545595880691911e-02 1.393499132588654488e-01 2.094681057086170139e-01 2.561573957761112408e-01 2.834982366156583722e-01 2.986240526774218695e-01 3.068055685578467418e-01 3.112273637977652219e-01 3.138191579555865696e-01 3.159889688519850748e-01 3.190268618832700631e-01 3.240910266701405029e-01 3.320323482096896872e-01 3.432186582603556912e-01 3.573267532982905559e-01 3.735158320411215982e-01 3.906421738739872529e-01 4.075319089498665170e-01 4.232381428925623412e-01 4.370850097904402931e-01 4.487679792743309859e-01 4.582071636475805732e-01 4.655464775963615853e-01 4.710382321816659057e-01 4.750394440968840337e-01 4.778864013739746452e-01 4.799841757276661069e-01 4.816631196964373252e-01 4.832813746810740163e-01
0.000000000000000000e+00 9.999999999826143515e-01 9.999580868510333787e-01 9.980995210933298889e-01 9.895940589558526179e-01 9.727713576009374696e-01 9.492731657655395505e-01 9.210539272540060329e-01 8.895921615822373063e-01 8.630990259901902828e-01 8.235439503887317381e-01 8.072077166651067115e-01 7.546991283660031691e-01 7.386875202458035305e-01 7.240087141048552333e-01 6.520171912287411331e-01 5.582300827444601765e-01 5.487393098182351547e-01 5.761203817122899640e-01 6.031564170185581553e-01 6.197573666842746132e-01 6.242075123396805258e-01 6.152654303426663418e-01 5.846620007229405003e-01 5.212873107259877736e-01 4.351019691235310516e-01 3.615018473011306077e-01 3.181551947325779173e-01 2.942592974415433882e-01 2.782852332327652722e-01 2.720818404384435785e-01 2.727398468851864322e-01 2.765815231674967345e-01 2.821290282740137045e-01 2.886061881496521098e-01 2.955794079650539974e-01 3.027648507261613831e-01 3.115329642516522779e-01 3.214815872906138239e-01 3.295946574725592826e-01 3.366744598915704656e-01 3.532002152788452642e-01 4.034399543592593340e-01 4.572038737964127519e-01 4.955232832603797544e-01 5.183787971687270346e-01 5.303509590887957037e-01 5.357020736769091407e-01 5.372651723964648740e-01 5.367256205497721311e-01 5.351318775539459782e-01 5.332846610707987489e-01 5.319373660527713099e-01 5.318324695653446899e-01 5.336074427428151301e-01 5.376542274203495175e-01 5.439975730753240368e-01 5.522861803481240450e-01 5.618956326630466513e-01 5.720506982579973698e-01 5.820424840592810511e-01 5.912721279901688165e-01 5.993474396679062677e-01 6.060514119810915812e-01 6.113437575262996582e-01 6.152851886448725827e-01 6.180208633032441279e-01 6.197467224805277564e-01 6.206782479482307879e-01 6.210426481761431861e-01
0.000000000000000000e+00 9.999999999437981790e-01 9.999361579472075823e-01 9.975948613796400410e-01 9.878267244299067107e-01 9.694234622151934877e-01 9.443484657911248581e-01 9.153975639598198599e-01 8.828940318290376954e-01 8.518438821323477406e-01 8.201023187540444903e-01 7.956655586997980478e-01 7.461787102590872189e-01 7.369845351054523652e-01 7.112645709709048969e-01 6.221357983220052734e-01 5.500245072954815795e-01 5.572243373751976092e-01 5.851573982543312180e-01 6.084765187991463264e-01 6.204764327313839756e-01 6.202867146172136303e-01 6.047955580344771542e-01 5.632157908124999501e-01 4.893027527383361219e-01 4.050503165375154979e-01 3.439861172759076657e-01 3.101325773972015143e-01 2.900619441030304335e-01 2.755078110318589513e-01 2.701343055216219313e-01 2.714279224530152801e-01 2.757357312042819641e-01 2.816192820417968701e-01 2.883579415727063888e-01 2.955636531437658698e-01 3.029830399329154766e-01 3.121558476348039735e-01 3.227032694257204182e-01 3.311323091166183397e-01 3.371212533747243167e-01 3.477249680765756024e-01 3.858654270321532631e-01 4.358696830576382908e-01 4.773429366401850116e-01 5.052135989151205209e-01 5.215829721622863291e-01 5.301618571267301405e-01 5.339619748506821972e-01 5.349563742315432968e-01 5.343599391491282713e-01 5.329898673087872796e-01 5.315188612146735103e-01 5.306005951577431601e-01 5.308735941010029880e-01 5.328773010182143999e-01 5.369385637077979112e-01 5.430791073985685724e-01 5.509936353656973429e-01 5.601541682210992024e-01 5.698966939574738877e-01 5.795792531795960212e-01 5.886558548835729709e-01 5.967319289411785466e-01 6.035797384824010958e-01 6.091234610270415128e-01 6.133841198907976633e-01 6.164635088781933447e-01 6.185204643530540780e-01 6.197383764568510367e-01
0.000000000000000000e+00 9.999999997990584033e-01 9.999002124276218373e-01 9.969153448547838359e-01 9.856290523427923000e-01 9.654375123844677331e-01 9.388689790818013359e-01 9.091561451131044969e-01 8.774182907553287336e-01 8.388607566986834296e-01 8.166660726453316421e-01 7.798764549528973689e-01 7.414831322626788124e-01 7.332102693225722723e-01 6.914752553863147133e-01 5.932527601848567311e-01 5.494716943220053773e-01 5.668358262653877544e-01 5.932939935611121207e-01 6.121568416300448012e-01 6.193005007379491778e-01 6.138356868255264720e-01 5.898937476337844377e-01 5.359351889679192515e-01 4.550718443928173929e-01 3.787563360698825710e-01 3.305969938051262491e-01 3.038363454380005324e-01 2.863741676012697135e-01 2.729144964291269071e-01 2.683060703457997853e-01 2.702007467524457640e-01 2.749316622265055576e-01 2.811068058783542378e-01 2.880700822744496903e-01 2.954835281121691581e-01 3.031242182922869732e-01 3.127242976676614661e-01 3.239778702525524801e-01 3.329745773755451999e-01 3.385489995427087284e-01 3.449600675126311411e-01 3.714245566730586812e-01 4.145530728806468557e-01 4.567264148866194695e-01 4.889342855433321255e-01 5.100485336476783260e-01 5.224922483178155996e-01 5.291134830451645898e-01 5.320972010580908851e-01 5.328846895274508277e-01 5.324041357302045085e-01 5.313183091773422406e-01 5.301982953977794066e-01 5.296066766551080773e-01 5.300918744326741372e-01 5.321168015415973507e-01 5.359734191331435582e-01 5.417002967386480572e-01 5.490724911229818428e-01 5.576613703640309616e-01 5.669057761697110509e-01 5.762280659130957217e-01 5.851282384543762261e-01 5.932209122214994190e-01 6.002537454680771933e-01 6.061057517188035426e-01 6.107504909649424940e-01 6.142587656415482433e-01 6.167354596198845185e-01
0.000000000000000000e+00 9.999998864582068103e-01 9.998390029785733102e-01 9.959797247184800639e-01 9.828503869438950380e-01 9.606008710439433163e-01 9.323732531166480930e-01 9.005882382720740154e-01 8.706820036162798981e-01 8.279397213449765092e-01 8.097579836545997223e-01 7.628995925608601514e-01 7.389640741233748367e-01 7.256328185780485107e-01 6.634840939622596023e-01 5.712837097598819636e-01 5.545680002592339175e-01 5.766445630342834638e-01 6.000126662780186360e-01 6.138359333507175108e-01 6.158075814013489468e-01 6.038891412774689549e-01 5.691722351281215397e-01 5.030817133695816290e-01 4.213974099630927728e-01 3.575030746393538239e-01 3.205467402379641451e-01 2.986714022644089139e-01 2.830301623224719676e-01 2.704697542139669064e-01 2.665791811838486014e-01 2.690340650589354565e-01 2.741340231662346971e-01 2.805483191082233096e-01 2.876948103275254742e-01 2.952869311942495911e-01 3.031319967875236721e-01 3.131734075636556924e-01 3.252255133310094637e-01 3.350073793693781332e-01 3.406993765270043273e-01 3.444371805354735083e-01 3.607960427978120777e-01 3.947831411383682654e-01 4.345569346947951161e-01 4.695122532690025330e-01 4.952171073374975196e-01 5.120509991023259877e-01 5.221490991332941034e-01 5.276922199945706105e-01 5.303182629455617247e-01 5.311329497943195754e-01 5.308772566870891829e-01 5.301023490344360933e-01 5.292945027139477343e-01 5.289324612948379523e-01 5.294851374261503318e-01 5.313588078169804163e-01 5.348256395330582835e-01 5.399627263451541870e-01 5.466313567619611735e-01 5.544995907417892278e-01 5.631201445855623655e-01 5.719897606726698225e-01 5.806581109624969761e-01 5.887326011396788461e-01 5.959410373208553491e-01 6.021244144789057451e-01 6.072102118422151307e-01 6.112159679657156452e-01
0.000000000000000000e+00 9.999999936733047212e-01 9.997297999665019086e-01 9.946552864058658683e-01 9.792644077166420269e-01 9.547205573078141327e-01 9.240887802523924943e-01 8.897348190210595531e-01 8.587343252236402380e-01 8.212798255365765243e-01 7.960727407098329156e-01 7.495420337854474813e-01 7.361098032608258679e-01 7.114858372328313196e-01 6.293824257554315738e-01 5.601412530180770455e-01 5.629759439926512732e-01 5.857907902383755472e-01 6.047496618258436651e-01 6.130759725997340093e-01 6.092964882666828119e-01 5.889780690025492316e-01 5.414423421709139150e-01 4.664593549505370862e-01 3.913568585968305591e-01 3.413916131965053502e-01 3.128596149594208842e-01 2.942199339503300259e-01 2.799328222655305121e-01 2.681507093368215022e-01 2.649352170877093959e-01 2.678989880976610505e-01 2.733016520321474574e-01 2.798951332212829546e-01 2.871788528671435636e-01 2.949162523364465271e-01 3.029439011570024265e-01 3.134296723035217558e-01 3.263565244279681976e-01 3.371178932727248445e-01 3.433642381291041046e-01 3.456667045679051031e-01 3.541540651415185925e-01 3.781214432490387911e-01 4.123295565315588940e-01 4.474573663013402536e-01 4.767705980373834751e-01 4.981349307134499416e-01 5.123341181962981494e-01 5.211113115212847591e-01 5.261484047831824773e-01 5.287255247809733438e-01 5.297299109832580566e-01 5.297752236013997251e-01 5.293275208946646160e-01 5.287985329694221415e-01 5.285920827053761650e-01 5.291068946211494595e-01 5.307003610278375749e-01 5.336352742970515983e-01 5.380329454624763752e-01 5.438342140166867456e-01 5.508268167503315160e-01 5.586676834901066480e-01 5.669416353433389677e-01 5.752452766122430061e-01 5.832054293586315108e-01 5.905244937250793136e-01 5.970228842435852945e-01 6.025664526836883583e-01
0.000000000000000000e+00 9.999999808497157527e-01 9.995234107476262952e-01 9.927131637731843039e-01 9.745159149736879467e-01 9.472330083401891976e-01 9.149524115473053332e-01 8.800273703070057296e-01 8.414939952359423714e-01 8.155968644769249210e-01 7.755917472917995825e-01 7.419487589489346391e-01 7.302442481328065282e-01 6.871674674996522958e-01 5.966661922497537018e-01 5.593569176198892601e-01 5.727069679884996267e-01 5.933719107272336091e-01 6.068691695378074513e-01 6.092567651438853815e-01 5.985425328564368819e-01 5.671715876963968617e-01 5.065975342914277313e-01 4.295994157621154663e-01 3.671188946864477054e-01 3.295276926232703074e-01 3.066769254971948855e-01 2.902248306320699411e-01 2.770251762036617382e-01 2.659400327165342692e-01 2.633555071307497331e-01 2.667595723943965158e-01 2.723849125973876739e-01 2.790914228613367576e-01 2.864620298115954644e-01 2.943065210574176693e-01 3.024888712566688453e-01 3.134093015512871561e-01 3.272664039143914350e-01 3.391808355919317952e-01 3.463617424411952195e-01 3.482085521171606191e-01 3.512011314030805131e-01 3.657660023869386268e-01 3.919888403359773066e-01 4.240617000008430892e-01 4.548996325760335524e-01 4.801856160725992972e-01 4.987948071044719933e-01 5.114836826778831336e-01 5.196363633022698103e-01 5.245759119804815906e-01 5.273387511675865502e-01 5.286637187589467990e-01 5.290770679810667954e-01 5.289791409509013720e-01 5.287181303648321729e-01 5.286309219626287303e-01 5.290514557599831358e-01 5.302930157820163748e-01 5.326087628783374717e-01 5.361530971365215947e-01 5.409564884374480354e-01 5.469006836677602346e-01 5.537696194696980490e-01 5.612457624491639097e-01 5.689848678185355224e-01 5.766547524464334940e-01 5.839483477250354548e-01 5.906570716204357918e-01
0.000000000000000000e+00 9.999998762946098463e-01 9.991036181976127306e-01 9.897303021797736466e-01 9.680096525918645556e-01 9.378029343332603407e-01 9.035525357023783677e-01 8.698935891822104916e-01 8.264806200471592756e-01 8.031263423610273122e-01 7.552325038719415184e-01 7.370254418163801891e-01 7.176271344902238614e-01 6.512930909391998480e-01 5.752552288276978620e-01 5.653521867604655027e-01 5.820820645225757151e-01 5.983659719236162911e-01 6.055843738723664105e-01 6.013285201004812119e-01 5.814989141677062712e-01 5.366503599707534988e-01 4.668137851114766423e-01 3.967897710547892420e-01 3.490759771855080351e-01 3.206000575796784657e-01 3.013967213761184483e-01 2.865395176337607319e-01 2.742700259048039269e-01 2.638223070134181336e-01 2.618156184036924405e-01 2.655696925097333905e-01 2.713253041159589540e-01 2.780730016440459695e-01 2.854754699491788283e-01 2.933832136184466033e-01 3.016845409831955815e-01 3.130135342849866276e-01 3.278290510477853137e-01 3.410458369896750552e-01 3.495086061645314990e-01 3.516967281588831984e-01 3.513386092703053576e-01 3.582456955103150986e-01 3.755294162230720656e-01 4.014111619791275731e-01 4.306801952084560736e-01 4.581213532458201509e-01 4.807275499272634645e-01 4.977354633347410018e-01 5.097323245269609338e-01 5.177858535557353648e-01 5.229579637201056119e-01 5.261084223318477360e-01 5.278810324730439651e-01 5.287389738176885290e-01 5.290349882506092394e-01 5.290659001245122672e-01 5.291097817927109537e-01 5.294418215131586614e-01 5.303286869474037601e-01 5.320075072526858628e-01 5.346531817144206666e-01 5.383646102350818641e-01 5.431203578965954071e-01 5.488120109782038680e-01 5.552426133513085338e-01 5.621462226258764350e-01 5.692480423932793077e-01 5.762717375629676786e-01
0.000000000000000000e+00 9.999989390888291974e-01 9.981590160985700511e-01 9.848401160828972323e-01 9.586415801846880358e-01 9.247335219144570129e-01 8.868548682411347972e-01 8.497370787984793727e-01 8.168823361856787368e-01 7.784306979948741878e-01 7.426891548578008484e-01 7.291108503406583674e-01 6.920458339407062898e-01 6.116953767604764725e-01 5.689532940755367418e-01 5.741773762776124501e-01 5.893854898620733973e-01 5.995310869202833404e-01 5.997202493242543841e-01 5.873085957166916948e-01 5.552664616065241532e-01 4.972800538239384172e-01 4.270506987206964533e-01 3.710091614970239537e-01 3.360199864258359703e-01 3.134359177002296604e-01 2.966587820994515123e-01 2.830770019240991808e-01 2.716369503137821551e-01 2.617803852941039677e-01 2.602823636840056465e-01 2.642690810315708183e-01 2.700512648469149402e-01 2.767630457230286778e-01 2.841364762811024458e-01 2.920547454617856142e-01 3.004289483984747822e-01 3.121187905198102852e-01 3.278861278464936246e-01 3.425228140581304537e-01 3.525901683992492819e-01 3.558155098028641383e-01 3.538745934721000963e-01 3.553579712600388185e-01 3.643969802326138541e-01 3.820896458046397215e-01 4.063045331649025593e-01 4.328571862088557154e-01 4.577896561141595044e-01 4.787579083676332670e-01 4.950464137956035460e-01 5.070056231246963252e-01 5.154175194326588993e-01 5.211337407066717331e-01 5.248913723705500578e-01 5.272614877497792119e-01 5.286714216748171769e-01 5.294422626178307834e-01 5.298336793329253558e-01 5.300771226204185060e-01 5.303950674318935743e-01 5.310064071144831033e-01 5.321198566835508847e-01 5.339130554452709010e-01 5.365201770461971442e-01 5.400051117070834295e-01 5.443532160462339897e-01 5.494786516996731374e-01 5.552368000924661207e-01 5.614115210945721524e-01
0.000000000000000000e+00 9.999859202959913151e-01 9.956484791541623247e-01 9.759363073043962888e-01 9.440627732250598259e-01 9.072325908767628899e-01 8.700726279021950837e-01 8.263191834797500857e-01 7.977210402025797231e-01 7.519971565777163747e-01 7.333998463454105554e-01 7.103396094066999344e-01 6.493382834784021673e-01 5.854998254136074554e-01 5.729314610751297110e-01 5.823894655970888179e-01 5.924869200279330173e-01 5.950855458866054493e-01 5.870174245432996374e-01 5.635209442336800434e-01 5.172407411262963661e-01 4.528544749854753193e-01 3.931437017179122972e-01 3.523845945165337556e-01 3.261303007435821799e-01 3.072377480273284500e-01 2.922524936880361301e-01 2.797693545322862407e-01 2.690904056163713753e-01 2.597893698144168595e-01 2.587049704814273765e-01 2.627761807639986680e-01 2.684690674235967189e-01 2.750592269794164824e-01 2.823316907312170554e-01 2.901945412518754930e-01 2.985795846649280105e-01 3.105524685923020667e-01 3.272178068637049408e-01 3.433519847527951030e-01 3.553234161585305251e-01 3.602472156885939691e-01 3.581839703906281036e-01 3.564063504932055149e-01 3.590867152331807532e-01 3.684251889508489697e-01 3.849040832479490581e-01 4.067555461400150785e-01 4.307966265111015658e-01 4.539032970617488116e-01 4.740205335511400442e-01 4.903115629522772911e-01 5.028234915352783885e-01 5.120679881946959000e-01 5.187012517316681448e-01 5.233530482812043250e-01 5.265422243835637950e-01 5.286761640018645680e-01 5.300638942253951269e-01 5.309463453744814876e-01 5.315238363157979151e-01 5.319774723713839304e-01 5.324812624137605921e-01 5.332052244731905200e-01 5.343098752862578404e-01 5.359359122514654183e-01 5.381907818132043442e-01 5.411374383135362232e-01 5.447834331531606900e-01 5.490821390225775200e-01
0.000000000000000000e+00 9.993361760046057807e-01 9.854349763763514680e-01 9.549806292019231702e-01 9.167991619228752498e-01 8.771047398831687270e-01 8.340175576679552671e-01 8.033570501287096155e-01 7.586394135468774724e-01 7.343873895043410149e-01 7.115782535300735345e-01 6.660679278117028757e-01 6.053632768544261467e-01 5.793619047860139037e-01 5.797211649096680741e-01 5.858674597999389277e-01 5.877794926856140245e-01 5.810135023369171758e-01 5.616412586875391133e-01 5.236813289717103803e-01 4.679226852411209059e-01 4.107651188227103844e-01 3.676697951592712843e-01 3.386151742559896927e-01 3.177740178830313345e-01 3.014499065069615180e-01 2.879678448728986706e-01 2.764974785096520615e-01 2.665464589840947918e-01 2.577844960629004367e-01 2.569757041682326770e-01 2.609374286726997560e-01 2.663993010998583766e-01 2.727569661252539635e-01 2.798289997722153699e-01 2.875412533039294338e-01 2.958442576912997390e-01 3.079689366237812753e-01 3.254090845675828292e-01 3.430835971613933610e-01 3.572745942932214480e-01 3.646265943165946100e-01 3.638331541296384031e-01 3.606773339976460102e-01 3.592903742605204620e-01 3.617683166546435403e-01 3.696688998618697930e-01 3.834656138596070352e-01 4.021239043058746909e-01 4.234538548197323560e-01 4.449848455918475887e-01 4.647745904349899759e-01 4.817221944678135026e-01 4.954908726589478674e-01 5.062488906779446518e-01 5.144160528162985413e-01 5.204918197333935348e-01 5.249433571097645856e-01 5.281654610882828838e-01 5.304732752140483010e-01 5.321128619129033011e-01 5.332780146017420675e-01 5.341286007353106546e-01 5.348059212810176710e-01 5.354419569779492738e-01 5.361636505931968166e-01 5.370923655042583178e-01 5.383394485889767545e-01 5.399986926987669911e-01 5.421406595155375818e-01
-1.000000000000000000e+00 -1.000000000000000000e+00 9.473326770807699582e-01 9.085096270617915026e-01 8.687419283807643611e-01 8.278810105910523465e-01 7.931537759635242102e-01 7.536204366384886555e-01 7.280796813765209041e-01 7.003186667792464792e-01 6.577919610091709224e-01 6.149163735795969421e-01 5.886070332783256420e-01 5.803994009416302280e-01 5.794687605267363484e-01 5.772486087668087240e-01 5.686781928595899815e-01 5.498378320950383369e-01 5.166734931349038495e-01 4.699588307356891148e-01 4.204031297133730694e-01 3.795879501786977306e-01 3.497554458869822080e-01 3.276465661469804558e-01 3.102686087921374125e-01 2.959512750084041244e-01 2.837966816318203689e-01 2.732682340353402295e-01 2.640090658897353282e-01 2.557642393934775327e-01 2.550151070509466544e-01 2.586279680887565435e-01 2.636886602083862163e-01 2.696709661701668370e-01 2.764067838178333458e-01 2.838314000620759670e-01 2.919119881934592042e-01 3.039544394746623857e-01 3.218722703145769359e-01 3.409689160539297603e-01 3.575717148487535524e-01 3.680143073356281769e-01 3.698838092510053355e-01 3.671033554834878254e-01 3.640147724358586689e-01 3.623869423057387573e-01 3.636033194553843217e-01 3.688559435954154586e-01 3.788246055546575231e-01 3.932946670353408281e-01 4.111000322831577236e-01 4.305031207241745150e-01 4.497593200274426772e-01 4.675149696037395053e-01 4.829912348396396271e-01 4.959181870532357594e-01 5.063581674815484934e-01 5.146045421013508703e-01 5.210023319771017736e-01 5.259131053963228553e-01 5.296548428265837050e-01 5.324981524121706888e-01 5.346547474638216890e-01 5.362966669000146513e-01 5.375628577824419496e-01 5.385683242399469384e-01 5.394148447672511004e-01 5.401960733085797717e-01 5.410005259258532373e-01 5.419107199891591842e-01
-1.000000000000000000e+00 -1.000000000000000000e+00 -1.000000000000000000e+00 8.598313589750297137e-01 8.208431514913541172e-01 7.841057361134360360e-01 7.485342221589269540e-01 7.200339212944826262e-01 6.899074685287871489e-01 6.530119412264602241e-01 6.186153921279016199e-01 5.958480901005177577e-01 5.814388153833917050e-01 5.735390597641122357e-01 5.667003849482280531e-01 5.560267668797042040e-01 5.377336461458758210e-01 5.089779252081498839e-01 4.703264427964010119e-01 4.282070734185790539e-01 3.906102211405534930e-01 3.608092628543704827e-01 3.377464425901898770e-01 3.193882896787321179e-01 3.042381498175821819e-01 2.913823379052296048e-01 2.802536079002413416e-01 2.704730787972280392e-01 2.617707464827239705e-01 2.539459943347610604e-01 2.530572052762746216e-01 2.561962511663729014e-01 2.607802414869456742e-01 2.663185850699807955e-01 2.726437965286569454e-01 2.796940339108637819e-01 2.874468732503250301e-01 2.991640954632894811e-01 3.171184780966503913e-01 3.371816145976996304e-01 3.558418459367307385e-01 3.692369526877831709e-01 3.742063307555354434e-01 3.728555288633244036e-01 3.698068214874233317e-01 3.667696057142118549e-01 3.648322300337060176e-01 3.649691286237735643e-01 3.681292789686217981e-01 3.750555711490429767e-01 3.859851636359082350e-01 4.004623011145734823e-01 4.174069841784272539e-01 4.354372472153591467e-01 4.532229462491786931e-01 4.697352652308299792e-01 4.843625647599301698e-01 4.968441017869950627e-01 5.072005541170514498e-01 5.156168270977015133e-01 5.223543504750784994e-01 5.276980786489707809e-01 5.319116573376040380e-01 5.352254625448505942e-01 5.378385035321486818e-01 5.399030187675641912e-01 5.415478160361280047e-01 5.428756300257318035e-01 5.439735616631904414e-01 5.449170847785346217e-01
-1.000000000000000000e+00 -1.000000000000000000e+00 -1.000000000000000000e+00 -1.000000000000000000e+00 7.764774962438406591e-01 7.423639338877840999e-01 7.116137965313349412e-01 6.816750267344288128e-01 6.501926625945587679e-01 6.208249784687426276e-01 5.980014007817984201e-01 5.816555152512850047e-01 5.682484527207899427e-01 5.568204899389401774e-01 5.438914284617308859e-01 5.260961241611454842e-01 5.011829565467036396e-01 4.692743417659329674e-01 4.338943065092589757e-01 4.001485765899792102e-01 3.713033469567078027e-01 3.478079884330787519e-01 3.286677943073327834e-01 3.127461421789691220e-01 2.992007363428471067e-01 2.874642788498567025e-01 2.771470748317434452e-01 2.679689364799408557e-01 2.597208567806723600e-01 2.522432601932980689e-01 2.510846814872890187e-01 2.536887537652172120e-01 2.577527034499262903e-01 2.628014542525750619e-01 2.686623312052855428e-01 2.752721333356255573e-01 2.826135891060664873e-01 2.937910228852007033e-01 3.113526926030835695e-01 3.318799218237536430e-01 3.521693876497039577e-01 3.682359222004633059e-01 3.763564641199146910e-01 3.769384565689936628e-01 3.748249647204650592e-01 3.717847426291642221e-01 3.687889167362176090e-01 3.665733593449541083e-01 3.658554649559550009e-01 3.674009272071315779e-01 3.719312170146181207e-01 3.799162065604683725e-01 3.913558019671771748e-01 4.057138297895531154e-01 4.220329818055563176e-01 4.391671825499637860e-01 4.560357548912024050e-01 4.718155161379743445e-01 4.859720221217229685e-01 4.982680230210209116e-01 5.086861753396350050e-01 5.173348774299267872e-01 5.244245730559513596e-01 5.301799363039066959e-01 5.348234791087672635e-01 5.385657247757189570e-01 5.415833984928636324e-01 5.440242113391408063e-01 5.460077627790508314e-01 5.476334714058586073e-01
-1.000000000000000000e+00 -1.000000000000000000e+00 -1.000000000000000000e+00 -1.000000000000000000e+00 -1.000000000000000000e+00 7.043223601821410051e-01 6.752982262414563008e-01 6.473317785148180459e-01 6.207660544416223614e-01 5.975717144341941012e-01 5.786403353874414179e-01 5.631682109760838273e-01 5.482240711156886048e-01 5.331380580592407492e-01 5.156392975487634756e-01 4.938029307390090494e-01 4.672329726796872751e-01 4.375849650125342993e-01 4.078740013894597283e-01 3.807751111355565654e-01 3.574850720933987480e-01 3.378928750867630781e-01 3.213416225954747740e-01 3.071622276504170634e-01 2.948353117952377533e-01 2.839808829697200721e-01 2.743179107006488704e-01 2.656335889260851846e-01 2.577637333900952843e-01 2.505800794344674731e-01 2.490887859601211007e-01 2.511419695185045375e-01 2.546696786546135405e-01 2.592051682967039805e-01 2.645697798046380833e-01 2.706958552212696545e-01 2.775668393469594153e-01 2.880430122576902452e-01 3.048373172503932027e-01 3.253043979542529773e-01 3.467190615620220906e-01 3.650958203721824669e-01 3.762134787251454893e-01 3.789051726087513394e-01 3.781721056546353266e-01 3.758599524589638641e-01 3.729167647724853096e-01 3.699742362005602470e-01 3.675566934896773996e-01 3.662067670002969733e-01 3.665413995927394586e-01 3.692174368067497325e-01 3.747917040487703799e-01 3.835459364417382333e-01 3.953521388162373196e-01 4.096501111269880147e-01 4.255770381881419651e-01 4.421596229274108447e-01 4.584867163577132643e-01 4.738598675444419817e-01 4.878037610920044065e-01 5.000869172751543079e-01 5.106599872479814506e-01 5.195952249601305528e-01 5.270484907291964616e-01 5.332055290652066848e-01 5.382623496326035539e-01 5.424025901849299780e-01 5.457935433915239720e-01 5.485764706587785700e-01
-1.000000000000000000e+00 -1.000000000000000000e+00 -1.000000000000000000e+00 -1.000000000000000000e+00 -1.000000000000000000e+00 -1.000000000000000000e+00 -1.000000000000000000e+00 6.181105486525703130e-01 5.949600153693650473e-01 5.743838525038197362e-01 5.565955705424382449e-01 5.409474419758151242e-01 5.244673934006681693e-01 5.069900798724885638e-01 4.873166172702346199e-01 4.647058449213103959e-01 4.396519103619605517e-01 4.137428500664766529e-01 3.888778327532101953e-01 3.664042046180461254e-01 3.467820864268767456e-01 3.298303546316951329e-01 3.151301006785716674e-01 3.022655436177349442e-01 2.908957349548705329e-01 2.807535212132426516e-01 2.716299588180787206e-01 2.633604292960705640e-01 2.558142771181487474e-01 2.488871061940142460e-01 2.470549617856134805e-01 2.485734030700800512e-01 2.515712435519434353e-01 2.555908237457878429e-01 2.604480319456564108e-01 2.660693291804654970e-01 2.724357618355315869e-01 2.821148285764824015e-01 2.978607398951679808e-01 3.177699353613100408e-01 3.397345792803866948e-01 3.599753274233893907e-01 3.738306840414541976e-01 3.786260542808272955e-01 3.794578493635699101e-01 3.782427050479231778e-01 3.759316848851513293e-01 3.731254090893696418e-01 3.702635173758986320e-01 3.677333306314142236e-01 3.659508312443970346e-01 3.654111489322846573e-01 3.666850285709485902e-01 3.703361274869298447e-01 3.767909079103551884e-01 3.861931621599560271e-01 3.983304591877309675e-01 4.126493012123143012e-01 4.283790646577794736e-01 4.446504908767845987e-01 4.606982716143083190e-01 4.758759316659185723e-01 4.897737102805733711e-01 5.021626933093441547e-01 5.129596633492463642e-01 5.222181299654982123e-01 5.300495482913403222e-01 5.366119070184321993e-01 5.420743841352562153e-01 5.465999361086691932e-01
-1.000000000000000000e+00 -1.000000000000000000e+00 -1.000000000000000000e+00 -1.000000000000000000e+00 -1.000000000000000000e+00 -1.000000000000000000e+00 -1.000000000000000000e+00 -1.000000000000000000e+00 5.697698258860751652e-01 5.506259988110466796e-01 5.334947154172761108e-01 5.178891855409306633e-01 5.006072127126354188e-01 4.821799256362747643e-01 4.622137243043634713e-01 4.405816369349513373e-01 4.179340251937032069e-01 3.954357791429342628e-01 3.742300260346325680e-01 3.550116826125796488e-01 3.379560641038603652e-01 3.229104595646021814e-01 3.096063437290443310e-01 2.977740922392299594e-01 2.871796846721927920e-01 2.776290436820385565e-01 2.689634225490670771e-01 2.610534980639290237e-01 2.537938928846459885e-01 2.470984591702271305e-01 2.449552725335057690e-01 2.459779925118390220e-01 2.484715285540102514e-01 2.519904992522482567e-01 2.563474240838465867e-01 2.614627996136525412e-01 2.673128972597846875e-01 2.761620809306285507e-01 2.906896412232730098e-01 3.096253544626177412e-01 3.315344071379033863e-01 3.530904542101104271e-01 3.693410431872826694e-01 3.761356217372530675e-01 3.785695590602564664e-01 3.786146678934999010e-01 3.772313693616152763e-01 3.750124238337076421e-01 3.723690588963883275e-01 3.696218548521002512e-01 3.670642177672979733e-01 3.650177345946325480e-01 3.638782212820393935e-01 3.641246747199733402e-01 3.662809361437097677e-01 3.708238404776399433e-01 3.780711319429242434e-01 3.880630739359334780e-01 4.005404596815498319e-01 4.149677562532252950e-01 4.306292076456934015e-01 4.467675121485982226e-01 4.626893938534384354e-01 4.778322149958050824e-01 4.917920406193681537e-01 5.043586856324147050e-01 5.154385841016009273e-01 5.250461485196160627e-01 5.332720212203342358e-01 5.402424949624854422e-01
-1.000000000000000000e+00 -1.000000000000000000e+00 -1.000000000000000000e+00 -1.000000000000000000e+00 -1.000000000000000000e+00 -1.000000000000000000e+00 -1.000000000000000000e+00 -1.000000000000000000e+00 -1.000000000000000000e+00 5.280385411304318044e-01 5.115639085222484228e-01 4.963370545159617730e-01 4.787842870157510422e-01 4.602572773102707182e-01 4.408719921729117863e-01 4.207394468232049101e-01 4.004218143254967832e-01 3.807020354970815368e-01 3.622452513317223621e-01 3.454053535489257087e-01 3.302428161338217261e-01 3.166474055160521384e-01 3.044453127330579711e-01 2.934555431879931064e-01 2.835121574301419645e-01 2.744707327963627486e-01 2.662085870440120128e-01 2.586226977970809693e-01 2.516269340813775401e-01 2.451492710903348249e-01 2.427478504390060132e-01 2.433292999016351266e-01 2.453588551804842255e-01 2.484070226625191835e-01 2.522856662756157720e-01 2.569098313172676340e-01 2.622504384847341163e-01 2.702841001009841371e-01 2.835248858513746972e-01 3.011902596020274991e-01 3.224762320464991117e-01 3.447087125900707982e-01 3.629093498719767608e-01 3.715329727343068544e-01 3.755236005354227746e-01 3.768775808577317088e-01 3.765600931691806541e-01 3.751624934311677539e-01 3.730871475157203632e-01 3.706308028396831933e-01 3.680345310008216742e-01 3.655240870029139444e-01 3.633514061646984650e-01 3.618293519174561879e-01 3.613521157885444812e-01 3.623800841485362856e-01 3.653870192899638103e-01 3.707669222456340119e-01 3.787418272462271807e-01 3.892872636846373968e-01 4.021137345162028587e-01 4.167012684395766664e-01 4.323963565214176685e-01 4.485217194162654519e-01 4.644262435770011854e-01 4.796251951441905526e-01 4.937378898096620450e-01 5.065389971034376382e-01 5.179348814559363579e-01 5.279151395369755528e-01
-1.000000000000000000e+00 -1.000000000000000000e+00 -1.000000000000000000e+00 -1.000000000000000000e+00 -1.000000000000000000e+00 -1.000000000000000000e+00 -1.000000000000000000e+00 -1.000000000000000000e+00 -1.000000000000000000e+00 -1.000000000000000000e+00 4.918088035369791999e-01 4.771013764811214974e-01 4.592782955843956461e-01 4.409327017269594196e-01 4.224136283642685452e-01 4.038402744407589839e-01 3.855891740624696196e-01 3.681220430019819800e-01 3.517936505717280671e-01 3.367762634951823042e-01 3.230886033094681475e-01 3.106579025895608304e-01 2.993702902698135992e-01 2.891009803335038986e-01 2.797296326095194963e-01 2.711470292577340402e-01 2.632571435273470817e-01 2.559769809570098253e-01 2.492354081984680392e-01 2.429716111454163774e-01 2.403762111213781638e-01 2.405811231468090172e-01 2.421966659398110677e-01 2.448136246067515731e-01 2.482460906055848904e-01 2.524050860446365174e-01 2.572548753596059501e-01 2.645148384818774012e-01 2.764750416505063479e-01 2.926876840997086893e-01 3.128727134438768487e-01 3.351019405672009954e-01 3.546892806592168990e-01 3.649024812741126778e-01 3.703496904419560920e-01 3.729974660765843497e-01 3.738003723225513664e-01 3.733450529139176188e-01 3.720292552658814311e-01 3.701409174718984785e-01 3.679012595029553800e-01 3.654958934099257761e-01 3.631010644039252000e-01 3.609137757213757847e-01 3.591807263479527279e-01 3.582188221395727346e-01 3.584185903465414436e-01 3.602137308449561148e-01 3.640218192102245842e-01 3.701705283742259822e-01 3.788015757633595437e-01 3.898468565135320141e-01 4.029966690904938087e-01 4.177673079878957418e-01 4.335574726905170873e-01 4.497327828340828559e-01 4.657193147662306854e-01 4.810560982088021298e-01 4.953689094214969724e-01 5.084714600319799604e-01
-1.000000000000000000e+00 -1.000000000000000000e+00 -1.000000000000000000e+00 -1.000000000000000000e+00 -1.000000000000000000e+00 -1.000000000000000000e+00 -1.000000000000000000e+00 -1.000000000000000000e+00 -1.000000000000000000e+00 -1.000000000000000000e+00 -1.000000000000000000e+00 4.594857770793481788e-01 4.404060927066858477e-01 4.224779793967389230e-01 4.051407993187148837e-01 3.882590203070731549e-01 3.719573455403605289e-01 3.564440204965943493e-01 3.418916525237146731e-01 3.283907749866546433e-01 3.159535023885072236e-01 3.045371320933339954e-01 2.940684634628139560e-01 2.844617450812979009e-01 2.756298112589665172e-01 2.674901245038200925e-01 2.599675460244321168e-01 2.529951922656663577e-01 2.465142640494580040e-01 2.404733868196968771e-01 2.377546498517685014e-01 2.376507373326738337e-01 2.389037733051203316e-01 2.411300242918280323e-01 2.441485061531220857e-01 2.478681975798602832e-01 2.522473655147402516e-01 2.587796721923927290e-01 2.694939497475866697e-01 2.841335144211057928e-01 3.027961412753267245e-01 3.243041091368067952e-01 3.445850562419829899e-01 3.560733837622264142e-01 3.628413424580886337e-01 3.667456478930830599e-01 3.687005467720837482e-01 3.692750064319129111e-01 3.688572587219516863e-01 3.677277383000901456e-01 3.660984084809585370e-01 3.641375985570535212e-01 3.619887607388742601e-01 3.597903460152456212e-01 3.576938693824346926e-01 3.558897823356787504e-01 3.546253280107106720e-01 3.542165376436687274e-01 3.550391834491111731e-01 3.574924851296317763e-01 3.619458943176853682e-01 3.686653795354983831e-01 3.777558358615839551e-01 3.891237333811891075e-01 4.024727873496234953e-01 4.173501147171992387e-01 4.332076189069380967e-01 4.494649309573320317e-01 4.655958096957947268e-01 4.811477728775971907e-01
-1.000000000000000000e+00 -1.000000000000000000e+00 -1.000000000000000000e+00 -1.000000000000000000e+00 -1.000000000000000000e+00 -1.000000000000000000e+00 -1.000000000000000000e+00 -1.000000000000000000e+00 -1.000000000000000000e+00 -1.000000000000000000e+00 -1.000000000000000000e+00 -1.000000000000000000e+00 -1.000000000000000000e+00 4.029877371398672969e-01 3.875976813167004154e-01 3.727378526113134249e-01 3.584182008517204365e-01 3.447391803583156333e-01 3.318062293485873893e-01 3.196879663100172242e-01 3.084069930180470820e-01 2.979476240031510015e-01 2.882686290897124026e-01 2.793148424994768009e-01 2.710256501977944543e-01 2.633404103035389965e-01 2.562015318720854973e-01 2.495559785124357444e-01 2.433558003198743047e-01 2.375581118785899948e-01 2.347984760108005609e-01 2.344663931047472338e-01 2.354205062373627699e-01 2.373065971750152603e-01 2.399526185797067335e-01 2.432673385906629904e-01 2.472045818502765224e-01 2.530722088907890743e-01 2.626239944046675490e-01 2.756598476146644994e-01 2.924693526830466905e-01 3.125088228661049294e-01 3.326086717659587078e-01 3.449077038363539960e-01 3.527584020022863642e-01 3.578101846914197859e-01 3.608937343726880687e-01 3.625383946473240693e-01 3.631113167333765990e-01 3.628795884393833937e-01 3.620449332051388081e-01 3.607646467819136671e-01 3.591667590516397501e-01 3.573625599332947433e-01 3.554579886751302875e-01 3.535687932390177979e-01 3.518366765774583182e-01 3.504476501493293816e-01 3.496454884666527763e-01 3.497348411584911276e-01 3.510666325504879226e-01 3.540069889074652920e-01 3.588825021329029585e-01 3.659248344038740219e-01 3.752255382967002451e-01 3.866871237914784598e-01 4.000506046963475670e-01 4.149108566054693914e-01 4.307781546108357396e-01 4.471047849120086126e-01
-1.000000000000000000e+00 -1.000000000000000000e+00 -1.000000000000000000e+00 -1.000000000000000000e+00 -1.000000000000000000e+00 -1.000000000000000000e+00 -1.000000000000000000e+00 -1.000000000000000000e+00 -1.000000000000000000e+00 -1.000000000000000000e+00 -1.000000000000000000e+00 -1.000000000000000000e+00 -1.000000000000000000e+00 -1.000000000000000000e+00 3.716260648811171019e-01 3.584848346349414072e-01 3.458030195740306456e-01 3.336316711309624816e-01 3.220428667376005749e-01 3.110935334693127330e-01 3.008122813250413419e-01 2.911999711885800424e-01 2.822361827121421252e-01 2.738867452932845503e-01 2.661101173856305624e-01 2.588620077899175254e-01 2.520983806087875867e-01 2.457772240535954500e-01 2.398594666172941536e-01 2.343093467672477670e-01 2.315851796977508592e-01 2.311297349024964698e-01 2.318876238980232263e-01 2.335306576228934061e-01 2.358968575973972026e-01 2.388961880680251781e-01 2.424789559912706727e-01 2.478123366628250668e-01 2.564205473377446642e-01 2.680995831279209818e-01 2.831956608071433679e-01 3.015462138489906629e-01 3.207900746147676063e-01 3.333010191341527761e-01 3.417794421437599928e-01 3.476332283313854910e-01 3.515819476192252324e-01 3.540984067431023896e-01 3.555180573083537854e-01 3.560892598319523317e-01 3.560012204599516950e-01 3.554018177590303473e-01 3.544098059129328626e-01 3.531243405939482050e-01 3.516328435610418524e-01 3.500194235518760966e-01 3.483754622330910156e-01 3.468118106302294223e-01 3.454736557815882292e-01 3.445541414253753265e-01 3.443013607902526974e-01 3.450169786168695296e-01 3.470350731564001978e-01 3.506898266683861065e-01 3.562699721009309206e-01 3.639595092169938262e-01 3.738136481536475930e-01 3.857296075563336757e-01 3.994385476919486977e-01 4.145556111860303483e-01
-1.000000000000000000e+00 -1.000000000000000000e+00 -1.000000000000000000e+00 -1.000000000000000000e+00 -1.000000000000000000e+00 -1.000000000000000000e+00 -1.000000000000000000e+00 -1.000000000000000000e+00 -1.000000000000000000e+00 -1.000000000000000000e+00 -1.000000000000000000e+00 -1.000000000000000000e+00 -1.000000000000000000e+00 -1.000000000000000000e+00 -1.000000000000000000e+00 3.448950475106677960e-01 3.336495363000617220e-01 3.227911093819827992e-01 3.123781032288820980e-01 3.024633065802503906e-01 2.930806750886484346e-01 2.842428818582627414e-01 2.759444191569900284e-01 2.681665802940320087e-01 2.608823123086166373e-01 2.540601205760275594e-01 2.476668747923811420e-01 2.416696603099452445e-01 2.360369031835850839e-01 2.307389857439473835e-01 2.281085210036568056e-01 2.276166367869801865e-01 2.282683078667213372e-01 2.297573256793655205e-01 2.319305534336342789e-01 2.346996679784601747e-01 2.380124438980003865e-01 2.429264336020972026e-01 2.507788038512338002e-01 2.613383307719056026e-01 2.749416275081765226e-01 2.916245141500390381e-01 3.096388642116807977e-01 3.218942574362527731e-01 3.305863792084781094e-01 3.368957942434953612e-01 3.414267248660977083e-01 3.445862340980886396e-01 3.466702037975878392e-01 3.479024726342318519e-01 3.484560037629221840e-01 3.484674822258371218e-01 3.480467217817400649e-01 3.472845487391266750e-01 3.462585531139716344e-01 3.450387656077552045e-01 3.436938995215435000e-01 3.422986521985432740e-01 3.409442100560711175e-01 3.397498963900524305e-01 3.388756822957743053e-01 3.385315321599839944e-01 3.389782903197265385e-01 3.405180007151922261e-01 3.434716855923893308e-01 3.481395237889570726e-01 3.547648067234844826e-01 3.634739932855400313e-01 3.742736430185357732e-01 3.870085425211745589e-01
-1.000000000000000000e+00 -1.000000000000000000e+00 -1.000000000000000000e+00 -1.000000000000000000e+00 -1.000000000000000000e+00 -1.000000000000000000e+00 -1.000000000000000000e+00 -1.000000000000000000e+00 -1.000000000000000000e+00 -1.000000000000000000e+00 -1.000000000000000000e+00 -1.000000000000000000e+00 -1.000000000000000000e+00 -1.000000000000000000e+00 -1.000000000000000000e+00 -1.000000000000000000e+00 3.218162580068060219e-01 3.121300062435701794e-01 3.027701646300868243e-01 2.937899165465047702e-01 2.852284995186998851e-01 2.771077670064983067e-01 2.694335361034301268e-01 2.621989925510548325e-01 2.553884682107033233e-01 2.489807601606033594e-01 2.429517092971418823e-01 2.372760441904539774e-01 2.319286135487021172e-01 2.268851563612936106e-01 2.243916000466638638e-01 2.239323388454244612e-01 2.245536079720012734e-01 2.259663001803645099e-01 2.280244548452091125e-01 2.306409713957534025e-01 2.337613650359763595e-01 2.383549721449290948e-01 2.456063588076551896e-01 2.552510664151791397e-01 2.675903972366590611e-01 2.827486886398121735e-01 2.994038074518561299e-01 3.111025832124363899e-01 3.196860326729242252e-01 3.261497531476799105e-01 3.309968069515148992e-01 3.345694801795258688e-01 3.371230888622820943e-01 3.388532360551822498e-01 3.399147970368266991e-01 3.404307189825573343e-01 3.405010533089947722e-01 3.402083389105330369e-01 3.396227549546602109e-01 3.388059470652425298e-01 3.378150866264948426e-01 3.367076537303140271e-01 3.355479582428465002e-01 3.344150669451718128e-01 3.334131440342325559e-01 3.326828430937944781e-01 3.324106638618644083e-01 3.328320321064206500e-01 3.342264097372976694e-01 3.368966330931366659e-01 3.411435657991797599e-01 3.472289865742620441e-01 3.553243955441394153e-01 3.654862403110582525e-01
-1.000000000000000000e+00 -1.000000000000000000e+00 -1.000000000000000000e+00 -1.000000000000000000e+00 -1.000000000000000000e+00 -1.000000000000000000e+00 -1.000000000000000000e+00 -1.000000000000000000e+00 -1.000000000000000000e+00 -1.000000000000000000e+00 -1.000000000000000000e+00 -1.000000000000000000e+00 -1.000000000000000000e+00 -1.000000000000000000e+00 -1.000000000000000000e+00 -1.000000000000000000e+00 -1.000000000000000000e+00 3.016932062260384018e-01 2.932791584003781038e-01 2.851448760934225390e-01 2.773342546381951101e-01 2.698762682296288462e-01 2.627854122176666030e-01 2.560641082715052197e-01 2.497057093541810158e-01 2.436973423800218308e-01 2.380222590703966745e-01 2.326616224576073810e-01 2.275957821914349477e-01 2.228051370877783544e-01 2.204798355654822850e-01 2.201071088624403094e-01 2.207601908739635632e-01 2.221624383325927210e-01 2.241730528744731443e-01 2.267054258707991432e-01 2.297024041665372551e-01 2.340602749418601858e-01 2.408358625731643610e-01 2.497334691970657383e-01 2.610125361928639642e-01 2.748297569959156639e-01 2.901447775141107743e-01 3.011325329278676799e-01 3.093922561950176453e-01 3.157814912400078722e-01 3.207224715925117153e-01 3.245039299534991928e-01 3.273427981771818152e-01 3.294090379564220683e-01 3.308374008246344755e-01 3.317370119299186126e-01 3.321972954477724893e-01 3.322923355547698909e-01 3.320851593245905953e-01 3.316306448948000418e-01 3.309787588895201083e-01 3.301775768792767352e-01 3.292773702708485239e-01 3.283359950986149967e-01 3.274270600671641551e-01 3.266483184253217709e-01 3.261328523992576556e-01 3.260572322594009753e-01 3.266456437118918643e-01 3.281668611913576283e-01 3.309129512859638189e-01 3.351844112009510490e-01 3.412423693645734168e-01 3.492708522736537868e-01
-1.000000000000000000e+00 -1.000000000000000000e+00 -1.000000000000000000e+00 -1.000000000000000000e+00 -1.000000000000000000e+00 -1.000000000000000000e+00 -1.000000000000000000e+00 -1.000000000000000000e+00 -1.000000000000000000e+00 -1.000000000000000000e+00 -1.000000000000000000e+00 -1.000000000000000000e+00 -1.000000000000000000e+00 -1.000000000000000000e+00 -1.000000000000000000e+00 -1.000000000000000000e+00 -1.000000000000000000e+00 -1.000000000000000000e+00 -1.000000000000000000e+00 2.766309290563827572e-01 2.695012584312041493e-01 2.626503538101713220e-01 2.560991712324370839e-01 2.498571909649578149e-01 2.439248378597108358e-01 2.382959229376621357e-01 2.329597706606098273e-01 2.279029162186203827e-01 2.231103787954460682e-01 2.185665712083514345e-01 2.164319484815488692e-01 2.161880387337866416e-01 2.169236446518434391e-01 2.183711898586956635e-01 2.203923996175743694e-01 2.228999083414128501e-01 2.258338422927592681e-01 2.300281459621142943e-01 2.364297687159415962e-01 2.447133305054056684e-01 2.551000109309628505e-01 2.677537509877762067e-01 2.818211220056726640e-01 2.920459153829627064e-01 2.998593740767079852e-01 3.060187240968617051e-01 3.108882497026876912e-01 3.147140203192326791e-01 3.176818173668988776e-01 3.199384405804612252e-01 3.216012583427969584e-01 3.227660135181323886e-01 3.235113565083317932e-01 3.239029733765770858e-01 3.239970043385282938e-01 3.238422747414453906e-01 3.234830556730310391e-01 3.229612192493753198e-01 3.223191093194074375e-01 3.216034073400415028e-01 3.208704145264279495e-01 3.201938391113722249e-01 3.196740749375714952e-01 3.194477643601996708e-01 3.196957061137738476e-01 3.206458800393641173e-01 3.225673094937328012e-01 3.257567259224362632e-01 3.305082267351931447e-01 3.370715184187080271e-01
-1.000000000000000000e+00 -1.000000000000000000e+00 -1.000000000000000000e+00 -1.000000000000000000e+00 -1.000000000000000000e+00 -1.000000000000000000e+00 -1.000000000000000000e+00 -1.000000000000000000e+00 -1.000000000000000000e+00 -1.000000000000000000e+00 -1.000000000000000000e+00 -1.000000000000000000e+00 -1.000000000000000000e+00 -1.000000000000000000e+00 -1.000000000000000000e+00 -1.000000000000000000e+00 -1.000000000000000000e+00 -1.000000000000000000e+00 -1.000000000000000000e+00 -1.000000000000000000e+00 2.618303746976951007e-01 2.555295279277887133e-01 2.494718028514941732e-01 2.436719082398150216e-01 2.381356971915618848e-01 2.328622588070131949e-01 2.278458266297860579e-01 2.230773654783977378e-01 2.185458105888941627e-01 2.142389905673904860e-01 2.123115841697380823e-01 2.122309793887100504e-01 2.130921226770538246e-01 2.146328456369363258e-01 2.167151106864695920e-01 2.192496202503619318e-01 2.221732952209047318e-01 2.262657100666176369e-01 2.323762887405108335e-01 2.401506885663649005e-01 2.497767536469499283e-01 2.614189947378815493e-01 2.743537728366053363e-01 2.838222875434628367e-01 2.911327191086240940e-01 2.969696961032929350e-01 3.016547641204857522e-01 3.054034654087149914e-01 3.083777601696873760e-01 3.107055623965217506e-01 3.124893777046356402e-01 3.138131261558788077e-01 3.147459714997843383e-01 3.153457155627280573e-01 3.156620950782980106e-01 3.157384804400119038e-01 3.156142841787598630e-01 3.153268358247419134e-01 3.149135954120665382e-01 3.144148370986949992e-01 3.138779537971522204e-01 3.133636216692431975e-01 3.129538455932076579e-01 3.127616936538723524e-01 3.129416330872189511e-01 3.136935218183848351e-01 3.152656343383787862e-01 3.179447042745779939e-01 3.220301919170547311e-01 3.278133515034507561e-01
-1.000000000000000000e+00 -1.000000000000000000e+00 -1.000000000000000000e+00 -1.000000000000000000e+00 -1.000000000000000000e+00 -1.000000000000000000e+00 -1.000000000000000000e+00 -1.000000000000000000e+00 -1.000000000000000000e+00 -1.000000000000000000e+00 -1.000000000000000000e+00 -1.000000000000000000e+00 -1.000000000000000000e+00 -1.000000000000000000e+00 -1.000000000000000000e+00 -1.000000000000000000e+00 -1.000000000000000000e+00 -1.000000000000000000e+00 -1.000000000000000000e+00 -1.000000000000000000e+00 -1.000000000000000000e+00 2.485970645804972123e-01 2.429859268058859600e-01 2.375893248015039094e-01 2.324171754710672999e-01 2.274726621561910522e-01 2.227539311970034852e-01 2.182555556134130603e-01 2.139697180401688714e-01 2.098871223431753585e-01 2.081807843430402982e-01 2.082945117325307738e-01 2.093203646440990884e-01 2.109977704115948705e-01 2.131864705579566421e-01 2.157941701813240465e-01 2.187545417474703047e-01 2.227995176668218225e-01 2.286884343640282202e-01 2.360355017040958459e-01 2.450005667621737437e-01 2.557505513728190460e-01 2.676611037790369574e-01 2.764075300839516358e-01 2.831986388951485689e-01 2.886632202839793382e-01 2.930930602573073029e-01 2.966813983143146705e-01 2.995726276052523840e-01 3.018798239878366929e-01 3.036938426978547656e-01 3.050887872660916766e-01 3.061256295311307607e-01 3.068554380711802088e-01 3.073220823269030566e-01 3.075642833350485383e-01 3.076176538240320002e-01 3.075164481044994069e-01 3.072948869429413810e-01 3.069901517190858908e-01 3.066455278058443090e-01 3.063158486247815615e-01 3.060750389134772043e-01 3.060261913623734675e-01 3.063119501081162377e-01 3.071222714718439550e-01 3.086971013887507831e-01 3.113210134510213667e-01 3.153049668000627581e-01 3.209558442500190512e-01
-1.000000000000000000e+00 -1.000000000000000000e+00 -1.000000000000000000e+00 -1.000000000000000000e+00 -1.000000000000000000e+00 -1.000000000000000000e+00 -1.000000000000000000e+00 -1.000000000000000000e+00 -1.000000000000000000e+00 -1.000000000000000000e+00 -1.000000000000000000e+00 -1.000000000000000000e+00 -1.000000000000000000e+00 -1.000000000000000000e+00 -1.000000000000000000e+00 -1.000000000000000000e+00 -1.000000000000000000e+00 -1.000000000000000000e+00 -1.000000000000000000e+00 -1.000000000000000000e+00 -1.000000000000000000e+00 -1.000000000000000000e+00 2.367043737488766231e-01 2.316726623245972949e-01 2.268321301210611263e-01 2.221890842611394801e-01 2.177447529136637416e-01 2.134966204752581365e-01 2.094395404262962557e-01 2.055666184812452724e-01 2.040963754030211963e-01 2.044368744339813415e-01 2.056673595547886535e-01 2.075238512579251349e-01 2.098619681022588224e-01 2.125862436864365546e-01 2.156269767602859710e-01 2.196742403132602717e-01 2.254023048764633164e-01 2.323872147227076801e-01 2.407620307449653552e-01 2.507043240497052738e-01 2.616780537958282027e-01 2.697421687880974250e-01 2.760171381785620492e-01 2.810859579092485627e-01 2.852186831297486291e-01 2.885921157530957903e-01 2.913375663420288975e-01 2.935574407329020752e-01 2.953331985755087152e-01 2.967308652325281182e-01 2.978046538351272754e-01 2.986001038851802680e-01 2.991564702317617286e-01 2.995090004535230221e-01 2.996908402003540250e-01 2.997343565948052957e-01 2.996730766319581352e-01 2.995433246067110145e-01 2.993879719077122692e-01 2.992619689554529838e-01 2.992396195320450314e-01 2.994268941317161925e-01 2.999702125183130730e-01 3.010683455799197938e-01 3.029744033822477922e-01 3.059887465713726495e-01 3.104425085639128667e-01 3.166601832540089645e-01
-1.000000000000000000e+00 -1.000000000000000000e+00 -1.000000000000000000e+00 -1.000000000000000000e+00 -1.000000000000000000e+00 -1.000000000000000000e+00 -1.000000000000000000e+00 -1.000000000000000000e+00 -1.000000000000000000e+00 -1.000000000000000000e+00 -1.000000000000000000e+00 -1.000000000000000000e+00 -1.000000000000000000e+00 -1.000000000000000000e+00 -1.000000000000000000e+00 -1.000000000000000000e+00 -1.000000000000000000e+00 -1.000000000000000000e+00 -1.000000000000000000e+00 -1.000000000000000000e+00 -1.000000000000000000e+00 -1.000000000000000000e+00 -1.000000000000000000e+00 2.259665127327084577e-01 2.214262784783105897e-01 2.170577460127239289e-01 2.128645494144839334e-01 2.088465080836051646e-01 2.050006621134424500e-01 2.013221158549917122e-01 2.001089538040342619e-01 2.007164046139411073e-01 2.021970145931821783e-01 2.042776565560146806e-01 2.068091633447735611e-01 2.096930243612922518e-01 2.128564451664500812e-01 2.169552227726014582e-01 2.225803825325133878e-01 2.292560207689189056e-01 2.370872707987999317e-01 2.462708635041343797e-01 2.563636431626172274e-01 2.637774805628474439e-01 2.695445597081098099e-01 2.742074142926631541e-01 2.780180628828789469e-01 2.811414849201465116e-01 2.836989477741366783e-01 2.857845387733760067e-01 2.874723735824060711e-01 2.888221182763487938e-01 2.898826777703744084e-01 2.906951089527022303e-01 2.912957872200413467e-01 2.917184388226529146e-01 2.919956047047955194e-01 2.921603625435740814e-01 2.922476778647084550e-01 2.922963664602877265e-01 2.923528618333731122e-01 2.924787124981738096e-01 2.927594881019328077e-01 2.933180604366925071e-01 2.943279461046692802e-01 2.960228945320689808e-01 2.986965588279280603e-01 3.026914525936315603e-01 3.083708894102392128e-01 3.160754963682044227e-01
-1.000000000000000000e+00 -1.000000000000000000e+00 -1.000000000000000000e+00 -1.000000000000000000e+00 -1.000000000000000000e+00 -1.000000000000000000e+00 -1.000000000000000000e+00 -1.000000000000000000e+00 -1.000000000000000000e+00 -1.000000000000000000e+00 -1.000000000000000000e+00 -1.000000000000000000e+00 -1.000000000000000000e+00 -1.000000000000000000e+00 -1.000000000000000000e+00 -1.000000000000000000e+00 -1.000000000000000000e+00 -1.000000000000000000e+00 -1.000000000000000000e+00 -1.000000000000000000e+00 -1.000000000000000000e+00 -1.000000000000000000e+00 -1.000000000000000000e+00 -1.000000000000000000e+00 -1.000000000000000000e+00 2.121101501900195252e-01 2.081458177047287306e-01 2.043383239458690659e-01 2.006864967870561067e-01 1.971871028205633702e-01 1.962657562240716913e-01 1.971969365570179489e-01 1.989844632439178862e-01 2.013412962222000946e-01 2.041140994552505528e-01 2.072028524903653524e-01 2.105324828453825903e-01 2.147353887591653410e-01 2.203196176700958631e-01 2.267343746579948416e-01 2.340476951126442828e-01 2.424838571932603215e-01 2.517106286154762729e-01 2.584869227537304193e-01 2.637486538602038522e-01 2.679971921024673631e-01 2.714687451103192650e-01 2.743183223945412919e-01 2.766592289399177895e-01 2.785787512763250318e-01 2.801449594563010792e-01 2.814125579680856748e-01 2.824266178656725801e-01 2.832265671155054787e-01 2.838485941293802939e-01 2.843280393042705856e-01 2.847003264857704830e-01 2.850024377565943401e-01 2.852737623483016516e-01 2.855590523722534857e-01 2.859153477256300979e-01 2.864218035860917611e-01 2.871939085822947657e-01 2.884012877117270168e-01 2.902813808171786358e-01 2.931449845818198674e-01 2.973658131560877882e-01 3.033540438421485352e-01 3.114996064272881338e-01 3.221219739640027724e-01
-1.000000000000000000e+00 -1.000000000000000000e+00 -1.000000000000000000e+00 -1.000000000000000000e+00 -1.000000000000000000e+00 -1.000000000000000000e+00 -1.000000000000000000e+00 -1.000000000000000000e+00 -1.000000000000000000e+00 -1.000000000000000000e+00 -1.000000000000000000e+00 -1.000000000000000000e+00 -1.000000000000000000e+00 -1.000000000000000000e+00 -1.000000000000000000e+00 -1.000000000000000000e+00 -1.000000000000000000e+00 -1.000000000000000000e+00 -1.000000000000000000e+00 -1.000000000000000000e+00 -1.000000000000000000e+00 -1.000000000000000000e+00 -1.000000000000000000e+00 -1.000000000000000000e+00 -1.000000000000000000e+00 -1.000000000000000000e+00 2.036091808339898501e-01 1.999938903712406846e-01 1.965197589170017411e-01 1.931849381812744681e-01 1.926194742653004888e-01 1.939622209442993239e-01 1.961325246828047320e-01 1.988289682280741377e-01 2.018979658217843476e-01 2.052410732423898543e-01 2.087834857718467996e-01 2.131519698023298381e-01 2.187716070498705312e-01 2.249800569082706925e-01 2.317869948945646130e-01 2.394450115454428152e-01 2.477644396117265613e-01 2.538829950604040153e-01 2.586242466923359684e-01 2.624431283517906777e-01 2.655587628108579401e-01 2.681160068226819404e-01 2.702211839957366357e-01 2.719551464756890247e-01 2.733818011771858569e-01 2.745533983603211103e-01 2.755156195034390021e-01 2.763115091512200472e-01 2.769828493320423690e-01 2.775711826871002930e-01 2.781186481633735053e-01 2.786672023383601760e-01 2.792638437534554763e-01 2.799662060509169881e-01 2.808578869395045308e-01 2.820668505347421751e-01 2.837894817179371643e-01 2.863073379748475311e-01 2.899947745070095562e-01 2.953024032992481729e-01 3.027130922591513285e-01 3.126660042239289283e-01 3.254803276195642470e-01 3.412658861757805751e-01
