0.000000000000000000e+00 0.000000000000000000e+00 1.422478979152420208e-292 4.541001512640971071e-241 3.184100108713264313e-205 5.706830834951441986e-178 3.593693973761276581e-156 3.752820217785265273e-138 6.467768073136066715e-123 8.172217335326477673e-110 2.087750939178546878e-98 2.415945483032652977e-88 1.567753602508746387e-78 2.016747384405885409e-69 3.536099660430910111e-61 8.865336168991489370e-54 3.660468154419705513e-47 2.924140025525679026e-41 5.275181801127778439e-36 2.478555317419260894e-31 3.444809289097101340e-27 1.585808106857483525e-23 2.672719490583835957e-20 1.802205853879508389e-17 5.259131297906031529e-15 7.124120200549336032e-13 4.771725180859912518e-11 1.673506860696590110e-09 3.239898975518833523e-08 3.643214408588228568e-07 1.507380159952391441e-06 3.282860052394902304e-06 5.225468251074156372e-06 6.788477076001659924e-06 7.602476970972984788e-06 7.555272703424724429e-06 6.756678765444333986e-06 4.478007829632962807e-06 1.705179125541002884e-06 3.728034718312953342e-07 3.993920429311580103e-08 1.660827137330521301e-09 2.371695015753519080e-11 6.631530672536145310e-13 2.748776822458567298e-14 1.419931126928658787e-15 8.629295539602983449e-17 5.977564356683821453e-18 4.621239061627127728e-19 3.931736186884900704e-20 3.650052127897714905e-21 3.663996053579472244e-22 3.959955759446145462e-23 4.563461859649787720e-24 5.580521990674391948e-25 7.235580497941740716e-26 9.893726362628193992e-27 1.422169701881687400e-27 2.144096999598924906e-28 3.374054190891976096e-29 5.543992075886209955e-30 9.497908751658622383e-31 1.685609848734619120e-31 3.106063960403015526e-32 5.923553913308021648e-33 1.169024121764169811e-33 2.375392724336765909e-34 4.968228988143495297e-35 1.074922358817979146e-35 2.379723910584127239e-36
0.000000000000000000e+00 0.000000000000000000e+00 1.131986751651221769e-291 3.367241303282001268e-240 2.216393632001419892e-204 3.751090364926183873e-177 2.231103359186129980e-155 2.198449585271261966e-137 3.574754024205615334e-122 4.260824739548938947e-109 1.026729901112980360e-97 1.120367689794633708e-87 6.821876346752312663e-78 8.213472369309986621e-69 1.343782300465721462e-60 3.144754360677324939e-53 1.211589116085292941e-46 9.021481304804364130e-41 1.517571108395061723e-35 6.646745146634415323e-31 8.616327915491777954e-27 3.699686589436245183e-23 5.817397674807471254e-20 3.661473647318955262e-17 9.978174606912367794e-15 1.263671847129695860e-12 7.919466697513139582e-11 2.601393236044394815e-09 4.724375140312188507e-08 4.994080010743267685e-07 1.980726249736162027e-06 4.204953608614833935e-06 6.583131937298327373e-06 8.466788439035847358e-06 9.433154347926444238e-06 9.362318815126309855e-06 8.391425008456887782e-06 5.628134330445130395e-06 2.204145898153502748e-06 5.019712399299790545e-07 5.663817263503832463e-08 2.506837474094196719e-09 3.836765898613859030e-11 1.127773106770490401e-12 4.861252111057919698e-14 2.595060901421242812e-15 1.622078433345977746e-16 1.151564272883247002e-17 9.116581821066362104e-19 7.927922801509392792e-20 7.509428517760824290e-21 7.672212446045727032e-22 8.416845439159907846e-23 9.856160289402626251e-24 1.223390734743738650e-24 1.608904898419746825e-25 2.229825099505605499e-26 3.233676397704144221e-27 4.944943460195290043e-28 7.865144567924655559e-29 1.305831521338148315e-29 2.250300762200056121e-30 4.044874856405054623e-31 7.517173968242921371e-32 1.443137288438324247e-32 2.871844575223587484e-33 5.893894713338416733e-34 1.247342777088913259e-34 2.703274397957338416e-35 6.065445544922835188e-36
0.000000000000000000e+00 0.000000000000000000e+00 9.391833569823311318e-291 2.588642515766898201e-239 1.610200534819902971e-203 2.564501754977299789e-176 1.435506019854082069e-154 1.331049923791379828e-136 2.037372396785685439e-121 2.287213022887349325e-108 5.191686550272958810e-97 5.332918226930621670e-87 3.037413998522408505e-77 3.415778272658435684e-68 5.217366706964066526e-60 1.136996355982069054e-52 4.077450860476694351e-46 2.825811633495728601e-40 4.422221680657824186e-35 1.803078278888761078e-30 2.174757452967314647e-26 8.695508554456238008e-23 1.273719069873475125e-19 7.470949684877517166e-17 1.898741558460822367e-14 2.244699106472760796e-12 1.314439555198544280e-10 4.038969392376121116e-09 6.872126482081958225e-08 6.822784719594906045e-07 2.593393065163163703e-06 5.366210617716364822e-06 8.263613371769747408e-06 1.052331486630326324e-05 1.166435542765162230e-05 1.156255101727973573e-05 1.038711728504307243e-05 7.048484673505225645e-06 2.839638938209417773e-06 6.736801412550071732e-07 8.015823367123862460e-08 3.780251514178053246e-09 6.211191303128342001e-11 1.918708195896264672e-12 8.604531386614656871e-14 4.753384740250862379e-15 3.060661759470651454e-16 2.232293734498097381e-17 1.808690338194890327e-18 1.607562086004651957e-19 1.550737144225034021e-20 1.614737445958721098e-21 1.803279392062128566e-22 2.141544216826719312e-23 2.699760763043207391e-24 3.599579981894766143e-25 5.052564436785895516e-26 7.433932216123149103e-27 1.148079999526026340e-27 1.848181167031757963e-28 3.099915684162775505e-29 5.407737807653229024e-30 9.784755563812008341e-31 1.835566614975341373e-31 3.569414827069236747e-32 7.149453015441184301e-33 1.475061774043098116e-33 3.140830585879074348e-34 6.888868929954395626e-35 1.548296549794951964e-35
0.000000000000000000e+00 0.000000000000000000e+00 8.130199742075762644e-290 2.090989706523538755e-238 1.214300984799085443e-202 1.818231492654696595e-175 9.569809524909337238e-154 8.338520591018799720e-136 1.199896481729688816e-120 1.265142199389012020e-107 2.699707969776776901e-96 2.604586393367686706e-86 1.388534169969813847e-76 1.455023633418603826e-67 2.065801201525261547e-59 4.186796201913682439e-52 1.394648591005275140e-45 8.982811902513328526e-40 1.305986803647006345e-34 4.945003015304099899e-30 5.540726203847084090e-26 2.059300417013883341e-22 2.805423083736082531e-19 1.531113572974636251e-16 3.623848156246987383e-14 3.992797082911201058e-12 2.181386296211959018e-10 6.261723206221809738e-09 9.969875683079787989e-08 9.288083914782607988e-07 3.382752990195773851e-06 6.821685845779672285e-06 1.033600404283215551e-05 1.303311005490475828e-05 1.437320773319343594e-05 1.423152120209049411e-05 1.281326000157201729e-05 8.796469186389779368e-06 3.644998798672784634e-06 9.013219409645808146e-07 1.131505830926195204e-07 5.692241109373993397e-09 1.004994680517857765e-10 3.270444456996383378e-12 1.528239244654621638e-13 8.732697927375049228e-15 5.796660911377171122e-16 4.339960841001064704e-17 3.602049565400364166e-18 3.270305886200160237e-19 3.223772983010639507e-20 3.416677729889298951e-21 3.882401427003359661e-22 4.690885462525803497e-23 6.011466877848086699e-24 8.113430978496215893e-25 1.152373591792165685e-25 1.722145118040619243e-26 2.681005726777865332e-27 4.373338988389477815e-28 7.412651439966509661e-29 1.307378279226540438e-29 2.390272941794622778e-30 4.532925254683723550e-31 8.871365203985865782e-32 1.793859068325408930e-32 3.734182175687068506e-33 8.031379425130864982e-34 1.763822415700941849e-34 4.018813000784113273e-35
0.000000000000000000e+00 0.000000000000000000e+00 7.352107226552654350e-289 1.753996190736217583e-237 9.544256330876466111e-202 1.340312048681651223e-174 6.622647175739756513e-153 5.412192713103706753e-135 7.310340103279147924e-120 7.219795620117034669e-107 1.444647315651273492e-95 1.308556726675235166e-85 6.502269150289171888e-76 6.337480831462471218e-67 8.363815690594834107e-59 1.571783513971859997e-51 4.857264633488097127e-45 2.899233235081160330e-39 3.907411226536659002e-34 1.371721928164041866e-29 1.425782126624922467e-25 4.915305936056359805e-22 6.216337639634317087e-19 3.151679238994326697e-16 6.935233095667909676e-14 7.110943346861263474e-12 3.618954628282104941e-10 9.691320361385427375e-09 1.442208842936970088e-07 1.259763828248694023e-06 4.394736895799028351e-06 8.639275627542187714e-06 1.288133772799114626e-05 1.608454735101553907e-05 1.765091717535037603e-05 1.745720498352963052e-05 1.575278321416940708e-05 1.094022798092254355e-05 4.661970501021037797e-06 1.202043236164245639e-06 1.593141813748891736e-07 8.562894442487001972e-09 1.627086237895429766e-10 5.579043759167490630e-12 2.715785985319943169e-13 1.609341711978885747e-14 1.102170154806575341e-15 8.476065476176827254e-17 7.208063751992499108e-18 6.695460762851860347e-19 6.742598778263894746e-20 7.281910265505048325e-21 8.411807099903280014e-22 1.032627559426014577e-22 1.343504644983788542e-23 1.839150591833149767e-24 2.651081571280180990e-25 4.014862949973719062e-26 6.334610156635272689e-27 1.044640949464607274e-27 1.792415593102960030e-28 3.189079599330594780e-29 5.900213420335017810e-30 1.125715485794629177e-30 2.229964782832214471e-31 4.539650908643530357e-32 9.543491246634288167e-33 2.066697040720595456e-33 4.594911608818159736e-34 1.050221420920880598e-34
0.000000000000000000e+00 0.000000000000000000e+00 6.953246462589520673e-288 1.545586681245479109e-236 7.853117418295113752e-201 1.029631859761133994e-173 4.765036798899525775e-152 3.644679419653127565e-134 4.609088491125542291e-119 4.263549571388157568e-106 7.985346986204131785e-95 6.762638188383539956e-85 3.130345074309740678e-75 2.831087726296642299e-66 3.460827863096818845e-58 6.021830941610832699e-51 1.721819037300703557e-44 9.504276952227963078e-39 1.185323316375321861e-33 3.850418119527153863e-29 3.704380318685139766e-25 1.182692048946179085e-21 1.385897899037132540e-18 6.516009286148260294e-16 1.330758576763586691e-13 1.267708895329523862e-11 6.000929343647891765e-10 1.497098162086928671e-08 2.079766996386735659e-07 1.701779694635284859e-06 5.686618485825253122e-06 1.089918888812261830e-05 1.599537130131836428e-05 1.978191359301404120e-05 2.160248877342476679e-05 2.134198178200955300e-05 1.930104018790987149e-05 1.355868104301548995e-05 5.941452599708818657e-06 1.597155451458937067e-06 2.237402266854213800e-07 1.285369545643551664e-08 2.633271599293629881e-10 9.528039849030735946e-12 4.842472197541123357e-13 2.974219320993339730e-14 2.098534057205525977e-15 1.662001574947753890e-16 1.449629243352379185e-17 1.378492824794022197e-18 1.414876116402132080e-19 1.560029739148382814e-20 1.834915939880820712e-21 2.289710088835000016e-22 3.025427193648112606e-23 4.212160241982991469e-24 6.158551002786368865e-25 9.421976446651736918e-26 1.508679959980919033e-26 2.515952240277629198e-27 4.371813462629108983e-28 7.873343806054796509e-29 1.465385406384148136e-29 2.835076652248382563e-30 5.658703724651015895e-31 1.161325939268537746e-31 2.463214956483326732e-32 5.390824622546643375e-33 1.204838401573319761e-33 2.785480414075086255e-34
0.000000000000000000e+00 0.000000000000000000e+00 6.959481898744842235e-287 1.422516110418649788e-235 6.750915240907828709e-200 8.258952317025974837e-173 3.570123556831209665e-151 2.548825593621388120e-133 3.010503154398295327e-118 2.600900029163246783e-105 4.547742356740121309e-94 3.601839676532026414e-84 1.547805364310805398e-74 1.296480844477767572e-65 1.464736627972404103e-57 2.354550389531379254e-50 6.215316099422418286e-44 3.167469665985329071e-38 3.646730171998881821e-33 1.093860766461466216e-28 9.720242046882992829e-25 2.868552361958555664e-21 3.108750069556499647e-18 1.353001113278149252e-15 2.560279148500908296e-13 2.261813030911911862e-11 9.944101852309239898e-10 2.307772697326083307e-08 2.989082767406488525e-07 2.289532581159836580e-06 7.327475258341578288e-06 1.369681188497565173e-05 1.978901489961945777e-05 2.424558938823904926e-05 2.635141831404717123e-05 2.600379969399738766e-05 2.356838647952663016e-05 1.674581294168805341e-05 7.543418427645759804e-06 2.114538742521823935e-06 3.131355925804877803e-07 1.926919046907388564e-08 4.260517096814140333e-10 1.628790467208177058e-11 8.639717883605866379e-13 5.503847171263775881e-14 4.014075942866168209e-15 3.269220172084687383e-16 2.925881084255343930e-17 2.849008277129084683e-18 2.989061262081807757e-19 3.364881773445658196e-20 4.024511705682926037e-21 5.119508902095690665e-22 6.863697262227009406e-23 9.706840349148703356e-24 1.441018946729620131e-24 2.236420873643640219e-25 3.619029645383822098e-26 6.106163508044540832e-27 1.072530336682605353e-27 1.952324052156637115e-28 3.687184238181860765e-29 7.184404845327810423e-30 1.447178938669134648e-30 3.008024696952950734e-31 6.423046583581989065e-32 1.413484501863855150e-32 3.198070354313796220e-33 7.426583940402654815e-34
0.000000000000000000e+00 0.000000000000000000e+00 7.323914576849082700e-286 1.383024393877810316e-234 6.079671179036019233e-199 6.933689622889819701e-172 2.790008814654749214e-150 1.857689192380237361e-132 2.044036623269236142e-117 1.645445899012650323e-104 2.682120240914740304e-93 1.976756788766963079e-83 7.871971172787476764e-74 6.092230536759934519e-65 6.347232571621056632e-57 9.404649104028137163e-50 2.286761417399124860e-43 1.073205801599001335e-37 1.138167150657653056e-32 3.145692526018170361e-28 2.576774439581144595e-24 7.013816504845742506e-21 7.016096706102772223e-18 2.820885411053967482e-15 4.937214632020996116e-13 4.038016831342687064e-11 1.646295742594332917e-09 3.548480947926666527e-08 4.280012027321639377e-07 3.067103977793189772e-06 9.403196207967831207e-06 1.714687765011836028e-05 2.439579835278451536e-05 2.961743481477671804e-05 3.203891200177415657e-05 3.158150814790168092e-05 2.868179962837001735e-05 2.060455193258620753e-05 9.538200187991238978e-06 2.788980114197843994e-06 4.370696782881252769e-07 2.881866508604204743e-08 6.891072573340411469e-10 2.786921090677322937e-11 1.545446818549136904e-12 1.022450574014432555e-13 7.707873422362949745e-15 6.457257538843999267e-16 5.935630464817199717e-17 5.918178726462058250e-18 6.355205754561738769e-19 7.295634127223746420e-20 8.908512077483847657e-21 1.151551209326740953e-21 1.571324432266774858e-22 2.256175344616636246e-23 3.394956166549981566e-24 5.339983419148684853e-25 8.773979900169134860e-26 1.499080724906728127e-26 2.664033330498541947e-27 4.906681974715062210e-28 9.333881547073980270e-29 1.843370287922887130e-29 3.750562483830376623e-30 7.853640293702051425e-31 1.693854812965913975e-31 3.767038057194566463e-32 8.575290008250368803e-33 2.008270946161254476e-33
0.000000000000000000e+00 0.000000000000000000e+00 8.089731432246126418e-285 1.411075078803502988e-233 5.753578530519928207e-198 6.102879451461229524e-171 2.280556426434439289e-149 1.411659428654746090e-131 1.442688069552774954e-116 1.078490938519668000e-103 1.635380634102454662e-92 1.120712708715986684e-82 4.126478156269840210e-73 2.940885892967989702e-64 2.818879298152047713e-56 3.839139665855329894e-49 8.578011643766244917e-43 3.699723742645744700e-37 3.605034690806930037e-32 9.159968667528086280e-28 6.902139392575357117e-24 1.728854958915286689e-20 1.592932592248846578e-17 5.905648432966970861e-15 9.541533131108022230e-13 7.213565639143209791e-11 2.721842160846837616e-09 5.441404753633907034e-08 6.104310341670425597e-07 4.089949686846969881e-06 1.201505530780318220e-05 2.138418268944816127e-05 2.997064208893999993e-05 3.606148231967492787e-05 3.883236594877217723e-05 3.823639425051415710e-05 3.479620303713498714e-05 2.526778389513887810e-05 1.201722824835464665e-05 3.663410367317746160e-06 6.076948038844419620e-07 4.301869262953789926e-08 1.114161619290061472e-09 4.769285383745815516e-11 2.768415012272478459e-12 1.903377568527925658e-13 1.483799434461509302e-14 1.282082098794149326e-15 1.210685869825223045e-16 1.237278447686644133e-17 1.357825254536242377e-18 1.591366072849024632e-19 1.981996393271561190e-20 2.609979128986838299e-21 3.621136522350648799e-22 5.274131003903045323e-23 8.067133619210086720e-24 1.286901997197028062e-24 2.142173674886406301e-25 3.706179867517365461e-26 6.666969998498979103e-27 1.242968069846566406e-27 2.396060843146116317e-28 4.759633565608954759e-29 9.805842053439445261e-30 2.076035214157855459e-30 4.522271789597054080e-31 1.012088251356335035e-31 2.326508101612752200e-32 5.493543942398304189e-33
0.000000000000000000e+00 0.000000000000000000e+00 9.554213212770345858e-284 1.519958341936404798e-232 5.738153678479364690e-197 5.643260397680056213e-170 1.954482516563788217e-148 1.118710679213742605e-130 1.061031498826629528e-115 7.357158150912917437e-103 1.033017397921761647e-91 6.570447123770986043e-82 2.229596180256121982e-72 1.460050546840731141e-63 1.284311556304985552e-55 1.603361538946062965e-48 3.282685917343386900e-42 1.298061186589403175e-36 1.159149993061594172e-31 2.701071482564334215e-27 1.868105995989432007e-23 4.297058032887530136e-20 3.639790339104975489e-17 1.241750201781174477e-14 1.848080796967359979e-12 1.288865837494919439e-10 4.494280635915372903e-09 8.318824103047778490e-08 8.669221120853568549e-07 5.429203681103248819e-06 1.528940693860178564e-05 2.656800171140082399e-05 3.669928796787689547e-05 4.377148082796613183e-05 4.692292538724034898e-05 4.615322477036060519e-05 4.208343245293772784e-05 3.088359882560634567e-05 1.507956823026717173e-05 4.792090567880389545e-06 8.420128032760254958e-07 6.403893276573524120e-08 1.799241863183712191e-09 8.168353893358144562e-11 4.964659825117440938e-12 3.549971233612859971e-13 2.864948898733119069e-14 2.554118494636949696e-15 2.478594029449860903e-16 2.597372730769840067e-17 2.919504506264533831e-18 3.493999166915524943e-19 4.442756004545287878e-20 5.951052143694770521e-21 8.409478446446683990e-22 1.246384688061145550e-22 1.935940890550641613e-23 3.130569852522369056e-24 5.276291768213495498e-25 9.259483342629582232e-26 1.688643594211103556e-26 3.178837378223080280e-27 6.183266070428668369e-28 1.247470421261709863e-28 2.591498710721921334e-29 5.534749876041237722e-30 1.216521388715968724e-30 2.755389171416842910e-31 6.405476485913215805e-32 1.518396055863571444e-32
0.000000000000000000e+00 0.000000000000000000e+00 1.188502983951354662e-282 1.739797400463604859e-231 6.045525713212461516e-196 5.491471621999096057e-169 1.755109966052845169e-147 9.300328044820984569e-130 8.135076217817807226e-115 5.219051574475617823e-102 6.776222187170826112e-91 3.986770511107800259e-81 1.243527159408264570e-71 7.462583651556517732e-63 6.006018257134564571e-55 6.851832275439767180e-48 1.282630651461309699e-41 4.636049521971081070e-36 3.786456600936265377e-31 8.072264421612927919e-27 5.109809293052689310e-23 1.077106788708143530e-19 8.365722539326687714e-17 2.620649660540763122e-14 3.586239344851216198e-12 2.303043614552213494e-10 7.406040223443442405e-09 1.267481074843052312e-07 1.225642215771004431e-06 7.172845687728015066e-06 1.937312797985170097e-05 3.289170740430250159e-05 4.479309923376906597e-05 5.297499502504838360e-05 5.653726736367155082e-05 5.555222464916912599e-05 5.074609525347357087e-05 3.761893065091710708e-05 1.884945512017298906e-05 6.242078093184127141e-06 1.161895472985007766e-06 9.510313446211101142e-08 2.903467260619608219e-09 1.399477329661410891e-10 8.920370596225005198e-12 6.642770571681122076e-13 5.550888956988891999e-14 5.103798625265454136e-15 5.100198500929541231e-16 5.484162422656195829e-17 6.308095282757775703e-18 7.718110337992668629e-19 1.001045351832136648e-19 1.367683020918633517e-20 1.964803093808522942e-21 2.964429531626842227e-22 4.669924493608128117e-23 7.674858103652951181e-24 1.315150760558613965e-24 2.334590157995630336e-25 4.301957902211892318e-26 8.206894957003574819e-27 1.619311218553908164e-27 3.293670065565891160e-28 6.924303527858697357e-29 1.496706596081924643e-29 3.325162439993996304e-30 7.584420525531911939e-31 1.776419798145077428e-31 4.262136610683809558e-32
0.000000000000000000e+00 0.000000000000000000e+00 1.585664531623489775e-281 2.112153159403974263e-230 6.747365490243337255e-195 5.632466558498706736e-168 1.660228584036818474e-146 8.096215981804512297e-129 6.532027142783585407e-114 3.859414525309211268e-101 4.621008195000089604e-90 2.507157662745893788e-80 7.167092358904674400e-71 3.930374115812218987e-62 2.885612302766955297e-54 3.002079794708633573e-47 5.121963357605662018e-41 1.687224839268557846e-35 1.256687477109918884e-30 2.444302481057017301e-26 1.413074246098469337e-22 2.722520841305471856e-19 1.935150611502451994e-16 5.553146656105972310e-14 6.971793133512269215e-12 4.113853265912032161e-10 1.218064437712869014e-08 1.923840854847943853e-07 1.724509460014987164e-06 9.431036810960756768e-06 2.444971913605469699e-05 4.058284931140109327e-05 5.450904480687088997e-05 6.393530847238361307e-05 6.794381081048504658e-05 6.668422112218282051e-05 6.101796205825543663e-05 4.568229722938129241e-05 2.347425995532428103e-05 8.096633477290822735e-06 1.597111529903087814e-06 1.407603417836408334e-07 4.678833279013297807e-09 2.397472319628415775e-10 1.604736307648104684e-11 1.245240029644319314e-12 1.079075204235475952e-13 1.024455581502843856e-14 1.053622679581718990e-15 1.163333016395041210e-16 1.372074120524595332e-17 1.715766209764824626e-18 2.272016108473704493e-19 3.168344255694681109e-20 4.636510482424243049e-21 7.101542477197781512e-22 1.138683372328565638e-22 1.902185037281698090e-23 3.295746466365836272e-24 5.954731751142956643e-25 1.110670051595347990e-25 2.145523495244455175e-26 4.278859082555646639e-27 8.822515877235768815e-28 1.867126537908755512e-28 4.084070797791502798e-29 9.167376508688213013e-30 2.111128611527969384e-30 4.990718439948942831e-31 1.211282500256134825e-31
0.000000000000000000e+00 0.000000000000000000e+00 2.246244353701765859e-280 2.730827840196048343e-229 7.994219301996656212e-194 6.119692595602002490e-167 1.653918539113584587e-145 7.407457699151791618e-128 5.493255577477147950e-113 2.981058553713571280e-100 3.280793881769579809e-89 1.636557960492165325e-79 4.278308979945698996e-70 2.135180698294043561e-61 1.425496120385402061e-53 1.348259307763143924e-46 2.089604411571856318e-40 6.258790971085088103e-35 4.239559672456225599e-30 7.504933588120150090e-26 3.950684664401887859e-22 6.938485247802325556e-19 4.502520701647671010e-16 1.181163993552991186e-13 1.357355966489599406e-11 7.343675014264621589e-10 1.998130064652708825e-08 2.908329445402919328e-07 2.414197422397813971e-06 1.234054126782864527e-05 3.073361757515723122e-05 4.990995483543792243e-05 6.615126178150525671e-05 7.697109613444596328e-05 8.145833652040459225e-05 7.985647619528299661e-05 7.319378353268209743e-05 5.532330785076792058e-05 2.912897741574463009e-05 1.045643788337042513e-05 2.185413255924772977e-06 2.076932156293148457e-07 7.527388574550139021e-09 4.106460394135441065e-10 2.889205332883326337e-11 2.339073381283556332e-12 2.103656478951750191e-13 2.064086017389123536e-14 2.186445711987748678e-15 2.481673102069797354e-16 2.999275446085650719e-17 3.839975675131229355e-18 5.195532946784726274e-19 7.384814396918376942e-20 1.101865248102167662e-20 1.719854970128384209e-21 2.799787315964633475e-22 4.754261981446264177e-23 8.363774966495848138e-24 1.530085093429800217e-24 2.890293024586498432e-25 5.657014597030318787e-26 1.145308053246957198e-26 2.386704913288684226e-27 5.115249853304117827e-28 1.128456522692064026e-28 2.555125278943782424e-29 5.958960878991755754e-30 1.423148430444809613e-30 3.477190913090514629e-31
0.000000000000000000e+00 0.000000000000000000e+00 3.430376846780030890e-279 3.772717436541959763e-228 1.007892661688107496e-192 7.054934260294927900e-166 1.745386811617704760e-144 7.149486520300123020e-127 4.849591756423088041e-112 2.410229556798747693e-99 2.431410560355512084e-88 1.111844438119890449e-78 2.646471415602750830e-69 1.199030951963507976e-60 7.255422961861465858e-53 6.214553168510305312e-46 8.728468282048913215e-40 2.368506719949926381e-34 1.454150330617670955e-29 2.336114580199139336e-25 1.117015157521109140e-21 1.783919890109951097e-18 1.053952257608359399e-15 2.520891497858360058e-13 2.645883136511150152e-11 1.309955768501163277e-09 3.268666962328878115e-08 4.376966346374077256e-07 3.361763697586187952e-06 1.607203250337961421e-05 3.849645200365836426e-05 6.121448776693625738e-05 8.010664857987850602e-05 9.250734704130837011e-05 9.752220036374503753e-05 9.551756756174697679e-05 8.771242208245781462e-05 6.692901055308598862e-05 3.610111652500778799e-05 1.347801011110665786e-05 2.982663697775035324e-06 3.056600366081435274e-07 1.209344165593881318e-08 7.033093705951776575e-10 5.205731756619752437e-11 4.401707330319238145e-12 4.111056292576888492e-13 4.173023947340238739e-14 4.558244004152858602e-15 5.321097709420545618e-16 6.599529256075047129e-17 8.649461361462922175e-18 1.196255857535472082e-18 1.734485355274572556e-19 2.637436876613801330e-20 4.193768834275081811e-21 6.946408825457556063e-22 1.197088554414958741e-22 2.139926517583842593e-23 3.972272696167150303e-24 7.626263690658585096e-25 1.513946058171679774e-25 3.098020333941178440e-26 6.516739384039743122e-27 1.416355990740425155e-27 3.164432196091238845e-28 7.236267441909587125e-29 1.701629443019655961e-29 4.110864718742817510e-30 1.010060799293808981e-30
0.000000000000000000e+00 0.000000000000000000e+00 5.639267366082054246e-278 5.590719483650494867e-227 1.356074205504993701e-191 8.657968205837959872e-165 1.950947922237999510e-143 7.285418125120565746e-126 4.505556270418240956e-111 2.043602338029925662e-98 1.882881185810696859e-87 7.865462468684326765e-78 1.698408020627062131e-68 6.959079785354727901e-60 3.804907398047352730e-52 2.941992717059144127e-45 3.731777527536264423e-39 9.146407663923726425e-34 5.075962149200867347e-29 7.376078782291763034e-25 3.194151591424107958e-21 4.626044030402966579e-18 2.481664827611684656e-15 5.399271162660987542e-13 5.163344650700072303e-11 2.333744361637593687e-09 5.329580436349109999e-08 6.555712703425968630e-07 4.657746522800803885e-06 2.085460672076851215e-05 4.814066169874568578e-05 7.508599069634732249e-05 9.717199718775353567e-05 1.115306721738302658e-04 1.173052224026590630e-04 1.150312893113010075e-04 1.060677161752199304e-04 8.193054942099497009e-05 4.535972208067880971e-05 1.761590782741950735e-05 4.117154894005400903e-06 4.524746464436562633e-07 1.946796178407985736e-08 1.206181222431204921e-09 9.396943177323694733e-11 8.303351294992835533e-12 8.062697450627674492e-13 8.471966486170027103e-14 9.544353995185966701e-15 1.147283993100143731e-15 1.459260318319703111e-16 1.961325649369512542e-17 2.772997403022674089e-18 4.111044900808687951e-19 6.375411429907101206e-20 1.032267061979642099e-20 1.739375935358926306e-21 3.045654309388939773e-22 5.545037649950909142e-23 1.040872679146417226e-23 2.031811580196968509e-24 4.082090328368442049e-25 8.447347168132500704e-26 1.804325566683234058e-26 3.957565840920415685e-27 8.953615482990507214e-28 2.074017939615431953e-28 4.925959912392080804e-29 1.198328408052973344e-29 2.988821119152304573e-30
0.000000000000000000e+00 0.000000000000000000e+00 1.001056456092695581e-276 8.914417498058293294e-226 1.963247459449362163e-190 1.133081509310046606e-163 2.319382357522827720e-142 7.862794224609145906e-125 4.415074109530384293e-110 1.820134572352268855e-97 1.525622777697489354e-86 5.805583802475815753e-77 1.133932412468738214e-67 4.187020797881301619e-59 2.058875982517552335e-51 1.432790980577302375e-44 1.634833767051501407e-38 3.607149568250467640e-33 1.803543991932346091e-28 2.363327050414628575e-24 9.239734336843207893e-21 1.209835644663827823e-17 5.878221704116182313e-15 1.160037526408867265e-12 1.008276356601970426e-10 4.151204610830175789e-09 8.660717521009711463e-08 9.784089169014804066e-07 6.448583715263062897e-06 2.721861646909864470e-05 6.095594552472094599e-05 9.378044133714390023e-05 1.206711612817880250e-04 1.384413155706130960e-04 1.461850070594686887e-04 1.445265178288785638e-04 1.349600237502458788e-04 1.066468420630160309e-04 6.144092330128104681e-05 2.511310019896270147e-05 6.201575757602233745e-06 7.181567635482317291e-07 3.264777553152233956e-08 2.124492489054551274e-09 1.729155280604865347e-10 1.589943954282055302e-11 1.601417274954992871e-12 1.740175722069194853e-13 2.022916599157674643e-14 2.499659543490970776e-15 3.266385503637336397e-16 4.496050415104549791e-17 6.502218212976935698e-18 9.855753735313072618e-19 1.560371527322244775e-19 2.574754108517894578e-20 4.422356799605436351e-21 7.877997447046749687e-22 1.455635699567996231e-22 2.785892354568796479e-23 5.503389097552282655e-24 1.122753335118426931e-24 2.363660046774346601e-25 5.120168969314887083e-26 1.138987896369774014e-26 2.607149283726999976e-27 6.123270053854502195e-28 1.477453377024296291e-28 3.649181151239628635e-29 9.248356545327805171e-30
0.000000000000000000e+00 0.000000000000000000e+00 1.930397041874891473e-275 1.540151732182521304e-224 3.051314463082660994e-189 1.592505912632226105e-162 2.942947345477686007e-141 9.011124599934077904e-124 4.582670010231656656e-109 1.710501751807245119e-96 1.299330692216544992e-85 4.480472692760067250e-76 7.884467220350916938e-67 2.612848107820914786e-58 1.151651063977027901e-50 7.181507957395474094e-44 7.345769534812482393e-38 1.453868829911820182e-32 6.525479626246771734e-28 7.686301091092637411e-24 2.704641593345856279e-20 3.192058204828534917e-17 1.400261748885776648e-14 2.499596564508713209e-12 1.969791870947003447e-10 7.377392320646556103e-09 1.409664912088975162e-07 1.478983325047347359e-06 9.239760785065249889e-06 3.765004756956800888e-05 8.307926692362431205e-05 1.274601138407088622e-04 1.645682884806157523e-04 1.904659788676459705e-04 2.039340084732864063e-04 2.055820477510848223e-04 1.969768019165316520e-04 1.626277467345288799e-04 1.011754437892066700e-04 4.582615011891091173e-05 1.262432667914722056e-05 1.575592518069697647e-06 7.275088360449972692e-08 4.765513629017581013e-09 3.927506719849629819e-10 3.677466880370222108e-11 3.782528622576927526e-12 4.209231522208428607e-13 5.021398148029861624e-14 6.372507523858764727e-15 8.569293205188116576e-16 1.215771052561617965e-16 1.813809111301192089e-17 2.841157342423899708e-18 4.661615809800672816e-19 7.985233520176298921e-20 1.428426814318452509e-20 2.667106198483994847e-21 5.187992819007621291e-22 1.049589954733647996e-22 2.212456020105057552e-23 4.856911614524341912e-24 1.107175789066544790e-24 2.621908931052891653e-25 6.469814156100679326e-26 1.658840227395393148e-26 4.418185090231736782e-27 1.223108073167768344e-27 3.512758127337592983e-28 1.046960461115791972e-28
0.000000000000000000e+00 0.000000000000000000e+00 4.066781074307802139e-274 2.893896093900573710e-223 5.136555804201364543e-188 2.407599989118692644e-161 3.999566632189988735e-140 1.102638036266330268e-122 5.044062204259272204e-108 1.696136146033864680e-95 1.163368531010536800e-84 3.625056630524334439e-75 5.719627244922645513e-66 1.693885938864314874e-57 6.665618554204578189e-50 3.708917701690059970e-43 3.388105361514405527e-37 5.991485468183934148e-32 2.405750357109246820e-27 2.537500469456089349e-23 8.009235815472184122e-20 8.495151435476129609e-17 3.354207213332031472e-14 5.405276658168652756e-12 3.865497877580142372e-10 1.333727983126826800e-08 2.425830096225922998e-07 2.522423493696968537e-06 1.587458299540832479e-05 6.389705307659044697e-05 1.385089850104946065e-04 2.106519060111859286e-04 2.715012856339950277e-04 3.158361208785090283e-04 3.422551641185100912e-04 3.515986103771854307e-04 3.459630560971837230e-04 3.016931994066959213e-04 2.106087513254245504e-04 1.146076944543801052e-04 4.077318724478966452e-05 6.678564947544394747e-06 3.678242522219544882e-07 2.628718371754372628e-08 2.322616894755833149e-09 2.331345889338121415e-10 2.585947316736805573e-11 3.125797480636071466e-12 4.084962313367707834e-13 5.729241618520412655e-14 8.599124371203723638e-15 1.374383444375748956e-15 2.329414213962710674e-16 4.181280623753482240e-17 7.910879086071902574e-18 1.576315387731093587e-18 3.298767091662284580e-19 7.224550598882794942e-20 1.655918411621555830e-20 3.940371036570901614e-21 9.802530234518543543e-22 2.526322721748506693e-22 6.744937443767230872e-23 1.862386475391324160e-23 5.316939505952574548e-24 1.563654868346732337e-24 4.734337231540215177e-25 1.475784230493063308e-25 4.720869469850393643e-26 1.548740356185079449e-26
0.000000000000000000e+00 0.000000000000000000e+00 9.414508796100161409e-273 5.921411634121241978e-222 9.396323791976099880e-187 3.930919141960250343e-160 5.840631549763412310e-139 1.441488968520483460e-121 5.912417416819198613e-107 1.783827905008529326e-94 1.098683365265725167e-83 3.079388779448589228e-74 4.337913672813773106e-65 1.142972297934641996e-56 3.998430827513473947e-49 1.977300049777920336e-42 1.605266066639223779e-36 2.526359973018348793e-31 9.040900743447734936e-27 8.509856567431277848e-23 2.400902339214946827e-19 2.280879323706304128e-16 8.106964393148653713e-14 1.194087242727844151e-11 8.173183427373562046e-10 2.934097177425893551e-08 5.948846991929085669e-07 6.757106602617468473e-06 4.187394921115137470e-05 1.510465597083446982e-04 2.993402417390559548e-04 4.324176706320124780e-04 5.404902222080501615e-04 6.179654922738624578e-04 6.644780354875494529e-04 6.825442548263517409e-04 6.761854332936589190e-04 6.097786973925082730e-04 4.693019984704158696e-04 3.088449288309860958e-04 1.551406982909961613e-04 4.353134266831325358e-05 4.097426005630806755e-06 3.853215500326942241e-07 4.096381165611288367e-08 4.794533827475523236e-09 6.122861266910737418e-10 8.474645513672523305e-11 1.262815227067137977e-11 2.013887715112440248e-12 3.421564383391720470e-13 6.167816622703484780e-14 1.174657982981393541e-14 2.351899845232546181e-15 4.947811504042433058e-16 1.088082845910742038e-16 2.494615109682081994e-17 5.964083191228191431e-18 1.479739892123204220e-18 3.812650579935051189e-19 1.014624581504374907e-19 2.799082990742654747e-20 7.949026361649263214e-21 2.328938622625582459e-21 7.012468507281734922e-22 2.172587670314230180e-22 6.915201617185949765e-23 2.249081306467824188e-23 7.512367582880234356e-24 2.570799396265789980e-24
0.000000000000000000e+00 0.000000000000000000e+00 2.406025373983822131e-271 1.335200960895975764e-220 1.876020269569305635e-185 6.972734446123156606e-159 9.211213657023354330e-138 2.025015922298654371e-120 7.398994268038015120e-106 1.993374289410206546e-93 1.097694069000033878e-82 2.753326554860627330e-73 3.446234119566545115e-64 8.039223698481176892e-56 2.488504438522937702e-48 1.088614800100628415e-41 7.826548830899571845e-36 1.091517807514700797e-30 3.465688128684131916e-26 2.900001724308867618e-22 7.308820409421009440e-19 6.323731485929237755e-16 2.196838917322580693e-13 3.673689532919393256e-11 3.274344964247858914e-09 1.518405527912720064e-07 3.419293683327330887e-06 3.433588244918425714e-05 1.589303467998131486e-04 4.317125842318033464e-04 7.398346799057968970e-04 9.971115387615184320e-04 1.198380613518500734e-03 1.336362222251919352e-03 1.410462533807303612e-03 1.426482487715804125e-03 1.393855185268027966e-03 1.246440579294695247e-03 9.805925427928325645e-04 7.065835337753505196e-04 4.471846207968240960e-04 2.142088524534786211e-04 5.164336418274608013e-05 9.113874790388436949e-06 1.380638635963352202e-06 2.012578569693023865e-07 3.004034244653779631e-08 4.701323406498735283e-09 7.769346344769145482e-10 1.359297511091125491e-10 2.509585509527579790e-11 4.885794510010839563e-12 9.995570783099482383e-13 2.146828122112289287e-13 4.812521743383600057e-14 1.127819444054747612e-14 2.752924619169061776e-15 6.978722498530223226e-16 1.837415056134802434e-16 4.998739574547808562e-17 1.407258687896287299e-17 4.075600444763619538e-18 1.220057634512067505e-18 3.763491705167345549e-19 1.190886927031527551e-19 3.866489471216709246e-20 1.287811863385690599e-20 4.392901823192953915e-21 1.538841539479333904e-21 5.494383423958310469e-22
0.000000000000000000e+00 0.000000000000000000e+00 6.822839356039692163e-270 3.324056215409209862e-219 4.111071856964236449e-184 1.350325036466716208e-157 1.575260102785938606e-136 3.065196354256438374e-119 9.929278243574071506e-105 2.374576671794169270e-92 1.163459105068862358e-81 2.600326907712696372e-72 2.876320630413873470e-63 5.911895625076703508e-55 1.609990841577471009e-47 6.201544809000585987e-41 3.927227643308674481e-35 4.834176102776048219e-30 1.362914191339961716e-25 1.048254449524376699e-21 2.810374083548561678e-18 3.460772428407762344e-15 2.000616657449214282e-12 4.887508318882290366e-10 5.100975686398187120e-08 2.253867689553634849e-06 3.613261501836337748e-05 2.025438240128933621e-04 5.832987271864886487e-04 1.257954733370886518e-03 2.056476243922545147e-03 2.796119773235128392e-03 3.459460772553183457e-03 3.925754051641163617e-03 4.151098420521221778e-03 4.125621133072412787e-03 3.890255841110060089e-03 3.175203942004985007e-03 2.210134748807078726e-03 1.497822519369763992e-03 9.821627254292687043e-04 5.898617330673427321e-04 2.813808674739169376e-04 1.233744788740836313e-04 4.369675333003901149e-05 1.184558125417231414e-05 2.644905222139160277e-06 5.389462150015746075e-07 1.076291627064968629e-07 2.177842064985856613e-08 4.539251141500169099e-09 9.808711704316166251e-10 2.207389340983634041e-10 5.159278672718162914e-11 1.256180352999363409e-11 3.179054176350916658e-12 8.339589886505433399e-13 2.270223755145966460e-13 6.390706920459066548e-14 1.859859102914773101e-14 5.593891481983611647e-15 1.732511133253825045e-15 5.521996846082393851e-16 1.812526780782437929e-16 6.104416302257186372e-17 2.113151508470343663e-17 7.485540985445101041e-18 2.721531592151482821e-18 1.009594673935487237e-18 3.834681234131724702e-19
0.000000000000000000e+00 0.000000000000000000e+00 2.178765894731994640e-268 9.202377896669991909e-218 9.943712641607219742e-183 2.864506854478853343e-156 2.938638717784185541e-135 5.026575669881628591e-118 1.434856943153585993e-103 3.028958779056691496e-91 1.311443688779293871e-80 2.598048179634456413e-71 2.526207372185879880e-62 4.549563217288250088e-54 1.084582751943557812e-46 3.662585054736678652e-40 2.058832160734005685e-34 2.484075193793743666e-29 1.018625373701577849e-24 1.800773872786923965e-20 1.017457930843685060e-16 1.675727516907955261e-13 9.501080733639133364e-11 2.169078218933312768e-08 1.917407690296944128e-06 4.746727938272468276e-05 2.930990584254202164e-04 8.689826788216882276e-04 2.094071895697207242e-03 5.829647176790627577e-03 1.797446555548154121e-02 3.802664631172268661e-02 5.454659761099690807e-02 6.511389866319233777e-02 7.048714851329679343e-02 7.104939235771495776e-02 6.685919058623941702e-02 4.605420356978971036e-02 1.390131464774620011e-02 4.584964373321069771e-03 2.237772689701200950e-03 1.263459244299177872e-03 7.287404837043262324e-04 4.659265826340786487e-04 2.981553063389565149e-04 1.802702765113142595e-04 9.763672758973387597e-05 4.477585255505208588e-05 1.692894529405440917e-05 5.421082869814917772e-06 1.561518840346573215e-06 4.276173537396086755e-07 1.154341133278018824e-07 3.137470390170655759e-08 8.662602494243352559e-09 2.451796440689317743e-09 7.112692889788273427e-10 2.126037689801057820e-10 6.531587680005110257e-11 2.064684415189571709e-11 6.706777833440170278e-12 2.237185981663541419e-12 7.675574615770624902e-13 2.698073258525918889e-13 9.702051475863175072e-14 3.586902191532270059e-14 1.354870209377529410e-14 5.224209354616955039e-15 2.059647091336994182e-15 8.311209610583847083e-16
0.000000000000000000e+00 0.000000000000000000e+00 7.820507106188919650e-267 2.856446855702108564e-216 2.683510356432940632e-181 6.717968683888326831e-155 6.005909787615564442e-134 8.973896702227426215e-117 2.241033937181302968e-102 4.150403576197168821e-90 1.580596718097319231e-79 2.757802403901852784e-70 2.343507224821280333e-61 3.688393433454690008e-53 8.108087563251927818e-46 3.820060048602242957e-39 6.918835532724158784e-33 2.996228949342862923e-27 2.316997507896183005e-22 3.570078777472090220e-18 1.440293001968519078e-14 2.051844440600200402e-11 1.141098236873497473e-08 2.130784639873734674e-06 7.519794801661747023e-05 4.606692070541853513e-04 1.447820464931503940e-03 4.816862557261376680e-03 4.157040602619550135e-02 1.185378972369421774e-01 1.598191299684262878e-01 1.820265856097332824e-01 1.973801052837341197e-01 2.085763144672707348e-01 2.162662079748619015e-01 2.204405025877490543e-01 2.209454267241082459e-01 2.062484807326305791e-01 1.636648690204585976e-01 9.642272319905750844e-02 1.709891739687207160e-02 3.281361296144660877e-03 1.559028636232456322e-03 1.053839906503900147e-03 7.748104572537628651e-04 5.836451191372294192e-04 4.408209923408219527e-04 3.294628021983021814e-04 2.405472053920374429e-04 1.688906935363999580e-04 1.116957461450719913e-04 6.780860508824215120e-05 3.690677252115166481e-05 1.779750943450802874e-05 7.688934612728690551e-06 3.056830825771973558e-06 1.154937366243891456e-06 4.245803645381904454e-07 1.548362817662818399e-07 5.653042401410686402e-08 2.085648309697376478e-08 7.787121820153310616e-09 2.957731329869203524e-09 1.143655897957349333e-09 4.490097580839992718e-10 1.800206372814196803e-10 7.343796408562709524e-11 3.048965405830262038e-11 1.292443276042048578e-11 5.581143841083919927e-12
0.000000000000000000e+00 0.000000000000000000e+00 3.215913504385160757e-265 1.001635892113277516e-214 8.091975870704610777e-180 1.750916426431646621e-153 1.352972575730095371e-132 1.752023938661189514e-115 3.804693571571264353e-101 6.138130378181265733e-89 2.045158428938586717e-78 3.236516296939865336e-69 3.728943276921055363e-60 2.653921802453011276e-51 3.622448567077899817e-43 5.336349209452484428e-36 9.073797813135107018e-30 2.144554914215619074e-24 9.467151202101481131e-20 1.184066999731467091e-15 5.213799233144406392e-12 7.873143536495354051e-09 3.198117249949224640e-06 1.362447107452052493e-04 7.877601458408384086e-04 3.132446737119780247e-03 3.541992350846753790e-02 1.305099666500869338e-01 2.024871665837264800e-01 2.537719854876825387e-01 2.815436648950987442e-01 2.994288569764516628e-01 3.141987748506594458e-01 3.266564138871534961e-01 3.367293976699084479e-01 3.442995751944995519e-01 3.491921078969362768e-01 3.433279447638236115e-01 3.169201833652334210e-01 2.694426215221433218e-01 1.906909182152407845e-01 6.773215836368602638e-02 4.933837222454363035e-03 2.403814185366803281e-03 1.667339540792292345e-03 1.272971568100203727e-03 1.016090773208335992e-03 8.303909935253204685e-04 6.871941094319583077e-04 5.720225216341405516e-04 4.767424170432772420e-04 3.964485631247939026e-04 3.278327481496254910e-04 2.686868926412220833e-04 2.174772144309441025e-04 1.728997759161709808e-04 1.342352257809741219e-04 1.009185960594656588e-04 7.276188345393192131e-05 4.985306760309469738e-05 3.220694410726505263e-05 1.950859071889833040e-05 1.111436994335050707e-05 6.012415406231671564e-06 3.119546671431702570e-06 1.575149372653483713e-06 7.789864707671655976e-07 3.823041901956555393e-07 1.870403343835973526e-07 9.163971172496838171e-08
0.000000000000000000e+00 0.000000000000000000e+00 1.520028193554202231e-263 4.004607179974116439e-213 2.761527824078742545e-178 5.106184578644659610e-152 3.386225987775447039e-131 3.776536850523381611e-114 7.399964692381818023e-100 2.041885496450068309e-87 5.025701715854019705e-76 7.071496575524589610e-66 3.917133356764348891e-56 2.889487570042815952e-47 1.971259585012565380e-39 1.334862064637391745e-32 1.150011406755450600e-26 2.075437831867734927e-21 1.102722460721192294e-16 1.705765589513646991e-12 7.579809580846955088e-09 6.616233679065413977e-06 2.657169102628611688e-04 1.599260216368866101e-03 2.270165466172686594e-02 1.316780296441853459e-01 2.111335036580539448e-01 2.750661491645918222e-01 3.229241425943970012e-01 3.571254908186599630e-01 3.781325046110486920e-01 3.948032944710281322e-01 4.099400702924194118e-01 4.234585590620778550e-01 4.352292317208761308e-01 4.451719710644834183e-01 4.532083314881966141e-01 4.551129766092654183e-01 4.446987635072309764e-01 4.197223290368923276e-01 3.701340747980583767e-01 2.757578724844577667e-01 1.293221001771375500e-01 2.854222312761242261e-02 6.288409614366764940e-03 3.383264557588346131e-03 2.336688936300288996e-03 1.808138679586614780e-03 1.474069808619817099e-03 1.241355041907124231e-03 1.067498728312073902e-03 9.305349002944339519e-04 8.187835687392178412e-04 7.249174953025636645e-04 6.444760829791576712e-04 5.745589891102098308e-04 5.130194436621166769e-04 4.582519253976644904e-04 4.092850453636866117e-04 3.652473116236672679e-04 3.253953951028875518e-04 2.892071361231649700e-04 2.562484357156145118e-04 2.261396528986528778e-04 1.985917408561637125e-04 1.733630451580744642e-04 1.502187555893106329e-04 1.290361221822856810e-04 1.097149547630648330e-04 9.203695530375751094e-05
0.000000000000000000e+00 0.000000000000000000e+00 8.363753618148516608e-262 1.848302809678605235e-211 1.076300379576353366e-176 1.822026319177094540e-150 3.510042757110002264e-129 5.841342712898885061e-111 1.545554519333902970e-95 2.204039533393022337e-82 4.665869088068636257e-71 3.298087808061747890e-61 8.280894411856891518e-52 2.705769919630598965e-43 8.714585250503207023e-36 4.284275296363679474e-29 5.054685210621391321e-23 1.269697950211551032e-17 7.583902324716274178e-13 1.087476206696782937e-08 1.848840324017508657e-05 5.567799665710431237e-04 6.643780325917441644e-03 1.338451558030760713e-01 2.224609474760027017e-01 2.831553048912807680e-01 3.377421056611448202e-01 3.837936027883235846e-01 4.165648017052965280e-01 4.398664562923912946e-01 4.575288694643639409e-01 4.736864700604799805e-01 4.888204909216217198e-01 5.026970964205682568e-01 5.152361485756981052e-01 5.264085555994599819e-01 5.362471753357266335e-01 5.434966960661932189e-01 5.454059961036200610e-01 5.399737653071535748e-01 5.205242212914971134e-01 4.696892843420496511e-01 3.650515908276024124e-01 2.659513974967584460e-01 1.813547242927863179e-01 1.095031391542300031e-01 4.913121258785219797e-02 1.396705915197944334e-02 5.980009337102367394e-03 3.716960274619186821e-03 2.749476047712969690e-03 2.176790618570497403e-03 1.828602881602813457e-03 1.580252957099836540e-03 1.392576388176010619e-03 1.244944476828315112e-03 1.124875414649268920e-03 1.024498980010505027e-03 9.389895497739525910e-04 8.651701501428558970e-04 8.001481469046306961e-04 7.424873619879309578e-04 6.908449732372864711e-04 6.440256648665051683e-04 6.015864944635443108e-04 5.626311297266058283e-04 5.269246627250242848e-04 4.938674305961800702e-04 4.633123624228862561e-04 4.347889524530375261e-04
0.000000000000000000e+00 0.000000000000000000e+00 7.035777273882850913e-260 1.214249263360858765e-208 1.746467785828134084e-172 5.572361418856402260e-145 4.670694889381110837e-123 4.724041956265632236e-105 5.743476323830166217e-90 3.741056390439009882e-77 3.650378617132760785e-66 1.204382341328176924e-56 1.414093447894839370e-47 3.395686751837207745e-39 1.854330309079329515e-31 1.429564294273054375e-24 1.850125983703255263e-18 4.961745938015010015e-13 2.527954484184949169e-08 6.259412823617886842e-05 1.514474968883625702e-03 1.155121631912121999e-01 2.379280839913697487e-01 3.037688347023969060e-01 3.499938246704114575e-01 3.940377122188803427e-01 4.367794482627744279e-01 4.702320374590170937e-01 4.924827351327324410e-01 5.084159134050266760e-01 5.238554176080204572e-01 5.392244281219208402e-01 5.538129946994416741e-01 5.673674127263024225e-01 5.798506261974499809e-01 5.912837689322836265e-01 6.017410966187968224e-01 6.114075191582802882e-01 6.199135985243406921e-01 6.263384355565853046e-01 6.279048228796577646e-01 6.152116926191920632e-01 5.687187072869096527e-01 5.102666667374816667e-01 4.500364795507145743e-01 3.921515349906561365e-01 3.384596300441732875e-01 2.881663357244328427e-01 2.395470799137511542e-01 1.914448207935095791e-01 1.439039417133375354e-01 9.797349310531268396e-02 5.591248482009150700e-02 2.411341525578788655e-02 1.049321771694661405e-02 6.135861499175144194e-03 4.333118422943075046e-03 3.348771208214331146e-03 2.766959009180691188e-03 2.362494270898937536e-03 2.042378033189600015e-03 1.825329018516273034e-03 1.651919197964729418e-03 1.510633374196592490e-03 1.392576111363253441e-03 1.292423811781745783e-03 1.206590647604415629e-03 1.131558840405321245e-03 1.065753300303913910e-03 1.006882060344658917e-03
0.000000000000000000e+00 0.000000000000000000e+00 6.348032311404070152e-253 2.037799993402340107e-201 1.429089581833927979e-165 2.016784598674432330e-138 7.403521992681745532e-117 3.278299247276351936e-99 1.755387669629430203e-84 5.101796827080628924e-72 2.447588089354968168e-61 7.628253773240949914e-52 2.133915550194418174e-42 8.904777302762386988e-34 4.574899955255908387e-26 3.804562876538053510e-19 5.373894798997367008e-13 1.051206911231208673e-07 2.200641129600151337e-04 4.216021124754992799e-02 2.476618100664109701e-01 3.275112988900106825e-01 3.774727095005636079e-01 4.135784728961535150e-01 4.470842273566266178e-01 4.842116464510027307e-01 5.174592838388397675e-01 5.412767908509027448e-01 5.558813844229274492e-01 5.666246740378666491e-01 5.798320345607534954e-01 5.939327568078214270e-01 6.075057202116651567e-01 6.202326832819604618e-01 6.320742403930690312e-01 6.430626271222158463e-01 6.532805667571276453e-01 6.632886727938398508e-01 6.737237890384959460e-01 6.845200642778214162e-01 6.951275427736398616e-01 7.021712582656464141e-01 6.962637150272046327e-01 6.783313980509251273e-01 6.535466661689844914e-01 6.249653493198948917e-01 5.952435582703761163e-01 5.660368514936029438e-01 5.378326510414549455e-01 5.100941964314659183e-01 4.819757603758997866e-01 4.528228281723610249e-01 4.224868508570874814e-01 3.912846017771375862e-01 3.598808860799634357e-01 3.287751854447544253e-01 2.984033084743897835e-01 2.691079777012989616e-01 2.408602753721639234e-01 2.136015381737498275e-01 1.872675475529090861e-01 1.616496789077206953e-01 1.368362300504101514e-01 1.127852367981612564e-01 8.981633869334516851e-02 6.787046278822493617e-02 4.777699606441090929e-02 3.077947221231416494e-02 1.889846537201555349e-02 1.207614359466537869e-02
0.000000000000000000e+00 0.000000000000000000e+00 2.440056121810743939e-245 3.521223115496792738e-194 1.072217973020760660e-158 6.453034931756254990e-132 1.003468214431071707e-110 1.905894815608427943e-93 5.569390670116217433e-79 3.079349151101604632e-66 5.046818812121199304e-55 2.405492529906590989e-45 4.794547793096882105e-36 2.091341394626595736e-27 1.307656205392988739e-19 1.136975009885128418e-12 8.522153252583351750e-07 9.952378875309009307e-04 2.415337281338033881e-01 3.566143078565179869e-01 4.074028576618798914e-01 4.453101738670295906e-01 4.747834872349458446e-01 4.986926760157230909e-01 5.286321060338405875e-01 5.595628415994771121e-01 5.847491635022888934e-01 6.010160760860919771e-01 6.098937568352787997e-01 6.169369263807304993e-01 6.277690373886236630e-01 6.401414126244444613e-01 6.523101612607413724e-01 6.638520348127859849e-01 6.746804443374234683e-01 6.848084386933654955e-01 6.942829311386319313e-01 7.036711288867322223e-01 7.137411968766522730e-01 7.248327766993394317e-01 7.370726847816623239e-01 7.492603332468628086e-01 7.589392902456081336e-01 7.622239775982978527e-01 7.602395868616277363e-01 7.542486866605739859e-01 7.455920948788802294e-01 7.355030309932377719e-01 7.249840330133520139e-01 7.146381469051119595e-01 7.046142471701214438e-01 6.946917910615059144e-01 6.844548280144561181e-01 6.734850221431187833e-01 6.615784255481799159e-01 6.486305284618846256e-01 6.348121250028951890e-01 6.203941061029296655e-01 6.056221931824685711e-01 5.908396316083165400e-01 5.762561079755016413e-01 5.619757820081202615e-01 5.480668362509260039e-01 5.345361833548250008e-01 5.212891033407781594e-01 5.082928888800719580e-01 4.954714286597345363e-01 4.828218608231215070e-01 4.702715973791621318e-01 4.578917344795378486e-01
0.000000000000000000e+00 0.000000000000000000e+00 9.102460737995695606e-238 5.679201610115874504e-187 7.226408666045089179e-152 1.876566611812427835e-125 2.985470983932146681e-104 2.899761719811078256e-86 3.226156751023015257e-71 1.450711896451504627e-58 1.371306077241674514e-47 7.437673381098026743e-38 1.933263592499846498e-28 9.806624384375452505e-20 5.990731315603712734e-12 1.261756237275790432e-05 1.643039726638348685e-01 3.900151363063069643e-01 4.497880747428211756e-01 4.809967481423338409e-01 5.085898409260427577e-01 5.338026953975535394e-01 5.497892314543587622e-01 5.716538248482332385e-01 5.985684060437381770e-01 6.232998861864166296e-01 6.417379128348409401e-01 6.518882805434250693e-01 6.564645441098730938e-01 6.609522688731173101e-01 6.696220389843777765e-01 6.800431234063754049e-01 6.905288032950791521e-01 7.006309014712427397e-01 7.101960451110637118e-01 7.192120564088321233e-01 7.277030124214896034e-01 7.361083794918710232e-01 7.451195824918733779e-01 7.551644049754088206e-01 7.665863365556323528e-01 7.783029386240798431e-01 7.894769085057499192e-01 7.985093138825148928e-01 8.051761822193617135e-01 8.093410170574222295e-01 8.113534174005384569e-01 8.117416532293599829e-01 8.110480982333567734e-01 8.097665394690122254e-01 8.083029726881960642e-01 8.069216054097426705e-01 8.057197315278912253e-01 8.046512628197270978e-01 8.035830988495060723e-01 8.023094512185431348e-01 8.006615748096616025e-01 7.985169982414451750e-01 7.958044422308505617e-01 7.925485686725839418e-01 7.888004074152078493e-01 7.846702417333998314e-01 7.802781157265515910e-01 7.757342736796509763e-01 7.711665053826652905e-01 7.666242649756940253e-01 7.622233355151876166e-01 7.579520337558564025e-01 7.538122575779083734e-01 7.497940418630573145e-01
0.000000000000000000e+00 1.447819849886105698e-318 3.296845554987821744e-230 1.445566787140401010e-179 1.096534040676778821e-143 2.245754276608586229e-116 7.637026725289975744e-95 2.371551139516753335e-77 1.706173315883538382e-62 1.081091015264736689e-49 1.359877990908028091e-38 8.565822485714164446e-29 2.593282199282965387e-19 1.130366784512122769e-10 2.195527640820555489e-04 4.148271612230117755e-01 5.044460127491605661e-01 5.315647912543752796e-01 5.498142962881666929e-01 5.681053323967957258e-01 5.901154711231610950e-01 6.006484653521317885e-01 6.140326913163358657e-01 6.359174304281803858e-01 6.585226370634482684e-01 6.776158710707221866e-01 6.902028702277552830e-01 6.953657795900706207e-01 6.969053076865536767e-01 6.998002705795832723e-01 7.067600285893977929e-01 7.153392508607301359e-01 7.241039092149632594e-01 7.326511908152967267e-01 7.408428722728669369e-01 7.486169315451490780e-01 7.559899525864083314e-01 7.632868860824020274e-01 7.710735554942319547e-01 7.797872424863080409e-01 7.899694064436829644e-01 8.005772355960147912e-01 8.097280103448045718e-01 8.176942030769237535e-01 8.254070738557797160e-01 8.321622688490372122e-01 8.376068770189329937e-01 8.418439431611740575e-01 8.451223837065821032e-01 8.476773038222502610e-01 8.497306101519220833e-01 8.514742538399290295e-01 8.530726019561564177e-01 8.546539992786847950e-01 8.563043240578739335e-01 8.580437064977199935e-01 8.598590435360035089e-01 8.616912588101561798e-01 8.634690348712257268e-01 8.651063636347260388e-01 8.665457798961642144e-01 8.677272478500750452e-01 8.686235413756074886e-01 8.692326686953940618e-01 8.695596837954969738e-01 8.696372447565803299e-01 8.695014014145745485e-01 8.691946123994989115e-01 8.687709354927138916e-01 8.682633223974459691e-01
0.000000000000000000e+00 8.733974174095873310e-309 1.877202056820336776e-219 3.699477389810164598e-168 9.699388356138983440e-133 4.690989757099999250e-106 1.843739929044841477e-84 9.888782415072967078e-67 8.674400976012241234e-52 6.170180224459328403e-39 9.676990377610290158e-28 6.860665135571243322e-18 1.309570182529974041e-08 3.565179069935225931e-01 5.694355340185226488e-01 5.958232206023500455e-01 6.041315192732276129e-01 6.139298852973964493e-01 6.243010883044715076e-01 6.427885451506135661e-01 6.507781855990444342e-01 6.561625870738315713e-01 6.722490374967469151e-01 6.918478966829891830e-01 7.098813647168407126e-01 7.238281791498990536e-01 7.312618727522347539e-01 7.325977645519157200e-01 7.323346899670897248e-01 7.343874067179049225e-01 7.400496828754451473e-01 7.470688167166424920e-01 7.542932226255533168e-01 7.614003088216075854e-01 7.682496463352156413e-01 7.748018232596423083e-01 7.810364678558039397e-01 7.872157638313762584e-01 7.937583214827305111e-01 8.010909500379507220e-01 8.099297074137939978e-01 8.196570200200282708e-01 8.274988054044032371e-01 8.331825433326524033e-01 8.391890762638429813e-01 8.454587882297720514e-01 8.513084570258616646e-01 8.563544065577844977e-01 8.605948514128735072e-01 8.641970243773344773e-01 8.673286448091762635e-01 8.701145066729605304e-01 8.726363223791677726e-01 8.749576805522336631e-01 8.771365960073941315e-01 8.792273176663967238e-01 8.812813624483628594e-01 8.833339611373826061e-01 8.854093971655937478e-01 8.875207832974635336e-01 8.896549796345883943e-01 8.917991339056360323e-01 8.939267459964242990e-01 8.960053208731045826e-01 8.980070075913623162e-01 8.999047199482215209e-01 9.016771299726178412e-01 9.033095383291963598e-01 9.047922367286130862e-01 9.061256129287073025e-01
0.000000000000000000e+00 1.225289653518961558e-295 4.946032678393039537e-207 6.261083197169926423e-156 4.032911540221320211e-120 3.399792921846175523e-93 1.263960694559677664e-71 7.888650615038558314e-54 8.869089202003069109e-39 7.760199807124521113e-26 1.209136753652049896e-14 1.408498340763058923e-05 6.361175477590348404e-01 6.730629000362898795e-01 6.705120093244337776e-01 6.686761349552645672e-01 6.728782918677413960e-01 6.773288336051748182e-01 6.911845677230774587e-01 6.990299929430376924e-01 6.982086906388410563e-01 7.078589258840287668e-01 7.240136769477502066e-01 7.400643274032449037e-01 7.536985214262137411e-01 7.628793503105272267e-01 7.660252948084252944e-01 7.648401425573436718e-01 7.638190667866795458e-01 7.654991550591969673e-01 7.701456092311211865e-01 7.758780392649713420e-01 7.818054646359965387e-01 7.876610199018109215e-01 7.933377888021901914e-01 7.987827168638500508e-01 8.039803043871639465e-01 8.091268725779812154e-01 8.145185885927356262e-01 8.205162324247567973e-01 8.279458803042862858e-01 8.367644083369146779e-01 8.441876299406196882e-01 8.485295558369203572e-01 8.525160145611454521e-01 8.570715164956792531e-01 8.620398014666940112e-01 8.669046953381367437e-01 8.712762163570740848e-01 8.750349963231531802e-01 8.782555395996897163e-01 8.810922381721438823e-01 8.836736593117887617e-01 8.860894175447134868e-01 8.883766096046277205e-01 8.905520684707127765e-01 8.926143457458816100e-01 8.945748899542382837e-01 8.964432023397508331e-01 8.982320688240900131e-01 8.999651979664109458e-01 9.016638691864795607e-01 9.033447336793565263e-01 9.050217318215524331e-01 9.067036291499228629e-01 9.083937275468533246e-01 9.100893783562797879e-01 9.117808239485114541e-01 9.134569059114142631e-01 9.151083592190232263e-01
0.000000000000000000e+00 2.408069374570287818e-280 2.247097618500830248e-191 2.952167680921879673e-140 1.514397930634026817e-104 1.812504309183598979e-77 8.231176492574571131e-56 6.675357544938429952e-38 8.923290844971337246e-23 5.173171966751838876e-10 6.969148745940149103e-01 7.587208652404457965e-01 7.466604280661410797e-01 7.328807159651562486e-01 7.262463060932874415e-01 7.264166806451709535e-01 7.272885345827748704e-01 7.355180829070659954e-01 7.441058423384627751e-01 7.400704411217771117e-01 7.430815672046666709e-01 7.553500814640011773e-01 7.690956256835479454e-01 7.813909772148855959e-01 7.908541532319877110e-01 7.958905845969425075e-01 7.958763131882770070e-01 7.933958212710611191e-01 7.923128209786588494e-01 7.938144267498399298e-01 7.976135251604022924e-01 8.022690850187790268e-01 8.071015828561711736e-01 8.118988288907719175e-01 8.165669186955223369e-01 8.210582029473391108e-01 8.253523318118656249e-01 8.295986853775920711e-01 8.339907313648237119e-01 8.387892082928076753e-01 8.448140275330512372e-01 8.525619864077260690e-01 8.597996685974285125e-01 8.637580520957649499e-01 8.666021587902523748e-01 8.694999831231811083e-01 8.728835097549086930e-01 8.767061796335798851e-01 8.806473130904048929e-01 8.843676751098751287e-01 8.876663425414931252e-01 8.905009480934885646e-01 8.929417498958738264e-01 8.951051903160094358e-01 8.971028115165253780e-01 8.990166941977399961e-01 9.008889991726186652e-01 9.027286500461081387e-01 9.045304622082461776e-01 9.062768892451613656e-01 9.079504647820979546e-01 9.095397613667709491e-01 9.110418017934656110e-01 9.124617086523186815e-01 9.138085802317916784e-01 9.150956766845038670e-01 9.163382551031209466e-01 9.175529017309027591e-01 9.187511228653300055e-01 9.199438986552455066e-01
0.000000000000000000e+00 4.670121274197488220e-261 5.133822108310362057e-172 1.120765734977394278e-120 6.392363112580309727e-85 1.027857335762840794e-57 6.182452985532815608e-36 5.192123692339537802e-18 3.523993789369220253e-02 8.447799896641723372e-01 8.240827893600777276e-01 8.019227458295816735e-01 7.863025761461179819e-01 7.779469072960948361e-01 7.749509496126205654e-01 7.742348835537867791e-01 7.767132310557375297e-01 7.852382413806038297e-01 7.812341174149955991e-01 7.783554836983894720e-01 7.861953069989724430e-01 7.974287945890019547e-01 8.080348654311676482e-01 8.167063239569742894e-01 8.224947587792691417e-01 8.242588979535968585e-01 8.222393697235578225e-01 8.193910080986009925e-01 8.185646021921627602e-01 8.199166371217303517e-01 8.229710261826220785e-01 8.267093511342213930e-01 8.306055854853193754e-01 8.344940904649503777e-01 8.382901788606882398e-01 8.419532198666389577e-01 8.454654964604207956e-01 8.489389622811591707e-01 8.524915147345584199e-01 8.562659678143597075e-01 8.609719449371300293e-01 8.674822268497787148e-01 8.743950814902148316e-01 8.783404863927396500e-01 8.808226310925161284e-01 8.828459231352459025e-01 8.849499916932880295e-01 8.874017952373158824e-01 8.902363355637376019e-01 8.933020610984843124e-01 8.963668555852083442e-01 8.992266312532862793e-01 9.017564493831601302e-01 9.039330087167161132e-01 9.057998949120670273e-01 9.074361294278031620e-01 9.089265046033920825e-01 9.103492374627568662e-01 9.117574463282679398e-01 9.131795390263127699e-01 9.146212850949689832e-01 9.160727378705387780e-01 9.175169286362402365e-01 9.189306674614053927e-01 9.202940178512440950e-01 9.215913051697479652e-01 9.228138208630698447e-01 9.239596419903991498e-01 9.250307106478241614e-01 9.260341166791583589e-01
0.000000000000000000e+00 4.343170012686536600e-236 7.405871231437336035e-147 2.047711130875491612e-95 1.634323746402050005e-59 3.451136816611624196e-32 1.204500648325879113e-10 9.186753718054903040e-01 8.955590182050905401e-01 8.665985826547956128e-01 8.456225319794531403e-01 8.330513900535266858e-01 8.248267117408052407e-01 8.194245185237128970e-01 8.182626502085165177e-01 8.159495496175598328e-01 8.227019883167848713e-01 8.208350337608368852e-01 8.141226780169874555e-01 8.170422454654721056e-01 8.254922086342662002e-01 8.342705124634679503e-01 8.417187162858674743e-01 8.471954213485879404e-01 8.500195396763531308e-01 8.494373018128672514e-01 8.463836714169203912e-01 8.437275358113945911e-01 8.432194862979252026e-01 8.443627860210649594e-01 8.467478564441893729e-01 8.496837971879926954e-01 8.527682291326877939e-01 8.558619549274044669e-01 8.588939256181915560e-01 8.618298565767404940e-01 8.646526643746973440e-01 8.674569401947180847e-01 8.703044135981125029e-01 8.732321782296761370e-01 8.767752129909959224e-01 8.819497257459593120e-01 8.882695240936935299e-01 8.922162501840293913e-01 8.946407923134085394e-01 8.963648855619106293e-01 8.978448123261643099e-01 8.993599892324012357e-01 9.010924821069448143e-01 9.031138496492079337e-01 9.053827159184758555e-01 9.077778609305083846e-01 9.101443890332658881e-01 9.123511001096848982e-01 9.143152204476530098e-01 9.160129437637376526e-01 9.174632253369829904e-01 9.187126107564720368e-01 9.198203668570051894e-01 9.208455372907339287e-01 9.218398510413186031e-01 9.228422946308209029e-01 9.238767350905920939e-01 9.249526595344735869e-01 9.260667800957130824e-01 9.272077064717803019e-01 9.283591379441108460e-01 9.295000042801782048e-01 9.306129923005382887e-01 9.316810825229950854e-01
0.000000000000000000e+00 3.617440483976961333e-202 8.771099550011707972e-113 3.626747751189839074e-61 3.330948959924656500e-25 9.632915018795465967e-01 9.545417066772448056e-01 9.254252956551728415e-01 9.007214642859497911e-01 8.838440970863005175e-01 8.732428983176062642e-01 8.669812039993651798e-01 8.606409349073654846e-01 8.592960311515800420e-01 8.541245599122488930e-01 8.576437413803015275e-01 8.580316096505374857e-01 8.505541771035681764e-01 8.485763266643678859e-01 8.538691604834591775e-01 8.606761179795320293e-01 8.667657961400129230e-01 8.714181996310546019e-01 8.743322025152484578e-01 8.749215566813056677e-01 8.728045885382242908e-01 8.694315129107855755e-01 8.672316459472898531e-01 8.669484955884790844e-01 8.678187857078661915e-01 8.695906139272316926e-01 8.718130843870665059e-01 8.741721507000138613e-01 8.765544055037943760e-01 8.789031493703302056e-01 8.811849894428246399e-01 8.833878678973814402e-01 8.855970969524952219e-01 8.878381937731563145e-01 8.900743698855172470e-01 8.926496011513871398e-01 8.965061501046900361e-01 9.019313157973481987e-01 9.057540398577288432e-01 9.081681178721515701e-01 9.097967777570453718e-01 9.110315979809097131e-01 9.121077945296394152e-01 9.131822473072978008e-01 9.143734578333988505e-01 9.157572583887849671e-01 9.173503470377277758e-01 9.191078033706236994e-01 9.209408006058558138e-01 9.227482596743988852e-01 9.244419860942566514e-01 9.259653322495663419e-01 9.272931389410220548e-01 9.284290672199493333e-01 9.293970444820526255e-01 9.302322167993622992e-01 9.309748041862658807e-01 9.316645750819626537e-01 9.323362960985983605e-01 9.330185567014147585e-01 9.337309504876454280e-01 9.344854889495656236e-01 9.352863868173925121e-01 9.361305159949557808e-01 9.370078871675833199e-01
0.000000000000000000e+00 3.348148947195253894e-152 1.305242049163881332e-62 2.195502377717179667e-11 9.907377623646326237e-01 9.718227444869473874e-01 9.496263655358394562e-01 9.315975134779014288e-01 9.186540288985834968e-01 9.097119066692552769e-01 9.037584382915009318e-01 8.983143226900806022e-01 8.966339476736970848e-01 8.912494694837052034e-01 8.910637858476639916e-01 8.924064786411078920e-01 8.869617496005918200e-01 8.813419510402715762e-01 8.831440279671084470e-01 8.878485120881219883e-01 8.925173767449653406e-01 8.962164444078539738e-01 8.986780486382043298e-01 8.996846278566700272e-01 8.986776172556136810e-01 8.957182540240573587e-01 8.925363580939896790e-01 8.908514438395963575e-01 8.906660077983650226e-01 8.912214893963040785e-01 8.924349225723804402e-01 8.940165618563099548e-01 8.957203679617803393e-01 8.974587460706172637e-01 8.991820922894574464e-01 9.008700865592006446e-01 9.025069360401475338e-01 9.041707744933367152e-01 9.058754542313000035e-01 9.075319858790512617e-01 9.093316599168002057e-01 9.120085647970386233e-01 9.163020225297642263e-01 9.197909188637322098e-01 9.221342478061105297e-01 9.236968563044588576e-01 9.248071282254595182e-01 9.256751085809269419e-01 9.264288537378690958e-01 9.271597526762039854e-01 9.279452680590239977e-01 9.288469387050023451e-01 9.298996670232669848e-01 9.311016455144365267e-01 9.324153944432885810e-01 9.337802178761664962e-01 9.351274534870069877e-01 9.363998704883530477e-01 9.375554442796325549e-01 9.385734685213701356e-01 9.394492072309084119e-01 9.401930802214363281e-01 9.408258677229173195e-01 9.413710946909433774e-01 9.418535171995218169e-01 9.423002839784837548e-01 9.427346802425252692e-01 9.431748059589549760e-01 9.436381180220670961e-01 9.441358793356280366e-01
0.000000000000000000e+00 9.962983333044538888e-64 9.999136472135622400e-01 9.969069271434224389e-01 9.866667296105452456e-01 9.739317958254213314e-01 9.625347366455954123e-01 9.533635578623825824e-01 9.463523459647172897e-01 9.408672002179844229e-01 9.362097994014685343e-01 9.339419803431932010e-01 9.306928396569773554e-01 9.274613897330943324e-01 9.283167238100565877e-01 9.259064829934119389e-01 9.196166174756820189e-01 9.179146589181353955e-01 9.203558034914560704e-01 9.235009854395423989e-01 9.261727413693267019e-01 9.280018980296054210e-01 9.289017114556424870e-01 9.285957261120036943e-01 9.266413991079101020e-01 9.235398554130742621e-01 9.209386270677859532e-01 9.197457552062111574e-01 9.195624795382438821e-01 9.198075467450843590e-01 9.205023215467605935e-01 9.214712085208389691e-01 9.225407945387400499e-01 9.236455034382340390e-01 9.247521242524679996e-01 9.258431312466550711e-01 9.269089891837434259e-01 9.280150272228423480e-01 9.291664075250029020e-01 9.302633376866508153e-01 9.313898782556263578e-01 9.330338853088058215e-01 9.360271760479188519e-01 9.388453569834266377e-01 9.408977246364584879e-01 9.422816924328434318e-01 9.432178425301812608e-01 9.438872643932277873e-01 9.444066479869077657e-01 9.448477381882650628e-01 9.452623801039631291e-01 9.456992774772998711e-01 9.462003509042270499e-01 9.467955737291497975e-01 9.475018073648169281e-01 9.483085267424465892e-01 9.491892575465913362e-01 9.501047061714272823e-01 9.510106963047517681e-01 9.518719942476895346e-01 9.526575735536212397e-01 9.533548872476708125e-01 9.539558417770063192e-01 9.544663275296974003e-01 9.548940520494613171e-01 9.552551163351349350e-01 9.555611715561448394e-01 9.558320503795166845e-01 9.560793055768957993e-01 9.563202274288353788e-01
0.000000000000000000e+00 9.999999999963860020e-01 9.999930942249956045e-01 9.997147763204773385e-01 9.985621959568622419e-01 9.965441111432506993e-01 9.940556974275801538e-01 9.914079227803057615e-01 9.887780593192554424e-01 9.867011922851171013e-01 9.840309853755671021e-01 9.828402009663652628e-01 9.798363159088551155e-01 9.787931117643337009e-01 9.779161809658077908e-01 9.747452855127698435e-01 9.712360769288100881e-01 9.706643985556668852e-01 9.712891544714608028e-01 9.719829553295312730e-01 9.723891830302880956e-01 9.724033296941905213e-01 9.719514069002259671e-01 9.707513166215837597e-01 9.685736542929693771e-01 9.660001515279000861e-01 9.640537041741148450e-01 9.629768911658764807e-01 9.623870079910498143e-01 9.619876903801821699e-01 9.618216252552023171e-01 9.618172295532848581e-01 9.618890400159721965e-01 9.620039568004977726e-01 9.621447900722979174e-01 9.623019809799906454e-01 9.624692672706787189e-01 9.626849657470012422e-01 9.629502020029475640e-01 9.631948897404415399e-01 9.634396092815755708e-01 9.639351924432695284e-01 9.653036888820539785e-01 9.668331379490262556e-01 9.680055617403920953e-01 9.687545974581358577e-01 9.691774377336139779e-01 9.693918530366203434e-01 9.694842296997531195e-01 9.695085068315341115e-01 9.694989752383775805e-01 9.694817209514152712e-01 9.694808481296728342e-01 9.695196410246036400e-01 9.696180104527357679e-01 9.697886242255298050e-01 9.700332977603960405e-01 9.703425664364246916e-01 9.706982100632386423e-01 9.710761027108916199e-01 9.714530230314248893e-01 9.718078838401977837e-01 9.721256881374937819e-01 9.723970133566672835e-01 9.726188166615120645e-01 9.727919447437504141e-01 9.729207721800540165e-01 9.730119916678030556e-01 9.730732681541404139e-01 9.731129882192417480e-01
0.000000000000000000e+00 9.999999999890067937e-01 9.999895082314498307e-01 9.996421223998999128e-01 9.983370591846303377e-01 9.961696620355962040e-01 9.935706727323396770e-01 9.909060246858580889e-01 9.882441607127582239e-01 9.859222518824350967e-01 9.837602600454512514e-01 9.821388015733295562e-01 9.793500560815870948e-01 9.786538481945139534e-01 9.773005721617522568e-01 9.735733394850651923e-01 9.708942779711743354e-01 9.708509672108851518e-01 9.715164328232086532e-01 9.721072334107538904e-01 9.723639931248319046e-01 9.722161570130827268e-01 9.715338283660562846e-01 9.699861206082502907e-01 9.675773691730945592e-01 9.651833132988777431e-01 9.636133541752391896e-01 9.627747491468805485e-01 9.622750491253482252e-01 9.619085112384601066e-01 9.617605138983578161e-01 9.617694168443813307e-01 9.618508226861318677e-01 9.619725724406115175e-01 9.621186976784674716e-01 9.622806281064351097e-01 9.624527754036270588e-01 9.626770711852241647e-01 9.629551209672555512e-01 9.632059858933668117e-01 9.634239500292459679e-01 9.637773764705352963e-01 9.648304054185256051e-01 9.662217823378225212e-01 9.674495755814542797e-01 9.683298561367863488e-01 9.688806483356394716e-01 9.691933586343555174e-01 9.693547986473493028e-01 9.694260350402369442e-01 9.694460462259300026e-01 9.694414683069276784e-01 9.694340629658881880e-01 9.694445945740510773e-01 9.694930733311947213e-01 9.695963698222561655e-01 9.697651362713803902e-01 9.700010343144644942e-01 9.702958248851176748e-01 9.706342264458435176e-01 9.709957536734573624e-01 9.713595208415646276e-01 9.717065683660712772e-01 9.720221024296156198e-01 9.722966063946691939e-01 9.725258965533285505e-01 9.727094180137165758e-01 9.728498913954128913e-01 9.729525519512995935e-01 9.730238264290106409e-01
0.000000000000000000e+00 9.999999999621670410e-01 9.999836830030346402e-01 9.995453824912807761e-01 9.980621726288836371e-01 9.957333175548426230e-01 9.930406922021105531e-01 9.903626301162831158e-01 9.877939949420811994e-01 9.850571853482997797e-01 9.834848233716728672e-01 9.812290599084496634e-01 9.790470911628248452e-01 9.784191979246427140e-01 9.763992709396484004e-01 9.724874389116322515e-01 9.707878938524012735e-01 9.710751788037125243e-01 9.717175596142751948e-01 9.721754811933851492e-01 9.722698399526903401e-01 9.719367712420236005e-01 9.709659433820749808e-01 9.690612494107055941e-01 9.665688647971597547e-01 9.644940587835810764e-01 9.632777486175900794e-01 9.626121287657042336e-01 9.621735633525717590e-01 9.618322705774972059e-01 9.617008076097108837e-01 9.617222155261232475e-01 9.618122649987483896e-01 9.619398680019800585e-01 9.620904615134295845e-01 9.622565717587626688e-01 9.624332874587324671e-01 9.626666894709612343e-01 9.629600236406302693e-01 9.632228805205291788e-01 9.634297380064762439e-01 9.636827971408102878e-01 9.644429083139761660e-01 9.656274092356954553e-01 9.668387167901951740e-01 9.678203251081932690e-01 9.685022036782655608e-01 9.689293621790170397e-01 9.691769165230809113e-01 9.693092394512697885e-01 9.693711983152701883e-01 9.693925655408295317e-01 9.693948284076167043e-01 9.693963892685922845e-01 9.694150584742567967e-01 9.694680152347200375e-01 9.695697385616849351e-01 9.697297766264370011e-01 9.699501458992948466e-01 9.702249884305070848e-01 9.705420285107897449e-01 9.708841496670400639e-01 9.712327666423223871e-01 9.715708495047259419e-01 9.718843332826893056e-01 9.721631577828208082e-01 9.724016860202751023e-01 9.725976753814371545e-01 9.727527596584493175e-01 9.728700037174304871e-01
0.000000000000000000e+00 9.999999998537660861e-01 9.999738929868341453e-01 9.994140347218692932e-01 9.977218337504389911e-01 9.952168359222463012e-01 9.924290775445050450e-01 9.896517980668846359e-01 9.872603242757622688e-01 9.843296986146267136e-01 9.830101420838349702e-01 9.802836877271936533e-01 9.788471388985917621e-01 9.780113735430372435e-01 9.752010139788327425e-01 9.716663238329543706e-01 9.708537119051061648e-01 9.713089428303742778e-01 9.718736591894715504e-01 9.721732326284462378e-01 9.720911017465013737e-01 9.715329750780280493e-01 9.702131397496390752e-01 9.680093183433359227e-01 9.656272700418500055e-01 9.639498916656582539e-01 9.630229951909979880e-01 9.624745267268335347e-01 9.620785527790053360e-01 9.617579739357990931e-01 9.616419337093931041e-01 9.616749309060468320e-01 9.617724371756524171e-01 9.619047371365903043e-01 9.620588738301201204e-01 9.622285030427322194e-01 9.624093885215171396e-01 9.626522069264068504e-01 9.629629450319442396e-01 9.632428387651760238e-01 9.634508849388867535e-01 9.636394306911946206e-01 9.641522969256638431e-01 9.650873143089209183e-01 9.662019399146628551e-01 9.672314972892027685e-01 9.680305327386707903e-01 9.685822920510280820e-01 9.689335759315605978e-01 9.691439107787001017e-01 9.692620102489721834e-01 9.693223217525041013e-01 9.693485501693380746e-01 9.693584895166479365e-01 9.693677240327545075e-01 9.693914415815040320e-01 9.694443165706322363e-01 9.695391097134340441e-01 9.696846166997983296e-01 9.698839155863853145e-01 9.701336542058126566e-01 9.704244253028132539e-01 9.707428570854491623e-01 9.710730250248994500e-01 9.713999870824776561e-01 9.717098276365441212e-01 9.719921807620494070e-01 9.722403234296679297e-01 9.724504890219178854e-01 9.726223377464766617e-01
0.000000000000000000e+00 9.999999855076905364e-01 9.999567292954306685e-01 9.992314113008952114e-01 9.972932672033230084e-01 9.946054747896615478e-01 9.916775581883104929e-01 9.887867015446595298e-01 9.863955671620675547e-01 9.838488637042499541e-01 9.821663669781002248e-01 9.795344734335843517e-01 9.786326824737153762e-01 9.773151784489306770e-01 9.738303554512354188e-01 9.712042844076251846e-01 9.710220596421371697e-01 9.715245049777211372e-01 9.719632598423850744e-01 9.720834469030023017e-01 9.718031285026195176e-01 9.709593755435946827e-01 9.692586115546591996e-01 9.669054405907701044e-01 9.648227500286739033e-01 9.635405600613219379e-01 9.628233850263503424e-01 9.623518724977739858e-01 9.619875547705402097e-01 9.616848742083508039e-01 9.615832736617122567e-01 9.616267382344606540e-01 9.617302565547660720e-01 9.618659332703733966e-01 9.620225850989896355e-01 9.621949677888607111e-01 9.623795065650351255e-01 9.626317758898472743e-01 9.629616601444042079e-01 9.632631176116122074e-01 9.634824695014840845e-01 9.636353351152112667e-01 9.639582252052050215e-01 9.646355513684725658e-01 9.655807131049565228e-01 9.665842762572937064e-01 9.674626312332739175e-01 9.681348289751416925e-01 9.686040446767738565e-01 9.689110835494570972e-01 9.691024668556605937e-01 9.692163318036138842e-01 9.692802441498807875e-01 9.693137470994293015e-01 9.693318298873430106e-01 9.693476728537382403e-01 9.693740943855924108e-01 9.694236180473470021e-01 9.695074418915133885e-01 9.696339895695812450e-01 9.698075599872321151e-01 9.700270169083010652e-01 9.702866211157449294e-01 9.705763001537417445e-01 9.708832034461435390e-01 9.711943023607304548e-01 9.714968221687925176e-01 9.717799305181383795e-01 9.720365894823010944e-01 9.722610046163872033e-01
0.000000000000000000e+00 9.999999964755335036e-01 9.999249719841322159e-01 9.989697416159806220e-01 9.967421432240800572e-01 9.938532259048755702e-01 9.908665559704523673e-01 9.880088917264731041e-01 9.852264554626817272e-01 9.834160265955866898e-01 9.809870327082343966e-01 9.790662938991808728e-01 9.782797073308094893e-01 9.762040635217054119e-01 9.725741819527781162e-01 9.710664245593505495e-01 9.712332836283757986e-01 9.716905557556225759e-01 9.719617221441416710e-01 9.718832138716676505e-01 9.713651089300929797e-01 9.701643495438622145e-01 9.681303830956207168e-01 9.658568525903832303e-01 9.641917804658487468e-01 9.632361755784774049e-01 9.626574859216039393e-01 9.622378717014591354e-01 9.618989589820795549e-01 9.616122912916460486e-01 9.615241610719460486e-01 9.615766187627835526e-01 9.616844145325271764e-01 9.618220155191645748e-01 9.619800545375329914e-01 9.621543074912733973e-01 9.623418317337365524e-01 9.626032796234300637e-01 9.629535496754737522e-01 9.632806197030195916e-01 9.635201457702181616e-01 9.636599963235463751e-01 9.638505829136757574e-01 9.642948876302919192e-01 9.650225489081405428e-01 9.659184702532408462e-01 9.668115791289376704e-01 9.675768410591099045e-01 9.681656011964627773e-01 9.685856402609814841e-01 9.688700844458666417e-01 9.690555269333399613e-01 9.691727110618592045e-01 9.692444233600372439e-01 9.692873356820949082e-01 9.693142551593261214e-01 9.693363506703641663e-01 9.693643173941829394e-01 9.694086783460911239e-01 9.694793040629570147e-01 9.695842042361174640e-01 9.697285193873140807e-01 9.699137599244915808e-01 9.701368420927537484e-01 9.703917300719963057e-01 9.706688282808551005e-01 9.709573181678687881e-01 9.712462738463074619e-01 9.715249999870276820e-01 9.717858622095599808e-01
0.000000000000000000e+00 9.999999791736247090e-01 9.998618738484378321e-01 9.985796458511008167e-01 9.960135393596066811e-01 9.929387383130050537e-01 9.898938034039138634e-01 9.872058848243361329e-01 9.842169188375095024e-01 9.825991227207011569e-01 9.798494568044231467e-01 9.787246694983702255e-01 9.776227882950735415e-01 9.746829869822600800e-01 9.717347135097119670e-01 9.711371131747402741e-01 9.714344604440111608e-01 9.717696225527767684e-01 9.718390918611388152e-01 9.715360268019428425e-01 9.707138672985389238e-01 9.691162347718863534e-01 9.669239119536483518e-01 9.649666274225101592e-01 9.637262034592939397e-01 9.630011000275394695e-01 9.625104884308508524e-01 9.621287070873630887e-01 9.618115108735596497e-01 9.615395077417235870e-01 9.614637298073802629e-01 9.615232657361377777e-01 9.616333512901387159e-01 9.617713050321639034e-01 9.619294964138084270e-01 9.621046090185543243e-01 9.622942562756235940e-01 9.625642073732085802e-01 9.629354189724572688e-01 9.632915748256659638e-01 9.635594375314822102e-01 9.637047128744299362e-01 9.638135631228608169e-01 9.640719438432218125e-01 9.645709422520716281e-01 9.652890671466607397e-01 9.661138717149184707e-01 9.669145088648100073e-01 9.676010853203242945e-01 9.681389650427743021e-01 9.685343626292857167e-01 9.688125149071487030e-01 9.690024608791391048e-01 9.691293719173295074e-01 9.692129415298770256e-01 9.692676845655425755e-01 9.693048460088480311e-01 9.693339138444141412e-01 9.693637874414101629e-01 9.694031599266551558e-01 9.694604490103932992e-01 9.695431557055248506e-01 9.696568851392812771e-01 9.698051305288780677e-01 9.699875880448479704e-01 9.702014477408827942e-01 9.704410200770828832e-01 9.706981566832623143e-01 9.709641745461506934e-01 9.712299026566377780e-01
0.000000000000000000e+00 9.999998249875974299e-01 9.997233896958189758e-01 9.979646451879954361e-01 9.950109016344881319e-01 9.917342793067894791e-01 9.885546843658609140e-01 9.857763002754884596e-01 9.835171246468675799e-01 9.811461425438259276e-01 9.791064742850263958e-01 9.782449406237542222e-01 9.764177582167916647e-01 9.731057819409000276e-01 9.713878246238507597e-01 9.712942784284730458e-01 9.715672652764499873e-01 9.717150848911899619e-01 9.715529147778629859e-01 9.709771308370593879e-01 9.697724092510057181e-01 9.678531910979741859e-01 9.657902846650341377e-01 9.642866598265150690e-01 9.633848014759572864e-01 9.628054235334839728e-01 9.623732809415915801e-01 9.620217631985104045e-01 9.617239540491141492e-01 9.614656266167921350e-01 9.614007989382115094e-01 9.614649478146595207e-01 9.615751126491797196e-01 9.617117442642753034e-01 9.618687301315237415e-01 9.620434796022755419e-01 9.622341411390114008e-01 9.625113838290727530e-01 9.629032120136282735e-01 9.632911135589969920e-01 9.635949506619245764e-01 9.637618674885345404e-01 9.638300340059769988e-01 9.639574926674886468e-01 9.642530981866364037e-01 9.647563423055406373e-01 9.654303030410765762e-01 9.661818560108779153e-01 9.669103001931147467e-01 9.675456080979489837e-01 9.680576572699467475e-01 9.684478910639653382e-01 9.687337544261322986e-01 9.689378767812169002e-01 9.690814347445556587e-01 9.691815861373176411e-01 9.692515764360200015e-01 9.693015493697508811e-01 9.693397868415551955e-01 9.693736860398211030e-01 9.694103518013503784e-01 9.694567194023191448e-01 9.695194211804016859e-01 9.696040497644137224e-01 9.697150274434429562e-01 9.698545913256775286e-01 9.700226153837071541e-01 9.702168191891545890e-01 9.704330522371646950e-01 9.706645943947714850e-01
0.000000000000000000e+00 9.999976792609184262e-01 9.993679848412798661e-01 9.969049620742104212e-01 9.935417279168408111e-01 9.902012821274179810e-01 9.872258575724529583e-01 9.841917463046268022e-01 9.822761177754657513e-01 9.796538083357754223e-01 9.785180051494150044e-01 9.772782218498345941e-01 9.745790422090391258e-01 9.720441293092044743e-01 9.713591902221905272e-01 9.714270696398812355e-01 9.715547191103713898e-01 9.714613733661348061e-01 9.710267484764170121e-01 9.700968209883324977e-01 9.685005902578450732e-01 9.665258951660055109e-01 9.648670583703548020e-01 9.637965077141609216e-01 9.631175921636973003e-01 9.626288186420237647e-01 9.622399025876107181e-01 9.619144999366179283e-01 9.616345808759448888e-01 9.613892703133390949e-01 9.613335157950650967e-01 9.613992033886571420e-01 9.615070069619003901e-01 9.616404750763488662e-01 9.617946587306919204e-01 9.619675258970490361e-01 9.621577127933502727e-01 9.624402995452636667e-01 9.628512021734199067e-01 9.632724327823714017e-01 9.636192995531683847e-01 9.638234402830433423e-01 9.638846251635351248e-01 9.639323202765797127e-01 9.640736076312168557e-01 9.643682152594473811e-01 9.648364627602926680e-01 9.654461747076855671e-01 9.661263929337459144e-01 9.667984717284540119e-01 9.674029790370045623e-01 9.679092068250314540e-01 9.683112771069527502e-01 9.686189140884183812e-01 9.688485288925632322e-01 9.690175864646054515e-01 9.691412607405850421e-01 9.692319326546183778e-01 9.692992204155188585e-01 9.693507575932143183e-01 9.693929403052573557e-01 9.694315801286189638e-01 9.694722028159089566e-01 9.695202733155261487e-01 9.695808631369399189e-01 9.696584760956644677e-01 9.697566004240808502e-01 9.698773966330033192e-01 9.700213222300073657e-01 9.701871762253492237e-01
0.000000000000000000e+00 9.998966393878000458e-01 9.980378677214477579e-01 9.946315511320031888e-01 9.910279383405432574e-01 9.877763567174850934e-01 9.847045860403975670e-01 9.826330777140176442e-01 9.800214834970043531e-01 9.785978423295285111e-01 9.773528444834779227e-01 9.752634057288435132e-01 9.727774045445621853e-01 9.716336798588974810e-01 9.714006498778237075e-01 9.713886270714027216e-01 9.712630515513523966e-01 9.708675325687207147e-01 9.700748688367136774e-01 9.687344435975498991e-01 9.669766546638102200e-01 9.653418921744009173e-01 9.641848588053411051e-01 9.634241250127564271e-01 9.628810745339488886e-01 9.624553992931996760e-01 9.621028861437855850e-01 9.618017470547541858e-01 9.615392077429024686e-01 9.613068609802744025e-01 9.612575283455091490e-01 9.613207917509941636e-01 9.614232990675176671e-01 9.615512480917941529e-01 9.617004365242245445e-01 9.618692391071276271e-01 9.620567298074496065e-01 9.623413738983997989e-01 9.627679458183190375e-01 9.632229216037071495e-01 9.636200018611618123e-01 9.638786207868408340e-01 9.639650232070130498e-01 9.639764665990006032e-01 9.640184945902587899e-01 9.641456327093516077e-01 9.643987325371796704e-01 9.647949846292831477e-01 9.653170253603051698e-01 9.659176076226371199e-01 9.665369606570769490e-01 9.671223956643392183e-01 9.676390935692825712e-01 9.680717946374566285e-01 9.684203109957707500e-01 9.686934101812576525e-01 9.689038634996179900e-01 9.690646678297478722e-01 9.691873777001116519e-01 9.692815342077498730e-01 9.693547778329264508e-01 9.694132361367123751e-01 9.694619923244074400e-01 9.695056099784891135e-01 9.695483205913375535e-01 9.695941916716420694e-01 9.696471067478081851e-01 9.697106393977859007e-01 9.697878102365912190e-01 9.698809571229309867e-01
-1.000000000000000000e+00 -1.000000000000000000e+00 9.938613178819328819e-01 9.903121882591312541e-01 9.871420862115821704e-01 9.842696235802397275e-01 9.820172508548252743e-01 9.797212012389696634e-01 9.782627020063449086e-01 9.768180845155324254e-01 9.748834607977302502e-01 9.730833867673900350e-01 9.719372234419938472e-01 9.714322511623960654e-01 9.711916524751698088e-01 9.709289587849032621e-01 9.704752784081724926e-01 9.697098979271842056e-01 9.685374721151618349e-01 9.670510931320592807e-01 9.656070445091380350e-01 9.644880183674150453e-01 9.636945087185518899e-01 9.631125856224044268e-01 9.626563200781116381e-01 9.622801848196734786e-01 9.619601250267222348e-01 9.616819592995756727e-01 9.614364260615884117e-01 9.612170435606313124e-01 9.611699680718530647e-01 9.612260192015377180e-01 9.613198040021124768e-01 9.614392776343003710e-01 9.615805519871594154e-01 9.617422197977786302e-01 9.619237465061426517e-01 9.622047814479771644e-01 9.626393657605148979e-01 9.631242932449671779e-01 9.635754399643203794e-01 9.639042925577950838e-01 9.640488253170841348e-01 9.640645516476218368e-01 9.640624978596346040e-01 9.640888221524235302e-01 9.641781966519518132e-01 9.643610345298266884e-01 9.646569683946722984e-01 9.650658438502530689e-01 9.655647527294504151e-01 9.661145517513425318e-01 9.666718608101568799e-01 9.671991556226759990e-01 9.676714764800844470e-01 9.680769415149245161e-01 9.684134211170053463e-01 9.686866493619599172e-01 9.689049489607729493e-01 9.690781126107289589e-01 9.692152335755448433e-01 9.693244046524122082e-01 9.694120762324451857e-01 9.694836311917984784e-01 9.695434932772923897e-01 9.695953393924769959e-01 9.696424514023659347e-01 9.696878616548320062e-01 9.697344521675506090e-01 9.697848482493105493e-01
-1.000000000000000000e+00 -1.000000000000000000e+00 -1.000000000000000000e+00 9.864891565357545300e-01 9.837917010865713241e-01 9.814783476302311183e-01 9.794233684975710563e-01 9.778528674793938169e-01 9.763279111332978655e-01 9.746419575708961114e-01 9.731613078629771652e-01 9.721661214659961248e-01 9.714708599222281471e-01 9.710093338476596392e-01 9.705997559807959529e-01 9.700828587999204000e-01 9.693458105689363169e-01 9.683247931985264900e-01 9.670801864165404771e-01 9.658282167609382185e-01 9.647742326569641591e-01 9.639670826487565236e-01 9.633524225848001388e-01 9.628662552563291843e-01 9.624658258246656661e-01 9.621259372090678053e-01 9.618312490650384738e-01 9.615717082464217969e-01 9.613402911542907603e-01 9.611318665915383752e-01 9.610829935641266308e-01 9.611294369434983942e-01 9.612131439703180957e-01 9.613228953502068741e-01 9.614548379715058823e-01 9.616076331416998357e-01 9.617809762703455334e-01 9.620529564685216251e-01 9.624851873787193535e-01 9.629888331843073912e-01 9.634852053602819266e-01 9.638814760649634383e-01 9.640960350658007716e-01 9.641418661860624573e-01 9.641371244471450552e-01 9.641267576155532204e-01 9.641381573158528395e-01 9.641954704648287855e-01 9.643224766962358308e-01 9.645388948110964478e-01 9.648536191465915124e-01 9.652598517274187939e-01 9.657352448182684457e-01 9.662479617510534302e-01 9.667643621141920329e-01 9.672555851056229281e-01 9.677019545702446601e-01 9.680926491950170298e-01 9.684250389771328349e-01 9.687019803639965732e-01 9.689294373957018092e-01 9.691148549601086293e-01 9.692655884288974288e-01 9.693883501364962685e-01 9.694892005383797251e-01 9.695728009010262660e-01 9.696432261748211268e-01 9.697037477004168959e-01 9.697571867718771665e-01 9.698059981681339536e-01
-1.000000000000000000e+00 -1.000000000000000000e+00 -1.000000000000000000e+00 -1.000000000000000000e+00 9.810243012932923223e-01 9.790778419973495961e-01 9.774313247715079589e-01 9.759358956650521222e-01 9.744798473939038086e-01 9.731907305474170045e-01 9.721990570425222966e-01 9.714705378812164005e-01 9.708444652789693929e-01 9.702956733599283901e-01 9.697155891874120748e-01 9.690056271840369329e-01 9.681140113192955310e-01 9.670705179629527359e-01 9.659960567146166355e-01 9.650275875266217662e-01 9.642302916083356212e-01 9.635945729565452700e-01 9.630822234919524938e-01 9.626581770802489224e-01 9.622981702997767117e-01 9.619863778955747291e-01 9.617121759735284270e-01 9.614680835468795150e-01 9.612486176549535077e-01 9.610496385298938904e-01 9.609963460406349967e-01 9.610321237488448354e-01 9.611050809345765833e-01 9.612043745376511739e-01 9.613260514998981376e-01 9.614687424882308875e-01 9.616322442990852259e-01 9.618905158190544924e-01 9.623105220846002172e-01 9.628206304901159029e-01 9.633512968698757506e-01 9.638080984377191962e-01 9.640949793429072212e-01 9.641840294326983196e-01 9.641985506607166911e-01 9.641851424609435561e-01 9.641685838387572538e-01 9.641672505543432692e-01 9.641988336343786381e-01 9.642822900086238658e-01 9.644360008748287250e-01 9.646732415027475804e-01 9.649970289959577396e-01 9.653979864232791197e-01 9.658558642366954494e-01 9.663438801558131841e-01 9.668343909765388933e-01 9.673041469913403745e-01 9.677359795028004363e-01 9.681202515708737799e-01 9.684536355155842768e-01 9.687368981536169654e-01 9.689745679132613088e-01 9.691722053854712193e-01 9.693358168317596224e-01 9.694714663465409110e-01 9.695844086338016865e-01 9.696791627481893272e-01 9.697594490773399079e-01 9.698284387072080293e-01
-1.000000000000000000e+00 -1.000000000000000000e+00 -1.000000000000000000e+00 -1.000000000000000000e+00 -1.000000000000000000e+00 9.770644637088795603e-01 9.756266747217728907e-01 9.743214252100976802e-01 9.731436587428747842e-01 9.721456998446575959e-01 9.713381166086715313e-01 9.706764279648207872e-01 9.700327813389197917e-01 9.693973194399891913e-01 9.687083504579806492e-01 9.679191872081341907e-01 9.670338108344734840e-01 9.661120797328163201e-01 9.652380479690128023e-01 9.644721413359852447e-01 9.638307406735305838e-01 9.632993735544415070e-01 9.628543509730085326e-01 9.624749574850296474e-01 9.621460265478088969e-01 9.618568229578716711e-01 9.615996029214354257e-01 9.613686183176541888e-01 9.611594948084654089e-01 9.609688362869456268e-01 9.609098974010608085e-01 9.609348785241954571e-01 9.609969743110035045e-01 9.610855435120058132e-01 9.611965104437341090e-01 9.613283995800782078e-01 9.614810016199429876e-01 9.617222433735140852e-01 9.621217055137880614e-01 9.626257922273501189e-01 9.631779392355723779e-01 9.636858984219306423e-01 9.640417820412732208e-01 9.641792340664352423e-01 9.642245277028042016e-01 9.642261151229168936e-01 9.642083994243159095e-01 9.641873985321665064e-01 9.641761903626856478e-01 9.641881223583571581e-01 9.642383755044230398e-01 9.643433125634439662e-01 9.645174719304557831e-01 9.647696873436475418e-01 9.650997804960618209e-01 9.654973322187848650e-01 9.659438124036886508e-01 9.664163056673580332e-01 9.668913424405427559e-01 9.673490971943878858e-01 9.677743024096391311e-01 9.681577921905172301e-01 9.684955312036221953e-01 9.687873580653528771e-01 9.690361535706791818e-01 9.692462455072515803e-01 9.694227726910373821e-01 9.695708614652081003e-01 9.696954240411372883e-01 9.698007360323304127e-01
-1.000000000000000000e+00 -1.000000000000000000e+00 -1.000000000000000000e+00 -1.000000000000000000e+00 -1.000000000000000000e+00 -1.000000000000000000e+00 -1.000000000000000000e+00 9.730072965089522352e-01 9.720195960983973871e-01 9.711650205263430147e-01 9.704374414428120765e-01 9.698044128526775998e-01 9.691446233522521547e-01 9.684687699366076874e-01 9.677523103559223516e-01 9.669835994388351619e-01 9.661849753849675038e-01 9.654027178242842178e-01 9.646828926803737714e-01 9.640514812683277368e-01 9.635109885131204477e-01 9.630498987572717606e-01 9.626532623517115583e-01 9.623079960496020435e-01 9.620039597371790041e-01 9.617334823131064026e-01 9.614907151482695591e-01 9.612711326409446588e-01 9.610711808144990487e-01 9.608880307324363379e-01 9.608233565888452121e-01 9.608380538714017538e-01 9.608896274819606065e-01 9.609676416480842365e-01 9.610679016700511834e-01 9.611887891409461870e-01 9.613300157850320771e-01 9.615524748233533758e-01 9.619254911084351711e-01 9.624121211888816418e-01 9.629714671070781495e-01 9.635188281005128141e-01 9.639371461111542194e-01 9.641233656815167974e-01 9.642046174502766354e-01 9.642307481666931857e-01 9.642262912480662473e-01 9.642066197489496115e-01 9.641828809618557816e-01 9.641647412252779548e-01 9.641624518731406468e-01 9.641881298685222035e-01 9.642558278169380825e-01 9.643797365529330756e-01 9.645714176481076096e-01 9.648364416529938703e-01 9.651724684682807531e-01 9.655689425647098201e-01 9.660092488742174632e-01 9.664727393287887436e-01 9.669396863369054129e-01 9.673916452560993307e-01 9.678153824529724947e-01 9.682020129010378007e-01 9.685466264248197010e-01 9.688486002036070799e-01 9.691094435875271529e-01 9.693325893778228508e-01 9.695222633525844014e-01 9.696828561410651970e-01
-1.000000000000000000e+00 -1.000000000000000000e+00 -1.000000000000000000e+00 -1.000000000000000000e+00 -1.000000000000000000e+00 -1.000000000000000000e+00 -1.000000000000000000e+00 -1.000000000000000000e+00 9.709814372285496820e-01 9.702187459718306650e-01 9.695490846758541004e-01 9.689490154235662622e-01 9.682957807444625420e-01 9.676240897264161145e-01 9.669335274194168495e-01 9.662267819438232763e-01 9.655246126631342740e-01 9.648567030730267335e-01 9.642477564901655862e-01 9.637089397453381112e-01 9.632386501163850978e-01 9.628285478094764649e-01 9.624688772732472586e-01 9.621509256799577470e-01 9.618675639503159180e-01 9.616130988392198597e-01 9.613829920135464890e-01 9.611736081955989386e-01 9.609820136327508200e-01 9.608058194233776161e-01 9.607361068011071037e-01 9.607414847653668044e-01 9.607832539597466193e-01 9.608512420332314674e-01 9.609411750220526738e-01 9.610512878308035134e-01 9.611811575219473269e-01 9.613845312948283706e-01 9.617279156511375771e-01 9.621880127234841984e-01 9.627400481038770330e-01 9.633125863355838092e-01 9.637841898245674832e-01 9.640166716153207860e-01 9.641352052708548337e-01 9.641904057139171202e-01 9.642068821075605589e-01 9.641998495612749132e-01 9.641798405108712444e-01 9.641549832416153043e-01 9.641326212719557587e-01 9.641207081812815938e-01 9.641288943014678647e-01 9.641688847190572620e-01 9.642536200043566597e-01 9.643953224888689446e-01 9.646030800770986069e-01 9.648800195756613851e-01 9.652225934753033698e-01 9.656204699629649113e-01 9.660580840340768916e-01 9.665174710205151065e-01 9.669806677107413151e-01 9.674315914727215082e-01 9.678572441342565558e-01 9.682494316980215787e-01 9.686030582701150582e-01 9.689163363086019665e-01 9.691901307334342963e-01 9.694268158049135220e-01
-1.000000000000000000e+00 -1.000000000000000000e+00 -1.000000000000000000e+00 -1.000000000000000000e+00 -1.000000000000000000e+00 -1.000000000000000000e+00 -1.000000000000000000e+00 -1.000000000000000000e+00 -1.000000000000000000e+00 9.693559483215393735e-01 9.687383372449784869e-01 9.681774238771658769e-01 9.675431263510810842e-01 9.668963784909532233e-01 9.662499073408938877e-01 9.656098662144380063e-01 9.649912694748592479e-01 9.644118577323551600e-01 9.638842626187354989e-01 9.634126517407178847e-01 9.629943954668550576e-01 9.626235864946445231e-01 9.622936475939412038e-01 9.619985133235622321e-01 9.617329740809829053e-01 9.614926787428238475e-01 9.612740303625419980e-01 9.610740610979946474e-01 9.608903162263564557e-01 9.607207556769222778e-01 9.606471779325939098e-01 9.606445019988306688e-01 9.606774707866857499e-01 9.607362459097967822e-01 9.608165293665144047e-01 9.609164189139725032e-01 9.610353475759372266e-01 9.612203741344689245e-01 9.615333148039086897e-01 9.619608911737743684e-01 9.624926215550061448e-01 9.630743080859121008e-01 9.635872520942015962e-01 9.638614285073621168e-01 9.640161955055303045e-01 9.641019536454170646e-01 9.641431356828296106e-01 9.641548365437091483e-01 9.641473685767333324e-01 9.641283340281651126e-01 9.641038615734237593e-01 9.640796269540199415e-01 9.640618560327155473e-01 9.640581892158196498e-01 9.640782141393695603e-01 9.641331569142514990e-01 9.642348312999460269e-01 9.643935773560027291e-01 9.646162957694500717e-01 9.649046364412411370e-01 9.652542432722350796e-01 9.656549868811796777e-01 9.660926689970799064e-01 9.665512475643031065e-01 9.670137517425574369e-01 9.674663046167720770e-01 9.678966744647407028e-01 9.682962991548169640e-01 9.686601628753385151e-01 9.689857396995794625e-01
-1.000000000000000000e+00 -1.000000000000000000e+00 -1.000000000000000000e+00 -1.000000000000000000e+00 -1.000000000000000000e+00 -1.000000000000000000e+00 -1.000000000000000000e+00 -1.000000000000000000e+00 -1.000000000000000000e+00 -1.000000000000000000e+00 9.680265938494214684e-01 9.675042047172091042e-01 9.668832560431918077e-01 9.662641346498921369e-01 9.656633903018150278e-01 9.650846339949421537e-01 9.645360686727126875e-01 9.640265569186231565e-01 9.635614665748609697e-01 9.631415915428499508e-01 9.627643980085693887e-01 9.624257299754251926e-01 9.621210090351486333e-01 9.618458593392703593e-01 9.615963640360182252e-01 9.613691296053490376e-01 9.611612618872261704e-01 9.609703099208041222e-01 9.607942018525825745e-01 9.606311831610305774e-01 9.605551569339736417e-01 9.605458992052983147e-01 9.605712593197034410e-01 9.606218236761222551e-01 9.606933308226418555e-01 9.607837740744812338e-01 9.608924123283006935e-01 9.610604034704124388e-01 9.613437596273084473e-01 9.617356361925910591e-01 9.622367227916617249e-01 9.628111811464465930e-01 9.633506924149033424e-01 9.636599647882753139e-01 9.638482059346693553e-01 9.639641523340296558e-01 9.640315614661749688e-01 9.640652131542558623e-01 9.640752434729998877e-01 9.640690236307052352e-01 9.640522311798709332e-01 9.640295929569301370e-01 9.640055578759401111e-01 9.639850048430130824e-01 9.639739575838974783e-01 9.639800986033958408e-01 9.640128957102105378e-01 9.640829567132966904e-01 9.642007970144162998e-01 9.643753193156391346e-01 9.646115640608439179e-01 9.649101845271227385e-01 9.652662582930114921e-01 9.656704498997380481e-01 9.661097480644494917e-01 9.665690835376573586e-01 9.670335649912022991e-01 9.674900048533758845e-01 9.679264088493529927e-01 9.683355059700475831e-01
-1.000000000000000000e+00 -1.000000000000000000e+00 -1.000000000000000000e+00 -1.000000000000000000e+00 -1.000000000000000000e+00 -1.000000000000000000e+00 -1.000000000000000000e+00 -1.000000000000000000e+00 -1.000000000000000000e+00 -1.000000000000000000e+00 -1.000000000000000000e+00 9.668982407777040322e-01 9.662544805533410663e-01 9.656667270325175467e-01 9.651169607362959368e-01 9.645992938527635507e-01 9.641144399382938213e-01 9.636649094550627792e-01 9.632522031766681536e-01 9.628759553501660129e-01 9.625342276947571607e-01 9.622241591613441836e-01 9.619425387306768105e-01 9.616861797131773804e-01 9.614521194787973846e-01 9.612377029894690894e-01 9.610405997706091830e-01 9.608587871429623561e-01 9.606905189703645043e-01 9.605342903385964970e-01 9.604574123998343982e-01 9.604431368948030956e-01 9.604621309147506336e-01 9.605055169656436798e-01 9.605691259615760647e-01 9.606508917838518791e-01 9.607499187859935841e-01 9.609022430807780957e-01 9.611574517822849550e-01 9.615119135920658922e-01 9.619737030886305051e-01 9.625242918260094038e-01 9.630727182959096799e-01 9.634084230241088953e-01 9.636261532628186410e-01 9.637710111714744565e-01 9.638652859032599274e-01 9.639230528955400334e-01 9.639540707151401655e-01 9.639654601872946760e-01 9.639626506919942717e-01 9.639499610946262731e-01 9.639310691615647908e-01 9.639094582814528023e-01 9.638889176585369034e-01 9.638740940383008216e-01 9.638709881405642665e-01 9.638871990457845707e-01 9.639318344305671804e-01 9.640146787517026583e-01 9.641451760800586746e-01 9.643307887699124059e-01 9.645757540490343951e-01 9.648800837346551695e-01 9.652391346810197392e-01 9.656442460643215320e-01 9.660837057678481887e-01 9.665438696105144167e-01 9.670112306805496161e-01 9.674729513874121833e-01
-1.000000000000000000e+00 -1.000000000000000000e+00 -1.000000000000000000e+00 -1.000000000000000000e+00 -1.000000000000000000e+00 -1.000000000000000000e+00 -1.000000000000000000e+00 -1.000000000000000000e+00 -1.000000000000000000e+00 -1.000000000000000000e+00 -1.000000000000000000e+00 -1.000000000000000000e+00 -1.000000000000000000e+00 9.650439022007402112e-01 9.645656758919167739e-01 9.641166588185652309e-01 9.636952414942099310e-01 9.633019718060217285e-01 9.629374824121034182e-01 9.626016009219969805e-01 9.622932387666631726e-01 9.620106327880710850e-01 9.617516563741409508e-01 9.615140728577690199e-01 9.612957020481861514e-01 9.610945127149334022e-01 9.609086637613556414e-01 9.607365139893140338e-01 9.605766145569409886e-01 9.604276930782891242e-01 9.603518262909657155e-01 9.603343786598855791e-01 9.603485099516781975e-01 9.603859640530642006e-01 9.604427510380763033e-01 9.605167850510877292e-01 9.606070551917523792e-01 9.607454291694391690e-01 9.609749602182082739e-01 9.612923454978213877e-01 9.617086465754693947e-01 9.622189209479575789e-01 9.627550531772050002e-01 9.631049845689125810e-01 9.633455353653411768e-01 9.635160050357829409e-01 9.636361591379474234e-01 9.637187913892151236e-01 9.637729454868851908e-01 9.638053084835653816e-01 9.638209822391546888e-01 9.638240056142660661e-01 9.638176692892912456e-01 9.638048224912579842e-01 9.637881657483108322e-01 9.637705888268739418e-01 9.637555848361843980e-01 9.637476547678633931e-01 9.637526595509710026e-01 9.637779102814961751e-01 9.638318725788705965e-01 9.639235750905981170e-01 9.640614331656776059e-01 9.642520998619673600e-01 9.644994734808214343e-01 9.648033866208819420e-01 9.651600519453207294e-01 9.655619607266905380e-01 9.659989394962471554e-01 9.664583115493737830e-01
-1.000000000000000000e+00 -1.000000000000000000e+00 -1.000000000000000000e+00 -1.000000000000000000e+00 -1.000000000000000000e+00 -1.000000000000000000e+00 -1.000000000000000000e+00 -1.000000000000000000e+00 -1.000000000000000000e+00 -1.000000000000000000e+00 -1.000000000000000000e+00 -1.000000000000000000e+00 -1.000000000000000000e+00 -1.000000000000000000e+00 9.640728179678766940e-01 9.636805486889121752e-01 9.633108272516547332e-01 9.629635224050399067e-01 9.626389803284086666e-01 9.623372236520058021e-01 9.620577074269077711e-01 9.617993766562243918e-01 9.615608342378781925e-01 9.613405125644309823e-01 9.611368064458679639e-01 9.609481606872760651e-01 9.607731201455552705e-01 9.606103532596762529e-01 9.604586586470899023e-01 9.603169617965590099e-01 9.602436020190179278e-01 9.602251265927307378e-01 9.602365368670254808e-01 9.602701240684559103e-01 9.603221047869476834e-01 9.603904067703884495e-01 9.604739272853092258e-01 9.606014225527834682e-01 9.608106112924548192e-01 9.610974118565529523e-01 9.614730439584040500e-01 9.619400145059803231e-01 9.624493810948042682e-01 9.627993670756223032e-01 9.630514806490039215e-01 9.632388391109253378e-01 9.633781815272445259e-01 9.634806720399066160e-01 9.635543884298076733e-01 9.636054244189518059e-01 9.636385066458613702e-01 9.636573818904276001e-01 9.636650909415815924e-01 9.636641820350555498e-01 9.636569048536829385e-01 9.636454096028166383e-01 9.636319815624911911e-01 9.636193579037811707e-01 9.636110581635577432e-01 9.636117156758924329e-01 9.636272395001200808e-01 9.636648566797856308e-01 9.637326397924487198e-01 9.638388929143982820e-01 9.639912167332279624e-01 9.641952003164753204e-01 9.644539383295197554e-01 9.647671911460293792e-01 9.651308914565117636e-01 9.655379837617170669e-01
-1.000000000000000000e+00 -1.000000000000000000e+00 -1.000000000000000000e+00 -1.000000000000000000e+00 -1.000000000000000000e+00 -1.000000000000000000e+00 -1.000000000000000000e+00 -1.000000000000000000e+00 -1.000000000000000000e+00 -1.000000000000000000e+00 -1.000000000000000000e+00 -1.000000000000000000e+00 -1.000000000000000000e+00 -1.000000000000000000e+00 -1.000000000000000000e+00 9.632745953645595050e-01 9.629491850227365202e-01 9.626412919563411830e-01 9.623512978910120363e-01 9.620794566574204509e-01 9.618256320018547800e-01 9.615892768584094474e-01 9.613695241120243651e-01 9.611653057621887264e-01 9.609754591381385325e-01 9.607988061554099124e-01 9.606342056095770188e-01 9.604805838356199610e-01 9.603369499347703675e-01 9.602024008565428481e-01 9.601326540837773482e-01 9.601149060802659507e-01 9.601254497221604067e-01 9.601570394120210183e-01 9.602060725194939694e-01 9.602705048586399617e-01 9.603491680842793921e-01 9.604684362005729836e-01 9.606617672225207238e-01 9.609239615734026518e-01 9.612651640929616992e-01 9.616912067266492059e-01 9.621669194450819251e-01 9.625066033327964732e-01 9.627605136469237213e-01 9.629563047238394180e-01 9.631078033430342522e-01 9.632244242500319631e-01 9.633131334509057453e-01 9.633793198297504468e-01 9.634272237927959948e-01 9.634602657477228105e-01 9.634812276969517697e-01 9.634924302433476306e-01 9.634958804362671048e-01 9.634933806489964780e-01 9.634866806959537788e-01 9.634776630145369669e-01 9.634685680465235880e-01 9.634622947291445749e-01 9.634626456568092800e-01 9.634746211532216886e-01 9.635044135917740782e-01 9.635592365018202932e-01 9.636469193470250660e-01 9.637750641062448054e-01 9.639503608963395642e-01 9.641772180397115699e-01 9.644577392639799296e-01 9.647905052854147678e-01
-1.000000000000000000e+00 -1.000000000000000000e+00 -1.000000000000000000e+00 -1.000000000000000000e+00 -1.000000000000000000e+00 -1.000000000000000000e+00 -1.000000000000000000e+00 -1.000000000000000000e+00 -1.000000000000000000e+00 -1.000000000000000000e+00 -1.000000000000000000e+00 -1.000000000000000000e+00 -1.000000000000000000e+00 -1.000000000000000000e+00 -1.000000000000000000e+00 -1.000000000000000000e+00 9.626060582489127659e-01 9.623326460614952671e-01 9.620730873149263562e-01 9.618278767604759860e-01 9.615972044660379137e-01 9.613809075210225652e-01 9.611785200173720289e-01 9.609893590186693313e-01 9.608126108108382413e-01 9.606474016936911164e-01 9.604928494864348743e-01 9.603480976133378366e-01 9.602123355669727189e-01 9.600848096112879482e-01 9.600194657252925090e-01 9.600038221343962785e-01 9.600150489793116693e-01 9.600462586282123567e-01 9.600939949905746840e-01 9.601562339745359775e-01 9.602317514811701260e-01 9.603450475335173486e-01 9.605261781452459902e-01 9.607688135366789783e-01 9.610816596775074716e-01 9.614715571800657168e-01 9.619124320701675224e-01 9.622357747903362846e-01 9.624843243154963535e-01 9.626815176307109700e-01 9.628387881544033799e-01 9.629639200181259184e-01 9.630628274123842480e-01 9.631401185985225544e-01 9.631995433111293359e-01 9.632441262426917339e-01 9.632763766374492498e-01 9.632983890183975939e-01 9.633119705000856570e-01 9.633187111994273577e-01 9.633200871773344165e-01 9.633175661601739437e-01 9.633127532539667026e-01 9.633075868016455212e-01 9.633045802614179642e-01 9.633070794072697840e-01 9.633194806948350841e-01 9.633473475651894713e-01 9.633973058102491827e-01 9.634766410795843061e-01 9.635928393001698122e-01 9.637528286430910862e-01 9.639618708285220272e-01 9.642230321458313824e-01
-1.000000000000000000e+00 -1.000000000000000000e+00 -1.000000000000000000e+00 -1.000000000000000000e+00 -1.000000000000000000e+00 -1.000000000000000000e+00 -1.000000000000000000e+00 -1.000000000000000000e+00 -1.000000000000000000e+00 -1.000000000000000000e+00 -1.000000000000000000e+00 -1.000000000000000000e+00 -1.000000000000000000e+00 -1.000000000000000000e+00 -1.000000000000000000e+00 -1.000000000000000000e+00 -1.000000000000000000e+00 9.620378542508654096e-01 9.618051545909835909e-01 9.615836719774787378e-01 9.613738499634646439e-01 9.611758159688346126e-01 9.609894092987834036e-01 9.608142453178388775e-01 9.606497864969196776e-01 9.604954052567080680e-01 9.603504331035370711e-01 9.602141958511319908e-01 9.600860370452423131e-01 9.599653323276492456e-01 9.599049394097372012e-01 9.598924662709498179e-01 9.599056444413675004e-01 9.599378414615568067e-01 9.599857058577377922e-01 9.600472210385513350e-01 9.601211010873631491e-01 9.602303405100517386e-01 9.604022151069977475e-01 9.606293920257541474e-01 9.609191444313578412e-01 9.612782449272468943e-01 9.616863071531092100e-01 9.619908137060958486e-01 9.622296296439893926e-01 9.624231982829691834e-01 9.625811329541288375e-01 9.627099598612156583e-01 9.628146326334864336e-01 9.628991146955787617e-01 9.629666093147379868e-01 9.630197709320268418e-01 9.630608253708681232e-01 9.630916397472497614e-01 9.631138372983049090e-01 9.631288236216813958e-01 9.631378956107979894e-01 9.631422950593273580e-01 9.631432971482344341e-01 9.631423398904801481e-01 9.631412135586460144e-01 9.631422567090325293e-01 9.631486101944489731e-01 9.631644142263230401e-01 9.631949280049266759e-01 9.632464907329197912e-01 9.633260840317371398e-01 9.634411278572146964e-01 9.635984484715942600e-01 9.638035200614281095e-01
-1.000000000000000000e+00 -1.000000000000000000e+00 -1.000000000000000000e+00 -1.000000000000000000e+00 -1.000000000000000000e+00 -1.000000000000000000e+00 -1.000000000000000000e+00 -1.000000000000000000e+00 -1.000000000000000000e+00 -1.000000000000000000e+00 -1.000000000000000000e+00 -1.000000000000000000e+00 -1.000000000000000000e+00 -1.000000000000000000e+00 -1.000000000000000000e+00 -1.000000000000000000e+00 -1.000000000000000000e+00 -1.000000000000000000e+00 -1.000000000000000000e+00 9.613485946912972979e-01 9.611574200907248011e-01 9.609758849133255287e-01 9.608040559756050314e-01 9.606417766851259588e-01 9.604887258710586018e-01 9.603444731466351802e-01 9.602085247223111075e-01 9.600803582290988736e-01 9.599594474894869167e-01 9.598452790883272856e-01 9.597902117291294832e-01 9.597817466995006708e-01 9.597979142528998420e-01 9.598322611363984125e-01 9.598814836317859367e-01 9.599435478385768272e-01 9.600171089872411301e-01 9.601239262262316609e-01 9.602889518740101993e-01 9.605039331783289391e-01 9.607748995115895640e-01 9.611081439000346283e-01 9.614868266371041639e-01 9.617723260881171354e-01 9.619992893560087577e-01 9.621860819855526659e-01 9.623410972007898634e-01 9.624699035762178667e-01 9.625767217231053774e-01 9.626649475216730867e-01 9.627373469557797270e-01 9.627962357924879644e-01 9.628435530532878373e-01 9.628809495223752402e-01 9.629098663174420203e-01 9.629315603376737975e-01 9.629471905942988963e-01 9.629578362036447237e-01 9.629645861261445505e-01 9.629686096612356527e-01 9.629712954492934962e-01 9.629744160063691272e-01 9.629803392736221435e-01 9.629922712011270702e-01 9.630144193324938762e-01 9.630520945084456441e-01 9.631116223701423618e-01 9.632000994096820978e-01 9.633248011750984441e-01 9.634923183288877091e-01
-1.000000000000000000e+00 -1.000000000000000000e+00 -1.000000000000000000e+00 -1.000000000000000000e+00 -1.000000000000000000e+00 -1.000000000000000000e+00 -1.000000000000000000e+00 -1.000000000000000000e+00 -1.000000000000000000e+00 -1.000000000000000000e+00 -1.000000000000000000e+00 -1.000000000000000000e+00 -1.000000000000000000e+00 -1.000000000000000000e+00 -1.000000000000000000e+00 -1.000000000000000000e+00 -1.000000000000000000e+00 -1.000000000000000000e+00 -1.000000000000000000e+00 -1.000000000000000000e+00 9.609496291450245753e-01 9.607828653178281941e-01 9.606242059430414315e-01 9.604736648901676110e-01 9.603310876784677541e-01 9.601961997587449282e-01 9.600686484305570589e-01 9.599480362308184800e-01 9.598339458959218584e-01 9.597259580538989310e-01 9.596764874194562145e-01 9.596727276529832817e-01 9.596927811326327884e-01 9.597302896086822299e-01 9.597819491424316451e-01 9.598456853538258615e-01 9.599200868916547558e-01 9.600258899475536678e-01 9.601860541727358367e-01 9.603914545864323804e-01 9.606470556320204635e-01 9.609586322877877729e-01 9.613116483707386806e-01 9.615791988194927198e-01 9.617937030010638155e-01 9.619721048208591530e-01 9.621219356981322024e-01 9.622481263410880281e-01 9.623543699929456574e-01 9.624436200395781738e-01 9.625182853436837771e-01 9.625803898752184340e-01 9.626316391589491150e-01 9.626734859107382025e-01 9.627072136074318331e-01 9.627339463537241127e-01 9.627547145654641314e-01 9.627704927090854348e-01 9.627822486784535227e-01 9.627910005441060459e-01 9.627979250922780174e-01 9.628044793545658120e-01 9.628126164222582384e-01 9.628249622278598485e-01 9.628451082348578050e-01 9.628776759874407842e-01 9.629284337540243710e-01 9.630041350148484947e-01 9.631119882182657133e-01 9.632593388184408356e-01
-1.000000000000000000e+00 -1.000000000000000000e+00 -1.000000000000000000e+00 -1.000000000000000000e+00 -1.000000000000000000e+00 -1.000000000000000000e+00 -1.000000000000000000e+00 -1.000000000000000000e+00 -1.000000000000000000e+00 -1.000000000000000000e+00 -1.000000000000000000e+00 -1.000000000000000000e+00 -1.000000000000000000e+00 -1.000000000000000000e+00 -1.000000000000000000e+00 -1.000000000000000000e+00 -1.000000000000000000e+00 -1.000000000000000000e+00 -1.000000000000000000e+00 -1.000000000000000000e+00 -1.000000000000000000e+00 9.605981125761626771e-01 9.604512525498283271e-01 9.603113104661090693e-01 9.601782580221512875e-01 9.600519421588689095e-01 9.599321228165571540e-01 9.598185042346464302e-01 9.597107593080429488e-01 9.596085476122430125e-01 9.595649151392100507e-01 9.595665162951543259e-01 9.595912980086693800e-01 9.596329097349715065e-01 9.596879952119459212e-01 9.597544183352092473e-01 9.598307040823832459e-01 9.599367555214781689e-01 9.600937618926930206e-01 9.602916899224179792e-01 9.605346063673538826e-01 9.608278755677870375e-01 9.611586176382772573e-01 9.614097902797971162e-01 9.616121085913252875e-01 9.617814782193253587e-01 9.619248800834429014e-01 9.620468053587628576e-01 9.621505838798858345e-01 9.622388385546337686e-01 9.623137146875856418e-01 9.623770073494566368e-01 9.624302297448282806e-01 9.624746778042979622e-01 9.625114883983810765e-01 9.625416748701848269e-01 9.625661754848124918e-01 9.625858999123518833e-01 9.626017234107170362e-01 9.626146020098034217e-01 9.626256044240020238e-01 9.626360517993886035e-01 9.626476942913774204e-01 9.626629273875284554e-01 9.626850408359749478e-01 9.627184073543183507e-01 9.627685591869440396e-01 9.628421333308956331e-01 9.629465351713440979e-01 9.630893621707310448e-01
-1.000000000000000000e+00 -1.000000000000000000e+00 -1.000000000000000000e+00 -1.000000000000000000e+00 -1.000000000000000000e+00 -1.000000000000000000e+00 -1.000000000000000000e+00 -1.000000000000000000e+00 -1.000000000000000000e+00 -1.000000000000000000e+00 -1.000000000000000000e+00 -1.000000000000000000e+00 -1.000000000000000000e+00 -1.000000000000000000e+00 -1.000000000000000000e+00 -1.000000000000000000e+00 -1.000000000000000000e+00 -1.000000000000000000e+00 -1.000000000000000000e+00 -1.000000000000000000e+00 -1.000000000000000000e+00 -1.000000000000000000e+00 9.602861484926262792e-01 9.601557152272606199e-01 9.600312637928926085e-01 9.599127348023642758e-01 9.597999773594866335e-01 9.596927779154801330e-01 9.595908835065806164e-01 9.594940195630901059e-01 9.594565270475098329e-01 9.594642151854132495e-01 9.594946177589732672e-01 9.595412787506363284e-01 9.596007502358476771e-01 9.596708341679870413e-01 9.597499925386964170e-01 9.598574681312911361e-01 9.600128562698027057e-01 9.602050818287344303e-01 9.604373689880815190e-01 9.607148919132196818e-01 9.610261926630959683e-01 9.612625941926279394e-01 9.614533825178767090e-01 9.616136625088991252e-01 9.617500519958359639e-01 9.618667420545762292e-01 9.619668093023221456e-01 9.620526633000885397e-01 9.621262481835914926e-01 9.621891806414021309e-01 9.622428232073174659e-01 9.622883515836131441e-01 9.623267973088295291e-01 9.623590966383649414e-01 9.623861350726522490e-01 9.624087636384021094e-01 9.624278584856259533e-01 9.624443345313768994e-01 9.624592548856505392e-01 9.624739403741752186e-01 9.624901284108345889e-01 9.625102739038357003e-01 9.625377293851122840e-01 9.625770435241606249e-01 9.626340290381570908e-01 9.627156611822206278e-01 9.628298167079325509e-01 9.629845395085100401e-01
-1.000000000000000000e+00 -1.000000000000000000e+00 -1.000000000000000000e+00 -1.000000000000000000e+00 -1.000000000000000000e+00 -1.000000000000000000e+00 -1.000000000000000000e+00 -1.000000000000000000e+00 -1.000000000000000000e+00 -1.000000000000000000e+00 -1.000000000000000000e+00 -1.000000000000000000e+00 -1.000000000000000000e+00 -1.000000000000000000e+00 -1.000000000000000000e+00 -1.000000000000000000e+00 -1.000000000000000000e+00 -1.000000000000000000e+00 -1.000000000000000000e+00 -1.000000000000000000e+00 -1.000000000000000000e+00 -1.000000000000000000e+00 -1.000000000000000000e+00 9.600074860010844313e-01 9.598907673532386386e-01 9.597792768797294150e-01 9.596729339086215171e-01 9.595715911065668680e-01 9.594750562998792809e-01 9.593831097057236024e-01 9.593522332275818965e-01 9.593669523290085932e-01 9.594040298774176856e-01 9.594567771744936246e-01 9.595216438707366846e-01 9.595963764752869496e-01 9.596793844458640921e-01 9.597894706382159580e-01 9.599447504439575507e-01 9.601328154221631106e-01 9.603560514283591143e-01 9.606196367153460036e-01 9.609136061068401791e-01 9.611366209322845799e-01 9.613166010537033124e-01 9.614680008381082388e-01 9.615971567054171221e-01 9.617080760917274818e-01 9.618036572808055240e-01 9.618861575608858017e-01 9.619573798993592550e-01 9.620188152929282088e-01 9.620717229059931874e-01 9.621171814447992965e-01 9.621561667836732168e-01 9.621895903500717884e-01 9.622183214419938180e-01 9.622432323496924456e-01 9.622652268803919551e-01 9.622852773931090953e-01 9.623045162793758545e-01 9.623244044387430085e-01 9.623469298378241055e-01 9.623749026886823099e-01 9.624122771324964409e-01 9.624643807700187237e-01 9.625379511234023466e-01 9.626409820857965149e-01 9.627822232505001132e-01 9.629703652754745269e-01
-1.000000000000000000e+00 -1.000000000000000000e+00 -1.000000000000000000e+00 -1.000000000000000000e+00 -1.000000000000000000e+00 -1.000000000000000000e+00 -1.000000000000000000e+00 -1.000000000000000000e+00 -1.000000000000000000e+00 -1.000000000000000000e+00 -1.000000000000000000e+00 -1.000000000000000000e+00 -1.000000000000000000e+00 -1.000000000000000000e+00 -1.000000000000000000e+00 -1.000000000000000000e+00 -1.000000000000000000e+00 -1.000000000000000000e+00 -1.000000000000000000e+00 -1.000000000000000000e+00 -1.000000000000000000e+00 -1.000000000000000000e+00 -1.000000000000000000e+00 -1.000000000000000000e+00 -1.000000000000000000e+00 9.596519660424501774e-01 9.595514316653100950e-01 9.594554133694629394e-01 9.593637688363341187e-01 9.592763238866006681e-01 9.592529035949567406e-01 9.592760255164661798e-01 9.593211296204078309e-01 9.593811924587125617e-01 9.594525801488625882e-01 9.595330243358751732e-01 9.596209052847044507e-01 9.597348851897768984e-01 9.598916925321624438e-01 9.600771005319348461e-01 9.602924861646497945e-01 9.605432102828923568e-01 9.608211163358104656e-01 9.610316951732659208e-01 9.612014395837450431e-01 9.613441756752878486e-01 9.614660261231438021e-01 9.615708618176618261e-01 9.616614609698129756e-01 9.617399735876356326e-01 9.618081023613319624e-01 9.618672571124935455e-01 9.619186296899235877e-01 9.619632875858989962e-01 9.620022137975519083e-01 9.620363635875095465e-01 9.620666741926754417e-01 9.620941120601771424e-01 9.621196732690440179e-01 9.621444649244619285e-01 9.621698477923866788e-01 9.621976701339964855e-01 9.622305718366956917e-01 9.622724069621571008e-01 9.623285621756797470e-01 9.624061261212676355e-01 9.625137653575448482e-01 9.626612750449380362e-01 9.628585022094273693e-01 9.631144497337673638e-01
-1.000000000000000000e+00 -1.000000000000000000e+00 -1.000000000000000000e+00 -1.000000000000000000e+00 -1.000000000000000000e+00 -1.000000000000000000e+00 -1.000000000000000000e+00 -1.000000000000000000e+00 -1.000000000000000000e+00 -1.000000000000000000e+00 -1.000000000000000000e+00 -1.000000000000000000e+00 -1.000000000000000000e+00 -1.000000000000000000e+00 -1.000000000000000000e+00 -1.000000000000000000e+00 -1.000000000000000000e+00 -1.000000000000000000e+00 -1.000000000000000000e+00 -1.000000000000000000e+00 -1.000000000000000000e+00 -1.000000000000000000e+00 -1.000000000000000000e+00 -1.000000000000000000e+00 -1.000000000000000000e+00 -1.000000000000000000e+00 9.594356745060569347e-01 9.593444898493967976e-01 9.592572988992771332e-01 9.591739655457597324e-01 9.591595902950564856e-01 9.591932649979785230e-01 9.592482338467855918e-01 9.593171389209098621e-01 9.593963618569185670e-01 9.594836975699090331e-01 9.595775625549610721e-01 9.596969344538598401e-01 9.598572592074491316e-01 9.600417206359290745e-01 9.602502669214524333e-01 9.604884557826811609e-01 9.607504973684668492e-01 9.609489231362222661e-01 9.611086150823173746e-01 9.612427268532958147e-01 9.613571654624922802e-01 9.614556727679973713e-01 9.615409501882032917e-01 9.616150571235290156e-01 9.616796604252390024e-01 9.617361541759366084e-01 9.617857776568338180e-01 9.618297063668233005e-01 9.618690662107465261e-01 9.619049563560591043e-01 9.619384800976594763e-01 9.619707064805413932e-01 9.620028096249256810e-01 9.620361714210782234e-01 9.620727458301475687e-01 9.621154527235781240e-01 9.621687401999626799e-01 9.622389803277654474e-01 9.623347209101653643e-01 9.624664527235254896e-01 9.626458507020618782e-01 9.628843432910331179e-01 9.631916757532472673e-01 9.635739809788744781e-01
