0.000000000000000000e+00 0.000000000000000000e+00 1.422478979152835185e-292 4.541001512642133906e-241 3.184100108714060609e-205 5.706830834953325846e-178 3.593693973762070984e-156 3.752820217786293331e-138 6.467768073138268835e-123 8.172217335328516315e-110 2.087750939179065025e-98 2.415945483033122339e-88 1.567753602509139498e-78 2.016747384406332217e-69 3.536099660432070121e-61 8.865336168993330063e-54 3.660468154420566525e-47 2.924140025526559942e-41 5.275181801128932406e-36 2.478555317420032046e-31 3.444809289098262916e-27 1.585808106857945788e-23 2.672719490584408620e-20 1.802205853879880632e-17 5.259131297843591611e-15 7.124120188854950972e-13 4.771724656739792795e-11 1.673500419487379910e-09 3.239657694578487173e-08 3.640166206535936188e-07 1.502178336850730849e-06 3.258313289839029364e-06 5.163636337447480717e-06 6.684667225239766798e-06 7.472769215938308877e-06 7.427433676554034091e-06 6.654493670586260829e-06 4.433025056199314473e-06 1.698639881793630763e-06 3.724911870775591940e-07 3.993563146771158156e-08 1.660820982011409892e-09 2.371694890675316674e-11 6.631530662786162785e-13 2.748776822292018882e-14 1.419931126924531072e-15 8.629295539603732867e-17 5.977564356685134937e-18 4.621239061628783065e-19 3.931736186885993068e-20 3.650052127898990833e-21 3.663996053580326123e-22 3.959955759447213399e-23 4.563461859651073417e-24 5.580521990675846622e-25 7.235580497943683036e-26 9.893726362630738123e-27 1.422169701882016537e-27 2.144096999599646855e-28 3.374054190892954203e-29 5.543992075887462716e-30 9.497908751661558103e-31 1.685609848734980830e-31 3.106063960403826747e-32 5.923553913309067148e-33 1.169024121764456331e-33 2.375392724337580996e-34 4.968228988145215488e-35 1.074922358818208469e-35 2.379723910584756675e-36
0.000000000000000000e+00 0.000000000000000000e+00 1.131986751651536839e-291 3.367241303282973627e-240 2.216393632002050200e-204 3.751090364926871663e-177 2.231103359186801522e-155 2.198449585272057681e-137 3.574754024206449425e-122 4.260824739550599170e-109 1.026729901113205810e-97 1.120367689794983078e-87 6.821876346753811278e-78 8.213472369311403229e-69 1.343782300466251239e-60 3.144754360678128909e-53 1.211589116085601953e-46 9.021481304806059690e-41 1.517571108395506471e-35 6.646745146635733419e-31 8.616327915494091060e-27 3.699686589437193807e-23 5.817397674809517555e-20 3.661473647319779868e-17 9.978174606685557662e-15 1.263671843456004400e-12 7.919465256102989677e-11 2.601377695743658672e-09 4.723862874633899154e-08 4.988362000732497335e-07 1.971766163106036757e-06 4.164816793816370944e-06 6.485419305194874145e-06 8.306110873046563021e-06 9.234521172309603662e-06 9.167049396470389265e-06 8.234585809675126324e-06 5.557354106710252057e-06 2.193247297755055298e-06 5.014060764460897903e-07 5.663099911861578973e-08 2.506823473733990669e-09 3.836765571834367324e-11 1.127773103955449575e-12 4.861252110537200819e-14 2.595060901407031089e-15 1.622078433345801239e-16 1.151564272883438825e-17 9.116581821069304925e-19 7.927922801511342796e-20 7.509428517763616888e-21 7.672212446047268340e-22 8.416845439161943802e-23 9.856160289405321072e-24 1.223390734744053462e-24 1.608904898420144472e-25 2.229825099506128961e-26 3.233676397705395480e-27 4.944943460196694480e-28 7.865144567926589351e-29 1.305831521338676044e-29 2.250300762200721738e-30 4.044874856406452418e-31 7.517173968244593076e-32 1.443137288438761058e-32 2.871844575224181736e-33 5.893894713340016970e-34 1.247342777089285094e-34 2.703274397958223635e-35 6.065445544924969391e-36
0.000000000000000000e+00 0.000000000000000000e+00 9.391833569825417484e-291 2.588642515767665432e-239 1.610200534820347162e-203 2.564501754977872816e-176 1.435506019854363438e-154 1.331049923791690477e-136 2.037372396786376359e-121 2.287213022887999421e-108 5.191686550274683409e-97 5.332918226932160238e-87 3.037413998523007568e-77 3.415778272659055038e-68 5.217366706965986657e-60 1.136996355982408446e-52 4.077450860477934287e-46 2.825811633496461883e-40 4.422221680658673056e-35 1.803078278889397617e-30 2.174757452967808263e-26 8.695508554458212839e-23 1.273719069873807107e-19 7.470949684878129766e-17 1.898741558378452036e-14 2.244699094899724505e-12 1.314439158759831882e-10 4.038931989239017621e-09 6.871044260382497246e-08 6.812132016421012281e-07 2.578074856305216665e-06 5.301100373676062237e-06 8.110421693607924984e-06 1.027654878697451854e-05 1.136252591284961473e-05 1.126654114386628124e-05 1.014817612044813916e-05 6.937970401249453737e-06 2.821601354902074685e-06 6.726641344328722209e-07 8.014388899476182967e-08 3.780219730997673950e-09 6.211190448220705108e-11 1.918708187762131208e-12 8.604531384984846260e-14 4.753384740202537549e-15 3.060661759469427734e-16 2.232293734498481642e-17 1.808690338195500076e-18 1.607562086005048217e-19 1.550737144225548004e-20 1.614737445959055879e-21 1.803279392062550569e-22 2.141544216827187453e-23 2.699760763043754363e-24 3.599579981895548581e-25 5.052564436786940719e-26 7.433932216125149395e-27 1.148079999526361217e-27 1.848181167032098759e-28 3.099915684163805179e-29 5.407737807654387197e-30 9.784755563814949316e-31 1.835566614975716658e-31 3.569414827070215466e-32 7.149453015443572256e-33 1.475061774043358635e-33 3.140830585879825716e-34 6.888868929956298635e-35 1.548296549795438407e-35
0.000000000000000000e+00 0.000000000000000000e+00 8.130199742077575172e-290 2.090989706524152199e-238 1.214300984799443515e-202 1.818231492655196818e-175 9.569809524911753796e-154 8.338520591021249779e-136 1.199896481730005255e-120 1.265142199389290816e-107 2.699707969777416843e-96 2.604586393368302133e-86 1.388534169970345256e-76 1.455023633418842343e-67 2.065801201526044191e-59 4.186796201914888672e-52 1.394648591005526239e-45 8.982811902516248600e-40 1.305986803647404694e-34 4.945003015305300812e-30 5.540726203848916209e-26 2.059300417014287476e-22 2.805423083736920792e-19 1.531113572974490805e-16 3.623848155946491331e-14 3.992797046355037137e-12 2.181385206171804522e-10 6.261633451204800019e-09 9.967601535088874543e-08 9.268381557801277046e-07 3.356772966732947529e-06 6.716948278309939537e-06 1.009775317250284542e-05 1.265717661945574069e-05 1.391821564728101049e-05 1.378628019080235955e-05 1.245207158718363857e-05 8.625241765781456303e-06 3.615375238759802850e-06 8.995070240690603864e-07 1.131220488878401235e-07 5.692169168450062494e-09 1.004994457096388273e-10 3.270444433405952038e-12 1.528239244141213038e-13 8.732697927210425001e-15 5.796660911371576126e-16 4.339960841001722909e-17 3.602049565401679962e-18 3.270305886201014387e-19 3.223772983011657842e-20 3.416677729890466546e-21 3.882401427004277487e-22 4.690885462526799728e-23 6.011466877849326845e-24 8.113430978498032399e-25 1.152373591792573893e-25 1.722145118041094778e-26 2.681005726778434282e-27 4.373338988391032920e-28 7.412651439968472600e-29 1.307378279227025287e-29 2.390272941795285592e-30 4.532925254685378834e-31 8.871365203987758630e-32 1.793859068325810435e-32 3.734182175688301484e-33 8.031379425133916638e-34 1.763822415701344261e-34 4.018813000785072795e-35
0.000000000000000000e+00 0.000000000000000000e+00 7.352107226554317637e-289 1.753996190736633866e-237 9.544256330879586322e-202 1.340312048682027611e-174 6.622647175741664322e-153 5.412192713104700829e-135 7.310340103281349238e-120 7.219795620118923768e-107 1.444647315651564397e-95 1.308556726675665215e-85 6.502269150291207935e-76 6.337480831464777323e-67 8.363815690597419928e-59 1.571783513972384330e-51 4.857264633489116457e-45 2.899233235081724769e-39 3.907411226538234437e-34 1.371721928164561187e-29 1.425782126625274656e-25 4.915305936058099537e-22 6.216337639635981091e-19 3.151679238992925482e-16 6.935233094567723868e-14 7.110943231112807610e-12 3.618951633198291689e-10 9.691105714497545769e-09 1.441733754687520701e-07 1.256147400509499344e-06 4.351048208969104688e-06 8.472194063089504408e-06 1.251385388853994557e-05 1.551652616905272353e-05 1.697051710715360761e-05 1.679281369312572424e-05 1.521107115553420887e-05 1.067698030884512770e-05 4.613691076635205043e-06 1.198822439347557355e-06 1.592577147537779588e-07 8.562731929603775913e-09 1.627085653337357036e-10 5.579043690643982780e-12 2.715785983701139502e-13 1.609341711922678776e-14 1.102170154804286856e-15 8.476065476177516274e-17 7.208063751995078313e-18 6.695460762853443461e-19 6.742598778265980769e-20 7.281910265507818354e-21 8.411807099905011282e-22 1.032627559426226518e-22 1.343504644984287245e-23 1.839150591833773146e-24 2.651081571280912460e-25 4.014862949974683909e-26 6.334610156636635872e-27 1.044640949464935694e-27 1.792415593103326610e-28 3.189079599331539816e-29 5.900213420336033050e-30 1.125715485794963562e-30 2.229964782833021094e-31 4.539650908644413832e-32 9.543491246636719913e-33 2.066697040721161654e-33 4.594911608819541876e-34 1.050221420921213304e-34
0.000000000000000000e+00 0.000000000000000000e+00 6.953246462591926744e-288 1.545586681245843343e-236 7.853117418297541751e-201 1.029631859761453059e-173 4.765036798900877351e-152 3.644679419653960463e-134 4.609088491126596170e-119 4.263549571388952417e-106 7.985346986206622691e-95 6.762638188385816787e-85 3.130345074310547242e-75 2.831087726297516247e-66 3.460827863098114232e-58 6.021830941613064157e-51 1.721819037301118258e-44 9.504276952230360475e-39 1.185323316375613171e-33 3.850418119528031076e-29 3.704380318686005316e-25 1.182692048946488287e-21 1.385897899037467459e-18 6.516009286140184330e-16 1.330758576358850812e-13 1.267708858607462245e-11 6.000921122601860655e-10 1.497047025839667357e-08 2.078780732224908627e-07 1.695196667546144787e-06 5.613783760371549203e-06 1.063495123863615750e-05 1.543333605127019135e-05 1.893072276528637524e-05 2.059332301159981239e-05 2.035857831904311653e-05 1.849510174685267455e-05 1.315720521997971344e-05 5.863373928116699886e-06 1.591483381915072235e-06 2.236290611617861316e-07 1.285332992762463818e-08 2.633270071063672013e-10 9.528039649549273061e-12 4.842472192403282631e-13 2.974219320801093696e-14 2.098534057196616976e-15 1.662001574947622003e-16 1.449629243352785941e-17 1.378492824794354035e-18 1.414876116402562284e-19 1.560029739148903417e-20 1.834915939881496668e-21 2.289710088835770670e-22 3.025427193649091793e-23 4.212160241984197820e-24 6.158551002787855681e-25 9.421976446653732044e-26 1.508679959981379933e-26 2.515952240278213214e-27 4.371813462630805787e-28 7.873343806056680975e-29 1.465385406384589545e-29 2.835076652248998434e-30 5.658703724652687819e-31 1.161325939268973462e-31 2.463214956483743017e-32 5.390824622547801088e-33 1.204838401573616374e-33 2.785480414075792292e-34
0.000000000000000000e+00 0.000000000000000000e+00 6.959481898746763591e-287 1.422516110418922319e-235 6.750915240909844209e-200 8.258952317028525926e-173 3.570123556832406243e-151 2.548825593622049746e-133 3.010503154399130946e-118 2.600900029163858265e-105 4.547742356740822808e-94 3.601839676532802274e-84 1.547805364311082467e-74 1.296480844478112723e-65 1.464736627972876413e-57 2.354550389532295102e-50 6.215316099424022331e-44 3.167469665986182581e-38 3.646730172000110694e-33 1.093860766461860597e-28 9.720242046885926054e-25 2.868552361959250052e-21 3.108750069557196449e-18 1.353001113274298033e-15 2.560279147004926107e-13 2.261812914228548681e-11 9.944079317684465581e-10 2.307651396292311734e-08 2.987049265841012380e-07 2.277650918511542531e-06 7.207158625981100845e-06 1.328264825761046144e-05 1.893697101400075239e-05 2.298080805844915326e-05 2.486690791280874853e-05 2.456023109609036578e-05 2.237921062600699922e-05 1.613847754436794138e-05 7.418191707810213339e-06 2.104624188271722882e-06 3.129182689027400701e-07 1.926837051035348045e-08 4.260513103854469707e-10 1.628790409027238956e-11 8.639717867279821208e-13 5.503847170603845771e-14 4.014075942832469649e-15 3.269220172083313779e-16 2.925881084256294877e-17 2.849008277129749514e-18 2.989061262082581980e-19 3.364881773446639217e-20 4.024511705684111687e-21 5.119508902097342000e-22 6.863697262228961902e-23 9.706840349150985284e-24 1.441018946729964514e-24 2.236420873644459391e-25 3.619029645384858117e-26 6.106163508045746891e-27 1.072530336682927316e-27 1.952324052157039792e-28 3.687184238182698742e-29 7.184404845330412634e-30 1.447178938669456947e-30 3.008024696953677220e-31 6.423046583584041748e-32 1.413484501864308383e-32 3.198070354314984724e-33 7.426583940404103668e-34
0.000000000000000000e+00 0.000000000000000000e+00 7.323914576850652449e-286 1.383024393878249997e-234 6.079671179037559228e-199 6.933689622891744510e-172 2.790008814655729811e-150 1.857689192380762908e-132 2.044036623269883152e-117 1.645445899013169870e-104 2.682120240915440739e-93 1.976756788767616685e-83 7.871971172790486628e-74 6.092230536761460185e-65 6.347232571622729668e-57 9.404649104031804352e-50 2.286761417399897112e-43 1.073205801599356102e-37 1.138167150657861746e-32 3.145692526018969438e-28 2.576774439581786342e-24 7.013816504848184525e-21 7.016096706105269769e-18 2.820885411036561661e-15 4.937214626466905424e-13 4.038016460134504586e-11 1.646289577431704183e-09 3.548194666493935506e-08 4.275850881841233653e-07 3.045851487107396811e-06 9.206255088695702022e-06 1.650355803725576243e-05 2.311536527766033751e-05 2.775401239837089966e-05 2.987349319967553751e-05 2.947994381962837842e-05 2.694195667350505821e-05 1.969394369281609011e-05 9.339162440516949714e-06 2.771786465361017944e-06 4.366471498218015994e-07 2.881683449622395135e-08 6.891062147872295057e-10 2.786920920682554110e-11 1.545446813335698211e-12 1.022450573786980606e-13 7.707873422236648381e-15 6.457257538836388731e-16 5.935630464818818114e-17 5.918178726463330904e-18 6.355205754563277587e-19 7.295634127225850499e-20 8.908512077486748589e-21 1.151551209327046770e-21 1.571324432267167708e-22 2.256175344617119668e-23 3.394956166551223182e-24 5.339983419150261668e-25 8.773979900171265444e-26 1.499080724907230926e-26 2.664033330499195916e-27 4.906681974716486378e-28 9.333881547075861373e-29 1.843370287923329380e-29 3.750562483831679831e-30 7.853640293703567455e-31 1.693854812966306338e-31 3.767038057195617985e-32 8.575290008252681493e-33 2.008270946161847018e-33
0.000000000000000000e+00 0.000000000000000000e+00 8.089731432248537971e-285 1.411075078803915741e-233 5.753578530521263426e-198 6.102879451463071824e-171 2.280556426435321012e-149 1.411659428655211073e-131 1.442688069553211977e-116 1.078490938519882758e-103 1.635380634103139683e-92 1.120712708716271974e-82 4.126478156270829255e-73 2.940885892968558475e-64 2.818879298152797976e-56 3.839139665856533932e-49 8.578011643768887857e-43 3.699723742646467599e-37 3.605034690807758774e-32 9.159968667531201871e-28 6.902139392577743371e-24 1.728854958915835880e-20 1.592932592249302330e-17 5.905648432888836555e-15 9.541533110402427300e-13 7.213564456798212173e-11 2.721825340149781545e-09 5.440732805837397444e-08 6.095863721025675002e-07 4.052304229665203909e-06 1.169583008704677515e-05 2.039414121174953670e-05 2.806348165631280107e-05 3.333965602696234106e-05 3.570009838979055762e-05 3.520222189760516859e-05 3.227143390038199030e-05 2.391378080811911179e-05 1.170346666577918512e-05 3.633851937538026524e-06 6.068797655954777541e-07 4.301462151027083878e-08 1.114158899406001052e-09 4.769284886921354490e-11 2.768414995577461056e-12 1.903377567741025419e-13 1.483799434414377702e-14 1.282082098790929393e-15 1.210685869825321406e-16 1.237278447686862919e-17 1.357825254536579800e-18 1.591366072849402837e-19 1.981996393272035450e-20 2.609979128987405546e-21 3.621136522351428387e-22 5.274131003904151463e-23 8.067133619212468565e-24 1.286901997197350221e-24 2.142173674887220882e-25 3.706179867518230437e-26 6.666969998501741342e-27 1.242968069846898951e-27 2.396060843146811361e-28 4.759633565609848227e-29 9.805842053441901737e-30 2.076035214158478686e-30 4.522271789598474646e-31 1.012088251356705722e-31 2.326508101613179158e-32 5.493543942399475587e-33
0.000000000000000000e+00 0.000000000000000000e+00 9.554213212772371861e-284 1.519958341936718911e-232 5.738153678481249147e-197 5.643260397681204984e-170 1.954482516564426219e-148 1.118710679214089966e-130 1.061031498827007323e-115 7.357158150914593867e-103 1.033017397922031023e-91 6.570447123772824772e-82 2.229596180256578174e-72 1.460050546841170506e-63 1.284311556305300689e-55 1.603361538946577701e-48 3.282685917344456183e-42 1.298061186589688994e-36 1.159149993061969677e-31 2.701071482564962355e-27 1.868105995989943054e-23 4.297058032888608657e-20 3.639790339105673138e-17 1.241750201746392811e-14 1.848080789214859296e-12 1.288865460791162229e-10 4.494234863285403234e-09 8.317256576495670868e-08 8.652224172000195190e-07 5.363171023479270068e-06 1.477693503615675146e-05 2.505875701962244698e-05 3.388349850647966074e-05 3.982990496692693106e-05 4.243057229592264582e-05 4.180935989721933197e-05 3.845033851557724976e-05 2.888739863682445729e-05 1.458953782709636263e-05 4.741723729057025493e-06 8.404517393696316193e-07 6.402992913409696770e-08 1.799234784666618001e-09 8.168352439057542863e-11 4.964659771539759552e-12 3.549971230880777425e-13 2.864948898556575154e-14 2.554118494623462147e-15 2.478594029449448230e-16 2.597372730770211078e-17 2.919504506265167462e-18 3.493999166916385833e-19 4.442756004546144917e-20 5.951052143696213464e-21 8.409478446448132199e-22 1.246384688061540987e-22 1.935940890551108284e-23 3.130569852522987660e-24 5.276291768215065885e-25 9.259483342631479783e-26 1.688643594211585406e-26 3.178837378223631652e-27 6.183266070430175942e-28 1.247470421262104020e-28 2.591498710722990245e-29 5.534749876042580166e-30 1.216521388716260369e-30 2.755389171417557572e-31 6.405476485915164485e-32 1.518396055864000592e-32
0.000000000000000000e+00 0.000000000000000000e+00 1.188502983951688570e-282 1.739797400464112302e-231 6.045525713213939615e-196 5.491471622001309465e-169 1.755109966053304447e-147 9.300328044823411094e-130 8.135076217821060408e-115 5.219051574476732138e-102 6.776222187172511310e-91 3.986770511108636406e-81 1.243527159408609617e-71 7.462583651558510528e-63 6.006018257135782379e-55 6.851832275441787229e-48 1.282630651461759589e-41 4.636049521972263100e-36 3.786456600937094770e-31 8.072264421615388823e-27 5.109809293053521560e-23 1.077106788708341419e-19 8.365722539327416178e-17 2.620649660385562628e-14 3.586239315717491741e-12 2.303042414210072547e-10 7.405916171603038495e-09 1.267117897127138032e-07 1.222253581624588751e-06 7.058219096298850434e-06 1.855881132141772697e-05 3.061238510835837451e-05 4.067329646806557323e-05 4.731576879491153142e-05 5.014853798050527244e-05 4.938485351080689856e-05 4.556213281786371049e-05 3.470224531216179983e-05 1.809112271180708878e-05 6.157037585860048405e-06 1.158930667260223768e-06 9.508331826733539766e-08 2.903448866271741955e-09 1.399476903688826060e-10 8.920370423632251736e-12 6.642770562135380057e-13 5.550888956324741167e-14 5.103798625210655124e-15 5.100198500925562413e-16 5.484162422656696263e-17 6.308095282759064536e-18 7.718110337994246929e-19 1.001045351832335862e-19 1.367683020919225439e-20 1.964803093809236138e-21 2.964429531627568212e-22 4.669924493609160788e-23 7.674858103655259558e-24 1.315150760558907839e-24 2.334590157996437570e-25 4.301957902212892177e-26 8.206894957006110340e-27 1.619311218554539533e-27 3.293670065566607280e-28 6.924303527860646844e-29 1.496706596082403887e-29 3.325162439995321933e-30 7.584420525533463877e-31 1.776419798145420089e-31 4.262136610684696317e-32
0.000000000000000000e+00 0.000000000000000000e+00 1.585664531624043294e-281 2.112153159404732166e-230 6.747365490244709083e-195 5.632466558500419097e-168 1.660228584037219460e-146 8.096215981806786663e-129 6.532027142786092738e-114 3.859414525310278473e-101 4.621008195001574671e-90 2.507157662746577313e-80 7.167092358906044133e-71 3.930374115813621501e-62 2.885612302767838551e-54 3.002079794709522297e-47 5.121963357607557415e-41 1.687224839268995644e-35 1.256687477110218237e-30 2.444302481057487671e-26 1.413074246098852548e-22 2.722520841306252339e-19 1.935150611502046717e-16 5.553146655409137394e-14 6.971793023643185347e-12 4.113849443919924554e-10 1.218030949435680671e-08 1.923005869599569740e-07 1.717820414319536859e-06 9.234182866403772063e-06 2.316868669682879358e-05 3.717275583312698491e-05 4.853488252053943486e-05 5.587993034066957238e-05 5.893344201959713262e-05 5.800127771893833682e-05 5.368391925114533128e-05 4.145729466061085221e-05 2.231144961671756221e-05 7.954379520445800064e-06 1.591525714782419396e-06 1.407170248131987552e-07 4.678785615175699923e-09 2.397471072254328666e-10 1.604736251917989323e-11 1.245240026297185270e-12 1.079075203984898640e-13 1.024455581480571315e-14 1.053622679579700492e-15 1.163333016395183452e-16 1.372074120524807030e-17 1.715766209765156849e-18 2.272016108474442605e-19 3.168344255695640463e-20 4.636510482425509198e-21 7.101542477199488330e-22 1.138683372328954021e-22 1.902185037282218246e-23 3.295746466366437244e-24 5.954731751144562846e-25 1.110670051595710281e-25 2.145523495244942190e-26 4.278859082556749382e-27 8.822515877239036867e-28 1.867126537909133526e-28 4.084070797792369921e-29 9.167376508690348592e-30 2.111128611528612229e-30 4.990718439950366901e-31 1.211282500256557404e-31
0.000000000000000000e+00 0.000000000000000000e+00 2.246244353702638768e-280 2.730827840196707755e-229 7.994219301998797602e-194 6.119692595603454467e-167 1.653918539114122317e-145 7.407457699153546532e-128 5.493255577479121499e-113 2.981058553714389005e-100 3.280793881770714146e-89 1.636557960492651021e-79 4.278308979946915750e-70 2.135180698294608366e-61 1.425496120385775532e-53 1.348259307763448074e-46 2.089604411572532503e-40 6.258790971086990042e-35 4.239559672457526705e-30 7.504933588121710145e-26 3.950684664402585162e-22 6.938485247803888448e-19 4.502520701644803501e-16 1.181163993238395729e-13 1.357355924935716368e-11 7.343662861229461885e-10 1.998040136560889382e-08 2.906425384485035309e-07 2.401132258430731599e-06 1.200619018523364366e-05 2.873923018064087175e-05 4.485653936206445005e-05 5.756425169520238604e-05 6.560164257190158278e-05 6.885439868062780599e-05 6.773088946243545783e-05 6.290050442334528102e-05 4.925354339577759093e-05 2.736231749090296282e-05 1.022080364930175087e-05 2.174988238584719374e-06 2.075991202613201894e-07 7.527265479613313669e-09 4.106456742910090111e-10 2.889205152648472532e-11 2.339073369500469076e-12 2.103656478001198044e-13 2.064086017298305451e-14 2.186445711978238565e-15 2.481673102069213104e-16 2.999275446086534489e-17 3.839975675132658395e-18 5.195532946786436500e-19 7.384814396920301668e-20 1.101865248102445568e-20 1.719854970129103800e-21 2.799787315965524970e-22 4.754261981447292146e-23 8.363774966498517980e-24 1.530085093430096478e-24 2.890293024587308880e-25 5.657014597032660592e-26 1.145308053247144313e-26 2.386704913289316313e-27 5.115249853305933012e-28 1.128456522692438453e-28 2.555125278944700554e-29 5.958960878993055458e-30 1.423148430445119125e-30 3.477190913091297605e-31
0.000000000000000000e+00 0.000000000000000000e+00 3.430376846780666979e-279 3.772717436542879499e-228 1.007892661688454595e-192 7.054934260296972717e-166 1.745386811618184733e-144 7.149486520301524491e-127 4.849591756424544082e-112 2.410229556799522070e-99 2.431410560356018001e-88 1.111844438120295305e-78 2.646471415603584734e-69 1.199030951963769963e-60 7.255422961863092345e-53 6.214553168511747496e-46 8.728468282051981740e-40 2.368506719950682026e-34 1.454150330618145155e-29 2.336114580199924529e-25 1.117015157521426806e-21 1.783919890110578565e-18 1.053952257606191806e-15 2.520891496427515817e-13 2.645882978977953542e-11 1.309951910089539033e-09 3.268426827367523628e-08 4.372663795433583920e-07 3.336530108968796582e-06 1.551043526009771815e-05 3.542214760817809541e-05 5.379251872587378778e-05 6.786446647235438165e-05 7.657836304719575153e-05 8.001145153999743981e-05 7.869031194353562559e-05 7.334869364766331823e-05 5.825664317957893152e-05 3.343043091368983204e-05 1.308973888869585010e-05 2.963317187328095090e-06 3.054567178083511621e-07 1.209312465282861560e-08 7.033083020755431883e-10 5.205731172886901194e-11 4.401707288691852840e-12 4.111056288954951659e-13 4.173023946968663796e-14 4.558244004109925637e-15 5.321097709416008681e-16 6.599529256076239048e-17 8.649461361465170120e-18 1.196255857535801031e-18 1.734485355275021539e-19 2.637436876614274688e-20 4.193768834276266710e-21 6.946408825458945027e-22 1.197088554415383329e-22 2.139926517584390961e-23 3.972272696168485959e-24 7.626263690660044362e-25 1.513946058172093723e-25 3.098020333942207572e-26 6.516739384041948609e-27 1.416355990740708733e-27 3.164432196092013707e-28 7.236267441911529886e-29 1.701629443020119510e-29 4.110864718744000205e-30 1.010060799294114289e-30
0.000000000000000000e+00 0.000000000000000000e+00 5.639267366083109566e-278 5.590719483652020809e-227 1.356074205505269979e-191 8.657968205839460770e-165 1.950947922238364825e-143 7.285418125122982607e-126 4.505556270419379198e-111 2.043602338030427240e-98 1.882881185811082171e-87 7.865462468685902085e-78 1.698408020627365425e-68 6.959079785356415892e-60 3.804907398048522613e-52 2.941992717060111183e-45 3.731777527537378293e-39 9.146407663926624129e-34 5.075962149202919969e-29 7.376078782293519847e-25 3.194151591424788804e-21 4.626044030404271589e-18 2.481664827598447965e-15 5.399271156110989365e-13 5.163344052195527263e-11 2.333732143338918663e-09 5.328943444379104859e-08 6.546085146210600345e-07 4.609537908875113310e-06 1.992030135525970499e-05 4.343388194484101974e-05 6.423104528024250256e-05 7.974557312287881600e-05 8.919189747696399588e-05 9.288469192871334128e-05 9.149801005034339423e-05 8.578034831382717125e-05 6.931606609088262940e-05 4.122770773483155882e-05 1.695953656835811588e-05 4.080453723682737453e-06 4.520302049477225105e-07 1.946714220011882338e-08 1.206178087151012165e-09 9.396941279904660644e-11 8.303351147226370119e-12 8.062697436729132799e-13 8.471966484641008934e-14 9.544353994994877768e-15 1.147283993097656847e-15 1.459260318319694483e-16 1.961325649369944875e-17 2.772997403023285379e-18 4.111044900809582545e-19 6.375411429909335285e-20 1.032267061979888407e-20 1.739375935359551105e-21 3.045654309389796473e-22 5.545037649952809917e-23 1.040872679146661876e-23 2.031811580197671602e-24 4.082090328369280507e-25 8.447347168134328231e-26 1.804325566683699262e-26 3.957565840921695642e-27 8.953615482993332231e-28 2.074017939616280355e-28 4.925959912393057228e-29 1.198328408053211565e-29 2.988821119152888214e-30
0.000000000000000000e+00 0.000000000000000000e+00 1.001056456093029475e-276 8.914417498060580332e-226 1.963247459449818411e-190 1.133081509310287366e-163 2.319382357523390374e-142 7.862794224611089891e-125 4.415074109531398296e-110 1.820134572352724953e-97 1.525622777697802782e-86 5.805583802477128168e-77 1.133932412468995344e-67 4.187020797882682079e-59 2.058875982518067766e-51 1.432790980577713592e-44 1.634833767051952697e-38 3.607149568251699934e-33 1.803543991932759754e-28 2.363327050415272526e-24 9.239734336845979427e-21 1.209835644664045376e-17 5.878221704040051713e-15 1.160037523392483893e-12 1.008276128932278505e-10 4.151166042538907212e-09 8.659039290976918599e-08 9.762704915409816005e-07 6.356716577913746054e-06 2.565097310792489443e-05 5.361013569546098140e-05 7.745189489681576355e-05 9.493515316680177691e-05 1.056311754952429230e-04 1.101300144260315000e-04 1.092471119952651188e-04 1.037553723603341205e-04 8.623144557844685551e-05 5.410153623786992014e-05 2.380121061986546920e-05 6.118793294740372227e-06 7.170398377994934992e-07 3.264547567784850017e-08 2.124482785283776290e-09 1.729154639691429072e-10 1.589943900237687177e-11 1.601417269485545818e-12 1.740175721425231161e-13 2.022916599071332239e-14 2.499659543478445242e-15 3.266385503635948988e-16 4.496050415105317697e-17 6.502218212977978012e-18 9.855753735316452625e-19 1.560371527322695201e-19 2.574754108518351685e-20 4.422356799606864248e-21 7.877997447048292876e-22 1.455635699568413532e-22 2.785892354569926717e-23 5.503389097553433905e-24 1.122753335118733661e-24 2.363660046775081285e-25 5.120168969316028713e-26 1.138987896370005755e-26 2.607149283727582916e-27 6.123270053855892283e-28 1.477453377024705919e-28 3.649181151240642615e-29 9.248356545330202792e-30
0.000000000000000000e+00 0.000000000000000000e+00 1.930397041875423460e-275 1.540151732182956336e-224 3.051314463083348332e-189 1.592505912632621686e-162 2.942947345478641607e-141 9.011124599937142935e-124 4.582670010233398188e-109 1.710501751807559061e-96 1.299330692216963611e-85 4.480472692760950273e-76 7.884467220353174286e-67 2.612848107821555758e-58 1.151651063977430276e-50 7.181507957397204590e-44 7.345769534814133034e-38 1.453868829912299141e-32 6.525479626248285584e-28 7.686301091094816484e-24 2.704641593346412692e-20 3.192058204829365070e-17 1.400261748842190347e-14 2.499596550539267233e-12 1.969791004198161832e-10 7.377270804056980054e-09 1.409221369517129448e-07 1.474112427313626732e-06 9.052615783778630507e-06 3.471822917420336590e-05 7.001101369871856909e-05 9.907331436591901644e-05 1.201370370499338049e-04 1.334136808616212652e-04 1.399512549985451224e-04 1.408145444671373206e-04 1.368247103982290287e-04 1.194359667037081827e-04 8.267688365516602696e-05 4.163341380317278411e-05 1.228573294390392701e-05 1.570226672609623162e-06 7.273947466475559880e-08 4.765464869381995770e-09 3.927503418772068648e-10 3.677466591770772165e-11 3.782528592122173819e-12 4.209231518446322930e-13 5.021398147496659179e-14 6.372507523774225660e-15 8.569293205174211917e-16 1.215771052561686497e-16 1.813809111301571420e-17 2.841157342424507916e-18 4.661615809802438894e-19 7.985233520178543833e-20 1.428426814319001399e-20 2.667106198484621527e-21 5.187992819009387353e-22 1.049589954733834547e-22 2.212456020105560957e-23 4.856911614525535774e-24 1.107175789066867683e-24 2.621908931053688326e-25 6.469814156102738737e-26 1.658840227395889920e-26 4.418185090232727601e-27 1.223108073168076316e-27 3.512758127338442731e-28 1.046960461116187251e-28
0.000000000000000000e+00 0.000000000000000000e+00 4.066781074308749774e-274 2.893896093901233673e-223 5.136555804202499368e-188 2.407599989119363085e-161 3.999566632190636678e-140 1.102638036266558407e-122 5.044062204260636688e-108 1.696136146034395595e-95 1.163368531010935931e-84 3.625056630525176348e-75 5.719627244924406060e-66 1.693885938864770205e-57 6.665618554206126916e-50 3.708917701691607659e-43 3.388105361515188564e-37 5.991485468186076602e-32 2.405750357109907964e-27 2.537500469456557783e-23 8.009235815474312274e-20 8.495151435476649764e-17 3.354207213081823726e-14 5.405276593018328475e-12 3.865494548378460536e-10 1.333688362819499202e-08 2.424519529481204969e-07 2.508305387261094029e-06 1.533015008346536717e-05 5.587919580062702572e-05 1.055812958139216480e-04 1.428269361511572762e-04 1.684055049537561610e-04 1.845098335419531165e-04 1.933250529745499818e-04 1.964240282913688425e-04 1.948431007161929992e-04 1.802326885447800078e-04 1.434873202655739116e-04 9.147728501236335197e-05 3.743043263894772397e-05 6.582975106203178241e-06 3.675323271443969691e-07 2.628569850479718708e-08 2.322605341147294163e-09 2.331344728793685201e-10 2.585947174328912779e-11 3.125797459878935269e-12 4.084962309831179520e-13 5.729241617828103276e-14 8.599124371050275992e-15 1.374383444372096727e-15 2.329414213962343853e-16 4.181280623754212552e-17 7.910879086074569602e-18 1.576315387731408091e-18 3.298767091663105989e-19 7.224550598884983280e-20 1.655918411622127289e-20 3.940371036572094036e-21 9.802530234521825523e-22 2.526322721749346936e-22 6.744937443769123418e-23 1.862386475391788480e-23 5.316939505953893306e-24 1.563654868347051190e-24 4.734337231541825971e-25 1.475784230493496542e-25 4.720869469851384318e-26 1.548740356185569908e-26
0.000000000000000000e+00 0.000000000000000000e+00 9.414508796103000107e-273 5.921411634123238374e-222 9.396323791979933407e-187 3.930919141961347686e-160 5.840631549764437832e-139 1.441488968520832789e-121 5.912417416821680702e-107 1.783827905008983064e-94 1.098683365266082328e-83 3.079388779449211701e-74 4.337913672815136845e-65 1.142972297935091837e-56 3.998430827514878532e-49 1.977300049778497354e-42 1.605266066639776707e-36 2.526359973019076593e-31 9.040900743450200145e-27 8.509856567433331437e-23 2.400902339215695051e-19 2.280879323705992035e-16 8.106964391687828467e-14 1.194087211018530328e-11 8.173168577613350354e-10 2.933905695902623752e-08 5.940970957706987647e-07 6.656561110029502681e-06 3.827622326160614013e-05 1.126562375899083459e-04 1.784264361610983973e-04 2.183395306377227654e-04 2.428024409889912520e-04 2.573620932355201278e-04 2.652757507159401876e-04 2.683939237305943653e-04 2.677693241309998221e-04 2.572516706860842055e-04 2.291073890553145358e-04 1.832929131509817970e-04 1.156605638973459731e-04 3.975526382519807854e-05 4.061405260981240878e-06 3.850021891588699953e-07 4.096021477430393188e-08 4.794484722776812339e-09 6.122853283032720753e-10 8.474643988351484097e-11 1.262815193282681968e-11 2.013887706540432992e-12 3.421564380923359299e-13 6.167816621904978315e-14 1.174657982952675849e-14 2.351899845221562082e-15 4.947811504039043915e-16 1.088082845910710607e-16 2.494615109682465331e-17 5.964083191229579642e-18 1.479739892123568221e-18 3.812650579935884635e-19 1.014624581504593379e-19 2.799082990743770583e-20 7.949026361651721784e-21 2.328938622626237727e-21 7.012468507283460548e-22 2.172587670315107569e-22 6.915201617188122079e-23 2.249081306468312312e-23 7.512367582882660282e-24 2.570799396266483889e-24
0.000000000000000000e+00 0.000000000000000000e+00 2.406025373984795662e-271 1.335200960896273565e-220 1.876020269569862497e-185 6.972734446124911344e-159 9.211213657025362712e-138 2.025015922299341250e-120 7.398994268039568998e-106 1.993374289410897187e-93 1.097694069000267084e-82 2.753326554861122480e-73 3.446234119567617214e-64 8.039223698482705491e-56 2.488504438523560004e-48 1.088614800100868908e-41 7.826548830902033461e-36 1.091517807514994544e-30 3.465688128685154160e-26 2.900001724309681531e-22 7.308820409422560776e-19 6.323731485921908251e-16 2.196838916251172026e-13 3.673689233145359439e-11 3.274321119013584996e-09 1.517891780316945640e-07 3.393346648040312414e-06 3.187759428968746155e-05 1.169612558421931006e-04 2.179859803343766592e-04 2.753894269181622959e-04 3.043203135643798244e-04 3.206935129231525605e-04 3.299563415667517265e-04 3.346184140922496531e-04 3.359799135443390563e-04 3.347202315028031949e-04 3.263822075341626591e-04 3.060385206222423788e-04 2.742654574082042940e-04 2.248154428677988652e-04 1.457707967106803746e-04 4.643491951271782182e-05 8.938061512597434530e-06 1.376556913643659236e-06 2.011712592762927325e-07 3.003841922061128482e-08 4.701276447044730821e-09 7.769333556028180856e-10 1.359297120639510177e-10 2.509585376755839008e-11 4.885794459800071653e-12 9.995570762131122304e-13 2.146828121147131728e-13 4.812521742900311681e-14 1.127819444028471444e-14 2.752924619153972839e-15 6.978722498521730153e-16 1.837415056134570953e-16 4.998739574548399591e-17 1.407258687896855834e-17 4.075600444765013911e-18 1.220057634512331742e-18 3.763491705168240143e-19 1.190886927031963533e-19 3.866489471217733600e-20 1.287811863385910276e-20 4.392901823194262946e-21 1.538841539479682603e-21 5.494383423959986254e-22
0.000000000000000000e+00 0.000000000000000000e+00 6.822839356041076646e-270 3.324056215410208114e-219 4.111071856965238735e-184 1.350325036466995187e-157 1.575260102786273313e-136 3.065196354257305692e-119 9.929278243576763732e-105 2.374576671794774241e-92 1.163459105069201312e-81 2.600326907713480067e-72 2.876320630414712798e-63 5.911895625077853941e-55 1.609990841577864566e-47 6.201544809002301938e-41 3.927227643309444237e-35 4.834176102777224609e-30 1.362914191340324007e-25 1.048254449524641515e-21 2.810374083549191843e-18 3.460772428381825781e-15 2.000616648551455383e-12 4.887503003239709584e-10 5.100395631174115608e-08 2.242561739070239512e-06 3.341920497264265911e-05 1.389520453878182805e-04 2.507774940799988527e-04 3.244684816384672387e-04 3.596554547963672988e-04 3.769696260224772401e-04 3.868374448503402764e-04 3.924320740120327351e-04 3.951131145404997483e-04 3.955123040653992601e-04 3.939458426896348523e-04 3.862392525212341473e-04 3.686031609024709881e-04 3.434368479195317033e-04 3.083753391572730679e-04 2.564973011156903866e-04 1.743472795927663004e-04 9.735215055428370632e-05 3.993659677331002066e-05 1.155209430744947433e-05 2.630045969336072192e-06 5.383286674840102024e-07 1.076045901179897421e-07 2.177741727781241472e-08 4.539207666893715782e-09 9.808691454428236565e-10 2.207388317790613019e-10 5.159278114968813117e-11 1.256180320002129534e-11 3.179054155258903175e-12 8.339589872018633206e-13 2.270223754074582027e-13 6.390706919613300372e-14 1.859859102843608381e-14 5.593891481920248762e-15 1.732511133247939946e-15 5.521996846077781973e-16 1.812526780782158376e-16 6.104416302258483062e-17 2.113151508470821602e-17 7.485540985447503061e-18 2.721531592152185786e-18 1.009594673935805593e-18 3.834681234132527815e-19
0.000000000000000000e+00 0.000000000000000000e+00 2.178765894732444668e-268 9.202377896673301049e-218 9.943712641610639428e-183 2.864506854479947911e-156 2.938638717785120963e-135 5.026575669883084100e-118 1.434856943154002870e-103 3.028958779057753193e-91 1.311443688779639004e-80 2.598048179635187527e-71 2.526207372186648067e-62 4.549563217289365168e-54 1.084582751943874992e-46 3.662585054737356876e-40 2.058832160734730111e-34 2.484075193794208617e-29 1.018625373701922416e-24 1.800773872787491211e-20 1.017457930843645001e-16 1.675727516284267188e-13 9.501078725910897484e-11 2.168973359744618122e-08 1.909218527920480706e-06 4.289022146086918550e-05 1.762681302631259020e-04 2.918777929430393654e-04 3.616729765130076652e-04 4.053513121865391275e-04 4.276508676749558239e-04 4.393146214034220477e-04 4.465887162745952872e-04 4.512797421197036482e-04 4.540182568816641495e-04 4.550008034721064482e-04 4.542271374191845655e-04 4.470183128600199360e-04 4.293647880592855299e-04 4.046997418473497268e-04 3.727312555218849073e-04 3.325328292512765536e-04 2.804692232508890627e-04 2.313123263881509733e-04 1.812284344751452806e-04 1.298662653301728919e-04 8.073927899696219817e-05 4.086880998089687081e-05 1.634042699574747191e-05 5.359471098597684315e-06 1.556380506174949838e-06 4.272321605451763403e-07 1.154060973133845243e-07 3.137263885457806148e-08 8.662445419582521399e-09 2.451783884518863183e-09 7.112682344004027902e-10 2.126036749390992699e-10 6.531586794044391972e-11 2.064684326816795542e-11 6.706777740350091322e-12 2.237185971322756653e-12 7.675574603618230987e-13 2.698073257027275020e-13 9.702051473929082508e-14 3.586902191268995620e-14 1.354870209340135668e-14 5.224209354562402941e-15 2.059647091329050353e-15 8.311209610571466897e-16
0.000000000000000000e+00 0.000000000000000000e+00 7.820507106191730970e-267 2.856446855702673775e-216 2.683510356433809650e-181 6.717968683889747752e-155 6.005909787617444328e-134 8.973896702230118509e-117 2.241033937181954902e-102 4.150403576198455065e-90 1.580596718097848972e-79 2.757802403902410329e-70 2.343507224821814049e-61 3.688393433455538952e-53 8.108087563254605271e-46 3.820060048603373140e-39 6.918835532726344207e-33 2.996228949343465235e-27 2.316997507896967765e-22 3.570078777473345927e-18 1.440293001923032096e-14 2.051844347018406839e-11 1.141069220485494294e-08 2.120673697607983376e-06 6.431746771811014689e-05 2.255210771351615236e-04 3.369754237694581010e-04 4.010618860646217136e-04 4.430514809574228382e-04 4.736003320021644407e-04 4.903651095146935226e-04 5.001329465712323410e-04 5.074830412568633563e-04 5.133545217180904329e-04 5.178662965216719810e-04 5.208780284946712587e-04 5.222326977403460475e-04 5.165193949991384384e-04 4.988566651342110506e-04 4.726567585887340474e-04 4.375438587866234473e-04 3.950408428299712190e-04 3.513232733334014420e-04 3.187498468007696488e-04 2.885702408047884733e-04 2.579697778746335040e-04 2.261777100322553350e-04 1.930907425966050942e-04 1.589166891255982953e-04 1.242406963148416860e-04 9.030245708748369784e-05 5.930489380691482702e-05 3.424190559888990392e-05 1.715537792644498524e-05 7.566876482624197586e-06 3.037398041170273437e-06 1.152158512823265220e-06 4.242050361046061907e-07 1.547864385744758711e-07 5.652379150672318685e-08 2.085558188348522890e-08 7.786996406585713615e-09 2.957713267451834971e-09 1.143653201824810540e-09 4.490093431500709561e-10 1.800205706848367315e-10 7.343795301913221726e-11 3.048965215348488998e-11 1.292443241862015089e-11 5.581143777432244159e-12
0.000000000000000000e+00 0.000000000000000000e+00 3.215913504385990415e-265 1.001635892113627296e-214 8.091975870707715269e-180 1.750916426432088067e-153 1.352972575730358770e-132 1.752023938661541160e-115 3.804693571572346150e-101 6.138130378182362398e-89 2.045158428939007154e-78 3.236516296940772851e-69 3.728943276921906544e-60 2.653921802453509496e-51 3.622448567079181459e-43 5.336349209453523465e-36 9.073797813137455594e-30 2.144554914216271473e-24 9.467151202103517802e-20 1.184066999728705684e-15 5.213799172735130800e-12 7.873005395395221674e-09 3.175384014073671060e-06 1.042622363511236757e-04 2.828903795969559161e-04 3.853304327926741204e-04 4.425155973227508192e-04 4.828161368739812857e-04 5.153638679081357869e-04 5.401552908232293846e-04 5.543046346539931340e-04 5.644407078312748587e-04 5.737644139043891062e-04 5.824091840557360251e-04 5.900872602915061124e-04 5.965259155469028159e-04 6.014513296618266168e-04 5.994776698399192699e-04 5.848734071260986442e-04 5.592377632828773046e-04 5.198307992226153772e-04 4.666241807626728523e-04 4.136770261055339572e-04 3.825929511393701848e-04 3.590015544725750187e-04 3.378796038567470714e-04 3.177006425263427026e-04 2.977891589848302017e-04 2.777586890693427833e-04 2.573879807088698336e-04 2.365662641302405857e-04 2.152814889923811744e-04 1.935508000699228445e-04 1.714659193577616986e-04 1.491913673934683652e-04 1.268552610766090528e-04 1.047791406190783737e-04 8.334388228628965940e-05 6.317745067579801283e-05 4.516794237931102339e-05 3.018802052669490306e-05 1.875045897758730219e-05 1.086456152581114946e-05 5.938679115494009245e-06 3.099612319396999519e-06 1.570059260190436334e-06 7.777414839620466883e-07 3.820045424161785392e-07 1.869686883234559336e-07 9.162253466531811174e-08
0.000000000000000000e+00 0.000000000000000000e+00 1.520028193554516730e-263 4.004607179975295757e-213 2.761527824079541459e-178 5.106184578646165507e-152 3.386225987776318946e-131 3.776536850524554488e-114 7.399964692383511338e-100 2.041885496450860810e-87 5.025701715855056137e-76 7.071496575526382838e-66 3.917133356765127227e-56 2.889487570043664810e-47 1.971259585013189199e-39 1.334862064637886305e-32 1.150011406755705444e-26 2.075437831868394333e-21 1.102722460721148907e-16 1.705765583048752896e-12 7.579681518400834654e-09 6.519611333548336668e-06 1.661942076230536389e-04 3.461341568018797520e-04 4.374756834713150206e-04 4.874617320624888219e-04 5.247926083785896386e-04 5.600649597453797235e-04 5.891005047029785821e-04 6.095421313323338150e-04 6.227074824776257901e-04 6.349985799660522959e-04 6.476797777422970684e-04 6.602423026661221033e-04 6.722592919618469807e-04 6.834079795769124489e-04 6.934057534656072001e-04 6.984248911909133901e-04 6.930571881396359931e-04 6.758184061383713196e-04 6.389815160624062957e-04 5.737117363212749718e-04 4.963171930707567818e-04 4.526234523500277489e-04 4.245542735627378934e-04 4.029560387420600114e-04 3.844671044793023158e-04 3.679351145327405034e-04 3.527786033739596172e-04 3.385769075126055828e-04 3.250000276823302630e-04 3.117716501973115395e-04 2.987503530819708036e-04 2.857987127411035265e-04 2.728461869013928910e-04 2.598653766344521617e-04 2.468223589385490249e-04 2.336826178793326896e-04 2.204833622670427761e-04 2.072362299111691426e-04 1.939386711369117233e-04 1.806177258662298567e-04 1.673022509039660388e-04 1.540150009944873109e-04 1.407951781042404314e-04 1.276865445646349054e-04 1.147197128678933476e-04 1.019749701527173670e-04 8.954301503155550170e-05 7.742745812387713403e-05
0.000000000000000000e+00 0.000000000000000000e+00 8.363753618150262005e-262 1.848302809679001191e-211 1.076300379576677228e-176 1.822026319177555534e-150 3.510042757111108695e-129 5.841342712900140747e-111 1.545554519334441203e-95 2.204039533393499868e-82 4.665869088069847542e-71 3.298087808062937609e-61 8.280894411859296567e-52 2.705769919631314263e-43 8.714585250505565738e-36 4.284275296364696256e-29 5.054685210622352875e-23 1.269697950211739002e-17 7.583902311939563879e-13 1.087449838611410617e-08 1.775259184152581563e-05 2.468148513845003201e-04 4.151956211083551620e-04 4.943737541296830624e-04 5.378597703059959795e-04 5.709570912049268324e-04 6.071888103855222927e-04 6.429823277815195420e-04 6.684922307061828047e-04 6.842278009717914222e-04 6.977996302985952498e-04 7.133953415488731914e-04 7.302652817333980199e-04 7.475799546671414069e-04 7.648798664188426969e-04 7.818355544548930610e-04 7.982697216535855188e-04 8.131553959850573287e-04 8.238150432263569413e-04 8.274360923826288607e-04 8.129118680661990377e-04 7.538390836640696674e-04 6.459393025830647206e-04 5.727341708225867434e-04 5.256987888625230549e-04 4.928671811858342626e-04 4.674455172869767432e-04 4.460575820979233858e-04 4.274457817718137187e-04 4.110974314316142002e-04 3.966941715776519956e-04 3.838657945661813490e-04 3.722350247253763175e-04 3.615291215946951696e-04 3.514977805349519245e-04 3.420003029939761192e-04 3.329112452419014101e-04 3.241213868870449388e-04 3.155800346101006308e-04 3.072668714374119725e-04 2.990859046468011414e-04 2.910452990700665389e-04 2.831197921759769131e-04 2.752540815718435225e-04 2.674929797861851067e-04 2.597713028682276256e-04 2.521330694677200216e-04 2.445274887809019003e-04 2.369945324445777140e-04 2.294802009631229925e-04
0.000000000000000000e+00 0.000000000000000000e+00 7.035777273885382517e-260 1.214249263361256875e-208 1.746467785828662688e-172 5.572361418857570187e-145 4.670694889382314681e-123 4.724041956267022496e-105 5.743476323831380955e-90 3.741056390440308491e-77 3.650378617133653709e-66 1.204382341328541868e-56 1.414093447895242894e-47 3.395686751838411011e-39 1.854330309079728228e-31 1.429564294273355045e-24 1.850125983703838435e-18 4.961745932547458247e-13 2.527811934886395405e-08 5.488459929564778724e-05 3.430811305920607288e-04 4.918875678104478455e-04 5.577812005054478888e-04 5.960258467062946224e-04 6.245369406648685609e-04 6.585382523487038524e-04 7.003576061280378197e-04 7.362713925646033677e-04 7.565431452263395636e-04 7.666604059395226191e-04 7.811991174911225161e-04 8.006120095643512891e-04 8.221987543366701722e-04 8.448758986811777914e-04 8.681502791256522121e-04 8.917472337783387271e-04 9.155961322546389558e-04 9.413375086402181501e-04 9.710366006875496055e-04 1.004727708903106103e-03 1.036702969277408359e-03 1.033342948559945245e-03 9.346879333861939825e-04 8.257423896639842081e-04 7.413266074655474247e-04 6.797282422966299115e-04 6.342523358176580493e-04 5.984045944008219370e-04 5.679226495910738581e-04 5.408207333610405305e-04 5.165558405719383652e-04 4.950702555036110139e-04 4.762674545297912996e-04 4.598773120794133386e-04 4.455115272983257145e-04 4.327569700581989308e-04 4.212697972224581280e-04 4.108284054575698802e-04 4.012172048693296621e-04 3.922898453099053361e-04 3.839769510415817072e-04 3.761581695702469219e-04 3.687790543195838388e-04 3.618107928897403621e-04 3.551615996923645569e-04 3.488030364394356306e-04 3.427275706440711944e-04 3.368580568245588855e-04 3.312150796630946355e-04 3.257144002525352768e-04
0.000000000000000000e+00 0.000000000000000000e+00 6.348032311406132032e-253 2.037799993402874586e-201 1.429089581834368754e-165 2.016784598674910857e-138 7.403521992683941915e-117 3.278299247277028449e-99 1.755387669629824762e-84 5.101796827082236530e-72 2.447588089355565445e-61 7.628253773243326773e-52 2.133915550195000608e-42 8.904777302765460881e-34 4.574899955256775084e-26 3.804562876538868660e-19 5.373894792583284138e-13 1.050960308515835721e-07 1.473280865458448277e-04 4.582224200277221215e-04 5.803753766535966032e-04 6.311758153588853219e-04 6.651143375595555728e-04 6.898822145019577060e-04 7.181140069250127036e-04 7.624508729549251632e-04 8.107106417636959729e-04 8.446200740437035965e-04 8.567540021186557725e-04 8.597369965811409035e-04 8.747036016170895920e-04 8.979492670798348017e-04 9.245490269781790095e-04 9.530040498730563397e-04 9.827380362553985674e-04 1.013498928014116554e-03 1.045307995988440037e-03 1.081526905713273883e-03 1.128630975126881843e-03 1.191893584416184142e-03 1.277329583596616787e-03 1.371865201347753464e-03 1.399173876847310989e-03 1.323464288230204785e-03 1.213482126420993784e-03 1.108701180311677395e-03 1.023464978199848784e-03 9.576302709394524104e-04 9.057321291111976660e-04 8.616388659702047979e-04 8.210580743550648011e-04 7.820939656348343356e-04 7.447265352229765325e-04 7.097548354300421431e-04 6.780489022882034596e-04 6.498306841319936812e-04 6.249857835052955758e-04 6.031988768751523440e-04 5.839413023226927438e-04 5.666953259101757808e-04 5.511256037039718699e-04 5.368543678484450840e-04 5.237234623423261265e-04 5.115538718856921024e-04 5.003184481557516883e-04 4.897934210929678726e-04 4.799907828783034347e-04 4.708343881417734406e-04 4.622583041748474239e-04 4.542471227100839727e-04
0.000000000000000000e+00 0.000000000000000000e+00 2.440056121811421564e-245 3.521223115497959552e-194 1.072217973021119290e-158 6.453034931758297115e-132 1.003468214431307924e-110 1.905894815608792425e-93 5.569390670118144635e-79 3.079349151102585583e-66 5.046818812122456232e-55 2.405492529907132703e-45 4.794547793097943192e-36 2.091341394627214191e-27 1.307656205393357554e-19 1.136975007013080793e-12 8.505959256527643473e-07 3.095333887203337189e-04 6.029983636957725974e-04 6.888606404579934034e-04 7.212844526363092808e-04 7.501883731347754047e-04 7.733758936263967045e-04 7.917935789628999200e-04 8.336304638523794929e-04 8.921715374318183204e-04 9.463535058407289337e-04 9.741801674822873165e-04 9.733771572927282009e-04 9.670943902746666904e-04 9.813154953699472841e-04 1.007888478057037285e-03 1.039456314217458493e-03 1.073892240099935712e-03 1.110417136259544708e-03 1.148742104744286500e-03 1.188843051100928368e-03 1.235217305288964290e-03 1.297194905920470362e-03 1.385298258523691038e-03 1.515279713177406038e-03 1.692917337205184945e-03 1.909427174278006522e-03 2.044752179895417514e-03 2.069293655659312260e-03 2.006468264862191174e-03 1.904408429660415765e-03 1.801613026073281857e-03 1.717087519968478601e-03 1.654527683190880425e-03 1.608922973822284573e-03 1.571682950897771575e-03 1.534174685736011722e-03 1.490376952766786760e-03 1.438665874651949171e-03 1.380411170161342490e-03 1.319490802993513465e-03 1.259748309265854667e-03 1.203731464725301412e-03 1.153205921090942263e-03 1.108453205453469688e-03 1.069069751057738320e-03 1.034308244623470194e-03 1.003369312104826624e-03 9.753195216179767757e-04 9.495633607680377874e-04 9.255785215717022034e-04 9.031002467773871500e-04 8.818377545834717775e-04 8.618183339435814272e-04
0.000000000000000000e+00 0.000000000000000000e+00 9.102460737998079819e-238 5.679201610117439146e-187 7.226408666046550137e-152 1.876566611812837468e-125 2.985470983933075483e-104 2.899761719811735116e-86 3.226156751023711786e-71 1.450711896451836609e-58 1.371306077242115716e-47 7.437673381099877842e-38 1.933263592500173841e-28 9.806624384377432602e-20 5.990731235838807434e-12 1.227192887643915981e-05 5.734564616751036030e-04 8.009467869983064470e-04 8.327532648581466865e-04 8.406125399842657650e-04 8.599566145935997989e-04 8.852288614475088691e-04 8.889664023892552029e-04 9.206528919953292645e-04 9.855607001617501008e-04 1.061010706352695553e-03 1.119272840935021203e-03 1.132343242387842935e-03 1.111126858825858127e-03 1.093206415351903474e-03 1.105898836028417626e-03 1.135192042228229089e-03 1.171399592375027337e-03 1.211806227429767678e-03 1.255267517206430259e-03 1.301430763424725901e-03 1.350264209629273467e-03 1.406877582271897102e-03 1.482885424135355935e-03 1.593709932618827879e-03 1.765506340971701414e-03 2.004867251063792606e-03 2.321902956330247885e-03 2.686665666543090226e-03 3.063531983276700059e-03 3.372310357911786471e-03 3.559984500976269561e-03 3.630371923683724852e-03 3.628531826617919457e-03 3.608814576617169496e-03 3.614265789803535259e-03 3.670873137686390779e-03 3.789447211620822469e-03 3.968582970939831152e-03 4.195188690579389548e-03 4.441058749862015695e-03 4.667146248824321011e-03 4.831653377043615069e-03 4.901679434888304987e-03 4.870362596652137027e-03 4.752646860753220563e-03 4.580142870402717503e-03 4.384692281907505949e-03 4.190661123584560159e-03 4.014856679383312435e-03 3.862220128385385198e-03 3.737047004946570349e-03 3.635231131713351216e-03 3.552659915032669972e-03 3.484812867144162357e-03
0.000000000000000000e+00 1.459716950637962915e-318 3.296845554988494978e-230 1.445566787140691425e-179 1.096534040677147550e-143 2.245754276609079042e-116 7.637026725292203189e-95 2.371551139517417213e-77 1.706173315883879942e-62 1.081091015265049663e-49 1.359877990908468940e-38 8.565822485715902056e-29 2.593282199283752129e-19 1.130366500368562695e-10 1.546807637737243363e-04 1.080953441815989341e-03 1.106527429670938747e-03 1.042304504950719883e-03 1.012065740274260654e-03 1.009823509434789029e-03 1.041728995596967076e-03 1.026228865955799594e-03 1.033695217333097105e-03 1.099501326589093783e-03 1.194361391157555685e-03 1.290908919623274349e-03 1.344990372226919978e-03 1.326334656792065156e-03 1.275075706591879705e-03 1.243881412015477358e-03 1.255232089342819607e-03 1.287283646730869556e-03 1.328181205943400030e-03 1.374662691038523732e-03 1.425465844539034301e-03 1.479935579159840676e-03 1.538089721893303244e-03 1.605536983497311007e-03 1.695804105725121774e-03 1.829693150005887560e-03 2.049799708275881673e-03 2.372351286213930568e-03 2.736686151582931430e-03 3.163779775268044884e-03 3.783284616523242220e-03 4.601296882341828452e-03 5.558912280037422125e-03 6.574441020929275119e-03 7.574065060288378073e-03 8.515454333982069857e-03 9.448153738424893214e-03 1.044527737641348132e-02 1.171861884415979424e-02 1.359789907931929949e-02 1.673315459238528674e-02 2.221833793451621908e-02 3.202803482981188277e-02 4.788322441642517413e-02 6.881772136846250887e-02 9.169697274361296446e-02 1.140038904969559314e-01 1.340843916957635273e-01 1.512531934540277678e-01 1.653103810853630562e-01 1.763257305083437143e-01 1.846808931323670189e-01 1.908424583187543488e-01 1.953360713330437592e-01 1.987280380531313007e-01 2.014919868612814191e-01
0.000000000000000000e+00 8.733974174105813910e-309 1.877202056820897231e-219 3.699477389810960530e-168 9.699388356141501686e-133 4.690989757101508592e-106 1.843739929045246552e-84 9.888782415075261324e-67 8.674400976014736788e-52 6.170180224461463483e-39 9.676990377613692735e-28 6.860665135572463591e-18 1.309532006474897550e-08 1.834573465400553098e-03 2.566718180401763791e-03 1.669747104345722022e-03 1.384417471797242966e-03 1.281003499830122563e-03 1.229964683767800901e-03 1.269644180101868426e-03 1.234590075217905725e-03 1.191064086027036114e-03 1.246342677698534553e-03 1.359842796634108284e-03 1.497152850300762384e-03 1.615689044579194517e-03 1.640764049649519806e-03 1.562800237826052945e-03 1.472336517715196321e-03 1.427745121544838226e-03 1.438672875457681606e-03 1.474485367894390287e-03 1.521206539314828897e-03 1.575122815424650959e-03 1.634579702594676385e-03 1.698976072656277307e-03 1.768025163110703872e-03 1.848085659333556030e-03 1.953951785063039528e-03 2.112246489986373439e-03 2.389254678123460540e-03 2.845646903948974554e-03 3.337725528217374941e-03 3.750412997292909122e-03 4.392708452683802278e-03 5.476883421624019650e-03 7.193419555723962883e-03 9.762846986084955381e-03 1.356668418203688976e-02 1.908550067482003496e-02 2.688116018851908692e-02 3.706620800888091316e-02 4.913322427847030549e-02 6.222700007294029029e-02 7.609914961043301451e-02 9.079884804823586120e-02 1.066516437792714711e-01 1.239305836863659471e-01 1.428310894298498446e-01 1.632816253543711016e-01 1.849706297330032112e-01 2.074811537987774901e-01 2.302804227548988503e-01 2.527999796402188859e-01 2.745493239407666985e-01 2.951066944191877428e-01 3.141550483949595018e-01 3.315350898977863503e-01 3.471375875919265885e-01 3.609795815400486663e-01
0.000000000000000000e+00 1.225289653519293580e-295 4.946032678394337004e-207 6.261083197171586647e-156 4.032911540222526118e-120 3.399792921846858074e-93 1.263960694560005218e-71 7.888650615040742109e-54 8.869089202005445625e-39 7.760199807126026067e-26 1.209136753619656428e-14 1.374354999263062691e-05 2.412014638730664573e-01 2.721171963819798631e-02 3.092974704189729168e-03 2.047421311286080035e-03 1.754814348043461829e-03 1.588655490448200947e-03 1.619666890820165538e-03 1.577292085333474982e-03 1.430874844247200309e-03 1.447088080673280793e-03 1.578825749924978733e-03 1.763902961582531834e-03 1.963540764490877884e-03 2.086140572354585384e-03 2.026164747528888185e-03 1.852483078255338011e-03 1.716276734463508544e-03 1.659183863646625408e-03 1.670913527249915384e-03 1.712393733728748754e-03 1.767484490545158252e-03 1.831765155700150428e-03 1.903387708644317580e-03 1.981376990503204601e-03 2.065394074233285228e-03 2.162502818969050736e-03 2.288394662361776556e-03 2.474945222595251789e-03 2.819432493679050085e-03 3.477086866287106611e-03 4.313038744284371055e-03 4.831377169938772670e-03 5.423405471911840400e-03 6.514081753455031563e-03 8.632633891554428174e-03 1.282769959459769717e-02 2.125983352548346805e-02 3.641154616349484563e-02 5.641728450570304698e-02 7.713106759993869355e-02 9.700656486076700280e-02 1.160520838052563480e-01 1.343905802034177366e-01 1.519783144050224633e-01 1.687021119270020186e-01 1.845725459934131618e-01 1.997071691733131316e-01 2.142652001051565946e-01 2.285329861875749491e-01 2.427920517228233932e-01 2.572777039245383590e-01 2.721632089007242072e-01 2.875236038364755720e-01 3.033552333325661987e-01 3.195741408482494772e-01 3.359914140485816270e-01 3.524187170729607410e-01 3.686772997229378346e-01
0.000000000000000000e+00 2.408069374571097118e-280 2.247097618501373460e-191 2.952167680922648348e-140 1.514397930634540788e-104 1.812504309184264391e-77 8.231176492577512416e-56 6.675357544940399028e-38 8.923290844972872441e-23 5.173166017906384866e-10 5.295888792873132411e-01 4.220313086451250584e-01 1.920810607694800332e-01 1.311667802394324983e-02 3.869201722037694455e-03 2.780565164787480135e-03 2.282216302820877854e-03 2.216092925809667880e-03 2.207277972453970324e-03 1.846214941328555353e-03 1.746966775442231013e-03 1.888729744344354398e-03 2.141842138828206881e-03 2.453468958482902737e-03 2.734812857796296761e-03 2.788498149877819288e-03 2.534837740408452719e-03 2.220900075304428969e-03 2.033411672899181413e-03 1.963727105276682518e-03 1.977427791199503401e-03 2.027641563226535455e-03 2.095492959981064274e-03 2.175694018001928659e-03 2.265899036772173886e-03 2.364861177682388987e-03 2.472010822351069798e-03 2.595682875754466105e-03 2.752157073630476149e-03 2.977427566114866295e-03 3.407743043376831611e-03 4.366155363325818252e-03 5.987188099548180521e-03 7.099359318862549610e-03 7.894382336721763455e-03 9.025385784455677851e-03 1.137092083963871410e-02 1.674965478398254132e-02 2.995094422351652491e-02 5.565968222574341900e-02 8.645141384049780109e-02 1.140200775704084679e-01 1.368176612674466830e-01 1.559993390179034156e-01 1.731884690488776080e-01 1.896492190348647022e-01 2.060215833660142548e-01 2.224285414953977025e-01 2.387087773105703581e-01 2.545465125101182280e-01 2.696410328892667740e-01 2.837969016185390991e-01 2.969297024881225044e-01 3.091022390413138976e-01 3.204653498823510915e-01 3.312086384364787972e-01 3.415549980872419900e-01 3.517423471054189066e-01 3.619406165129813724e-01 3.723000182387165569e-01
0.000000000000000000e+00 4.670121274199149901e-261 5.133822108311406050e-172 1.120765734977688360e-120 6.392363112582181940e-85 1.027857335763082184e-57 6.182452985534903037e-36 5.192123692339543195e-18 1.209484328711612697e-02 6.893633803127643400e-01 5.172729059990737177e-01 3.310527443160909966e-01 1.484421624647196680e-01 2.170244484348719111e-02 6.506979401337825361e-03 4.189401634141268725e-03 3.490168306294949563e-03 3.631896135248317229e-03 2.728271020087521918e-03 2.266082080795768072e-03 2.373715539985017404e-03 2.737055751777935433e-03 3.252397336555150689e-03 3.823845188469735673e-03 4.174110372060817892e-03 3.912226657774897469e-03 3.246245946513712059e-03 2.726693748152301047e-03 2.476203890833987478e-03 2.390160854560943824e-03 2.406831007198475657e-03 2.471271150517664016e-03 2.560035892977956338e-03 2.666572499686058455e-03 2.787759059286788917e-03 2.922090362862309661e-03 3.068968722164828848e-03 3.239479299134732145e-03 3.451005414271654786e-03 3.741447617817054202e-03 4.299150300280155622e-03 5.744174307372658037e-03 9.260368333665532428e-03 1.294034378052129168e-02 1.561560546744701107e-02 1.791881410177976683e-02 2.156723560316709670e-02 2.941200558577308083e-02 4.643830816880640394e-02 7.510016086526377643e-02 1.097194609762338069e-01 1.433461547194588848e-01 1.722665850155008505e-01 1.956219170346323033e-01 2.140702351973204076e-01 2.289952165526882022e-01 2.418781637534690443e-01 2.540296191061302555e-01 2.663378690954127381e-01 2.792675323263150711e-01 2.928840970633004304e-01 3.070020692220947200e-01 3.212860483850460969e-01 3.353308863014555774e-01 3.487905205477536685e-01 3.614041853950255012e-01 3.730320013332031337e-01 3.836364059993607190e-01 3.932556010942128699e-01 4.020040103576004720e-01
0.000000000000000000e+00 4.343170012688017977e-236 7.405871231439317625e-147 2.047711130876080076e-95 1.634323746402428726e-59 3.451136816612411879e-32 1.204505782217313393e-10 8.675095255854575749e-01 7.480558571666052758e-01 5.923354378279339638e-01 4.411523998882520559e-01 3.098187171541642582e-01 1.866929063646645404e-01 7.545004336775278098e-02 2.258867938338696493e-02 8.425286771355967527e-03 9.274891551980125187e-03 5.630319394938869751e-03 3.442494112309071701e-03 3.281478430871976985e-03 3.847854701903266356e-03 4.871048836623335064e-03 6.274781878297414073e-03 7.616420809023104199e-03 7.675354144547658249e-03 6.020557393367112486e-03 4.374905763726212593e-03 3.509471777122101163e-03 3.161756588629703081e-03 3.045567564468165244e-03 3.066239314856730215e-03 3.156180509961265240e-03 3.283577791329509929e-03 3.439337151938802462e-03 3.619484090468637425e-03 3.822536033864394438e-03 4.048234697891513190e-03 4.315837258077585663e-03 4.646628408613171814e-03 5.077249175199811948e-03 5.882518599345878257e-03 8.298946744235801212e-03 1.773069724282842069e-02 3.531956853286182668e-02 5.077911464680642112e-02 6.038140862548478649e-02 6.769858112281819384e-02 7.673381261952195997e-02 9.084768974411555620e-02 1.117534039075368801e-01 1.388142565269172013e-01 1.693375550824418596e-01 1.999362387309311373e-01 2.278753932227849666e-01 2.516047514503982896e-01 2.707575521404065322e-01 2.857494825980210207e-01 2.974808584192835115e-01 3.070224450876870570e-01 3.154251405477507819e-01 3.235931946511710899e-01 3.321984521113817146e-01 3.416429573331909442e-01 3.520703328480467853e-01 3.633954223252232052e-01 3.753845052029377016e-01 3.877243202033810454e-01 4.000349689902416017e-01 4.120169873160853258e-01 4.233846730707168105e-01
0.000000000000000000e+00 3.617440483977726428e-202 8.771099550013805012e-113 3.626747751191106863e-61 3.330948959924570174e-25 9.544109969163421248e-01 9.037645342782542057e-01 7.923748046844757420e-01 6.670155369289112457e-01 5.497231373131775678e-01 4.469882943384417828e-01 3.601336921414796111e-01 2.604394493896797780e-01 2.016957370317394305e-01 9.642705283774585800e-02 9.172816696141003479e-02 5.379854745558828449e-02 8.731825029555691578e-03 5.771627243349114825e-03 6.801274697728109178e-03 1.006378130557156365e-02 1.717146553602314288e-02 2.844707034567863294e-02 3.453893800607821252e-02 2.463401741473137882e-02 1.170930399102551242e-02 6.651200936883835610e-03 4.983105528418388733e-03 4.419969017731306161e-03 4.227664079313841854e-03 4.253036725753880573e-03 4.399289800325242514e-03 4.614689913158677957e-03 4.885792275719057741e-03 5.208662431014454350e-03 5.583508440683894805e-03 6.014117378362165631e-03 6.549743425526279375e-03 7.233205841103711349e-03 8.096745272916568495e-03 9.644561543364032000e-03 1.510607993935453829e-02 4.826620675478354022e-02 9.834129891900098008e-02 1.287933339442362546e-01 1.449203627978420950e-01 1.539458315871255756e-01 1.604038823488180832e-01 1.674283407131747781e-01 1.774482783114524620e-01 1.920290927183349872e-01 2.114469081583492116e-01 2.346329975538208046e-01 2.596081483533222989e-01 2.842207836567701706e-01 3.067283593841426126e-01 3.260952954571991191e-01 3.419472721040386354e-01 3.544413831349522703e-01 3.640733643483462512e-01 3.715139947816439303e-01 3.774998557332708837e-01 3.827479154611357348e-01 3.878853490240222190e-01 3.934223188587711584e-01 3.997159442500429760e-01 4.069681019978229064e-01 4.152251284600321224e-01 4.244019356018121081e-01 4.342981770778043260e-01
0.000000000000000000e+00 3.348148947195966567e-152 1.305242049164219006e-62 2.208163616978548716e-11 9.828324122847393873e-01 9.273961309623229843e-01 8.413222916916068828e-01 7.482666408140831171e-01 6.597314236382534336e-01 5.795470011433819790e-01 5.096630404489225219e-01 4.337498700129682194e-01 3.900229186714372354e-01 2.991855553069981410e-01 2.667301632740609052e-01 2.534325461658868406e-01 1.386275359945040309e-01 3.162659517402351128e-02 2.988191608634004418e-02 6.207197951659935292e-02 1.104610673615249034e-01 1.482439335010442838e-01 1.664403219571071735e-01 1.600240015781433933e-01 1.173572499337217773e-01 4.569182656815876792e-02 1.453281155367891139e-02 9.131801225427865765e-03 7.708509471983328830e-03 7.202481106344643322e-03 7.228882138164631488e-03 7.572961825786137836e-03 8.114873789563928005e-03 8.838619027159240818e-03 9.756324892336156601e-03 1.090337108612295103e-02 1.233037826206876894e-02 1.431076996608370705e-02 1.717446453084546173e-02 2.093720671933220825e-02 2.745769584481310560e-02 4.980797796586827753e-02 1.205758590758989890e-01 1.828380610122598005e-01 2.200684238174369367e-01 2.406091866677453894e-01 2.519011599985446770e-01 2.584698410512832334e-01 2.630140434417945761e-01 2.674638896089626683e-01 2.734690001632411605e-01 2.823494199129886195e-01 2.948205433431878020e-01 3.107574254941526948e-01 3.292413185798616637e-01 3.488880385923538996e-01 3.682336898122570701e-01 3.861029295719624055e-01 4.017136954517971370e-01 4.147335939126154392e-01 4.251516736714304190e-01 4.332129871083605921e-01 4.393244955198414292e-01 4.439430444961297573e-01 4.475524457718379479e-01 4.506362868536378796e-01 4.536274298145961947e-01 4.568862362741192285e-01 4.607165942450937579e-01 4.653251234621290089e-01
0.000000000000000000e+00 9.962983333045414649e-64 9.998635691768269496e-01 9.921590240978768183e-01 9.586353342289885004e-01 9.051588419341868308e-01 8.439063908197652619e-01 7.818465465106843038e-01 7.230664439060001669e-01 6.671492796300794170e-01 6.104547601238419219e-01 5.730948446556449749e-01 5.213706554113730629e-01 4.647046519991598346e-01 4.610470013791641564e-01 4.072054767920680884e-01 2.782111615432484863e-01 2.239256227592078818e-01 2.540672086752383541e-01 2.995349122410504994e-01 3.357869214043504025e-01 3.559834746049783671e-01 3.588777066595603138e-01 3.386659575809469747e-01 2.832822486002019580e-01 1.964308492801032369e-01 1.145863061255329302e-01 6.850615348979791075e-02 4.978581364407512477e-02 4.171076782093902785e-02 4.137302880344448375e-02 4.581983936596711188e-02 5.314905923759650347e-02 6.269335816928432725e-02 7.386982639114289539e-02 8.611358439735525283e-02 9.892400123389367972e-02 1.134999119059174194e-01 1.294836218836750152e-01 1.440170041394326361e-01 1.591851517038725961e-01 1.884221600172442113e-01 2.534398268430013146e-01 3.125192268849782407e-01 3.514477290979598489e-01 3.743221588824807156e-01 3.870907742394777973e-01 3.941077982318734185e-01 3.980067079844414324e-01 4.003843048251192749e-01 4.024053441756094696e-01 4.051375669095456100e-01 4.095380815415557985e-01 4.163099448439129824e-01 4.257615166614351354e-01 4.376301234393915052e-01 4.512280321115115789e-01 4.656144321764182914e-01 4.798177090514637033e-01 4.930509405447833227e-01 5.047451811007195310e-01 5.146418197779328851e-01 5.226666143035324508e-01 5.289363453316002772e-01 5.336579072875490271e-01 5.371295490843475129e-01 5.396306801246152363e-01 5.415022318348758912e-01 5.430194790387145032e-01 5.444840245858070249e-01
0.000000000000000000e+00 9.999999999836558517e-01 9.999606943226390099e-01 9.982273043848187699e-01 9.903415029787799861e-01 9.748691785065572990e-01 9.534475659505804446e-01 9.279545490847949107e-01 8.997896926377029203e-01 8.762244653668407324e-01 8.414158553840074273e-01 8.270320827271987474e-01 7.815012422861699060e-01 7.675815416780202849e-01 7.549009600421870969e-01 6.938416237753380900e-01 6.155690059897391819e-01 6.074916168691207874e-01 6.298990483709072663e-01 6.521741693517026928e-01 6.658715434444910652e-01 6.694654818814420594e-01 6.618807390181311590e-01 6.362913306636671651e-01 5.838810255726568643e-01 5.135988858353788267e-01 4.543412522741314685e-01 4.196883503866811749e-01 4.006255187104317828e-01 3.878834818538725027e-01 3.829252270199881014e-01 3.834324371862377623e-01 3.864768008221286522e-01 3.908823155650570369e-01 3.960316638174508075e-01 4.015802471990466693e-01 4.073025878274033618e-01 4.142953589483367449e-01 4.222454193346776297e-01 4.287474284431988525e-01 4.344423991899359350e-01 4.477143644730282035e-01 4.881322192954904438e-01 5.316929041303932735e-01 5.629765316957283661e-01 5.817463415180724740e-01 5.916253121422244687e-01 5.960674639057649271e-01 5.973911402009672855e-01 5.969821959448265991e-01 5.957047450348584849e-01 5.942188160920718332e-01 5.931446934238432389e-01 5.930929656041673548e-01 5.945880538533654391e-01 5.979539068048436157e-01 6.032144786237891854e-01 6.100856446269770084e-01 6.180577873654859999e-01 6.264940554347447899e-01 6.348086707332907253e-01 6.425031665598972541e-01 6.492480494942332037e-01 6.548583322142185192e-01 6.592963839963738026e-01 6.626095770491190473e-01 6.649168417055661973e-01 6.663805434562410923e-01 6.671800710333534168e-01 6.675051530748760120e-01
0.000000000000000000e+00 9.999999999470556844e-01 9.999401445961623169e-01 9.977574877471472314e-01 9.887094270288411257e-01 9.718048843063173958e-01 9.489817642392182062e-01 9.228684902626711484e-01 8.938196474284388904e-01 8.662929312355666100e-01 8.383706204007592699e-01 8.169729366402825876e-01 7.741393567295338229e-01 7.660831089802057070e-01 7.440119363901592786e-01 6.687666371443516944e-01 6.087260615665726071e-01 6.144193277948694076e-01 6.373329270716316941e-01 6.565574544194423545e-01 6.664303620464984146e-01 6.661495457771970941e-01 6.531091679056072463e-01 6.184833056335538037e-01 5.576752123522585869e-01 4.893282879472926616e-01 4.403210936082583293e-01 4.132837195006093256e-01 3.972719230949183222e-01 3.856597464389718288e-01 3.813605870585598523e-01 3.823723840826012133e-01 3.857867157026752536e-01 3.904589139030525957e-01 3.958158576809661655e-01 4.015491925542641893e-01 4.074577055920213797e-01 4.147730882842728395e-01 4.232011885225519521e-01 4.299559595559884762e-01 4.347800260329882094e-01 4.433146043855216156e-01 4.739710129134136474e-01 5.143728295677728601e-01 5.481187999261007970e-01 5.709360843580072453e-01 5.844018000411921321e-01 5.914902176333463046e-01 5.946521089843964658e-01 5.955044056418511422e-01 5.950463634020330961e-01 5.939512873071641774e-01 5.927733462754791738e-01 5.920504406518056761e-01 5.923076213741792495e-01 5.939887708019662149e-01 5.973642831089970295e-01 6.024553196802000521e-01 6.090150218032195362e-01 6.166127946308691543e-01 6.247036059405104425e-01 6.327574565980924604e-01 6.403205174287883716e-01 6.470621069964238581e-01 6.527889540203913876e-01 6.574341436344879330e-01 6.610120086063032696e-01 6.636051372627532752e-01 6.653446868360090027e-01 6.663830477891666826e-01
0.000000000000000000e+00 9.999999998107869104e-01 9.999064830951615024e-01 9.971253404755021643e-01 9.866823306470235977e-01 9.681622099322571007e-01 9.440204036956713063e-01 9.172656532860165024e-01 8.889353047246556505e-01 8.548721436697647169e-01 8.353287298719969112e-01 8.032665588858166617e-01 7.700606409421455467e-01 7.628147050095464010e-01 7.271770382538031985e-01 6.446520470334646813e-01 6.081882308674895210e-01 6.222894471119433391e-01 6.440314397654426370e-01 6.595770920508199353e-01 6.654047247786269992e-01 6.607211274938746826e-01 6.406669939887262855e-01 5.959416676049009709e-01 5.297926046450223136e-01 4.681793770882869410e-01 4.296182868650413877e-01 4.082555189756312819e-01 3.943226852868637611e-01 3.835808314449251077e-01 3.798890225728514536e-01 3.813778571178211285e-01 3.851278998170462597e-01 3.900314025601124834e-01 3.955665872124346505e-01 4.014649710405996941e-01 4.075496041957936688e-01 4.152056399357592631e-01 4.241975652188990642e-01 4.314062583013811847e-01 4.358996280461445161e-01 4.410822901411582952e-01 4.623546152740166115e-01 4.971216797176346569e-01 5.313246837333865935e-01 5.576054110650563445e-01 5.749208657762630015e-01 5.851677893731632718e-01 5.906436716005780685e-01 5.931303181107371314e-01 5.938095523166758705e-01 5.934447683896915127e-01 5.925817912801440990e-01 5.916908755409591159e-01 5.912348308151172960e-01 5.916646026937075753e-01 5.933611360439221549e-01 5.965659652981093464e-01 6.013135973015896196e-01 6.074227462408917644e-01 6.145442693397549228e-01 6.222181235209599537e-01 6.299680559276337188e-01 6.373792852992610225e-01 6.441297587582749395e-01 6.500065197410499485e-01 6.549054474528973602e-01 6.588013865917650147e-01 6.617510147213128135e-01 6.638401326150853432e-01
0.000000000000000000e+00 9.999998866552324284e-01 9.998492143125751186e-01 9.962557849506771257e-01 9.841228867928050184e-01 9.637500041441169341e-01 9.381509127428639960e-01 9.095987358866943762e-01 8.829422850465384887e-01 8.452781766410732978e-01 8.292660309810622188e-01 7.885793442882079729e-01 7.678472286160458182e-01 7.563013283016583044e-01 7.034928293230701124e-01 6.263655795797880010e-01 6.123049594615611602e-01 6.303374568425441637e-01 6.495603973469321613e-01 6.609279617295602538e-01 6.624424479469800398e-01 6.523826160191396051e-01 6.234359859826302808e-01 5.689508670545748714e-01 5.025177480699503096e-01 4.511365763338429091e-01 4.215885577974202159e-01 4.041278318375014500e-01 3.916454094555326670e-01 3.816181157881597397e-01 3.784959419986660412e-01 3.804292765630177819e-01 3.844720059936134748e-01 3.895650853637092070e-01 3.952455603322217459e-01 4.012858574435198555e-01 4.075331249636124364e-01 4.155410378378449066e-01 4.251706047941659627e-01 4.330071500785820926e-01 4.375950045795704568e-01 4.406408196707551905e-01 4.538107409242367329e-01 4.811663473927724199e-01 5.133261774583569581e-01 5.417505692945525642e-01 5.627616641830187616e-01 5.765802956719210393e-01 5.849001702643160661e-01 5.894862755849032965e-01 5.916755180242752044e-01 5.923746081023629761e-01 5.921927795345227619e-01 5.915837482400385650e-01 5.909477703278502858e-01 5.906786738900260403e-01 5.911620152983180221e-01 5.927321547861711393e-01 5.956140053207422680e-01 5.998732131351349750e-01 6.053988160580019429e-01 6.119208590810993886e-01 6.190733715387430891e-01 6.264422158706384192e-01 6.336548021123545871e-01 6.403841802986189879e-01 6.464018225029621867e-01 6.515725648304178108e-01 6.558331160240505886e-01 6.591956582076808902e-01
0.000000000000000000e+00 9.999999939473587229e-01 9.997471489489981877e-01 9.950264136917839064e-01 9.808253368543724537e-01 9.583963767637100339e-01 9.306850613364929803e-01 8.999155366205328077e-01 8.723694165730137007e-01 8.394101883811904141e-01 8.173294771542508608e-01 7.770397498675819525e-01 7.653488025803960593e-01 7.442029780218334389e-01 6.748176890151411644e-01 6.170644568070819957e-01 6.191603840183208529e-01 6.378508686600502520e-01 6.534452561926384906e-01 6.602421792153986280e-01 6.569613816727044586e-01 6.399286499035976572e-01 6.004929263689117169e-01 5.390527798053531550e-01 4.783045749206854547e-01 4.382412670918236497e-01 4.154458116686592928e-01 4.005669108643914456e-01 3.891623422251974107e-01 3.797529941608995263e-01 3.771663371692722255e-01 3.795033438187725983e-01 3.837859951583838525e-01 3.890209460936889796e-01 3.948101148203906896e-01 4.009657245981678164e-01 4.073582447919150695e-01 4.157204119007801291e-01 4.260484836870492287e-01 4.346683663680783738e-01 4.396999796761529855e-01 4.415982603853135235e-01 4.484657498377770390e-01 4.677469521191398583e-01 4.953387841669242841e-01 5.238071747802309774e-01 5.476840260970835539e-01 5.651642115375546949e-01 5.768251627417472216e-01 5.840575158853855697e-01 5.882242168151537998e-01 5.903702849101136740e-01 5.912230331704104724e-01 5.912867665786631921e-01 5.909449711510512682e-01 5.905364691200724048e-01 5.903934490084932207e-01 5.908437941049480280e-01 5.921815627059771048e-01 5.946236332931965629e-01 5.982714339802381875e-01 6.030787133758397367e-01 6.088736232805281867e-01 6.153760840964406231e-01 6.222452654281943607e-01 6.291483902631607172e-01 6.357758182982732320e-01 6.418790061395227564e-01 6.473065395041422976e-01 6.519442580505113716e-01
0.000000000000000000e+00 9.999999820213862911e-01 9.995544583685798123e-01 9.932265145443125443e-01 9.764676870750110815e-01 9.515965436410320777e-01 9.224684778260253681e-01 8.912625886317353530e-01 8.571834509538144298e-01 8.343932834562151069e-01 7.995547617402150031e-01 7.704579039967202059e-01 7.602785223978069107e-01 7.235176412575523575e-01 6.474639218192609347e-01 6.163137539180233437e-01 6.271221239851284546e-01 6.440764345796121670e-01 6.551507470851827275e-01 6.570020563142783265e-01 6.479498303086046462e-01 6.217950811366695918e-01 5.718380710078058149e-01 5.091486126923133737e-01 4.588397303713836473e-01 4.287533164495335170e-01 4.105019144056997749e-01 3.973672607954401581e-01 3.868275845276744618e-01 3.779712015261668667e-01 3.758849559822474706e-01 3.785711141370629584e-01 3.830300583690183225e-01 3.883542694669989692e-01 3.942120717629133408e-01 4.004525644208518087e-01 4.069680751306319344e-01 4.156766642795386990e-01 4.267474767910769406e-01 4.362895590438393145e-01 4.420692528684910805e-01 4.436029883939162088e-01 4.460735320184566199e-01 4.578048729962588825e-01 4.789231466255736702e-01 5.048382087018304931e-01 5.298674302137699188e-01 5.504830658182798819e-01 5.657150446272716238e-01 5.761357901402306414e-01 5.828516419049909469e-01 5.869347333558766477e-01 5.892307159283196594e-01 5.903448143813401217e-01 5.907092230855675030e-01 5.906531739220234334e-01 5.904631676079048486e-01 5.904163255288902290e-01 5.907872888198286709e-01 5.918338179795404885e-01 5.937645412397730693e-01 5.967075099502812119e-01 6.006895521726471898e-01 6.056155161211737026e-01 6.113098183102935179e-01 6.175125302193401611e-01 6.239405670472851773e-01 6.303194217475209804e-01 6.363939174581281222e-01 6.419895698974992237e-01
0.000000000000000000e+00 9.999998839953196939e-01 9.991629092010121393e-01 9.904673800430701114e-01 9.705120854136503050e-01 9.430561396980718936e-01 9.122485059428943055e-01 8.822456536899979662e-01 8.439878694616224086e-01 8.234782706196779323e-01 7.819510637378119799e-01 7.661667746206569651e-01 7.494557327291049287e-01 6.932054329076922095e-01 6.295989526648213541e-01 6.211591852861788610e-01 6.348038037903109831e-01 6.481574057314731796e-01 6.540169788792806749e-01 6.503369363605385756e-01 6.337289253823219504e-01 5.965539534046532255e-01 5.393446435404835038e-01 4.826749736735085894e-01 4.443824516681945669e-01 4.216129993866334913e-01 4.062753287770629607e-01 3.944113603732271045e-01 3.846108489814206721e-01 3.762599063179486447e-01 3.746318984334612301e-01 3.775954962457123698e-01 3.821573041068586085e-01 3.875136660140833245e-01 3.933963183664048735e-01 3.996867566975269570e-01 4.062967118929565746e-01 4.153307359772197560e-01 4.271665396422535954e-01 4.377501898263331248e-01 4.445561515125497354e-01 4.463627583790561459e-01 4.461516770433620604e-01 4.517462045216831257e-01 4.656637676450705032e-01 4.865307232558384598e-01 5.102077672014678766e-01 5.324974356868941161e-01 5.509340273191692949e-01 5.648543534904200136e-01 5.747033147688194177e-01 5.813333627891499322e-01 5.856040005881177901e-01 5.882158605722962452e-01 5.896957978452855853e-01 5.904238232574278156e-01 5.906898455185475294e-01 5.907380063616142207e-01 5.907970951673769955e-01 5.910934580799630522e-01 5.918464841742714366e-01 5.932514345318703475e-01 5.954527181237567746e-01 5.985328255776133366e-01 6.024755716694509822e-01 6.071935487243361740e-01 6.125262727690206077e-01 6.182557693598541571e-01 6.241559151749256351e-01 6.299982147449443293e-01
0.000000000000000000e+00 9.999990055058539662e-01 9.982827119212519529e-01 9.859552188936457906e-01 9.619648420204830463e-01 9.312650550634653523e-01 8.973469125188480167e-01 8.644350891871936948e-01 8.355301634293703650e-01 8.020132305125496908e-01 7.710960485973095135e-01 7.593227355536378287e-01 7.276543687435890195e-01 6.599797927617865323e-01 6.242570394347529694e-01 6.283523233001614416e-01 6.407779148824630511e-01 6.490520576923094476e-01 6.490652369670919519e-01 6.386124064175003889e-01 6.119527081123267154e-01 5.642150079071179825e-01 5.070880507296923190e-01 4.619552648782938586e-01 4.339303277180460716e-01 4.158788633087068809e-01 4.024776333839922282e-01 3.916289202771389699e-01 3.824870557652557679e-01 3.746047641279445783e-01 3.733802016599097051e-01 3.765280690841003031e-01 3.811103882214634808e-01 3.864376435871320070e-01 3.922967071846675813e-01 3.985950611810944455e-01 4.052626142891602168e-01 4.145837398045001954e-01 4.271788032651945843e-01 4.388977682535633029e-01 4.469885913713905756e-01 4.496253015118056862e-01 4.481460046095437910e-01 4.493974550077531327e-01 4.566968300137023706e-01 4.709500032099932509e-01 4.904879564526063995e-01 5.119791391602364072e-01 5.322340174969389937e-01 5.493309781555280047e-01 5.626559419858632172e-01 5.724672308635679885e-01 5.793860152854626300e-01 5.840996784264039787e-01 5.872076963628168889e-01 5.891766071801685101e-01 5.903565734807668663e-01 5.910112222586916264e-01 5.913540207111276370e-01 5.915753581217396695e-01 5.918582857439484979e-01 5.923829004559687528e-01 5.933210129514288056e-01 5.948189635381674334e-01 5.969877161373564611e-01 5.998806951002918497e-01 6.034870162265301152e-01 6.077373737466387205e-01 6.125139778437029836e-01 6.176395489486690149e-01
0.000000000000000000e+00 9.999867946441963751e-01 9.959481418317347456e-01 9.777700894713535762e-01 9.487225204075671048e-01 9.155429567363766452e-01 8.824081786542922190e-01 8.438376087415122573e-01 8.187716830859642636e-01 7.791474125774502379e-01 7.630403230917492952e-01 7.432364924128008754e-01 6.915401416335370532e-01 6.380622622394641619e-01 6.274104816675619700e-01 6.350485564425948359e-01 6.432636610253616993e-01 6.452723654641410178e-01 6.384270973095402812e-01 6.188238759517541432e-01 5.805948639012864509e-01 5.279995531280781140e-01 4.797371494016929305e-01 4.470194834308013343e-01 4.260111507244330187e-01 4.109116979874953834e-01 3.989393166938204893e-01 3.889643935534528585e-01 3.804266779303346890e-01 3.729849686206017645e-01 3.720886627031477767e-01 3.753032608618313004e-01 3.798141441191676404e-01 3.850442519643019756e-01 3.908225349184082931e-01 3.970762510898974140e-01 4.037518214455165788e-01 4.132975922790508849e-01 4.266081410123640505e-01 4.395237754294599175e-01 4.491392803249802945e-01 4.531362056283688711e-01 4.515567946232508234e-01 4.501962390339623865e-01 4.523997638869514115e-01 4.599385761845792286e-01 4.732199782591695048e-01 4.908562486769975641e-01 5.103131322284907290e-01 5.290760100585403247e-01 5.454665895395552910e-01 5.587810649944643382e-01 5.690349653183026657e-01 5.766294958997872921e-01 5.820912659960538749e-01 5.859306609103803742e-01 5.885704311394873711e-01 5.903437297745917078e-01 5.915038872801797742e-01 5.922487640597305925e-01 5.927430544002637580e-01 5.931357654957943870e-01 5.935700684105505998e-01 5.941859451633312306e-01 5.951155436226606144e-01 5.964748499700118778e-01 5.983526599875022001e-01 6.008013879066778085e-01 6.038280420943387128e-01 6.073951642428522257e-01
0.000000000000000000e+00 9.993797804951347619e-01 9.865033812812203928e-01 9.586327579764880591e-01 9.241275935204912306e-01 8.886609771690884285e-01 8.505982243801083476e-01 8.236925523661532411e-01 7.848819843555080444e-01 7.639089423667280165e-01 7.443044274153067796e-01 7.056354022937706416e-01 6.546158972953176614e-01 6.327923229944517614e-01 6.328880603831563700e-01 6.378163473443928533e-01 6.392491377950099141e-01 6.334876261567471412e-01 6.173081436179133075e-01 5.859110519263843742e-01 5.402578177899139966e-01 4.939319344537857481e-01 4.592631500480930939e-01 4.359823393654276291e-01 4.193122463242914821e-01 4.062645074538673295e-01 3.954896444306219561e-01 3.863198282839661601e-01 3.783601352406403273e-01 3.713465837598027286e-01 3.706694487799275239e-01 3.737969757481738875e-01 3.781240620559078169e-01 3.831690567040256790e-01 3.887875093140950589e-01 3.949207661663657332e-01 4.015301517903161477e-01 4.111952880020118273e-01 4.251215837296253852e-01 4.392665554137564765e-01 4.506586696526515001e-01 4.566011508001709407e-01 4.560365362718684645e-01 4.535695960916704128e-01 4.525140220514189404e-01 4.545514599053063765e-01 4.609354478768711849e-01 4.720596137800003311e-01 4.871159560958701062e-01 5.043656480886635762e-01 5.218277494660924498e-01 5.379271415529705003e-01 5.517555209383289139e-01 5.630205469530251694e-01 5.718435495211766639e-01 5.785561825591042373e-01 5.835600854958651329e-01 5.872340022223148104e-01 5.898996088014053507e-01 5.918145426625585070e-01 5.931804545006033047e-01 5.941564449266490966e-01 5.948739091899678533e-01 5.954491221876893059e-01 5.959907172173213308e-01 5.966032179812960079e-01 5.973865896065547743e-01 5.984326110234889917e-01 5.998186871693814703e-01 6.016032350942855933e-01
-1.000000000000000000e+00 -1.000000000000000000e+00 9.516863316817469887e-01 9.166888224835422205e-01 8.812371939265891685e-01 8.451934802039237082e-01 8.148063943462482417e-01 7.805335550605744244e-01 7.584892485243938109e-01 7.347031643183753458e-01 6.986246524525373536e-01 6.625501694187058144e-01 6.404584545937138662e-01 6.334614611323639011e-01 6.325271453409896383e-01 6.305349587477010465e-01 6.232890499504704085e-01 6.075806362558454632e-01 5.801772575957138134e-01 5.419257286599944434e-01 5.017104913473935390e-01 4.688205110024982747e-01 4.448830156485649168e-01 4.271820066686148332e-01 4.132833662637281358e-01 4.018369651013757871e-01 3.921190524164671065e-01 3.836983107026129547e-01 3.762888789600860595e-01 3.696872808019963097e-01 3.690585894715254223e-01 3.719093938326497040e-01 3.759179075312533702e-01 3.806645449318625807e-01 3.860153488244974507e-01 3.919190873507909512e-01 3.983502922907993238e-01 4.079474835213247053e-01 4.222503334170579214e-01 4.375271682104258653e-01 4.508474905581334458e-01 4.592664900120494442e-01 4.608344628435636081e-01 4.586648111960172081e-01 4.562429501672831123e-01 4.549887864870195142e-01 4.560114821582657574e-01 4.602687298069150224e-01 4.683128610897743238e-01 4.799854844524563124e-01 4.943672568263777212e-01 5.100739742532847121e-01 5.257033116669362904e-01 5.401551382432764337e-01 5.527858938217565798e-01 5.633623910749153696e-01 5.719232320429733507e-01 5.786989038823495690e-01 5.839654505905139681e-01 5.880152354954868432e-01 5.911067800388275506e-01 5.934609947763964666e-01 5.952511092785490732e-01 5.966182119491905134e-01 5.976764391940684318e-01 5.985203535379507445e-01 5.992337247182993876e-01 5.998936876547110719e-01 6.005731908501912297e-01 6.013402185496453667e-01
-1.000000000000000000e+00 -1.000000000000000000e+00 -1.000000000000000000e+00 8.733473613626354659e-01 8.390125371900643003e-01 8.069396478918471338e-01 7.761338018845684861e-01 7.515942089596739928e-01 7.258398140075764671e-01 6.945605321854566583e-01 6.655911801005518491e-01 6.464620279447469420e-01 6.343303668944423324e-01 6.276290382352240904e-01 6.218212300711447593e-01 6.128531217735108116e-01 5.976294539681056284e-01 5.738915921191536373e-01 5.422407767005716916e-01 5.080207990838898624e-01 4.776735531932544965e-01 4.537251072909248562e-01 4.352396239463666161e-01 4.205457432497012316e-01 4.084276994220258916e-01 3.981467664712078358e-01 3.892458463425180204e-01 3.814206889337879436e-01 3.744552391706338357e-01 3.681894441519137362e-01 3.674513685805827490e-01 3.699266177182984339e-01 3.735569587463922203e-01 3.779510630175558772e-01 3.829753616634727353e-01 3.885808043349459062e-01 3.947501093812506578e-01 4.040856138164321543e-01 4.184119928401286437e-01 4.344539345004276298e-01 4.494156127177824644e-01 4.601992593910712026e-01 4.642523064058846072e-01 4.632266022126861338e-01 4.608335609887526108e-01 4.584470716417740066e-01 4.569402351284419517e-01 4.570940797299428704e-01 4.596700562289666170e-01 4.652673015009205493e-01 4.740841764379515877e-01 4.857674494807704968e-01 4.994628058849630015e-01 5.140674102926867661e-01 5.285104543517136211e-01 5.419547961826098881e-01 5.538948119538972259e-01 5.641074417577147670e-01 5.725994667442469988e-01 5.795139195498527629e-01 5.850589407854780433e-01 5.894641778613710636e-01 5.929434692187174338e-01 5.956844878952172184e-01 5.978499550261064943e-01 5.995645332656275306e-01 6.009339522773531339e-01 6.020426352296386341e-01 6.029622571691402033e-01 6.037549755070270585e-01
-1.000000000000000000e+00 -1.000000000000000000e+00 -1.000000000000000000e+00 -1.000000000000000000e+00 8.003138823573147098e-01 7.708106214975799508e-01 7.443903247906927811e-01 7.188356720702333558e-01 6.921485944045030481e-01 6.673951167152678554e-01 6.482213960406107978e-01 6.345076791204616873e-01 6.232597472960172968e-01 6.136723670588213331e-01 6.028653004991270103e-01 5.880849473157414575e-01 5.675363296504708499e-01 5.414044775338410220e-01 5.126295502197342202e-01 4.853472931631750420e-01 4.621302703721022476e-01 4.432742365898658665e-01 4.279402933403701481e-01 4.151972555097976358e-01 4.043609956639974135e-01 3.949728764831357264e-01 3.867190505984126614e-01 3.793746760064485857e-01 3.727725454970531871e-01 3.667852651123459928e-01 3.658347363200881164e-01 3.678861721145570973e-01 3.711042287755173530e-01 3.751098518756084133e-01 3.797652454808165268e-01 3.850201646715417092e-01 3.908613024658564861e-01 3.997644753923040861e-01 4.137716866849887598e-01 4.301752905663871474e-01 4.464319105532023602e-01 4.593519399987488483e-01 4.659316721535364803e-01 4.664554202442567910e-01 4.648102788297485133e-01 4.624186614024947128e-01 4.600607815465552197e-01 4.583269695870808014e-01 4.577921458492005269e-01 4.590701453636509832e-01 4.627408229832594144e-01 4.691854560942979591e-01 4.784124313008922824e-01 4.900026908521915026e-01 5.031979071739738352e-01 5.170824984059027019e-01 5.307856040597457303e-01 5.436368724181591672e-01 5.551946751173560957e-01 5.652566949775768013e-01 5.737999851801812712e-01 5.809057245467508235e-01 5.867406266702576145e-01 5.914849166186321172e-01 5.953185474082970385e-01 5.984127868586627264e-01 6.009118779835164181e-01 6.029367104854747028e-01 6.045853484448671100e-01 6.059394683988025276e-01
-1.000000000000000000e+00 -1.000000000000000000e+00 -1.000000000000000000e+00 -1.000000000000000000e+00 -1.000000000000000000e+00 7.381563846627476888e-01 7.134107924056609651e-01 6.897069707375258485e-01 6.673099556734554128e-01 6.478352122107915445e-01 6.319855024824491130e-01 6.190585276125298853e-01 6.065906883053645560e-01 5.940327268286484941e-01 5.795279608912741187e-01 5.615301792556274263e-01 5.397663234882712491e-01 5.156292874829815354e-01 4.915728050086237144e-01 4.697267098128660168e-01 4.510097708298450025e-01 4.352970510144290039e-01 4.220400808249103464e-01 4.106911576844043399e-01 4.008283798559651445e-01 3.921445755300832503e-01 3.844134766818864124e-01 3.774643111153038744e-01 3.711656396044361039e-01 3.654149150514156008e-01 3.642020994797751099e-01 3.658172911362800872e-01 3.686104222328282498e-01 3.722090128295513223e-01 3.764704206764172278e-01 3.813407394238202408e-01 3.868070895495679395e-01 3.951499208552135545e-01 4.085397623516681120e-01 4.248853705625946775e-01 4.420302442493629913e-01 4.567930107079570257e-01 4.657742488937636205e-01 4.679905054097301398e-01 4.674520105175782869e-01 4.656426579558890499e-01 4.633247644181819336e-01 4.610058753837051881e-01 4.591066683939907800e-01 4.580619749000629515e-01 4.583661066782332982e-01 4.605459822909366285e-01 4.650502143237729147e-01 4.721100052653747770e-01 4.816312886082385614e-01 4.931747306726981250e-01 5.060562116034448277e-01 5.194977125663929884e-01 5.327645092454643683e-01 5.452875076172786217e-01 5.566739673336938976e-01 5.667272651726619204e-01 5.753990909570804169e-01 5.827415264564650421e-01 5.888767015357396772e-01 5.939528648992014048e-01 5.981281052254374675e-01 6.015514302511741906e-01 6.043592202486074427e-01 6.066669763531769011e-01
-1.000000000000000000e+00 -1.000000000000000000e+00 -1.000000000000000000e+00 -1.000000000000000000e+00 -1.000000000000000000e+00 -1.000000000000000000e+00 -1.000000000000000000e+00 6.650603300502602178e-01 6.456361956913513334e-01 6.284353494808992968e-01 6.136084737541892542e-01 6.005966799244037979e-01 5.869220406861281880e-01 5.724639824777255637e-01 5.562603846405609342e-01 5.377348979614231528e-01 5.173182877596668172e-01 4.963102888092756348e-01 4.762337378356720219e-01 4.581469687442683014e-01 4.423917613945064220e-01 4.288020196740802148e-01 4.170290678674846707e-01 4.067324594984682573e-01 3.976351218254037811e-01 3.895210517489951507e-01 3.822219646652286751e-01 3.756056527010862567e-01 3.695673743805114042e-01 3.640235126330489956e-01 3.625419925828406997e-01 3.637338774578611766e-01 3.661072838448969358e-01 3.692969266611508261e-01 3.731557533144727046e-01 3.776250708477505436e-01 3.826899494958115322e-01 3.903968844145389028e-01 4.029465459453413501e-01 4.188371575755664988e-01 4.364079508705038801e-01 4.526514008878448347e-01 4.638226542203066627e-01 4.677263048027558434e-01 4.684434997670448575e-01 4.675137371149713506e-01 4.657017002735688305e-01 4.634903860449018365e-01 4.612330873220553129e-01 4.592406057880121795e-01 4.578463047800228614e-01 4.574467387926680062e-01 4.584992581652855281e-01 4.614565194891029343e-01 4.666633782004716013e-01 4.742410397999068383e-01 4.840277160445914939e-01 4.955887129931881852e-01 5.083128957791842595e-01 5.215049652384481371e-01 5.345476429815856356e-01 5.469140231986128198e-01 5.582652141708661642e-01 5.684073550342101377e-01 5.772649325160089662e-01 5.848749774121954070e-01 5.913232626356171862e-01 5.967351836491681105e-01 6.012466357949798335e-01 6.049894530241874957e-01
-1.000000000000000000e+00 -1.000000000000000000e+00 -1.000000000000000000e+00 -1.000000000000000000e+00 -1.000000000000000000e+00 -1.000000000000000000e+00 -1.000000000000000000e+00 -1.000000000000000000e+00 6.245909656403701993e-01 6.086602647327068460e-01 5.944453174977702981e-01 5.815286704650903804e-01 5.672590277382207891e-01 5.520940067553655739e-01 5.357320761831285694e-01 5.180879480842952578e-01 4.996998442351809899e-01 4.815068673925017584e-01 4.644157016700445895e-01 4.489654048003611231e-01 4.352788674176329975e-01 4.232206618042667068e-01 4.125672497008791018e-01 4.030975977023807388e-01 3.946213547273236255e-01 3.869814759047850994e-01 3.800499748886017048e-01 3.737228451572954802e-01 3.679154652287663363e-01 3.625587077481042253e-01 3.608321311418925537e-01 3.616317376644913040e-01 3.636057931168301116e-01 3.663987644877104710e-01 3.698608639472161785e-01 3.739285613006818609e-01 3.785829963435521917e-01 3.856287282949287798e-01 3.972043335105147621e-01 4.123098457204338874e-01 4.298218686945232681e-01 4.471026667645883190e-01 4.601847469950230973e-01 4.656902939702242672e-01 4.676931042521504378e-01 4.677747809961405046e-01 4.667068211269359557e-01 4.649658676440738270e-01 4.628826566427659550e-01 4.607148311678254116e-01 4.586978750875083111e-01 4.570895355475180222e-01 4.562067438193340152e-01 4.564330587142337303e-01 4.581884202830061592e-01 4.618564185990710613e-01 4.676954434643315062e-01 4.757441716074348181e-01 4.858032790576394255e-01 4.974519393147009971e-01 5.101222386475565695e-01 5.232084499364557661e-01 5.361511554974190963e-01 5.484915864077529735e-01 5.598959213918749400e-01 5.701860010324408812e-01 5.792782181042067657e-01 5.871777226858431176e-01 5.939532160055730481e-01 5.997039296121784435e-01
-1.000000000000000000e+00 -1.000000000000000000e+00 -1.000000000000000000e+00 -1.000000000000000000e+00 -1.000000000000000000e+00 -1.000000000000000000e+00 -1.000000000000000000e+00 -1.000000000000000000e+00 -1.000000000000000000e+00 5.899403098685427338e-01 5.763275607177757998e-01 5.637767122965650080e-01 5.493450218303453925e-01 5.341626849485829887e-01 5.183394406210615202e-01 5.019736214061600865e-01 4.855207021688038860e-01 4.696046353647167493e-01 4.547476366801860292e-01 4.412199357344196993e-01 4.290581870294501998e-01 4.181653583439790545e-01 4.083963691102582838e-01 3.996025272048022159e-01 3.916486452428310505e-01 3.844176894747003415e-01 3.778105962402362183e-01 3.717443707518532925e-01 3.661497276327510542e-01 3.609687807285812955e-01 3.590390130922192502e-01 3.594895689079738998e-01 3.610963156255977968e-01 3.635163582994328513e-01 3.665993492316875768e-01 3.702773467011090669e-01 3.745271231767304809e-01 3.809237900319479286e-01 3.914724317658045405e-01 4.055583402831325901e-01 4.225593597848538163e-01 4.403637475007576296e-01 4.549949605533806229e-01 4.619631137684203637e-01 4.652139993092476167e-01 4.663461396880363430e-01 4.661336881844293512e-01 4.650517154966553601e-01 4.634237676851002963e-01 4.614885106233176382e-01 4.594397088042733723e-01 4.574585860616915411e-01 4.557470683106289999e-01 4.545556480855190706e-01 4.541998258612323092e-01 4.550482498913281382e-01 4.574810280264460793e-01 4.618158917112753503e-01 4.682351040951643339e-01 4.767258433994482347e-01 4.870644353378064673e-01 4.988420822139941202e-01 5.115403272197802664e-01 5.246175006215192393e-01 5.375479684138386727e-01 5.499362733866334230e-01 5.614678497510610100e-01 5.719524735662409043e-01 5.813067055851588449e-01 5.895154458470548420e-01
-1.000000000000000000e+00 -1.000000000000000000e+00 -1.000000000000000000e+00 -1.000000000000000000e+00 -1.000000000000000000e+00 -1.000000000000000000e+00 -1.000000000000000000e+00 -1.000000000000000000e+00 -1.000000000000000000e+00 -1.000000000000000000e+00 5.600631118906597150e-01 5.479843934270949291e-01 5.333834814239857280e-01 5.184025985566682593e-01 5.033340289652297184e-01 4.882749740522362436e-01 4.735249436254634903e-01 4.594471638776134181e-01 4.463163262484420302e-01 4.342606800742352946e-01 4.232869920712115097e-01 4.133307956377949011e-01 4.042965632895780259e-01 3.960814603188562710e-01 3.885872253482289818e-01 3.817251799334395179e-01 3.754176423078651181e-01 3.695976382198994936e-01 3.642078614099409362e-01 3.591993778527975967e-01 3.571173463986989649e-01 3.572702156549670272e-01 3.585493221752978354e-01 3.606279133132509473e-01 3.633573898057056439e-01 3.666665531521325905e-01 3.705267881070926639e-01 3.763082579669482230e-01 3.858363116620849853e-01 3.987597237050459209e-01 4.148707011149658785e-01 4.326545983384221805e-01 4.483794313588322367e-01 4.566147161504189866e-01 4.610313569797976907e-01 4.632009860559996861e-01 4.638877545738894215e-01 4.635621877136272273e-01 4.625437944303390503e-01 4.610640770369981434e-01 4.593009484539020137e-01 4.574035995485404849e-01 4.555135316690587799e-01 4.537886572448918132e-01 4.524264791003296260e-01 4.516805520496944282e-01 4.518633615792453928e-01 4.533222835281112140e-01 4.563927182091596091e-01 4.613397747481240430e-01 4.682818072559180589e-01 4.771712856834106620e-01 4.877682242059664386e-01 4.996926276636546871e-01 5.124676457018118025e-01 5.255858388427446792e-01 5.385839853754342821e-01 5.510860611999980341e-01 5.627829574821676673e-01 5.735166529607313990e-01
-1.000000000000000000e+00 -1.000000000000000000e+00 -1.000000000000000000e+00 -1.000000000000000000e+00 -1.000000000000000000e+00 -1.000000000000000000e+00 -1.000000000000000000e+00 -1.000000000000000000e+00 -1.000000000000000000e+00 -1.000000000000000000e+00 -1.000000000000000000e+00 5.335619121414070243e-01 5.179824719383895326e-01 5.033883797077847166e-01 4.893197735632704437e-01 4.756621460279527036e-01 4.625096065591652317e-01 4.500220110241228699e-01 4.383300854141726210e-01 4.274992774121084693e-01 4.175333809645693783e-01 4.083936459157229693e-01 4.000181382178623068e-01 3.923358651135264719e-01 3.852754338760134845e-01 3.787696718583087319e-01 3.727576805698944451e-01 3.671854065826881675e-01 3.620054282035701232e-01 3.571763777023842512e-01 3.549981010798552439e-01 3.549070224439584420e-01 3.558993775871207021e-01 3.576687045657195307e-01 3.600703084462835712e-01 3.630313252320250816e-01 3.665182974556860929e-01 3.717216770813801530e-01 3.802579503249918780e-01 3.919253853690725653e-01 4.068132797805355527e-01 4.240042031238123732e-01 4.402647290846302131e-01 4.495113341137217389e-01 4.549819891956119466e-01 4.581574379365939698e-01 4.597678639589744543e-01 4.602686307294444612e-01 4.599710504228317065e-01 4.591003160043299336e-01 4.578268044561970562e-01 4.562858638752746443e-01 4.545928091081324340e-01 4.528587912895909451e-01 4.512052991080675035e-01 4.497847987797847780e-01 4.487950772589415216e-01 4.484888522701546698e-01 4.491667766819541496e-01 4.511487162588017630e-01 4.547318005043772260e-01 4.601319997676832640e-01 4.674384290045684454e-01 4.765832174549736733e-01 4.873370204914827530e-01 4.993443707196645875e-01 5.121710941484736157e-01 5.253533953356112063e-01 5.384669547450428029e-01 5.511430395426393236e-01
-1.000000000000000000e+00 -1.000000000000000000e+00 -1.000000000000000000e+00 -1.000000000000000000e+00 -1.000000000000000000e+00 -1.000000000000000000e+00 -1.000000000000000000e+00 -1.000000000000000000e+00 -1.000000000000000000e+00 -1.000000000000000000e+00 -1.000000000000000000e+00 -1.000000000000000000e+00 -1.000000000000000000e+00 4.875695681843160711e-01 4.751128153664256892e-01 4.631153952238267757e-01 4.515803607758934746e-01 4.405829349173088216e-01 4.302022050153162525e-01 4.204881349427678217e-01 4.114545697278637615e-01 4.030855633306803520e-01 3.953455407445104486e-01 3.881884615967872709e-01 3.815644613508917260e-01 3.754240509690144334e-01 3.697204696252808231e-01 3.644108050984867786e-01 3.594563604057624540e-01 3.548225951437319892e-01 3.526134475590880779e-01 3.523424318337367578e-01 3.530985104057697832e-01 3.545987244084237155e-01 3.567054843598211344e-01 3.593457306274147611e-01 3.624824205117104237e-01 3.671581801392462818e-01 3.747700613944481285e-01 3.851593148991817595e-01 3.985641771756259222e-01 4.145688934173398787e-01 4.306647707494648536e-01 4.405474651448221812e-01 4.468781548678695814e-01 4.509694653141467779e-01 4.534830884284677954e-01 4.548415514483728495e-01 4.553385478800640596e-01 4.551881262343042134e-01 4.545521779323176137e-01 4.535570919118943611e-01 4.523057840679481356e-01 4.508876970186586619e-01 4.493879117149877089e-01 4.478992433432988363e-01 4.465351668272604657e-01 4.454444610197123566e-01 4.448220034877566897e-01 4.449113342079814015e-01 4.459931768571761546e-01 4.483609857572465884e-01 4.522776586574859259e-01 4.579317600189159454e-01 4.654016793562263943e-01 4.746161915801666020e-01 4.853756815439904115e-01 4.973629666001025407e-01 5.101910527907405069e-01 5.234229434696958672e-01
-1.000000000000000000e+00 -1.000000000000000000e+00 -1.000000000000000000e+00 -1.000000000000000000e+00 -1.000000000000000000e+00 -1.000000000000000000e+00 -1.000000000000000000e+00 -1.000000000000000000e+00 -1.000000000000000000e+00 -1.000000000000000000e+00 -1.000000000000000000e+00 -1.000000000000000000e+00 -1.000000000000000000e+00 -1.000000000000000000e+00 4.622072372998502487e-01 4.516156970798040904e-01 4.414142691148280062e-01 4.316399784339259860e-01 4.223466351998016455e-01 4.135761597520086763e-01 4.053482766074713584e-01 3.976610757847054423e-01 3.904961854464466531e-01 3.838247298360246695e-01 3.776123409093046779e-01 3.718227642902028340e-01 3.664201851477785210e-01 3.613705815708301849e-01 3.566424111239069883e-01 3.522068726502268210e-01 3.500271895797011368e-01 3.496593047438286694e-01 3.502605605001042899e-01 3.515687142951991473e-01 3.534541827706690897e-01 3.558448370742927636e-01 3.587007996444387947e-01 3.629528548944426225e-01 3.698151643998793259e-01 3.791244941578673644e-01 3.911613337984405914e-01 4.058095975231958974e-01 4.212057294865791390e-01 4.312455959171326292e-01 4.380705630579963539e-01 4.427991720344196525e-01 4.460031844685022340e-01 4.480589985202320658e-01 4.492342524082113542e-01 4.497275142767227507e-01 4.496903403472454763e-01 4.492413615869029764e-01 4.484759502368925177e-01 4.474737831481140349e-01 4.463051123645851992e-01 4.450374820748159710e-01 4.437441683204839116e-01 4.425139388421646669e-01 4.414629093132683146e-01 4.407454348139431266e-01 4.405597236606569322e-01 4.411468793074242445e-01 4.427741920523342589e-01 4.457097157338409943e-01 4.501863285718259444e-01 4.563547487239267286e-01 4.642645152643563589e-01 4.738403186988852100e-01 4.848746074043197019e-01 4.970663386760407754e-01
-1.000000000000000000e+00 -1.000000000000000000e+00 -1.000000000000000000e+00 -1.000000000000000000e+00 -1.000000000000000000e+00 -1.000000000000000000e+00 -1.000000000000000000e+00 -1.000000000000000000e+00 -1.000000000000000000e+00 -1.000000000000000000e+00 -1.000000000000000000e+00 -1.000000000000000000e+00 -1.000000000000000000e+00 -1.000000000000000000e+00 -1.000000000000000000e+00 4.406738595811622305e-01 4.316387887850331451e-01 4.229275718462895406e-01 4.145840075592380769e-01 4.066475925536188196e-01 3.991430628893383181e-01 3.920785234930634910e-01 3.854479432559338448e-01 3.792351049265718088e-01 3.734174286613369809e-01 3.679690327343396739e-01 3.628629211637988128e-01 3.580724174308299590e-01 3.535720273723705342e-01 3.493379034201367639e-01 3.472336524392626855e-01 3.468378073686587126e-01 3.473556618189992951e-01 3.485424503780120142e-01 3.502756110158436464e-01 3.524843580684524080e-01 3.551267723421723810e-01 3.590465632333363910e-01 3.653090305891396050e-01 3.737283787556665016e-01 3.845754843256172784e-01 3.978888626116366956e-01 4.122920435462349986e-01 4.221173444256655083e-01 4.291054454297876797e-01 4.341932919495004595e-01 4.378600015207476104e-01 4.404288330293822940e-01 4.421352433246283908e-01 4.431577656362359896e-01 4.436346374520374614e-01 4.436753125446898927e-01 4.433678540351983499e-01 4.427851757334375637e-01 4.419896171489479109e-01 4.410374389648132332e-01 4.399838028256963796e-01 4.388886063364029200e-01 4.378248478487545836e-01 4.368879419309826262e-01 4.362056707310750792e-01 4.359457179421643014e-01 4.363164099423382791e-01 4.375591480404195099e-01 4.399309571719537959e-01 4.436730469535718480e-01 4.489824778565502106e-01 4.559645568272126526e-01 4.646304698186931592e-01 4.748632796852003679e-01
-1.000000000000000000e+00 -1.000000000000000000e+00 -1.000000000000000000e+00 -1.000000000000000000e+00 -1.000000000000000000e+00 -1.000000000000000000e+00 -1.000000000000000000e+00 -1.000000000000000000e+00 -1.000000000000000000e+00 -1.000000000000000000e+00 -1.000000000000000000e+00 -1.000000000000000000e+00 -1.000000000000000000e+00 -1.000000000000000000e+00 -1.000000000000000000e+00 -1.000000000000000000e+00 4.221379927923387121e-01 4.143737668760747450e-01 4.068793453328284904e-01 3.996951474627240541e-01 3.928506474211844179e-01 3.863617004637858177e-01 3.802316413563408548e-01 3.744539897644199034e-01 3.690154332641808477e-01 3.638984372838172665e-01 3.590832646756955682e-01 3.545494134499561079e-01 3.502765724337841835e-01 3.462452136818622295e-01 3.442504800348183402e-01 3.438814583117125179e-01 3.443761254384058446e-01 3.455032853257234970e-01 3.471460603279125090e-01 3.492346143800845737e-01 3.517252076764914581e-01 3.553915398156848870e-01 3.611775849670074701e-01 3.688705030350853398e-01 3.787117502154330739e-01 3.908076941519824654e-01 4.041190706180828873e-01 4.134920896808313429e-01 4.203868321081635218e-01 4.255931106236522377e-01 4.295092511933815693e-01 4.324064799472072118e-01 4.344875065086383770e-01 4.359079583553045478e-01 4.367913634658133759e-01 4.372359770953173075e-01 4.373219090777638596e-01 4.371153411113331555e-01 4.366726136879903741e-01 4.360432408232854384e-01 4.352731440138740693e-01 4.344084566828813609e-01 4.335007168337888239e-01 4.326131967777784859e-01 4.318291492508666840e-01 4.312608897883384862e-01 4.310572743051020450e-01 4.314062293400949266e-01 4.325309482421077489e-01 4.346736265635471330e-01 4.380755759659713533e-01 4.429479928130175548e-01 4.494314433173911549e-01 4.575762627101724878e-01
-1.000000000000000000e+00 -1.000000000000000000e+00 -1.000000000000000000e+00 -1.000000000000000000e+00 -1.000000000000000000e+00 -1.000000000000000000e+00 -1.000000000000000000e+00 -1.000000000000000000e+00 -1.000000000000000000e+00 -1.000000000000000000e+00 -1.000000000000000000e+00 -1.000000000000000000e+00 -1.000000000000000000e+00 -1.000000000000000000e+00 -1.000000000000000000e+00 -1.000000000000000000e+00 -1.000000000000000000e+00 4.060117983456703050e-01 3.992784922170603545e-01 3.927740350218772436e-01 3.865319847960264621e-01 3.805741854011520098e-01 3.749111414460498670e-01 3.695439323865207792e-01 3.644665889948569548e-01 3.596683332347219153e-01 3.551354248420614534e-01 3.508525601608236677e-01 3.468038670792661371e-01 3.429735748352321645e-01 3.411130905574120131e-01 3.408137138278241607e-01 3.413346758299323214e-01 3.424546284516999939e-01 3.440607611938049648e-01 3.460836001588173394e-01 3.484772590543529502e-01 3.519575183997020740e-01 3.573668795267705423e-01 3.644672455191284577e-01 3.734659023081097762e-01 3.844930541381231803e-01 3.967316745829326252e-01 4.055319840179969493e-01 4.121633366162182344e-01 4.173060980928902652e-01 4.212943060305381904e-01 4.243563933679130873e-01 4.266642328856345423e-01 4.283527804744303169e-01 4.295292756896179620e-01 4.302807708133831177e-01 4.306787609622116930e-01 4.307825771286065697e-01 4.306427808298848303e-01 4.303034218435476399e-01 4.298046361037891616e-01 4.291850300423211140e-01 4.284849288800006151e-01 4.277506729976318645e-01 4.270411271608838266e-01 4.264343708818394973e-01 4.260366126889785221e-01 4.259887142770340529e-01 4.264695360427731008e-01 4.276936284809129130e-01 4.298944364200466550e-01 4.333127737644663635e-01 4.381590446916677761e-01 4.445835173928891493e-01
-1.000000000000000000e+00 -1.000000000000000000e+00 -1.000000000000000000e+00 -1.000000000000000000e+00 -1.000000000000000000e+00 -1.000000000000000000e+00 -1.000000000000000000e+00 -1.000000000000000000e+00 -1.000000000000000000e+00 -1.000000000000000000e+00 -1.000000000000000000e+00 -1.000000000000000000e+00 -1.000000000000000000e+00 -1.000000000000000000e+00 -1.000000000000000000e+00 -1.000000000000000000e+00 -1.000000000000000000e+00 -1.000000000000000000e+00 -1.000000000000000000e+00 3.859642067768263018e-01 3.802676997109661894e-01 3.747956888627244632e-01 3.695640163010381340e-01 3.645795389819667109e-01 3.598420441061911390e-01 3.553461751237868560e-01 3.510831056009844908e-01 3.470418715696169665e-01 3.432103684786801390e-01 3.395760612996877037e-01 3.378675467842737756e-01 3.376714807793640416e-01 3.382591580990592095e-01 3.394163424936363915e-01 3.410321718346774889e-01 3.430365317154834837e-01 3.453813471590268525e-01 3.487330154555243755e-01 3.538468248779946257e-01 3.604607903550210435e-01 3.687512212226344288e-01 3.788527327596291627e-01 3.900952200728365904e-01 3.982838809324363849e-01 4.045558779350975631e-01 4.095122461208643427e-01 4.134411108604066909e-01 4.165369395906827754e-01 4.189466897102374632e-01 4.207867144695644490e-01 4.221502511274141667e-01 4.231135573369829705e-01 4.237394229453829708e-01 4.240804007057953906e-01 4.241814938161130311e-01 4.240818832618042378e-01 4.238171332242311462e-01 4.234208691974383210e-01 4.229270808863175857e-01 4.223731818415322747e-01 4.218042301385499515e-01 4.212791191172021166e-01 4.208779688788923945e-01 4.207097672044313730e-01 4.209186733863592988e-01 4.216864950636826648e-01 4.232279215523012672e-01 4.257800951773399456e-01 4.295787322199487446e-01 4.348251987589924483e-01
-1.000000000000000000e+00 -1.000000000000000000e+00 -1.000000000000000000e+00 -1.000000000000000000e+00 -1.000000000000000000e+00 -1.000000000000000000e+00 -1.000000000000000000e+00 -1.000000000000000000e+00 -1.000000000000000000e+00 -1.000000000000000000e+00 -1.000000000000000000e+00 -1.000000000000000000e+00 -1.000000000000000000e+00 -1.000000000000000000e+00 -1.000000000000000000e+00 -1.000000000000000000e+00 -1.000000000000000000e+00 -1.000000000000000000e+00 -1.000000000000000000e+00 -1.000000000000000000e+00 3.741365247128119464e-01 3.691040348304883145e-01 3.642662266700805729e-01 3.596342405329654435e-01 3.552122838712934993e-01 3.509992818770781287e-01 3.469903804866205643e-01 3.431781938416245126e-01 3.395537766261889634e-01 3.361073468131834940e-01 3.345639292634943751e-01 3.344987375243141936e-01 3.351875199978954778e-01 3.364202022990483432e-01 3.380860311912721738e-01 3.401133069378565743e-01 3.424513777692458905e-01 3.457236154678817175e-01 3.506079478085498691e-01 3.568191664450547362e-01 3.645067615639098757e-01 3.738048789011602646e-01 3.841451539405512094e-01 3.917295768256670585e-01 3.975986488924555529e-01 4.022961232937634635e-01 4.060763370821714457e-01 4.091095423482692395e-01 4.115237137422494418e-01 4.134200890510071336e-01 4.148799769534777804e-01 4.159701288903679406e-01 4.167457052916056504e-01 4.172529166738034867e-01 4.175316207559032766e-01 4.176166203022860235e-01 4.175395742520782161e-01 4.173304748747623250e-01 4.170194018406275793e-01 4.166386520631478185e-01 4.162261720707992607e-01 4.158304500721775043e-01 4.155169470626447481e-01 4.153758157597237100e-01 4.155301840013874148e-01 4.161393389844424417e-01 4.174012316453532545e-01 4.195447023643346096e-01 4.228092091205417624e-01 4.274285289052847103e-01
-1.000000000000000000e+00 -1.000000000000000000e+00 -1.000000000000000000e+00 -1.000000000000000000e+00 -1.000000000000000000e+00 -1.000000000000000000e+00 -1.000000000000000000e+00 -1.000000000000000000e+00 -1.000000000000000000e+00 -1.000000000000000000e+00 -1.000000000000000000e+00 -1.000000000000000000e+00 -1.000000000000000000e+00 -1.000000000000000000e+00 -1.000000000000000000e+00 -1.000000000000000000e+00 -1.000000000000000000e+00 -1.000000000000000000e+00 -1.000000000000000000e+00 -1.000000000000000000e+00 -1.000000000000000000e+00 3.635642902896153994e-01 3.590824530100214518e-01 3.547715906068893976e-01 3.506392234370607763e-01 3.466875999187710167e-01 3.429150330274096103e-01 3.393170517929842145e-01 3.358873306950779791e-01 3.326184048754902700e-01 3.312511699067191007e-01 3.313417688522551918e-01 3.321630875757515811e-01 3.335061371369208438e-01 3.352582943708846130e-01 3.373454166950063948e-01 3.397142414589376935e-01 3.429504816844506920e-01 3.476606365259082843e-01 3.535343685678801751e-01 3.606987846198185799e-01 3.692893588004048655e-01 3.788154914612528734e-01 3.858246479692041264e-01 3.912793153457764794e-01 3.956792425486215237e-01 3.992552978697015420e-01 4.021600818438303970e-01 4.045076145105342968e-01 4.063872943986562292e-01 4.078711144871209893e-01 4.090179642370200264e-01 4.098764416135408095e-01 4.104873667460678943e-01 4.108858936142382734e-01 4.111031046403926803e-01 4.111676186087986906e-01 4.111069765400042764e-01 4.109486567597437356e-01 4.107224951732842966e-01 4.104631497757328384e-01 4.102144464473629903e-01 4.100353856417561227e-01 4.100081549075565435e-01 4.102464118322208253e-01 4.109014908399348243e-01 4.121645945492948826e-01 4.142626677729204232e-01 4.174440940086813767e-01 4.219547773699280913e-01
-1.000000000000000000e+00 -1.000000000000000000e+00 -1.000000000000000000e+00 -1.000000000000000000e+00 -1.000000000000000000e+00 -1.000000000000000000e+00 -1.000000000000000000e+00 -1.000000000000000000e+00 -1.000000000000000000e+00 -1.000000000000000000e+00 -1.000000000000000000e+00 -1.000000000000000000e+00 -1.000000000000000000e+00 -1.000000000000000000e+00 -1.000000000000000000e+00 -1.000000000000000000e+00 -1.000000000000000000e+00 -1.000000000000000000e+00 -1.000000000000000000e+00 -1.000000000000000000e+00 -1.000000000000000000e+00 -1.000000000000000000e+00 3.540618186033123171e-01 3.500411234006136629e-01 3.461721914268197087e-01 3.424598094373525470e-01 3.389047863467342658e-01 3.355050038950830316e-01 3.322562915642881531e-01 3.291531202359700981e-01 3.279741963727038634e-01 3.282467490002969890e-01 3.292327411334119436e-01 3.307202364077200807e-01 3.325932061780019211e-01 3.347749215808805134e-01 3.372094115238556955e-01 3.404493431258948655e-01 3.450337933881738595e-01 3.506220138500352190e-01 3.573198490321345955e-01 3.652709290264432029e-01 3.740539553456316280e-01 3.805209951414468827e-01 3.855651245551950934e-01 3.896500190810852637e-01 3.929894327738548410e-01 3.957229761502744636e-01 3.979543005149410728e-01 3.997643282977229595e-01 4.012175678317015382e-01 4.023664664414909331e-01 4.032542331748173448e-01 4.039172852386352930e-01 4.043870994098647809e-01 4.046919940005503924e-01 4.048586271680067461e-01 4.049130239189258074e-01 4.048821255560630106e-01 4.047950664052987202e-01 4.046861757330785236e-01 4.045993638377908264e-01 4.045939056730434857e-01 4.047542578549151449e-01 4.051970398263565754e-01 4.060805497420499344e-01 4.076064132300179499e-01 4.100140857600351185e-01 4.135679976218048504e-01 4.185281402607951562e-01
-1.000000000000000000e+00 -1.000000000000000000e+00 -1.000000000000000000e+00 -1.000000000000000000e+00 -1.000000000000000000e+00 -1.000000000000000000e+00 -1.000000000000000000e+00 -1.000000000000000000e+00 -1.000000000000000000e+00 -1.000000000000000000e+00 -1.000000000000000000e+00 -1.000000000000000000e+00 -1.000000000000000000e+00 -1.000000000000000000e+00 -1.000000000000000000e+00 -1.000000000000000000e+00 -1.000000000000000000e+00 -1.000000000000000000e+00 -1.000000000000000000e+00 -1.000000000000000000e+00 -1.000000000000000000e+00 -1.000000000000000000e+00 -1.000000000000000000e+00 3.454777297350321574e-01 3.418470467189772544e-01 3.383522324688610916e-01 3.349960463501319707e-01 3.317782581123802643e-01 3.286964621098491524e-01 3.257467402899779652e-01 3.247731360790295230e-01 3.252601235317144068e-01 3.264474881101004922e-01 3.281157170756444641e-01 3.301448336950730256e-01 3.324556249785269868e-01 3.349896433437172805e-01 3.382725619111053850e-01 3.427774898143021720e-01 3.481223620005338137e-01 3.543910116359054729e-01 3.617422311962349424e-01 3.698278975457849893e-01 3.757796417603695982e-01 3.804210087247423822e-01 3.841837866264353751e-01 3.872675054138501882e-01 3.898024517020928226e-01 3.918843335321215982e-01 3.935874909158724733e-01 3.949706166824211717e-01 3.960811237569217269e-01 3.969580244370963795e-01 3.976341854755492955e-01 3.981388151996491098e-01 3.984990430630861447e-01 3.987410545267793260e-01 3.988914536418947110e-01 3.989783282960394639e-01 3.990327996223985152e-01 3.990920216151109257e-01 3.992051422071575262e-01 3.994403859911997423e-01 3.998956197481656760e-01 4.007089941654238263e-01 4.020666139413187068e-01 4.042023791928789911e-01 4.073894098593005553e-01 4.119180630513692432e-01 4.180618338249437738e-01
-1.000000000000000000e+00 -1.000000000000000000e+00 -1.000000000000000000e+00 -1.000000000000000000e+00 -1.000000000000000000e+00 -1.000000000000000000e+00 -1.000000000000000000e+00 -1.000000000000000000e+00 -1.000000000000000000e+00 -1.000000000000000000e+00 -1.000000000000000000e+00 -1.000000000000000000e+00 -1.000000000000000000e+00 -1.000000000000000000e+00 -1.000000000000000000e+00 -1.000000000000000000e+00 -1.000000000000000000e+00 -1.000000000000000000e+00 -1.000000000000000000e+00 -1.000000000000000000e+00 -1.000000000000000000e+00 -1.000000000000000000e+00 -1.000000000000000000e+00 -1.000000000000000000e+00 -1.000000000000000000e+00 3.343896219103609790e-01 3.312144028653596362e-01 3.281629290643588437e-01 3.252342385553411708e-01 3.224257536033829363e-01 3.216856231716288539e-01 3.224329624280711237e-01 3.238675541878495712e-01 3.257584579240754841e-01 3.279822381349561389e-01 3.304584362589519375e-01 3.331267962519263159e-01 3.364946798113683246e-01 3.409694466454133988e-01 3.461095254564015011e-01 3.519696095330130947e-01 3.587305626523807356e-01 3.661319980685190378e-01 3.715798549893865599e-01 3.758216376051791152e-01 3.792566155656524329e-01 3.820718318076968267e-01 3.843897088787339156e-01 3.862996804759919467e-01 3.878707400238625702e-01 3.891568358477391909e-01 3.902015011315200788e-01 3.910407546504076071e-01 3.917062297284762407e-01 3.922270289647092900e-01 3.926316002455339516e-01 3.929484471450186422e-01 3.932073025628736174e-01 3.934397778944692115e-01 3.936817227166252708e-01 3.939787177916079242e-01 3.943939007561943488e-01 3.950192631291044587e-01 3.959898367505341743e-01 3.974946083738758462e-01 3.997810280836144314e-01 4.031469255990546841e-01 4.079198438791307724e-01 4.144125128506800371e-01 4.228836871548479759e-01
-1.000000000000000000e+00 -1.000000000000000000e+00 -1.000000000000000000e+00 -1.000000000000000000e+00 -1.000000000000000000e+00 -1.000000000000000000e+00 -1.000000000000000000e+00 -1.000000000000000000e+00 -1.000000000000000000e+00 -1.000000000000000000e+00 -1.000000000000000000e+00 -1.000000000000000000e+00 -1.000000000000000000e+00 -1.000000000000000000e+00 -1.000000000000000000e+00 -1.000000000000000000e+00 -1.000000000000000000e+00 -1.000000000000000000e+00 -1.000000000000000000e+00 -1.000000000000000000e+00 -1.000000000000000000e+00 -1.000000000000000000e+00 -1.000000000000000000e+00 -1.000000000000000000e+00 -1.000000000000000000e+00 -1.000000000000000000e+00 3.275761078892477363e-01 3.246762566481746215e-01 3.218876008667825861e-01 3.192086801598515988e-01 3.187538834226268936e-01 3.198325705660897689e-01 3.215756362872422836e-01 3.237403154971457697e-01 3.262028709435765839e-01 3.288840992887097081e-01 3.317240044014192479e-01 3.352258198409356904e-01 3.397311747016719119e-01 3.447099019076022008e-01 3.501708289246347472e-01 3.563177607538167146e-01 3.630034349359385071e-01 3.679326909297695458e-01 3.717640131782909974e-01 3.748598867703641924e-01 3.773938271575743575e-01 3.794802460983615622e-01 3.812031196327605453e-01 3.826264236995925438e-01 3.838009247588198281e-01 3.847683198345699940e-01 3.855652223886416596e-01 3.862262348650730148e-01 3.867849803495259642e-01 3.872748869128025406e-01 3.877298445249067749e-01 3.881835535819018745e-01 3.886736925633357265e-01 3.892463417038795059e-01 3.899681888616058911e-01 3.909411493112042724e-01 3.923215248716327430e-01 3.943333754671800584e-01 3.972747353614730637e-01 4.015047654440408453e-01 4.074093265854700774e-01 4.153414292060147450e-01 4.255616357598946409e-01 4.381677195857514029e-01
