0.000000000000000000e+00 9.758031458388404644e+01 9.091884709956775623e+01 8.910648278453800231e+01 8.853105464291911630e+01 8.184658769231054976e+01 7.687344332461771046e+01 7.392513954283094790e+01 7.303389238081217627e+01 7.659733000945107051e+01 7.278086256679853250e+01 6.323831830200060722e+01 6.229329822223280644e+01 7.070800468934248784e+01 6.228928391053841551e+01 6.208622599619729954e+01 6.166857406621284099e+01 5.698174960997630478e+01 5.512755783587908809e+01 6.250864081592908406e+01 5.695638291426894284e+01 6.258126766781424521e+01 5.686273750744658173e+01 5.876278390136167218e+01 5.545484173927343363e+01 5.075450275751882145e+01 5.292083488417620174e+01 5.093084146122009770e+01 5.326180216389639099e+01 4.476898552023203592e+01 5.034814784691116074e+01 4.361107759332571732e+01 4.243286392338222868e+01 4.925499672478008506e+01 5.032451029614867366e+01 3.784310771572609156e+01 4.775065052937998189e+01 4.787611741233922658e+01 4.244746014630072750e+01 3.984152387816129703e+01 4.578948148492054315e+01 4.529549809634545454e+01 4.100956276205852191e+01 4.435077757696626577e+01 3.703311675042414208e+01 3.320843945436672584e+01 4.415461488170740267e+01 5.084844547656712166e+01 3.895337262741259110e+01 4.019930127652060037e+01 3.963372363517237318e+01 3.656824046423753316e+01 3.749024464266904033e+01 3.431014310391174149e+01 4.065732845971569986e+01 4.006571630334383372e+01 4.195136197090050700e+01 3.531125956517144004e+01 4.134414876110486148e+01 3.778017877612865050e+01 4.255366803473816617e+01 3.916127361280541663e+01 3.990131361185012793e+01 3.960678417563394760e+01 3.327784138984407036e+01 3.634987276138735979e+01 3.198808603597944966e+01 2.929590146650298266e+01 4.469396394424120444e+01 3.666290422683141514e+01
0.000000000000000000e+00 1.029586793465996379e+02 9.279667022032981549e+01 9.477144495280117553e+01 9.128894790100139289e+01 8.191551581906560386e+01 7.832982443008950213e+01 7.579472838678884727e+01 8.084972356413754824e+01 7.330502473440037647e+01 7.538943301345216241e+01 6.838162180022800385e+01 7.202607453137852644e+01 6.627024548080771638e+01 6.995223411007191316e+01 6.329918446359215523e+01 5.802427750660081074e+01 5.620563264341035392e+01 5.534317253627659738e+01 6.416112608725006794e+01 5.312789570404265760e+01 5.109825928392410788e+01 5.302241942901491711e+01 6.062015002749240011e+01 5.373486238571604190e+01 5.417447348994437561e+01 5.193610963384708157e+01 5.333305282472610998e+01 4.698622063743505350e+01 4.770261518257666467e+01 5.159969536547441749e+01 5.230335389138008395e+01 4.931729750992008121e+01 5.013953236944780656e+01 4.537546680940386068e+01 4.977638109681765854e+01 4.412424328111228533e+01 4.515236477766211465e+01 5.205728944236079769e+01 4.566584211638792112e+01 4.568581592940563496e+01 4.038382919974628749e+01 4.040176691990836844e+01 4.536526015982235549e+01 4.483261272941808784e+01 4.213608505030742890e+01 4.511308360746079416e+01 3.799337329235868310e+01 4.477944597478972355e+01 3.565577935193141457e+01 4.433548284729886291e+01 3.892587316396884489e+01 4.218377809261983202e+01 4.445864339890522388e+01 3.329271780446651974e+01 3.944984573521378479e+01 3.808353176392711248e+01 4.228615656774172749e+01 3.480022756664811823e+01 3.711777212560991757e+01 3.676380737458930525e+01 3.243736445586046102e+01 3.541672737304770635e+01 3.703387050715991791e+01 3.656589973576819830e+01 3.508641859510953509e+01 3.828785325570288478e+01 3.569064686123829233e+01 3.440144432409715591e+01 3.952374069629968290e+01
0.000000000000000000e+00 1.009819777263473952e+02 9.655923251154081299e+01 9.175896486649389772e+01 8.665264025775695700e+01 8.340378569797030650e+01 7.929022851918807646e+01 8.355745241521299249e+01 7.676271167909862925e+01 7.691935673426905851e+01 7.076656312928935222e+01 6.596578487103488442e+01 6.328256837364142484e+01 7.255585966655871744e+01 5.964467413640113591e+01 6.304828098697771566e+01 6.104223145935338835e+01 5.927533596086959733e+01 5.897802277487835454e+01 5.943258403143499891e+01 5.398710351139698105e+01 6.282452240280235856e+01 5.557807475235676975e+01 5.489626513589928436e+01 5.914892421138938516e+01 5.123485206726127217e+01 5.820228225806067712e+01 5.268023503936001362e+01 5.131838527106901893e+01 4.677720579465949413e+01 5.118399002083697269e+01 4.919952106931623348e+01 5.162090220781828975e+01 4.733528187136016641e+01 4.928689353166191722e+01 5.029261332037049215e+01 4.833832557580262801e+01 4.829466984356622561e+01 4.556065316965259626e+01 4.384660236188119598e+01 4.985329765167216465e+01 4.376808843066328336e+01 4.150922933602441844e+01 4.454600570204138421e+01 4.122592068569883850e+01 4.015149514404765796e+01 4.731989771839744208e+01 3.771091137306120800e+01 3.469572562614848721e+01 4.232965344947433550e+01 3.949551763730369203e+01 3.605024353045564567e+01 3.975423382932331151e+01 4.038764075733706704e+01 3.120047826206837271e+01 4.126906977561611711e+01 4.094854499140137705e+01 3.893037198979209279e+01 4.675060188197585376e+01 3.712441948483137821e+01 3.237521742669196101e+01 3.883744858399995792e+01 3.989508235027324190e+01 3.361833337928055698e+01 3.584985898693548734e+01 4.028859313814928100e+01 3.441760816162241099e+01 3.604938107864518315e+01 3.786604033564026395e+01 3.725310778820448832e+01
0.000000000000000000e+00 1.071321261888488152e+02 9.256510986641114869e+01 9.262295264940212292e+01 9.188084472907576128e+01 8.135340912465881047e+01 8.221097000751387895e+01 7.321205785970869329e+01 7.851379819829162443e+01 7.696540295266731846e+01 7.361968047262735126e+01 7.328350573466696005e+01 7.254471365968129248e+01 6.570167055381125465e+01 6.299650601409439332e+01 6.815836706307618442e+01 6.369973880324550919e+01 6.635918176916447919e+01 6.706571524312357724e+01 6.374839097857920933e+01 5.658686975739692571e+01 5.910624081790683704e+01 5.855038499076454173e+01 5.848865464036589401e+01 5.425145159953672191e+01 5.396102952800811181e+01 5.244936192628983918e+01 5.524831710041326005e+01 5.250279192044808951e+01 5.339727444059735717e+01 4.871857849578418609e+01 4.666308200432149533e+01 5.060291903547840775e+01 5.442261298053063001e+01 4.867455320009912612e+01 4.534455374454955745e+01 4.728674277810023341e+01 4.826968384064684869e+01 4.135666597660474508e+01 4.949654837017578757e+01 4.026245000765902660e+01 4.592441991846271776e+01 4.802401629312089426e+01 4.160412938790022963e+01 4.338932936775563576e+01 4.344772707125275701e+01 3.870100385794376052e+01 4.468419471878314653e+01 4.166520631039929867e+01 3.982658261368987951e+01 4.127149336691081771e+01 3.985801751311191765e+01 4.418898649617858609e+01 4.299067720561424721e+01 4.269636676420623189e+01 3.652640404331395985e+01 3.724223409280648411e+01 4.830753739427382243e+01 3.984363401499240354e+01 3.331539592509943759e+01 4.192529405433606371e+01 3.705539387588032696e+01 4.065165939678081486e+01 4.402210810629367188e+01 4.499687996349712193e+01 3.737247094367603495e+01 4.166370637626323514e+01 3.642134081484755370e+01 4.013721113238034377e+01 3.515875516675532708e+01
0.000000000000000000e+00 1.111771232013220470e+02 9.268912431799753904e+01 9.426182424506941970e+01 9.091733811479252836e+01 8.545354564809485964e+01 8.983156534224508505e+01 7.975264002262656504e+01 8.491466360564118077e+01 8.272782939755961706e+01 6.948736201068095397e+01 8.490658836426473499e+01 7.278646846130641279e+01 7.350836775581592519e+01 7.051707818893646618e+01 6.503122122311333442e+01 6.491691187071728564e+01 6.613472426559292217e+01 6.769569614891042875e+01 5.937574244006373192e+01 6.005022113525228633e+01 5.527883891054852938e+01 5.710119886652000787e+01 5.595324558837091899e+01 5.701000077210528616e+01 4.967641836028496982e+01 5.345023966165672391e+01 5.880779290162854522e+01 4.897961326472614019e+01 5.180189681450792705e+01 5.088592813858622321e+01 4.875276625252308804e+01 4.885142636585487708e+01 5.278808136352336078e+01 5.313109767423793528e+01 5.034405952435918152e+01 4.660013804590835207e+01 5.066924079788122981e+01 4.681062586336338427e+01 4.707974719044068479e+01 4.040288415622444518e+01 4.777063353436369653e+01 4.881996973560671904e+01 4.568355513523283662e+01 4.801600344168218726e+01 4.909195297721043971e+01 4.082245298906263997e+01 4.535098831474488179e+01 4.383523338531267655e+01 4.523441076754897949e+01 4.134614590474166107e+01 4.383890348609156717e+01 3.937312877098474928e+01 4.248402333048079527e+01 3.985034340450647505e+01 4.121141461870229250e+01 4.246138462903854816e+01 4.390110007514294921e+01 3.564345628149294498e+01 3.686879646645638786e+01 4.433926564870353104e+01 3.598124162436761253e+01 3.574485612504804521e+01 4.279419112833329564e+01 4.129252229815119790e+01 4.010911972793883251e+01 4.073779152560791772e+01 2.827186724349485303e+01 3.780396843525431905e+01 3.406976730138103449e+01
0.000000000000000000e+00 1.015829707700486324e+02 1.070020932880720466e+02 9.590964045366490609e+01 8.699947617315046955e+01 8.952092080384454675e+01 8.869122726334808249e+01 8.546907541012205911e+01 8.656961316393289962e+01 7.179251700719214568e+01 7.541477970287451171e+01 7.842203994807641720e+01 6.977037115515622645e+01 7.315574949065739929e+01 6.476303404471718750e+01 6.526659357061589617e+01 6.809008864983252352e+01 6.163635313685881556e+01 5.898413669150886562e+01 5.741859923849688130e+01 6.358269387795780858e+01 5.923452300827557337e+01 5.776205461817789910e+01 5.661038345893712176e+01 6.155971429443434317e+01 4.983106356853750185e+01 4.888215133213816443e+01 5.549983714089967179e+01 5.239222532969915846e+01 4.693831820946297739e+01 5.264689080110065333e+01 5.134133687085613929e+01 5.002703958666825201e+01 4.904960713436457809e+01 5.055273354295150057e+01 4.873097350476837164e+01 4.754439474496621187e+01 4.933520357075576612e+01 4.616826856337138452e+01 4.589920820230190657e+01 4.772388562579362770e+01 4.634713626157144972e+01 4.696390889698750470e+01 4.280733900176483075e+01 4.536747694453379154e+01 4.494803933906950988e+01 4.001217457604752781e+01 4.408709148849766279e+01 4.342551507858343030e+01 4.230762271369212613e+01 4.409411856544511465e+01 3.829344502779804316e+01 4.149348701431699737e+01 3.852281333763949078e+01 4.104774261842430860e+01 4.023819011504338050e+01 4.276283771046291804e+01 3.809344098794372258e+01 3.943666017146006197e+01 4.100002739545061559e+01 3.780690322563305017e+01 4.414665752347491434e+01 4.212827303261838097e+01 3.931383651616397401e+01 3.869320951706367850e+01 3.707195944988870906e+01 3.787482930149235472e+01 3.280769702861971382e+01 3.718338730400455461e+01 3.818877354272490265e+01
0.000000000000000000e+00 1.046726539311275701e+02 1.067984156234447255e+02 9.229367151601081787e+01 8.646017152004924355e+01 8.806148373112182526e+01 8.160338059885179973e+01 8.198536646023376306e+01 8.178735757720596666e+01 8.116009628335814341e+01 7.298107644579158659e+01 7.503316972253560380e+01 7.219857315975605161e+01 7.447596676518196546e+01 6.537796049869893977e+01 7.155121481954893170e+01 6.781364406188731664e+01 6.894502123228357959e+01 6.123152760525590566e+01 6.295846586233665221e+01 6.053560511620617035e+01 5.952981561778278774e+01 6.400488554016556009e+01 6.006131455620561610e+01 5.752024203761993704e+01 5.769722749972379461e+01 5.930185030704342353e+01 5.342007505967103498e+01 5.119080557880761262e+01 5.195632185630529420e+01 5.274474266146489754e+01 5.378653089968202039e+01 4.869656854847198701e+01 5.430620333720753479e+01 5.425405810218853730e+01 5.350176614757674542e+01 4.817588932666694745e+01 4.571141132552975250e+01 5.251171049831464188e+01 4.318282101942850204e+01 4.864940996275345242e+01 4.771843885093494464e+01 4.933507239716755066e+01 4.460335566048206601e+01 4.978054597870777798e+01 4.307097908719015322e+01 4.814263900560263210e+01 4.493700504633670789e+01 4.216277756779436459e+01 4.687612530957676427e+01 4.621758754722077356e+01 4.117626129022346504e+01 4.007452247340006579e+01 4.612658827089262559e+01 3.771485357834262686e+01 4.269687596051562650e+01 4.159188426034097574e+01 3.865258413246010605e+01 3.988200049579700135e+01 3.820383647984317577e+01 4.151777356196225810e+01 4.022323427141691354e+01 3.469180603704671739e+01 4.128971554841064062e+01 3.545966230790736518e+01 3.577136384669347535e+01 3.782543539510652408e+01 4.119893433384231685e+01 3.744976502007375530e+01 3.449303348655325863e+01
0.000000000000000000e+00 1.045244790270926387e+02 1.054279349672274293e+02 9.877281707492602436e+01 9.704989145107538207e+01 9.665631713694119753e+01 8.922933346339596028e+01 8.493536231389634850e+01 8.819776976177263350e+01 7.787456954522531305e+01 8.085126848500522101e+01 6.987877307002554517e+01 7.885964155364263206e+01 7.619740154493229056e+01 7.253068409644401981e+01 6.829329576284408176e+01 6.361064290449212422e+01 7.222613214985813102e+01 6.747092740867219618e+01 6.227723410681301175e+01 6.010763829661300406e+01 6.208205045910835906e+01 5.908857987845703974e+01 6.212374910631569946e+01 6.302130853406060851e+01 6.243379751611973916e+01 5.031676828078161634e+01 5.809866250468985527e+01 5.046516371374855225e+01 6.290370212523930604e+01 5.339896578033039987e+01 5.334097130780719453e+01 4.994586463489213202e+01 4.757763111463100358e+01 4.804325901577658442e+01 5.182518835094833776e+01 4.856441707463682178e+01 5.220664189136232380e+01 4.767234756847983590e+01 4.392548323871733373e+01 5.367453749266132945e+01 4.985766825878226882e+01 5.095976000112386828e+01 4.776211883720179685e+01 4.485050737648452923e+01 5.047057345465827893e+01 4.217830300333889681e+01 4.681021350487071686e+01 4.831752688098731596e+01 3.748736013386815102e+01 4.375331636227383569e+01 4.904327627428210690e+01 4.623389520567980071e+01 4.457087869098450028e+01 4.170746157618668803e+01 4.317923739434445451e+01 4.555619877211165658e+01 4.381596273979084799e+01 4.317151665826304452e+01 4.162657318337096513e+01 4.052973727898825018e+01 3.270298181867133280e+01 3.790203319366105461e+01 4.554851826039771368e+01 3.921681493831374610e+01 3.559008139862567077e+01 3.435041363221216670e+01 3.855108456993889376e+01 3.758567042303138805e+01 4.545142657870246694e+01
0.000000000000000000e+00 1.086654253596711897e+02 1.082073699252810002e+02 1.020604924808253600e+02 9.695705393299749630e+01 9.258894317262365803e+01 9.056480646581348992e+01 8.823656548448798276e+01 8.158504233462645061e+01 8.026805351816983602e+01 7.627219818419825970e+01 7.830404691810053919e+01 7.133132329292948270e+01 7.302449709318489113e+01 7.265710627478301831e+01 6.725876109084174459e+01 7.109123342973271065e+01 6.604905923481783248e+01 6.169284222375972604e+01 7.103559829606456333e+01 6.435367960547910116e+01 6.270846840745025474e+01 6.404987156241895718e+01 5.863240491361239037e+01 6.469434754246594821e+01 6.548847603075273582e+01 5.877871712619162281e+01 5.667205321687924879e+01 5.497395759003984494e+01 5.892923427548612381e+01 5.324323314620187375e+01 5.319745422488631448e+01 5.161802369984616234e+01 6.109397252312191995e+01 5.155768346327204199e+01 5.664785742293133808e+01 5.221451993221216981e+01 5.290687138685416357e+01 5.331419895551562149e+01 5.118318197487269572e+01 4.792609328473736241e+01 4.867850574824615251e+01 5.224374552688277618e+01 4.586101801613540374e+01 5.411932228682962887e+01 5.094235511880788181e+01 4.096822433745455783e+01 4.480566863144031231e+01 4.579731373967842956e+01 4.412100499159259925e+01 4.803945056586780993e+01 4.554906309080661231e+01 4.878090742718313777e+01 4.015807851842942000e+01 4.728427401567932975e+01 4.369639968245041928e+01 4.530812490198195519e+01 4.438017750363337655e+01 4.042475575543699051e+01 4.138409893102220849e+01 3.741361091619660328e+01 3.830326380284759580e+01 3.880910735525162636e+01 4.480282979151229483e+01 3.921843627145972278e+01 4.103129004781385447e+01 4.055768656848817955e+01 3.875782631619745189e+01 4.328668172394122848e+01 4.343239682162402460e+01
0.000000000000000000e+00 1.097449622706753871e+02 1.069487443934494877e+02 1.045781762533001711e+02 9.792662861937333219e+01 9.903885604552215227e+01 9.104397815412494310e+01 9.239108829247879839e+01 8.971986534951338399e+01 7.988029090297595758e+01 7.816048156724400542e+01 7.012672497144512818e+01 7.700631898300434841e+01 7.346143716160258919e+01 7.575974582753542563e+01 7.006455749790393384e+01 7.653076305471131491e+01 6.487993255544006388e+01 6.889945422738901470e+01 6.724765848081506192e+01 6.285526761393566630e+01 6.687554448479340863e+01 6.531202387999201164e+01 6.207105636826054251e+01 5.423680495787039035e+01 6.487884409206299097e+01 6.050454652238659037e+01 5.425476998552267105e+01 5.743939633578065695e+01 5.336466727406286736e+01 5.367925069299508323e+01 5.278170835834907848e+01 5.553015689492667661e+01 5.206868731008171380e+01 5.494842918791300690e+01 4.756702816786219046e+01 5.521092516268072359e+01 5.051230928411951027e+01 5.523106932348855480e+01 5.320067346898349570e+01 4.351553886661167780e+01 5.499262439803169400e+01 4.717308859735931037e+01 4.979070006836900575e+01 4.444494759027656983e+01 4.445946852761289847e+01 5.261927731008290721e+01 5.383319164157023806e+01 4.573747664350753439e+01 4.125474983817480279e+01 4.533871718786713245e+01 4.590727437465557159e+01 3.919968865314331197e+01 4.677748575440728018e+01 4.255007305483218261e+01 4.609287296785828403e+01 4.174081258846172204e+01 4.232885335099672375e+01 4.915788770859694523e+01 4.281054960886376648e+01 4.407083877066725108e+01 4.348894008407251022e+01 4.425232522536271063e+01 3.991136431028508014e+01 3.786532744014584750e+01 3.621978334985692527e+01 3.829037506038002903e+01 4.862123550039882502e+01 4.031761542369167728e+01 4.021675820893710807e+01
0.000000000000000000e+00 1.152200352150230174e+02 1.104862784401102545e+02 1.024026728079634267e+02 9.475028486427117969e+01 8.827982065025798875e+01 8.842104187571703733e+01 8.791196694194513839e+01 8.925818099851858278e+01 8.501378241974180128e+01 7.893550183098886919e+01 8.414824692707770737e+01 7.459997577668900703e+01 7.798712007716540029e+01 6.618851501530753012e+01 7.604588321703340625e+01 7.258704258824491262e+01 6.750289789979024135e+01 7.585422498487378107e+01 6.777503936553466701e+01 7.285182064319405981e+01 6.421562477718498485e+01 6.036283455116836194e+01 5.992562432910654024e+01 7.075469265753872605e+01 5.942173621595566146e+01 5.272822397913023451e+01 5.505179627910774798e+01 6.096029008615914790e+01 5.901890131001164264e+01 5.888203501406633222e+01 5.691898283741693376e+01 5.709960944156637197e+01 5.789663174689940206e+01 5.402153814395251175e+01 5.205972000420297263e+01 5.838212539207779628e+01 5.583521564475677224e+01 5.449298996146103491e+01 5.172347729940088357e+01 4.907964837532836100e+01 5.011531412511749295e+01 5.733190852452298714e+01 4.740030039109865356e+01 4.476059951311253826e+01 4.454356139028254802e+01 4.206686249982408299e+01 5.332662286601293999e+01 4.480469607657573761e+01 4.810206710852298784e+01 5.283621923836790302e+01 4.464525184086278387e+01 4.429225605263104626e+01 4.852047394530586644e+01 4.796610213798044242e+01 4.635616189833717726e+01 4.192656806161335226e+01 4.407340912734025551e+01 4.463139245230036067e+01 4.479626724820877826e+01 4.214348925434069315e+01 5.095216264946475349e+01 4.676835491493807240e+01 3.865383261825604677e+01 4.426020824362126405e+01 4.953400245218608688e+01 4.581125283163692075e+01 4.186551418390899926e+01 4.401204454057028670e+01 4.220467457276936329e+01
0.000000000000000000e+00 1.227549596099938753e+02 1.107041919121584215e+02 9.949448594997875261e+01 9.620529841423194739e+01 1.004017620662680201e+02 9.267640663617567043e+01 9.885891675366474374e+01 8.662967829735407577e+01 9.059718907465503435e+01 8.374966042702180857e+01 7.912503385667650946e+01 8.270106367838252481e+01 7.702851313153178126e+01 7.971077828016586864e+01 7.109553384739319881e+01 6.447125226508524065e+01 7.179736252949260233e+01 7.461441471972420914e+01 6.712944361663176096e+01 6.230495131805673736e+01 6.653151809881592271e+01 6.361102659993503039e+01 6.612234245901800023e+01 6.380264290073955635e+01 6.141697210911479488e+01 6.915817545972458902e+01 5.753645428473873835e+01 5.929593342938096612e+01 6.308715027479684068e+01 5.526679392900086896e+01 5.322305169591345475e+01 5.617153342156257168e+01 5.984552664028160507e+01 5.793056809876679836e+01 5.786267663167882347e+01 5.290022466878394880e+01 5.742048147678724490e+01 5.237725552533061091e+01 5.549235989103590327e+01 4.886193109745613583e+01 5.145392252033616387e+01 5.126572455310451915e+01 4.680865109237447541e+01 4.784278939497357896e+01 5.119991818349444657e+01 4.955768600506121402e+01 4.955641943156251727e+01 4.780827101561953896e+01 5.154176420550766125e+01 4.601498690590051410e+01 4.801981030292677133e+01 4.727629994348922082e+01 4.628166655361883386e+01 3.864844170350306740e+01 4.439263693626867280e+01 4.816581789257179480e+01 4.459391867042563717e+01 3.451796770398027547e+01 4.411838372748024995e+01 4.741279273990130605e+01 4.580017779373383746e+01 4.179366982169790390e+01 4.148613134299603189e+01 4.010897087356238444e+01 4.515943490896870571e+01 4.235079506460965604e+01 4.633884669443295934e+01 4.196932083798697022e+01 3.893497452084216093e+01
0.000000000000000000e+00 1.193835592687810276e+02 1.170400038025345566e+02 1.178633311492299072e+02 1.043879864717978307e+02 9.585083236944774399e+01 9.221571808713542850e+01 9.100767326640834654e+01 9.256171443840094071e+01 8.834867867790308082e+01 8.426297019995990922e+01 7.649933511466906566e+01 7.567696455351688201e+01 8.057078557647491834e+01 7.766290584390799268e+01 7.827532923619401117e+01 7.365417843172326684e+01 7.001694547196802887e+01 7.393227933131220198e+01 6.788795091178371877e+01 6.236394270704340670e+01 6.481295678974220209e+01 6.666963716283908070e+01 6.276521666783810360e+01 6.887530909490624254e+01 6.517380802877823953e+01 6.557696653485299976e+01 6.141936812006633772e+01 6.886008735279551729e+01 5.958376698699203189e+01 5.985051060401838185e+01 5.701992683950766150e+01 5.909869168085901947e+01 5.312272400600886613e+01 5.455351960310940740e+01 5.577645692746068562e+01 5.105871215392335216e+01 5.243536757214155841e+01 5.255721344681478513e+01 5.695957823938238107e+01 5.505880092921552205e+01 5.160644941829150412e+01 5.568315007738169697e+01 4.791335333778010863e+01 4.864420587514837280e+01 5.596583048399270410e+01 4.860012716762707896e+01 4.975079324935541081e+01 4.639227469474531063e+01 5.314223006695465301e+01 4.793100916194566707e+01 5.137162405155140732e+01 5.054521838642403964e+01 4.615665617160880174e+01 4.810554525698057660e+01 4.724457575149563127e+01 4.444095852383384226e+01 5.121801821551366629e+01 4.564694194611661260e+01 4.522038233380862948e+01 4.353698493500814948e+01 4.488626026636848110e+01 4.363361278305364976e+01 4.084493621857018297e+01 4.677767542400943057e+01 4.602955464933484109e+01 4.363024391850694883e+01 4.247724016161714644e+01 4.185200831527527043e+01 4.202308848931443208e+01
0.000000000000000000e+00 1.173989001857148651e+02 1.181960728605517943e+02 1.096478932629347582e+02 1.012202153221887784e+02 1.033870807658672675e+02 9.445335727337442222e+01 9.215695635734664393e+01 9.305875176391418790e+01 8.933665993102067659e+01 8.680775338896773974e+01 7.988715123023894193e+01 8.242207052296953407e+01 7.821827468807305195e+01 7.897012261707868674e+01 7.526650878147756885e+01 7.132816990761511988e+01 7.308340014964278453e+01 7.224764484588695268e+01 7.427257127242296519e+01 6.595721852698784460e+01 7.228890502023955378e+01 7.148514557010821591e+01 7.418647864693048177e+01 6.518708652580721719e+01 6.688450978771834343e+01 6.893832296397908976e+01 6.141272693229916513e+01 6.413176817634189320e+01 6.216592803754815577e+01 6.160134393866633218e+01 5.866902907071812479e+01 5.313526696978510699e+01 5.915305196819394951e+01 6.037632050928641547e+01 5.538585109720611399e+01 5.337475878532995921e+01 5.619022671404445646e+01 5.861406541155315608e+01 5.628755901333670408e+01 5.311857251899050425e+01 5.054129586501517224e+01 5.992439827640282601e+01 5.662499938580640446e+01 5.500966310401668125e+01 5.237856715015755071e+01 5.334945322674775525e+01 4.897202718354401441e+01 5.032316199840170157e+01 4.723147241497008508e+01 4.505033797651731220e+01 5.165775759555390323e+01 4.556768840332279069e+01 4.363430321876421658e+01 5.049741116558266185e+01 4.777461425192177558e+01 4.368235368538626062e+01 4.409706799898958707e+01 4.784189502109984460e+01 4.494672107138694628e+01 4.407019636876771074e+01 4.286272971569019319e+01 4.752847024487914496e+01 3.927475546584946642e+01 3.932621981300258085e+01 4.320148653665773963e+01 4.229903126907265687e+01 4.386113572021031359e+01 4.665046869793559381e+01 4.359528382833559590e+01
0.000000000000000000e+00 1.198946888738096277e+02 1.200434400951780844e+02 1.157560322693689159e+02 1.081076883350365279e+02 1.116699741912780155e+02 1.069829448807586232e+02 1.082855950245261738e+02 8.780083283306657904e+01 9.599093724477552314e+01 9.002307456610287772e+01 9.078071717493139658e+01 8.280432260095722086e+01 8.437850260543473269e+01 7.626515493975716709e+01 6.964357121743591961e+01 7.508618926261669912e+01 7.146769076310829405e+01 7.401990141217606833e+01 7.289168037159220148e+01 7.129063012476285621e+01 6.542604424078604097e+01 6.726296119485368763e+01 6.886018520501261264e+01 7.095053356613971118e+01 6.318452721925814330e+01 6.259547086430234231e+01 6.538653723829497721e+01 6.200278431892206754e+01 6.614563183478821884e+01 6.656544599713220123e+01 6.069338665858981585e+01 5.907217367882572034e+01 5.841891598954839537e+01 5.842074817281582000e+01 6.250226272011536821e+01 5.510247710810108401e+01 5.940098837484902106e+01 5.274036032674484886e+01 5.403945343508394217e+01 5.255239322315696882e+01 5.190833552247636362e+01 5.203227154732189774e+01 5.119264049629123292e+01 5.798407439033280752e+01 5.114725693312016119e+01 5.349876780152771971e+01 5.879635130355882211e+01 5.388767465525734224e+01 5.008164441261396860e+01 5.283576127212290885e+01 4.786084975473249870e+01 5.522092276613579998e+01 5.242554804429892101e+01 4.867397643568551757e+01 4.985287856212994484e+01 4.700687627942602376e+01 4.214523536549450000e+01 4.841236812568627101e+01 4.480212183543335414e+01 4.210456909695813010e+01 4.110817585627137305e+01 4.805014108756472524e+01 4.654332704523858411e+01 4.794452746959177603e+01 5.093587460505477793e+01 4.601524365254113036e+01 4.225070294464580911e+01 4.339180181691563121e+01 4.641424439454340245e+01
0.000000000000000000e+00 1.169197896482114629e+02 1.178992540763983925e+02 1.075516740659459174e+02 1.066274263550253636e+02 1.067768733435354989e+02 1.098605826402899766e+02 1.044564383350725620e+02 9.226053139968234973e+01 9.224122066216159510e+01 8.862844666235059776e+01 8.987543417630286058e+01 8.740022541710141013e+01 8.699210065190322894e+01 8.116932636711453597e+01 7.949580381773716908e+01 8.187995321358494039e+01 7.938218132365295787e+01 8.143782266534685732e+01 7.683531989000107387e+01 6.633017540809169077e+01 6.526473783207006818e+01 7.508154620866139339e+01 7.155800749881132106e+01 6.644701236658306698e+01 6.585045292676181816e+01 6.508579286430313005e+01 6.247285692599666618e+01 6.495403599023939023e+01 6.728268420424683427e+01 6.158408370397501130e+01 6.226052703145251144e+01 6.359897423328266086e+01 6.193114010512431378e+01 6.528968453740094446e+01 6.086891323094027939e+01 5.645702648102746934e+01 6.095268284803705683e+01 5.885177381235916982e+01 5.495317746887235444e+01 5.854713209966985232e+01 5.499827021765304380e+01 5.764688917830699211e+01 5.339477584942437716e+01 5.746774653777424646e+01 5.074303500136784351e+01 5.606013817900543472e+01 5.388215578656149773e+01 5.192248523347097944e+01 4.937051004392742470e+01 4.606732130730711106e+01 4.866090532121552314e+01 5.568523459955940780e+01 5.576233746002503722e+01 4.139475350500583772e+01 5.280888748170059444e+01 5.256670289748672076e+01 4.386508293708516248e+01 4.827208345296230618e+01 4.838864660131002893e+01 5.258719803515555213e+01 4.987040789519801365e+01 4.400592050823570389e+01 4.408635286374533280e+01 4.939177500055643577e+01 4.893645217370476530e+01 4.351999642047871930e+01 4.468794971038164476e+01 4.015325443024676133e+01 4.419585615113760468e+01
0.000000000000000000e+00 1.267629832410884774e+02 1.234650123926194283e+02 1.244556180310150921e+02 1.100766815926153868e+02 1.150543914111754020e+02 9.935713146994999079e+01 1.030909258770036558e+02 9.027772210720490875e+01 8.938403301596099482e+01 9.185053880366308476e+01 9.376781389821735502e+01 9.119632153237535022e+01 8.371412329778058847e+01 8.480106713569898602e+01 8.453344101426205270e+01 8.299562686275430679e+01 7.972603688068102201e+01 7.620601610896187594e+01 7.692019375460654373e+01 7.448820016143258727e+01 7.218070001011346903e+01 7.218767279093253819e+01 7.305240394415977789e+01 6.844679662087150973e+01 7.421683580704075212e+01 6.287470912638673326e+01 6.645716982151088814e+01 6.685605745986958937e+01 6.201247688584862772e+01 6.087072252088933055e+01 6.300619698588434403e+01 5.961807271833527011e+01 6.601453724053476435e+01 5.967358113196405611e+01 5.670084800377662759e+01 5.730106125031056763e+01 5.945885167093388191e+01 5.626136167709751135e+01 5.809016920287058383e+01 5.741573402007588811e+01 5.373957553121817909e+01 5.576671925985078815e+01 5.046509917348930685e+01 5.233495633924394497e+01 5.684683931696622494e+01 5.734516376055694309e+01 5.097803096500069842e+01 5.833818523977515724e+01 5.060186242118857081e+01 5.238072282917937628e+01 5.415168133739553014e+01 5.076659430546737894e+01 5.010276778538309372e+01 4.787350189797552957e+01 5.561855889361845584e+01 4.923198399778152634e+01 4.956975543680596274e+01 4.837151781256238792e+01 4.678311646439829019e+01 5.037587173041538335e+01 5.236465632442764218e+01 4.716449461946717747e+01 4.734591462399089323e+01 4.426535516303738405e+01 4.949143103016353962e+01 4.535228706822613276e+01 3.997314555497905531e+01 4.637403379996976582e+01 4.672375906349293473e+01
0.000000000000000000e+00 1.295944652059902182e+02 1.215331346660664167e+02 1.175023314487154948e+02 1.236544759615783278e+02 1.129635696327513870e+02 1.091390765635064781e+02 9.154378948364296775e+01 1.005482474573072977e+02 9.684530353677973835e+01 9.289166797910752393e+01 8.773211038977524368e+01 8.813766824496269692e+01 8.519744849578364665e+01 8.398969573368708552e+01 8.740554218841066358e+01 8.600021471830200426e+01 7.783706858148320862e+01 8.017345286349063826e+01 7.925483134288037945e+01 7.498565813799723401e+01 7.857732853314632848e+01 7.409289986080102608e+01 6.767599817651898775e+01 7.090590721060129908e+01 7.389470406315786022e+01 7.034524107979041219e+01 6.545806283341084963e+01 6.409951153332372087e+01 6.891181401279027341e+01 6.525871417921121065e+01 6.405536572674577656e+01 5.969647986787481386e+01 6.229339927673186139e+01 6.696026076596149323e+01 6.711371316460895287e+01 6.416610259387471160e+01 6.216614036059809223e+01 6.482333022875309325e+01 6.031287512771677939e+01 6.654929743535672060e+01 5.762271622490493428e+01 5.961341873764922639e+01 5.520710519452700282e+01 6.258251066757770786e+01 5.932527187481741748e+01 5.848202660414176535e+01 5.374089354206944336e+01 5.661747345182925528e+01 5.190273661521382564e+01 5.660729206430869453e+01 5.309118957977943865e+01 5.646965296951657365e+01 5.048701625506032542e+01 5.362263072455789370e+01 5.252309749084770374e+01 5.230750984520295788e+01 5.756613594526083943e+01 5.408382309138846722e+01 5.585876248638010111e+01 4.749390897358557595e+01 4.579909729197629531e+01 4.895645874345859738e+01 5.018704467294946880e+01 4.510645963469232811e+01 4.590319745068973134e+01 4.818735572260084155e+01 5.196771697040617255e+01 4.411849730151357107e+01 4.640587646345306894e+01
0.000000000000000000e+00 1.290843019388362336e+02 1.225414971091422558e+02 1.249410311935000664e+02 1.187048050701653210e+02 1.117871481709516956e+02 1.102760157651971440e+02 1.109452591644453605e+02 1.000637761480579684e+02 9.679096216754101079e+01 9.368290565971415162e+01 9.212254338325851677e+01 9.082016337686718543e+01 8.610567955771352899e+01 8.607459895042120479e+01 8.777410433091313280e+01 8.348047438583512303e+01 7.792290525467865336e+01 8.412142948269183762e+01 8.186592516125074326e+01 7.946815077550240858e+01 7.734745945584472793e+01 7.516662708338026277e+01 7.743692890766737946e+01 6.913196902870390659e+01 6.994925738248139169e+01 7.391772375560640285e+01 7.043191355054955238e+01 7.210111811383990243e+01 7.351053054837507261e+01 6.509617667572638311e+01 6.079807241582511779e+01 6.241281468324314119e+01 6.317646361780248299e+01 6.991630397212657044e+01 7.130541359791686773e+01 6.186322522009345448e+01 6.471470781443417764e+01 6.182262358489697363e+01 6.298780588458475904e+01 6.014283484571774352e+01 6.251779004236004766e+01 5.878806718114628893e+01 5.929445111377731337e+01 5.880989644788382975e+01 6.168547702457021842e+01 5.233587193654125258e+01 5.537136839378740660e+01 5.984282944840765595e+01 5.956294416872265174e+01 5.417093314835642559e+01 5.595110762259218973e+01 5.196983327627845028e+01 5.674703878970717597e+01 5.342260861372187719e+01 5.296574909871901582e+01 4.969566484282063357e+01 5.486749657764471522e+01 5.609447315962643188e+01 4.909008186027040210e+01 5.282136431075696237e+01 4.880402545599486075e+01 4.786445820413200636e+01 4.865904528047644817e+01 5.635619575592750152e+01 4.958186168200654720e+01 5.051022258922239416e+01 5.328502744803290625e+01 5.147163858052067553e+01 5.092855764273508612e+01
0.000000000000000000e+00 1.331192096714958097e+02 1.255696462882342530e+02 1.224752797712644679e+02 1.201987846022200301e+02 1.121897168917071212e+02 1.100773050854595567e+02 1.041550863108604972e+02 1.015312470004453189e+02 9.997320003271647693e+01 9.757432703303152266e+01 9.646234610795681874e+01 9.888336916977868896e+01 9.587911022607613631e+01 9.452083025833644570e+01 9.020977123297325306e+01 8.426211455248267157e+01 8.544176742323929830e+01 8.155355713551398367e+01 7.895071640330866103e+01 8.274201130042297336e+01 7.910108321719781088e+01 7.378423789512544317e+01 7.519270589809548255e+01 7.687475572186940553e+01 7.978585227412577296e+01 7.473482188732828035e+01 7.230635386865401415e+01 7.655460798776994125e+01 6.840722263901761835e+01 6.994765265808428012e+01 6.559935681438582833e+01 6.552869362727210500e+01 6.680511814231113021e+01 7.125774570153771492e+01 6.095197577973499392e+01 6.630881614582108341e+01 6.692009307652256211e+01 6.856415823727797942e+01 5.937809384962565673e+01 6.099840809710849499e+01 6.397648597496959155e+01 5.990592770906346232e+01 6.123853327317829098e+01 5.522128498877464153e+01 5.720707161074324176e+01 6.210264156195285068e+01 5.462344287991913916e+01 5.469088649593118134e+01 5.727170268578697687e+01 5.553223404861932977e+01 5.704957031714025106e+01 5.446824583055808944e+01 5.320605888325394517e+01 4.971992310179393826e+01 5.149629931081221912e+01 5.420182470924987683e+01 5.407210155557891085e+01 5.605759870803058220e+01 5.248303630008422260e+01 5.033364923427120630e+01 5.361260796614942592e+01 5.142861340058743735e+01 5.055902971266959867e+01 5.075211152233214307e+01 4.929975076257073852e+01 5.087267323306286926e+01 4.951700408830060951e+01 5.076828865554557524e+01 4.950632710036279605e+01
0.000000000000000000e+00 1.417551830361167049e+02 1.360333193304313681e+02 1.280367046552441934e+02 1.178187741373092194e+02 1.137989772097066634e+02 1.139105649331404493e+02 1.068283072734523103e+02 9.760313339481353978e+01 1.018162269057868343e+02 1.028435292849626421e+02 9.949639379969676156e+01 9.502658527130620314e+01 9.503059649054443980e+01 9.811799420497141000e+01 8.927220762154797740e+01 8.278570598285455162e+01 8.717840965920981944e+01 8.834393177756146542e+01 8.803858698870817534e+01 8.056663499969431541e+01 7.963169826061971435e+01 7.488276924400361167e+01 7.748158340243458042e+01 7.572502814252607095e+01 7.168421717093997358e+01 7.555813592845402127e+01 7.691546089076950921e+01 6.864339658942731148e+01 7.220955242758282111e+01 6.878489659536262479e+01 7.414711465885807229e+01 6.825129876747109847e+01 7.419213930492378495e+01 6.663952441826950235e+01 6.984565093033120320e+01 6.689619088084555187e+01 6.966579709509687746e+01 7.092214805318894832e+01 6.694705766274432790e+01 6.266091861138784225e+01 6.576135258260660521e+01 6.221384215733974088e+01 6.177309157659988159e+01 6.515670934047511764e+01 6.538757061549836180e+01 6.090524187155256186e+01 6.145995369502338690e+01 5.755663243907429205e+01 5.942727068917815814e+01 6.398691822099294768e+01 5.557542358786076875e+01 5.557044571680398803e+01 5.759891695565420378e+01 5.985140463220454876e+01 5.810665635055806888e+01 6.233887479875068038e+01 5.615570621533606754e+01 5.644815274848190256e+01 5.527177864336852053e+01 5.909820960009392365e+01 5.187504180644782537e+01 5.417239924511579829e+01 5.754918470258462548e+01 5.180043839586426202e+01 5.288937751368575846e+01 5.149723979844816313e+01 5.455522933818667752e+01 5.053413845770501212e+01 5.322889300550230018e+01
0.000000000000000000e+00 1.468144183806318779e+02 1.381107484161095726e+02 1.371017406237986052e+02 1.288529414235945296e+02 1.265929643591960030e+02 1.172848444587991708e+02 1.099395799402427656e+02 1.076454848444141135e+02 1.110742964384639890e+02 1.043940893260257781e+02 9.968059226277455309e+01 9.632408543370979714e+01 1.010394575739010179e+02 9.881612279185355874e+01 8.820230887966454247e+01 8.925267758164500265e+01 8.510951971494296231e+01 8.725154724129606620e+01 8.782498222181334313e+01 8.961567531318382862e+01 7.880831144345347639e+01 8.813002405933661976e+01 7.954739810686760393e+01 8.149533500572033518e+01 7.817255396735890827e+01 8.428321565436931451e+01 8.174005635319258545e+01 7.611162005991081969e+01 7.513054541351107218e+01 7.072947568017934827e+01 7.356429937149255238e+01 6.934519607611196079e+01 7.054302357524147737e+01 6.786589634374831803e+01 6.917787547544708104e+01 6.693641773307444964e+01 6.736204531697330822e+01 6.472324867152065053e+01 7.097734408222436286e+01 6.966726390623261977e+01 6.979043973431089398e+01 6.367697121035462260e+01 6.304129558861018268e+01 6.273841814984371013e+01 6.196511072122791575e+01 6.277604630352709592e+01 6.186199481471214767e+01 6.195669826711355199e+01 6.429293346677002319e+01 5.764107517047250440e+01 6.087252385547708400e+01 5.749480603862184580e+01 5.574716869600877089e+01 6.041289391450891344e+01 5.494125991824705579e+01 6.011900280144038788e+01 5.757347793843086947e+01 5.676533802290066433e+01 5.529395860975751020e+01 5.428538916259833513e+01 5.268950479394607100e+01 5.418249820491075752e+01 5.425147185384594195e+01 5.672989188828444185e+01 5.251189717968793502e+01 5.102667075864724211e+01 5.282351195664909937e+01 5.440822638635654585e+01 5.295575673294513308e+01
0.000000000000000000e+00 1.532764395007804978e+02 1.472696820222088263e+02 1.308460358310403535e+02 1.361899856863344667e+02 1.265600946956294592e+02 1.233720279671229036e+02 1.191155638093443940e+02 1.156464526842871692e+02 1.125231790869283941e+02 1.115378637521953351e+02 1.120758564930863486e+02 1.002240054338342361e+02 1.003336593340216041e+02 9.913603586620547503e+01 9.677959678753086337e+01 9.903495009367134116e+01 9.401054390844069530e+01 8.764183804996036997e+01 8.930645150979967184e+01 8.484487997716632890e+01 8.728027024113612242e+01 8.757344400216356917e+01 8.084519262064736722e+01 8.346388754161125689e+01 8.106668190398090701e+01 7.765869865209720047e+01 7.733244157316948986e+01 8.198995944402918212e+01 7.513772299452057268e+01 7.319240430684044441e+01 7.468860700708728473e+01 7.024450491934612728e+01 8.246927868034003950e+01 6.992030397897485727e+01 6.995822140550637869e+01 7.281520977135551220e+01 7.295446156382490699e+01 7.055399138696077443e+01 7.059113341986540036e+01 7.325408714497336859e+01 6.605651015122350600e+01 6.394544353372702972e+01 6.526995772776274407e+01 6.972153471524291035e+01 6.579957281300687555e+01 6.570202764794350969e+01 6.340451008569925762e+01 6.130276646961704046e+01 6.375035028427100769e+01 6.736186124536425268e+01 6.062790065541071272e+01 5.956700001114006682e+01 6.420346598168669061e+01 5.720321361555545536e+01 5.594391295883599469e+01 5.943175109622814034e+01 5.845484926172525775e+01 6.099489856360139584e+01 5.915432674072860664e+01 5.225670531547268638e+01 5.597078114301973528e+01 5.560808548426473408e+01 5.714281346127438610e+01 5.683685001945343629e+01 5.833142619355169245e+01 5.633935184034078247e+01 5.613769322664120409e+01 5.185848337203822211e+01 5.392167459270933705e+01
0.000000000000000000e+00 1.620843489377516562e+02 1.475801446971704536e+02 1.455899965726252958e+02 1.303054373362542719e+02 1.324859392242444756e+02 1.305321677446750073e+02 1.255291537978182532e+02 1.192933685194680038e+02 1.157572987786891190e+02 1.159220918042278754e+02 1.107890263905931079e+02 1.057432201375827390e+02 1.040761880463892339e+02 1.011450266983110851e+02 1.033605212395959825e+02 1.011674077239438247e+02 1.024267762536346709e+02 9.821017194945852680e+01 9.424724719910977910e+01 8.662664244978122952e+01 9.189234578938339837e+01 9.386197602107881721e+01 8.543475698979091248e+01 8.767050046892245518e+01 8.926710163053201086e+01 8.972512470814797325e+01 7.878387547190857276e+01 7.605754777086144713e+01 7.925669601571598832e+01 7.885010627577821651e+01 7.762612820960544013e+01 7.598281451108721285e+01 7.452767005309181059e+01 7.773711868425675675e+01 7.377228406547965278e+01 7.112143353828184900e+01 6.898346601335504147e+01 6.761496731289332729e+01 6.761795359436700892e+01 7.174796199170100408e+01 7.126457870366732550e+01 7.004012140125792030e+01 6.672157669626233201e+01 6.758506690264471217e+01 6.824451199793634260e+01 6.989310347970774728e+01 6.399757640713210094e+01 6.118822610157485542e+01 6.444214712274617796e+01 6.997814307974476833e+01 5.882194592951157119e+01 6.437067412258579679e+01 6.037566244276354155e+01 6.544192495674246857e+01 6.346750754634513214e+01 5.942350840598930972e+01 6.467117646447957213e+01 5.739425287579933865e+01 5.750376163907878890e+01 5.898153044559308000e+01 5.893214238556163309e+01 6.020462155993425313e+01 5.964894148623614001e+01 6.037938093719947119e+01 5.590807078357102000e+01 6.004803955486590894e+01 5.618460597309899640e+01 5.748195287992143676e+01 5.713331372150457810e+01
0.000000000000000000e+00 1.672440137588564539e+02 1.484923466098996414e+02 1.488873558277950906e+02 1.420335822064798776e+02 1.367035438942273231e+02 1.325814724864026175e+02 1.261425309790254232e+02 1.220586502823034607e+02 1.245605598069107600e+02 1.157771084945366056e+02 1.085300917491001655e+02 1.138960401707367964e+02 1.092868669001875332e+02 1.101203533741772844e+02 1.017380539066846268e+02 1.033790753741493518e+02 9.806392806628173275e+01 9.520552433897637457e+01 9.203190261432325769e+01 9.892345296475912164e+01 9.608408355728124661e+01 8.530762299274954330e+01 8.807231811483040929e+01 9.032376428249312994e+01 9.048354233915381428e+01 8.655766565494127462e+01 8.077086262398654526e+01 8.492661065897630124e+01 8.838682013915752123e+01 8.047593724434307205e+01 7.884223278599233709e+01 7.883295187951762273e+01 7.817848336938936882e+01 7.526701642904140499e+01 8.209630571743184646e+01 7.517532564708756126e+01 7.914753411615402001e+01 7.668917482990673307e+01 7.483798112057922935e+01 7.437496442915244188e+01 7.582710480281252785e+01 7.321527016365519103e+01 7.268235147410177888e+01 6.964045100084035766e+01 7.169016645790020448e+01 6.859357247083096354e+01 6.712023837485924105e+01 6.355100666578630353e+01 6.793639080149523579e+01 6.860767726791323184e+01 6.745140943605451866e+01 6.604775614046707233e+01 6.161103762925722549e+01 6.366757417894552873e+01 6.683208191752225957e+01 6.206569541902911169e+01 6.651383649582885482e+01 6.235002517080533835e+01 6.580273084492114322e+01 6.154242182204302480e+01 6.043138156927057025e+01 6.023420760360772874e+01 5.946517585470758149e+01 5.775702851417497641e+01 6.625478134702859734e+01 6.151682009847786503e+01 6.338699416778308660e+01 5.902931073635818393e+01 5.743956967796918889e+01
0.000000000000000000e+00 1.724801376667442128e+02 1.560225876720112410e+02 1.602055835014475633e+02 1.433738512130689742e+02 1.404097546821355991e+02 1.397839050795469120e+02 1.347473412724129957e+02 1.232434736182933648e+02 1.251822492431970204e+02 1.256186076538944008e+02 1.188481999732331360e+02 1.160373547743290601e+02 1.140059029154966765e+02 1.088987301327539399e+02 1.041877409516157513e+02 1.076406517278189767e+02 1.040729259751487916e+02 9.572946154978535560e+01 9.905386071710620399e+01 9.377716751024888708e+01 9.984599795264284694e+01 9.814887030373949983e+01 9.452045068184884258e+01 9.478773115951753425e+01 9.556975484043027791e+01 8.921643511217587275e+01 8.929669637470749421e+01 9.155539883268670565e+01 9.001916716084906511e+01 8.205420965726011673e+01 8.437963247202446837e+01 8.726650016312328262e+01 8.611599174222010333e+01 8.068406785984336693e+01 8.019675236445800692e+01 8.102959251262120688e+01 7.592316191882252951e+01 8.253852560038387765e+01 7.737621159036984864e+01 8.000912110300532731e+01 7.377416976046947639e+01 7.938600643658071476e+01 7.349279695338782403e+01 7.449817243182474158e+01 7.588406301366251228e+01 6.846592265424658308e+01 7.091301418972977899e+01 7.053289728778361223e+01 7.078208378092313069e+01 6.964543460905292704e+01 7.166808979851680306e+01 6.812213771115443706e+01 7.161110825171215311e+01 6.720400686613584185e+01 6.901075088937488999e+01 6.693794199895273778e+01 7.039782583091039214e+01 6.418193180336982095e+01 6.656776469214082681e+01 6.170962942985374866e+01 6.211994432291351131e+01 6.363876698153524103e+01 6.203667391315093482e+01 6.510402272265719148e+01 6.290113559857388736e+01 6.668945074942473639e+01 6.639882355433428529e+01 5.798919547407626851e+01 6.176351406809715172e+01
0.000000000000000000e+00 1.733701536496453173e+02 1.647993750624671065e+02 1.633851524311191952e+02 1.561589699352338130e+02 1.493462891723752364e+02 1.509261827978197061e+02 1.411412340193156751e+02 1.342294931539141771e+02 1.254165052187172478e+02 1.281086743877166327e+02 1.211623683429552329e+02 1.268933811370883404e+02 1.182626090745493457e+02 1.152542334115227050e+02 1.083201502745413336e+02 1.136007357481137205e+02 1.122896814843718403e+02 1.005102010298718369e+02 1.062580543872494445e+02 9.874779572465479305e+01 1.028425473264795755e+02 1.021295763419836931e+02 9.551239050486560700e+01 9.928070770590829852e+01 9.081091718382890576e+01 9.486279323916608064e+01 9.234180676173014035e+01 9.040522054627399484e+01 9.073680360372384257e+01 8.693221131476332175e+01 8.775292916998012061e+01 8.602593330267779947e+01 8.577576496245194448e+01 8.291059027571930073e+01 8.298118928143696849e+01 8.223042488297255659e+01 8.124299429475149736e+01 8.331934626268355260e+01 7.648889869207403081e+01 8.147480096948686423e+01 7.910389946157624763e+01 7.648737447812243317e+01 7.916587329659512307e+01 7.530333658651477435e+01 7.503180549092382989e+01 7.257984488938302547e+01 7.730844034887070393e+01 7.599296798692819266e+01 7.557682709997516213e+01 7.233236141564464106e+01 7.380603488083113461e+01 7.681907691033654828e+01 7.342006478026792138e+01 6.768826810356131318e+01 7.347654222344442587e+01 7.200342562623211506e+01 6.741149258498876407e+01 7.001752748903277279e+01 7.161896544255398567e+01 6.778173609650889375e+01 7.042148468479035728e+01 6.804077328939524705e+01 6.952340128752871351e+01 6.839901418391639254e+01 6.997067762915662570e+01 6.668872479937090247e+01 6.030525463950061749e+01 6.564183592631593456e+01 6.279488399698402645e+01
0.000000000000000000e+00 1.812698400399614229e+02 1.713642956501901153e+02 1.626516551497174987e+02 1.695485206250535839e+02 1.550076018357369776e+02 1.530001595494831008e+02 1.399667645911788441e+02 1.338956781074717810e+02 1.355047924420709933e+02 1.339079287982207234e+02 1.324922393929717828e+02 1.254749441825401846e+02 1.220048834420144885e+02 1.232227246537127030e+02 1.194892439302795992e+02 1.133323403834554028e+02 1.155561313493259377e+02 1.136072720893708947e+02 1.088303547188382936e+02 1.063370533502697981e+02 1.046319440568126993e+02 1.016396984540371022e+02 1.057210891312973899e+02 1.022288358966321766e+02 1.023441477359901910e+02 1.013509689263013342e+02 9.703173582589465695e+01 9.646659005979893209e+01 9.458277651311448153e+01 8.593519644456887363e+01 9.408716286399430828e+01 9.431357496407065355e+01 9.232273610798347363e+01 9.139748217850876699e+01 8.664077766161062755e+01 8.628330565106170980e+01 8.779860481370747038e+01 8.679365711704190289e+01 8.170388895937389862e+01 8.469847959507728774e+01 8.446905946065044191e+01 8.041830123080728754e+01 8.408967483051230829e+01 7.796926709693650537e+01 7.704708004147835254e+01 7.870900375407256888e+01 8.044246760139435537e+01 7.636952946933365638e+01 8.141205968825966011e+01 7.439820570735651017e+01 8.054577707841372103e+01 7.199045336339622736e+01 7.347826435496176600e+01 7.344170764926377615e+01 7.841934517420452266e+01 7.513911430981863759e+01 7.458385832872238552e+01 6.779177247932750561e+01 6.877063738048366304e+01 7.150042126212406401e+01 6.575655690258759023e+01 7.055258724475606869e+01 7.209407800424190782e+01 7.342565491440745973e+01 6.951391917139130783e+01 6.826474749746768111e+01 6.875049662057870137e+01 6.963091452895383782e+01 6.858272144728096009e+01
0.000000000000000000e+00 1.907268569800698970e+02 1.830712309799752120e+02 1.765501048916454465e+02 1.655824533027513326e+02 1.651502991657764596e+02 1.595435824819473964e+02 1.533293295945514956e+02 1.428904907208466284e+02 1.454861125337915837e+02 1.422821684568805267e+02 1.403694300587028465e+02 1.296984990965720499e+02 1.288193726411598163e+02 1.254192392498383697e+02 1.224453625155744021e+02 1.237158482884221939e+02 1.151753441399075655e+02 1.170228647038403551e+02 1.192106676198663990e+02 1.166643075632852060e+02 1.098213876448880910e+02 1.130104305384610370e+02 1.069804974402268272e+02 1.039684407189672584e+02 1.050707643954458490e+02 1.061034067481739385e+02 9.789566255262127470e+01 1.058755894492015841e+02 9.737320350299728489e+01 9.584930084541917950e+01 9.561605868508070216e+01 9.655864058522979576e+01 9.454775635038220116e+01 9.190238551966126579e+01 9.121943877064438766e+01 9.459753121182222912e+01 8.966783368361677731e+01 9.005528093394946154e+01 8.879748674060215308e+01 8.985870774851605347e+01 8.827735033253827623e+01 8.918200532658488555e+01 8.128494158693683858e+01 8.802767180742478104e+01 8.242904832884011057e+01 8.653694505771488821e+01 7.828095322303670400e+01 8.485003497473081779e+01 7.897209623757134977e+01 7.866660120302861969e+01 8.081866539507740299e+01 7.828487163458794384e+01 8.100130821000243486e+01 7.819883703717312073e+01 8.116195310093593207e+01 7.556013567156770705e+01 7.866217914713632808e+01 7.538998918822085216e+01 7.712546539915564381e+01 7.593407067251149556e+01 7.436503746549777816e+01 7.538965330465129000e+01 7.276481058820974113e+01 7.335724053370842057e+01 6.818177307186323333e+01 7.264874752654520762e+01 7.230735884406800551e+01 7.179265884571356082e+01 6.946856815158059817e+01
0.000000000000000000e+00 1.985727870918325380e+02 1.914139551262636587e+02 1.826104701253059375e+02 1.778705623614913520e+02 1.717115946596561571e+02 1.660198661191411702e+02 1.570928133488384901e+02 1.541862704198134679e+02 1.516115028009014623e+02 1.478368929638141935e+02 1.385383248956446778e+02 1.357975390915925118e+02 1.359068218368489624e+02 1.289172738704040739e+02 1.319009970650329251e+02 1.309855137136518124e+02 1.216035884747327600e+02 1.240123233220742804e+02 1.224448579811593163e+02 1.196132137333793253e+02 1.156208986821995950e+02 1.119297855179468115e+02 1.132974455314829356e+02 1.115157967075704164e+02 1.155902083715408253e+02 1.098085814913796412e+02 1.123966640706303224e+02 1.033196096674779483e+02 1.080515674906209256e+02 1.010962095377040555e+02 1.046842919090557871e+02 1.047831375381245493e+02 1.000711712626123244e+02 1.010381009998036461e+02 9.433443944223080280e+01 9.507408657164114629e+01 9.315319436159234101e+01 9.352520677393465576e+01 9.377959570760486940e+01 9.218831686480359622e+01 9.052264019505048509e+01 8.875391322516065884e+01 9.089650680460823651e+01 9.348142830610561305e+01 8.522777815773093835e+01 8.950051841709830569e+01 9.033905554513410152e+01 8.367322129134532815e+01 8.598893208610007832e+01 8.509539331080003421e+01 7.917509892278752659e+01 8.226168201493459264e+01 8.579143649358616130e+01 8.255783526874620293e+01 8.169798438446207456e+01 7.913699701297827005e+01 8.399147198634398137e+01 7.657218935794435311e+01 7.864714539200372201e+01 7.966641921659277159e+01 7.550809205813465042e+01 7.830881124165591700e+01 7.622702275826412688e+01 7.943633613140474381e+01 7.576654750988194564e+01 7.750812360225171460e+01 7.310979783968468837e+01 7.095456422634509863e+01 7.736024882007006909e+01
0.000000000000000000e+00 2.097548296599469495e+02 2.068118563807777264e+02 1.934313270501398847e+02 1.933322393797920995e+02 1.803105903405212302e+02 1.729239086781180958e+02 1.711876125723786117e+02 1.674710227314897111e+02 1.564025813746566200e+02 1.605938409674835157e+02 1.509119320621653060e+02 1.461822913731814424e+02 1.466530992018533652e+02 1.413556315413524089e+02 1.358702317279685303e+02 1.352402652726112819e+02 1.273869773141749420e+02 1.272767919789089319e+02 1.270956323172082421e+02 1.243511378375885670e+02 1.301112557727936974e+02 1.197541022080816902e+02 1.195768520019905736e+02 1.199199334869276754e+02 1.186597804783856986e+02 1.151033064309611973e+02 1.140741770017589829e+02 1.147424454024600777e+02 1.122750872493982115e+02 1.113544238151037575e+02 1.091352986994274943e+02 1.076094781602815260e+02 1.050802867425030627e+02 1.058003394609918359e+02 1.039682115839097492e+02 1.062475617568576354e+02 1.030273031333347831e+02 9.929674311206110815e+01 1.024657357923878180e+02 9.492007606324131075e+01 1.020924503450434599e+02 9.303065617682460697e+01 9.686648906451233643e+01 9.780904879238988769e+01 9.436357877979759223e+01 9.606032844296407802e+01 8.992094767213518480e+01 9.216730307573743630e+01 9.232879919874807229e+01 9.444122734095071792e+01 8.637110041575948571e+01 8.940626704021423166e+01 8.610820361665361133e+01 8.492628088040407874e+01 8.490940953748452102e+01 8.991080801257504618e+01 8.531235644265700557e+01 8.509208051158657327e+01 8.687736200978889656e+01 8.029458245619929357e+01 8.440551753909113586e+01 8.445503896332331806e+01 8.082721747170057824e+01 8.225780714311639485e+01 7.878700301378881932e+01 7.980004288229309850e+01 7.838420315782838088e+01 7.834107439896212099e+01 7.867175774980438518e+01
0.000000000000000000e+00 2.253923874926983899e+02 2.170429977052770028e+02 2.074668195703064839e+02 1.958579264110018130e+02 1.917682180467725175e+02 1.790221973037158705e+02 1.807102244817065184e+02 1.723600736912266029e+02 1.686539113149491982e+02 1.643852295566509838e+02 1.580155413324904998e+02 1.597029083715649449e+02 1.520911821419365424e+02 1.515627921056428136e+02 1.435223596633664442e+02 1.459365361057461996e+02 1.375526045157413932e+02 1.399211453362476050e+02 1.363381873118811427e+02 1.343776637174869961e+02 1.274893356929158017e+02 1.299601460865118270e+02 1.278751848237149034e+02 1.194125517513720069e+02 1.247712628918874884e+02 1.219138600944266386e+02 1.189527431195053282e+02 1.201479185664513807e+02 1.194484335679471201e+02 1.190946114511726250e+02 1.179922278656190997e+02 1.172884668771121142e+02 1.139929600408744932e+02 1.106080250831622038e+02 1.057011577181702364e+02 1.033129563673081748e+02 1.095033229521357043e+02 1.085055071499809287e+02 1.078643636212883621e+02 1.045281265293841670e+02 1.001704953684148904e+02 1.018211304014961343e+02 1.060826816955421918e+02 9.939436085003723065e+01 1.017160683989296217e+02 1.020799714032630732e+02 9.687912097394109878e+01 9.492178361491767191e+01 9.786393907503367018e+01 9.566312516396271803e+01 9.777057866090262905e+01 8.949668915850566009e+01 9.212713018265486653e+01 9.276210122431166383e+01 9.194157954926856746e+01 9.058668502197610906e+01 8.823944893614753937e+01 8.867072521317777500e+01 9.003955049622669549e+01 8.734780163958026833e+01 8.648513846583705345e+01 8.810409883440433987e+01 8.661472604889820559e+01 8.630086858575350561e+01 8.369491886387032764e+01 8.434182439981225343e+01 8.506080846107033722e+01 8.202693074192279710e+01 7.955900970322693411e+01
0.000000000000000000e+00 2.325041541553763409e+02 2.285095732247229421e+02 2.165060092551192952e+02 2.144000363438620980e+02 1.991151445773950286e+02 1.913266596642919239e+02 1.884453957315930097e+02 1.855337090397507041e+02 1.799364116426988289e+02 1.724740930262441339e+02 1.697922420964197840e+02 1.674394284651322096e+02 1.642421526065078865e+02 1.619001714199791309e+02 1.552318768492446566e+02 1.543711441455775457e+02 1.484103177578361397e+02 1.470166908226977398e+02 1.444218341313411429e+02 1.454055907337901772e+02 1.367089394352141767e+02 1.335250242222737711e+02 1.386410677383544225e+02 1.325022159454525195e+02 1.325831858165526569e+02 1.295665690679543331e+02 1.284467471419421258e+02 1.285856066261380874e+02 1.253648498459717189e+02 1.228401961185496702e+02 1.238467817189637117e+02 1.198596593012902076e+02 1.187905770561575878e+02 1.178934096902417537e+02 1.187478764171489161e+02 1.122862941777988794e+02 1.159546579680826426e+02 1.132415416108070758e+02 1.089672803791407318e+02 1.104555466559149863e+02 1.120627003751718007e+02 1.076269737625932521e+02 1.089909892829832074e+02 1.063644137095840279e+02 1.089257441531011068e+02 1.021768022130910936e+02 1.016460616130553944e+02 1.032448407426770700e+02 1.027384409241073513e+02 1.015690737911065469e+02 1.002626870901539746e+02 9.816308319010124706e+01 9.748198771902139015e+01 9.964080657081842674e+01 9.469573003171706205e+01 1.005462467863755194e+02 9.659979511849996925e+01 9.765847093040162008e+01 9.689558061049839921e+01 9.430475373817372997e+01 9.330009876531281066e+01 9.093364826088043174e+01 9.084307371257898467e+01 9.152929176322140847e+01 9.302158697806189025e+01 9.176451286524033435e+01 8.925932378183713922e+01 8.975344495271542655e+01 8.785371999040194169e+01
0.000000000000000000e+00 2.489435768392746127e+02 2.440681486042566348e+02 2.283057039792423097e+02 2.216445230756771707e+02 2.156783086253146280e+02 2.054739125689675348e+02 2.001181431104949979e+02 1.961004168915840182e+02 1.895085145801424460e+02 1.837794908989400824e+02 1.821674733938709778e+02 1.774058470723102801e+02 1.681130782130990724e+02 1.655558266035479846e+02 1.650628023784378797e+02 1.635917196515351861e+02 1.576505041198479375e+02 1.584962290968919092e+02 1.530793427250565060e+02 1.500913852475500221e+02 1.488462091314078179e+02 1.466659150496146822e+02 1.446717111571371674e+02 1.370314770689928991e+02 1.410255775577995792e+02 1.369372341984033596e+02 1.354397598660395090e+02 1.307615806697487244e+02 1.298024604593766753e+02 1.317682162289346479e+02 1.299777229912703262e+02 1.256840436567013626e+02 1.247248228060395832e+02 1.220858064376726588e+02 1.250808918203333633e+02 1.206660032913542864e+02 1.218602028590477460e+02 1.189433225675381891e+02 1.151473295821296574e+02 1.168587602942128001e+02 1.155886704004892920e+02 1.127283941552731221e+02 1.148976369945071667e+02 1.138559597352667652e+02 1.136971172679646997e+02 1.109823517096045009e+02 1.129663967707296877e+02 1.050317029178313248e+02 1.097531253154808155e+02 1.061439108431429474e+02 1.039377365935976627e+02 1.050853292215715271e+02 1.033592950386019140e+02 1.037371048317976090e+02 1.029908318478359490e+02 1.002587829634121590e+02 1.012239479571254890e+02 1.013255833152116168e+02 1.000566790854665555e+02 9.961765696390000357e+01 1.016981790030601189e+02 9.824200967891923142e+01 9.976071805997568731e+01 9.512643162061209523e+01 1.005259750351943921e+02 9.420448123484359826e+01 9.295099329520769516e+01 9.457135315360329741e+01 9.319877572902163365e+01
0.000000000000000000e+00 2.630128626267722325e+02 2.551588761298933719e+02 2.463713259361951486e+02 2.351724506611284369e+02 2.327984877126522179e+02 2.168852523846621239e+02 2.099115822567881082e+02 2.090242863149975392e+02 2.008867576821696446e+02 1.928265295247249753e+02 1.931291048503921957e+02 1.848682735746498906e+02 1.833196851798012403e+02 1.757297279191546124e+02 1.768070125722922512e+02 1.714685878154493537e+02 1.672712505703750026e+02 1.610603105443641141e+02 1.628899509936644847e+02 1.576838314732525532e+02 1.566393676506066299e+02 1.542779935152917972e+02 1.529709698217146752e+02 1.479697669879375610e+02 1.496255531846758799e+02 1.436721615782414574e+02 1.430977889012709170e+02 1.388781533975358116e+02 1.380861981972904573e+02 1.362343345543263240e+02 1.344926962247660640e+02 1.372390277612929879e+02 1.332410085806166649e+02 1.322131980228882071e+02 1.299863415490145826e+02 1.301148975845905511e+02 1.264547184770453612e+02 1.269998068092945402e+02 1.228118300694145830e+02 1.241943971519129377e+02 1.210131210413491658e+02 1.185919169451554751e+02 1.204929808625243481e+02 1.197163219765182873e+02 1.186002635357808117e+02 1.173077324815893121e+02 1.163249273407872977e+02 1.181341767641737306e+02 1.143932590926756347e+02 1.094720702574955453e+02 1.120946726185844113e+02 1.109590986348536603e+02 1.102169651276095124e+02 1.084803243522842138e+02 1.103093336713407382e+02 1.066899501817039209e+02 1.049089107673678143e+02 1.052016647435985135e+02 1.054478959326522443e+02 1.089080229075422324e+02 1.024693777651089306e+02 1.012343381976061778e+02 1.036646514253308169e+02 9.828053157273060947e+01 1.014252648353319728e+02 1.030684536286349555e+02 9.969434345883828996e+01 9.989126063995496452e+01 9.980793295264609810e+01
0.000000000000000000e+00 2.737161215178168732e+02 2.663245269345950419e+02 2.564528868078706978e+02 2.473604489424597830e+02 2.401275837046372033e+02 2.298822925045746217e+02 2.246549854599641378e+02 2.169581527166872377e+02 2.102776945899833265e+02 1.996276469222491983e+02 1.973865407052217620e+02 1.929233558058669757e+02 1.867283368143123994e+02 1.857060078347813317e+02 1.822113547470355854e+02 1.765054859414925374e+02 1.762607435366546724e+02 1.706455453877307207e+02 1.668843836005551964e+02 1.729171456628790793e+02 1.653948211830661705e+02 1.606940665657786269e+02 1.585358458992766089e+02 1.557631588149384356e+02 1.504047724801295942e+02 1.519003670982328345e+02 1.510581414372424263e+02 1.489234207358638855e+02 1.484099019223007190e+02 1.430979595255606114e+02 1.431864879300046596e+02 1.407130483313988805e+02 1.376208601010446841e+02 1.381179114062656197e+02 1.369367942609864599e+02 1.341863381740142529e+02 1.340717027388210738e+02 1.334580742918656142e+02 1.331304205865156405e+02 1.270449509694156376e+02 1.290917644203078396e+02 1.254494899374732029e+02 1.285101648427304895e+02 1.228097964263179307e+02 1.255648895527014730e+02 1.199030820394977752e+02 1.216137576023828899e+02 1.224260105147771469e+02 1.204276978776650964e+02 1.196323943028503152e+02 1.166542774784909540e+02 1.155436641521990424e+02 1.159790137916880610e+02 1.170525324488144747e+02 1.131612534976173521e+02 1.170489202588005213e+02 1.124665473576459931e+02 1.078384825601634844e+02 1.090280384360605410e+02 1.094901142681426620e+02 1.093206838137680705e+02 1.051758767037954101e+02 1.048284029892197537e+02 1.066544613858350488e+02 1.036941038840358829e+02 1.034759898354949570e+02 1.036739665179398884e+02 1.073560031534727273e+02 1.024614962719966655e+02
0.000000000000000000e+00 2.916412113581714607e+02 2.821034186972507314e+02 2.720062036537084396e+02 2.591234187479591355e+02 2.468848161220048780e+02 2.385029172989327435e+02 2.328429862562449841e+02 2.283120600193948917e+02 2.163186853609564935e+02 2.094053575617629406e+02 2.093587280545714862e+02 2.030318884936995687e+02 1.956643604463021688e+02 1.954893979110348141e+02 1.902888408821316943e+02 1.860859212943236116e+02 1.819285012861036535e+02 1.835599439301259963e+02 1.765592921578299013e+02 1.711015898696828685e+02 1.712489776367903573e+02 1.670614427749192998e+02 1.639649827162031102e+02 1.590377873384936152e+02 1.589837386299091122e+02 1.587638487791957118e+02 1.538177077478545698e+02 1.517266923874264535e+02 1.507590776306275870e+02 1.506169544257346047e+02 1.483338564258690724e+02 1.464090539504423703e+02 1.398522267174699607e+02 1.449643522656359096e+02 1.420525473190741650e+02 1.408382941257318635e+02 1.360173630067509407e+02 1.355522500589860897e+02 1.378680301025892447e+02 1.328736655022266859e+02 1.302098506705153795e+02 1.336270414049433839e+02 1.304346680656029775e+02 1.280706057817471901e+02 1.266914709583021761e+02 1.278819316207835612e+02 1.245052155559553739e+02 1.222493459832979994e+02 1.253332575766412873e+02 1.184842805329034832e+02 1.207596142347956061e+02 1.225290132680851229e+02 1.172453211920969665e+02 1.167861826095308686e+02 1.196725673588770604e+02 1.190155387865323888e+02 1.144227612543781163e+02 1.147829644939047284e+02 1.138535475050045278e+02 1.115259763527476338e+02 1.090114581892343750e+02 1.118751082487717383e+02 1.105308830392609707e+02 1.113729572481007182e+02 1.082649075939417287e+02 1.077362335899446464e+02 1.072038872298533363e+02 1.056398928575853802e+02 1.065609372102091044e+02
0.000000000000000000e+00 3.043125446352900099e+02 2.884453125878112019e+02 2.767442291710314635e+02 2.661318984764014886e+02 2.524515739781786579e+02 2.499371548842972288e+02 2.357619865392214251e+02 2.299129955045493148e+02 2.272097804644399162e+02 2.170676378201565626e+02 2.139949154338632411e+02 2.113739668831327094e+02 2.007387372172532878e+02 1.970628099692307842e+02 1.929347291674118026e+02 1.920383777695637377e+02 1.866485113941924965e+02 1.836482381797008827e+02 1.767525986362067556e+02 1.759692358330843263e+02 1.754040990439547159e+02 1.698182140362024768e+02 1.698968857757555497e+02 1.653989942108486844e+02 1.606677121240678048e+02 1.622821454942368007e+02 1.558896411914702753e+02 1.581791716278252977e+02 1.524141888005913756e+02 1.526623691787071948e+02 1.495002193384328848e+02 1.465156406631753043e+02 1.485631741027149531e+02 1.427982882911617821e+02 1.423320871581115057e+02 1.420966541488106998e+02 1.416940193079491905e+02 1.405096398061299396e+02 1.402164419362944159e+02 1.364106173420451000e+02 1.334796894830529936e+02 1.333736419667097834e+02 1.322191724205014225e+02 1.296218812911064333e+02 1.268661632196203186e+02 1.269336998561708754e+02 1.285202670076824063e+02 1.233213112905385742e+02 1.265142686373012282e+02 1.241841931928635034e+02 1.211815021723331256e+02 1.215185311368582575e+02 1.192365917742574197e+02 1.215501966356342933e+02 1.181366976041658461e+02 1.189287300338920943e+02 1.155431750107644007e+02 1.160983821814666186e+02 1.145305364501399481e+02 1.148180418918675798e+02 1.147285166086374488e+02 1.128185518609077178e+02 1.112851684791785658e+02 1.083632583499424129e+02 1.127195518525460898e+02 1.102789026363465439e+02 1.075645709054674057e+02 1.076178635659056511e+02 1.087338185489068394e+02
0.000000000000000000e+00 3.064231430736007837e+02 2.898841575245265858e+02 2.802896798940460030e+02 2.655769609276917436e+02 2.539043233283153711e+02 2.462274428069629266e+02 2.341927438994861461e+02 2.294097176637368420e+02 2.246260597646873407e+02 2.153334804698160667e+02 2.104036750675138592e+02 2.101227753591640806e+02 2.002439070396728766e+02 1.931527158696056574e+02 1.928788385797369074e+02 1.864667986699068365e+02 1.853261058339991791e+02 1.836055881952812854e+02 1.743592462783634858e+02 1.748422368489449923e+02 1.689347099903079652e+02 1.675541230041918652e+02 1.656258926165074854e+02 1.652593176320514488e+02 1.619393785339331089e+02 1.576635219606868645e+02 1.551498961138580341e+02 1.539740465314584128e+02 1.537891750740026851e+02 1.507946372419295926e+02 1.471881415066301315e+02 1.466724000720954564e+02 1.455819819940935531e+02 1.458543244338788440e+02 1.415116594064182891e+02 1.408183916896318237e+02 1.391006339337367876e+02 1.359373839598537757e+02 1.355959281294737764e+02 1.343123487367423650e+02 1.310238229209222141e+02 1.325229405515815984e+02 1.311195155402092780e+02 1.262668847931733751e+02 1.265417474144627334e+02 1.254006864929480543e+02 1.268617404317276396e+02 1.232042364988847964e+02 1.213330831325539236e+02 1.231381254849961806e+02 1.201275099772660582e+02 1.218056841402399897e+02 1.198943721254377834e+02 1.204638486359478122e+02 1.172307769930968249e+02 1.165035869464157372e+02 1.157219117905073063e+02 1.153162080218822041e+02 1.109927063245795296e+02 1.147055992672908076e+02 1.117776470332484848e+02 1.078189147051261472e+02 1.104314483175420492e+02 1.128344492253783073e+02 1.084786099946583420e+02 1.100578265698651279e+02 1.079032470679535720e+02 1.087503076915119635e+02 1.072576151357970105e+02
0.000000000000000000e+00 2.896556979548694812e+02 2.754373291095249101e+02 2.623117475654530608e+02 2.506728426427936540e+02 2.438765841953685367e+02 2.280815555403437997e+02 2.251561828034030555e+02 2.142003904008672919e+02 2.128818406205884060e+02 2.023967342349377532e+02 1.978439064312920834e+02 1.910888616231846697e+02 1.879282914898892614e+02 1.837151615349907274e+02 1.767917279346631290e+02 1.741536020795453510e+02 1.718958891283921560e+02 1.686550435935494932e+02 1.635682555532859510e+02 1.608122784371632292e+02 1.588920206452931438e+02 1.548022719949260875e+02 1.510829596975332265e+02 1.489515284411465643e+02 1.456487332559518393e+02 1.476305454530956069e+02 1.427403504231283762e+02 1.404879175471430699e+02 1.422885598702873153e+02 1.385592576937936542e+02 1.390324279746853335e+02 1.352708326049529433e+02 1.318434915758435579e+02 1.334655329483850892e+02 1.282254568034289264e+02 1.277838127488553397e+02 1.269335728182580567e+02 1.250128455798596292e+02 1.231924349673712413e+02 1.235028009617414853e+02 1.218261458875094974e+02 1.194632309816822158e+02 1.181620414985227541e+02 1.189555609556856268e+02 1.178127403906466810e+02 1.163378729897724639e+02 1.166186946056348432e+02 1.161978581741173144e+02 1.108813130544105832e+02 1.126482737664224203e+02 1.109166150204983410e+02 1.105364998498591262e+02 1.095065016553120927e+02 1.109990506980335141e+02 1.097868802223625551e+02 1.080290964601414458e+02 1.071118025580384199e+02 1.042755976868591858e+02 1.033949978488395516e+02 1.055886330611443498e+02 1.031840752774731698e+02 1.020441410245691856e+02 1.033845632074079930e+02 1.009011720560778116e+02 1.002672893362019693e+02 1.004557973482257296e+02 9.832222747108511385e+01 9.747693370108646604e+01 9.815497194395835834e+01
0.000000000000000000e+00 2.482914182719993050e+02 2.332060248116115417e+02 2.224824680614853776e+02 2.114347255538418437e+02 1.992286276665142282e+02 1.914435929939661207e+02 1.866637285405778073e+02 1.800667490562607043e+02 1.754617556878546623e+02 1.662658557893008719e+02 1.644989282486290847e+02 1.600726634865516758e+02 1.514404785229053516e+02 1.518509713436645825e+02 1.449914885997986289e+02 1.425880940747546788e+02 1.412169421266992799e+02 1.370482240527502142e+02 1.359592296685349311e+02 1.328629177654032958e+02 1.302231897947940809e+02 1.258902055956246500e+02 1.262531501394260118e+02 1.248181268445682548e+02 1.217408505722467851e+02 1.191269916211421815e+02 1.166682066832505029e+02 1.167402800612537561e+02 1.138519219428601303e+02 1.115202719071103843e+02 1.110611108236568327e+02 1.113095750141939817e+02 1.102219182402347855e+02 1.076855991610263459e+02 1.063824438427148067e+02 1.033705533202342508e+02 1.035928299723902484e+02 1.031269995792584666e+02 1.015156508719166055e+02 1.009255020511639884e+02 9.823387032320879086e+01 9.807529214162619269e+01 9.655217377145865498e+01 9.593914650997835736e+01 9.777439005862926535e+01 9.407728922488439594e+01 9.396417162736501894e+01 9.238567192057890054e+01 9.301138705223279146e+01 9.054625367071757580e+01 8.946572895953705995e+01 8.862858225608951557e+01 8.768300043379682052e+01 8.882198680033940263e+01 8.809322419691905282e+01 8.767313914545943021e+01 8.746932355818198346e+01 8.593183044404293014e+01 8.408788412412253876e+01 8.433872987145474553e+01 8.256836656680947328e+01 8.334108655571813529e+01 8.278954412979297217e+01 8.144709465335893128e+01 8.090412973703134014e+01 8.058986434602199722e+01 7.987990045797658922e+01 8.023652078135199872e+01 8.034336232529712163e+01
0.000000000000000000e+00 2.096809678500372343e+02 1.969131384842592638e+02 1.831405962724608685e+02 1.742553068249522710e+02 1.676753752143952170e+02 1.610914516525992894e+02 1.529055768728145495e+02 1.481983553508682689e+02 1.437445828994107160e+02 1.390676129156578895e+02 1.318553585163566311e+02 1.295163569903052121e+02 1.258283026450931743e+02 1.230608321068090163e+02 1.211471432281445288e+02 1.142392345522276855e+02 1.127664617690430049e+02 1.118737263115554583e+02 1.095210443812106149e+02 1.075439342648439975e+02 1.061957551594228448e+02 1.020668498953273655e+02 1.016952399888920269e+02 1.003976506098838399e+02 9.824265646192242230e+01 9.860485307490989726e+01 9.604799255632731558e+01 9.148757890539846471e+01 9.272048890410624722e+01 8.988064395215808133e+01 9.040754718759866648e+01 8.785126555087327915e+01 8.670705496826522563e+01 8.662393806604079316e+01 8.410738340498838284e+01 8.556474253515649764e+01 8.241790844951687234e+01 8.103112119329216512e+01 7.969177460429857263e+01 8.054861338556372630e+01 7.856336237969600234e+01 7.792952263337025443e+01 7.910679875692963492e+01 7.683895295237785206e+01 7.538721861128384205e+01 7.496995300290966213e+01 7.351901806483149926e+01 7.460777082910635727e+01 7.403792213528181776e+01 7.260207093556977043e+01 7.345741119532590346e+01 7.135581383962504276e+01 6.974665943145758717e+01 6.969094518161145402e+01 6.915489898456547735e+01 6.924177862051112697e+01 6.834643687747177410e+01 6.848482798958238504e+01 6.754725321221923195e+01 6.602283010909475536e+01 6.561203319097003828e+01 6.611807722021003997e+01 6.594541192797819917e+01 6.375392282859891679e+01 6.447090539861538616e+01 6.429322380417031013e+01 6.300017009108672994e+01 6.368019975051466730e+01 6.139640258121617933e+01
0.000000000000000000e+00 1.732571088840334710e+02 1.680098495909208509e+02 1.542150298836311890e+02 1.456845745129127181e+02 1.377837117667674818e+02 1.325099681093508366e+02 1.280698332261351595e+02 1.218536289991603354e+02 1.162938638962069149e+02 1.104122531277663768e+02 1.062771533299661115e+02 1.038826531740605219e+02 1.025214162416848040e+02 9.796220604490638095e+01 9.811113535331045910e+01 9.406741848503847336e+01 9.283808003110223694e+01 8.944520283865925592e+01 8.735467684384970255e+01 8.424080140103681913e+01 8.482296786641292385e+01 8.218415744185908522e+01 7.971617576683205186e+01 7.903036569547055024e+01 7.788382644845202663e+01 7.658158600927200155e+01 7.532914009118729837e+01 7.474481189459143593e+01 7.354814826921959536e+01 7.160478974064049851e+01 7.284960700957780944e+01 7.069701797307284608e+01 7.009568672482716067e+01 6.848211071077447798e+01 6.808872158404089703e+01 6.717883422478782052e+01 6.713090055227635844e+01 6.416979119325173997e+01 6.398422207973176512e+01 6.450956874237152761e+01 6.216314988432268507e+01 6.110690894104375559e+01 6.143765102521088295e+01 6.083017365884686001e+01 6.111264184313054670e+01 5.973300907504255264e+01 5.945891153979849264e+01 5.855400071070341994e+01 5.980226856650044454e+01 5.688928586689497990e+01 5.698289524830792629e+01 5.644480270913105358e+01 5.638812497558615888e+01 5.614980224065994463e+01 5.413206243679164942e+01 5.456341927480190179e+01 5.360169298241323332e+01 5.415623150883437376e+01 5.311479613344327078e+01 5.284902059495100701e+01 5.226731109944103792e+01 5.239460374731106640e+01 5.225839043878279000e+01 5.181380793129217466e+01 5.045255221679744295e+01 5.079698749911595002e+01 5.005739294904574166e+01 4.935273815284792676e+01 4.887482765955580533e+01
0.000000000000000000e+00 1.477030015554166198e+02 1.372972469418326966e+02 1.281392891054971699e+02 1.203546353303344887e+02 1.137196888078700425e+02 1.067572517140700228e+02 1.046634338294706481e+02 9.723287258935737043e+01 9.161296372831222357e+01 9.015544177700394357e+01 8.644660876253220749e+01 8.308564749144169070e+01 8.204706830432580489e+01 8.028082681944391652e+01 7.587975184318554511e+01 7.468620916257785325e+01 7.243380042031070332e+01 6.946719663583712645e+01 6.857293982961907375e+01 6.691079359559361706e+01 6.679288446773435339e+01 6.547731202031540931e+01 6.350108310287409807e+01 6.323053344484736726e+01 6.051509523733038520e+01 6.042624504715744393e+01 6.185153391140063661e+01 5.935381033749798263e+01 5.801211569743847463e+01 5.624305282732368028e+01 5.678393935829497252e+01 5.542302190356347324e+01 5.274550599734956791e+01 5.295580107160581917e+01 5.187115173275735458e+01 5.264092957426275632e+01 5.229102307000901106e+01 4.970052203130268254e+01 5.068179059374377005e+01 4.961783627773316141e+01 4.856339382870835664e+01 4.825712905157430299e+01 4.916708028008572740e+01 4.549915291580664700e+01 4.788350690686164768e+01 4.798788460508289688e+01 4.637458344080969397e+01 4.647980930920240183e+01 4.545264543402718971e+01 4.446498159069948031e+01 4.472113925656228872e+01 4.507749711631734613e+01 4.273751222310433207e+01 4.303280132503657995e+01 4.418103215931786565e+01 4.178475261398934748e+01 4.242536765504872420e+01 4.256237343084980296e+01 4.080252706224993631e+01 4.322124762415205623e+01 4.153443755698110351e+01 4.049996368939079616e+01 4.073095007618536556e+01 4.060118737240966880e+01 4.055265022429792054e+01 3.955142974977360382e+01 3.936978180363502844e+01 3.961333431509195435e+01 3.985153679672789195e+01
0.000000000000000000e+00 1.239482205243021440e+02 1.151303623499769913e+02 1.035539525763136623e+02 9.877283349766314302e+01 9.241459927050955514e+01 8.666928269618682634e+01 8.290157433703922152e+01 7.895444347603508106e+01 7.442751860878809111e+01 7.164026235706367629e+01 6.805900384002062253e+01 6.498428153964407272e+01 6.340283409389046199e+01 6.151050185958026617e+01 6.010688544806568956e+01 5.786460089977556009e+01 5.746895664906324441e+01 5.536570793134350765e+01 5.435850041601315752e+01 5.386469885431387183e+01 5.124409459373815423e+01 5.188869750282701432e+01 5.032689937945104219e+01 4.816778084643036806e+01 5.020030055836760852e+01 4.794221458553826665e+01 4.591134361955410270e+01 4.438345043889937358e+01 4.505386349175500271e+01 4.383914073615946450e+01 4.346542117836941799e+01 4.310313948584590094e+01 4.310440028587169792e+01 4.229463176932610935e+01 4.125252775585087761e+01 4.179949799450301384e+01 3.954624241854990174e+01 3.995317181540946194e+01 3.845835800199465382e+01 3.873914976750363337e+01 3.744921087615209387e+01 3.738288195619024634e+01 3.684123958099240781e+01 3.554759658794453969e+01 3.686996334017524646e+01 3.642586159864159612e+01 3.540947106777471731e+01 3.483406323907522761e+01 3.404310122226679880e+01 3.376136329936409197e+01 3.461197784100640717e+01 3.418353811733210534e+01 3.401596080707106751e+01 3.315030743522844858e+01 3.273397468838494717e+01 3.188557339880925312e+01 3.156131494912772339e+01 3.338069851033495894e+01 3.188167786524507363e+01 3.163017966642455292e+01 3.264458672512500925e+01 3.120548071161947945e+01 3.116421159152014297e+01 3.185334889638555111e+01 2.930143204761632347e+01 3.026523289656189775e+01 2.997451683729968863e+01 3.082982385950837312e+01 3.000255021143712852e+01
0.000000000000000000e+00 1.040910029072120295e+02 9.393925272103260227e+01 8.671417389489761263e+01 8.008614612903416230e+01 7.600360662270001910e+01 6.971536417397702223e+01 6.511575137334985186e+01 6.132254431238331449e+01 5.896591199920614912e+01 5.579820727016640092e+01 5.403267628498517894e+01 5.188517821561323018e+01 4.986915188179143854e+01 4.792952701060865195e+01 4.597732953962194102e+01 4.468988945633222443e+01 4.507569710943691632e+01 4.170614543456291301e+01 4.233746871046385252e+01 4.102223839378041959e+01 3.959089212188196427e+01 3.820648223178230296e+01 3.846361693460971054e+01 3.687672108876281385e+01 3.659366152204675160e+01 3.566536348962869596e+01 3.657819581979402557e+01 3.490900362674641144e+01 3.394275523047778620e+01 3.434602078710508266e+01 3.241546142654961216e+01 3.336163983742485328e+01 3.111898245628967885e+01 3.171980599244160715e+01 3.034040083573178848e+01 3.102633929344560926e+01 3.013808858848038241e+01 2.924107557822367198e+01 3.023695754832905536e+01 2.981768141183621168e+01 2.910261910973101607e+01 2.748263537451598637e+01 2.802426584200511073e+01 2.841219066533112425e+01 2.827753671727494833e+01 2.762467849321658520e+01 2.629149012972785471e+01 2.687640152248037850e+01 2.633449224352303730e+01 2.606717437582931396e+01 2.631255457023679867e+01 2.463708083747858524e+01 2.665017513930011717e+01 2.573911126985785458e+01 2.468175171529162881e+01 2.492200886599929532e+01 2.394155526327423189e+01 2.421626672020922300e+01 2.422812560173100849e+01 2.420881684542547063e+01 2.421672039075032856e+01 2.392092722999084486e+01 2.372567951868507308e+01 2.348869165722742380e+01 2.362467306738882300e+01 2.192022542884586400e+01 2.327312624168730792e+01 2.357257819156699341e+01 2.207124786988773479e+01
0.000000000000000000e+00 8.520482940557431562e+01 7.739843427656666108e+01 7.096685046589202273e+01 6.516957091165173210e+01 5.893562938691574260e+01 5.534914610164143767e+01 5.111593047464290862e+01 4.872068058420638437e+01 4.707059356797500271e+01 4.474450657892597860e+01 4.221157797289249913e+01 3.988369627230409264e+01 3.819542394125868157e+01 3.723771686952367332e+01 3.563899735159370863e+01 3.479485135237367643e+01 3.343060921755097326e+01 3.296564502994513646e+01 3.157127257080042426e+01 2.981854864812645189e+01 3.068281830200032800e+01 2.941280363466754366e+01 2.968782847216601439e+01 2.802140419467262333e+01 2.790306864939259057e+01 2.646209772274637118e+01 2.648303145737571995e+01 2.704862456536033122e+01 2.523279474044074888e+01 2.613242828369968151e+01 2.537584662620494669e+01 2.425465390429459234e+01 2.435776748813098536e+01 2.379413304288446440e+01 2.296755056409962492e+01 2.336029959036142856e+01 2.274236103173491230e+01 2.273956467558261352e+01 2.235134720547424791e+01 2.223244674541728827e+01 2.186900784897573757e+01 2.115308841022896402e+01 2.098372071288044793e+01 2.182333714873652752e+01 2.122189391909085643e+01 1.959538347238150280e+01 2.076211275462929606e+01 2.081085067473122763e+01 2.001483187594376645e+01 1.824207425114946091e+01 1.942941782958520136e+01 1.934053381869534860e+01 1.872873904345211216e+01 1.796030345691196928e+01 1.874989306876018347e+01 1.857858295338757060e+01 1.910499938861517322e+01 1.831722704210733710e+01 1.802788429618484400e+01 1.766745289688389775e+01 1.737577662895479591e+01 1.767976180222894911e+01 1.715525740201216109e+01 1.717702947866370877e+01 1.715208390398698057e+01 1.742972966400238732e+01 1.666014495264171558e+01 1.619796608590484510e+01 1.685023803299574752e+01
0.000000000000000000e+00 7.345632383145961342e+01 6.661575564100157010e+01 5.882980677650526502e+01 5.248842454483308018e+01 4.955920000122724645e+01 4.469161345976093003e+01 4.318633637990846097e+01 3.795796937227111556e+01 3.697159151608613570e+01 3.339129109276818497e+01 3.118488412763762341e+01 2.968046526471316326e+01 2.879721729484244719e+01 2.789187294700505859e+01 2.751690078222490854e+01 2.607832535855923695e+01 2.541716285088112315e+01 2.337099548264206916e+01 2.320389020845056649e+01 2.343392363145304813e+01 2.243081587699360213e+01 2.188057113367215223e+01 2.126488558719561439e+01 2.126506108590830024e+01 2.082701077413910440e+01 2.070428354854690056e+01 1.969431393740361003e+01 1.940741710601497516e+01 1.951166141546205779e+01 1.867499118359108223e+01 1.822249322422754503e+01 1.852905138542978847e+01 1.764009392259113085e+01 1.774288472187821952e+01 1.754071313016489597e+01 1.653916106995972868e+01 1.723356736144180701e+01 1.663846284150346833e+01 1.648584613916181141e+01 1.598510773747972991e+01 1.576606349682747776e+01 1.581157802417497038e+01 1.588074815866284339e+01 1.607613743820096985e+01 1.526039706706758281e+01 1.502403066407151577e+01 1.457592871959677794e+01 1.518710972485602539e+01 1.423304771589972084e+01 1.526993766705530575e+01 1.364382788762718057e+01 1.382805568193557555e+01 1.462658312006879413e+01 1.318421541087617221e+01 1.410001419210662377e+01 1.386147114404624148e+01 1.341325974798034082e+01 1.411758458913746139e+01 1.326289826419894702e+01 1.283988667132803130e+01 1.287050580853635928e+01 1.296469201391389525e+01 1.273695941375468088e+01 1.242669951929085137e+01 1.265408431558464208e+01 1.207533359439073450e+01 1.208576951288790546e+01 1.189855033505862636e+01 1.148398614198651302e+01
0.000000000000000000e+00 6.199970532629886577e+01 5.411462208478538827e+01 4.721089964002290174e+01 4.272430156167083481e+01 3.814929943019168945e+01 3.523701414455035774e+01 3.177171266091821522e+01 2.982921073801031397e+01 2.744696376116811720e+01 2.699921876082974848e+01 2.442424690123270636e+01 2.327117360576301053e+01 2.158975933921562529e+01 2.023443509366675386e+01 2.085265657169956199e+01 1.982661368893223752e+01 1.833718609721535486e+01 1.838592093042483810e+01 1.731094532776607053e+01 1.662972748785093557e+01 1.707144951014383949e+01 1.584030675075667816e+01 1.561516019842948211e+01 1.526162998809413551e+01 1.554700970698777418e+01 1.452974732443604644e+01 1.426682747188091049e+01 1.467489149660639214e+01 1.385908057095274515e+01 1.352262332487357277e+01 1.377392610993543798e+01 1.309206632654502123e+01 1.257704635298206952e+01 1.256237755913628895e+01 1.287285957949544368e+01 1.218823252973704108e+01 1.244418434177076271e+01 1.202487101749329668e+01 1.140520793815316836e+01 1.220643564843273232e+01 1.199420879350964420e+01 1.132455329119991383e+01 1.133469286166185697e+01 1.157799897182641047e+01 1.115416973681218415e+01 1.048911006499374565e+01 1.057505604145516109e+01 1.075511728016265423e+01 9.860127083408704252e+00 1.051528352388054977e+01 1.023701464312465603e+01 9.831598413940746184e+00 1.019985968535832477e+01 9.940198649001898090e+00 1.016015735704505651e+01 9.540582193260766175e+00 9.876832553506769585e+00 9.188985266986954059e+00 9.556518634739484597e+00 9.430355180967724849e+00 9.183520090609494702e+00 9.750873444650883570e+00 9.633558756273137291e+00 9.096078162872196060e+00 9.215042809923968292e+00 8.784160907336481472e+00 9.279679622801120686e+00 8.457423642578170586e+00 9.015294193865440064e+00
1.942890293094023946e-16 1.942890293094023946e-16 4.481199471489856734e+01 3.902394970952882147e+01 3.596950132197724059e+01 3.124033207264474044e+01 2.798941468405164557e+01 2.446181428247653500e+01 2.270371668236309759e+01 2.178004083330636576e+01 2.031666789044171040e+01 1.796723886474383036e+01 1.744488821901033759e+01 1.671607258110469019e+01 1.612556482335261521e+01 1.503845161569157618e+01 1.486740008940902946e+01 1.405775656378302152e+01 1.364981518941670835e+01 1.278446756512755478e+01 1.218443648661419587e+01 1.174319050589831015e+01 1.172053278510188257e+01 1.184764878313270842e+01 1.123401985473459064e+01 1.091631876433246973e+01 1.051813693779222625e+01 1.048426515940157699e+01 1.020277113456001672e+01 1.047824306773154390e+01 9.790748911118711817e+00 1.007145335138356756e+01 8.992408755129586595e+00 9.067824491549050236e+00 9.356253859288438335e+00 9.161077609816157263e+00 8.825481939259036679e+00 8.845443004611700744e+00 8.822392394338102406e+00 8.922268923994401746e+00 8.504013289815254950e+00 8.381709160141589621e+00 7.872735208428462528e+00 8.447058589642074011e+00 8.344972915119280188e+00 7.439289883741428078e+00 7.509851115372629948e+00 7.484168037146741170e+00 7.360657412578156311e+00 7.740112058067288636e+00 7.575549369551127121e+00 7.919840417421821321e+00 7.520203979866430188e+00 7.527991954125189622e+00 7.475261229772823590e+00 6.530165064019755938e+00 7.609061327239198036e+00 6.677836961521865788e+00 6.740788488217678953e+00 6.929402002477030642e+00 6.419338769029111269e+00 6.662084998714011164e+00 6.649963943667112076e+00 6.175364312073460482e+00 6.682327306212442863e+00 6.120490826825184527e+00 6.259079201182766283e+00 6.617447155592558694e+00 6.304218931203265264e+00 6.096191223072775500e+00
1.942890293094023946e-16 1.942890293094023946e-16 1.942890293094023946e-16 3.328094471684705979e+01 2.886950945619343756e+01 2.521510297328758554e+01 2.213881507101670820e+01 1.963853735163839431e+01 1.782745313706223911e+01 1.623765702747237683e+01 1.511996951075730244e+01 1.418230352171092079e+01 1.338232249169550236e+01 1.205980671358637046e+01 1.151518061309726981e+01 1.097882455360207210e+01 1.073336720869570193e+01 9.995505890418762363e+00 9.560742673138353354e+00 9.349266593835764638e+00 8.594443972140322074e+00 8.525076175814024992e+00 8.305092739380699030e+00 8.389133381004707957e+00 7.870594548824744408e+00 7.680521193269209235e+00 7.655526889636312227e+00 7.352906191640962597e+00 6.811349421178674923e+00 7.251972754375359820e+00 6.833746251631774626e+00 6.946710061966433258e+00 6.206464961093953292e+00 6.253129669969634818e+00 7.141102284694211377e+00 6.360245624693946276e+00 6.217073692492177450e+00 6.446647280150638259e+00 6.277979076944352421e+00 6.507611192617122065e+00 6.296640429464697597e+00 5.929399298949530994e+00 5.593529307968415409e+00 5.396648084692933445e+00 5.344899299411890681e+00 5.669499049926746359e+00 5.091978929531888909e+00 5.057548033237546647e+00 5.407756003628658270e+00 5.342518757224637760e+00 5.636793937982897518e+00 5.238872476976838222e+00 5.254374604322250342e+00 5.232010228650437078e+00 5.114341679079910996e+00 5.186418629702792771e+00 4.838079389807829145e+00 4.960499667967575022e+00 4.903329810513017861e+00 4.400325505225462841e+00 4.613602319053710765e+00 4.609765002154723845e+00 4.826453374036861810e+00 4.589304660939225400e+00 4.534278630245342612e+00 4.508777208441514084e+00 4.583217140285237079e+00 4.205337489037949794e+00 4.000164020665832432e+00 4.410193613832438686e+00
1.942890293094023946e-16 1.942890293094023946e-16 1.942890293094023946e-16 1.942890293094023946e-16 2.380379942052256936e+01 1.944757686496531335e+01 1.832489051528287050e+01 1.531474277738646173e+01 1.351721893478118730e+01 1.203651456775072504e+01 1.147892345294810568e+01 1.040967524327682447e+01 1.010115907728781615e+01 8.865051434048652368e+00 7.760371044087105652e+00 7.773228885099014995e+00 7.042393235985894506e+00 7.308419502646683164e+00 6.753774181899783180e+00 6.645169849390010874e+00 6.792510968065874621e+00 6.298947233557031566e+00 5.782215471835457699e+00 5.205007594078224109e+00 5.418735662640200346e+00 5.466814915432783195e+00 5.168387854123678515e+00 5.443992715577931740e+00 5.711465025438780430e+00 4.910592829056961151e+00 4.883820584081864702e+00 4.733819762506778162e+00 4.587366616425885724e+00 4.659015117233962222e+00 4.690537036961704764e+00 4.229555192831038646e+00 4.047123385534049156e+00 4.428878257857223666e+00 4.499193681139477263e+00 4.190763557631138170e+00 4.449447861883561117e+00 3.808249990337584379e+00 3.738629187120112274e+00 3.893966054048584091e+00 3.879818137753124674e+00 3.603760530612091006e+00 4.082138286568429919e+00 3.302001205729705013e+00 3.812294339528575104e+00 3.602175152365637345e+00 3.764166904049050189e+00 3.577023280781365333e+00 3.326378337060390322e+00 3.469356096405531886e+00 3.310394433976128425e+00 3.557766364554506566e+00 3.317195518876651317e+00 2.941230924357530085e+00 3.500175025425792619e+00 3.314103756584325211e+00 3.133694096964936726e+00 3.199439849575729244e+00 3.285283285514747575e+00 3.110600532587910916e+00 3.110510889007097823e+00 3.104601301746121145e+00 2.962530620271492054e+00 3.221146351655376439e+00 3.392330712829271011e+00 3.108836265653699193e+00
1.942890293094023946e-16 1.942890293094023946e-16 1.942890293094023946e-16 1.942890293094023946e-16 1.942890293094023946e-16 1.679237615717236309e+01 1.379333951772030709e+01 1.178362636557444532e+01 1.009691092865288731e+01 9.868844383811328669e+00 9.008814011248377440e+00 7.992353312954616484e+00 6.978552733819235243e+00 6.484070909773973490e+00 5.931774550411769376e+00 5.638143582863835768e+00 5.401104644371026886e+00 5.203239273930361009e+00 4.692960098288925685e+00 4.837899092257947231e+00 4.380476860103397208e+00 4.348714038947803395e+00 3.704152797366554228e+00 3.929954017161321200e+00 3.930177456332120123e+00 3.679324914276178138e+00 3.432499518092921420e+00 3.274275953334730538e+00 3.296224379267789217e+00 3.421046111714318716e+00 3.196333027145411787e+00 3.367813935569523132e+00 3.102459634775600605e+00 3.203806789319247006e+00 3.352674376193347516e+00 2.866647340218962725e+00 3.117420482079448441e+00 2.974982644202792681e+00 3.130794999730066586e+00 2.732367231212845748e+00 2.985072274324356734e+00 2.866119542474115711e+00 2.670902613315980112e+00 2.855846411719393352e+00 2.899765309594815932e+00 2.573417600437462038e+00 2.592107256330099307e+00 2.812184356435957433e+00 2.470168951851340555e+00 2.702414910342192389e+00 2.491735924651170109e+00 2.464759189429461372e+00 2.490932418083424249e+00 2.578372295601362385e+00 2.220811331171711700e+00 2.365979876569053175e+00 2.417111796670276203e+00 2.313562039792839364e+00 2.043403990966103922e+00 2.490226333520021207e+00 2.196268313033053143e+00 2.452485500644718375e+00 2.175190234868503492e+00 1.976585429175509612e+00 1.945433018401505842e+00 2.086048575374727321e+00 2.106276433458138531e+00 2.144832714460948253e+00 1.919957409376040314e+00 2.100994590121384675e+00
1.942890293094023946e-16 1.942890293094023946e-16 1.942890293094023946e-16 1.942890293094023946e-16 1.942890293094023946e-16 1.942890293094023946e-16 1.942890293094023946e-16 9.670610081058049090e+00 8.089065008031120385e+00 7.566473199234216018e+00 6.667568209414937108e+00 5.906775977882201545e+00 5.354273493150365937e+00 4.978113400287028867e+00 4.240982622158361970e+00 3.970366665659577521e+00 3.545154715055047756e+00 3.791403689957334233e+00 3.133388776665613662e+00 3.324058071349851762e+00 2.879273219382830096e+00 2.722047260402770341e+00 2.542822197853765065e+00 2.608769102491711678e+00 2.651391404171371313e+00 2.480683571542387611e+00 2.297093029669526665e+00 2.522109658573212787e+00 2.424941647487062202e+00 2.518649097534982673e+00 2.355646689672738159e+00 2.171952477394790026e+00 2.216273406546739100e+00 2.165294746395204140e+00 1.901971591439470810e+00 2.173367827806778063e+00 1.990070320544853333e+00 1.896270960636778691e+00 1.999182648949133112e+00 1.683237655515515963e+00 1.722531977660138436e+00 2.070371043928500576e+00 1.880282923755219660e+00 1.818200385099038696e+00 1.868162657797284743e+00 1.870676758220503944e+00 1.783986514508152155e+00 1.915517710802125517e+00 1.548363387572916805e+00 1.734049126667964735e+00 1.744461169492770747e+00 1.368112015297862749e+00 1.407690441392956071e+00 1.669051368429231186e+00 1.676436091598072498e+00 1.665027736373256850e+00 1.427869042210388573e+00 1.490811348925009883e+00 1.542452456248206483e+00 1.499977710085824478e+00 1.389504746785963585e+00 1.260856142386907353e+00 1.319041566198636106e+00 1.409737864021269438e+00 1.383917072422284456e+00 1.346264932171472362e+00 1.353641815261386494e+00 1.373976659450865334e+00 1.434551842269677024e+00 1.222805124351581618e+00
1.942890293094023946e-16 1.942890293094023946e-16 1.942890293094023946e-16 1.942890293094023946e-16 1.942890293094023946e-16 1.942890293094023946e-16 1.942890293094023946e-16 1.942890293094023946e-16 6.520583890458373055e+00 5.486228330333882575e+00 5.220017022426961972e+00 4.493776303701334740e+00 3.714027898584262743e+00 3.261686982856329742e+00 3.023113192533573468e+00 2.720087221452282211e+00 2.504771989745278926e+00 2.671854537457129641e+00 2.521265012242146053e+00 2.357355079715052870e+00 2.277379926175941094e+00 2.010844501456930278e+00 1.849528737952150337e+00 1.956298348944893961e+00 1.626155806144656601e+00 1.633159029525808048e+00 1.508258957768249253e+00 1.517489196866852019e+00 1.680780434322246331e+00 1.604022184457426725e+00 1.610879530457338005e+00 1.712121032642387686e+00 1.351737522753250875e+00 1.323485556101066996e+00 1.525318323892718597e+00 1.493624983499309389e+00 1.319802592594808255e+00 1.325866057013551202e+00 1.226037617909838229e+00 1.271574735092245501e+00 1.183520910423420114e+00 1.179983180257431430e+00 1.125843286659876208e+00 1.188599557119194738e+00 1.339773377579911884e+00 1.088550841546273906e+00 1.062887886869730902e+00 1.171711568988016650e+00 1.133571892681557003e+00 9.605224300812910121e-01 1.002598432041604815e+00 1.258112281812685973e+00 9.377577596754891331e-01 1.098060689597446737e+00 1.177103459711267508e+00 9.341915269576461789e-01 1.000910931500843537e+00 1.003917008289535229e+00 9.174477111394965245e-01 1.178848655850523341e+00 1.115940643474657712e+00 9.965405720909386034e-01 1.052944674962023264e+00 8.327466513193760855e-01 9.794690569937201108e-01 8.613412928396846358e-01 8.219562317734034895e-01 1.132829660962420659e+00 7.705293626893698899e-01 8.522366343136021927e-01
1.942890293094023946e-16 1.942890293094023946e-16 1.942890293094023946e-16 1.942890293094023946e-16 1.942890293094023946e-16 1.942890293094023946e-16 1.942890293094023946e-16 1.942890293094023946e-16 1.942890293094023946e-16 4.147233712259464689e+00 3.968079171630888524e+00 3.241469228425511773e+00 2.791561722745435681e+00 2.752925040897022058e+00 2.310573026706080224e+00 2.050875197190582089e+00 1.772506191838601808e+00 1.569206148714448190e+00 1.538557975176209958e+00 1.592298981278196024e+00 1.598328820838607944e+00 1.464312067413122476e+00 1.362680098799649242e+00 1.348698098611257112e+00 1.185712567293651931e+00 1.201761952377460085e+00 1.115362886009077181e+00 1.225936489497253534e+00 9.689030924800162703e-01 1.041427698896635112e+00 9.187357280605377152e-01 9.530474883125900076e-01 9.408536088761403349e-01 9.217867300657998086e-01 8.198158849545756910e-01 1.005729562339545247e+00 9.077942592208603223e-01 9.159099624271437312e-01 8.650533286959227741e-01 7.944400976857900476e-01 7.513465038696556242e-01 7.204143376579787983e-01 7.245354062082420832e-01 7.317118166324603212e-01 7.787861545310862388e-01 7.550772884989827016e-01 7.601856783554786778e-01 7.310134368787091219e-01 7.148373334214483954e-01 6.867274601727741956e-01 7.876450152309729669e-01 6.991525133519500557e-01 8.346028312991264908e-01 6.609160216845448854e-01 6.808995612934719555e-01 6.014704684949717661e-01 8.391486120578217633e-01 5.788864782659398633e-01 5.694672322921852103e-01 5.762170602563925215e-01 6.225467289224689837e-01 6.126370638523023215e-01 5.424904027187504862e-01 5.539000201182301408e-01 6.370084472243504603e-01 6.271933113929618608e-01 5.239366392336696210e-01 4.656949970665357208e-01 5.829112781370048291e-01 6.045815873715651989e-01
1.942890293094023946e-16 1.942890293094023946e-16 1.942890293094023946e-16 1.942890293094023946e-16 1.942890293094023946e-16 1.942890293094023946e-16 1.942890293094023946e-16 1.942890293094023946e-16 1.942890293094023946e-16 1.942890293094023946e-16 2.957263228496678220e+00 2.372875546458392826e+00 2.070655811391722168e+00 1.718252611459892831e+00 1.816297150836672314e+00 1.543702757482995569e+00 1.313172101396702596e+00 1.220673853932063180e+00 9.850507850564760304e-01 9.878861076912427430e-01 8.307896402787013912e-01 8.853869108888554607e-01 9.001077038636121630e-01 8.451964490946221042e-01 8.114517384630087760e-01 6.465632806003168698e-01 7.002241007019834873e-01 7.475142672675039179e-01 7.094101661760565669e-01 5.505654896070677484e-01 7.220917025870078332e-01 6.779363586443321044e-01 5.462065576328190009e-01 4.978091330461013597e-01 5.325881101604824641e-01 5.731616168590967231e-01 5.060981279647154274e-01 5.289390240991646008e-01 4.817566430095729935e-01 5.803821600999632402e-01 5.850244581126697874e-01 4.783601761062923341e-01 5.025655713260629431e-01 4.457340011142899572e-01 5.225558591452981183e-01 5.154211775749991675e-01 3.747971533803417521e-01 4.721138274677070812e-01 4.966460798728117298e-01 4.223315006517678882e-01 4.505865611867742593e-01 4.177947944109301481e-01 4.470389953679078654e-01 4.248106601117603853e-01 4.442630500193935350e-01 5.257764787021147468e-01 4.115275730027003753e-01 4.298228184119083917e-01 4.177387476881355144e-01 3.709149788852296736e-01 3.019716300905070372e-01 4.464502038400601225e-01 3.080516683547958601e-01 3.340294900356131635e-01 3.990672837377204907e-01 4.590140002409123787e-01 4.009921363425412166e-01 3.710957960496253372e-01 4.141012309717065909e-01 2.752977262150428373e-01
1.942890293094023946e-16 1.942890293094023946e-16 1.942890293094023946e-16 1.942890293094023946e-16 1.942890293094023946e-16 1.942890293094023946e-16 1.942890293094023946e-16 1.942890293094023946e-16 1.942890293094023946e-16 1.942890293094023946e-16 1.942890293094023946e-16 1.937993095888985495e+00 1.563813086257117568e+00 1.549881555018858936e+00 1.121414336331987505e+00 1.105063303958399024e+00 9.831904143849873323e-01 8.969163611044327356e-01 7.192158190811436258e-01 6.780040824023852997e-01 5.052968530176512596e-01 5.440700554960438140e-01 4.403313983356103578e-01 6.746561562715028826e-01 4.737221089062193524e-01 5.296346284798338910e-01 4.505130636519010245e-01 3.428851586260074913e-01 3.529115112702186918e-01 4.066211250707565950e-01 3.728901161885601057e-01 4.101970018259176731e-01 3.977340457683488650e-01 5.388816716335864676e-01 3.879738057159377584e-01 3.059241742779939544e-01 3.871173614565223686e-01 3.518662104005297886e-01 2.775447533237319075e-01 2.986185327978695403e-01 3.307621767278004499e-01 2.520577887068840006e-01 3.288699435441941876e-01 3.080440802177870641e-01 2.501065781308410840e-01 3.044683152245473701e-01 2.858921437228666984e-01 3.052277433677232921e-01 2.272581092012251336e-01 2.273870245241592924e-01 2.863369350118423196e-01 2.253301998433003828e-01 2.233450319952654528e-01 3.091258052486056673e-01 2.389150755442065177e-01 3.239204149036138403e-01 2.057075577654660925e-01 2.630847534832707058e-01 3.161221534931552557e-01 2.777149136380803740e-01 1.857009644244655422e-01 2.028866712622555135e-01 2.014714792482208694e-01 1.903795594697198501e-01 3.158700338034923227e-01 2.295545793237741272e-01 3.022090926434349845e-01 2.044660537381287890e-01 2.158663290122473100e-01 2.688593830048474076e-01
1.942890293094023946e-16 1.942890293094023946e-16 1.942890293094023946e-16 1.942890293094023946e-16 1.942890293094023946e-16 1.942890293094023946e-16 1.942890293094023946e-16 1.942890293094023946e-16 1.942890293094023946e-16 1.942890293094023946e-16 1.942890293094023946e-16 1.942890293094023946e-16 1.942890293094023946e-16 1.103668920696949440e+00 7.094754416428932231e-01 7.060914643281496206e-01 6.110827399539697780e-01 4.115966268346526458e-01 5.125944739066682354e-01 5.176044409995255169e-01 3.599493610118204012e-01 3.292276426516987375e-01 3.076774856257939450e-01 2.762267429578855182e-01 2.271629251089078150e-01 2.798552567490540932e-01 2.941688581577097672e-01 3.059434058840948545e-01 2.217451925282394876e-01 2.349800138441567599e-01 1.834393950517330396e-01 2.717247710899418633e-01 2.713131809278533368e-01 2.697477857541223933e-01 2.559744702275458250e-01 2.359472621346014876e-01 1.858351446408788021e-01 1.840282825418769752e-01 1.925194119630905809e-01 2.022539265983293033e-01 2.444652490539241663e-01 9.850814640700000790e-02 1.637238045097661743e-01 2.046820643292421582e-01 1.271317800460152747e-01 1.809629889010962722e-01 1.812764583699190135e-01 1.240625253732825922e-01 1.123230657968058432e-01 1.606438814552874628e-01 1.964914946865046474e-01 1.820640173219957303e-01 9.659080848747922388e-02 1.665804956008384297e-01 1.343018073711732818e-01 2.080895658987402252e-01 1.834541785791652668e-01 2.149006910301078932e-01 1.961243481789313459e-01 2.221346281527767641e-01 9.595120173965915322e-02 1.086130664907479226e-01 1.192147770611386437e-01 1.739031971955908307e-01 1.486243973947924124e-01 1.097689525892467793e-01 1.811775947419817789e-01 1.115093833033142245e-01 1.457595863364182232e-01 1.136277625975649908e-01
1.942890293094023946e-16 1.942890293094023946e-16 1.942890293094023946e-16 1.942890293094023946e-16 1.942890293094023946e-16 1.942890293094023946e-16 1.942890293094023946e-16 1.942890293094023946e-16 1.942890293094023946e-16 1.942890293094023946e-16 1.942890293094023946e-16 1.942890293094023946e-16 1.942890293094023946e-16 1.942890293094023946e-16 7.334887046841879199e-01 5.443013817692120559e-01 3.323726914040557867e-01 3.823763221317127980e-01 2.894063489057083216e-01 2.227575098479135929e-01 3.369548583534552888e-01 2.803485643231866109e-01 1.848215922698475955e-01 2.429557224819188510e-01 1.651724018970402164e-01 1.515308108732154324e-01 2.110550421548584854e-01 1.257487015349154080e-01 1.630202915010810771e-01 1.063803609206864925e-01 2.008782932713091829e-01 2.131004665017895428e-01 1.251316261049867928e-01 1.486189189998058102e-01 1.670030498638850336e-01 1.167541556025682159e-01 1.514477952296475194e-01 9.769854186672226326e-02 1.056103254012750042e-01 1.652258211685388167e-01 5.816163237686188675e-02 1.205464169377828410e-01 7.160851428058812029e-02 1.873554832231897338e-01 9.745715104444332977e-02 1.500420823361025002e-01 1.210284214162992839e-01 1.321598180271764678e-01 1.236954232173838319e-01 9.212015376792777321e-02 7.021413958934234756e-02 8.062014557188942887e-02 1.029908816863935317e-01 1.112143586569483977e-01 5.565681269662750563e-02 3.731827516304048881e-02 1.096495155499436075e-01 1.070172799315585038e-01 7.345984615888964675e-02 9.328694213922154865e-02 5.072986211126757211e-02 1.296316305682323200e-01 7.703018525697374885e-02 9.396661350986035277e-02 4.929027144732710947e-02 1.120248509253501390e-01 7.062248220522673869e-02 1.216264133911571371e-01 1.206531191094207117e-01 7.855747531163942421e-02
1.942890293094023946e-16 1.942890293094023946e-16 1.942890293094023946e-16 1.942890293094023946e-16 1.942890293094023946e-16 1.942890293094023946e-16 1.942890293094023946e-16 1.942890293094023946e-16 1.942890293094023946e-16 1.942890293094023946e-16 1.942890293094023946e-16 1.942890293094023946e-16 1.942890293094023946e-16 1.942890293094023946e-16 1.942890293094023946e-16 2.977673309930762846e-01 3.928791137366086650e-01 3.118637393039031536e-01 3.398961188438589520e-01 2.123095055711526347e-01 1.673801731522104319e-01 1.308265773869156934e-01 1.140852296566743501e-01 1.149323089048432112e-01 1.491464440153691950e-01 1.603780049199339530e-01 1.844163474430595695e-01 7.901579403327887996e-02 6.403570491363534678e-02 1.637541979806904635e-01 1.006891009493508238e-01 1.023952847139128208e-01 9.616938072545133664e-02 1.111532382588753393e-01 1.008306232680188930e-01 7.647835513900623494e-02 1.107589667281246582e-01 1.084108793643994567e-01 7.725416781453545156e-02 7.988136476125280716e-02 5.731208671137267424e-02 1.110910216801723610e-01 9.054358454869326778e-02 7.280074784906180596e-02 6.048636934770841578e-02 6.286283361298945771e-02 6.249306298330398191e-02 4.873597790115274941e-02 7.797615150674752638e-02 3.863237677816144106e-02 6.846612984389977008e-02 1.035892717073916697e-01 5.933700399799114733e-02 3.148294982590454927e-02 6.532221083905541403e-02 4.715118934406493240e-02 5.088380079415626839e-02 5.047453468811525373e-02 6.912066989048432086e-02 3.440387862353343207e-02 6.578504494882574105e-02 4.971252225593784241e-02 5.661735063358983022e-02 3.832225091135233602e-02 8.418041640800279224e-02 4.252173514959940726e-02 7.267507904084209713e-02 8.815943140871715378e-02 2.646965675305596941e-02 5.281859336920627368e-02
1.942890293094023946e-16 1.942890293094023946e-16 1.942890293094023946e-16 1.942890293094023946e-16 1.942890293094023946e-16 1.942890293094023946e-16 1.942890293094023946e-16 1.942890293094023946e-16 1.942890293094023946e-16 1.942890293094023946e-16 1.942890293094023946e-16 1.942890293094023946e-16 1.942890293094023946e-16 1.942890293094023946e-16 1.942890293094023946e-16 1.942890293094023946e-16 2.653049439344778437e-01 1.315913626392173907e-01 1.617871120640831939e-01 1.258403866377702240e-01 1.315471781714664112e-01 1.065726687070695372e-01 8.447850500654471850e-02 9.251040731443235798e-02 7.813478783228779145e-02 6.395071130041432572e-02 4.795187164037004873e-02 6.340189231201570630e-02 5.640199046976923647e-02 6.686889755739945651e-02 5.683750244328211049e-02 3.851273308008382190e-02 3.548459061430013495e-02 7.025819773868674512e-02 4.763336665509864537e-02 5.955875704940580967e-02 6.008346717698108408e-02 4.979747154860204167e-02 5.096285057213539860e-02 4.118733788065526147e-02 3.608990084869447001e-02 6.129240322837995261e-03 1.630378594356656635e-02 3.862734330426529500e-02 4.643522888629592060e-02 5.339410364457423952e-02 3.726475263146325489e-02 3.545002865180671425e-02 2.655097074607451479e-02 2.063343653787482954e-02 3.682022806685641275e-02 1.396358734855458923e-02 1.176203101852886686e-02 3.212228247671280318e-02 4.688644542186931607e-02 2.155297818785168948e-02 2.955303849567185448e-02 4.258448201651599679e-02 1.231197721365158773e-02 2.404281324531863662e-02 5.575392006095231112e-02 3.852823196088266122e-02 5.110551934561194387e-02 4.060566411971261447e-02 1.838617083543717806e-02 4.532428748068322022e-02 4.863997733819368230e-02 5.155047379510591804e-02 1.403219648459590706e-02 2.650407314213593449e-02
1.942890293094023946e-16 1.942890293094023946e-16 1.942890293094023946e-16 1.942890293094023946e-16 1.942890293094023946e-16 1.942890293094023946e-16 1.942890293094023946e-16 1.942890293094023946e-16 1.942890293094023946e-16 1.942890293094023946e-16 1.942890293094023946e-16 1.942890293094023946e-16 1.942890293094023946e-16 1.942890293094023946e-16 1.942890293094023946e-16 1.942890293094023946e-16 1.942890293094023946e-16 1.200442059288087671e-01 1.438121206894559800e-01 8.574376658098921411e-02 4.407509324057468092e-02 9.028403283858425776e-02 9.873039897134804066e-02 4.698996977407324943e-02 1.171298010021533387e-02 6.546924992101214869e-02 8.943783928600859690e-03 4.189131566013631208e-02 2.809497049915888819e-02 1.928356822985375502e-02 2.176057178923987770e-02 9.215990927308190597e-03 3.127990332080607394e-02 9.559468048425667774e-03 1.794473192066801254e-02 2.349551563503963353e-02 4.497421922094025498e-02 5.366466553209589541e-02 2.133616350873423703e-02 1.577089572360145311e-02 6.923940843206921776e-03 5.576959490371890919e-03 2.786382600871595630e-02 1.551633623078694027e-02 2.855004364677623391e-02 1.884022391514921652e-02 2.557944978234773237e-02 2.811916362445970180e-02 4.445485135823765144e-02 2.712525162779021171e-02 1.919525989358731102e-02 2.653422741393921327e-02 4.372723158835769425e-02 2.348656051873365333e-02 2.208753116737593655e-02 2.533834681832480666e-03 1.246313803216350310e-02 1.906090981251534755e-02 7.997701022992576014e-03 1.628019749409794631e-02 5.826512303273289999e-03 2.769208801395619396e-02 1.615228253565746327e-02 2.346301524865717497e-02 5.996182879498970254e-03 1.463234830728830059e-02 3.287341061555214966e-02 1.195512242591476558e-02 2.184696453468372782e-02 2.322122622972750891e-02
1.942890293094023946e-16 1.942890293094023946e-16 1.942890293094023946e-16 1.942890293094023946e-16 1.942890293094023946e-16 1.942890293094023946e-16 1.942890293094023946e-16 1.942890293094023946e-16 1.942890293094023946e-16 1.942890293094023946e-16 1.942890293094023946e-16 1.942890293094023946e-16 1.942890293094023946e-16 1.942890293094023946e-16 1.942890293094023946e-16 1.942890293094023946e-16 1.942890293094023946e-16 1.942890293094023946e-16 1.942890293094023946e-16 6.965542092782783801e-02 5.919420376454746779e-02 3.966587925216494975e-02 3.220264939372933372e-02 1.603033581401679813e-02 2.322862605797679919e-02 3.427383761759305453e-02 3.219258633825856919e-02 1.965500954995667848e-02 1.483407126844868071e-02 1.736557197939085986e-02 2.748030208140492259e-02 2.675765377851040475e-02 1.065240645834370815e-02 8.116843187653101713e-03 1.067176765032042465e-02 1.093631801777843887e-02 3.014152143533996991e-02 9.600546486252076531e-03 2.478613498805186388e-02 2.309469904135977997e-02 3.293573687962837726e-02 2.910363008219497838e-02 1.562282729963438560e-02 1.351326621487453257e-02 1.151616976921616270e-02 1.860179249380487787e-02 1.477988675335784735e-02 4.650303114498006984e-02 6.471554512207583661e-03 9.663700224756901352e-03 1.227824598786485776e-02 2.160077842243228116e-03 5.516345790540833939e-03 4.403861333740858100e-03 2.501314395839742202e-02 1.331080682453392346e-02 1.577871331664769047e-02 2.099223789453413466e-02 1.934661097511303218e-02 1.410163864868277210e-02 6.090913144962033579e-03 5.101054652653154442e-03 9.036244418387748625e-03 4.038245476407216722e-04 1.185494130021376435e-02 7.225320851112885384e-03 3.656638649993435193e-03 1.380446127704525790e-03 1.245778852530137794e-02 1.949778394414790426e-03
1.942890293094023946e-16 1.942890293094023946e-16 1.942890293094023946e-16 1.942890293094023946e-16 1.942890293094023946e-16 1.942890293094023946e-16 1.942890293094023946e-16 1.942890293094023946e-16 1.942890293094023946e-16 1.942890293094023946e-16 1.942890293094023946e-16 1.942890293094023946e-16 1.942890293094023946e-16 1.942890293094023946e-16 1.942890293094023946e-16 1.942890293094023946e-16 1.942890293094023946e-16 1.942890293094023946e-16 1.942890293094023946e-16 1.942890293094023946e-16 1.290469118947181609e-02 1.302051730120314978e-02 3.274944409411888191e-02 1.499467759337065262e-02 9.321532909145549203e-03 1.325055613720292451e-02 2.055371809458410651e-02 8.925471251889643617e-03 0.000000000000000000e+00 5.426075780864453649e-03 9.528270307907564171e-03 1.132838541289295578e-02 1.144082840346288300e-02 3.233294966057868956e-03 1.306415715627637884e-02 2.629176223617702216e-02 2.272144543979036022e-02 1.138714962170960486e-02 4.149889834284840352e-03 3.551162008677716600e-03 1.834679849295023932e-03 9.101544687313515170e-04 1.387577016280225513e-02 5.861609800547722127e-03 8.252447802068053895e-03 7.141003866170681121e-03 8.029245363153472747e-04 1.363618976877296884e-02 2.395361857646515370e-03 3.033387268720198066e-02 0.000000000000000000e+00 1.013756394644236246e-02 1.665200868761671643e-02 0.000000000000000000e+00 4.781349110259126324e-03 6.359281078228290647e-03 9.785218674002512263e-04 0.000000000000000000e+00 1.344259171856549556e-02 0.000000000000000000e+00 6.690722973442185008e-03 4.463103749194713595e-03 0.000000000000000000e+00 7.355854801072563530e-03 0.000000000000000000e+00 1.017664164425166780e-02 0.000000000000000000e+00 1.295744225372636935e-03 4.926415358666886950e-03 1.563508273290413128e-02
1.942890293094023946e-16 1.942890293094023946e-16 1.942890293094023946e-16 1.942890293094023946e-16 1.942890293094023946e-16 1.942890293094023946e-16 1.942890293094023946e-16 1.942890293094023946e-16 1.942890293094023946e-16 1.942890293094023946e-16 1.942890293094023946e-16 1.942890293094023946e-16 1.942890293094023946e-16 1.942890293094023946e-16 1.942890293094023946e-16 1.942890293094023946e-16 1.942890293094023946e-16 1.942890293094023946e-16 1.942890293094023946e-16 1.942890293094023946e-16 1.942890293094023946e-16 3.938860465950277251e-02 5.382490082776314856e-04 4.016590077668359161e-03 2.045481823933125928e-02 4.530613881852261528e-03 9.679313897557264776e-03 1.052545338746773557e-02 1.559524951054781783e-02 2.182936001186964493e-03 3.927919429770021856e-03 2.302635662046969255e-03 3.017358880285705373e-03 0.000000000000000000e+00 1.312227495490638808e-02 0.000000000000000000e+00 0.000000000000000000e+00 3.882009665912644972e-03 0.000000000000000000e+00 0.000000000000000000e+00 0.000000000000000000e+00 0.000000000000000000e+00 3.890527726202250638e-03 0.000000000000000000e+00 0.000000000000000000e+00 0.000000000000000000e+00 8.718784560215197404e-03 1.030018456384351917e-02 1.377235138638740987e-03 7.538873996123504400e-04 0.000000000000000000e+00 2.249266648833199173e-03 1.397030063181931188e-02 9.788522498339002897e-03 3.118935160314013997e-03 6.327186219397873998e-05 6.189688515948112840e-03 1.167181437708029838e-02 1.655357375691709826e-03 0.000000000000000000e+00 0.000000000000000000e+00 0.000000000000000000e+00 0.000000000000000000e+00 0.000000000000000000e+00 0.000000000000000000e+00 3.437039745060736871e-03 0.000000000000000000e+00 4.841517991480822833e-03 7.111808354475168681e-03 0.000000000000000000e+00
1.942890293094023946e-16 1.942890293094023946e-16 1.942890293094023946e-16 1.942890293094023946e-16 1.942890293094023946e-16 1.942890293094023946e-16 1.942890293094023946e-16 1.942890293094023946e-16 1.942890293094023946e-16 1.942890293094023946e-16 1.942890293094023946e-16 1.942890293094023946e-16 1.942890293094023946e-16 1.942890293094023946e-16 1.942890293094023946e-16 1.942890293094023946e-16 1.942890293094023946e-16 1.942890293094023946e-16 1.942890293094023946e-16 1.942890293094023946e-16 1.942890293094023946e-16 1.942890293094023946e-16 3.334224501591087457e-03 9.259188569714081260e-03 8.589757535383988826e-03 1.569726292812235677e-02 1.752204167029501602e-03 2.106425915475883780e-03 1.526208743542286674e-02 0.000000000000000000e+00 1.872826441538570858e-03 9.297250841651951217e-03 1.596543297568875971e-03 0.000000000000000000e+00 0.000000000000000000e+00 8.350935721402639317e-03 0.000000000000000000e+00 0.000000000000000000e+00 0.000000000000000000e+00 0.000000000000000000e+00 2.916244237370122384e-03 2.232371751596424776e-03 0.000000000000000000e+00 0.000000000000000000e+00 7.339631067106774237e-03 0.000000000000000000e+00 0.000000000000000000e+00 0.000000000000000000e+00 8.533988681107018172e-04 7.831381169787323196e-03 0.000000000000000000e+00 8.955897691366936780e-03 2.582512655324649062e-03 0.000000000000000000e+00 0.000000000000000000e+00 7.243588934959059849e-04 4.547905421729237126e-03 0.000000000000000000e+00 6.875322801366934300e-03 0.000000000000000000e+00 0.000000000000000000e+00 0.000000000000000000e+00 0.000000000000000000e+00 0.000000000000000000e+00 1.774246051981526011e-03 0.000000000000000000e+00 0.000000000000000000e+00 8.774064119381488891e-03 1.098091740359106961e-03 8.784658233962498773e-04
1.942890293094023946e-16 1.942890293094023946e-16 1.942890293094023946e-16 1.942890293094023946e-16 1.942890293094023946e-16 1.942890293094023946e-16 1.942890293094023946e-16 1.942890293094023946e-16 1.942890293094023946e-16 1.942890293094023946e-16 1.942890293094023946e-16 1.942890293094023946e-16 1.942890293094023946e-16 1.942890293094023946e-16 1.942890293094023946e-16 1.942890293094023946e-16 1.942890293094023946e-16 1.942890293094023946e-16 1.942890293094023946e-16 1.942890293094023946e-16 1.942890293094023946e-16 1.942890293094023946e-16 1.942890293094023946e-16 0.000000000000000000e+00 2.534003684634479701e-03 2.149887637039131147e-03 3.107574327585591132e-03 0.000000000000000000e+00 0.000000000000000000e+00 0.000000000000000000e+00 7.723252768655181934e-03 4.870534099383997707e-03 0.000000000000000000e+00 0.000000000000000000e+00 0.000000000000000000e+00 0.000000000000000000e+00 1.239210542293835192e-03 6.766352129046282558e-04 4.079502304727877088e-03 1.248326151555302806e-02 0.000000000000000000e+00 0.000000000000000000e+00 0.000000000000000000e+00 0.000000000000000000e+00 0.000000000000000000e+00 8.922885849076227921e-03 0.000000000000000000e+00 0.000000000000000000e+00 0.000000000000000000e+00 0.000000000000000000e+00 0.000000000000000000e+00 0.000000000000000000e+00 0.000000000000000000e+00 0.000000000000000000e+00 0.000000000000000000e+00 0.000000000000000000e+00 0.000000000000000000e+00 0.000000000000000000e+00 0.000000000000000000e+00 0.000000000000000000e+00 0.000000000000000000e+00 0.000000000000000000e+00 0.000000000000000000e+00 0.000000000000000000e+00 0.000000000000000000e+00 0.000000000000000000e+00 0.000000000000000000e+00 0.000000000000000000e+00 0.000000000000000000e+00 0.000000000000000000e+00
1.942890293094023946e-16 1.942890293094023946e-16 1.942890293094023946e-16 1.942890293094023946e-16 1.942890293094023946e-16 1.942890293094023946e-16 1.942890293094023946e-16 1.942890293094023946e-16 1.942890293094023946e-16 1.942890293094023946e-16 1.942890293094023946e-16 1.942890293094023946e-16 1.942890293094023946e-16 1.942890293094023946e-16 1.942890293094023946e-16 1.942890293094023946e-16 1.942890293094023946e-16 1.942890293094023946e-16 1.942890293094023946e-16 1.942890293094023946e-16 1.942890293094023946e-16 1.942890293094023946e-16 1.942890293094023946e-16 1.942890293094023946e-16 1.942890293094023946e-16 1.292909902191475245e-02 1.217947437306451724e-03 2.127121460731468648e-03 1.679694688841119475e-04 0.000000000000000000e+00 8.861578106413148638e-04 0.000000000000000000e+00 0.000000000000000000e+00 0.000000000000000000e+00 0.000000000000000000e+00 0.000000000000000000e+00 0.000000000000000000e+00 0.000000000000000000e+00 0.000000000000000000e+00 0.000000000000000000e+00 0.000000000000000000e+00 1.135470182327458395e-02 0.000000000000000000e+00 0.000000000000000000e+00 2.621353054502530405e-03 0.000000000000000000e+00 1.110354410167768051e-03 0.000000000000000000e+00 0.000000000000000000e+00 0.000000000000000000e+00 0.000000000000000000e+00 0.000000000000000000e+00 0.000000000000000000e+00 0.000000000000000000e+00 0.000000000000000000e+00 0.000000000000000000e+00 0.000000000000000000e+00 0.000000000000000000e+00 0.000000000000000000e+00 0.000000000000000000e+00 0.000000000000000000e+00 0.000000000000000000e+00 0.000000000000000000e+00 0.000000000000000000e+00 0.000000000000000000e+00 0.000000000000000000e+00 0.000000000000000000e+00 3.017578585612193972e-04 0.000000000000000000e+00 0.000000000000000000e+00
1.942890293094023946e-16 1.942890293094023946e-16 1.942890293094023946e-16 1.942890293094023946e-16 1.942890293094023946e-16 1.942890293094023946e-16 1.942890293094023946e-16 1.942890293094023946e-16 1.942890293094023946e-16 1.942890293094023946e-16 1.942890293094023946e-16 1.942890293094023946e-16 1.942890293094023946e-16 1.942890293094023946e-16 1.942890293094023946e-16 1.942890293094023946e-16 1.942890293094023946e-16 1.942890293094023946e-16 1.942890293094023946e-16 1.942890293094023946e-16 1.942890293094023946e-16 1.942890293094023946e-16 1.942890293094023946e-16 1.942890293094023946e-16 1.942890293094023946e-16 1.942890293094023946e-16 0.000000000000000000e+00 0.000000000000000000e+00 0.000000000000000000e+00 0.000000000000000000e+00 0.000000000000000000e+00 0.000000000000000000e+00 0.000000000000000000e+00 0.000000000000000000e+00 0.000000000000000000e+00 0.000000000000000000e+00 0.000000000000000000e+00 0.000000000000000000e+00 0.000000000000000000e+00 0.000000000000000000e+00 0.000000000000000000e+00 0.000000000000000000e+00 0.000000000000000000e+00 0.000000000000000000e+00 0.000000000000000000e+00 0.000000000000000000e+00 0.000000000000000000e+00 0.000000000000000000e+00 0.000000000000000000e+00 0.000000000000000000e+00 0.000000000000000000e+00 1.061258361780154785e-02 0.000000000000000000e+00 0.000000000000000000e+00 2.226772200319485518e-03 0.000000000000000000e+00 0.000000000000000000e+00 0.000000000000000000e+00 0.000000000000000000e+00 0.000000000000000000e+00 0.000000000000000000e+00 0.000000000000000000e+00 0.000000000000000000e+00 0.000000000000000000e+00 0.000000000000000000e+00 0.000000000000000000e+00 0.000000000000000000e+00 0.000000000000000000e+00 0.000000000000000000e+00 0.000000000000000000e+00
