0.000000000000000000e+00 0.000000000000000000e+00 0.000000000000000000e+00 0.000000000000000000e+00 0.000000000000000000e+00 0.000000000000000000e+00 0.000000000000000000e+00 0.000000000000000000e+00 0.000000000000000000e+00 0.000000000000000000e+00 0.000000000000000000e+00 0.000000000000000000e+00 0.000000000000000000e+00 0.000000000000000000e+00 0.000000000000000000e+00 0.000000000000000000e+00 0.000000000000000000e+00 0.000000000000000000e+00 0.000000000000000000e+00 0.000000000000000000e+00 0.000000000000000000e+00 0.000000000000000000e+00 0.000000000000000000e+00 0.000000000000000000e+00 0.000000000000000000e+00 0.000000000000000000e+00 0.000000000000000000e+00 0.000000000000000000e+00 0.000000000000000000e+00 0.000000000000000000e+00 0.000000000000000000e+00 0.000000000000000000e+00 0.000000000000000000e+00 0.000000000000000000e+00 0.000000000000000000e+00 0.000000000000000000e+00 0.000000000000000000e+00 0.000000000000000000e+00 0.000000000000000000e+00 0.000000000000000000e+00 0.000000000000000000e+00 0.000000000000000000e+00 0.000000000000000000e+00 0.000000000000000000e+00 0.000000000000000000e+00 0.000000000000000000e+00 0.000000000000000000e+00 0.000000000000000000e+00 0.000000000000000000e+00 0.000000000000000000e+00 0.000000000000000000e+00 0.000000000000000000e+00 0.000000000000000000e+00 0.000000000000000000e+00 0.000000000000000000e+00 0.000000000000000000e+00 0.000000000000000000e+00 0.000000000000000000e+00 0.000000000000000000e+00 0.000000000000000000e+00 0.000000000000000000e+00 0.000000000000000000e+00 0.000000000000000000e+00 0.000000000000000000e+00 0.000000000000000000e+00 0.000000000000000000e+00 0.000000000000000000e+00 0.000000000000000000e+00 0.000000000000000000e+00 0.000000000000000000e+00
0.000000000000000000e+00 0.000000000000000000e+00 0.000000000000000000e+00 0.000000000000000000e+00 0.000000000000000000e+00 0.000000000000000000e+00 0.000000000000000000e+00 0.000000000000000000e+00 0.000000000000000000e+00 0.000000000000000000e+00 0.000000000000000000e+00 0.000000000000000000e+00 0.000000000000000000e+00 0.000000000000000000e+00 0.000000000000000000e+00 0.000000000000000000e+00 0.000000000000000000e+00 0.000000000000000000e+00 0.000000000000000000e+00 0.000000000000000000e+00 0.000000000000000000e+00 0.000000000000000000e+00 0.000000000000000000e+00 0.000000000000000000e+00 0.000000000000000000e+00 0.000000000000000000e+00 0.000000000000000000e+00 0.000000000000000000e+00 0.000000000000000000e+00 0.000000000000000000e+00 0.000000000000000000e+00 0.000000000000000000e+00 0.000000000000000000e+00 0.000000000000000000e+00 0.000000000000000000e+00 0.000000000000000000e+00 0.000000000000000000e+00 0.000000000000000000e+00 0.000000000000000000e+00 0.000000000000000000e+00 0.000000000000000000e+00 0.000000000000000000e+00 0.000000000000000000e+00 0.000000000000000000e+00 0.000000000000000000e+00 0.000000000000000000e+00 0.000000000000000000e+00 0.000000000000000000e+00 0.000000000000000000e+00 0.000000000000000000e+00 0.000000000000000000e+00 0.000000000000000000e+00 0.000000000000000000e+00 0.000000000000000000e+00 0.000000000000000000e+00 0.000000000000000000e+00 0.000000000000000000e+00 0.000000000000000000e+00 0.000000000000000000e+00 0.000000000000000000e+00 0.000000000000000000e+00 0.000000000000000000e+00 0.000000000000000000e+00 0.000000000000000000e+00 0.000000000000000000e+00 0.000000000000000000e+00 0.000000000000000000e+00 0.000000000000000000e+00 0.000000000000000000e+00 0.000000000000000000e+00
0.000000000000000000e+00 0.000000000000000000e+00 0.000000000000000000e+00 0.000000000000000000e+00 0.000000000000000000e+00 0.000000000000000000e+00 0.000000000000000000e+00 0.000000000000000000e+00 0.000000000000000000e+00 0.000000000000000000e+00 0.000000000000000000e+00 0.000000000000000000e+00 0.000000000000000000e+00 0.000000000000000000e+00 0.000000000000000000e+00 0.000000000000000000e+00 0.000000000000000000e+00 0.000000000000000000e+00 0.000000000000000000e+00 0.000000000000000000e+00 0.000000000000000000e+00 0.000000000000000000e+00 0.000000000000000000e+00 0.000000000000000000e+00 0.000000000000000000e+00 0.000000000000000000e+00 0.000000000000000000e+00 0.000000000000000000e+00 0.000000000000000000e+00 0.000000000000000000e+00 0.000000000000000000e+00 0.000000000000000000e+00 0.000000000000000000e+00 0.000000000000000000e+00 0.000000000000000000e+00 0.000000000000000000e+00 0.000000000000000000e+00 0.000000000000000000e+00 0.000000000000000000e+00 0.000000000000000000e+00 0.000000000000000000e+00 0.000000000000000000e+00 0.000000000000000000e+00 0.000000000000000000e+00 0.000000000000000000e+00 0.000000000000000000e+00 0.000000000000000000e+00 0.000000000000000000e+00 0.000000000000000000e+00 0.000000000000000000e+00 0.000000000000000000e+00 0.000000000000000000e+00 0.000000000000000000e+00 0.000000000000000000e+00 0.000000000000000000e+00 0.000000000000000000e+00 0.000000000000000000e+00 0.000000000000000000e+00 0.000000000000000000e+00 0.000000000000000000e+00 0.000000000000000000e+00 0.000000000000000000e+00 0.000000000000000000e+00 0.000000000000000000e+00 0.000000000000000000e+00 0.000000000000000000e+00 0.000000000000000000e+00 0.000000000000000000e+00 0.000000000000000000e+00 0.000000000000000000e+00
0.000000000000000000e+00 0.000000000000000000e+00 0.000000000000000000e+00 0.000000000000000000e+00 0.000000000000000000e+00 0.000000000000000000e+00 0.000000000000000000e+00 0.000000000000000000e+00 0.000000000000000000e+00 0.000000000000000000e+00 0.000000000000000000e+00 0.000000000000000000e+00 0.000000000000000000e+00 0.000000000000000000e+00 0.000000000000000000e+00 0.000000000000000000e+00 0.000000000000000000e+00 0.000000000000000000e+00 0.000000000000000000e+00 0.000000000000000000e+00 0.000000000000000000e+00 0.000000000000000000e+00 0.000000000000000000e+00 0.000000000000000000e+00 0.000000000000000000e+00 0.000000000000000000e+00 0.000000000000000000e+00 0.000000000000000000e+00 0.000000000000000000e+00 0.000000000000000000e+00 0.000000000000000000e+00 0.000000000000000000e+00 0.000000000000000000e+00 0.000000000000000000e+00 0.000000000000000000e+00 0.000000000000000000e+00 0.000000000000000000e+00 0.000000000000000000e+00 0.000000000000000000e+00 0.000000000000000000e+00 0.000000000000000000e+00 0.000000000000000000e+00 0.000000000000000000e+00 0.000000000000000000e+00 0.000000000000000000e+00 0.000000000000000000e+00 0.000000000000000000e+00 0.000000000000000000e+00 0.000000000000000000e+00 0.000000000000000000e+00 0.000000000000000000e+00 0.000000000000000000e+00 0.000000000000000000e+00 0.000000000000000000e+00 0.000000000000000000e+00 0.000000000000000000e+00 0.000000000000000000e+00 0.000000000000000000e+00 0.000000000000000000e+00 0.000000000000000000e+00 0.000000000000000000e+00 0.000000000000000000e+00 0.000000000000000000e+00 0.000000000000000000e+00 0.000000000000000000e+00 0.000000000000000000e+00 0.000000000000000000e+00 0.000000000000000000e+00 0.000000000000000000e+00 0.000000000000000000e+00
0.000000000000000000e+00 0.000000000000000000e+00 0.000000000000000000e+00 0.000000000000000000e+00 0.000000000000000000e+00 0.000000000000000000e+00 0.000000000000000000e+00 0.000000000000000000e+00 0.000000000000000000e+00 0.000000000000000000e+00 0.000000000000000000e+00 0.000000000000000000e+00 0.000000000000000000e+00 0.000000000000000000e+00 0.000000000000000000e+00 0.000000000000000000e+00 0.000000000000000000e+00 0.000000000000000000e+00 0.000000000000000000e+00 0.000000000000000000e+00 0.000000000000000000e+00 0.000000000000000000e+00 0.000000000000000000e+00 0.000000000000000000e+00 0.000000000000000000e+00 0.000000000000000000e+00 0.000000000000000000e+00 0.000000000000000000e+00 0.000000000000000000e+00 0.000000000000000000e+00 0.000000000000000000e+00 0.000000000000000000e+00 0.000000000000000000e+00 0.000000000000000000e+00 0.000000000000000000e+00 0.000000000000000000e+00 0.000000000000000000e+00 0.000000000000000000e+00 0.000000000000000000e+00 0.000000000000000000e+00 0.000000000000000000e+00 0.000000000000000000e+00 0.000000000000000000e+00 0.000000000000000000e+00 0.000000000000000000e+00 0.000000000000000000e+00 0.000000000000000000e+00 0.000000000000000000e+00 0.000000000000000000e+00 0.000000000000000000e+00 0.000000000000000000e+00 0.000000000000000000e+00 0.000000000000000000e+00 0.000000000000000000e+00 0.000000000000000000e+00 0.000000000000000000e+00 0.000000000000000000e+00 0.000000000000000000e+00 0.000000000000000000e+00 0.000000000000000000e+00 0.000000000000000000e+00 0.000000000000000000e+00 0.000000000000000000e+00 0.000000000000000000e+00 0.000000000000000000e+00 0.000000000000000000e+00 0.000000000000000000e+00 0.000000000000000000e+00 0.000000000000000000e+00 0.000000000000000000e+00
0.000000000000000000e+00 0.000000000000000000e+00 0.000000000000000000e+00 0.000000000000000000e+00 0.000000000000000000e+00 0.000000000000000000e+00 0.000000000000000000e+00 0.000000000000000000e+00 0.000000000000000000e+00 0.000000000000000000e+00 0.000000000000000000e+00 0.000000000000000000e+00 0.000000000000000000e+00 0.000000000000000000e+00 0.000000000000000000e+00 0.000000000000000000e+00 0.000000000000000000e+00 0.000000000000000000e+00 0.000000000000000000e+00 0.000000000000000000e+00 0.000000000000000000e+00 0.000000000000000000e+00 0.000000000000000000e+00 0.000000000000000000e+00 0.000000000000000000e+00 0.000000000000000000e+00 0.000000000000000000e+00 0.000000000000000000e+00 0.000000000000000000e+00 0.000000000000000000e+00 0.000000000000000000e+00 0.000000000000000000e+00 0.000000000000000000e+00 0.000000000000000000e+00 0.000000000000000000e+00 0.000000000000000000e+00 0.000000000000000000e+00 0.000000000000000000e+00 0.000000000000000000e+00 0.000000000000000000e+00 0.000000000000000000e+00 0.000000000000000000e+00 0.000000000000000000e+00 0.000000000000000000e+00 0.000000000000000000e+00 0.000000000000000000e+00 0.000000000000000000e+00 0.000000000000000000e+00 0.000000000000000000e+00 0.000000000000000000e+00 0.000000000000000000e+00 0.000000000000000000e+00 0.000000000000000000e+00 0.000000000000000000e+00 0.000000000000000000e+00 0.000000000000000000e+00 0.000000000000000000e+00 0.000000000000000000e+00 0.000000000000000000e+00 0.000000000000000000e+00 0.000000000000000000e+00 0.000000000000000000e+00 0.000000000000000000e+00 0.000000000000000000e+00 0.000000000000000000e+00 0.000000000000000000e+00 0.000000000000000000e+00 0.000000000000000000e+00 0.000000000000000000e+00 0.000000000000000000e+00
0.000000000000000000e+00 0.000000000000000000e+00 0.000000000000000000e+00 0.000000000000000000e+00 0.000000000000000000e+00 0.000000000000000000e+00 0.000000000000000000e+00 0.000000000000000000e+00 0.000000000000000000e+00 0.000000000000000000e+00 0.000000000000000000e+00 0.000000000000000000e+00 0.000000000000000000e+00 0.000000000000000000e+00 0.000000000000000000e+00 0.000000000000000000e+00 0.000000000000000000e+00 0.000000000000000000e+00 0.000000000000000000e+00 0.000000000000000000e+00 0.000000000000000000e+00 0.000000000000000000e+00 0.000000000000000000e+00 0.000000000000000000e+00 0.000000000000000000e+00 0.000000000000000000e+00 0.000000000000000000e+00 0.000000000000000000e+00 0.000000000000000000e+00 0.000000000000000000e+00 0.000000000000000000e+00 0.000000000000000000e+00 0.000000000000000000e+00 0.000000000000000000e+00 0.000000000000000000e+00 0.000000000000000000e+00 0.000000000000000000e+00 0.000000000000000000e+00 0.000000000000000000e+00 0.000000000000000000e+00 0.000000000000000000e+00 0.000000000000000000e+00 0.000000000000000000e+00 0.000000000000000000e+00 0.000000000000000000e+00 0.000000000000000000e+00 0.000000000000000000e+00 0.000000000000000000e+00 0.000000000000000000e+00 0.000000000000000000e+00 0.000000000000000000e+00 0.000000000000000000e+00 0.000000000000000000e+00 0.000000000000000000e+00 0.000000000000000000e+00 0.000000000000000000e+00 0.000000000000000000e+00 0.000000000000000000e+00 0.000000000000000000e+00 0.000000000000000000e+00 0.000000000000000000e+00 0.000000000000000000e+00 0.000000000000000000e+00 0.000000000000000000e+00 0.000000000000000000e+00 0.000000000000000000e+00 0.000000000000000000e+00 0.000000000000000000e+00 0.000000000000000000e+00 0.000000000000000000e+00
0.000000000000000000e+00 0.000000000000000000e+00 0.000000000000000000e+00 0.000000000000000000e+00 0.000000000000000000e+00 0.000000000000000000e+00 0.000000000000000000e+00 0.000000000000000000e+00 0.000000000000000000e+00 0.000000000000000000e+00 0.000000000000000000e+00 0.000000000000000000e+00 0.000000000000000000e+00 0.000000000000000000e+00 0.000000000000000000e+00 0.000000000000000000e+00 0.000000000000000000e+00 0.000000000000000000e+00 0.000000000000000000e+00 0.000000000000000000e+00 0.000000000000000000e+00 0.000000000000000000e+00 0.000000000000000000e+00 0.000000000000000000e+00 0.000000000000000000e+00 0.000000000000000000e+00 0.000000000000000000e+00 0.000000000000000000e+00 0.000000000000000000e+00 0.000000000000000000e+00 0.000000000000000000e+00 0.000000000000000000e+00 0.000000000000000000e+00 0.000000000000000000e+00 0.000000000000000000e+00 0.000000000000000000e+00 0.000000000000000000e+00 0.000000000000000000e+00 0.000000000000000000e+00 0.000000000000000000e+00 0.000000000000000000e+00 0.000000000000000000e+00 0.000000000000000000e+00 0.000000000000000000e+00 0.000000000000000000e+00 0.000000000000000000e+00 0.000000000000000000e+00 0.000000000000000000e+00 0.000000000000000000e+00 0.000000000000000000e+00 0.000000000000000000e+00 0.000000000000000000e+00 0.000000000000000000e+00 0.000000000000000000e+00 0.000000000000000000e+00 0.000000000000000000e+00 0.000000000000000000e+00 0.000000000000000000e+00 0.000000000000000000e+00 0.000000000000000000e+00 0.000000000000000000e+00 0.000000000000000000e+00 0.000000000000000000e+00 0.000000000000000000e+00 0.000000000000000000e+00 0.000000000000000000e+00 0.000000000000000000e+00 0.000000000000000000e+00 0.000000000000000000e+00 0.000000000000000000e+00
0.000000000000000000e+00 0.000000000000000000e+00 0.000000000000000000e+00 0.000000000000000000e+00 0.000000000000000000e+00 0.000000000000000000e+00 0.000000000000000000e+00 0.000000000000000000e+00 0.000000000000000000e+00 0.000000000000000000e+00 0.000000000000000000e+00 0.000000000000000000e+00 0.000000000000000000e+00 0.000000000000000000e+00 0.000000000000000000e+00 0.000000000000000000e+00 0.000000000000000000e+00 0.000000000000000000e+00 0.000000000000000000e+00 0.000000000000000000e+00 0.000000000000000000e+00 0.000000000000000000e+00 0.000000000000000000e+00 0.000000000000000000e+00 0.000000000000000000e+00 0.000000000000000000e+00 0.000000000000000000e+00 0.000000000000000000e+00 0.000000000000000000e+00 0.000000000000000000e+00 0.000000000000000000e+00 0.000000000000000000e+00 0.000000000000000000e+00 0.000000000000000000e+00 0.000000000000000000e+00 0.000000000000000000e+00 0.000000000000000000e+00 0.000000000000000000e+00 0.000000000000000000e+00 0.000000000000000000e+00 0.000000000000000000e+00 0.000000000000000000e+00 0.000000000000000000e+00 0.000000000000000000e+00 0.000000000000000000e+00 0.000000000000000000e+00 0.000000000000000000e+00 0.000000000000000000e+00 0.000000000000000000e+00 0.000000000000000000e+00 0.000000000000000000e+00 0.000000000000000000e+00 0.000000000000000000e+00 0.000000000000000000e+00 0.000000000000000000e+00 0.000000000000000000e+00 0.000000000000000000e+00 0.000000000000000000e+00 0.000000000000000000e+00 0.000000000000000000e+00 0.000000000000000000e+00 0.000000000000000000e+00 0.000000000000000000e+00 0.000000000000000000e+00 0.000000000000000000e+00 0.000000000000000000e+00 0.000000000000000000e+00 0.000000000000000000e+00 0.000000000000000000e+00 0.000000000000000000e+00
0.000000000000000000e+00 0.000000000000000000e+00 0.000000000000000000e+00 0.000000000000000000e+00 0.000000000000000000e+00 0.000000000000000000e+00 0.000000000000000000e+00 0.000000000000000000e+00 0.000000000000000000e+00 0.000000000000000000e+00 0.000000000000000000e+00 0.000000000000000000e+00 0.000000000000000000e+00 0.000000000000000000e+00 0.000000000000000000e+00 0.000000000000000000e+00 0.000000000000000000e+00 0.000000000000000000e+00 0.000000000000000000e+00 0.000000000000000000e+00 0.000000000000000000e+00 0.000000000000000000e+00 0.000000000000000000e+00 0.000000000000000000e+00 0.000000000000000000e+00 0.000000000000000000e+00 0.000000000000000000e+00 0.000000000000000000e+00 0.000000000000000000e+00 0.000000000000000000e+00 0.000000000000000000e+00 0.000000000000000000e+00 0.000000000000000000e+00 0.000000000000000000e+00 0.000000000000000000e+00 0.000000000000000000e+00 0.000000000000000000e+00 0.000000000000000000e+00 0.000000000000000000e+00 0.000000000000000000e+00 0.000000000000000000e+00 0.000000000000000000e+00 0.000000000000000000e+00 0.000000000000000000e+00 0.000000000000000000e+00 0.000000000000000000e+00 0.000000000000000000e+00 0.000000000000000000e+00 0.000000000000000000e+00 0.000000000000000000e+00 0.000000000000000000e+00 0.000000000000000000e+00 0.000000000000000000e+00 0.000000000000000000e+00 0.000000000000000000e+00 0.000000000000000000e+00 0.000000000000000000e+00 0.000000000000000000e+00 0.000000000000000000e+00 0.000000000000000000e+00 0.000000000000000000e+00 0.000000000000000000e+00 0.000000000000000000e+00 0.000000000000000000e+00 0.000000000000000000e+00 0.000000000000000000e+00 0.000000000000000000e+00 0.000000000000000000e+00 0.000000000000000000e+00 0.000000000000000000e+00
0.000000000000000000e+00 0.000000000000000000e+00 0.000000000000000000e+00 0.000000000000000000e+00 0.000000000000000000e+00 0.000000000000000000e+00 0.000000000000000000e+00 0.000000000000000000e+00 0.000000000000000000e+00 0.000000000000000000e+00 0.000000000000000000e+00 0.000000000000000000e+00 0.000000000000000000e+00 0.000000000000000000e+00 0.000000000000000000e+00 0.000000000000000000e+00 0.000000000000000000e+00 0.000000000000000000e+00 0.000000000000000000e+00 0.000000000000000000e+00 0.000000000000000000e+00 0.000000000000000000e+00 0.000000000000000000e+00 0.000000000000000000e+00 0.000000000000000000e+00 0.000000000000000000e+00 0.000000000000000000e+00 0.000000000000000000e+00 0.000000000000000000e+00 0.000000000000000000e+00 0.000000000000000000e+00 0.000000000000000000e+00 0.000000000000000000e+00 0.000000000000000000e+00 0.000000000000000000e+00 0.000000000000000000e+00 0.000000000000000000e+00 0.000000000000000000e+00 0.000000000000000000e+00 0.000000000000000000e+00 0.000000000000000000e+00 0.000000000000000000e+00 0.000000000000000000e+00 0.000000000000000000e+00 0.000000000000000000e+00 0.000000000000000000e+00 0.000000000000000000e+00 0.000000000000000000e+00 0.000000000000000000e+00 0.000000000000000000e+00 0.000000000000000000e+00 0.000000000000000000e+00 0.000000000000000000e+00 0.000000000000000000e+00 0.000000000000000000e+00 0.000000000000000000e+00 0.000000000000000000e+00 0.000000000000000000e+00 0.000000000000000000e+00 0.000000000000000000e+00 0.000000000000000000e+00 0.000000000000000000e+00 0.000000000000000000e+00 0.000000000000000000e+00 0.000000000000000000e+00 0.000000000000000000e+00 0.000000000000000000e+00 0.000000000000000000e+00 0.000000000000000000e+00 0.000000000000000000e+00
0.000000000000000000e+00 0.000000000000000000e+00 0.000000000000000000e+00 0.000000000000000000e+00 0.000000000000000000e+00 0.000000000000000000e+00 0.000000000000000000e+00 0.000000000000000000e+00 0.000000000000000000e+00 0.000000000000000000e+00 0.000000000000000000e+00 0.000000000000000000e+00 0.000000000000000000e+00 0.000000000000000000e+00 0.000000000000000000e+00 0.000000000000000000e+00 0.000000000000000000e+00 0.000000000000000000e+00 0.000000000000000000e+00 0.000000000000000000e+00 0.000000000000000000e+00 0.000000000000000000e+00 0.000000000000000000e+00 0.000000000000000000e+00 0.000000000000000000e+00 0.000000000000000000e+00 0.000000000000000000e+00 0.000000000000000000e+00 0.000000000000000000e+00 0.000000000000000000e+00 0.000000000000000000e+00 0.000000000000000000e+00 0.000000000000000000e+00 0.000000000000000000e+00 0.000000000000000000e+00 0.000000000000000000e+00 0.000000000000000000e+00 0.000000000000000000e+00 0.000000000000000000e+00 0.000000000000000000e+00 0.000000000000000000e+00 0.000000000000000000e+00 0.000000000000000000e+00 0.000000000000000000e+00 0.000000000000000000e+00 0.000000000000000000e+00 0.000000000000000000e+00 0.000000000000000000e+00 0.000000000000000000e+00 0.000000000000000000e+00 0.000000000000000000e+00 0.000000000000000000e+00 0.000000000000000000e+00 0.000000000000000000e+00 0.000000000000000000e+00 0.000000000000000000e+00 0.000000000000000000e+00 0.000000000000000000e+00 0.000000000000000000e+00 0.000000000000000000e+00 0.000000000000000000e+00 0.000000000000000000e+00 0.000000000000000000e+00 0.000000000000000000e+00 0.000000000000000000e+00 0.000000000000000000e+00 0.000000000000000000e+00 0.000000000000000000e+00 0.000000000000000000e+00 0.000000000000000000e+00
0.000000000000000000e+00 0.000000000000000000e+00 0.000000000000000000e+00 0.000000000000000000e+00 0.000000000000000000e+00 0.000000000000000000e+00 0.000000000000000000e+00 0.000000000000000000e+00 0.000000000000000000e+00 0.000000000000000000e+00 0.000000000000000000e+00 0.000000000000000000e+00 0.000000000000000000e+00 0.000000000000000000e+00 0.000000000000000000e+00 0.000000000000000000e+00 0.000000000000000000e+00 0.000000000000000000e+00 0.000000000000000000e+00 0.000000000000000000e+00 0.000000000000000000e+00 0.000000000000000000e+00 0.000000000000000000e+00 0.000000000000000000e+00 0.000000000000000000e+00 0.000000000000000000e+00 0.000000000000000000e+00 0.000000000000000000e+00 0.000000000000000000e+00 0.000000000000000000e+00 0.000000000000000000e+00 0.000000000000000000e+00 0.000000000000000000e+00 0.000000000000000000e+00 0.000000000000000000e+00 0.000000000000000000e+00 0.000000000000000000e+00 0.000000000000000000e+00 0.000000000000000000e+00 0.000000000000000000e+00 0.000000000000000000e+00 0.000000000000000000e+00 0.000000000000000000e+00 0.000000000000000000e+00 0.000000000000000000e+00 0.000000000000000000e+00 0.000000000000000000e+00 0.000000000000000000e+00 0.000000000000000000e+00 0.000000000000000000e+00 0.000000000000000000e+00 0.000000000000000000e+00 0.000000000000000000e+00 0.000000000000000000e+00 0.000000000000000000e+00 0.000000000000000000e+00 0.000000000000000000e+00 0.000000000000000000e+00 0.000000000000000000e+00 0.000000000000000000e+00 0.000000000000000000e+00 0.000000000000000000e+00 0.000000000000000000e+00 0.000000000000000000e+00 0.000000000000000000e+00 0.000000000000000000e+00 0.000000000000000000e+00 0.000000000000000000e+00 0.000000000000000000e+00 0.000000000000000000e+00
0.000000000000000000e+00 0.000000000000000000e+00 0.000000000000000000e+00 0.000000000000000000e+00 0.000000000000000000e+00 0.000000000000000000e+00 0.000000000000000000e+00 0.000000000000000000e+00 0.000000000000000000e+00 0.000000000000000000e+00 0.000000000000000000e+00 0.000000000000000000e+00 0.000000000000000000e+00 0.000000000000000000e+00 0.000000000000000000e+00 0.000000000000000000e+00 0.000000000000000000e+00 0.000000000000000000e+00 0.000000000000000000e+00 0.000000000000000000e+00 0.000000000000000000e+00 0.000000000000000000e+00 0.000000000000000000e+00 0.000000000000000000e+00 0.000000000000000000e+00 0.000000000000000000e+00 0.000000000000000000e+00 0.000000000000000000e+00 0.000000000000000000e+00 0.000000000000000000e+00 0.000000000000000000e+00 0.000000000000000000e+00 0.000000000000000000e+00 0.000000000000000000e+00 0.000000000000000000e+00 0.000000000000000000e+00 0.000000000000000000e+00 0.000000000000000000e+00 0.000000000000000000e+00 0.000000000000000000e+00 0.000000000000000000e+00 0.000000000000000000e+00 0.000000000000000000e+00 0.000000000000000000e+00 0.000000000000000000e+00 0.000000000000000000e+00 0.000000000000000000e+00 0.000000000000000000e+00 0.000000000000000000e+00 0.000000000000000000e+00 0.000000000000000000e+00 0.000000000000000000e+00 0.000000000000000000e+00 0.000000000000000000e+00 0.000000000000000000e+00 0.000000000000000000e+00 0.000000000000000000e+00 0.000000000000000000e+00 0.000000000000000000e+00 0.000000000000000000e+00 0.000000000000000000e+00 0.000000000000000000e+00 0.000000000000000000e+00 0.000000000000000000e+00 0.000000000000000000e+00 0.000000000000000000e+00 0.000000000000000000e+00 0.000000000000000000e+00 0.000000000000000000e+00 0.000000000000000000e+00
0.000000000000000000e+00 0.000000000000000000e+00 0.000000000000000000e+00 0.000000000000000000e+00 0.000000000000000000e+00 0.000000000000000000e+00 0.000000000000000000e+00 0.000000000000000000e+00 0.000000000000000000e+00 0.000000000000000000e+00 0.000000000000000000e+00 0.000000000000000000e+00 0.000000000000000000e+00 0.000000000000000000e+00 0.000000000000000000e+00 0.000000000000000000e+00 0.000000000000000000e+00 0.000000000000000000e+00 0.000000000000000000e+00 0.000000000000000000e+00 0.000000000000000000e+00 0.000000000000000000e+00 0.000000000000000000e+00 0.000000000000000000e+00 0.000000000000000000e+00 0.000000000000000000e+00 0.000000000000000000e+00 0.000000000000000000e+00 0.000000000000000000e+00 0.000000000000000000e+00 0.000000000000000000e+00 0.000000000000000000e+00 0.000000000000000000e+00 0.000000000000000000e+00 0.000000000000000000e+00 0.000000000000000000e+00 0.000000000000000000e+00 0.000000000000000000e+00 0.000000000000000000e+00 0.000000000000000000e+00 0.000000000000000000e+00 0.000000000000000000e+00 0.000000000000000000e+00 0.000000000000000000e+00 0.000000000000000000e+00 0.000000000000000000e+00 0.000000000000000000e+00 0.000000000000000000e+00 0.000000000000000000e+00 0.000000000000000000e+00 0.000000000000000000e+00 0.000000000000000000e+00 0.000000000000000000e+00 0.000000000000000000e+00 0.000000000000000000e+00 0.000000000000000000e+00 0.000000000000000000e+00 0.000000000000000000e+00 0.000000000000000000e+00 0.000000000000000000e+00 0.000000000000000000e+00 0.000000000000000000e+00 0.000000000000000000e+00 0.000000000000000000e+00 0.000000000000000000e+00 0.000000000000000000e+00 0.000000000000000000e+00 0.000000000000000000e+00 0.000000000000000000e+00 0.000000000000000000e+00
0.000000000000000000e+00 0.000000000000000000e+00 0.000000000000000000e+00 0.000000000000000000e+00 0.000000000000000000e+00 0.000000000000000000e+00 0.000000000000000000e+00 0.000000000000000000e+00 0.000000000000000000e+00 0.000000000000000000e+00 0.000000000000000000e+00 0.000000000000000000e+00 0.000000000000000000e+00 0.000000000000000000e+00 0.000000000000000000e+00 0.000000000000000000e+00 0.000000000000000000e+00 0.000000000000000000e+00 0.000000000000000000e+00 0.000000000000000000e+00 0.000000000000000000e+00 0.000000000000000000e+00 0.000000000000000000e+00 0.000000000000000000e+00 0.000000000000000000e+00 0.000000000000000000e+00 0.000000000000000000e+00 0.000000000000000000e+00 0.000000000000000000e+00 0.000000000000000000e+00 0.000000000000000000e+00 0.000000000000000000e+00 0.000000000000000000e+00 0.000000000000000000e+00 0.000000000000000000e+00 0.000000000000000000e+00 0.000000000000000000e+00 0.000000000000000000e+00 0.000000000000000000e+00 0.000000000000000000e+00 0.000000000000000000e+00 0.000000000000000000e+00 0.000000000000000000e+00 0.000000000000000000e+00 0.000000000000000000e+00 0.000000000000000000e+00 0.000000000000000000e+00 0.000000000000000000e+00 0.000000000000000000e+00 0.000000000000000000e+00 0.000000000000000000e+00 0.000000000000000000e+00 0.000000000000000000e+00 0.000000000000000000e+00 0.000000000000000000e+00 0.000000000000000000e+00 0.000000000000000000e+00 0.000000000000000000e+00 0.000000000000000000e+00 0.000000000000000000e+00 0.000000000000000000e+00 0.000000000000000000e+00 0.000000000000000000e+00 0.000000000000000000e+00 0.000000000000000000e+00 0.000000000000000000e+00 0.000000000000000000e+00 0.000000000000000000e+00 0.000000000000000000e+00 0.000000000000000000e+00
0.000000000000000000e+00 0.000000000000000000e+00 0.000000000000000000e+00 0.000000000000000000e+00 0.000000000000000000e+00 0.000000000000000000e+00 0.000000000000000000e+00 0.000000000000000000e+00 0.000000000000000000e+00 0.000000000000000000e+00 0.000000000000000000e+00 0.000000000000000000e+00 0.000000000000000000e+00 0.000000000000000000e+00 0.000000000000000000e+00 0.000000000000000000e+00 0.000000000000000000e+00 0.000000000000000000e+00 0.000000000000000000e+00 0.000000000000000000e+00 0.000000000000000000e+00 0.000000000000000000e+00 0.000000000000000000e+00 0.000000000000000000e+00 0.000000000000000000e+00 0.000000000000000000e+00 0.000000000000000000e+00 0.000000000000000000e+00 0.000000000000000000e+00 0.000000000000000000e+00 0.000000000000000000e+00 0.000000000000000000e+00 0.000000000000000000e+00 0.000000000000000000e+00 0.000000000000000000e+00 0.000000000000000000e+00 0.000000000000000000e+00 0.000000000000000000e+00 0.000000000000000000e+00 0.000000000000000000e+00 0.000000000000000000e+00 0.000000000000000000e+00 0.000000000000000000e+00 0.000000000000000000e+00 0.000000000000000000e+00 0.000000000000000000e+00 0.000000000000000000e+00 0.000000000000000000e+00 0.000000000000000000e+00 0.000000000000000000e+00 0.000000000000000000e+00 0.000000000000000000e+00 0.000000000000000000e+00 0.000000000000000000e+00 0.000000000000000000e+00 0.000000000000000000e+00 0.000000000000000000e+00 0.000000000000000000e+00 0.000000000000000000e+00 0.000000000000000000e+00 0.000000000000000000e+00 0.000000000000000000e+00 0.000000000000000000e+00 0.000000000000000000e+00 0.000000000000000000e+00 0.000000000000000000e+00 0.000000000000000000e+00 0.000000000000000000e+00 0.000000000000000000e+00 0.000000000000000000e+00
0.000000000000000000e+00 0.000000000000000000e+00 0.000000000000000000e+00 0.000000000000000000e+00 0.000000000000000000e+00 0.000000000000000000e+00 0.000000000000000000e+00 0.000000000000000000e+00 0.000000000000000000e+00 0.000000000000000000e+00 0.000000000000000000e+00 0.000000000000000000e+00 0.000000000000000000e+00 0.000000000000000000e+00 0.000000000000000000e+00 0.000000000000000000e+00 0.000000000000000000e+00 0.000000000000000000e+00 0.000000000000000000e+00 0.000000000000000000e+00 0.000000000000000000e+00 0.000000000000000000e+00 0.000000000000000000e+00 0.000000000000000000e+00 0.000000000000000000e+00 0.000000000000000000e+00 0.000000000000000000e+00 0.000000000000000000e+00 0.000000000000000000e+00 0.000000000000000000e+00 0.000000000000000000e+00 0.000000000000000000e+00 0.000000000000000000e+00 0.000000000000000000e+00 0.000000000000000000e+00 0.000000000000000000e+00 0.000000000000000000e+00 0.000000000000000000e+00 0.000000000000000000e+00 0.000000000000000000e+00 0.000000000000000000e+00 0.000000000000000000e+00 0.000000000000000000e+00 0.000000000000000000e+00 0.000000000000000000e+00 0.000000000000000000e+00 0.000000000000000000e+00 0.000000000000000000e+00 0.000000000000000000e+00 0.000000000000000000e+00 0.000000000000000000e+00 0.000000000000000000e+00 0.000000000000000000e+00 0.000000000000000000e+00 0.000000000000000000e+00 0.000000000000000000e+00 0.000000000000000000e+00 0.000000000000000000e+00 0.000000000000000000e+00 0.000000000000000000e+00 0.000000000000000000e+00 0.000000000000000000e+00 0.000000000000000000e+00 0.000000000000000000e+00 0.000000000000000000e+00 0.000000000000000000e+00 0.000000000000000000e+00 0.000000000000000000e+00 0.000000000000000000e+00 0.000000000000000000e+00
0.000000000000000000e+00 0.000000000000000000e+00 0.000000000000000000e+00 0.000000000000000000e+00 0.000000000000000000e+00 0.000000000000000000e+00 0.000000000000000000e+00 0.000000000000000000e+00 0.000000000000000000e+00 0.000000000000000000e+00 0.000000000000000000e+00 0.000000000000000000e+00 0.000000000000000000e+00 0.000000000000000000e+00 0.000000000000000000e+00 0.000000000000000000e+00 0.000000000000000000e+00 0.000000000000000000e+00 0.000000000000000000e+00 0.000000000000000000e+00 0.000000000000000000e+00 0.000000000000000000e+00 0.000000000000000000e+00 0.000000000000000000e+00 0.000000000000000000e+00 0.000000000000000000e+00 0.000000000000000000e+00 0.000000000000000000e+00 0.000000000000000000e+00 0.000000000000000000e+00 0.000000000000000000e+00 0.000000000000000000e+00 0.000000000000000000e+00 0.000000000000000000e+00 0.000000000000000000e+00 0.000000000000000000e+00 0.000000000000000000e+00 0.000000000000000000e+00 0.000000000000000000e+00 0.000000000000000000e+00 0.000000000000000000e+00 0.000000000000000000e+00 0.000000000000000000e+00 0.000000000000000000e+00 0.000000000000000000e+00 0.000000000000000000e+00 0.000000000000000000e+00 0.000000000000000000e+00 0.000000000000000000e+00 0.000000000000000000e+00 0.000000000000000000e+00 0.000000000000000000e+00 0.000000000000000000e+00 0.000000000000000000e+00 0.000000000000000000e+00 0.000000000000000000e+00 0.000000000000000000e+00 0.000000000000000000e+00 0.000000000000000000e+00 0.000000000000000000e+00 0.000000000000000000e+00 0.000000000000000000e+00 0.000000000000000000e+00 0.000000000000000000e+00 0.000000000000000000e+00 0.000000000000000000e+00 0.000000000000000000e+00 0.000000000000000000e+00 0.000000000000000000e+00 0.000000000000000000e+00
0.000000000000000000e+00 0.000000000000000000e+00 0.000000000000000000e+00 0.000000000000000000e+00 0.000000000000000000e+00 0.000000000000000000e+00 0.000000000000000000e+00 0.000000000000000000e+00 0.000000000000000000e+00 0.000000000000000000e+00 0.000000000000000000e+00 0.000000000000000000e+00 0.000000000000000000e+00 0.000000000000000000e+00 0.000000000000000000e+00 0.000000000000000000e+00 0.000000000000000000e+00 0.000000000000000000e+00 0.000000000000000000e+00 0.000000000000000000e+00 0.000000000000000000e+00 0.000000000000000000e+00 0.000000000000000000e+00 0.000000000000000000e+00 0.000000000000000000e+00 0.000000000000000000e+00 0.000000000000000000e+00 0.000000000000000000e+00 0.000000000000000000e+00 0.000000000000000000e+00 0.000000000000000000e+00 0.000000000000000000e+00 0.000000000000000000e+00 0.000000000000000000e+00 0.000000000000000000e+00 0.000000000000000000e+00 0.000000000000000000e+00 0.000000000000000000e+00 0.000000000000000000e+00 0.000000000000000000e+00 0.000000000000000000e+00 0.000000000000000000e+00 0.000000000000000000e+00 0.000000000000000000e+00 0.000000000000000000e+00 0.000000000000000000e+00 0.000000000000000000e+00 0.000000000000000000e+00 0.000000000000000000e+00 0.000000000000000000e+00 0.000000000000000000e+00 0.000000000000000000e+00 0.000000000000000000e+00 0.000000000000000000e+00 0.000000000000000000e+00 0.000000000000000000e+00 0.000000000000000000e+00 0.000000000000000000e+00 0.000000000000000000e+00 0.000000000000000000e+00 0.000000000000000000e+00 0.000000000000000000e+00 0.000000000000000000e+00 0.000000000000000000e+00 0.000000000000000000e+00 0.000000000000000000e+00 0.000000000000000000e+00 0.000000000000000000e+00 0.000000000000000000e+00 0.000000000000000000e+00
0.000000000000000000e+00 0.000000000000000000e+00 0.000000000000000000e+00 0.000000000000000000e+00 0.000000000000000000e+00 0.000000000000000000e+00 0.000000000000000000e+00 0.000000000000000000e+00 0.000000000000000000e+00 0.000000000000000000e+00 0.000000000000000000e+00 0.000000000000000000e+00 0.000000000000000000e+00 0.000000000000000000e+00 0.000000000000000000e+00 0.000000000000000000e+00 0.000000000000000000e+00 0.000000000000000000e+00 0.000000000000000000e+00 0.000000000000000000e+00 0.000000000000000000e+00 0.000000000000000000e+00 0.000000000000000000e+00 0.000000000000000000e+00 0.000000000000000000e+00 0.000000000000000000e+00 0.000000000000000000e+00 0.000000000000000000e+00 0.000000000000000000e+00 0.000000000000000000e+00 0.000000000000000000e+00 0.000000000000000000e+00 0.000000000000000000e+00 0.000000000000000000e+00 0.000000000000000000e+00 0.000000000000000000e+00 0.000000000000000000e+00 0.000000000000000000e+00 0.000000000000000000e+00 0.000000000000000000e+00 0.000000000000000000e+00 0.000000000000000000e+00 0.000000000000000000e+00 0.000000000000000000e+00 0.000000000000000000e+00 0.000000000000000000e+00 0.000000000000000000e+00 0.000000000000000000e+00 0.000000000000000000e+00 0.000000000000000000e+00 0.000000000000000000e+00 0.000000000000000000e+00 0.000000000000000000e+00 0.000000000000000000e+00 0.000000000000000000e+00 0.000000000000000000e+00 0.000000000000000000e+00 0.000000000000000000e+00 0.000000000000000000e+00 0.000000000000000000e+00 0.000000000000000000e+00 0.000000000000000000e+00 0.000000000000000000e+00 0.000000000000000000e+00 0.000000000000000000e+00 0.000000000000000000e+00 0.000000000000000000e+00 0.000000000000000000e+00 0.000000000000000000e+00 0.000000000000000000e+00
0.000000000000000000e+00 0.000000000000000000e+00 0.000000000000000000e+00 0.000000000000000000e+00 0.000000000000000000e+00 0.000000000000000000e+00 0.000000000000000000e+00 0.000000000000000000e+00 0.000000000000000000e+00 0.000000000000000000e+00 0.000000000000000000e+00 0.000000000000000000e+00 0.000000000000000000e+00 0.000000000000000000e+00 0.000000000000000000e+00 0.000000000000000000e+00 0.000000000000000000e+00 0.000000000000000000e+00 0.000000000000000000e+00 0.000000000000000000e+00 0.000000000000000000e+00 0.000000000000000000e+00 0.000000000000000000e+00 0.000000000000000000e+00 0.000000000000000000e+00 0.000000000000000000e+00 0.000000000000000000e+00 0.000000000000000000e+00 0.000000000000000000e+00 0.000000000000000000e+00 0.000000000000000000e+00 0.000000000000000000e+00 0.000000000000000000e+00 0.000000000000000000e+00 0.000000000000000000e+00 0.000000000000000000e+00 0.000000000000000000e+00 0.000000000000000000e+00 0.000000000000000000e+00 0.000000000000000000e+00 0.000000000000000000e+00 0.000000000000000000e+00 0.000000000000000000e+00 0.000000000000000000e+00 0.000000000000000000e+00 0.000000000000000000e+00 0.000000000000000000e+00 0.000000000000000000e+00 0.000000000000000000e+00 0.000000000000000000e+00 0.000000000000000000e+00 0.000000000000000000e+00 0.000000000000000000e+00 0.000000000000000000e+00 0.000000000000000000e+00 0.000000000000000000e+00 0.000000000000000000e+00 0.000000000000000000e+00 0.000000000000000000e+00 0.000000000000000000e+00 0.000000000000000000e+00 0.000000000000000000e+00 0.000000000000000000e+00 0.000000000000000000e+00 0.000000000000000000e+00 0.000000000000000000e+00 0.000000000000000000e+00 0.000000000000000000e+00 0.000000000000000000e+00 0.000000000000000000e+00
0.000000000000000000e+00 0.000000000000000000e+00 0.000000000000000000e+00 0.000000000000000000e+00 0.000000000000000000e+00 0.000000000000000000e+00 0.000000000000000000e+00 0.000000000000000000e+00 0.000000000000000000e+00 0.000000000000000000e+00 0.000000000000000000e+00 0.000000000000000000e+00 0.000000000000000000e+00 0.000000000000000000e+00 0.000000000000000000e+00 0.000000000000000000e+00 0.000000000000000000e+00 0.000000000000000000e+00 0.000000000000000000e+00 0.000000000000000000e+00 0.000000000000000000e+00 0.000000000000000000e+00 0.000000000000000000e+00 0.000000000000000000e+00 0.000000000000000000e+00 0.000000000000000000e+00 0.000000000000000000e+00 0.000000000000000000e+00 0.000000000000000000e+00 0.000000000000000000e+00 0.000000000000000000e+00 0.000000000000000000e+00 1.808219178082191680e+00 1.810958904109589040e+00 1.813698630136986401e+00 1.813698630136986401e+00 1.816438356164383539e+00 1.816438356164383539e+00 1.819178082191780899e+00 0.000000000000000000e+00 0.000000000000000000e+00 0.000000000000000000e+00 0.000000000000000000e+00 0.000000000000000000e+00 0.000000000000000000e+00 0.000000000000000000e+00 0.000000000000000000e+00 0.000000000000000000e+00 0.000000000000000000e+00 0.000000000000000000e+00 0.000000000000000000e+00 0.000000000000000000e+00 0.000000000000000000e+00 0.000000000000000000e+00 0.000000000000000000e+00 0.000000000000000000e+00 0.000000000000000000e+00 0.000000000000000000e+00 0.000000000000000000e+00 0.000000000000000000e+00 0.000000000000000000e+00 0.000000000000000000e+00 0.000000000000000000e+00 0.000000000000000000e+00 0.000000000000000000e+00 0.000000000000000000e+00 0.000000000000000000e+00 0.000000000000000000e+00 0.000000000000000000e+00 0.000000000000000000e+00
0.000000000000000000e+00 0.000000000000000000e+00 0.000000000000000000e+00 0.000000000000000000e+00 0.000000000000000000e+00 0.000000000000000000e+00 0.000000000000000000e+00 0.000000000000000000e+00 0.000000000000000000e+00 0.000000000000000000e+00 0.000000000000000000e+00 0.000000000000000000e+00 0.000000000000000000e+00 0.000000000000000000e+00 0.000000000000000000e+00 0.000000000000000000e+00 0.000000000000000000e+00 0.000000000000000000e+00 0.000000000000000000e+00 0.000000000000000000e+00 0.000000000000000000e+00 0.000000000000000000e+00 0.000000000000000000e+00 0.000000000000000000e+00 0.000000000000000000e+00 3.799999999999999822e+00 2.802739726027397182e+00 2.805479452054794542e+00 2.805479452054794542e+00 2.808219178082191902e+00 1.810958904109589040e+00 1.810958904109589040e+00 1.813698630136986401e+00 1.816438356164383539e+00 2.816438356164383539e+00 2.819178082191780899e+00 2.819178082191780899e+00 2.821917808219178259e+00 2.821917808219178259e+00 2.824657534246575175e+00 2.824657534246575175e+00 2.827397260273972535e+00 0.000000000000000000e+00 0.000000000000000000e+00 0.000000000000000000e+00 0.000000000000000000e+00 0.000000000000000000e+00 0.000000000000000000e+00 0.000000000000000000e+00 0.000000000000000000e+00 0.000000000000000000e+00 0.000000000000000000e+00 0.000000000000000000e+00 0.000000000000000000e+00 0.000000000000000000e+00 0.000000000000000000e+00 0.000000000000000000e+00 0.000000000000000000e+00 0.000000000000000000e+00 0.000000000000000000e+00 0.000000000000000000e+00 0.000000000000000000e+00 0.000000000000000000e+00 0.000000000000000000e+00 0.000000000000000000e+00 0.000000000000000000e+00 0.000000000000000000e+00 0.000000000000000000e+00 0.000000000000000000e+00 0.000000000000000000e+00
0.000000000000000000e+00 0.000000000000000000e+00 0.000000000000000000e+00 0.000000000000000000e+00 0.000000000000000000e+00 0.000000000000000000e+00 0.000000000000000000e+00 0.000000000000000000e+00 0.000000000000000000e+00 0.000000000000000000e+00 0.000000000000000000e+00 0.000000000000000000e+00 0.000000000000000000e+00 0.000000000000000000e+00 0.000000000000000000e+00 0.000000000000000000e+00 0.000000000000000000e+00 0.000000000000000000e+00 0.000000000000000000e+00 0.000000000000000000e+00 0.000000000000000000e+00 0.000000000000000000e+00 0.000000000000000000e+00 2.780000000000000071e+01 1.980273972602739718e+01 3.805479452054794542e+00 2.808219178082191902e+00 6.808219178082191902e+00 7.810958904109589263e+00 3.813698630136986178e+00 2.813698630136986178e+00 2.816438356164383539e+00 3.819178082191780899e+00 3.819178082191780899e+00 7.821917808219177815e+00 1.282191780821917781e+01 1.582465753424657606e+01 1.982465753424657606e+01 2.282739726027397253e+01 2.683013698630136901e+01 2.783013698630136901e+01 1.383287671232876725e+01 2.832876712328767255e+00 2.835616438356164171e+00 0.000000000000000000e+00 0.000000000000000000e+00 0.000000000000000000e+00 0.000000000000000000e+00 0.000000000000000000e+00 0.000000000000000000e+00 0.000000000000000000e+00 0.000000000000000000e+00 0.000000000000000000e+00 0.000000000000000000e+00 0.000000000000000000e+00 0.000000000000000000e+00 0.000000000000000000e+00 0.000000000000000000e+00 0.000000000000000000e+00 0.000000000000000000e+00 0.000000000000000000e+00 0.000000000000000000e+00 0.000000000000000000e+00 0.000000000000000000e+00 0.000000000000000000e+00 0.000000000000000000e+00 0.000000000000000000e+00 0.000000000000000000e+00 0.000000000000000000e+00 0.000000000000000000e+00
0.000000000000000000e+00 0.000000000000000000e+00 0.000000000000000000e+00 0.000000000000000000e+00 0.000000000000000000e+00 0.000000000000000000e+00 0.000000000000000000e+00 0.000000000000000000e+00 0.000000000000000000e+00 0.000000000000000000e+00 0.000000000000000000e+00 0.000000000000000000e+00 0.000000000000000000e+00 0.000000000000000000e+00 0.000000000000000000e+00 0.000000000000000000e+00 0.000000000000000000e+00 0.000000000000000000e+00 0.000000000000000000e+00 0.000000000000000000e+00 0.000000000000000000e+00 1.108027397260273972e+02 7.480273972602739718e+01 5.280547945205479721e+01 3.880821917808219013e+01 2.981095890410959015e+01 2.981095890410959015e+01 3.181369863013698662e+01 2.981643835616438309e+01 2.381917808219177957e+01 2.081917808219177957e+01 2.082191780821917959e+01 2.282191780821917959e+01 2.582465753424657606e+01 2.782739726027397253e+01 2.982739726027397253e+01 3.183013698630136901e+01 3.283013698630136901e+01 3.483287671232876903e+01 3.683287671232876903e+01 3.883561643835616195e+01 4.083561643835616195e+01 3.983835616438356197e+01 2.483835616438356197e+01 2.841095890410958891e+00 2.841095890410958891e+00 2.843835616438356251e+00 3.843835616438356251e+00 3.846575342465753611e+00 3.846575342465753611e+00 3.846575342465753611e+00 3.849315068493150527e+00 4.849315068493150527e+00 8.520547945205479978e-01 0.000000000000000000e+00 0.000000000000000000e+00 0.000000000000000000e+00 0.000000000000000000e+00 0.000000000000000000e+00 0.000000000000000000e+00 0.000000000000000000e+00 0.000000000000000000e+00 0.000000000000000000e+00 0.000000000000000000e+00 0.000000000000000000e+00 0.000000000000000000e+00 0.000000000000000000e+00 0.000000000000000000e+00 0.000000000000000000e+00 0.000000000000000000e+00
0.000000000000000000e+00 0.000000000000000000e+00 0.000000000000000000e+00 0.000000000000000000e+00 0.000000000000000000e+00 0.000000000000000000e+00 0.000000000000000000e+00 0.000000000000000000e+00 0.000000000000000000e+00 0.000000000000000000e+00 0.000000000000000000e+00 0.000000000000000000e+00 0.000000000000000000e+00 0.000000000000000000e+00 0.000000000000000000e+00 0.000000000000000000e+00 0.000000000000000000e+00 0.000000000000000000e+00 0.000000000000000000e+00 0.000000000000000000e+00 1.158054794520547972e+02 7.380821917808219723e+01 5.880821917808219013e+01 4.981095890410959015e+01 4.281369863013698307e+01 3.981643835616438309e+01 3.981643835616438309e+01 3.781917808219178312e+01 3.582191780821917604e+01 3.282191780821917604e+01 3.082465753424657606e+01 3.082739726027397253e+01 3.182739726027397253e+01 3.283013698630136901e+01 3.283013698630136901e+01 3.383287671232876903e+01 3.383561643835616195e+01 3.383561643835616195e+01 3.383835616438356197e+01 3.483835616438356197e+01 3.484109589041096200e+01 3.584109589041096200e+01 3.884383561643835492e+01 4.184383561643835492e+01 4.484657534246575494e+01 4.684657534246575494e+01 4.784657534246575494e+01 4.784931506849314786e+01 4.784931506849314786e+01 4.585205479452054789e+01 4.285205479452054789e+01 3.685205479452054789e+01 3.085479452054794436e+01 2.485479452054794436e+01 1.785753424657534083e+01 4.857534246575342607e+00 4.857534246575342607e+00 4.860273972602739967e+00 4.860273972602739967e+00 5.860273972602739967e+00 5.863013698630137327e+00 5.863013698630137327e+00 8.630136986301369939e-01 8.657534246575342429e-01 8.657534246575342429e-01 8.657534246575342429e-01 8.684931506849314919e-01 8.684931506849314919e-01 8.684931506849314919e-01 8.712328767123287410e-01
0.000000000000000000e+00 0.000000000000000000e+00 0.000000000000000000e+00 0.000000000000000000e+00 0.000000000000000000e+00 0.000000000000000000e+00 0.000000000000000000e+00 0.000000000000000000e+00 0.000000000000000000e+00 0.000000000000000000e+00 0.000000000000000000e+00 0.000000000000000000e+00 0.000000000000000000e+00 0.000000000000000000e+00 0.000000000000000000e+00 0.000000000000000000e+00 0.000000000000000000e+00 0.000000000000000000e+00 3.358054794520547830e+02 9.280821917808219723e+01 6.681095890410958305e+01 5.681369863013698307e+01 5.081643835616438309e+01 4.581643835616438309e+01 4.281917808219178312e+01 4.082191780821917604e+01 3.882465753424657606e+01 3.782465753424657606e+01 3.582739726027397609e+01 3.483013698630136901e+01 3.383013698630136901e+01 3.383287671232876903e+01 3.283287671232876903e+01 3.283561643835616195e+01 3.283561643835616195e+01 3.283835616438356197e+01 3.284109589041096200e+01 3.184109589041095845e+01 3.184383561643835492e+01 3.184383561643835492e+01 3.084657534246575494e+01 3.084657534246575494e+01 3.084657534246575494e+01 3.284931506849314786e+01 3.484931506849314786e+01 3.685205479452054789e+01 3.885205479452054789e+01 4.085479452054794791e+01 4.285479452054794791e+01 4.485479452054794791e+01 4.685753424657534083e+01 4.885753424657534083e+01 5.086027397260274086e+01 5.386027397260274086e+01 5.586027397260274086e+01 5.786301369863013377e+01 5.986301369863013377e+01 6.186301369863013377e+01 6.386575342465753380e+01 6.586575342465754090e+01 6.786575342465754090e+01 6.886849315068492672e+01 7.086849315068492672e+01 7.286849315068492672e+01 7.487123287671232674e+01 7.587123287671232674e+01 7.787123287671232674e+01 7.987123287671232674e+01 8.087397260273972677e+01 8.287397260273972677e+01
0.000000000000000000e+00 0.000000000000000000e+00 0.000000000000000000e+00 0.000000000000000000e+00 0.000000000000000000e+00 0.000000000000000000e+00 0.000000000000000000e+00 0.000000000000000000e+00 0.000000000000000000e+00 0.000000000000000000e+00 0.000000000000000000e+00 0.000000000000000000e+00 0.000000000000000000e+00 0.000000000000000000e+00 0.000000000000000000e+00 0.000000000000000000e+00 0.000000000000000000e+00 1.648109589041095830e+02 7.781369863013698307e+01 6.081369863013698307e+01 5.381643835616438309e+01 4.881917808219178312e+01 4.482191780821917604e+01 4.282465753424657606e+01 3.982465753424657606e+01 3.782739726027397609e+01 3.583013698630136901e+01 3.483013698630136901e+01 3.383287671232876903e+01 3.383561643835616195e+01 3.283561643835616195e+01 3.283835616438356197e+01 3.184109589041095845e+01 3.184109589041095845e+01 3.184383561643835492e+01 3.084383561643835492e+01 3.084657534246575494e+01 2.984657534246575494e+01 2.984931506849315141e+01 2.884931506849315141e+01 2.785205479452054789e+01 2.785205479452054789e+01 2.685205479452054789e+01 2.685479452054794436e+01 2.785479452054794436e+01 2.885753424657534083e+01 2.885753424657534083e+01 2.986027397260274086e+01 3.086027397260274086e+01 3.186027397260274086e+01 3.286301369863013377e+01 3.386301369863013377e+01 3.486301369863013377e+01 3.486575342465753380e+01 3.586575342465753380e+01 3.686849315068493382e+01 3.786849315068493382e+01 3.986849315068493382e+01 4.087123287671232674e+01 4.187123287671232674e+01 4.287123287671232674e+01 4.387123287671232674e+01 4.587397260273972677e+01 4.687397260273972677e+01 4.787397260273972677e+01 4.887671232876712679e+01 4.987671232876712679e+01 5.087671232876712679e+01 5.187671232876712679e+01 5.287945205479451971e+01
0.000000000000000000e+00 0.000000000000000000e+00 0.000000000000000000e+00 0.000000000000000000e+00 0.000000000000000000e+00 0.000000000000000000e+00 0.000000000000000000e+00 0.000000000000000000e+00 0.000000000000000000e+00 0.000000000000000000e+00 0.000000000000000000e+00 0.000000000000000000e+00 0.000000000000000000e+00 0.000000000000000000e+00 0.000000000000000000e+00 0.000000000000000000e+00 1.098136986301369831e+02 6.581643835616438309e+01 5.481917808219178312e+01 4.982191780821917604e+01 4.582465753424657606e+01 4.282739726027397609e+01 4.082739726027397609e+01 3.883013698630136901e+01 3.583287671232876903e+01 3.383561643835616195e+01 3.183561643835616550e+01 3.183835616438356197e+01 3.183835616438356197e+01 3.184109589041095845e+01 3.184383561643835492e+01 3.084383561643835492e+01 3.084657534246575494e+01 2.984657534246575494e+01 2.984931506849315141e+01 2.884931506849315141e+01 2.885205479452054789e+01 2.785205479452054789e+01 2.785479452054794436e+01 2.685479452054794436e+01 2.585753424657534083e+01 2.585753424657534083e+01 2.486027397260274086e+01 2.486027397260274086e+01 2.486027397260274086e+01 2.486301369863013733e+01 2.486301369863013733e+01 2.486575342465753380e+01 2.586575342465753380e+01 2.586575342465753380e+01 2.586849315068493027e+01 2.686849315068493027e+01 2.686849315068493027e+01 2.687123287671233030e+01 2.687123287671233030e+01 2.787123287671233030e+01 2.787397260273972677e+01 2.787397260273972677e+01 2.787397260273972677e+01 2.887671232876712324e+01 2.887671232876712324e+01 2.987671232876712324e+01 2.987945205479451971e+01 3.087945205479451971e+01 3.087945205479451971e+01 3.187945205479451971e+01 3.188219178082191618e+01 3.188219178082191618e+01 3.288219178082191974e+01 3.288219178082191974e+01
0.000000000000000000e+00 0.000000000000000000e+00 0.000000000000000000e+00 0.000000000000000000e+00 0.000000000000000000e+00 0.000000000000000000e+00 0.000000000000000000e+00 0.000000000000000000e+00 0.000000000000000000e+00 0.000000000000000000e+00 0.000000000000000000e+00 0.000000000000000000e+00 0.000000000000000000e+00 0.000000000000000000e+00 4.028164383561643831e+02 8.281917808219178312e+01 5.782191780821917604e+01 4.982465753424657606e+01 4.482739726027397609e+01 4.183013698630136901e+01 3.883013698630136901e+01 3.783287671232876903e+01 3.683561643835616195e+01 3.483835616438356197e+01 3.183835616438356197e+01 2.984109589041095845e+01 2.884383561643835492e+01 2.884383561643835492e+01 2.984657534246575494e+01 2.984931506849315141e+01 2.984931506849315141e+01 2.885205479452054789e+01 2.885205479452054789e+01 2.785479452054794436e+01 2.785479452054794436e+01 2.685753424657534083e+01 2.685753424657534083e+01 2.686027397260274086e+01 2.586027397260274086e+01 2.586301369863013733e+01 2.486301369863013733e+01 2.386575342465753380e+01 2.386575342465753380e+01 2.386575342465753380e+01 2.286849315068493027e+01 2.286849315068493027e+01 2.287123287671233030e+01 2.287123287671233030e+01 2.287123287671233030e+01 2.287397260273972677e+01 2.287397260273972677e+01 2.287397260273972677e+01 2.287671232876712324e+01 2.287671232876712324e+01 2.387671232876712324e+01 2.387671232876712324e+01 2.387945205479451971e+01 2.387945205479451971e+01 2.387945205479451971e+01 2.388219178082191618e+01 2.388219178082191618e+01 2.388219178082191618e+01 2.388219178082191618e+01 2.388493150684931621e+01 2.388493150684931621e+01 2.388493150684931621e+01 2.388767123287671268e+01 2.488767123287671268e+01 2.488767123287671268e+01 2.488767123287671268e+01
0.000000000000000000e+00 0.000000000000000000e+00 0.000000000000000000e+00 0.000000000000000000e+00 0.000000000000000000e+00 0.000000000000000000e+00 0.000000000000000000e+00 0.000000000000000000e+00 0.000000000000000000e+00 0.000000000000000000e+00 0.000000000000000000e+00 0.000000000000000000e+00 0.000000000000000000e+00 1.508219178082191831e+02 6.682465753424656896e+01 5.082739726027397609e+01 4.483013698630136901e+01 4.083287671232876903e+01 3.883561643835616195e+01 3.583835616438356197e+01 3.483835616438356197e+01 3.484109589041096200e+01 3.284383561643835492e+01 3.084657534246575494e+01 2.884657534246575494e+01 2.684931506849315141e+01 2.685205479452054789e+01 2.685205479452054789e+01 2.685479452054794436e+01 2.785479452054794436e+01 2.785753424657534083e+01 2.685753424657534083e+01 2.686027397260274086e+01 2.586027397260274086e+01 2.586301369863013733e+01 2.586301369863013733e+01 2.486575342465753380e+01 2.486575342465753380e+01 2.486849315068493027e+01 2.386849315068493027e+01 2.287123287671233030e+01 2.287123287671233030e+01 2.187123287671233030e+01 2.187397260273972677e+01 2.187397260273972677e+01 2.187671232876712324e+01 2.187671232876712324e+01 2.187671232876712324e+01 2.187945205479451971e+01 2.087945205479451971e+01 2.087945205479451971e+01 2.188219178082191618e+01 2.188219178082191618e+01 2.188219178082191618e+01 2.188219178082191618e+01 2.188493150684931621e+01 2.188493150684931621e+01 2.188493150684931621e+01 2.188767123287671268e+01 2.188767123287671268e+01 2.188767123287671268e+01 2.188767123287671268e+01 2.189041095890410915e+01 2.189041095890410915e+01 2.189041095890410915e+01 2.189041095890410915e+01 2.189315068493150562e+01 2.189315068493150562e+01 2.189315068493150562e+01 2.189315068493150562e+01
0.000000000000000000e+00 0.000000000000000000e+00 0.000000000000000000e+00 0.000000000000000000e+00 0.000000000000000000e+00 0.000000000000000000e+00 0.000000000000000000e+00 0.000000000000000000e+00 0.000000000000000000e+00 0.000000000000000000e+00 0.000000000000000000e+00 0.000000000000000000e+00 9.382739726027396898e+01 5.683013698630136901e+01 4.583287671232876903e+01 4.083561643835616195e+01 3.783835616438356197e+01 3.584109589041096200e+01 3.284383561643835492e+01 3.184657534246575494e+01 3.184931506849315141e+01 3.084931506849315141e+01 2.885205479452054789e+01 2.685479452054794436e+01 2.585479452054794436e+01 2.485753424657534083e+01 2.386027397260274086e+01 2.486027397260274086e+01 2.586301369863013733e+01 2.586301369863013733e+01 2.586575342465753380e+01 2.486575342465753380e+01 2.486849315068493027e+01 2.486849315068493027e+01 2.387123287671233030e+01 2.387123287671233030e+01 2.387397260273972677e+01 2.287397260273972677e+01 2.287671232876712324e+01 2.287671232876712324e+01 2.187671232876712324e+01 2.187945205479451971e+01 2.087945205479451971e+01 2.088219178082191618e+01 2.088219178082191618e+01 2.088219178082191618e+01 2.088493150684931621e+01 2.088493150684931621e+01 2.088493150684931621e+01 1.988767123287671268e+01 1.988767123287671268e+01 1.988767123287671268e+01 1.989041095890410915e+01 1.989041095890410915e+01 1.989041095890410915e+01 1.989041095890410915e+01 1.989315068493150562e+01 1.989315068493150562e+01 1.989315068493150562e+01 1.989315068493150562e+01 1.989589041095890565e+01 1.989589041095890565e+01 1.989589041095890565e+01 1.989589041095890565e+01 1.989863013698630212e+01 1.989863013698630212e+01 1.989863013698630212e+01 1.989863013698630212e+01 1.989863013698630212e+01 1.990136986301369859e+01
0.000000000000000000e+00 0.000000000000000000e+00 0.000000000000000000e+00 0.000000000000000000e+00 0.000000000000000000e+00 0.000000000000000000e+00 0.000000000000000000e+00 0.000000000000000000e+00 0.000000000000000000e+00 0.000000000000000000e+00 1.588328767123287548e+02 6.783561643835616906e+01 4.883835616438356197e+01 4.084109589041096200e+01 3.684383561643835492e+01 3.384657534246575494e+01 3.284931506849314786e+01 3.085205479452054789e+01 2.885479452054794436e+01 2.985479452054794436e+01 2.885753424657534083e+01 2.786027397260274086e+01 2.586301369863013733e+01 2.386301369863013733e+01 2.286575342465753380e+01 2.186575342465753380e+01 2.286849315068493027e+01 2.287123287671233030e+01 2.387123287671233030e+01 2.387397260273972677e+01 2.387397260273972677e+01 2.387671232876712324e+01 2.287671232876712324e+01 2.287945205479451971e+01 2.287945205479451971e+01 2.187945205479451971e+01 2.188219178082191618e+01 2.188219178082191618e+01 2.188493150684931621e+01 2.188493150684931621e+01 2.088493150684931621e+01 2.088767123287671268e+01 1.988767123287671268e+01 1.989041095890410915e+01 1.989041095890410915e+01 1.989041095890410915e+01 1.989315068493150562e+01 1.989315068493150562e+01 1.989315068493150562e+01 1.989315068493150562e+01 1.889589041095890565e+01 1.889589041095890565e+01 1.889589041095890565e+01 1.889863013698630212e+01 1.889863013698630212e+01 1.889863013698630212e+01 1.889863013698630212e+01 1.890136986301369859e+01 1.890136986301369859e+01 1.890136986301369859e+01 1.890136986301369859e+01 1.890410958904109506e+01 1.890410958904109506e+01 1.890410958904109506e+01 1.890410958904109506e+01 1.890410958904109506e+01 1.890684931506849153e+01 1.890684931506849153e+01 1.890684931506849153e+01 1.890684931506849153e+01
0.000000000000000000e+00 0.000000000000000000e+00 0.000000000000000000e+00 0.000000000000000000e+00 0.000000000000000000e+00 0.000000000000000000e+00 0.000000000000000000e+00 0.000000000000000000e+00 5.718383561643835264e+02 8.284109589041095489e+01 5.284383561643835492e+01 4.284657534246575494e+01 3.685205479452054789e+01 3.385479452054794791e+01 3.185479452054794436e+01 2.985753424657534083e+01 2.786027397260274086e+01 2.686301369863013733e+01 2.686575342465753380e+01 2.686575342465753380e+01 2.586849315068493027e+01 2.387123287671233030e+01 2.287397260273972677e+01 2.187397260273972677e+01 2.087671232876712324e+01 2.087671232876712324e+01 2.087945205479451971e+01 2.187945205479451971e+01 2.188219178082191618e+01 2.188219178082191618e+01 2.188493150684931621e+01 2.188493150684931621e+01 2.188767123287671268e+01 2.188767123287671268e+01 2.089041095890410915e+01 2.089041095890410915e+01 2.089041095890410915e+01 2.089315068493150562e+01 1.989315068493150562e+01 1.989315068493150562e+01 1.989589041095890565e+01 1.989589041095890565e+01 1.889863013698630212e+01 1.889863013698630212e+01 1.889863013698630212e+01 1.889863013698630212e+01 1.890136986301369859e+01 1.890136986301369859e+01 1.890136986301369859e+01 1.890410958904109506e+01 1.890410958904109506e+01 1.890410958904109506e+01 1.890410958904109506e+01 1.890684931506849153e+01 1.790684931506849153e+01 1.790684931506849153e+01 1.890684931506849153e+01 1.890958904109589156e+01 1.890958904109589156e+01 1.890958904109589156e+01 1.890958904109589156e+01 1.890958904109589156e+01 1.891232876712328803e+01 1.791232876712328803e+01 1.791232876712328803e+01 1.791232876712328803e+01 1.791232876712328803e+01 1.791506849315068450e+01 1.791506849315068450e+01 1.791506849315068450e+01
0.000000000000000000e+00 0.000000000000000000e+00 0.000000000000000000e+00 0.000000000000000000e+00 0.000000000000000000e+00 0.000000000000000000e+00 0.000000000000000000e+00 1.188493150684931550e+02 5.885205479452054789e+01 4.385753424657534083e+01 3.786027397260274086e+01 3.386301369863013377e+01 3.086575342465753380e+01 2.886849315068493027e+01 2.686849315068493027e+01 2.587123287671233030e+01 2.487397260273972677e+01 2.487671232876712324e+01 2.487671232876712324e+01 2.487945205479451971e+01 2.288219178082191618e+01 2.188219178082191618e+01 1.988493150684931621e+01 1.988767123287671268e+01 1.888767123287671268e+01 1.889041095890410915e+01 1.989041095890410915e+01 1.989315068493150562e+01 2.089315068493150562e+01 2.089589041095890565e+01 2.089589041095890565e+01 2.089589041095890565e+01 1.989863013698630212e+01 1.989863013698630212e+01 1.990136986301369859e+01 1.990136986301369859e+01 1.990136986301369859e+01 1.890410958904109506e+01 1.890410958904109506e+01 1.890410958904109506e+01 1.890684931506849153e+01 1.890684931506849153e+01 1.790684931506849153e+01 1.790958904109589156e+01 1.790958904109589156e+01 1.790958904109589156e+01 1.790958904109589156e+01 1.791232876712328803e+01 1.791232876712328803e+01 1.791232876712328803e+01 1.791232876712328803e+01 1.791506849315068450e+01 1.791506849315068450e+01 1.791506849315068450e+01 1.791506849315068450e+01 1.791780821917808098e+01 1.791780821917808098e+01 1.791780821917808098e+01 1.791780821917808098e+01 1.791780821917808098e+01 1.792054794520548100e+01 1.792054794520548100e+01 1.792054794520548100e+01 1.792054794520548100e+01 1.792054794520548100e+01 1.792054794520548100e+01 1.792328767123287747e+01 1.792328767123287747e+01 1.792328767123287747e+01 1.792328767123287747e+01
0.000000000000000000e+00 0.000000000000000000e+00 0.000000000000000000e+00 0.000000000000000000e+00 0.000000000000000000e+00 2.738602739726027266e+02 7.086301369863014088e+01 4.786849315068493382e+01 3.887123287671232674e+01 3.387397260273972677e+01 2.987671232876712324e+01 2.787945205479451971e+01 2.688219178082191618e+01 2.488219178082191618e+01 2.388493150684931621e+01 2.288767123287671268e+01 2.189041095890410915e+01 2.289041095890410915e+01 2.289315068493150562e+01 2.189589041095890565e+01 1.989589041095890565e+01 1.889863013698630212e+01 1.789863013698630212e+01 1.790136986301369859e+01 1.790136986301369859e+01 1.790410958904109506e+01 1.890410958904109506e+01 1.890684931506849153e+01 1.890684931506849153e+01 1.890684931506849153e+01 1.890958904109589156e+01 1.890958904109589156e+01 1.891232876712328803e+01 1.891232876712328803e+01 1.891232876712328803e+01 1.791506849315068450e+01 1.791506849315068450e+01 1.791506849315068450e+01 1.791506849315068450e+01 1.791780821917808098e+01 1.791780821917808098e+01 1.791780821917808098e+01 1.692054794520548100e+01 1.692054794520548100e+01 1.692054794520548100e+01 1.692054794520548100e+01 1.692328767123287747e+01 1.692328767123287747e+01 1.692328767123287747e+01 1.692328767123287747e+01 1.692602739726027394e+01 1.692602739726027394e+01 1.692602739726027394e+01 1.692602739726027394e+01 1.692602739726027394e+01 1.692876712328767042e+01 1.692876712328767042e+01 1.692876712328767042e+01 1.692876712328767042e+01 1.692876712328767042e+01 1.693150684931506689e+01 1.693150684931506689e+01 1.693150684931506689e+01 1.693150684931506689e+01 1.693150684931506689e+01 1.693150684931506689e+01 1.693150684931506689e+01 1.693424657534246691e+01 1.693424657534246691e+01 1.693424657534246691e+01
0.000000000000000000e+00 0.000000000000000000e+00 0.000000000000000000e+00 0.000000000000000000e+00 9.987945205479452682e+01 5.388219178082191974e+01 4.088767123287671268e+01 3.389041095890411270e+01 2.989315068493150562e+01 2.789589041095890565e+01 2.589589041095890565e+01 2.389863013698630212e+01 2.290136986301369859e+01 2.190410958904109506e+01 2.090684931506849153e+01 1.990684931506849153e+01 2.090958904109589156e+01 2.090958904109589156e+01 1.991232876712328803e+01 1.891232876712328803e+01 1.791506849315068450e+01 1.691506849315068450e+01 1.691780821917808098e+01 1.591780821917808275e+01 1.592054794520547922e+01 1.692054794520548100e+01 1.692054794520548100e+01 1.792328767123287747e+01 1.792328767123287747e+01 1.792328767123287747e+01 1.792602739726027394e+01 1.792602739726027394e+01 1.692602739726027394e+01 1.692876712328767042e+01 1.692876712328767042e+01 1.692876712328767042e+01 1.692876712328767042e+01 1.693150684931506689e+01 1.693150684931506689e+01 1.693150684931506689e+01 1.693150684931506689e+01 1.693424657534246691e+01 1.593424657534246514e+01 1.593424657534246514e+01 1.593424657534246514e+01 1.593698630136986338e+01 1.593698630136986338e+01 1.593698630136986338e+01 1.593698630136986338e+01 1.593698630136986338e+01 1.593698630136986338e+01 1.593972602739725986e+01 1.593972602739725986e+01 1.593972602739725986e+01 1.593972602739725986e+01 1.593972602739725986e+01 1.593972602739725986e+01 1.594246575342465810e+01 1.594246575342465810e+01 1.594246575342465810e+01 1.594246575342465810e+01 1.594246575342465810e+01 1.594246575342465810e+01 1.594520547945205458e+01 1.594520547945205458e+01 1.594520547945205458e+01 1.594520547945205458e+01 1.594520547945205458e+01 1.594520547945205458e+01 1.594520547945205458e+01
0.000000000000000000e+00 0.000000000000000000e+00 1.959095890410958987e+02 6.990958904109588445e+01 4.491506849315068450e+01 3.491780821917808453e+01 3.091780821917808098e+01 2.692054794520548100e+01 2.492328767123287747e+01 2.292602739726027394e+01 2.192602739726027394e+01 2.092876712328767042e+01 1.992876712328767042e+01 1.893150684931506689e+01 1.793150684931506689e+01 1.793424657534246691e+01 1.793424657534246691e+01 1.793698630136986338e+01 1.693698630136986338e+01 1.593972602739725986e+01 1.593972602739725986e+01 1.493972602739725986e+01 1.494246575342465810e+01 1.494246575342465810e+01 1.494246575342465810e+01 1.494246575342465810e+01 1.594520547945205458e+01 1.594520547945205458e+01 1.594520547945205458e+01 1.594520547945205458e+01 1.594794520547945282e+01 1.594794520547945282e+01 1.594794520547945282e+01 1.594794520547945282e+01 1.494794520547945282e+01 1.495068493150684930e+01 1.495068493150684930e+01 1.495068493150684930e+01 1.495068493150684930e+01 1.495068493150684930e+01 1.495342465753424577e+01 1.495342465753424577e+01 1.495342465753424577e+01 1.495342465753424577e+01 1.495342465753424577e+01 1.495342465753424577e+01 1.495342465753424577e+01 1.495616438356164402e+01 1.495616438356164402e+01 1.495616438356164402e+01 1.495616438356164402e+01 1.495616438356164402e+01 1.495616438356164402e+01 1.495616438356164402e+01 1.495616438356164402e+01 1.495890410958904049e+01 1.495890410958904049e+01 1.495890410958904049e+01 1.495890410958904049e+01 1.495890410958904049e+01 1.495890410958904049e+01 1.495890410958904049e+01 1.495890410958904049e+01 1.496164383561643874e+01 1.496164383561643874e+01 1.496164383561643874e+01 1.496164383561643874e+01 1.496164383561643874e+01 1.496164383561643874e+01 1.496164383561643874e+01
0.000000000000000000e+00 1.244657534246575352e+02 5.546301369863013520e+01 3.646575342465753522e+01 2.949315068493150704e+01 2.544383561643835634e+01 2.152876712328767184e+01 1.952054794520547887e+01 1.849041095890411057e+01 1.744109589041095987e+01 1.650410958904109648e+01 1.545753424657534225e+01 1.552328767123287712e+01 1.449041095890410880e+01 1.440821917808219155e+01 1.439452054794520564e+01 1.457534246575342429e+01 1.355068493150684894e+01 1.349589041095890352e+01 1.246849315068493169e+01 1.242465753424657571e+01 1.141369863013698627e+01 1.138082191780821972e+01 1.135890410958904084e+01 1.231506849315068486e+01 1.261643835616438380e+01 1.264109589041095916e+01 1.263013698630136972e+01 1.261369863013698556e+01 1.259999999999999964e+01 1.259178082191780845e+01 1.259178082191780845e+01 1.259178082191780845e+01 1.259452054794520492e+01 1.259999999999999964e+01 1.260273972602739789e+01 1.261095890410958908e+01 1.261917808219178028e+01 1.263561643835616444e+01 1.265479452054794507e+01 1.267671232876712395e+01 1.270136986301369930e+01 1.271780821917808169e+01 1.235616438356164437e+01 1.227671232876712359e+01 1.227397260273972535e+01 1.227945205479452007e+01 1.228493150684931479e+01 1.229041095890410951e+01 1.229315068493150598e+01 1.229863013698630070e+01 1.328219178082191831e+01 1.328493150684931479e+01 1.328767123287671303e+01 1.328767123287671303e+01 1.328767123287671303e+01 1.328767123287671303e+01 1.328493150684931479e+01 1.327945205479452007e+01 1.327123287671232887e+01 1.324931506849314999e+01 1.323561643835616408e+01 1.323013698630136936e+01 1.322739726027397289e+01 1.322739726027397289e+01 1.322739726027397289e+01 1.322739726027397289e+01 1.323013698630136936e+01 1.323013698630136936e+01 1.375068493150685001e+01
0.000000000000000000e+00 1.185013698630136929e+02 5.344931506849314928e+01 3.545479452054794223e+01 2.944931506849314928e+01 2.448493150684931408e+01 2.147671232876712466e+01 1.947945205479452113e+01 1.846027397260273872e+01 1.743013698630137043e+01 1.646849315068493169e+01 1.544931506849315106e+01 1.550958904109589120e+01 1.446575342465753344e+01 1.438904109589041092e+01 1.451780821917808240e+01 1.456164383561643838e+01 1.353424657534246656e+01 1.347945205479452113e+01 1.245479452054794578e+01 1.241095890410958980e+01 1.140000000000000036e+01 1.136986301369863028e+01 1.135890410958904084e+01 1.232876712328767077e+01 1.264383561643835563e+01 1.264109589041095916e+01 1.262465753424657500e+01 1.261095890410958908e+01 1.259452054794520492e+01 1.258904109589041020e+01 1.258630136986301373e+01 1.258904109589041020e+01 1.259178082191780845e+01 1.259452054794520492e+01 1.259999999999999964e+01 1.260547945205479436e+01 1.261643835616438380e+01 1.263287671232876797e+01 1.265205479452054860e+01 1.267397260273972570e+01 1.269863013698630105e+01 1.272054794520547993e+01 1.267671232876712395e+01 1.228219178082191831e+01 1.227123287671232887e+01 1.227123287671232887e+01 1.227671232876712359e+01 1.227945205479452007e+01 1.228493150684931479e+01 1.229041095890410951e+01 1.271232876712328697e+01 1.327671232876712359e+01 1.327945205479452007e+01 1.328219178082191831e+01 1.328219178082191831e+01 1.328219178082191831e+01 1.327945205479452007e+01 1.327671232876712359e+01 1.327397260273972535e+01 1.326301369863013768e+01 1.324109589041095880e+01 1.322739726027397289e+01 1.322191780821917817e+01 1.321917808219178170e+01 1.321917808219178170e+01 1.321917808219178170e+01 1.321917808219178170e+01 1.322191780821917817e+01 1.322191780821917817e+01
0.000000000000000000e+00 1.125178082191780788e+02 5.052602739726027181e+01 3.444109589041095632e+01 2.847123287671232816e+01 2.353150684931506831e+01 2.053698630136986125e+01 1.943561643835616337e+01 1.750958904109588943e+01 1.656164383561643660e+01 1.642465753424657393e+01 1.548493150684931585e+01 1.453972602739725950e+01 1.444109589041095809e+01 1.437534246575342500e+01 1.458082191780821901e+01 1.454520547945205422e+01 1.351506849315068415e+01 1.248493150684931585e+01 1.243835616438356162e+01 1.239452054794520564e+01 1.138630136986301444e+01 1.136164383561643909e+01 1.230684931506849367e+01 1.245479452054794578e+01 1.264657534246575388e+01 1.263561643835616444e+01 1.261917808219178028e+01 1.260547945205479436e+01 1.259178082191780845e+01 1.258356164383561726e+01 1.258356164383561726e+01 1.258356164383561726e+01 1.258630136986301373e+01 1.259178082191780845e+01 1.259726027397260317e+01 1.260273972602739789e+01 1.261369863013698556e+01 1.263013698630136972e+01 1.264931506849315035e+01 1.267123287671232923e+01 1.269589041095890458e+01 1.272328767123287641e+01 1.272876712328767113e+01 1.263835616438356091e+01 1.226849315068493063e+01 1.226575342465753415e+01 1.226849315068493063e+01 1.227123287671232887e+01 1.227671232876712359e+01 1.227945205479452007e+01 1.271232876712328697e+01 1.272328767123287641e+01 1.326849315068493063e+01 1.327123287671232887e+01 1.327397260273972535e+01 1.327397260273972535e+01 1.327397260273972535e+01 1.327397260273972535e+01 1.327123287671232887e+01 1.326575342465753415e+01 1.325753424657534296e+01 1.323287671232876761e+01 1.321917808219178170e+01 1.321369863013698698e+01 1.321095890410958873e+01 1.321095890410958873e+01 1.321095890410958873e+01 1.321095890410958873e+01 1.321369863013698698e+01
0.000000000000000000e+00 1.064958904109589071e+02 4.847945205479452113e+01 3.251780821917807884e+01 2.748493150684931408e+01 2.344109589041095987e+01 2.047671232876712466e+01 1.852054794520547887e+01 1.746301369863013875e+01 1.652876712328767184e+01 1.546849315068493169e+01 1.552602739726027359e+01 1.450684931506849296e+01 1.441095890410958980e+01 1.437534246575342500e+01 1.457808219178082254e+01 1.355616438356164366e+01 1.349589041095890352e+01 1.246849315068493169e+01 1.242191780821917746e+01 1.237808219178082147e+01 1.137260273972602675e+01 1.135616438356164437e+01 1.231232876712328839e+01 1.263835616438356091e+01 1.264657534246575388e+01 1.263013698630136972e+01 1.261369863013698556e+01 1.259999999999999964e+01 1.258630136986301373e+01 1.258082191780821901e+01 1.257808219178082254e+01 1.258082191780821901e+01 1.258356164383561726e+01 1.258630136986301373e+01 1.259178082191780845e+01 1.259726027397260317e+01 1.260821917808219261e+01 1.262465753424657500e+01 1.264383561643835563e+01 1.266849315068493098e+01 1.269315068493150633e+01 1.272054794520547993e+01 1.273698630136986232e+01 1.269589041095890458e+01 1.264383561643835563e+01 1.226301369863013768e+01 1.226027397260273943e+01 1.226301369863013768e+01 1.226849315068493063e+01 1.227123287671232887e+01 1.270958904109589049e+01 1.272054794520547993e+01 1.273150684931506937e+01 1.273972602739726057e+01 1.326575342465753415e+01 1.326575342465753415e+01 1.326575342465753415e+01 1.326575342465753415e+01 1.326575342465753415e+01 1.326301369863013768e+01 1.325753424657534296e+01 1.324931506849314999e+01 1.322465753424657464e+01 1.321095890410958873e+01 1.320547945205479401e+01 1.320273972602739754e+01 1.319999999999999929e+01 1.319999999999999929e+01 1.320273972602739754e+01
0.000000000000000000e+00 9.950958904109589298e+01 4.552876712328767184e+01 3.150136986301370001e+01 2.649041095890411057e+01 2.247397260273972464e+01 2.041917808219178099e+01 1.848767123287671410e+01 1.742739726027397396e+01 1.647671232876712466e+01 1.545205479452054753e+01 1.551232876712328768e+01 1.447397260273972641e+01 1.438356164383561620e+01 1.444657534246575281e+01 1.456164383561643838e+01 1.353424657534246656e+01 1.347397260273972641e+01 1.244931506849315106e+01 1.240000000000000036e+01 1.235890410958904084e+01 1.136164383561643909e+01 1.230136986301369895e+01 1.236712328767123203e+01 1.265205479452054860e+01 1.264109589041095916e+01 1.262465753424657500e+01 1.260821917808219261e+01 1.259452054794520492e+01 1.258082191780821901e+01 1.257534246575342429e+01 1.257260273972602782e+01 1.257534246575342429e+01 1.257808219178082254e+01 1.258082191780821901e+01 1.258630136986301373e+01 1.259178082191780845e+01 1.260273972602739789e+01 1.262191780821917853e+01 1.264109589041095916e+01 1.266301369863013626e+01 1.269041095890410986e+01 1.272054794520547993e+01 1.273972602739726057e+01 1.274246575342465704e+01 1.266027397260273979e+01 1.265479452054794507e+01 1.225479452054794471e+01 1.225479452054794471e+01 1.225753424657534296e+01 1.226027397260273943e+01 1.270684931506849402e+01 1.271780821917808169e+01 1.272876712328767113e+01 1.273698630136986232e+01 1.274794520547945176e+01 1.275616438356164295e+01 1.325753424657534296e+01 1.325753424657534296e+01 1.325753424657534296e+01 1.325753424657534296e+01 1.325479452054794471e+01 1.325205479452054824e+01 1.324383561643835705e+01 1.321917808219178170e+01 1.320273972602739754e+01 1.319726027397260282e+01 1.319452054794520635e+01 1.319178082191780810e+01 1.319178082191780810e+01
0.000000000000000000e+00 9.245205479452054931e+01 4.342465753424657748e+01 3.049315068493150704e+01 2.547945205479452113e+01 2.150958904109588943e+01 1.947397260273972464e+01 1.842739726027397396e+01 1.741917808219178099e+01 1.641369863013698804e+01 1.550684931506849296e+01 1.454520547945205422e+01 1.443287671232876690e+01 1.436438356164383556e+01 1.457808219178082254e+01 1.453972602739725950e+01 1.350958904109589120e+01 1.247945205479452113e+01 1.242739726027397218e+01 1.238082191780821972e+01 1.233698630136986374e+01 1.230410958904109542e+01 1.230136986301369895e+01 1.263287671232876797e+01 1.265205479452054860e+01 1.263561643835616444e+01 1.261917808219178028e+01 1.260273972602739789e+01 1.258904109589041020e+01 1.257534246575342429e+01 1.256986301369862957e+01 1.256986301369862957e+01 1.256986301369862957e+01 1.257260273972602782e+01 1.257534246575342429e+01 1.258082191780821901e+01 1.258630136986301373e+01 1.259726027397260317e+01 1.261643835616438380e+01 1.263561643835616444e+01 1.266027397260273979e+01 1.268767123287671161e+01 1.271780821917808169e+01 1.273972602739726057e+01 1.275068493150685001e+01 1.274520547945205529e+01 1.266575342465753451e+01 1.266575342465753451e+01 1.267397260273972570e+01 1.268219178082191867e+01 1.269315068493150633e+01 1.270410958904109577e+01 1.271506849315068521e+01 1.272328767123287641e+01 1.273424657534246585e+01 1.274246575342465704e+01 1.275342465753424648e+01 1.276164383561643767e+01 1.276986301369863064e+01 1.278082191780821830e+01 1.278904109589041127e+01 1.324931506849314999e+01 1.324657534246575352e+01 1.324383561643835705e+01 1.323561643835616408e+01 1.321643835616438345e+01 1.319726027397260282e+01 1.318904109589041163e+01 1.318356164383561691e+01 1.318082191780821866e+01
0.000000000000000000e+00 8.349041095890410702e+01 3.954246575342465775e+01 2.949863013698629999e+01 2.444657534246575281e+01 2.053698630136986125e+01 1.853972602739726128e+01 1.746027397260273872e+01 1.651780821917808240e+01 1.546027397260274050e+01 1.552054794520547887e+01 1.449315068493150704e+01 1.439178082191780739e+01 1.436986301369863028e+01 1.456986301369862957e+01 1.354520547945205422e+01 1.347945205479452113e+01 1.245479452054794578e+01 1.240273972602739683e+01 1.235616438356164437e+01 1.231506849315068486e+01 1.229315068493150598e+01 1.236164383561643909e+01 1.265479452054794507e+01 1.264657534246575388e+01 1.263013698630136972e+01 1.261095890410958908e+01 1.259726027397260317e+01 1.258356164383561726e+01 1.256986301369862957e+01 1.256438356164383485e+01 1.256438356164383485e+01 1.256438356164383485e+01 1.256712328767123310e+01 1.256986301369862957e+01 1.257534246575342429e+01 1.258082191780821901e+01 1.259178082191780845e+01 1.261095890410958908e+01 1.263287671232876797e+01 1.265753424657534332e+01 1.268219178082191867e+01 1.271232876712328697e+01 1.273698630136986232e+01 1.275342465753424648e+01 1.276164383561643767e+01 1.273698630136986232e+01 1.267397260273972570e+01 1.267671232876712395e+01 1.268219178082191867e+01 1.269315068493150633e+01 1.270136986301369930e+01 1.271232876712328697e+01 1.272054794520547993e+01 1.273150684931506937e+01 1.273972602739726057e+01 1.274794520547945176e+01 1.275890410958904120e+01 1.276712328767123239e+01 1.277534246575342536e+01 1.278356164383561655e+01 1.279178082191780774e+01 1.280000000000000071e+01 1.280547945205479365e+01 1.281369863013698662e+01 1.282191780821917781e+01 1.321369863013698698e+01 1.318904109589041163e+01 1.317808219178082219e+01 1.317260273972602747e+01
0.000000000000000000e+00 7.347397260273972108e+01 3.646849315068492814e+01 2.842739726027397396e+01 2.256164383561643660e+01 2.040547945205479508e+01 1.847123287671232816e+01 1.740821917808219155e+01 1.642465753424657393e+01 1.550136986301369824e+01 1.455342465753424719e+01 1.443835616438356162e+01 1.435342465753424612e+01 1.455890410958904191e+01 1.358630136986301373e+01 1.351232876712328768e+01 1.248219178082191760e+01 1.242465753424657571e+01 1.237534246575342500e+01 1.232876712328767077e+01 1.229589041095890423e+01 1.229589041095890423e+01 1.263835616438356091e+01 1.265479452054794507e+01 1.263835616438356091e+01 1.262191780821917853e+01 1.260547945205479436e+01 1.258904109589041020e+01 1.257534246575342429e+01 1.256438356164383485e+01 1.255890410958904191e+01 1.255616438356164366e+01 1.255890410958904191e+01 1.255890410958904191e+01 1.256438356164383485e+01 1.256712328767123310e+01 1.257260273972602782e+01 1.258356164383561726e+01 1.260273972602739789e+01 1.262465753424657500e+01 1.265205479452054860e+01 1.267945205479452042e+01 1.270958904109589049e+01 1.273150684931506937e+01 1.275068493150685001e+01 1.276712328767123239e+01 1.276986301369863064e+01 1.272602739726027465e+01 1.268493150684931514e+01 1.268493150684931514e+01 1.269315068493150633e+01 1.270136986301369930e+01 1.270958904109589049e+01 1.271780821917808169e+01 1.272876712328767113e+01 1.273698630136986232e+01 1.274520547945205529e+01 1.275342465753424648e+01 1.276164383561643767e+01 1.276986301369863064e+01 1.277808219178082183e+01 1.278630136986301302e+01 1.279452054794520599e+01 1.280000000000000071e+01 1.280821917808219190e+01 1.281643835616438309e+01 1.282191780821917781e+01 1.283013698630136901e+01 1.283561643835616373e+01 1.284109589041095845e+01
0.000000000000000000e+00 6.052876712328767184e+01 3.247945205479452113e+01 2.554246575342465775e+01 2.146301369863013875e+01 1.939726027397260211e+01 1.746849315068493169e+01 1.651232876712328590e+01 1.546849315068493169e+01 1.550410958904109648e+01 1.447671232876712288e+01 1.437534246575342500e+01 1.435616438356164437e+01 1.455890410958904191e+01 1.354246575342465775e+01 1.347397260273972641e+01 1.244931506849315106e+01 1.239452054794520564e+01 1.234520547945205493e+01 1.230136986301369895e+01 1.228493150684931479e+01 1.246575342465753344e+01 1.266027397260273979e+01 1.264657534246575388e+01 1.263013698630136972e+01 1.261095890410958908e+01 1.259726027397260317e+01 1.258082191780821901e+01 1.256986301369862957e+01 1.255616438356164366e+01 1.255068493150684894e+01 1.255068493150684894e+01 1.255068493150684894e+01 1.255342465753424719e+01 1.255616438356164366e+01 1.255890410958904191e+01 1.256438356164383485e+01 1.257534246575342429e+01 1.259452054794520492e+01 1.261917808219178028e+01 1.264657534246575388e+01 1.267397260273972570e+01 1.270410958904109577e+01 1.272876712328767113e+01 1.274794520547945176e+01 1.276438356164383592e+01 1.277808219178082183e+01 1.278082191780821830e+01 1.275068493150685001e+01 1.269589041095890458e+01 1.269589041095890458e+01 1.270136986301369930e+01 1.270684931506849402e+01 1.271506849315068521e+01 1.272328767123287641e+01 1.273150684931506937e+01 1.273972602739726057e+01 1.274794520547945176e+01 1.275616438356164295e+01 1.276438356164383592e+01 1.277260273972602711e+01 1.277808219178082183e+01 1.278630136986301302e+01 1.279452054794520599e+01 1.280273972602739718e+01 1.280821917808219190e+01 1.281643835616438309e+01 1.282191780821917781e+01 1.283013698630136901e+01 1.283561643835616373e+01
0.000000000000000000e+00 4.144657534246575636e+01 2.844383561643835634e+01 2.247945205479452113e+01 1.949863013698629999e+01 1.755616438356164366e+01 1.656438356164383663e+01 1.549863013698630176e+01 1.550958904109589120e+01 1.449589041095890352e+01 1.438082191780821972e+01 1.432602739726027430e+01 1.454520547945205422e+01 1.356438356164383485e+01 1.349041095890410880e+01 1.246575342465753344e+01 1.240547945205479508e+01 1.235342465753424612e+01 1.230684931506849367e+01 1.227945205479452007e+01 1.235068493150684965e+01 1.265479452054794507e+01 1.265479452054794507e+01 1.263561643835616444e+01 1.261917808219178028e+01 1.260273972602739789e+01 1.258630136986301373e+01 1.257260273972602782e+01 1.255890410958904191e+01 1.254794520547945247e+01 1.254246575342465775e+01 1.254246575342465775e+01 1.254246575342465775e+01 1.254246575342465775e+01 1.254520547945205422e+01 1.255068493150684894e+01 1.255342465753424719e+01 1.256438356164383485e+01 1.258356164383561726e+01 1.260821917808219261e+01 1.263835616438356091e+01 1.266849315068493098e+01 1.269589041095890458e+01 1.272054794520547993e+01 1.274246575342465704e+01 1.276164383561643767e+01 1.277808219178082183e+01 1.278904109589041127e+01 1.279452054794520599e+01 1.278082191780821830e+01 1.270958904109589049e+01 1.270410958904109577e+01 1.270958904109589049e+01 1.271506849315068521e+01 1.272054794520547993e+01 1.272876712328767113e+01 1.273698630136986232e+01 1.274246575342465704e+01 1.275068493150685001e+01 1.275890410958904120e+01 1.276438356164383592e+01 1.277260273972602711e+01 1.278082191780821830e+01 1.278630136986301302e+01 1.279452054794520599e+01 1.280000000000000071e+01 1.280821917808219190e+01 1.281369863013698662e+01 1.282191780821917781e+01 1.282739726027397253e+01
-1.000000000000000000e+00 -1.000000000000000000e+00 2.163561643835616266e+01 1.935068493150684787e+01 1.751506849315068592e+01 1.651506849315068592e+01 1.553972602739725950e+01 1.547123287671232816e+01 1.447397260273972641e+01 1.435616438356164437e+01 1.430410958904109542e+01 1.366027397260273979e+01 1.356712328767123310e+01 1.349041095890410880e+01 1.341917808219178099e+01 1.241095890410958980e+01 1.235616438356164437e+01 1.230958904109589014e+01 1.227945205479452007e+01 1.233972602739726021e+01 1.264109589041095916e+01 1.265479452054794507e+01 1.263835616438356091e+01 1.262191780821917853e+01 1.260273972602739789e+01 1.258904109589041020e+01 1.257534246575342429e+01 1.256164383561643838e+01 1.255068493150684894e+01 1.253972602739725950e+01 1.253424657534246656e+01 1.253150684931506831e+01 1.253150684931506831e+01 1.253150684931506831e+01 1.253424657534246656e+01 1.253698630136986303e+01 1.254246575342465775e+01 1.255068493150684894e+01 1.257260273972602782e+01 1.162465753424657500e+01 1.165205479452054860e+01 1.167945205479452042e+01 1.269041095890410986e+01 1.271232876712328697e+01 1.273424657534246585e+01 1.275342465753424648e+01 1.277260273972602711e+01 1.278630136986301302e+01 1.280000000000000071e+01 1.280821917808219190e+01 1.280547945205479365e+01 1.276712328767123239e+01 1.271780821917808169e+01 1.271780821917808169e+01 1.272054794520547993e+01 1.272602739726027465e+01 1.273150684931506937e+01 1.273972602739726057e+01 1.274520547945205529e+01 1.275342465753424648e+01 1.275890410958904120e+01 1.276438356164383592e+01 1.277260273972602711e+01 1.277808219178082183e+01 1.278356164383561655e+01 1.279178082191780774e+01 1.279726027397260246e+01 1.280273972602739718e+01 1.281095890410958837e+01 1.281643835616438309e+01
-1.000000000000000000e+00 -1.000000000000000000e+00 -1.000000000000000000e+00 1.742191780821917746e+01 1.643287671232876690e+01 1.556164383561643838e+01 1.538904109589041092e+01 1.446027397260274050e+01 1.432602739726027430e+01 1.424657534246575352e+01 1.364931506849315035e+01 1.356438356164383485e+01 1.348767123287671232e+01 1.341643835616438274e+01 1.242191780821917746e+01 1.236438356164383556e+01 1.231506849315068486e+01 1.228493150684931479e+01 1.233972602739726021e+01 1.261369863013698556e+01 1.264931506849315035e+01 1.263835616438356091e+01 1.262191780821917853e+01 1.260547945205479436e+01 1.258904109589041020e+01 1.257534246575342429e+01 1.256164383561643838e+01 1.255068493150684894e+01 1.253972602739725950e+01 1.252876712328767184e+01 1.252328767123287712e+01 1.252054794520547887e+01 1.252054794520547887e+01 1.252054794520547887e+01 1.252054794520547887e+01 1.252328767123287712e+01 1.252876712328767184e+01 1.253698630136986303e+01 1.255616438356164366e+01 1.161643835616438380e+01 1.164657534246575388e+01 1.167671232876712395e+01 1.228767123287671303e+01 1.270684931506849402e+01 1.272602739726027465e+01 1.274520547945205529e+01 1.276438356164383592e+01 1.278082191780821830e+01 1.279726027397260246e+01 1.281095890410958837e+01 1.281917808219178134e+01 1.282465753424657606e+01 1.281369863013698662e+01 1.274520547945205529e+01 1.272876712328767113e+01 1.272876712328767113e+01 1.273150684931506937e+01 1.273698630136986232e+01 1.274246575342465704e+01 1.274794520547945176e+01 1.275342465753424648e+01 1.275890410958904120e+01 1.276712328767123239e+01 1.277260273972602711e+01 1.277808219178082183e+01 1.278356164383561655e+01 1.278904109589041127e+01 1.279452054794520599e+01 1.280000000000000071e+01 1.280547945205479365e+01
-1.000000000000000000e+00 -1.000000000000000000e+00 -1.000000000000000000e+00 -1.000000000000000000e+00 1.551506849315068415e+01 1.483013698630136901e+01 1.445205479452054753e+01 1.428493150684931479e+01 1.378356164383561655e+01 1.363287671232876797e+01 1.354794520547945247e+01 1.347671232876712288e+01 1.340821917808219155e+01 1.243835616438356162e+01 1.238082191780821972e+01 1.233150684931506902e+01 1.230410958904109542e+01 1.235342465753424612e+01 1.258082191780821901e+01 1.264109589041095916e+01 1.263561643835616444e+01 1.262191780821917853e+01 1.260547945205479436e+01 1.258904109589041020e+01 1.257534246575342429e+01 1.256164383561643838e+01 1.255068493150684894e+01 1.253698630136986303e+01 1.252876712328767184e+01 1.251780821917808240e+01 1.251232876712328768e+01 1.250958904109589120e+01 1.250684931506849296e+01 1.250684931506849296e+01 1.250684931506849296e+01 1.250958904109589120e+01 1.251232876712328768e+01 1.252054794520547887e+01 1.253972602739725950e+01 1.160821917808219261e+01 1.163835616438356091e+01 1.167123287671232923e+01 1.170136986301369930e+01 1.227397260273972535e+01 1.227671232876712359e+01 1.227945205479452007e+01 1.275616438356164295e+01 1.277260273972602711e+01 1.278904109589041127e+01 1.280547945205479365e+01 1.282191780821917781e+01 1.283287671232876725e+01 1.283835616438356197e+01 1.283561643835616373e+01 1.281917808219178134e+01 1.274794520547945176e+01 1.273972602739726057e+01 1.273972602739726057e+01 1.274246575342465704e+01 1.274520547945205529e+01 1.275068493150685001e+01 1.275616438356164295e+01 1.276164383561643767e+01 1.276712328767123239e+01 1.277260273972602711e+01 1.277808219178082183e+01 1.278356164383561655e+01 1.278904109589041127e+01 1.279452054794520599e+01 1.280000000000000071e+01
-1.000000000000000000e+00 -1.000000000000000000e+00 -1.000000000000000000e+00 -1.000000000000000000e+00 -1.000000000000000000e+00 1.446849315068493169e+01 1.418904109589041163e+01 1.379178082191780774e+01 1.361369863013698556e+01 1.352328767123287712e+01 1.345205479452054753e+01 1.339178082191780739e+01 1.332602739726027430e+01 1.240821917808219155e+01 1.235890410958904084e+01 1.233150684931506902e+01 1.237808219178082147e+01 1.255342465753424719e+01 1.262465753424657500e+01 1.263013698630136972e+01 1.261917808219178028e+01 1.260547945205479436e+01 1.258904109589041020e+01 1.257534246575342429e+01 1.256164383561643838e+01 1.254794520547945247e+01 1.253698630136986303e+01 1.252602739726027359e+01 1.251780821917808240e+01 1.250684931506849296e+01 1.250136986301369824e+01 1.249863013698630176e+01 1.249589041095890352e+01 1.249589041095890352e+01 1.249589041095890352e+01 1.249589041095890352e+01 1.249863013698630176e+01 1.250410958904109648e+01 1.251780821917808240e+01 1.160273972602739789e+01 1.163561643835616444e+01 1.166849315068493098e+01 1.169863013698630105e+01 1.225205479452054824e+01 1.225753424657534296e+01 1.226301369863013768e+01 1.226575342465753415e+01 1.226849315068493063e+01 1.227123287671232887e+01 1.280000000000000071e+01 1.281643835616438309e+01 1.325479452054794471e+01 1.325479452054794471e+01 1.325205479452054824e+01 1.285753424657534261e+01 1.284931506849315141e+01 1.281917808219178134e+01 1.275616438356164295e+01 1.274794520547945176e+01 1.274794520547945176e+01 1.275068493150685001e+01 1.275616438356164295e+01 1.275890410958904120e+01 1.276438356164383592e+01 1.276986301369863064e+01 1.277260273972602711e+01 1.277808219178082183e+01 1.278356164383561655e+01 1.278904109589041127e+01 1.279452054794520599e+01
-1.000000000000000000e+00 -1.000000000000000000e+00 -1.000000000000000000e+00 -1.000000000000000000e+00 -1.000000000000000000e+00 -1.000000000000000000e+00 -1.000000000000000000e+00 1.359999999999999964e+01 1.348767123287671232e+01 1.341643835616438274e+01 1.335616438356164437e+01 1.329863013698630070e+01 1.246027397260274050e+01 1.240547945205479508e+01 1.237534246575342500e+01 1.241369863013698627e+01 1.253972602739725950e+01 1.260821917808219261e+01 1.261917808219178028e+01 1.261095890410958908e+01 1.259999999999999964e+01 1.258630136986301373e+01 1.257260273972602782e+01 1.255890410958904191e+01 1.254794520547945247e+01 1.253424657534246656e+01 1.252328767123287712e+01 1.251506849315068415e+01 1.250410958904109648e+01 1.249589041095890352e+01 1.249041095890410880e+01 1.248493150684931585e+01 1.248219178082191760e+01 1.248219178082191760e+01 1.248219178082191760e+01 1.248219178082191760e+01 1.248219178082191760e+01 1.248493150684931585e+01 1.248767123287671232e+01 1.159726027397260317e+01 1.163287671232876797e+01 1.166575342465753451e+01 1.169589041095890458e+01 1.223287671232876761e+01 1.223835616438356233e+01 1.224383561643835705e+01 1.224931506849314999e+01 1.225205479452054824e+01 1.225479452054794471e+01 1.225753424657534296e+01 1.226027397260273943e+01 1.324383561643835705e+01 1.324383561643835705e+01 1.324383561643835705e+01 1.324109589041095880e+01 1.323835616438356233e+01 1.287397260273972677e+01 1.285753424657534261e+01 1.281917808219178134e+01 1.276438356164383592e+01 1.275890410958904120e+01 1.275890410958904120e+01 1.275890410958904120e+01 1.276164383561643767e+01 1.276712328767123239e+01 1.276986301369863064e+01 1.277534246575342536e+01 1.278082191780821830e+01 1.278356164383561655e+01 1.278904109589041127e+01
-1.000000000000000000e+00 -1.000000000000000000e+00 -1.000000000000000000e+00 -1.000000000000000000e+00 -1.000000000000000000e+00 -1.000000000000000000e+00 -1.000000000000000000e+00 -1.000000000000000000e+00 1.332054794520547958e+01 1.327671232876712359e+01 1.322739726027397289e+01 1.316712328767123275e+01 1.248493150684931585e+01 1.244109589041095809e+01 1.245753424657534225e+01 1.253698630136986303e+01 1.258904109589041020e+01 1.260273972602739789e+01 1.260273972602739789e+01 1.259178082191780845e+01 1.258082191780821901e+01 1.256712328767123310e+01 1.255616438356164366e+01 1.254246575342465775e+01 1.253150684931506831e+01 1.252054794520547887e+01 1.251232876712328768e+01 1.250136986301369824e+01 1.249315068493150704e+01 1.248493150684931585e+01 1.247945205479452113e+01 1.247397260273972641e+01 1.247123287671232816e+01 1.246849315068493169e+01 1.246575342465753344e+01 1.246575342465753344e+01 1.246575342465753344e+01 1.246575342465753344e+01 1.246027397260274050e+01 1.159452054794520492e+01 1.163013698630136972e+01 1.166575342465753451e+01 1.169589041095890458e+01 1.221095890410958873e+01 1.221917808219178170e+01 1.222739726027397289e+01 1.223287671232876761e+01 1.223561643835616408e+01 1.224109589041095880e+01 1.224383561643835705e+01 1.224657534246575352e+01 1.224657534246575352e+01 1.224931506849314999e+01 1.323287671232876761e+01 1.323287671232876761e+01 1.323287671232876761e+01 1.323013698630136936e+01 1.322739726027397289e+01 1.321369863013698698e+01 1.286849315068493205e+01 1.281917808219178134e+01 1.277260273972602711e+01 1.276712328767123239e+01 1.276712328767123239e+01 1.276712328767123239e+01 1.276986301369863064e+01 1.277534246575342536e+01 1.277808219178082183e+01 1.278082191780821830e+01 1.278630136986301302e+01
-1.000000000000000000e+00 -1.000000000000000000e+00 -1.000000000000000000e+00 -1.000000000000000000e+00 -1.000000000000000000e+00 -1.000000000000000000e+00 -1.000000000000000000e+00 -1.000000000000000000e+00 -1.000000000000000000e+00 1.302739726027397182e+01 1.295342465753424577e+01 1.268767123287671161e+01 1.254246575342465775e+01 1.251232876712328768e+01 1.253972602739725950e+01 1.256986301369862957e+01 1.258630136986301373e+01 1.258904109589041020e+01 1.258082191780821901e+01 1.257260273972602782e+01 1.256164383561643838e+01 1.255068493150684894e+01 1.253972602739725950e+01 1.252876712328767184e+01 1.251780821917808240e+01 1.250684931506849296e+01 1.249863013698630176e+01 1.249041095890410880e+01 1.248219178082191760e+01 1.247397260273972641e+01 1.246575342465753344e+01 1.246301369863013697e+01 1.245753424657534225e+01 1.245479452054794578e+01 1.245205479452054753e+01 1.245205479452054753e+01 1.244931506849315106e+01 1.244657534246575281e+01 1.243287671232876690e+01 1.159452054794520492e+01 1.163287671232876797e+01 1.166849315068493098e+01 1.169863013698630105e+01 1.218904109589041163e+01 1.219999999999999929e+01 1.220547945205479401e+01 1.221369863013698698e+01 1.221917808219178170e+01 1.222191780821917817e+01 1.222739726027397289e+01 1.223013698630136936e+01 1.223287671232876761e+01 1.223561643835616408e+01 1.223561643835616408e+01 1.322191780821917817e+01 1.322191780821917817e+01 1.322191780821917817e+01 1.322191780821917817e+01 1.322191780821917817e+01 1.321643835616438345e+01 1.320273972602739754e+01 1.287945205479451971e+01 1.281917808219178134e+01 1.278082191780821830e+01 1.277534246575342536e+01 1.277534246575342536e+01 1.277534246575342536e+01 1.277808219178082183e+01 1.278082191780821830e+01 1.278356164383561655e+01
-1.000000000000000000e+00 -1.000000000000000000e+00 -1.000000000000000000e+00 -1.000000000000000000e+00 -1.000000000000000000e+00 -1.000000000000000000e+00 -1.000000000000000000e+00 -1.000000000000000000e+00 -1.000000000000000000e+00 -1.000000000000000000e+00 1.278630136986301302e+01 1.267945205479452042e+01 1.257534246575342429e+01 1.254520547945205422e+01 1.255342465753424719e+01 1.256438356164383485e+01 1.256712328767123310e+01 1.256712328767123310e+01 1.255890410958904191e+01 1.255068493150684894e+01 1.254246575342465775e+01 1.253150684931506831e+01 1.252054794520547887e+01 1.251232876712328768e+01 1.250136986301369824e+01 1.249315068493150704e+01 1.248493150684931585e+01 1.247671232876712288e+01 1.246849315068493169e+01 1.246301369863013697e+01 1.245479452054794578e+01 1.244931506849315106e+01 1.244383561643835634e+01 1.244109589041095809e+01 1.243835616438356162e+01 1.243561643835616515e+01 1.243287671232876690e+01 1.242739726027397218e+01 1.241095890410958980e+01 1.159999999999999964e+01 1.164109589041095916e+01 1.167397260273972570e+01 1.170684931506849402e+01 1.216438356164383627e+01 1.217808219178082219e+01 1.218630136986301338e+01 1.219452054794520635e+01 1.219999999999999929e+01 1.220547945205479401e+01 1.221095890410958873e+01 1.221369863013698698e+01 1.221643835616438345e+01 1.221917808219178170e+01 1.222191780821917817e+01 1.222465753424657464e+01 1.321095890410958873e+01 1.321095890410958873e+01 1.321369863013698698e+01 1.321369863013698698e+01 1.321369863013698698e+01 1.321095890410958873e+01 1.320547945205479401e+01 1.319178082191780810e+01 1.289041095890410915e+01 1.282465753424657606e+01 1.278904109589041127e+01 1.278356164383561655e+01 1.278356164383561655e+01 1.278356164383561655e+01 1.278630136986301302e+01
-1.000000000000000000e+00 -1.000000000000000000e+00 -1.000000000000000000e+00 -1.000000000000000000e+00 -1.000000000000000000e+00 -1.000000000000000000e+00 -1.000000000000000000e+00 -1.000000000000000000e+00 -1.000000000000000000e+00 -1.000000000000000000e+00 -1.000000000000000000e+00 1.263287671232876797e+01 1.255068493150684894e+01 1.252602739726027359e+01 1.252876712328767184e+01 1.253698630136986303e+01 1.253972602739725950e+01 1.253698630136986303e+01 1.253424657534246656e+01 1.252602739726027359e+01 1.251780821917808240e+01 1.250958904109589120e+01 1.250136986301369824e+01 1.249315068493150704e+01 1.248493150684931585e+01 1.247671232876712288e+01 1.247123287671232816e+01 1.246301369863013697e+01 1.245479452054794578e+01 1.244931506849315106e+01 1.244109589041095809e+01 1.243561643835616515e+01 1.243013698630137043e+01 1.242739726027397218e+01 1.242191780821917746e+01 1.241917808219178099e+01 1.241369863013698627e+01 1.240821917808219155e+01 1.238904109589041092e+01 1.234246575342465668e+01 1.166027397260273979e+01 1.169041095890410986e+01 1.212328767123287676e+01 1.213972602739726092e+01 1.215342465753424683e+01 1.216438356164383627e+01 1.217260273972602747e+01 1.218082191780821866e+01 1.218630136986301338e+01 1.219178082191780810e+01 1.219726027397260282e+01 1.219999999999999929e+01 1.220547945205479401e+01 1.220821917808219226e+01 1.221095890410958873e+01 1.221095890410958873e+01 1.319726027397260282e+01 1.319999999999999929e+01 1.320273972602739754e+01 1.320273972602739754e+01 1.320273972602739754e+01 1.320273972602739754e+01 1.319999999999999929e+01 1.319726027397260282e+01 1.318630136986301338e+01 1.290684931506849331e+01 1.283835616438356197e+01 1.279726027397260246e+01 1.279178082191780774e+01 1.279178082191780774e+01
-1.000000000000000000e+00 -1.000000000000000000e+00 -1.000000000000000000e+00 -1.000000000000000000e+00 -1.000000000000000000e+00 -1.000000000000000000e+00 -1.000000000000000000e+00 -1.000000000000000000e+00 -1.000000000000000000e+00 -1.000000000000000000e+00 -1.000000000000000000e+00 -1.000000000000000000e+00 -1.000000000000000000e+00 1.245479452054794578e+01 1.247123287671232816e+01 1.248767123287671232e+01 1.249589041095890352e+01 1.249863013698630176e+01 1.249863013698630176e+01 1.249589041095890352e+01 1.249041095890410880e+01 1.248493150684931585e+01 1.247945205479452113e+01 1.247123287671232816e+01 1.246575342465753344e+01 1.246027397260274050e+01 1.245205479452054753e+01 1.244657534246575281e+01 1.244109589041095809e+01 1.243561643835616515e+01 1.242739726027397218e+01 1.242191780821917746e+01 1.241643835616438274e+01 1.241095890410958980e+01 1.240547945205479508e+01 1.240000000000000036e+01 1.239452054794520564e+01 1.238630136986301444e+01 1.236438356164383556e+01 1.231780821917808133e+01 1.204109589041095951e+01 1.206301369863013662e+01 1.209315068493150669e+01 1.211232876712328732e+01 1.212876712328767148e+01 1.214246575342465739e+01 1.215068493150684859e+01 1.215890410958904155e+01 1.216712328767123275e+01 1.217260273972602747e+01 1.217808219178082219e+01 1.218356164383561691e+01 1.218904109589041163e+01 1.219178082191780810e+01 1.219452054794520635e+01 1.219726027397260282e+01 1.219999999999999929e+01 1.318630136986301338e+01 1.318904109589041163e+01 1.319178082191780810e+01 1.319178082191780810e+01 1.319178082191780810e+01 1.319452054794520635e+01 1.319178082191780810e+01 1.319178082191780810e+01 1.318904109589041163e+01 1.318082191780821866e+01 1.293424657534246514e+01 1.286027397260273908e+01 1.280821917808219190e+01
-1.000000000000000000e+00 -1.000000000000000000e+00 -1.000000000000000000e+00 -1.000000000000000000e+00 -1.000000000000000000e+00 -1.000000000000000000e+00 -1.000000000000000000e+00 -1.000000000000000000e+00 -1.000000000000000000e+00 -1.000000000000000000e+00 -1.000000000000000000e+00 -1.000000000000000000e+00 -1.000000000000000000e+00 -1.000000000000000000e+00 1.236164383561643909e+01 1.241095890410958980e+01 1.243835616438356162e+01 1.245479452054794578e+01 1.246027397260274050e+01 1.246301369863013697e+01 1.246301369863013697e+01 1.246027397260274050e+01 1.245479452054794578e+01 1.245205479452054753e+01 1.244657534246575281e+01 1.244109589041095809e+01 1.243561643835616515e+01 1.243013698630137043e+01 1.242465753424657571e+01 1.242191780821917746e+01 1.241369863013698627e+01 1.240547945205479508e+01 1.240000000000000036e+01 1.239452054794520564e+01 1.238904109589041092e+01 1.238082191780821972e+01 1.237534246575342500e+01 1.236438356164383556e+01 1.233972602739726021e+01 1.229589041095890423e+01 1.198630136986301409e+01 1.202739726027397182e+01 1.206301369863013662e+01 1.208767123287671197e+01 1.210410958904109613e+01 1.211780821917808204e+01 1.213150684931506795e+01 1.213972602739726092e+01 1.214794520547945211e+01 1.215616438356164331e+01 1.216164383561643803e+01 1.216712328767123275e+01 1.217260273972602747e+01 1.217534246575342394e+01 1.217808219178082219e+01 1.218356164383561691e+01 1.218630136986301338e+01 1.218904109589041163e+01 1.317534246575342394e+01 1.317808219178082219e+01 1.318082191780821866e+01 1.318082191780821866e+01 1.318356164383561691e+01 1.318356164383561691e+01 1.318356164383561691e+01 1.318356164383561691e+01 1.318082191780821866e+01 1.317808219178082219e+01 1.317260273972602747e+01 1.296164383561643874e+01
-1.000000000000000000e+00 -1.000000000000000000e+00 -1.000000000000000000e+00 -1.000000000000000000e+00 -1.000000000000000000e+00 -1.000000000000000000e+00 -1.000000000000000000e+00 -1.000000000000000000e+00 -1.000000000000000000e+00 -1.000000000000000000e+00 -1.000000000000000000e+00 -1.000000000000000000e+00 -1.000000000000000000e+00 -1.000000000000000000e+00 -1.000000000000000000e+00 1.226849315068493063e+01 1.234794520547945140e+01 1.239178082191780739e+01 1.241369863013698627e+01 1.242465753424657571e+01 1.243013698630137043e+01 1.243013698630137043e+01 1.243013698630137043e+01 1.242739726027397218e+01 1.242465753424657571e+01 1.242191780821917746e+01 1.241917808219178099e+01 1.241369863013698627e+01 1.241095890410958980e+01 1.240547945205479508e+01 1.240000000000000036e+01 1.239178082191780739e+01 1.238356164383561620e+01 1.237808219178082147e+01 1.236986301369863028e+01 1.236438356164383556e+01 1.235342465753424612e+01 1.234246575342465668e+01 1.231506849315068486e+01 1.191232876712328803e+01 1.196164383561643874e+01 1.200273972602739647e+01 1.204109589041095951e+01 1.206575342465753486e+01 1.208493150684931550e+01 1.209863013698630141e+01 1.211232876712328732e+01 1.212054794520548029e+01 1.213150684931506795e+01 1.213698630136986267e+01 1.214520547945205564e+01 1.215068493150684859e+01 1.215616438356164331e+01 1.216164383561643803e+01 1.216438356164383627e+01 1.216712328767123275e+01 1.217260273972602747e+01 1.217534246575342394e+01 1.316164383561643803e+01 1.316438356164383627e+01 1.316712328767123275e+01 1.316986301369863099e+01 1.317260273972602747e+01 1.317260273972602747e+01 1.317534246575342394e+01 1.317534246575342394e+01 1.317534246575342394e+01 1.317534246575342394e+01 1.317260273972602747e+01 1.316986301369863099e+01
-1.000000000000000000e+00 -1.000000000000000000e+00 -1.000000000000000000e+00 -1.000000000000000000e+00 -1.000000000000000000e+00 -1.000000000000000000e+00 -1.000000000000000000e+00 -1.000000000000000000e+00 -1.000000000000000000e+00 -1.000000000000000000e+00 -1.000000000000000000e+00 -1.000000000000000000e+00 -1.000000000000000000e+00 -1.000000000000000000e+00 -1.000000000000000000e+00 -1.000000000000000000e+00 1.218082191780821866e+01 1.227945205479452007e+01 1.234246575342465668e+01 1.237534246575342500e+01 1.238904109589041092e+01 1.239726027397260211e+01 1.240273972602739683e+01 1.240273972602739683e+01 1.240273972602739683e+01 1.240273972602739683e+01 1.240000000000000036e+01 1.239726027397260211e+01 1.239452054794520564e+01 1.239178082191780739e+01 1.238630136986301444e+01 1.237808219178082147e+01 1.236986301369863028e+01 1.236164383561643909e+01 1.235342465753424612e+01 1.234520547945205493e+01 1.233424657534246549e+01 1.231780821917808133e+01 1.229041095890410951e+01 1.190958904109588978e+01 1.195068493150684930e+01 1.198630136986301409e+01 1.202191780821917888e+01 1.204657534246575423e+01 1.206575342465753486e+01 1.208219178082191725e+01 1.209315068493150669e+01 1.210410958904109613e+01 1.211506849315068557e+01 1.212328767123287676e+01 1.212876712328767148e+01 1.213698630136986267e+01 1.214246575342465739e+01 1.214794520547945211e+01 1.215068493150684859e+01 1.215616438356164331e+01 1.215890410958904155e+01 1.216164383561643803e+01 1.315068493150684859e+01 1.315342465753424683e+01 1.315616438356164331e+01 1.315890410958904155e+01 1.316164383561643803e+01 1.316438356164383627e+01 1.316438356164383627e+01 1.316712328767123275e+01 1.316712328767123275e+01 1.316712328767123275e+01 1.316712328767123275e+01 1.316712328767123275e+01
-1.000000000000000000e+00 -1.000000000000000000e+00 -1.000000000000000000e+00 -1.000000000000000000e+00 -1.000000000000000000e+00 -1.000000000000000000e+00 -1.000000000000000000e+00 -1.000000000000000000e+00 -1.000000000000000000e+00 -1.000000000000000000e+00 -1.000000000000000000e+00 -1.000000000000000000e+00 -1.000000000000000000e+00 -1.000000000000000000e+00 -1.000000000000000000e+00 -1.000000000000000000e+00 -1.000000000000000000e+00 1.210684931506849260e+01 1.220821917808219226e+01 1.229315068493150598e+01 1.233424657534246549e+01 1.235616438356164437e+01 1.236986301369863028e+01 1.237534246575342500e+01 1.237808219178082147e+01 1.238082191780821972e+01 1.238082191780821972e+01 1.237808219178082147e+01 1.237808219178082147e+01 1.237534246575342500e+01 1.236986301369863028e+01 1.236164383561643909e+01 1.235342465753424612e+01 1.234520547945205493e+01 1.233424657534246549e+01 1.232328767123287605e+01 1.231232876712328839e+01 1.229315068493150598e+01 1.186849315068493205e+01 1.190684931506849331e+01 1.194246575342465810e+01 1.197534246575342465e+01 1.200821917808219119e+01 1.203287671232876654e+01 1.205205479452054718e+01 1.206575342465753486e+01 1.207945205479452078e+01 1.209041095890411022e+01 1.210136986301369788e+01 1.210958904109589085e+01 1.211506849315068557e+01 1.212328767123287676e+01 1.212876712328767148e+01 1.213424657534246620e+01 1.213972602739726092e+01 1.214246575342465739e+01 1.214794520547945211e+01 1.215068493150684859e+01 1.313972602739726092e+01 1.314246575342465739e+01 1.314520547945205564e+01 1.314794520547945211e+01 1.315068493150684859e+01 1.315342465753424683e+01 1.315616438356164331e+01 1.315890410958904155e+01 1.315890410958904155e+01 1.315890410958904155e+01 1.316164383561643803e+01 1.316164383561643803e+01
-1.000000000000000000e+00 -1.000000000000000000e+00 -1.000000000000000000e+00 -1.000000000000000000e+00 -1.000000000000000000e+00 -1.000000000000000000e+00 -1.000000000000000000e+00 -1.000000000000000000e+00 -1.000000000000000000e+00 -1.000000000000000000e+00 -1.000000000000000000e+00 -1.000000000000000000e+00 -1.000000000000000000e+00 -1.000000000000000000e+00 -1.000000000000000000e+00 -1.000000000000000000e+00 -1.000000000000000000e+00 -1.000000000000000000e+00 -1.000000000000000000e+00 1.212876712328767148e+01 1.224109589041095880e+01 1.229589041095890423e+01 1.232602739726027430e+01 1.233972602739726021e+01 1.235068493150684965e+01 1.235616438356164437e+01 1.235890410958904084e+01 1.235890410958904084e+01 1.235890410958904084e+01 1.235890410958904084e+01 1.235616438356164437e+01 1.234794520547945140e+01 1.233698630136986374e+01 1.232602739726027430e+01 1.231506849315068486e+01 1.230410958904109542e+01 1.228767123287671303e+01 1.183287671232876725e+01 1.187397260273972677e+01 1.190684931506849331e+01 1.193698630136986338e+01 1.196712328767123346e+01 1.200000000000000000e+01 1.202191780821917888e+01 1.203835616438356126e+01 1.205479452054794542e+01 1.206575342465753486e+01 1.207945205479452078e+01 1.208767123287671197e+01 1.209589041095890494e+01 1.210410958904109613e+01 1.210958904109589085e+01 1.211780821917808204e+01 1.212328767123287676e+01 1.212876712328767148e+01 1.213150684931506795e+01 1.213698630136986267e+01 1.312602739726027323e+01 1.312876712328767148e+01 1.313424657534246620e+01 1.313698630136986267e+01 1.313972602739726092e+01 1.314246575342465739e+01 1.314520547945205564e+01 1.314794520547945211e+01 1.314794520547945211e+01 1.315068493150684859e+01 1.315342465753424683e+01 1.315342465753424683e+01 1.315342465753424683e+01
-1.000000000000000000e+00 -1.000000000000000000e+00 -1.000000000000000000e+00 -1.000000000000000000e+00 -1.000000000000000000e+00 -1.000000000000000000e+00 -1.000000000000000000e+00 -1.000000000000000000e+00 -1.000000000000000000e+00 -1.000000000000000000e+00 -1.000000000000000000e+00 -1.000000000000000000e+00 -1.000000000000000000e+00 -1.000000000000000000e+00 -1.000000000000000000e+00 -1.000000000000000000e+00 -1.000000000000000000e+00 -1.000000000000000000e+00 -1.000000000000000000e+00 -1.000000000000000000e+00 1.206027397260274014e+01 1.218082191780821866e+01 1.225479452054794471e+01 1.229315068493150598e+01 1.231232876712328839e+01 1.232602739726027430e+01 1.233424657534246549e+01 1.233698630136986374e+01 1.233972602739726021e+01 1.234246575342465668e+01 1.233698630136986374e+01 1.232876712328767077e+01 1.231780821917808133e+01 1.230684931506849367e+01 1.229589041095890423e+01 1.227945205479452007e+01 1.181369863013698662e+01 1.184657534246575317e+01 1.187671232876712324e+01 1.190410958904109506e+01 1.193424657534246514e+01 1.196164383561643874e+01 1.199178082191780881e+01 1.201369863013698591e+01 1.203013698630137007e+01 1.204383561643835598e+01 1.205753424657534190e+01 1.206849315068493134e+01 1.207671232876712253e+01 1.208767123287671197e+01 1.209315068493150669e+01 1.210136986301369788e+01 1.210684931506849260e+01 1.211232876712328732e+01 1.211780821917808204e+01 1.212328767123287676e+01 1.311232876712328732e+01 1.311780821917808204e+01 1.312054794520548029e+01 1.312602739726027323e+01 1.312876712328767148e+01 1.313150684931506795e+01 1.313424657534246620e+01 1.313698630136986267e+01 1.313972602739726092e+01 1.314246575342465739e+01 1.314246575342465739e+01 1.314520547945205564e+01 1.314520547945205564e+01 1.314794520547945211e+01
-1.000000000000000000e+00 -1.000000000000000000e+00 -1.000000000000000000e+00 -1.000000000000000000e+00 -1.000000000000000000e+00 -1.000000000000000000e+00 -1.000000000000000000e+00 -1.000000000000000000e+00 -1.000000000000000000e+00 -1.000000000000000000e+00 -1.000000000000000000e+00 -1.000000000000000000e+00 -1.000000000000000000e+00 -1.000000000000000000e+00 -1.000000000000000000e+00 -1.000000000000000000e+00 -1.000000000000000000e+00 -1.000000000000000000e+00 -1.000000000000000000e+00 -1.000000000000000000e+00 -1.000000000000000000e+00 1.201095890410958944e+01 1.211232876712328732e+01 1.221095890410958873e+01 1.226027397260273943e+01 1.228493150684931479e+01 1.230136986301369895e+01 1.231232876712328839e+01 1.231780821917808133e+01 1.232328767123287605e+01 1.231780821917808133e+01 1.230958904109589014e+01 1.229863013698630070e+01 1.228493150684931479e+01 1.226849315068493063e+01 1.180821917808219190e+01 1.183013698630136901e+01 1.185479452054794436e+01 1.187945205479451971e+01 1.190410958904109506e+01 1.193150684931506866e+01 1.195890410958904049e+01 1.198630136986301409e+01 1.200821917808219119e+01 1.202465753424657535e+01 1.203835616438356126e+01 1.204931506849315070e+01 1.206027397260274014e+01 1.207123287671232958e+01 1.207945205479452078e+01 1.208493150684931550e+01 1.209315068493150669e+01 1.209863013698630141e+01 1.210410958904109613e+01 1.210958904109589085e+01 1.310136986301369788e+01 1.310684931506849260e+01 1.310958904109589085e+01 1.311506849315068557e+01 1.311780821917808204e+01 1.312054794520548029e+01 1.312328767123287676e+01 1.312876712328767148e+01 1.313150684931506795e+01 1.313150684931506795e+01 1.313424657534246620e+01 1.313698630136986267e+01 1.313698630136986267e+01 1.313972602739726092e+01 1.313972602739726092e+01
-1.000000000000000000e+00 -1.000000000000000000e+00 -1.000000000000000000e+00 -1.000000000000000000e+00 -1.000000000000000000e+00 -1.000000000000000000e+00 -1.000000000000000000e+00 -1.000000000000000000e+00 -1.000000000000000000e+00 -1.000000000000000000e+00 -1.000000000000000000e+00 -1.000000000000000000e+00 -1.000000000000000000e+00 -1.000000000000000000e+00 -1.000000000000000000e+00 -1.000000000000000000e+00 -1.000000000000000000e+00 -1.000000000000000000e+00 -1.000000000000000000e+00 -1.000000000000000000e+00 -1.000000000000000000e+00 -1.000000000000000000e+00 1.197534246575342465e+01 1.204383561643835598e+01 1.216164383561643803e+01 1.222465753424657464e+01 1.225753424657534296e+01 1.227671232876712359e+01 1.229041095890410951e+01 1.229863013698630070e+01 1.229589041095890423e+01 1.228493150684931479e+01 1.227123287671232887e+01 1.225479452054794471e+01 1.180273972602739718e+01 1.182465753424657606e+01 1.184109589041095845e+01 1.186027397260273908e+01 1.188219178082191796e+01 1.190684931506849331e+01 1.192876712328767042e+01 1.195616438356164402e+01 1.198356164383561584e+01 1.200273972602739647e+01 1.201917808219178063e+01 1.203287671232876654e+01 1.204383561643835598e+01 1.205479452054794542e+01 1.206301369863013662e+01 1.207123287671232958e+01 1.207945205479452078e+01 1.208767123287671197e+01 1.209315068493150669e+01 1.209863013698630141e+01 1.309041095890411022e+01 1.309589041095890494e+01 1.310136986301369788e+01 1.310410958904109613e+01 1.310958904109589085e+01 1.311232876712328732e+01 1.311506849315068557e+01 1.311780821917808204e+01 1.312054794520548029e+01 1.312328767123287676e+01 1.312602739726027323e+01 1.312876712328767148e+01 1.313150684931506795e+01 1.313150684931506795e+01 1.313424657534246620e+01 1.313424657534246620e+01
-1.000000000000000000e+00 -1.000000000000000000e+00 -1.000000000000000000e+00 -1.000000000000000000e+00 -1.000000000000000000e+00 -1.000000000000000000e+00 -1.000000000000000000e+00 -1.000000000000000000e+00 -1.000000000000000000e+00 -1.000000000000000000e+00 -1.000000000000000000e+00 -1.000000000000000000e+00 -1.000000000000000000e+00 -1.000000000000000000e+00 -1.000000000000000000e+00 -1.000000000000000000e+00 -1.000000000000000000e+00 -1.000000000000000000e+00 -1.000000000000000000e+00 -1.000000000000000000e+00 -1.000000000000000000e+00 -1.000000000000000000e+00 -1.000000000000000000e+00 1.195068493150684930e+01 1.198630136986301409e+01 1.210684931506849260e+01 1.218630136986301338e+01 1.223013698630136936e+01 1.225479452054794471e+01 1.226849315068493063e+01 1.226849315068493063e+01 1.225479452054794471e+01 1.223561643835616408e+01 1.180000000000000071e+01 1.182191780821917781e+01 1.183835616438356197e+01 1.185205479452054789e+01 1.186575342465753380e+01 1.188493150684931443e+01 1.190684931506849331e+01 1.192876712328767042e+01 1.195616438356164402e+01 1.198082191780821937e+01 1.200000000000000000e+01 1.201643835616438416e+01 1.203013698630137007e+01 1.204109589041095951e+01 1.205205479452054718e+01 1.206027397260274014e+01 1.206849315068493134e+01 1.207671232876712253e+01 1.208219178082191725e+01 1.307397260273972606e+01 1.308219178082191725e+01 1.308767123287671197e+01 1.309041095890411022e+01 1.309589041095890494e+01 1.310136986301369788e+01 1.310410958904109613e+01 1.310684931506849260e+01 1.311232876712328732e+01 1.311506849315068557e+01 1.311780821917808204e+01 1.312054794520548029e+01 1.312328767123287676e+01 1.312328767123287676e+01 1.312602739726027323e+01 1.312876712328767148e+01 1.312876712328767148e+01 1.313150684931506795e+01
-1.000000000000000000e+00 -1.000000000000000000e+00 -1.000000000000000000e+00 -1.000000000000000000e+00 -1.000000000000000000e+00 -1.000000000000000000e+00 -1.000000000000000000e+00 -1.000000000000000000e+00 -1.000000000000000000e+00 -1.000000000000000000e+00 -1.000000000000000000e+00 -1.000000000000000000e+00 -1.000000000000000000e+00 -1.000000000000000000e+00 -1.000000000000000000e+00 -1.000000000000000000e+00 -1.000000000000000000e+00 -1.000000000000000000e+00 -1.000000000000000000e+00 -1.000000000000000000e+00 -1.000000000000000000e+00 -1.000000000000000000e+00 -1.000000000000000000e+00 -1.000000000000000000e+00 -1.000000000000000000e+00 1.195068493150684930e+01 1.204109589041095951e+01 1.214520547945205564e+01 1.219999999999999929e+01 1.223013698630136936e+01 1.222739726027397289e+01 1.221095890410958873e+01 1.180000000000000071e+01 1.182191780821917781e+01 1.183561643835616373e+01 1.184931506849315141e+01 1.186027397260273908e+01 1.187123287671232852e+01 1.188767123287671268e+01 1.190958904109588978e+01 1.193150684931506866e+01 1.195616438356164402e+01 1.198082191780821937e+01 1.200000000000000000e+01 1.201643835616438416e+01 1.202739726027397182e+01 1.203835616438356126e+01 1.204931506849315070e+01 1.205753424657534190e+01 1.206575342465753486e+01 1.306027397260274014e+01 1.306849315068493134e+01 1.307397260273972606e+01 1.307945205479452078e+01 1.308493150684931550e+01 1.309041095890411022e+01 1.309315068493150669e+01 1.309863013698630141e+01 1.310136986301369788e+01 1.310410958904109613e+01 1.310958904109589085e+01 1.311232876712328732e+01 1.311506849315068557e+01 1.311780821917808204e+01 1.311780821917808204e+01 1.312054794520548029e+01 1.312328767123287676e+01 1.312602739726027323e+01 1.312602739726027323e+01 1.312602739726027323e+01
-1.000000000000000000e+00 -1.000000000000000000e+00 -1.000000000000000000e+00 -1.000000000000000000e+00 -1.000000000000000000e+00 -1.000000000000000000e+00 -1.000000000000000000e+00 -1.000000000000000000e+00 -1.000000000000000000e+00 -1.000000000000000000e+00 -1.000000000000000000e+00 -1.000000000000000000e+00 -1.000000000000000000e+00 -1.000000000000000000e+00 -1.000000000000000000e+00 -1.000000000000000000e+00 -1.000000000000000000e+00 -1.000000000000000000e+00 -1.000000000000000000e+00 -1.000000000000000000e+00 -1.000000000000000000e+00 -1.000000000000000000e+00 -1.000000000000000000e+00 -1.000000000000000000e+00 -1.000000000000000000e+00 -1.000000000000000000e+00 1.192602739726027394e+01 1.198082191780821937e+01 1.209863013698630141e+01 1.216712328767123275e+01 1.216438356164383627e+01 1.180821917808219190e+01 1.182465753424657606e+01 1.183835616438356197e+01 1.184657534246575317e+01 1.185753424657534261e+01 1.186575342465753380e+01 1.187671232876712324e+01 1.189315068493150740e+01 1.191232876712328803e+01 1.193424657534246514e+01 1.195890410958904049e+01 1.198356164383561584e+01 1.200273972602739647e+01 1.201643835616438416e+01 1.203013698630137007e+01 1.204109589041095951e+01 1.204931506849315070e+01 1.205753424657534190e+01 1.305479452054794542e+01 1.306027397260274014e+01 1.306849315068493134e+01 1.307397260273972606e+01 1.307945205479452078e+01 1.308493150684931550e+01 1.308767123287671197e+01 1.309315068493150669e+01 1.309589041095890494e+01 1.310136986301369788e+01 1.310410958904109613e+01 1.310684931506849260e+01 1.310958904109589085e+01 1.311232876712328732e+01 1.311506849315068557e+01 1.311780821917808204e+01 1.312054794520548029e+01 1.312054794520548029e+01 1.312328767123287676e+01 1.312328767123287676e+01 1.312328767123287676e+01
