0.000000000000000000e+00 0.000000000000000000e+00 0.000000000000000000e+00 0.000000000000000000e+00 0.000000000000000000e+00 0.000000000000000000e+00 0.000000000000000000e+00 0.000000000000000000e+00 0.000000000000000000e+00 0.000000000000000000e+00 0.000000000000000000e+00 0.000000000000000000e+00 0.000000000000000000e+00 0.000000000000000000e+00 0.000000000000000000e+00 0.000000000000000000e+00 0.000000000000000000e+00 0.000000000000000000e+00 0.000000000000000000e+00 0.000000000000000000e+00 0.000000000000000000e+00 0.000000000000000000e+00 0.000000000000000000e+00 0.000000000000000000e+00 0.000000000000000000e+00 0.000000000000000000e+00 0.000000000000000000e+00 0.000000000000000000e+00 0.000000000000000000e+00 2.697397260273972392e+02 2.037397260273972677e+02 1.727424657534246535e+02 1.547452054794520677e+02 1.457479452054794535e+02 1.417479452054794535e+02 1.437506849315068393e+02 1.507506849315068393e+02 1.717534246575342536e+02 2.227561643835616394e+02 3.147561643835616678e+02 0.000000000000000000e+00 0.000000000000000000e+00 0.000000000000000000e+00 0.000000000000000000e+00 0.000000000000000000e+00 0.000000000000000000e+00 0.000000000000000000e+00 0.000000000000000000e+00 0.000000000000000000e+00 0.000000000000000000e+00 0.000000000000000000e+00 0.000000000000000000e+00 0.000000000000000000e+00 0.000000000000000000e+00 0.000000000000000000e+00 0.000000000000000000e+00 0.000000000000000000e+00 0.000000000000000000e+00 0.000000000000000000e+00 0.000000000000000000e+00 0.000000000000000000e+00 0.000000000000000000e+00 0.000000000000000000e+00 0.000000000000000000e+00 0.000000000000000000e+00 0.000000000000000000e+00 0.000000000000000000e+00 0.000000000000000000e+00 0.000000000000000000e+00 0.000000000000000000e+00
0.000000000000000000e+00 0.000000000000000000e+00 0.000000000000000000e+00 0.000000000000000000e+00 0.000000000000000000e+00 0.000000000000000000e+00 0.000000000000000000e+00 0.000000000000000000e+00 0.000000000000000000e+00 0.000000000000000000e+00 0.000000000000000000e+00 0.000000000000000000e+00 0.000000000000000000e+00 0.000000000000000000e+00 0.000000000000000000e+00 0.000000000000000000e+00 0.000000000000000000e+00 0.000000000000000000e+00 0.000000000000000000e+00 0.000000000000000000e+00 0.000000000000000000e+00 0.000000000000000000e+00 0.000000000000000000e+00 0.000000000000000000e+00 0.000000000000000000e+00 0.000000000000000000e+00 0.000000000000000000e+00 0.000000000000000000e+00 3.827397260273972392e+02 2.507397260273972677e+02 1.897424657534246535e+02 1.597452054794520677e+02 1.437479452054794535e+02 1.347479452054794535e+02 1.317506849315068393e+02 1.337534246575342536e+02 1.397534246575342536e+02 1.587561643835616394e+02 2.067561643835616394e+02 2.927589041095890252e+02 4.557616438356164394e+02 0.000000000000000000e+00 0.000000000000000000e+00 0.000000000000000000e+00 0.000000000000000000e+00 0.000000000000000000e+00 0.000000000000000000e+00 0.000000000000000000e+00 0.000000000000000000e+00 0.000000000000000000e+00 0.000000000000000000e+00 0.000000000000000000e+00 0.000000000000000000e+00 0.000000000000000000e+00 0.000000000000000000e+00 0.000000000000000000e+00 0.000000000000000000e+00 0.000000000000000000e+00 0.000000000000000000e+00 0.000000000000000000e+00 0.000000000000000000e+00 0.000000000000000000e+00 0.000000000000000000e+00 0.000000000000000000e+00 0.000000000000000000e+00 0.000000000000000000e+00 0.000000000000000000e+00 0.000000000000000000e+00 0.000000000000000000e+00 0.000000000000000000e+00
0.000000000000000000e+00 0.000000000000000000e+00 0.000000000000000000e+00 0.000000000000000000e+00 0.000000000000000000e+00 0.000000000000000000e+00 0.000000000000000000e+00 0.000000000000000000e+00 0.000000000000000000e+00 0.000000000000000000e+00 0.000000000000000000e+00 0.000000000000000000e+00 0.000000000000000000e+00 0.000000000000000000e+00 0.000000000000000000e+00 0.000000000000000000e+00 0.000000000000000000e+00 0.000000000000000000e+00 0.000000000000000000e+00 0.000000000000000000e+00 0.000000000000000000e+00 0.000000000000000000e+00 0.000000000000000000e+00 0.000000000000000000e+00 0.000000000000000000e+00 0.000000000000000000e+00 0.000000000000000000e+00 0.000000000000000000e+00 3.527424657534246535e+02 2.317424657534246535e+02 1.757452054794520677e+02 1.477479452054794535e+02 1.327479452054794535e+02 1.247506849315068536e+02 1.217534246575342536e+02 1.237534246575342536e+02 1.287561643835616394e+02 1.477589041095890536e+02 1.917589041095890536e+02 2.717616438356164394e+02 4.217616438356164394e+02 0.000000000000000000e+00 0.000000000000000000e+00 0.000000000000000000e+00 0.000000000000000000e+00 0.000000000000000000e+00 0.000000000000000000e+00 0.000000000000000000e+00 0.000000000000000000e+00 0.000000000000000000e+00 0.000000000000000000e+00 0.000000000000000000e+00 0.000000000000000000e+00 0.000000000000000000e+00 0.000000000000000000e+00 0.000000000000000000e+00 0.000000000000000000e+00 0.000000000000000000e+00 0.000000000000000000e+00 0.000000000000000000e+00 0.000000000000000000e+00 0.000000000000000000e+00 0.000000000000000000e+00 0.000000000000000000e+00 0.000000000000000000e+00 0.000000000000000000e+00 0.000000000000000000e+00 0.000000000000000000e+00 0.000000000000000000e+00 0.000000000000000000e+00
0.000000000000000000e+00 0.000000000000000000e+00 0.000000000000000000e+00 0.000000000000000000e+00 0.000000000000000000e+00 0.000000000000000000e+00 0.000000000000000000e+00 0.000000000000000000e+00 0.000000000000000000e+00 0.000000000000000000e+00 0.000000000000000000e+00 0.000000000000000000e+00 0.000000000000000000e+00 0.000000000000000000e+00 0.000000000000000000e+00 0.000000000000000000e+00 0.000000000000000000e+00 0.000000000000000000e+00 0.000000000000000000e+00 0.000000000000000000e+00 0.000000000000000000e+00 0.000000000000000000e+00 0.000000000000000000e+00 0.000000000000000000e+00 0.000000000000000000e+00 0.000000000000000000e+00 0.000000000000000000e+00 0.000000000000000000e+00 3.257424657534246535e+02 2.147452054794520677e+02 1.627479452054794535e+02 1.367479452054794535e+02 1.227506849315068536e+02 1.147534246575342536e+02 1.127534246575342536e+02 1.137561643835616394e+02 1.197589041095890394e+02 1.357589041095890536e+02 1.777616438356164394e+02 2.517643835616438253e+02 3.897643835616438537e+02 0.000000000000000000e+00 0.000000000000000000e+00 0.000000000000000000e+00 0.000000000000000000e+00 0.000000000000000000e+00 0.000000000000000000e+00 0.000000000000000000e+00 0.000000000000000000e+00 0.000000000000000000e+00 0.000000000000000000e+00 0.000000000000000000e+00 0.000000000000000000e+00 0.000000000000000000e+00 0.000000000000000000e+00 0.000000000000000000e+00 0.000000000000000000e+00 0.000000000000000000e+00 0.000000000000000000e+00 0.000000000000000000e+00 0.000000000000000000e+00 0.000000000000000000e+00 0.000000000000000000e+00 0.000000000000000000e+00 0.000000000000000000e+00 0.000000000000000000e+00 0.000000000000000000e+00 0.000000000000000000e+00 0.000000000000000000e+00 0.000000000000000000e+00
0.000000000000000000e+00 0.000000000000000000e+00 0.000000000000000000e+00 0.000000000000000000e+00 0.000000000000000000e+00 0.000000000000000000e+00 0.000000000000000000e+00 0.000000000000000000e+00 0.000000000000000000e+00 0.000000000000000000e+00 0.000000000000000000e+00 0.000000000000000000e+00 0.000000000000000000e+00 0.000000000000000000e+00 0.000000000000000000e+00 0.000000000000000000e+00 0.000000000000000000e+00 0.000000000000000000e+00 0.000000000000000000e+00 0.000000000000000000e+00 0.000000000000000000e+00 0.000000000000000000e+00 0.000000000000000000e+00 0.000000000000000000e+00 0.000000000000000000e+00 0.000000000000000000e+00 0.000000000000000000e+00 0.000000000000000000e+00 2.997452054794520677e+02 1.987479452054794535e+02 1.507506849315068393e+02 1.267506849315068536e+02 1.127534246575342536e+02 1.057561643835616394e+02 1.037561643835616394e+02 1.047589041095890394e+02 1.097616438356164394e+02 1.257616438356164394e+02 1.647643835616438253e+02 2.337643835616438253e+02 3.597671232876712111e+02 0.000000000000000000e+00 0.000000000000000000e+00 0.000000000000000000e+00 0.000000000000000000e+00 0.000000000000000000e+00 0.000000000000000000e+00 0.000000000000000000e+00 0.000000000000000000e+00 0.000000000000000000e+00 0.000000000000000000e+00 0.000000000000000000e+00 0.000000000000000000e+00 0.000000000000000000e+00 0.000000000000000000e+00 0.000000000000000000e+00 0.000000000000000000e+00 0.000000000000000000e+00 0.000000000000000000e+00 0.000000000000000000e+00 0.000000000000000000e+00 0.000000000000000000e+00 0.000000000000000000e+00 0.000000000000000000e+00 0.000000000000000000e+00 0.000000000000000000e+00 0.000000000000000000e+00 0.000000000000000000e+00 0.000000000000000000e+00 0.000000000000000000e+00
0.000000000000000000e+00 0.000000000000000000e+00 0.000000000000000000e+00 0.000000000000000000e+00 0.000000000000000000e+00 0.000000000000000000e+00 0.000000000000000000e+00 0.000000000000000000e+00 0.000000000000000000e+00 0.000000000000000000e+00 0.000000000000000000e+00 0.000000000000000000e+00 0.000000000000000000e+00 0.000000000000000000e+00 0.000000000000000000e+00 0.000000000000000000e+00 0.000000000000000000e+00 0.000000000000000000e+00 0.000000000000000000e+00 0.000000000000000000e+00 0.000000000000000000e+00 0.000000000000000000e+00 0.000000000000000000e+00 0.000000000000000000e+00 0.000000000000000000e+00 0.000000000000000000e+00 0.000000000000000000e+00 0.000000000000000000e+00 2.757479452054794251e+02 1.837506849315068393e+02 1.387506849315068393e+02 1.167534246575342536e+02 1.047561643835616394e+02 9.775616438356163940e+01 9.575890410958903942e+01 9.676164383561643945e+01 1.017616438356164394e+02 1.157643835616438395e+02 1.517671232876712395e+02 2.157671232876712395e+02 3.317698630136986253e+02 0.000000000000000000e+00 0.000000000000000000e+00 0.000000000000000000e+00 0.000000000000000000e+00 0.000000000000000000e+00 0.000000000000000000e+00 0.000000000000000000e+00 0.000000000000000000e+00 0.000000000000000000e+00 0.000000000000000000e+00 0.000000000000000000e+00 0.000000000000000000e+00 0.000000000000000000e+00 0.000000000000000000e+00 0.000000000000000000e+00 0.000000000000000000e+00 0.000000000000000000e+00 0.000000000000000000e+00 0.000000000000000000e+00 0.000000000000000000e+00 0.000000000000000000e+00 0.000000000000000000e+00 0.000000000000000000e+00 0.000000000000000000e+00 0.000000000000000000e+00 0.000000000000000000e+00 0.000000000000000000e+00 0.000000000000000000e+00 0.000000000000000000e+00
0.000000000000000000e+00 0.000000000000000000e+00 0.000000000000000000e+00 0.000000000000000000e+00 0.000000000000000000e+00 0.000000000000000000e+00 0.000000000000000000e+00 0.000000000000000000e+00 0.000000000000000000e+00 0.000000000000000000e+00 0.000000000000000000e+00 0.000000000000000000e+00 0.000000000000000000e+00 0.000000000000000000e+00 0.000000000000000000e+00 0.000000000000000000e+00 0.000000000000000000e+00 0.000000000000000000e+00 0.000000000000000000e+00 0.000000000000000000e+00 0.000000000000000000e+00 0.000000000000000000e+00 0.000000000000000000e+00 0.000000000000000000e+00 0.000000000000000000e+00 0.000000000000000000e+00 0.000000000000000000e+00 0.000000000000000000e+00 2.537506849315068393e+02 1.697534246575342536e+02 1.277534246575342536e+02 1.077561643835616394e+02 9.575890410958903942e+01 8.975890410958903942e+01 8.776164383561643945e+01 8.976438356164383947e+01 9.376438356164383947e+01 1.067671232876712395e+02 1.397671232876712395e+02 1.997698630136986253e+02 3.067726027397260395e+02 0.000000000000000000e+00 0.000000000000000000e+00 0.000000000000000000e+00 0.000000000000000000e+00 0.000000000000000000e+00 0.000000000000000000e+00 0.000000000000000000e+00 0.000000000000000000e+00 0.000000000000000000e+00 0.000000000000000000e+00 0.000000000000000000e+00 0.000000000000000000e+00 0.000000000000000000e+00 0.000000000000000000e+00 0.000000000000000000e+00 0.000000000000000000e+00 0.000000000000000000e+00 0.000000000000000000e+00 0.000000000000000000e+00 0.000000000000000000e+00 0.000000000000000000e+00 0.000000000000000000e+00 0.000000000000000000e+00 0.000000000000000000e+00 0.000000000000000000e+00 0.000000000000000000e+00 0.000000000000000000e+00 0.000000000000000000e+00 0.000000000000000000e+00
0.000000000000000000e+00 0.000000000000000000e+00 0.000000000000000000e+00 0.000000000000000000e+00 0.000000000000000000e+00 0.000000000000000000e+00 0.000000000000000000e+00 0.000000000000000000e+00 0.000000000000000000e+00 0.000000000000000000e+00 0.000000000000000000e+00 0.000000000000000000e+00 0.000000000000000000e+00 0.000000000000000000e+00 0.000000000000000000e+00 0.000000000000000000e+00 0.000000000000000000e+00 0.000000000000000000e+00 0.000000000000000000e+00 0.000000000000000000e+00 0.000000000000000000e+00 0.000000000000000000e+00 0.000000000000000000e+00 0.000000000000000000e+00 0.000000000000000000e+00 0.000000000000000000e+00 0.000000000000000000e+00 0.000000000000000000e+00 2.337534246575342536e+02 1.557534246575342536e+02 1.177561643835616394e+02 9.875890410958903942e+01 8.776164383561643945e+01 8.276164383561643945e+01 8.076438356164383947e+01 8.176712328767123950e+01 8.576712328767123950e+01 9.776986301369862531e+01 1.287698630136986253e+02 1.837726027397260395e+02 2.827753424657533969e+02 0.000000000000000000e+00 0.000000000000000000e+00 0.000000000000000000e+00 0.000000000000000000e+00 0.000000000000000000e+00 0.000000000000000000e+00 0.000000000000000000e+00 0.000000000000000000e+00 0.000000000000000000e+00 0.000000000000000000e+00 0.000000000000000000e+00 0.000000000000000000e+00 0.000000000000000000e+00 0.000000000000000000e+00 0.000000000000000000e+00 0.000000000000000000e+00 0.000000000000000000e+00 0.000000000000000000e+00 0.000000000000000000e+00 0.000000000000000000e+00 0.000000000000000000e+00 0.000000000000000000e+00 0.000000000000000000e+00 0.000000000000000000e+00 0.000000000000000000e+00 0.000000000000000000e+00 0.000000000000000000e+00 0.000000000000000000e+00 0.000000000000000000e+00
0.000000000000000000e+00 0.000000000000000000e+00 0.000000000000000000e+00 0.000000000000000000e+00 0.000000000000000000e+00 0.000000000000000000e+00 0.000000000000000000e+00 0.000000000000000000e+00 0.000000000000000000e+00 0.000000000000000000e+00 0.000000000000000000e+00 0.000000000000000000e+00 0.000000000000000000e+00 0.000000000000000000e+00 0.000000000000000000e+00 0.000000000000000000e+00 0.000000000000000000e+00 0.000000000000000000e+00 0.000000000000000000e+00 0.000000000000000000e+00 0.000000000000000000e+00 0.000000000000000000e+00 0.000000000000000000e+00 0.000000000000000000e+00 0.000000000000000000e+00 0.000000000000000000e+00 0.000000000000000000e+00 3.307534246575342536e+02 2.147561643835616394e+02 1.437561643835616394e+02 1.077589041095890394e+02 9.076164383561643945e+01 8.076438356164383947e+01 7.576438356164383947e+01 7.476712328767123950e+01 7.576712328767123950e+01 7.876986301369862531e+01 8.977260273972602533e+01 1.187726027397260253e+02 1.697753424657534254e+02 2.597753424657533969e+02 0.000000000000000000e+00 0.000000000000000000e+00 0.000000000000000000e+00 0.000000000000000000e+00 0.000000000000000000e+00 0.000000000000000000e+00 0.000000000000000000e+00 0.000000000000000000e+00 0.000000000000000000e+00 0.000000000000000000e+00 0.000000000000000000e+00 0.000000000000000000e+00 0.000000000000000000e+00 0.000000000000000000e+00 0.000000000000000000e+00 0.000000000000000000e+00 0.000000000000000000e+00 0.000000000000000000e+00 0.000000000000000000e+00 0.000000000000000000e+00 0.000000000000000000e+00 0.000000000000000000e+00 0.000000000000000000e+00 0.000000000000000000e+00 0.000000000000000000e+00 0.000000000000000000e+00 0.000000000000000000e+00 0.000000000000000000e+00 0.000000000000000000e+00
0.000000000000000000e+00 0.000000000000000000e+00 0.000000000000000000e+00 0.000000000000000000e+00 0.000000000000000000e+00 0.000000000000000000e+00 0.000000000000000000e+00 0.000000000000000000e+00 0.000000000000000000e+00 0.000000000000000000e+00 0.000000000000000000e+00 0.000000000000000000e+00 0.000000000000000000e+00 0.000000000000000000e+00 0.000000000000000000e+00 0.000000000000000000e+00 0.000000000000000000e+00 0.000000000000000000e+00 0.000000000000000000e+00 0.000000000000000000e+00 0.000000000000000000e+00 0.000000000000000000e+00 0.000000000000000000e+00 0.000000000000000000e+00 0.000000000000000000e+00 0.000000000000000000e+00 0.000000000000000000e+00 3.017561643835616678e+02 1.967589041095890536e+02 1.317589041095890536e+02 9.876164383561643945e+01 8.276438356164383947e+01 7.476438356164383947e+01 6.976712328767123950e+01 6.876986301369862531e+01 6.976986301369862531e+01 7.277260273972602533e+01 8.277534246575342536e+01 1.087753424657534254e+02 1.557780821917808112e+02 2.387780821917808112e+02 4.027808219178082254e+02 0.000000000000000000e+00 0.000000000000000000e+00 0.000000000000000000e+00 0.000000000000000000e+00 0.000000000000000000e+00 0.000000000000000000e+00 0.000000000000000000e+00 0.000000000000000000e+00 0.000000000000000000e+00 0.000000000000000000e+00 0.000000000000000000e+00 0.000000000000000000e+00 0.000000000000000000e+00 0.000000000000000000e+00 0.000000000000000000e+00 0.000000000000000000e+00 0.000000000000000000e+00 0.000000000000000000e+00 0.000000000000000000e+00 0.000000000000000000e+00 0.000000000000000000e+00 0.000000000000000000e+00 0.000000000000000000e+00 0.000000000000000000e+00 0.000000000000000000e+00 0.000000000000000000e+00 0.000000000000000000e+00 0.000000000000000000e+00
0.000000000000000000e+00 0.000000000000000000e+00 0.000000000000000000e+00 0.000000000000000000e+00 0.000000000000000000e+00 0.000000000000000000e+00 0.000000000000000000e+00 0.000000000000000000e+00 0.000000000000000000e+00 0.000000000000000000e+00 0.000000000000000000e+00 0.000000000000000000e+00 0.000000000000000000e+00 0.000000000000000000e+00 0.000000000000000000e+00 0.000000000000000000e+00 0.000000000000000000e+00 0.000000000000000000e+00 0.000000000000000000e+00 0.000000000000000000e+00 0.000000000000000000e+00 0.000000000000000000e+00 0.000000000000000000e+00 0.000000000000000000e+00 0.000000000000000000e+00 0.000000000000000000e+00 0.000000000000000000e+00 2.747589041095890252e+02 1.807616438356164394e+02 1.207616438356164394e+02 9.076438356164383947e+01 7.576712328767123950e+01 6.876712328767123950e+01 6.476986301369862531e+01 6.277260273972602533e+01 6.377260273972602533e+01 6.677534246575342536e+01 7.577808219178082538e+01 9.977808219178082538e+01 1.427808219178082254e+02 2.197808219178082254e+02 3.677835616438356396e+02 0.000000000000000000e+00 0.000000000000000000e+00 0.000000000000000000e+00 0.000000000000000000e+00 0.000000000000000000e+00 0.000000000000000000e+00 0.000000000000000000e+00 0.000000000000000000e+00 0.000000000000000000e+00 0.000000000000000000e+00 0.000000000000000000e+00 0.000000000000000000e+00 0.000000000000000000e+00 0.000000000000000000e+00 0.000000000000000000e+00 0.000000000000000000e+00 0.000000000000000000e+00 0.000000000000000000e+00 0.000000000000000000e+00 0.000000000000000000e+00 0.000000000000000000e+00 0.000000000000000000e+00 0.000000000000000000e+00 0.000000000000000000e+00 0.000000000000000000e+00 0.000000000000000000e+00 0.000000000000000000e+00 0.000000000000000000e+00
0.000000000000000000e+00 0.000000000000000000e+00 0.000000000000000000e+00 0.000000000000000000e+00 0.000000000000000000e+00 0.000000000000000000e+00 0.000000000000000000e+00 0.000000000000000000e+00 0.000000000000000000e+00 0.000000000000000000e+00 0.000000000000000000e+00 0.000000000000000000e+00 0.000000000000000000e+00 0.000000000000000000e+00 0.000000000000000000e+00 0.000000000000000000e+00 0.000000000000000000e+00 0.000000000000000000e+00 0.000000000000000000e+00 0.000000000000000000e+00 0.000000000000000000e+00 0.000000000000000000e+00 0.000000000000000000e+00 0.000000000000000000e+00 0.000000000000000000e+00 0.000000000000000000e+00 0.000000000000000000e+00 2.507616438356164394e+02 1.657643835616438253e+02 1.107643835616438395e+02 8.276712328767123950e+01 6.976986301369862531e+01 6.276986301369863241e+01 5.977260273972602533e+01 5.877534246575342536e+01 5.877534246575342536e+01 6.177808219178082538e+01 6.978082191780822541e+01 9.078082191780822541e+01 1.307835616438356112e+02 2.017835616438356112e+02 3.367863013698629970e+02 0.000000000000000000e+00 0.000000000000000000e+00 0.000000000000000000e+00 0.000000000000000000e+00 0.000000000000000000e+00 0.000000000000000000e+00 0.000000000000000000e+00 0.000000000000000000e+00 0.000000000000000000e+00 0.000000000000000000e+00 0.000000000000000000e+00 0.000000000000000000e+00 0.000000000000000000e+00 0.000000000000000000e+00 0.000000000000000000e+00 0.000000000000000000e+00 0.000000000000000000e+00 0.000000000000000000e+00 0.000000000000000000e+00 0.000000000000000000e+00 0.000000000000000000e+00 0.000000000000000000e+00 0.000000000000000000e+00 0.000000000000000000e+00 0.000000000000000000e+00 0.000000000000000000e+00 0.000000000000000000e+00 0.000000000000000000e+00
0.000000000000000000e+00 0.000000000000000000e+00 0.000000000000000000e+00 0.000000000000000000e+00 0.000000000000000000e+00 0.000000000000000000e+00 0.000000000000000000e+00 0.000000000000000000e+00 0.000000000000000000e+00 0.000000000000000000e+00 0.000000000000000000e+00 0.000000000000000000e+00 0.000000000000000000e+00 0.000000000000000000e+00 0.000000000000000000e+00 0.000000000000000000e+00 0.000000000000000000e+00 0.000000000000000000e+00 0.000000000000000000e+00 0.000000000000000000e+00 0.000000000000000000e+00 0.000000000000000000e+00 0.000000000000000000e+00 0.000000000000000000e+00 0.000000000000000000e+00 0.000000000000000000e+00 0.000000000000000000e+00 2.287643835616438253e+02 1.507671232876712395e+02 1.007671232876712395e+02 7.576986301369862531e+01 6.377260273972602533e+01 5.777260273972602533e+01 5.477534246575342536e+01 5.377808219178082538e+01 5.477808219178082538e+01 5.678082191780821830e+01 6.378356164383561833e+01 8.278356164383561122e+01 1.197863013698630112e+02 1.847863013698630255e+02 3.067890410958904113e+02 0.000000000000000000e+00 0.000000000000000000e+00 0.000000000000000000e+00 0.000000000000000000e+00 0.000000000000000000e+00 0.000000000000000000e+00 0.000000000000000000e+00 0.000000000000000000e+00 0.000000000000000000e+00 0.000000000000000000e+00 0.000000000000000000e+00 0.000000000000000000e+00 0.000000000000000000e+00 0.000000000000000000e+00 0.000000000000000000e+00 0.000000000000000000e+00 0.000000000000000000e+00 0.000000000000000000e+00 0.000000000000000000e+00 0.000000000000000000e+00 0.000000000000000000e+00 0.000000000000000000e+00 0.000000000000000000e+00 0.000000000000000000e+00 0.000000000000000000e+00 0.000000000000000000e+00 0.000000000000000000e+00 0.000000000000000000e+00
0.000000000000000000e+00 0.000000000000000000e+00 0.000000000000000000e+00 0.000000000000000000e+00 0.000000000000000000e+00 0.000000000000000000e+00 0.000000000000000000e+00 0.000000000000000000e+00 0.000000000000000000e+00 0.000000000000000000e+00 0.000000000000000000e+00 0.000000000000000000e+00 0.000000000000000000e+00 0.000000000000000000e+00 0.000000000000000000e+00 0.000000000000000000e+00 0.000000000000000000e+00 0.000000000000000000e+00 0.000000000000000000e+00 0.000000000000000000e+00 0.000000000000000000e+00 0.000000000000000000e+00 0.000000000000000000e+00 0.000000000000000000e+00 0.000000000000000000e+00 0.000000000000000000e+00 0.000000000000000000e+00 2.077671232876712395e+02 1.377698630136986253e+02 9.177260273972602533e+01 6.877260273972602533e+01 5.877534246575342536e+01 5.277808219178082538e+01 5.077808219178082538e+01 4.978082191780821830e+01 5.078082191780821830e+01 5.278356164383561833e+01 5.878630136986301125e+01 7.578630136986301125e+01 1.087890410958904113e+02 1.687890410958904113e+02 2.797917808219178255e+02 0.000000000000000000e+00 0.000000000000000000e+00 0.000000000000000000e+00 0.000000000000000000e+00 0.000000000000000000e+00 0.000000000000000000e+00 0.000000000000000000e+00 0.000000000000000000e+00 0.000000000000000000e+00 0.000000000000000000e+00 0.000000000000000000e+00 0.000000000000000000e+00 0.000000000000000000e+00 0.000000000000000000e+00 0.000000000000000000e+00 0.000000000000000000e+00 0.000000000000000000e+00 0.000000000000000000e+00 0.000000000000000000e+00 0.000000000000000000e+00 0.000000000000000000e+00 0.000000000000000000e+00 0.000000000000000000e+00 0.000000000000000000e+00 0.000000000000000000e+00 0.000000000000000000e+00 0.000000000000000000e+00 0.000000000000000000e+00
0.000000000000000000e+00 0.000000000000000000e+00 0.000000000000000000e+00 0.000000000000000000e+00 0.000000000000000000e+00 0.000000000000000000e+00 0.000000000000000000e+00 0.000000000000000000e+00 0.000000000000000000e+00 0.000000000000000000e+00 0.000000000000000000e+00 0.000000000000000000e+00 0.000000000000000000e+00 0.000000000000000000e+00 0.000000000000000000e+00 0.000000000000000000e+00 0.000000000000000000e+00 0.000000000000000000e+00 0.000000000000000000e+00 0.000000000000000000e+00 0.000000000000000000e+00 0.000000000000000000e+00 0.000000000000000000e+00 0.000000000000000000e+00 0.000000000000000000e+00 0.000000000000000000e+00 2.927671232876712111e+02 1.887698630136986253e+02 1.257726027397260253e+02 8.377534246575342536e+01 6.277534246575342536e+01 5.377808219178082538e+01 4.878082191780821830e+01 4.678082191780821830e+01 4.578356164383561833e+01 4.678630136986301125e+01 4.878630136986301125e+01 5.378904109589041127e+01 6.878904109589041127e+01 9.779178082191781129e+01 1.527945205479452113e+02 2.537945205479452113e+02 0.000000000000000000e+00 0.000000000000000000e+00 0.000000000000000000e+00 0.000000000000000000e+00 0.000000000000000000e+00 0.000000000000000000e+00 0.000000000000000000e+00 0.000000000000000000e+00 0.000000000000000000e+00 0.000000000000000000e+00 0.000000000000000000e+00 0.000000000000000000e+00 0.000000000000000000e+00 0.000000000000000000e+00 0.000000000000000000e+00 0.000000000000000000e+00 0.000000000000000000e+00 0.000000000000000000e+00 0.000000000000000000e+00 0.000000000000000000e+00 0.000000000000000000e+00 0.000000000000000000e+00 0.000000000000000000e+00 0.000000000000000000e+00 0.000000000000000000e+00 0.000000000000000000e+00 0.000000000000000000e+00 0.000000000000000000e+00
0.000000000000000000e+00 0.000000000000000000e+00 0.000000000000000000e+00 0.000000000000000000e+00 0.000000000000000000e+00 0.000000000000000000e+00 0.000000000000000000e+00 0.000000000000000000e+00 0.000000000000000000e+00 0.000000000000000000e+00 0.000000000000000000e+00 0.000000000000000000e+00 0.000000000000000000e+00 0.000000000000000000e+00 0.000000000000000000e+00 0.000000000000000000e+00 0.000000000000000000e+00 0.000000000000000000e+00 0.000000000000000000e+00 0.000000000000000000e+00 0.000000000000000000e+00 0.000000000000000000e+00 0.000000000000000000e+00 0.000000000000000000e+00 0.000000000000000000e+00 0.000000000000000000e+00 2.637726027397260395e+02 1.707726027397260395e+02 1.137753424657534254e+02 7.477808219178082538e+01 5.678082191780821830e+01 4.878082191780821830e+01 4.478356164383561833e+01 4.278356164383561833e+01 4.178630136986301125e+01 4.278904109589041127e+01 4.378904109589041127e+01 4.779178082191781129e+01 5.979452054794520421e+01 8.479452054794521132e+01 1.337972602739725971e+02 2.267972602739725971e+02 0.000000000000000000e+00 0.000000000000000000e+00 0.000000000000000000e+00 0.000000000000000000e+00 0.000000000000000000e+00 0.000000000000000000e+00 0.000000000000000000e+00 0.000000000000000000e+00 0.000000000000000000e+00 0.000000000000000000e+00 0.000000000000000000e+00 0.000000000000000000e+00 0.000000000000000000e+00 0.000000000000000000e+00 0.000000000000000000e+00 0.000000000000000000e+00 0.000000000000000000e+00 0.000000000000000000e+00 0.000000000000000000e+00 0.000000000000000000e+00 0.000000000000000000e+00 0.000000000000000000e+00 0.000000000000000000e+00 0.000000000000000000e+00 0.000000000000000000e+00 0.000000000000000000e+00 0.000000000000000000e+00 0.000000000000000000e+00
0.000000000000000000e+00 0.000000000000000000e+00 0.000000000000000000e+00 0.000000000000000000e+00 0.000000000000000000e+00 0.000000000000000000e+00 0.000000000000000000e+00 0.000000000000000000e+00 0.000000000000000000e+00 0.000000000000000000e+00 0.000000000000000000e+00 0.000000000000000000e+00 0.000000000000000000e+00 0.000000000000000000e+00 0.000000000000000000e+00 0.000000000000000000e+00 0.000000000000000000e+00 0.000000000000000000e+00 0.000000000000000000e+00 0.000000000000000000e+00 0.000000000000000000e+00 0.000000000000000000e+00 0.000000000000000000e+00 0.000000000000000000e+00 0.000000000000000000e+00 0.000000000000000000e+00 2.377753424657534254e+02 1.537780821917808112e+02 1.007780821917808254e+02 6.578082191780822541e+01 4.978356164383561833e+01 4.278356164383561833e+01 3.978630136986301125e+01 3.778904109589041127e+01 3.678904109589041127e+01 3.679178082191781129e+01 3.779452054794520421e+01 3.979452054794520421e+01 4.779726027397260424e+01 6.579726027397259713e+01 1.037999999999999972e+02 1.868000000000000114e+02 3.568027397260274256e+02 0.000000000000000000e+00 0.000000000000000000e+00 0.000000000000000000e+00 0.000000000000000000e+00 0.000000000000000000e+00 0.000000000000000000e+00 0.000000000000000000e+00 0.000000000000000000e+00 0.000000000000000000e+00 0.000000000000000000e+00 0.000000000000000000e+00 0.000000000000000000e+00 0.000000000000000000e+00 0.000000000000000000e+00 0.000000000000000000e+00 0.000000000000000000e+00 0.000000000000000000e+00 0.000000000000000000e+00 0.000000000000000000e+00 0.000000000000000000e+00 0.000000000000000000e+00 0.000000000000000000e+00 0.000000000000000000e+00 0.000000000000000000e+00 0.000000000000000000e+00 0.000000000000000000e+00 0.000000000000000000e+00
0.000000000000000000e+00 0.000000000000000000e+00 0.000000000000000000e+00 0.000000000000000000e+00 0.000000000000000000e+00 0.000000000000000000e+00 0.000000000000000000e+00 0.000000000000000000e+00 0.000000000000000000e+00 0.000000000000000000e+00 0.000000000000000000e+00 0.000000000000000000e+00 0.000000000000000000e+00 0.000000000000000000e+00 0.000000000000000000e+00 0.000000000000000000e+00 0.000000000000000000e+00 0.000000000000000000e+00 0.000000000000000000e+00 0.000000000000000000e+00 0.000000000000000000e+00 0.000000000000000000e+00 0.000000000000000000e+00 0.000000000000000000e+00 0.000000000000000000e+00 0.000000000000000000e+00 2.107780821917808112e+02 1.337808219178082254e+02 8.378356164383561122e+01 5.278356164383561833e+01 4.078630136986301125e+01 3.578904109589041127e+01 3.278904109589041127e+01 3.179178082191780774e+01 3.079452054794520421e+01 3.079452054794520421e+01 3.079726027397260424e+01 3.279726027397260424e+01 3.679999999999999716e+01 4.480273972602739718e+01 6.580273972602739718e+01 1.238054794520547972e+02 2.648054794520547830e+02 0.000000000000000000e+00 0.000000000000000000e+00 0.000000000000000000e+00 0.000000000000000000e+00 0.000000000000000000e+00 0.000000000000000000e+00 0.000000000000000000e+00 0.000000000000000000e+00 0.000000000000000000e+00 0.000000000000000000e+00 0.000000000000000000e+00 0.000000000000000000e+00 0.000000000000000000e+00 0.000000000000000000e+00 0.000000000000000000e+00 0.000000000000000000e+00 0.000000000000000000e+00 0.000000000000000000e+00 0.000000000000000000e+00 0.000000000000000000e+00 0.000000000000000000e+00 0.000000000000000000e+00 0.000000000000000000e+00 0.000000000000000000e+00 0.000000000000000000e+00 0.000000000000000000e+00 0.000000000000000000e+00
0.000000000000000000e+00 0.000000000000000000e+00 0.000000000000000000e+00 0.000000000000000000e+00 0.000000000000000000e+00 0.000000000000000000e+00 0.000000000000000000e+00 0.000000000000000000e+00 0.000000000000000000e+00 0.000000000000000000e+00 0.000000000000000000e+00 0.000000000000000000e+00 0.000000000000000000e+00 0.000000000000000000e+00 0.000000000000000000e+00 0.000000000000000000e+00 0.000000000000000000e+00 0.000000000000000000e+00 0.000000000000000000e+00 0.000000000000000000e+00 0.000000000000000000e+00 0.000000000000000000e+00 0.000000000000000000e+00 0.000000000000000000e+00 0.000000000000000000e+00 0.000000000000000000e+00 1.757808219178082254e+02 1.017835616438356112e+02 5.878630136986301125e+01 3.778904109589041127e+01 3.178904109589041127e+01 2.879178082191780774e+01 2.779452054794520421e+01 2.679452054794520421e+01 2.679726027397260424e+01 2.679726027397260424e+01 2.680000000000000071e+01 2.780273972602739718e+01 2.880273972602739718e+01 3.280547945205479721e+01 3.980547945205479721e+01 6.280821917808219013e+01 1.448109589041095830e+02 2.828109589041096115e+02 0.000000000000000000e+00 0.000000000000000000e+00 0.000000000000000000e+00 0.000000000000000000e+00 0.000000000000000000e+00 0.000000000000000000e+00 0.000000000000000000e+00 0.000000000000000000e+00 0.000000000000000000e+00 0.000000000000000000e+00 0.000000000000000000e+00 0.000000000000000000e+00 0.000000000000000000e+00 0.000000000000000000e+00 0.000000000000000000e+00 0.000000000000000000e+00 0.000000000000000000e+00 0.000000000000000000e+00 0.000000000000000000e+00 0.000000000000000000e+00 0.000000000000000000e+00 0.000000000000000000e+00 0.000000000000000000e+00 0.000000000000000000e+00 0.000000000000000000e+00 0.000000000000000000e+00
0.000000000000000000e+00 0.000000000000000000e+00 0.000000000000000000e+00 0.000000000000000000e+00 0.000000000000000000e+00 0.000000000000000000e+00 0.000000000000000000e+00 0.000000000000000000e+00 0.000000000000000000e+00 0.000000000000000000e+00 0.000000000000000000e+00 0.000000000000000000e+00 0.000000000000000000e+00 0.000000000000000000e+00 0.000000000000000000e+00 0.000000000000000000e+00 0.000000000000000000e+00 0.000000000000000000e+00 0.000000000000000000e+00 0.000000000000000000e+00 0.000000000000000000e+00 0.000000000000000000e+00 0.000000000000000000e+00 0.000000000000000000e+00 0.000000000000000000e+00 2.267835616438356112e+02 1.177863013698630112e+02 5.978904109589041127e+01 3.678904109589041127e+01 2.879178082191780774e+01 2.579452054794520421e+01 2.479452054794520421e+01 2.379726027397260424e+01 2.379726027397260424e+01 2.380000000000000071e+01 2.380273972602739718e+01 2.380273972602739718e+01 2.480547945205479365e+01 2.480547945205479365e+01 2.680821917808219013e+01 2.981095890410959015e+01 3.681095890410959015e+01 5.881369863013698307e+01 1.118136986301369831e+02 2.158164383561643831e+02 3.838164383561643831e+02 0.000000000000000000e+00 0.000000000000000000e+00 0.000000000000000000e+00 0.000000000000000000e+00 0.000000000000000000e+00 0.000000000000000000e+00 0.000000000000000000e+00 0.000000000000000000e+00 0.000000000000000000e+00 0.000000000000000000e+00 0.000000000000000000e+00 0.000000000000000000e+00 0.000000000000000000e+00 0.000000000000000000e+00 0.000000000000000000e+00 0.000000000000000000e+00 0.000000000000000000e+00 0.000000000000000000e+00 0.000000000000000000e+00 0.000000000000000000e+00 0.000000000000000000e+00 0.000000000000000000e+00 0.000000000000000000e+00 0.000000000000000000e+00
0.000000000000000000e+00 0.000000000000000000e+00 0.000000000000000000e+00 0.000000000000000000e+00 0.000000000000000000e+00 0.000000000000000000e+00 0.000000000000000000e+00 0.000000000000000000e+00 0.000000000000000000e+00 0.000000000000000000e+00 0.000000000000000000e+00 0.000000000000000000e+00 0.000000000000000000e+00 0.000000000000000000e+00 0.000000000000000000e+00 0.000000000000000000e+00 0.000000000000000000e+00 0.000000000000000000e+00 0.000000000000000000e+00 0.000000000000000000e+00 0.000000000000000000e+00 0.000000000000000000e+00 0.000000000000000000e+00 0.000000000000000000e+00 2.907863013698629970e+02 1.297890410958904113e+02 5.678904109589041127e+01 3.379178082191781129e+01 2.679452054794520421e+01 2.379452054794520421e+01 2.279726027397260424e+01 2.280000000000000071e+01 2.180000000000000071e+01 2.180273972602739718e+01 2.180273972602739718e+01 2.180547945205479365e+01 2.180821917808219013e+01 2.280821917808219013e+01 2.281095890410959015e+01 2.381095890410959015e+01 2.581369863013698662e+01 2.881643835616438309e+01 3.481643835616438309e+01 4.581917808219178312e+01 6.481917808219178312e+01 1.058219178082191831e+02 1.898219178082191831e+02 3.408246575342465690e+02 5.828246575342466258e+02 0.000000000000000000e+00 0.000000000000000000e+00 0.000000000000000000e+00 0.000000000000000000e+00 0.000000000000000000e+00 0.000000000000000000e+00 0.000000000000000000e+00 0.000000000000000000e+00 0.000000000000000000e+00 0.000000000000000000e+00 0.000000000000000000e+00 0.000000000000000000e+00 0.000000000000000000e+00 0.000000000000000000e+00 0.000000000000000000e+00 0.000000000000000000e+00 0.000000000000000000e+00 0.000000000000000000e+00 0.000000000000000000e+00 0.000000000000000000e+00 0.000000000000000000e+00
0.000000000000000000e+00 0.000000000000000000e+00 0.000000000000000000e+00 0.000000000000000000e+00 0.000000000000000000e+00 0.000000000000000000e+00 0.000000000000000000e+00 0.000000000000000000e+00 0.000000000000000000e+00 0.000000000000000000e+00 0.000000000000000000e+00 0.000000000000000000e+00 0.000000000000000000e+00 0.000000000000000000e+00 0.000000000000000000e+00 0.000000000000000000e+00 0.000000000000000000e+00 0.000000000000000000e+00 0.000000000000000000e+00 0.000000000000000000e+00 0.000000000000000000e+00 0.000000000000000000e+00 0.000000000000000000e+00 0.000000000000000000e+00 1.377890410958904113e+02 5.179178082191781129e+01 3.179452054794520421e+01 2.579452054794520421e+01 2.279726027397260424e+01 2.180000000000000071e+01 2.080000000000000071e+01 2.080273972602739718e+01 2.080547945205479365e+01 2.080547945205479365e+01 2.080821917808219013e+01 2.081095890410959015e+01 2.081095890410959015e+01 2.081369863013698662e+01 2.181369863013698662e+01 2.281643835616438309e+01 2.381643835616438309e+01 2.481917808219177957e+01 2.781917808219177957e+01 3.182191780821917959e+01 3.582191780821917604e+01 4.282465753424657606e+01 5.282739726027397609e+01 6.982739726027396898e+01 9.982739726027396898e+01 1.588301369863013690e+02 2.708301369863013974e+02 4.698328767123287548e+02 8.028328767123288117e+02 0.000000000000000000e+00 0.000000000000000000e+00 0.000000000000000000e+00 0.000000000000000000e+00 0.000000000000000000e+00 0.000000000000000000e+00 0.000000000000000000e+00 0.000000000000000000e+00 0.000000000000000000e+00 0.000000000000000000e+00 0.000000000000000000e+00 0.000000000000000000e+00 0.000000000000000000e+00 0.000000000000000000e+00 0.000000000000000000e+00 0.000000000000000000e+00 0.000000000000000000e+00
0.000000000000000000e+00 0.000000000000000000e+00 0.000000000000000000e+00 0.000000000000000000e+00 0.000000000000000000e+00 0.000000000000000000e+00 0.000000000000000000e+00 0.000000000000000000e+00 0.000000000000000000e+00 0.000000000000000000e+00 0.000000000000000000e+00 0.000000000000000000e+00 0.000000000000000000e+00 0.000000000000000000e+00 0.000000000000000000e+00 0.000000000000000000e+00 0.000000000000000000e+00 0.000000000000000000e+00 0.000000000000000000e+00 0.000000000000000000e+00 0.000000000000000000e+00 0.000000000000000000e+00 0.000000000000000000e+00 1.397917808219177971e+02 4.579452054794520421e+01 2.979452054794520421e+01 2.479726027397260424e+01 2.180000000000000071e+01 2.080273972602739718e+01 2.080273972602739718e+01 1.980547945205479365e+01 1.980821917808219013e+01 1.980821917808219013e+01 1.981095890410959015e+01 1.981095890410959015e+01 1.981369863013698662e+01 1.981643835616438309e+01 1.981643835616438309e+01 1.981917808219177957e+01 2.081917808219177957e+01 2.182191780821917959e+01 2.282191780821917959e+01 2.482465753424657606e+01 2.682465753424657606e+01 2.882739726027397253e+01 3.082739726027397253e+01 3.383013698630136901e+01 3.783013698630136901e+01 4.183287671232876903e+01 4.783287671232876903e+01 5.583561643835616195e+01 6.683561643835616906e+01 8.383835616438355487e+01 1.098383561643835549e+02 1.548383561643835549e+02 2.348410958904109691e+02 3.768410958904109407e+02 6.268438356164383549e+02 1.062843835616438355e+03 0.000000000000000000e+00 0.000000000000000000e+00 0.000000000000000000e+00 0.000000000000000000e+00 0.000000000000000000e+00 0.000000000000000000e+00 0.000000000000000000e+00 0.000000000000000000e+00 0.000000000000000000e+00 0.000000000000000000e+00 0.000000000000000000e+00
0.000000000000000000e+00 0.000000000000000000e+00 0.000000000000000000e+00 0.000000000000000000e+00 0.000000000000000000e+00 0.000000000000000000e+00 0.000000000000000000e+00 0.000000000000000000e+00 0.000000000000000000e+00 0.000000000000000000e+00 0.000000000000000000e+00 0.000000000000000000e+00 0.000000000000000000e+00 0.000000000000000000e+00 0.000000000000000000e+00 0.000000000000000000e+00 0.000000000000000000e+00 0.000000000000000000e+00 0.000000000000000000e+00 0.000000000000000000e+00 0.000000000000000000e+00 0.000000000000000000e+00 1.297945205479452113e+02 4.179726027397260424e+01 2.779726027397260424e+01 2.380000000000000071e+01 2.180273972602739718e+01 2.080547945205479365e+01 1.980547945205479365e+01 1.880821917808219013e+01 1.881095890410959015e+01 1.881095890410959015e+01 1.881369863013698662e+01 1.881369863013698662e+01 1.881643835616438309e+01 1.881917808219177957e+01 1.881917808219177957e+01 1.882191780821917959e+01 1.882191780821917959e+01 1.982465753424657606e+01 1.982465753424657606e+01 2.182739726027397253e+01 2.282739726027397253e+01 2.483013698630136901e+01 2.583013698630136901e+01 2.683287671232876548e+01 2.783287671232876548e+01 2.983561643835616550e+01 3.183561643835616550e+01 3.283835616438356197e+01 3.483835616438356197e+01 3.784109589041096200e+01 4.084109589041096200e+01 4.384109589041096200e+01 4.784383561643835492e+01 5.184383561643835492e+01 5.784657534246575494e+01 6.484657534246575494e+01 7.384657534246575494e+01 8.484931506849315497e+01 1.008493150684931550e+02 1.218493150684931550e+02 1.518520547945205408e+02 1.978520547945205408e+02 2.688520547945205408e+02 3.828547945205479550e+02 5.698547945205478982e+02 8.818547945205478982e+02 1.426857534246575369e+03 0.000000000000000000e+00
0.000000000000000000e+00 0.000000000000000000e+00 0.000000000000000000e+00 0.000000000000000000e+00 0.000000000000000000e+00 0.000000000000000000e+00 0.000000000000000000e+00 0.000000000000000000e+00 0.000000000000000000e+00 0.000000000000000000e+00 0.000000000000000000e+00 0.000000000000000000e+00 0.000000000000000000e+00 0.000000000000000000e+00 0.000000000000000000e+00 0.000000000000000000e+00 0.000000000000000000e+00 0.000000000000000000e+00 0.000000000000000000e+00 0.000000000000000000e+00 0.000000000000000000e+00 1.087972602739725971e+02 3.779999999999999716e+01 2.680000000000000071e+01 2.280273972602739718e+01 2.080547945205479365e+01 1.980821917808219013e+01 1.880821917808219013e+01 1.881095890410959015e+01 1.781369863013698662e+01 1.781369863013698662e+01 1.781643835616438309e+01 1.781917808219177957e+01 1.781917808219177957e+01 1.782191780821917959e+01 1.782191780821917959e+01 1.782465753424657606e+01 1.782465753424657606e+01 1.782739726027397253e+01 1.783013698630136901e+01 1.883013698630136901e+01 1.983287671232876548e+01 2.083287671232876548e+01 2.283561643835616550e+01 2.383561643835616550e+01 2.483835616438356197e+01 2.583835616438356197e+01 2.583835616438356197e+01 2.684109589041095845e+01 2.784109589041095845e+01 2.884383561643835492e+01 3.084383561643835492e+01 3.184383561643835492e+01 3.284657534246575494e+01 3.384657534246575494e+01 3.584931506849314786e+01 3.684931506849314786e+01 3.884931506849314786e+01 3.985205479452054789e+01 4.185205479452054789e+01 4.385205479452054789e+01 4.685479452054794791e+01 4.885479452054794791e+01 5.185479452054794791e+01 5.485753424657534083e+01 5.785753424657534083e+01 6.185753424657534083e+01 6.586027397260274086e+01 7.086027397260274086e+01 7.686027397260274086e+01
0.000000000000000000e+00 0.000000000000000000e+00 0.000000000000000000e+00 0.000000000000000000e+00 0.000000000000000000e+00 0.000000000000000000e+00 0.000000000000000000e+00 0.000000000000000000e+00 0.000000000000000000e+00 0.000000000000000000e+00 0.000000000000000000e+00 0.000000000000000000e+00 0.000000000000000000e+00 0.000000000000000000e+00 0.000000000000000000e+00 0.000000000000000000e+00 0.000000000000000000e+00 0.000000000000000000e+00 0.000000000000000000e+00 0.000000000000000000e+00 8.479999999999999716e+01 3.480273972602739718e+01 2.580273972602739718e+01 2.280547945205479365e+01 2.080821917808219013e+01 1.981095890410959015e+01 1.881095890410959015e+01 1.781369863013698662e+01 1.781643835616438309e+01 1.781643835616438309e+01 1.681917808219177957e+01 1.682191780821917959e+01 1.682191780821917959e+01 1.682465753424657606e+01 1.682739726027397253e+01 1.682739726027397253e+01 1.683013698630136901e+01 1.683013698630136901e+01 1.683287671232876548e+01 1.683287671232876548e+01 1.683561643835616550e+01 1.783561643835616550e+01 1.883835616438356197e+01 1.983835616438356197e+01 2.184109589041095845e+01 2.184109589041095845e+01 2.284383561643835492e+01 2.384383561643835492e+01 2.484383561643835492e+01 2.484657534246575494e+01 2.584657534246575494e+01 2.684931506849315141e+01 2.784931506849315141e+01 2.784931506849315141e+01 2.885205479452054789e+01 2.985205479452054789e+01 3.085479452054794436e+01 3.085479452054794436e+01 3.185479452054794436e+01 3.285753424657534083e+01 3.385753424657534083e+01 3.485753424657534083e+01 3.486027397260274086e+01 3.586027397260274086e+01 3.686027397260274086e+01 3.786301369863013377e+01 3.886301369863013377e+01 3.986301369863013377e+01 4.086301369863013377e+01 4.286575342465753380e+01
0.000000000000000000e+00 0.000000000000000000e+00 0.000000000000000000e+00 0.000000000000000000e+00 0.000000000000000000e+00 0.000000000000000000e+00 0.000000000000000000e+00 0.000000000000000000e+00 0.000000000000000000e+00 0.000000000000000000e+00 0.000000000000000000e+00 0.000000000000000000e+00 0.000000000000000000e+00 0.000000000000000000e+00 0.000000000000000000e+00 0.000000000000000000e+00 0.000000000000000000e+00 0.000000000000000000e+00 0.000000000000000000e+00 6.580273972602739718e+01 3.180547945205479365e+01 2.480821917808219013e+01 2.180821917808219013e+01 2.081095890410959015e+01 1.981369863013698662e+01 1.881643835616438309e+01 1.781643835616438309e+01 1.681917808219177957e+01 1.682191780821917959e+01 1.682191780821917959e+01 1.682465753424657606e+01 1.682739726027397253e+01 1.582739726027397253e+01 1.583013698630136901e+01 1.583013698630136901e+01 1.583287671232876725e+01 1.583561643835616373e+01 1.583561643835616373e+01 1.583835616438356197e+01 1.583835616438356197e+01 1.584109589041095845e+01 1.584109589041095845e+01 1.684383561643835492e+01 1.784383561643835492e+01 1.884383561643835492e+01 1.984657534246575494e+01 1.984657534246575494e+01 2.084931506849315141e+01 2.184931506849315141e+01 2.185205479452054789e+01 2.285205479452054789e+01 2.385205479452054789e+01 2.385479452054794436e+01 2.485479452054794436e+01 2.485753424657534083e+01 2.585753424657534083e+01 2.685753424657534083e+01 2.686027397260274086e+01 2.786027397260274086e+01 2.786027397260274086e+01 2.886301369863013733e+01 2.886301369863013733e+01 2.986301369863013733e+01 2.986575342465753380e+01 3.086575342465753380e+01 3.086575342465753380e+01 3.186575342465753380e+01 3.186849315068493027e+01 3.286849315068493382e+01 3.286849315068493382e+01
0.000000000000000000e+00 0.000000000000000000e+00 0.000000000000000000e+00 0.000000000000000000e+00 0.000000000000000000e+00 0.000000000000000000e+00 0.000000000000000000e+00 0.000000000000000000e+00 0.000000000000000000e+00 0.000000000000000000e+00 0.000000000000000000e+00 0.000000000000000000e+00 0.000000000000000000e+00 0.000000000000000000e+00 0.000000000000000000e+00 0.000000000000000000e+00 0.000000000000000000e+00 8.488027397260274256e+02 5.280547945205479721e+01 2.980821917808219013e+01 2.381095890410959015e+01 2.181369863013698662e+01 1.981643835616438309e+01 1.881643835616438309e+01 1.781917808219177957e+01 1.782191780821917959e+01 1.682191780821917959e+01 1.682465753424657606e+01 1.582739726027397253e+01 1.582739726027397253e+01 1.583013698630136901e+01 1.583287671232876725e+01 1.583287671232876725e+01 1.583561643835616373e+01 1.483561643835616373e+01 1.483835616438356197e+01 1.483835616438356197e+01 1.484109589041095845e+01 1.484109589041095845e+01 1.484383561643835669e+01 1.484383561643835669e+01 1.484657534246575317e+01 1.484657534246575317e+01 1.584931506849315141e+01 1.684931506849315141e+01 1.685205479452054789e+01 1.785205479452054789e+01 1.785479452054794436e+01 1.885479452054794436e+01 1.885479452054794436e+01 1.985753424657534083e+01 1.985753424657534083e+01 2.086027397260274086e+01 2.086027397260274086e+01 2.186027397260274086e+01 2.186301369863013733e+01 2.286301369863013733e+01 2.286301369863013733e+01 2.286575342465753380e+01 2.386575342465753380e+01 2.386575342465753380e+01 2.486849315068493027e+01 2.486849315068493027e+01 2.586849315068493027e+01 2.587123287671233030e+01 2.587123287671233030e+01 2.687123287671233030e+01 2.687123287671233030e+01 2.787397260273972677e+01 2.787397260273972677e+01
0.000000000000000000e+00 0.000000000000000000e+00 0.000000000000000000e+00 0.000000000000000000e+00 0.000000000000000000e+00 0.000000000000000000e+00 0.000000000000000000e+00 0.000000000000000000e+00 0.000000000000000000e+00 0.000000000000000000e+00 0.000000000000000000e+00 0.000000000000000000e+00 0.000000000000000000e+00 0.000000000000000000e+00 0.000000000000000000e+00 0.000000000000000000e+00 3.548082191780821972e+02 4.481095890410959015e+01 2.881095890410959015e+01 2.381369863013698662e+01 2.081643835616438309e+01 1.981917808219177957e+01 1.882191780821917959e+01 1.782465753424657606e+01 1.682465753424657606e+01 1.682739726027397253e+01 1.583013698630136901e+01 1.583013698630136901e+01 1.583287671232876725e+01 1.583561643835616373e+01 1.483561643835616373e+01 1.483835616438356197e+01 1.483835616438356197e+01 1.484109589041095845e+01 1.484383561643835669e+01 1.484383561643835669e+01 1.484657534246575317e+01 1.484657534246575317e+01 1.484931506849315141e+01 1.384931506849315141e+01 1.385205479452054789e+01 1.385205479452054789e+01 1.385205479452054789e+01 1.485479452054794436e+01 1.485479452054794436e+01 1.485753424657534261e+01 1.485753424657534261e+01 1.585753424657534261e+01 1.586027397260273908e+01 1.586027397260273908e+01 1.686301369863013733e+01 1.686301369863013733e+01 1.686301369863013733e+01 1.786575342465753380e+01 1.786575342465753380e+01 1.786575342465753380e+01 1.886849315068493027e+01 1.886849315068493027e+01 1.886849315068493027e+01 1.987123287671233030e+01 1.987123287671233030e+01 1.987123287671233030e+01 2.087397260273972677e+01 2.087397260273972677e+01 2.087397260273972677e+01 2.087671232876712324e+01 2.187671232876712324e+01 2.187671232876712324e+01 2.187671232876712324e+01 2.287945205479451971e+01
0.000000000000000000e+00 0.000000000000000000e+00 0.000000000000000000e+00 0.000000000000000000e+00 0.000000000000000000e+00 0.000000000000000000e+00 0.000000000000000000e+00 0.000000000000000000e+00 0.000000000000000000e+00 0.000000000000000000e+00 0.000000000000000000e+00 0.000000000000000000e+00 0.000000000000000000e+00 0.000000000000000000e+00 0.000000000000000000e+00 1.398109589041095830e+02 3.881369863013698307e+01 2.681643835616438309e+01 2.281917808219177957e+01 2.082191780821917959e+01 1.882465753424657606e+01 1.782465753424657606e+01 1.782739726027397253e+01 1.683013698630136901e+01 1.583287671232876725e+01 1.583287671232876725e+01 1.483561643835616373e+01 1.483835616438356197e+01 1.483835616438356197e+01 1.484109589041095845e+01 1.484383561643835669e+01 1.484383561643835669e+01 1.484657534246575317e+01 1.384657534246575317e+01 1.384931506849315141e+01 1.384931506849315141e+01 1.385205479452054789e+01 1.385205479452054789e+01 1.385479452054794436e+01 1.385479452054794436e+01 1.385753424657534261e+01 1.385753424657534261e+01 1.386027397260273908e+01 1.386027397260273908e+01 1.386027397260273908e+01 1.386301369863013733e+01 1.386301369863013733e+01 1.386575342465753380e+01 1.486575342465753380e+01 1.486575342465753380e+01 1.486849315068493205e+01 1.486849315068493205e+01 1.486849315068493205e+01 1.487123287671232852e+01 1.587123287671232852e+01 1.587123287671232852e+01 1.587397260273972677e+01 1.587397260273972677e+01 1.587397260273972677e+01 1.587671232876712324e+01 1.687671232876712324e+01 1.687671232876712324e+01 1.687671232876712324e+01 1.687945205479451971e+01 1.687945205479451971e+01 1.687945205479451971e+01 1.787945205479451971e+01 1.788219178082191618e+01 1.788219178082191618e+01 1.788219178082191618e+01
0.000000000000000000e+00 0.000000000000000000e+00 0.000000000000000000e+00 0.000000000000000000e+00 0.000000000000000000e+00 0.000000000000000000e+00 0.000000000000000000e+00 0.000000000000000000e+00 0.000000000000000000e+00 0.000000000000000000e+00 0.000000000000000000e+00 0.000000000000000000e+00 0.000000000000000000e+00 0.000000000000000000e+00 7.881643835616438309e+01 3.481917808219178312e+01 2.582191780821917959e+01 2.182465753424657606e+01 1.982739726027397253e+01 1.883013698630136901e+01 1.783013698630136901e+01 1.683287671232876548e+01 1.683561643835616550e+01 1.583835616438356197e+01 1.483835616438356197e+01 1.484109589041095845e+01 1.484383561643835669e+01 1.384383561643835669e+01 1.384657534246575317e+01 1.384931506849315141e+01 1.384931506849315141e+01 1.385205479452054789e+01 1.385205479452054789e+01 1.385479452054794436e+01 1.385479452054794436e+01 1.385753424657534261e+01 1.385753424657534261e+01 1.386027397260273908e+01 1.386027397260273908e+01 1.286301369863013733e+01 1.286301369863013733e+01 1.286575342465753380e+01 1.286575342465753380e+01 1.286575342465753380e+01 1.286849315068493205e+01 1.286849315068493205e+01 1.386849315068493205e+01 1.387123287671232852e+01 1.387123287671232852e+01 1.387123287671232852e+01 1.387397260273972677e+01 1.387397260273972677e+01 1.387397260273972677e+01 1.387671232876712324e+01 1.387671232876712324e+01 1.387671232876712324e+01 1.387945205479451971e+01 1.387945205479451971e+01 1.487945205479451971e+01 1.487945205479451971e+01 1.488219178082191796e+01 1.488219178082191796e+01 1.488219178082191796e+01 1.488493150684931443e+01 1.488493150684931443e+01 1.488493150684931443e+01 1.488767123287671268e+01 1.488767123287671268e+01 1.488767123287671268e+01 1.488767123287671268e+01
0.000000000000000000e+00 0.000000000000000000e+00 0.000000000000000000e+00 0.000000000000000000e+00 0.000000000000000000e+00 0.000000000000000000e+00 0.000000000000000000e+00 0.000000000000000000e+00 0.000000000000000000e+00 0.000000000000000000e+00 0.000000000000000000e+00 0.000000000000000000e+00 0.000000000000000000e+00 5.582191780821917604e+01 3.182465753424657606e+01 2.482739726027397253e+01 2.183013698630136901e+01 1.983287671232876548e+01 1.783561643835616550e+01 1.683835616438356197e+01 1.683835616438356197e+01 1.584109589041095845e+01 1.584383561643835669e+01 1.484657534246575317e+01 1.484657534246575317e+01 1.384931506849315141e+01 1.385205479452054789e+01 1.385205479452054789e+01 1.385479452054794436e+01 1.385479452054794436e+01 1.385753424657534261e+01 1.385753424657534261e+01 1.386027397260273908e+01 1.286027397260273908e+01 1.286301369863013733e+01 1.286301369863013733e+01 1.286575342465753380e+01 1.286575342465753380e+01 1.286849315068493205e+01 1.286849315068493205e+01 1.287123287671232852e+01 1.287123287671232852e+01 1.287123287671232852e+01 1.287397260273972677e+01 1.287397260273972677e+01 1.287671232876712324e+01 1.287671232876712324e+01 1.287671232876712324e+01 1.287945205479451971e+01 1.287945205479451971e+01 1.287945205479451971e+01 1.288219178082191796e+01 1.288219178082191796e+01 1.288219178082191796e+01 1.288493150684931443e+01 1.388219178082191796e+01 1.388493150684931443e+01 1.388493150684931443e+01 1.388493150684931443e+01 1.388767123287671268e+01 1.388767123287671268e+01 1.388767123287671268e+01 1.389041095890410915e+01 1.389041095890410915e+01 1.389041095890410915e+01 1.389041095890410915e+01 1.389315068493150740e+01 1.389315068493150740e+01 1.389315068493150740e+01 1.389315068493150740e+01
0.000000000000000000e+00 0.000000000000000000e+00 0.000000000000000000e+00 0.000000000000000000e+00 0.000000000000000000e+00 0.000000000000000000e+00 0.000000000000000000e+00 0.000000000000000000e+00 0.000000000000000000e+00 0.000000000000000000e+00 0.000000000000000000e+00 1.848246575342465690e+02 4.282739726027397609e+01 2.883013698630136901e+01 2.383287671232876548e+01 2.083561643835616550e+01 1.883835616438356197e+01 1.784109589041095845e+01 1.684383561643835492e+01 1.584657534246575317e+01 1.584657534246575317e+01 1.484931506849315141e+01 1.485205479452054789e+01 1.385479452054794436e+01 1.385479452054794436e+01 1.285753424657534261e+01 1.286027397260273908e+01 1.286027397260273908e+01 1.286301369863013733e+01 1.286301369863013733e+01 1.286575342465753380e+01 1.286575342465753380e+01 1.286849315068493205e+01 1.286849315068493205e+01 1.287123287671232852e+01 1.287123287671232852e+01 1.287397260273972677e+01 1.287397260273972677e+01 1.287671232876712324e+01 1.287671232876712324e+01 1.287671232876712324e+01 1.287945205479451971e+01 1.187945205479451971e+01 1.287945205479451971e+01 1.288219178082191796e+01 1.288219178082191796e+01 1.288219178082191796e+01 1.288493150684931443e+01 1.288493150684931443e+01 1.288493150684931443e+01 1.288767123287671268e+01 1.288767123287671268e+01 1.288767123287671268e+01 1.289041095890410915e+01 1.289041095890410915e+01 1.289041095890410915e+01 1.289041095890410915e+01 1.289315068493150740e+01 1.289315068493150740e+01 1.289315068493150740e+01 1.289589041095890387e+01 1.289589041095890387e+01 1.289589041095890387e+01 1.289589041095890387e+01 1.289863013698630212e+01 1.289863013698630212e+01 1.289863013698630212e+01 1.289863013698630212e+01 1.290136986301369859e+01 1.290136986301369859e+01
0.000000000000000000e+00 0.000000000000000000e+00 0.000000000000000000e+00 0.000000000000000000e+00 0.000000000000000000e+00 0.000000000000000000e+00 0.000000000000000000e+00 0.000000000000000000e+00 0.000000000000000000e+00 0.000000000000000000e+00 6.683287671232876903e+01 3.583561643835616195e+01 2.683835616438356197e+01 2.184109589041095845e+01 1.984383561643835492e+01 1.784657534246575494e+01 1.684931506849315141e+01 1.585205479452054789e+01 1.585479452054794436e+01 1.585479452054794436e+01 1.485753424657534261e+01 1.486027397260273908e+01 1.386027397260273908e+01 1.286301369863013733e+01 1.286575342465753380e+01 1.286575342465753380e+01 1.286849315068493205e+01 1.286849315068493205e+01 1.287123287671232852e+01 1.287397260273972677e+01 1.287397260273972677e+01 1.287671232876712324e+01 1.287671232876712324e+01 1.287671232876712324e+01 1.187945205479451971e+01 1.187945205479451971e+01 1.188219178082191796e+01 1.188219178082191796e+01 1.188493150684931443e+01 1.188493150684931443e+01 1.188493150684931443e+01 1.188767123287671268e+01 1.188767123287671268e+01 1.189041095890410915e+01 1.189041095890410915e+01 1.189041095890410915e+01 1.189315068493150740e+01 1.189315068493150740e+01 1.189315068493150740e+01 1.189315068493150740e+01 1.189589041095890387e+01 1.189589041095890387e+01 1.189589041095890387e+01 1.189863013698630212e+01 1.189863013698630212e+01 1.289863013698630212e+01 1.289863013698630212e+01 1.289863013698630212e+01 1.290136986301369859e+01 1.290136986301369859e+01 1.290136986301369859e+01 1.290136986301369859e+01 1.290136986301369859e+01 1.290410958904109506e+01 1.290410958904109506e+01 1.290410958904109506e+01 1.290410958904109506e+01 1.290684931506849331e+01 1.290684931506849331e+01 1.290684931506849331e+01
0.000000000000000000e+00 0.000000000000000000e+00 0.000000000000000000e+00 0.000000000000000000e+00 0.000000000000000000e+00 0.000000000000000000e+00 0.000000000000000000e+00 0.000000000000000000e+00 1.478383561643835549e+02 4.384109589041096200e+01 2.984383561643835492e+01 2.484657534246575494e+01 2.085205479452054789e+01 1.885205479452054789e+01 1.785479452054794436e+01 1.685753424657534083e+01 1.586027397260273908e+01 1.486301369863013733e+01 1.486575342465753380e+01 1.486575342465753380e+01 1.386849315068493205e+01 1.387123287671232852e+01 1.287123287671232852e+01 1.287397260273972677e+01 1.187671232876712324e+01 1.187671232876712324e+01 1.187945205479451971e+01 1.187945205479451971e+01 1.188219178082191796e+01 1.188219178082191796e+01 1.188493150684931443e+01 1.188493150684931443e+01 1.188767123287671268e+01 1.188767123287671268e+01 1.189041095890410915e+01 1.189041095890410915e+01 1.189041095890410915e+01 1.189315068493150740e+01 1.189315068493150740e+01 1.189315068493150740e+01 1.189589041095890387e+01 1.189589041095890387e+01 1.189589041095890387e+01 1.189863013698630212e+01 1.189863013698630212e+01 1.189863013698630212e+01 1.190136986301369859e+01 1.190136986301369859e+01 1.190136986301369859e+01 1.190410958904109506e+01 1.190410958904109506e+01 1.190410958904109506e+01 1.190410958904109506e+01 1.190684931506849331e+01 1.190684931506849331e+01 1.190684931506849331e+01 1.190684931506849331e+01 1.190958904109588978e+01 1.190958904109588978e+01 1.190958904109588978e+01 1.190958904109588978e+01 1.191232876712328803e+01 1.191232876712328803e+01 1.191232876712328803e+01 1.191232876712328803e+01 1.191232876712328803e+01 1.191506849315068450e+01 1.191506849315068450e+01 1.191506849315068450e+01 1.191506849315068450e+01
0.000000000000000000e+00 0.000000000000000000e+00 0.000000000000000000e+00 0.000000000000000000e+00 0.000000000000000000e+00 0.000000000000000000e+00 0.000000000000000000e+00 6.084931506849314786e+01 3.485205479452054789e+01 2.685479452054794436e+01 2.285753424657534083e+01 1.986301369863013733e+01 1.886301369863013733e+01 1.686575342465753380e+01 1.586849315068493205e+01 1.487123287671232852e+01 1.487397260273972677e+01 1.387671232876712324e+01 1.387671232876712324e+01 1.387945205479451971e+01 1.288219178082191796e+01 1.288219178082191796e+01 1.188493150684931443e+01 1.188767123287671268e+01 1.188767123287671268e+01 1.189041095890410915e+01 1.189041095890410915e+01 1.189315068493150740e+01 1.189315068493150740e+01 1.189315068493150740e+01 1.189589041095890387e+01 1.189589041095890387e+01 1.189863013698630212e+01 1.189863013698630212e+01 1.189863013698630212e+01 1.190136986301369859e+01 1.190136986301369859e+01 1.090410958904109506e+01 1.090410958904109506e+01 1.090410958904109506e+01 1.190410958904109506e+01 1.090684931506849331e+01 1.090684931506849331e+01 1.090958904109588978e+01 1.090958904109588978e+01 1.090958904109588978e+01 1.190958904109588978e+01 1.190958904109588978e+01 1.191232876712328803e+01 1.191232876712328803e+01 1.191232876712328803e+01 1.191232876712328803e+01 1.191506849315068450e+01 1.191506849315068450e+01 1.191506849315068450e+01 1.191506849315068450e+01 1.191780821917808275e+01 1.191780821917808275e+01 1.191780821917808275e+01 1.191780821917808275e+01 1.192054794520547922e+01 1.192054794520547922e+01 1.192054794520547922e+01 1.192054794520547922e+01 1.192054794520547922e+01 1.192054794520547922e+01 1.192328767123287747e+01 1.192328767123287747e+01 1.192328767123287747e+01 1.192328767123287747e+01
0.000000000000000000e+00 0.000000000000000000e+00 0.000000000000000000e+00 0.000000000000000000e+00 0.000000000000000000e+00 1.208602739726027409e+02 4.286301369863013377e+01 2.986575342465753380e+01 2.387123287671233030e+01 2.087397260273972677e+01 1.887671232876712324e+01 1.787945205479451971e+01 1.687945205479451971e+01 1.588219178082191796e+01 1.488493150684931443e+01 1.388767123287671268e+01 1.389041095890410915e+01 1.389041095890410915e+01 1.289315068493150740e+01 1.289589041095890387e+01 1.189589041095890387e+01 1.189863013698630212e+01 1.189863013698630212e+01 1.090136986301369859e+01 1.090136986301369859e+01 1.090410958904109506e+01 1.090410958904109506e+01 1.090684931506849331e+01 1.090684931506849331e+01 1.090684931506849331e+01 1.090958904109588978e+01 1.090958904109588978e+01 1.091232876712328803e+01 1.091232876712328803e+01 1.091232876712328803e+01 1.091506849315068450e+01 1.091506849315068450e+01 1.091506849315068450e+01 1.091506849315068450e+01 1.091780821917808275e+01 1.091780821917808275e+01 1.091780821917808275e+01 1.092054794520547922e+01 1.092054794520547922e+01 1.092054794520547922e+01 1.092054794520547922e+01 1.092328767123287747e+01 1.092328767123287747e+01 1.092328767123287747e+01 1.092328767123287747e+01 1.092602739726027394e+01 1.092602739726027394e+01 1.092602739726027394e+01 1.092602739726027394e+01 1.092602739726027394e+01 1.092876712328767042e+01 1.092876712328767042e+01 1.092876712328767042e+01 1.092876712328767042e+01 1.092876712328767042e+01 1.093150684931506866e+01 1.093150684931506866e+01 1.093150684931506866e+01 1.193150684931506866e+01 1.193150684931506866e+01 1.193150684931506866e+01 1.193150684931506866e+01 1.193150684931506866e+01 1.193150684931506866e+01 1.193424657534246514e+01
0.000000000000000000e+00 0.000000000000000000e+00 0.000000000000000000e+00 0.000000000000000000e+00 5.887945205479451971e+01 3.488219178082191974e+01 2.588767123287671268e+01 2.189041095890410915e+01 1.989315068493150562e+01 1.789589041095890565e+01 1.689589041095890565e+01 1.589863013698630212e+01 1.490136986301369859e+01 1.390410958904109506e+01 1.390410958904109506e+01 1.290684931506849331e+01 1.290958904109588978e+01 1.290958904109588978e+01 1.291232876712328803e+01 1.191232876712328803e+01 1.191506849315068450e+01 1.091506849315068450e+01 1.091780821917808275e+01 1.091780821917808275e+01 1.091780821917808275e+01 1.092054794520547922e+01 1.092054794520547922e+01 1.092328767123287747e+01 1.092328767123287747e+01 1.092328767123287747e+01 1.092602739726027394e+01 1.092602739726027394e+01 1.092602739726027394e+01 1.092602739726027394e+01 1.092876712328767042e+01 1.092876712328767042e+01 1.092876712328767042e+01 1.092876712328767042e+01 1.093150684931506866e+01 1.093150684931506866e+01 1.093150684931506866e+01 1.093150684931506866e+01 1.093424657534246514e+01 1.093424657534246514e+01 1.093424657534246514e+01 1.093424657534246514e+01 1.093698630136986338e+01 1.093698630136986338e+01 1.093698630136986338e+01 1.093698630136986338e+01 1.093698630136986338e+01 1.093698630136986338e+01 1.093972602739725986e+01 1.093972602739725986e+01 1.093972602739725986e+01 1.093972602739725986e+01 1.093972602739725986e+01 1.094246575342465810e+01 1.094246575342465810e+01 1.094246575342465810e+01 1.094246575342465810e+01 1.094246575342465810e+01 1.094246575342465810e+01 1.094520547945205458e+01 1.094520547945205458e+01 1.094520547945205458e+01 1.094520547945205458e+01 1.094520547945205458e+01 1.094520547945205458e+01 1.094520547945205458e+01
0.000000000000000000e+00 0.000000000000000000e+00 1.049095890410958845e+02 4.391232876712328448e+01 3.091232876712328803e+01 2.391506849315068450e+01 2.091780821917808098e+01 1.892054794520548100e+01 1.692328767123287747e+01 1.592328767123287747e+01 1.492602739726027394e+01 1.392876712328767042e+01 1.392876712328767042e+01 1.293150684931506866e+01 1.193424657534246514e+01 1.193424657534246514e+01 1.193424657534246514e+01 1.193698630136986338e+01 1.093698630136986338e+01 1.093698630136986338e+01 1.093972602739725986e+01 9.939726027397259855e+00 9.942465753424658104e+00 9.942465753424658104e+00 9.942465753424658104e+00 9.942465753424658104e+00 9.945205479452054576e+00 9.945205479452054576e+00 9.945205479452054576e+00 9.945205479452054576e+00 9.947945205479452824e+00 9.947945205479452824e+00 9.947945205479452824e+00 9.947945205479452824e+00 9.947945205479452824e+00 9.950684931506849296e+00 9.950684931506849296e+00 9.950684931506849296e+00 9.950684931506849296e+00 9.950684931506849296e+00 9.950684931506849296e+00 9.953424657534245767e+00 9.953424657534245767e+00 9.953424657534245767e+00 9.953424657534245767e+00 9.953424657534245767e+00 9.956164383561644016e+00 9.956164383561644016e+00 9.956164383561644016e+00 9.956164383561644016e+00 9.956164383561644016e+00 9.956164383561644016e+00 9.956164383561644016e+00 9.958904109589040488e+00 9.958904109589040488e+00 9.958904109589040488e+00 1.075890410958904120e+01 1.076164383561643767e+01 1.075890410958904120e+01 1.075616438356164295e+01 1.074794520547945176e+01 1.074246575342465704e+01 1.074520547945205529e+01 1.074794520547945176e+01 1.075342465753424648e+01 1.075890410958904120e+01 1.076438356164383592e+01 1.077260273972602711e+01 1.078082191780821830e+01 1.078630136986301302e+01
0.000000000000000000e+00 7.454794520547945069e+01 3.551506849315068592e+01 2.743287671232876690e+01 2.239452054794520564e+01 1.847123287671232816e+01 1.643561643835616337e+01 1.454520547945205422e+01 1.355068493150684894e+01 1.337260273972602675e+01 1.247945205479452113e+01 1.150136986301369824e+01 1.151232876712328768e+01 1.052328767123287712e+01 1.043561643835616515e+01 1.043013698630137043e+01 1.056164383561643838e+01 1.050958904109589120e+01 9.509589041095891204e+00 9.460273972602740500e+00 9.410958904109589795e+00 8.430136986301370428e+00 8.397260273972602107e+00 8.380821917808219723e+00 8.619178082191780277e+00 8.671232876712329229e+00 8.660273972602739789e+00 8.641095890410959157e+00 8.624657534246574997e+00 8.608219178082192613e+00 8.599999999999999645e+00 8.597260273972603173e+00 8.599999999999999645e+00 8.602739726027397893e+00 8.605479452054794365e+00 8.610958904109589085e+00 8.619178082191780277e+00 8.627397260273973245e+00 8.643835616438355629e+00 8.663013698630136261e+00 8.687671232876711613e+00 8.715068493150685214e+00 9.301369863013698946e+00 9.252054794520548242e+00 9.252054794520548242e+00 9.257534246575342962e+00 9.265753424657534154e+00 9.271232876712328874e+00 9.279452054794520066e+00 9.284931506849314786e+00 9.290410958904109506e+00 9.293150684931505978e+00 9.295890410958904226e+00 9.298630136986300698e+00 9.301369863013698946e+00 9.304109589041095418e+00 9.723287671232876406e+00 9.723287671232876406e+00 9.720547945205479934e+00 9.720547945205479934e+00 9.720547945205479934e+00 9.726027397260274654e+00 9.728767123287671126e+00 9.734246575342465846e+00 9.739726027397260566e+00 9.742465753424657038e+00 9.750684931506850006e+00 9.756164383561642950e+00 9.761643835616437670e+00 9.769863013698630638e+00
0.000000000000000000e+00 7.152876712328766473e+01 3.450410958904109293e+01 2.648767123287671410e+01 2.146849315068493169e+01 1.839178082191780916e+01 1.556986301369862957e+01 1.449589041095890352e+01 1.350684931506849296e+01 1.257260273972602782e+01 1.244109589041095809e+01 1.149589041095890352e+01 1.149315068493150704e+01 1.049589041095890352e+01 1.041917808219178099e+01 1.053698630136986303e+01 1.054794520547945247e+01 9.550684931506848940e+00 9.493150684931507044e+00 9.443835616438356340e+00 9.394520547945205635e+00 8.416438356164382739e+00 8.386301369863014443e+00 8.394520547945205635e+00 8.668493150684930981e+00 8.671232876712329229e+00 8.654794520547945069e+00 8.635616438356164437e+00 8.619178082191780277e+00 8.605479452054794365e+00 8.597260273972603173e+00 8.594520547945204925e+00 8.594520547945204925e+00 8.597260273972603173e+00 8.602739726027397893e+00 8.608219178082192613e+00 8.613698630136985557e+00 8.624657534246574997e+00 8.641095890410959157e+00 8.660273972602739789e+00 8.684931506849315141e+00 8.712328767123286966e+00 8.745205479452055286e+00 9.254794520547944714e+00 9.246575342465753522e+00 9.249315068493149994e+00 9.254794520547944714e+00 9.263013698630137682e+00 9.268493150684930626e+00 9.273972602739725346e+00 9.279452054794520066e+00 9.284931506849314786e+00 9.287671232876713034e+00 9.290410958904109506e+00 9.293150684931505978e+00 9.295890410958904226e+00 9.298630136986300698e+00 9.736986301369862318e+00 9.736986301369862318e+00 9.734246575342465846e+00 9.731506849315069374e+00 9.731506849315069374e+00 9.731506849315069374e+00 9.734246575342465846e+00 9.739726027397260566e+00 9.742465753424657038e+00 9.747945205479451758e+00 9.753424657534246478e+00 9.758904109589041198e+00 9.767123287671232390e+00
0.000000000000000000e+00 6.848493150684932118e+01 3.349041095890410702e+01 2.554794520547945069e+01 2.054520547945205422e+01 1.749589041095890352e+01 1.550136986301369824e+01 1.444657534246575281e+01 1.345753424657534225e+01 1.254246575342465775e+01 1.239178082191780739e+01 1.151506849315068415e+01 1.146575342465753344e+01 1.047123287671232816e+01 1.040821917808219155e+01 1.056712328767123310e+01 1.053150684931506831e+01 9.531506849315068308e+00 9.476712328767122884e+00 9.424657534246575707e+00 9.378082191780821475e+00 8.405479452054795075e+00 8.383561643835616195e+00 8.526027397260273588e+00 8.679452054794520421e+00 8.668493150684930981e+00 8.649315068493150349e+00 8.630136986301369717e+00 8.613698630136985557e+00 8.599999999999999645e+00 8.591780821917808453e+00 8.589041095890410205e+00 8.591780821917808453e+00 8.594520547945204925e+00 8.599999999999999645e+00 8.605479452054794365e+00 8.610958904109589085e+00 8.621917808219178525e+00 8.638356164383560909e+00 8.657534246575343317e+00 8.679452054794520421e+00 8.709589041095890494e+00 8.742465753424657038e+00 9.268493150684930626e+00 9.243835616438357050e+00 9.241095890410958802e+00 9.246575342465753522e+00 9.252054794520548242e+00 9.257534246575342962e+00 9.265753424657534154e+00 9.271232876712328874e+00 9.273972602739725346e+00 9.279452054794520066e+00 9.282191780821918314e+00 9.284931506849314786e+00 9.287671232876713034e+00 9.290410958904109506e+00 9.290410958904109506e+00 9.745205479452055286e+00 9.747945205479451758e+00 9.747945205479451758e+00 9.742465753424657038e+00 9.739726027397260566e+00 9.739726027397260566e+00 9.742465753424657038e+00 9.745205479452055286e+00 9.750684931506850006e+00 9.753424657534246478e+00 9.758904109589041198e+00 9.764383561643835918e+00
0.000000000000000000e+00 6.453972602739726483e+01 3.247123287671232816e+01 2.542739726027397396e+01 2.041369863013698804e+01 1.740547945205479508e+01 1.543835616438356162e+01 1.439178082191780739e+01 1.340000000000000036e+01 1.250410958904109648e+01 1.152054794520547887e+01 1.151780821917808240e+01 1.054520547945205422e+01 1.044383561643835634e+01 1.041369863013698627e+01 1.056438356164383485e+01 1.050684931506849296e+01 9.512328767123287676e+00 9.457534246575342252e+00 9.405479452054795075e+00 9.356164383561644371e+00 8.394520547945205635e+00 8.391780821917807387e+00 8.668493150684930981e+00 8.679452054794520421e+00 8.665753424657534509e+00 8.643835616438355629e+00 8.624657534246574997e+00 8.608219178082192613e+00 8.594520547945204925e+00 8.586301369863013733e+00 8.586301369863013733e+00 8.586301369863013733e+00 8.589041095890410205e+00 8.594520547945204925e+00 8.599999999999999645e+00 8.605479452054794365e+00 8.616438356164383805e+00 8.632876712328767965e+00 8.654794520547945069e+00 8.676712328767123950e+00 8.706849315068494022e+00 8.739726027397260566e+00 9.326027397260274299e+00 9.246575342465753522e+00 9.235616438356164082e+00 9.238356164383562330e+00 9.241095890410958802e+00 9.249315068493149994e+00 9.254794520547944714e+00 9.260273972602739434e+00 9.265753424657534154e+00 9.268493150684930626e+00 9.271232876712328874e+00 9.276712328767123594e+00 9.276712328767123594e+00 9.279452054794520066e+00 9.282191780821918314e+00 9.747945205479451758e+00 9.753424657534246478e+00 9.758904109589041198e+00 9.761643835616437670e+00 9.758904109589041198e+00 9.753424657534246478e+00 9.750684931506850006e+00 9.750684931506850006e+00 9.753424657534246478e+00 9.756164383561642950e+00 9.758904109589041198e+00 9.764383561643835918e+00
0.000000000000000000e+00 6.055342465753424364e+01 3.144657534246575281e+01 2.444383561643835634e+01 1.947123287671232816e+01 1.650684931506849296e+01 1.458630136986301373e+01 1.355890410958904191e+01 1.260273972602739789e+01 1.244931506849315106e+01 1.150410958904109648e+01 1.149589041095890352e+01 1.050958904109589120e+01 1.041643835616438274e+01 1.050684931506849296e+01 1.054520547945205422e+01 9.553424657534247189e+00 9.490410958904108796e+00 9.435616438356165148e+00 9.383561643835616195e+00 8.413698630136986267e+00 8.386301369863014443e+00 8.504109589041096484e+00 8.687671232876711613e+00 8.679452054794520421e+00 8.657534246575343317e+00 8.638356164383560909e+00 8.619178082191780277e+00 8.602739726027397893e+00 8.589041095890410205e+00 8.583561643835617261e+00 8.580821917808219013e+00 8.583561643835617261e+00 8.586301369863013733e+00 8.589041095890410205e+00 8.594520547945204925e+00 8.602739726027397893e+00 8.613698630136985557e+00 8.630136986301369717e+00 8.649315068493150349e+00 8.673972602739725701e+00 8.701369863013699302e+00 8.736986301369862318e+00 9.339726027397260211e+00 9.268493150684930626e+00 9.235616438356164082e+00 9.230136986301369362e+00 9.232876712328767610e+00 9.238356164383562330e+00 9.243835616438357050e+00 9.249315068493149994e+00 9.252054794520548242e+00 9.257534246575342962e+00 9.263013698630137682e+00 9.265753424657534154e+00 9.268493150684930626e+00 9.271232876712328874e+00 9.271232876712328874e+00 9.273972602739725346e+00 9.756164383561642950e+00 9.761643835616437670e+00 9.767123287671232390e+00 9.769863013698630638e+00 9.772602739726027110e+00 9.772602739726027110e+00 9.767123287671232390e+00 9.764383561643835918e+00 9.761643835616437670e+00 9.764383561643835918e+00 9.767123287671232390e+00
0.000000000000000000e+00 5.649041095890410702e+01 2.956164383561643660e+01 2.343287671232876690e+01 1.852328767123287534e+01 1.639452054794520564e+01 1.449589041095890352e+01 1.348219178082191760e+01 1.255342465753424719e+01 1.237534246575342500e+01 1.152054794520547887e+01 1.145479452054794578e+01 1.047123287671232816e+01 1.040000000000000036e+01 1.056164383561643838e+01 1.052054794520547887e+01 9.528767123287671836e+00 9.465753424657533444e+00 9.410958904109589795e+00 9.358904109589040843e+00 8.402739726027396827e+00 8.402739726027396827e+00 8.676712328767123950e+00 8.690410958904109862e+00 8.673972602739725701e+00 8.652054794520548597e+00 8.630136986301369717e+00 8.613698630136985557e+00 8.597260273972603173e+00 8.583561643835617261e+00 8.578082191780822541e+00 8.575342465753424293e+00 8.578082191780822541e+00 8.580821917808219013e+00 8.583561643835617261e+00 8.589041095890410205e+00 8.597260273972603173e+00 8.608219178082192613e+00 8.624657534246574997e+00 8.646575342465753877e+00 8.668493150684930981e+00 8.698630136986301054e+00 8.731506849315069374e+00 8.758904109589041198e+00 9.323287671232876050e+00 9.243835616438357050e+00 9.227397260273972890e+00 9.224657534246574642e+00 9.227397260273972890e+00 9.230136986301369362e+00 9.235616438356164082e+00 9.241095890410958802e+00 9.246575342465753522e+00 9.249315068493149994e+00 9.254794520547944714e+00 9.257534246575342962e+00 9.260273972602739434e+00 9.263013698630137682e+00 9.263013698630137682e+00 9.265753424657534154e+00 9.761643835616437670e+00 9.767123287671232390e+00 9.772602739726027110e+00 9.778082191780821830e+00 9.780821917808218302e+00 9.783561643835616550e+00 9.783561643835616550e+00 9.780821917808218302e+00 9.778082191780821830e+00 9.775342465753425358e+00
0.000000000000000000e+00 5.149589041095890707e+01 2.850958904109588943e+01 2.237260273972602675e+01 1.757260273972602604e+01 1.549315068493150704e+01 1.439452054794520564e+01 1.338630136986301444e+01 1.248767123287671232e+01 1.152602739726027359e+01 1.150410958904109648e+01 1.053972602739725950e+01 1.043013698630137043e+01 1.042465753424657571e+01 1.055068493150684894e+01 9.572602739726027821e+00 9.501369863013698236e+00 9.441095890410958091e+00 9.383561643835616195e+00 9.331506849315069019e+00 8.397260273972602107e+00 8.553424657534247189e+00 8.698630136986301054e+00 8.687671232876711613e+00 8.665753424657534509e+00 8.643835616438355629e+00 8.624657534246574997e+00 8.608219178082192613e+00 8.591780821917808453e+00 8.578082191780822541e+00 8.572602739726027821e+00 8.569863013698629572e+00 8.572602739726027821e+00 8.575342465753424293e+00 8.578082191780822541e+00 8.583561643835617261e+00 8.591780821917808453e+00 8.602739726027397893e+00 8.619178082191780277e+00 8.641095890410959157e+00 8.665753424657534509e+00 8.693150684931506333e+00 8.726027397260274654e+00 8.756164383561642950e+00 9.328767123287670771e+00 9.304109589041095418e+00 9.232876712328767610e+00 9.219178082191781698e+00 9.216438356164383450e+00 9.219178082191781698e+00 9.221917808219178170e+00 9.227397260273972890e+00 9.232876712328767610e+00 9.235616438356164082e+00 9.241095890410958802e+00 9.243835616438357050e+00 9.246575342465753522e+00 9.249315068493149994e+00 9.252054794520548242e+00 9.254794520547944714e+00 9.257534246575342962e+00 9.767123287671232390e+00 9.772602739726027110e+00 9.778082191780821830e+00 9.783561643835616550e+00 9.789041095890411270e+00 9.791780821917807742e+00 9.794520547945205990e+00 9.797260273972602462e+00 9.797260273972602462e+00
0.000000000000000000e+00 4.553972602739725772e+01 2.741095890410958802e+01 2.050958904109588943e+01 1.661095890410958731e+01 1.462191780821917853e+01 1.354794520547945247e+01 1.259178082191780845e+01 1.238356164383561620e+01 1.152602739726027359e+01 1.144657534246575281e+01 1.048219178082191760e+01 1.039726027397260211e+01 1.053972602739725950e+01 1.051506849315068415e+01 9.536986301369863028e+00 9.468493150684931692e+00 9.408219178082191547e+00 9.353424657534246123e+00 9.298630136986300698e+00 8.463013698630136972e+00 8.701369863013699302e+00 8.701369863013699302e+00 8.679452054794520421e+00 8.654794520547945069e+00 8.635616438356164437e+00 8.616438356164383805e+00 8.599999999999999645e+00 8.586301369863013733e+00 8.572602739726027821e+00 8.567123287671233101e+00 8.564383561643834852e+00 8.567123287671233101e+00 8.569863013698629572e+00 8.572602739726027821e+00 8.578082191780822541e+00 8.583561643835617261e+00 8.594520547945204925e+00 8.613698630136985557e+00 8.635616438356164437e+00 8.660273972602739789e+00 8.687671232876711613e+00 8.720547945205479934e+00 8.750684931506850006e+00 9.323287671232876050e+00 9.317808219178081330e+00 9.287671232876713034e+00 9.224657534246574642e+00 9.210958904109588730e+00 9.208219178082192258e+00 9.210958904109588730e+00 9.213698630136986978e+00 9.216438356164383450e+00 9.221917808219178170e+00 9.224657534246574642e+00 9.230136986301369362e+00 9.232876712328767610e+00 9.235616438356164082e+00 9.241095890410958802e+00 9.241095890410958802e+00 9.243835616438357050e+00 9.246575342465753522e+00 9.769863013698630638e+00 9.775342465753425358e+00 9.783561643835616550e+00 9.789041095890411270e+00 9.794520547945205990e+00 9.797260273972602462e+00 9.802739726027397182e+00 9.805479452054793654e+00
0.000000000000000000e+00 3.852054794520547887e+01 2.461095890410958731e+01 1.861643835616438380e+01 1.561917808219178028e+01 1.441369863013698627e+01 1.337808219178082147e+01 1.247397260273972641e+01 1.154520547945205422e+01 1.148493150684931585e+01 1.052876712328767184e+01 1.042191780821917746e+01 1.042739726027397218e+01 1.053150684931506831e+01 9.572602739726027821e+00 9.495890410958903516e+00 9.432876712328766899e+00 9.372602739726026755e+00 9.315068493150684859e+00 9.260273972602739434e+00 8.693150684931506333e+00 8.715068493150685214e+00 8.693150684931506333e+00 8.668493150684930981e+00 8.646575342465753877e+00 8.624657534246574997e+00 8.608219178082192613e+00 8.591780821917808453e+00 8.578082191780822541e+00 8.564383561643834852e+00 8.558904109589041909e+00 8.558904109589041909e+00 8.558904109589041909e+00 8.561643835616438380e+00 8.564383561643834852e+00 8.569863013698629572e+00 8.575342465753424293e+00 8.586301369863013733e+00 8.605479452054794365e+00 8.630136986301369717e+00 8.657534246575343317e+00 8.684931506849315141e+00 8.715068493150685214e+00 8.742465753424657038e+00 8.767123287671232390e+00 9.315068493150684859e+00 9.309589041095890138e+00 9.282191780821918314e+00 9.219178082191781698e+00 9.202739726027397538e+00 9.199999999999999289e+00 9.199999999999999289e+00 9.202739726027397538e+00 9.205479452054794010e+00 9.208219178082192258e+00 9.213698630136986978e+00 9.216438356164383450e+00 9.221917808219178170e+00 9.224657534246574642e+00 9.227397260273972890e+00 9.230136986301369362e+00 9.232876712328767610e+00 9.232876712328767610e+00 9.235616438356164082e+00 9.778082191780821830e+00 9.783561643835616550e+00 9.791780821917807742e+00 9.797260273972602462e+00 9.802739726027397182e+00 9.805479452054793654e+00
0.000000000000000000e+00 2.940547945205479508e+01 2.060000000000000142e+01 1.653698630136986125e+01 1.453698630136986303e+01 1.344931506849315106e+01 1.252054794520547887e+01 1.160273972602739789e+01 1.149315068493150704e+01 1.056438356164383485e+01 1.043561643835616515e+01 1.039452054794520564e+01 1.051232876712328768e+01 9.608219178082192613e+00 9.517808219178082396e+00 9.446575342465752811e+00 9.383561643835616195e+00 9.326027397260274299e+00 9.265753424657534154e+00 9.210958904109588730e+00 8.731506849315069374e+00 8.709589041095890494e+00 8.682191780821918670e+00 8.654794520547945069e+00 8.632876712328767965e+00 8.613698630136985557e+00 8.597260273972603173e+00 8.583561643835617261e+00 8.569863013698629572e+00 8.556164383561643660e+00 8.550684931506848940e+00 8.550684931506848940e+00 8.550684931506848940e+00 8.553424657534247189e+00 8.556164383561643660e+00 8.561643835616438380e+00 8.567123287671233101e+00 8.578082191780822541e+00 8.597260273972603173e+00 8.621917808219178525e+00 8.649315068493150349e+00 8.679452054794520421e+00 8.709589041095890494e+00 8.736986301369862318e+00 8.758904109589041198e+00 9.304109589041095418e+00 9.304109589041095418e+00 9.298630136986300698e+00 9.287671232876713034e+00 9.224657534246574642e+00 9.199999999999999289e+00 9.189041095890411626e+00 9.186301369863013377e+00 9.189041095890411626e+00 9.189041095890411626e+00 9.191780821917808098e+00 9.197260273972602818e+00 9.199999999999999289e+00 9.202739726027397538e+00 9.208219178082192258e+00 9.210958904109588730e+00 9.213698630136986978e+00 9.216438356164383450e+00 9.219178082191781698e+00 9.219178082191781698e+00 9.221917808219178170e+00 9.783561643835616550e+00 9.791780821917807742e+00 9.797260273972602462e+00 9.802739726027397182e+00
-1.000000000000000000e+00 -1.000000000000000000e+00 1.618356164383561691e+01 1.440821917808219155e+01 1.332876712328767077e+01 1.245205479452054753e+01 1.161643835616438380e+01 1.144657534246575281e+01 1.056438356164383485e+01 1.043287671232876690e+01 1.039726027397260211e+01 1.045205479452054753e+01 9.627397260273973245e+00 9.528767123287671836e+00 9.452054794520547532e+00 9.386301369863014443e+00 9.323287671232876050e+00 9.257534246575342962e+00 9.194520547945206346e+00 8.756164383561642950e+00 8.723287671232876406e+00 8.690410958904109862e+00 8.663013698630136261e+00 8.641095890410959157e+00 8.619178082191780277e+00 8.602739726027397893e+00 8.586301369863013733e+00 8.572602739726027821e+00 8.558904109589041909e+00 8.547945205479452468e+00 8.542465753424657748e+00 8.542465753424657748e+00 8.542465753424657748e+00 8.542465753424657748e+00 8.545205479452054220e+00 8.550684931506848940e+00 8.556164383561643660e+00 8.567123287671233101e+00 8.586301369863013733e+00 8.610958904109589085e+00 8.641095890410959157e+00 8.671232876712329229e+00 8.701369863013699302e+00 8.728767123287671126e+00 8.750684931506850006e+00 8.772602739726027110e+00 9.290410958904109506e+00 9.290410958904109506e+00 9.290410958904109506e+00 9.284931506849314786e+00 9.263013698630137682e+00 9.205479452054794010e+00 9.183561643835616906e+00 9.175342465753423937e+00 9.172602739726027465e+00 9.172602739726027465e+00 9.172602739726027465e+00 9.175342465753423937e+00 9.178082191780822185e+00 9.180821917808218657e+00 9.183561643835616906e+00 9.189041095890411626e+00 9.191780821917808098e+00 9.194520547945206346e+00 9.197260273972602818e+00 9.199999999999999289e+00 9.202739726027397538e+00 9.202739726027397538e+00 9.205479452054794010e+00 9.794520547945205990e+00
-1.000000000000000000e+00 -1.000000000000000000e+00 -1.000000000000000000e+00 1.303561643835616479e+01 1.231780821917808133e+01 1.159726027397260317e+01 1.136164383561643909e+01 1.058904109589041020e+01 1.043835616438356162e+01 1.038082191780821972e+01 1.037534246575342500e+01 9.643835616438355629e+00 9.539726027397259500e+00 9.457534246575342252e+00 9.389041095890410915e+00 9.323287671232876050e+00 9.254794520547944714e+00 9.183561643835616906e+00 8.791780821917807742e+00 8.736986301369862318e+00 8.701369863013699302e+00 8.673972602739725701e+00 8.646575342465753877e+00 8.624657534246574997e+00 8.608219178082192613e+00 8.589041095890410205e+00 8.575342465753424293e+00 8.561643835616438380e+00 8.550684931506848940e+00 8.539726027397259500e+00 8.534246575342466556e+00 8.531506849315068308e+00 8.531506849315068308e+00 8.531506849315068308e+00 8.534246575342466556e+00 8.536986301369863028e+00 8.542465753424657748e+00 8.553424657534247189e+00 8.575342465753424293e+00 8.602739726027397893e+00 8.632876712328767965e+00 8.663013698630136261e+00 8.695890410958904582e+00 8.720547945205479934e+00 8.742465753424657038e+00 8.764383561643835918e+00 8.786301369863013022e+00 9.276712328767123594e+00 9.279452054794520066e+00 9.279452054794520066e+00 9.276712328767123594e+00 9.268493150684930626e+00 9.241095890410958802e+00 9.189041095890411626e+00 9.169863013698630994e+00 9.158904109589041553e+00 9.153424657534246833e+00 9.153424657534246833e+00 9.153424657534246833e+00 9.153424657534246833e+00 9.156164383561643305e+00 9.158904109589041553e+00 9.161643835616438025e+00 9.167123287671232745e+00 9.169863013698630994e+00 9.172602739726027465e+00 9.175342465753423937e+00 9.178082191780822185e+00 9.180821917808218657e+00 9.183561643835616906e+00
-1.000000000000000000e+00 -1.000000000000000000e+00 -1.000000000000000000e+00 -1.000000000000000000e+00 1.154246575342465775e+01 1.118356164383561691e+01 1.064383561643835563e+01 1.044109589041095809e+01 1.033424657534246549e+01 1.024383561643835705e+01 9.652054794520548597e+00 9.553424657534247189e+00 9.468493150684931692e+00 9.394520547945205635e+00 9.326027397260274299e+00 9.254794520547944714e+00 9.175342465753423937e+00 8.846575342465753167e+00 8.758904109589041198e+00 8.715068493150685214e+00 8.682191780821918670e+00 8.654794520547945069e+00 8.632876712328767965e+00 8.610958904109589085e+00 8.594520547945204925e+00 8.578082191780822541e+00 8.564383561643834852e+00 8.550684931506848940e+00 8.539726027397259500e+00 8.528767123287671836e+00 8.523287671232877116e+00 8.520547945205478868e+00 8.520547945205478868e+00 8.520547945205478868e+00 8.523287671232877116e+00 8.526027397260273588e+00 8.531506849315068308e+00 8.542465753424657748e+00 8.564383561643834852e+00 8.591780821917808453e+00 8.621917808219178525e+00 8.657534246575343317e+00 8.690410958904109862e+00 8.712328767123286966e+00 8.734246575342465846e+00 8.756164383561642950e+00 8.778082191780821830e+00 8.800000000000000711e+00 9.263013698630137682e+00 9.265753424657534154e+00 9.265753424657534154e+00 9.265753424657534154e+00 9.263013698630137682e+00 9.254794520547944714e+00 9.221917808219178170e+00 9.175342465753423937e+00 9.153424657534246833e+00 9.142465753424657393e+00 9.134246575342466201e+00 9.128767123287671481e+00 9.126027397260273233e+00 8.783561643835616550e+00 8.786301369863013022e+00 8.791780821917807742e+00 8.794520547945205990e+00 8.800000000000000711e+00 8.805479452054793654e+00 8.813698630136986623e+00 8.819178082191781343e+00 8.824657534246576063e+00
-1.000000000000000000e+00 -1.000000000000000000e+00 -1.000000000000000000e+00 -1.000000000000000000e+00 -1.000000000000000000e+00 1.070136986301369930e+01 1.043013698630137043e+01 1.025205479452054824e+01 9.950684931506849296e+00 9.676712328767123950e+00 9.561643835616438380e+00 9.479452054794521132e+00 9.402739726027396827e+00 9.331506849315069019e+00 9.257534246575342962e+00 9.175342465753423937e+00 8.967123287671233456e+00 8.789041095890411270e+00 8.728767123287671126e+00 8.690410958904109862e+00 8.663013698630136261e+00 8.638356164383560909e+00 8.616438356164383805e+00 8.597260273972603173e+00 8.580821917808219013e+00 8.567123287671233101e+00 8.553424657534247189e+00 8.539726027397259500e+00 8.528767123287671836e+00 8.520547945205478868e+00 8.515068493150684148e+00 8.512328767123287676e+00 8.509589041095891204e+00 8.509589041095891204e+00 8.512328767123287676e+00 8.515068493150684148e+00 8.517808219178082396e+00 8.528767123287671836e+00 8.550684931506848940e+00 8.580821917808219013e+00 8.613698630136985557e+00 8.649315068493150349e+00 8.684931506849315141e+00 8.709589041095890494e+00 8.728767123287671126e+00 8.750684931506850006e+00 8.769863013698630638e+00 8.789041095890411270e+00 9.246575342465753522e+00 9.252054794520548242e+00 9.254794520547944714e+00 9.254794520547944714e+00 9.254794520547944714e+00 9.254794520547944714e+00 9.252054794520548242e+00 9.243835616438357050e+00 9.205479452054794010e+00 9.161643835616438025e+00 9.136986301369862673e+00 9.120547945205480289e+00 9.104109589041096129e+00 8.800000000000000711e+00 8.789041095890411270e+00 8.789041095890411270e+00 8.791780821917807742e+00 8.794520547945205990e+00 8.800000000000000711e+00 8.805479452054793654e+00 8.808219178082191902e+00 8.813698630136986623e+00
-1.000000000000000000e+00 -1.000000000000000000e+00 -1.000000000000000000e+00 -1.000000000000000000e+00 -1.000000000000000000e+00 -1.000000000000000000e+00 -1.000000000000000000e+00 9.967123287671233456e+00 9.731506849315069374e+00 9.583561643835617261e+00 9.484931506849315852e+00 9.410958904109589795e+00 9.339726027397260211e+00 9.263013698630137682e+00 9.180821917808218657e+00 9.041095890410959512e+00 8.827397260273972535e+00 8.747945205479451758e+00 8.701369863013699302e+00 8.668493150684930981e+00 8.643835616438355629e+00 8.621917808219178525e+00 8.599999999999999645e+00 8.583561643835617261e+00 8.567123287671233101e+00 8.553424657534247189e+00 8.542465753424657748e+00 8.531506849315068308e+00 8.520547945205478868e+00 8.509589041095891204e+00 8.504109589041096484e+00 8.501369863013698236e+00 8.498630136986301764e+00 8.498630136986301764e+00 8.498630136986301764e+00 8.501369863013698236e+00 8.504109589041096484e+00 8.515068493150684148e+00 8.534246575342466556e+00 8.567123287671233101e+00 8.605479452054794365e+00 8.641095890410959157e+00 8.679452054794520421e+00 8.704109589041095774e+00 8.726027397260274654e+00 8.745205479452055286e+00 8.764383561643835918e+00 8.783561643835616550e+00 8.802739726027397182e+00 9.235616438356164082e+00 9.238356164383562330e+00 9.241095890410958802e+00 9.243835616438357050e+00 9.243835616438357050e+00 9.243835616438357050e+00 9.243835616438357050e+00 9.238356164383562330e+00 9.230136986301369362e+00 9.191780821917808098e+00 9.145205479452055641e+00 9.117808219178082041e+00 9.090410958904110217e+00 8.868493150684932047e+00 8.800000000000000711e+00 8.794520547945205990e+00 8.794520547945205990e+00 8.797260273972602462e+00 8.800000000000000711e+00 8.802739726027397182e+00 8.808219178082191902e+00
-1.000000000000000000e+00 -1.000000000000000000e+00 -1.000000000000000000e+00 -1.000000000000000000e+00 -1.000000000000000000e+00 -1.000000000000000000e+00 -1.000000000000000000e+00 -1.000000000000000000e+00 9.632876712328767965e+00 9.506849315068492956e+00 9.416438356164382739e+00 9.345205479452054931e+00 9.271232876712328874e+00 9.186301369863013377e+00 9.071232876712329585e+00 8.882191780821917959e+00 8.775342465753425358e+00 8.717808219178081686e+00 8.679452054794520421e+00 8.649315068493150349e+00 8.624657534246574997e+00 8.605479452054794365e+00 8.586301369863013733e+00 8.569863013698629572e+00 8.556164383561643660e+00 8.542465753424657748e+00 8.531506849315068308e+00 8.520547945205478868e+00 8.509589041095891204e+00 8.498630136986301764e+00 8.493150684931507044e+00 8.490410958904108796e+00 8.487671232876712324e+00 8.487671232876712324e+00 8.487671232876712324e+00 8.487671232876712324e+00 8.493150684931507044e+00 8.498630136986301764e+00 8.515068493150684148e+00 8.550684931506848940e+00 8.597260273972603173e+00 8.635616438356164437e+00 8.673972602739725701e+00 8.701369863013699302e+00 8.720547945205479934e+00 8.739726027397260566e+00 8.758904109589041198e+00 8.778082191780821830e+00 8.797260273972602462e+00 8.819178082191781343e+00 9.221917808219178170e+00 9.227397260273972890e+00 9.230136986301369362e+00 9.232876712328767610e+00 9.232876712328767610e+00 9.235616438356164082e+00 9.232876712328767610e+00 9.232876712328767610e+00 9.230136986301369362e+00 9.219178082191781698e+00 9.180821917808218657e+00 9.131506849315067953e+00 9.093150684931506689e+00 9.027397260273971824e+00 8.838356164383561975e+00 8.802739726027397182e+00 8.797260273972602462e+00 8.800000000000000711e+00 8.802739726027397182e+00 8.805479452054793654e+00
-1.000000000000000000e+00 -1.000000000000000000e+00 -1.000000000000000000e+00 -1.000000000000000000e+00 -1.000000000000000000e+00 -1.000000000000000000e+00 -1.000000000000000000e+00 -1.000000000000000000e+00 -1.000000000000000000e+00 9.424657534246575707e+00 9.342465753424656683e+00 9.273972602739725346e+00 9.191780821917808098e+00 9.090410958904110217e+00 8.942465753424658104e+00 8.810958904109588374e+00 8.736986301369862318e+00 8.690410958904109862e+00 8.657534246575343317e+00 8.630136986301369717e+00 8.608219178082192613e+00 8.589041095890410205e+00 8.572602739726027821e+00 8.556164383561643660e+00 8.542465753424657748e+00 8.531506849315068308e+00 8.517808219178082396e+00 8.509589041095891204e+00 8.498630136986301764e+00 8.490410958904108796e+00 8.482191780821917604e+00 8.479452054794521132e+00 8.476712328767122884e+00 8.473972602739726412e+00 8.473972602739726412e+00 8.476712328767122884e+00 8.479452054794521132e+00 8.482191780821917604e+00 8.495890410958903516e+00 8.531506849315068308e+00 8.589041095890410205e+00 8.632876712328767965e+00 8.671232876712329229e+00 8.698630136986301054e+00 8.720547945205479934e+00 8.736986301369862318e+00 8.756164383561642950e+00 8.775342465753425358e+00 8.794520547945205990e+00 8.813698630136986623e+00 9.202739726027397538e+00 9.210958904109588730e+00 9.213698630136986978e+00 9.219178082191781698e+00 9.221917808219178170e+00 9.221917808219178170e+00 9.224657534246574642e+00 9.224657534246574642e+00 9.224657534246574642e+00 9.221917808219178170e+00 9.219178082191781698e+00 9.210958904109588730e+00 9.169863013698630994e+00 9.115068493150685569e+00 9.063013698630136616e+00 8.909589041095889783e+00 8.824657534246576063e+00 8.805479452054793654e+00 8.802739726027397182e+00 8.805479452054793654e+00
-1.000000000000000000e+00 -1.000000000000000000e+00 -1.000000000000000000e+00 -1.000000000000000000e+00 -1.000000000000000000e+00 -1.000000000000000000e+00 -1.000000000000000000e+00 -1.000000000000000000e+00 -1.000000000000000000e+00 -1.000000000000000000e+00 9.252054794520548242e+00 9.189041095890411626e+00 9.101369863013697881e+00 8.986301369863014088e+00 8.857534246575342607e+00 8.764383561643835918e+00 8.706849315068494022e+00 8.668493150684930981e+00 8.638356164383560909e+00 8.613698630136985557e+00 8.591780821917808453e+00 8.572602739726027821e+00 8.556164383561643660e+00 8.542465753424657748e+00 8.528767123287671836e+00 8.517808219178082396e+00 8.506849315068492956e+00 8.498630136986301764e+00 8.487671232876712324e+00 8.479452054794521132e+00 8.473972602739726412e+00 8.468493150684931692e+00 8.465753424657533444e+00 8.463013698630136972e+00 8.463013698630136972e+00 8.463013698630136972e+00 8.465753424657533444e+00 8.465753424657533444e+00 8.473972602739726412e+00 8.495890410958903516e+00 8.578082191780822541e+00 8.630136986301369717e+00 8.668493150684930981e+00 8.698630136986301054e+00 8.720547945205479934e+00 8.736986301369862318e+00 8.756164383561642950e+00 8.772602739726027110e+00 8.791780821917807742e+00 8.810958904109588374e+00 8.832876712328767255e+00 9.191780821917808098e+00 9.197260273972602818e+00 9.202739726027397538e+00 9.205479452054794010e+00 9.210958904109588730e+00 9.210958904109588730e+00 9.213698630136986978e+00 9.213698630136986978e+00 9.213698630136986978e+00 9.213698630136986978e+00 9.210958904109588730e+00 9.208219178082192258e+00 9.199999999999999289e+00 9.161643835616438025e+00 9.101369863013697881e+00 9.021917808219178880e+00 8.895890410958903871e+00 8.821917808219177815e+00 8.810958904109588374e+00
-1.000000000000000000e+00 -1.000000000000000000e+00 -1.000000000000000000e+00 -1.000000000000000000e+00 -1.000000000000000000e+00 -1.000000000000000000e+00 -1.000000000000000000e+00 -1.000000000000000000e+00 -1.000000000000000000e+00 -1.000000000000000000e+00 -1.000000000000000000e+00 9.104109589041096129e+00 9.013698630136985912e+00 8.904109589041095063e+00 8.802739726027397182e+00 8.731506849315069374e+00 8.682191780821918670e+00 8.643835616438355629e+00 8.616438356164383805e+00 8.594520547945204925e+00 8.575342465753424293e+00 8.556164383561643660e+00 8.542465753424657748e+00 8.528767123287671836e+00 8.515068493150684148e+00 8.504109589041096484e+00 8.495890410958903516e+00 8.484931506849315852e+00 8.476712328767122884e+00 8.468493150684931692e+00 8.460273972602740500e+00 8.457534246575342252e+00 8.452054794520547532e+00 8.452054794520547532e+00 8.449315068493151060e+00 8.449315068493151060e+00 8.449315068493151060e+00 8.449315068493151060e+00 8.452054794520547532e+00 8.452054794520547532e+00 8.569863013698629572e+00 8.630136986301369717e+00 8.671232876712329229e+00 8.698630136986301054e+00 8.720547945205479934e+00 8.739726027397260566e+00 8.758904109589041198e+00 8.775342465753425358e+00 8.794520547945205990e+00 8.813698630136986623e+00 8.835616438356163727e+00 9.172602739726027465e+00 9.180821917808218657e+00 9.186301369863013377e+00 9.191780821917808098e+00 9.194520547945206346e+00 9.197260273972602818e+00 9.199999999999999289e+00 9.202739726027397538e+00 9.205479452054794010e+00 9.205479452054794010e+00 9.205479452054794010e+00 9.205479452054794010e+00 9.202739726027397538e+00 9.199999999999999289e+00 9.191780821917808098e+00 9.158904109589041553e+00 9.090410958904110217e+00 8.991780821917808808e+00 8.893150684931507399e+00
-1.000000000000000000e+00 -1.000000000000000000e+00 -1.000000000000000000e+00 -1.000000000000000000e+00 -1.000000000000000000e+00 -1.000000000000000000e+00 -1.000000000000000000e+00 -1.000000000000000000e+00 -1.000000000000000000e+00 -1.000000000000000000e+00 -1.000000000000000000e+00 -1.000000000000000000e+00 -1.000000000000000000e+00 8.852054794520547887e+00 8.767123287671232390e+00 8.701369863013699302e+00 8.654794520547945069e+00 8.621917808219178525e+00 8.594520547945204925e+00 8.572602739726027821e+00 8.556164383561643660e+00 8.539726027397259500e+00 8.526027397260273588e+00 8.512328767123287676e+00 8.501369863013698236e+00 8.490410958904108796e+00 8.482191780821917604e+00 8.473972602739726412e+00 8.465753424657533444e+00 8.457534246575342252e+00 8.449315068493151060e+00 8.443835616438356340e+00 8.441095890410958091e+00 8.438356164383561620e+00 8.435616438356165148e+00 8.435616438356165148e+00 8.435616438356165148e+00 8.432876712328766899e+00 8.430136986301370428e+00 8.421917808219177459e+00 8.394520547945205635e+00 8.635616438356164437e+00 8.676712328767123950e+00 8.704109589041095774e+00 8.726027397260274654e+00 8.745205479452055286e+00 8.764383561643835918e+00 8.780821917808218302e+00 8.800000000000000711e+00 8.819178082191781343e+00 8.841095890410958447e+00 9.153424657534246833e+00 9.161643835616438025e+00 9.167123287671232745e+00 9.172602739726027465e+00 9.178082191780822185e+00 9.183561643835616906e+00 9.186301369863013377e+00 9.189041095890411626e+00 9.191780821917808098e+00 9.191780821917808098e+00 9.194520547945206346e+00 9.194520547945206346e+00 9.194520547945206346e+00 9.194520547945206346e+00 9.191780821917808098e+00 9.189041095890411626e+00 9.183561643835616906e+00 9.164383561643836273e+00 9.090410958904110217e+00
-1.000000000000000000e+00 -1.000000000000000000e+00 -1.000000000000000000e+00 -1.000000000000000000e+00 -1.000000000000000000e+00 -1.000000000000000000e+00 -1.000000000000000000e+00 -1.000000000000000000e+00 -1.000000000000000000e+00 -1.000000000000000000e+00 -1.000000000000000000e+00 -1.000000000000000000e+00 -1.000000000000000000e+00 -1.000000000000000000e+00 8.747945205479451758e+00 8.682191780821918670e+00 8.635616438356164437e+00 8.599999999999999645e+00 8.575342465753424293e+00 8.553424657534247189e+00 8.536986301369863028e+00 8.523287671232877116e+00 8.509589041095891204e+00 8.498630136986301764e+00 8.487671232876712324e+00 8.476712328767122884e+00 8.468493150684931692e+00 8.460273972602740500e+00 8.452054794520547532e+00 8.446575342465752811e+00 8.438356164383561620e+00 8.432876712328766899e+00 8.427397260273972179e+00 8.424657534246575707e+00 8.421917808219177459e+00 8.419178082191780987e+00 8.419178082191780987e+00 8.416438356164382739e+00 8.410958904109589795e+00 8.397260273972602107e+00 8.372602739726026755e+00 8.646575342465753877e+00 8.690410958904109862e+00 8.715068493150685214e+00 8.736986301369862318e+00 8.756164383561642950e+00 8.772602739726027110e+00 8.791780821917807742e+00 8.810958904109588374e+00 8.832876712328767255e+00 9.123287671232876761e+00 9.134246575342466201e+00 9.145205479452055641e+00 9.150684931506848585e+00 9.158904109589041553e+00 9.164383561643836273e+00 9.167123287671232745e+00 9.172602739726027465e+00 9.175342465753423937e+00 9.178082191780822185e+00 9.180821917808218657e+00 9.183561643835616906e+00 9.183561643835616906e+00 9.186301369863013377e+00 9.186301369863013377e+00 9.186301369863013377e+00 9.186301369863013377e+00 9.183561643835616906e+00 9.180821917808218657e+00 9.175342465753423937e+00
-1.000000000000000000e+00 -1.000000000000000000e+00 -1.000000000000000000e+00 -1.000000000000000000e+00 -1.000000000000000000e+00 -1.000000000000000000e+00 -1.000000000000000000e+00 -1.000000000000000000e+00 -1.000000000000000000e+00 -1.000000000000000000e+00 -1.000000000000000000e+00 -1.000000000000000000e+00 -1.000000000000000000e+00 -1.000000000000000000e+00 -1.000000000000000000e+00 8.671232876712329229e+00 8.619178082191780277e+00 8.583561643835617261e+00 8.556164383561643660e+00 8.536986301369863028e+00 8.520547945205478868e+00 8.506849315068492956e+00 8.493150684931507044e+00 8.482191780821917604e+00 8.473972602739726412e+00 8.463013698630136972e+00 8.457534246575342252e+00 8.449315068493151060e+00 8.441095890410958091e+00 8.435616438356165148e+00 8.427397260273972179e+00 8.421917808219177459e+00 8.416438356164382739e+00 8.410958904109589795e+00 8.408219178082191547e+00 8.405479452054795075e+00 8.405479452054795075e+00 8.400000000000000355e+00 8.391780821917807387e+00 8.378082191780821475e+00 8.350684931506849651e+00 8.298630136986300698e+00 8.706849315068494022e+00 8.731506849315069374e+00 8.753424657534246478e+00 8.772602739726027110e+00 8.791780821917807742e+00 8.810958904109588374e+00 8.835616438356163727e+00 9.093150684931506689e+00 9.106849315068492601e+00 9.117808219178082041e+00 9.128767123287671481e+00 9.136986301369862673e+00 9.142465753424657393e+00 9.147945205479452113e+00 9.153424657534246833e+00 9.158904109589041553e+00 9.161643835616438025e+00 9.164383561643836273e+00 9.167123287671232745e+00 9.169863013698630994e+00 9.172602739726027465e+00 9.175342465753423937e+00 9.175342465753423937e+00 9.178082191780822185e+00 9.178082191780822185e+00 9.178082191780822185e+00 9.175342465753423937e+00 9.175342465753423937e+00
-1.000000000000000000e+00 -1.000000000000000000e+00 -1.000000000000000000e+00 -1.000000000000000000e+00 -1.000000000000000000e+00 -1.000000000000000000e+00 -1.000000000000000000e+00 -1.000000000000000000e+00 -1.000000000000000000e+00 -1.000000000000000000e+00 -1.000000000000000000e+00 -1.000000000000000000e+00 -1.000000000000000000e+00 -1.000000000000000000e+00 -1.000000000000000000e+00 -1.000000000000000000e+00 8.610958904109589085e+00 8.569863013698629572e+00 8.539726027397259500e+00 8.520547945205478868e+00 8.504109589041096484e+00 8.490410958904108796e+00 8.479452054794521132e+00 8.468493150684931692e+00 8.460273972602740500e+00 8.452054794520547532e+00 8.443835616438356340e+00 8.435616438356165148e+00 8.430136986301370428e+00 8.424657534246575707e+00 8.416438356164382739e+00 8.410958904109589795e+00 8.402739726027396827e+00 8.400000000000000355e+00 8.397260273972602107e+00 8.391780821917807387e+00 8.389041095890410915e+00 8.386301369863014443e+00 8.375342465753425003e+00 8.358904109589040843e+00 8.328767123287670771e+00 8.276712328767123594e+00 8.728767123287671126e+00 8.753424657534246478e+00 8.775342465753425358e+00 8.797260273972602462e+00 8.819178082191781343e+00 8.846575342465753167e+00 9.063013698630136616e+00 9.082191780821917249e+00 9.095890410958904937e+00 9.106849315068492601e+00 9.115068493150685569e+00 9.123287671232876761e+00 9.128767123287671481e+00 9.136986301369862673e+00 9.139726027397260921e+00 9.145205479452055641e+00 9.150684931506848585e+00 9.153424657534246833e+00 9.156164383561643305e+00 9.158904109589041553e+00 9.161643835616438025e+00 9.164383561643836273e+00 9.167123287671232745e+00 9.167123287671232745e+00 9.169863013698630994e+00 9.169863013698630994e+00 9.169863013698630994e+00 9.169863013698630994e+00
-1.000000000000000000e+00 -1.000000000000000000e+00 -1.000000000000000000e+00 -1.000000000000000000e+00 -1.000000000000000000e+00 -1.000000000000000000e+00 -1.000000000000000000e+00 -1.000000000000000000e+00 -1.000000000000000000e+00 -1.000000000000000000e+00 -1.000000000000000000e+00 -1.000000000000000000e+00 -1.000000000000000000e+00 -1.000000000000000000e+00 -1.000000000000000000e+00 -1.000000000000000000e+00 -1.000000000000000000e+00 8.558904109589041909e+00 8.526027397260273588e+00 8.504109589041096484e+00 8.487671232876712324e+00 8.473972602739726412e+00 8.463013698630136972e+00 8.454794520547945780e+00 8.446575342465752811e+00 8.438356164383561620e+00 8.432876712328766899e+00 8.424657534246575707e+00 8.419178082191780987e+00 8.413698630136986267e+00 8.405479452054795075e+00 8.397260273972602107e+00 8.391780821917807387e+00 8.386301369863014443e+00 8.383561643835616195e+00 8.378082191780821475e+00 8.375342465753425003e+00 8.369863013698630283e+00 8.356164383561644371e+00 8.336986301369863739e+00 8.306849315068493667e+00 8.720547945205479934e+00 8.758904109589041198e+00 8.786301369863013022e+00 8.810958904109588374e+00 8.843835616438356695e+00 9.010958904109589440e+00 9.038356164383561264e+00 9.057534246575341896e+00 9.073972602739726057e+00 9.084931506849315497e+00 9.095890410958904937e+00 9.104109589041096129e+00 9.112328767123287321e+00 9.117808219178082041e+00 9.123287671232876761e+00 9.128767123287671481e+00 9.134246575342466201e+00 9.139726027397260921e+00 9.142465753424657393e+00 9.145205479452055641e+00 9.147945205479452113e+00 9.150684931506848585e+00 9.153424657534246833e+00 9.156164383561643305e+00 9.158904109589041553e+00 9.158904109589041553e+00 9.161643835616438025e+00 9.161643835616438025e+00 9.161643835616438025e+00
-1.000000000000000000e+00 -1.000000000000000000e+00 -1.000000000000000000e+00 -1.000000000000000000e+00 -1.000000000000000000e+00 -1.000000000000000000e+00 -1.000000000000000000e+00 -1.000000000000000000e+00 -1.000000000000000000e+00 -1.000000000000000000e+00 -1.000000000000000000e+00 -1.000000000000000000e+00 -1.000000000000000000e+00 -1.000000000000000000e+00 -1.000000000000000000e+00 -1.000000000000000000e+00 -1.000000000000000000e+00 -1.000000000000000000e+00 -1.000000000000000000e+00 8.490410958904108796e+00 8.473972602739726412e+00 8.460273972602740500e+00 8.449315068493151060e+00 8.441095890410958091e+00 8.432876712328766899e+00 8.427397260273972179e+00 8.419178082191780987e+00 8.413698630136986267e+00 8.408219178082191547e+00 8.402739726027396827e+00 8.397260273972602107e+00 8.389041095890410915e+00 8.380821917808219723e+00 8.375342465753425003e+00 8.369863013698630283e+00 8.364383561643835563e+00 8.358904109589040843e+00 8.353424657534246123e+00 8.339726027397260211e+00 8.315068493150684859e+00 8.282191780821918314e+00 8.756164383561642950e+00 8.800000000000000711e+00 8.843835616438356695e+00 8.939726027397259855e+00 8.994520547945205280e+00 9.019178082191780632e+00 9.038356164383561264e+00 9.052054794520547176e+00 9.065753424657534865e+00 9.076712328767122528e+00 9.084931506849315497e+00 9.093150684931506689e+00 9.101369863013697881e+00 9.109589041095890849e+00 9.115068493150685569e+00 9.120547945205480289e+00 9.123287671232876761e+00 9.128767123287671481e+00 9.134246575342466201e+00 9.136986301369862673e+00 9.139726027397260921e+00 9.142465753424657393e+00 9.145205479452055641e+00 9.147945205479452113e+00 9.150684931506848585e+00 9.150684931506848585e+00 9.153424657534246833e+00 9.153424657534246833e+00 9.156164383561643305e+00
-1.000000000000000000e+00 -1.000000000000000000e+00 -1.000000000000000000e+00 -1.000000000000000000e+00 -1.000000000000000000e+00 -1.000000000000000000e+00 -1.000000000000000000e+00 -1.000000000000000000e+00 -1.000000000000000000e+00 -1.000000000000000000e+00 -1.000000000000000000e+00 -1.000000000000000000e+00 -1.000000000000000000e+00 -1.000000000000000000e+00 -1.000000000000000000e+00 -1.000000000000000000e+00 -1.000000000000000000e+00 -1.000000000000000000e+00 -1.000000000000000000e+00 -1.000000000000000000e+00 8.457534246575342252e+00 8.443835616438356340e+00 8.435616438356165148e+00 8.427397260273972179e+00 8.419178082191780987e+00 8.413698630136986267e+00 8.408219178082191547e+00 8.402739726027396827e+00 8.397260273972602107e+00 8.394520547945205635e+00 8.386301369863014443e+00 8.378082191780821475e+00 8.369863013698630283e+00 8.364383561643835563e+00 8.356164383561644371e+00 8.350684931506849651e+00 8.345205479452054931e+00 8.334246575342465491e+00 8.317808219178081330e+00 8.293150684931505978e+00 8.254794520547944714e+00 8.800000000000000711e+00 8.871232876712328519e+00 8.936986301369863384e+00 8.975342465753424648e+00 9.000000000000000000e+00 9.019178082191780632e+00 9.035616438356164792e+00 9.049315068493150704e+00 9.060273972602740145e+00 9.068493150684931337e+00 9.079452054794520777e+00 9.087671232876711969e+00 9.093150684931506689e+00 9.101369863013697881e+00 9.106849315068492601e+00 9.112328767123287321e+00 9.115068493150685569e+00 9.120547945205480289e+00 9.126027397260273233e+00 9.128767123287671481e+00 9.131506849315067953e+00 9.134246575342466201e+00 9.136986301369862673e+00 9.139726027397260921e+00 9.142465753424657393e+00 9.145205479452055641e+00 9.145205479452055641e+00 9.147945205479452113e+00 9.147945205479452113e+00
-1.000000000000000000e+00 -1.000000000000000000e+00 -1.000000000000000000e+00 -1.000000000000000000e+00 -1.000000000000000000e+00 -1.000000000000000000e+00 -1.000000000000000000e+00 -1.000000000000000000e+00 -1.000000000000000000e+00 -1.000000000000000000e+00 -1.000000000000000000e+00 -1.000000000000000000e+00 -1.000000000000000000e+00 -1.000000000000000000e+00 -1.000000000000000000e+00 -1.000000000000000000e+00 -1.000000000000000000e+00 -1.000000000000000000e+00 -1.000000000000000000e+00 -1.000000000000000000e+00 -1.000000000000000000e+00 8.427397260273972179e+00 8.419178082191780987e+00 8.413698630136986267e+00 8.405479452054795075e+00 8.400000000000000355e+00 8.397260273972602107e+00 8.391780821917807387e+00 8.386301369863014443e+00 8.383561643835616195e+00 8.375342465753425003e+00 8.367123287671232035e+00 8.358904109589040843e+00 8.350684931506849651e+00 8.342465753424656683e+00 8.336986301369863739e+00 8.328767123287670771e+00 8.317808219178081330e+00 8.295890410958904226e+00 8.268493150684930626e+00 8.783561643835616550e+00 8.843835616438356695e+00 8.912328767123288031e+00 8.956164383561644016e+00 8.980821917808219368e+00 9.002739726027396472e+00 9.019178082191780632e+00 9.032876712328766544e+00 9.043835616438355984e+00 9.054794520547945424e+00 9.065753424657534865e+00 9.073972602739726057e+00 9.082191780821917249e+00 9.087671232876711969e+00 9.093150684931506689e+00 9.098630136986301409e+00 9.104109589041096129e+00 9.109589041095890849e+00 9.115068493150685569e+00 9.117808219178082041e+00 9.120547945205480289e+00 9.126027397260273233e+00 9.128767123287671481e+00 9.131506849315067953e+00 9.134246575342466201e+00 9.134246575342466201e+00 9.136986301369862673e+00 9.139726027397260921e+00 9.139726027397260921e+00 9.142465753424657393e+00
-1.000000000000000000e+00 -1.000000000000000000e+00 -1.000000000000000000e+00 -1.000000000000000000e+00 -1.000000000000000000e+00 -1.000000000000000000e+00 -1.000000000000000000e+00 -1.000000000000000000e+00 -1.000000000000000000e+00 -1.000000000000000000e+00 -1.000000000000000000e+00 -1.000000000000000000e+00 -1.000000000000000000e+00 -1.000000000000000000e+00 -1.000000000000000000e+00 -1.000000000000000000e+00 -1.000000000000000000e+00 -1.000000000000000000e+00 -1.000000000000000000e+00 -1.000000000000000000e+00 -1.000000000000000000e+00 -1.000000000000000000e+00 8.402739726027396827e+00 8.397260273972602107e+00 8.391780821917807387e+00 8.386301369863014443e+00 8.383561643835616195e+00 8.378082191780821475e+00 8.375342465753425003e+00 8.372602739726026755e+00 8.364383561643835563e+00 8.353424657534246123e+00 8.345205479452054931e+00 8.336986301369863739e+00 8.328767123287670771e+00 8.320547945205479579e+00 8.309589041095890138e+00 8.295890410958904226e+00 8.271232876712328874e+00 8.235616438356164082e+00 8.813698630136986623e+00 8.873972602739726767e+00 8.931506849315068663e+00 8.961643835616438736e+00 8.986301369863014088e+00 9.002739726027396472e+00 9.019178082191780632e+00 9.030136986301370072e+00 9.041095890410959512e+00 9.052054794520547176e+00 9.060273972602740145e+00 9.068493150684931337e+00 9.076712328767122528e+00 9.082191780821917249e+00 9.090410958904110217e+00 9.095890410958904937e+00 9.098630136986301409e+00 9.104109589041096129e+00 9.109589041095890849e+00 9.112328767123287321e+00 9.115068493150685569e+00 9.120547945205480289e+00 9.123287671232876761e+00 9.126027397260273233e+00 9.128767123287671481e+00 9.128767123287671481e+00 9.131506849315067953e+00 9.134246575342466201e+00 9.134246575342466201e+00 9.136986301369862673e+00
-1.000000000000000000e+00 -1.000000000000000000e+00 -1.000000000000000000e+00 -1.000000000000000000e+00 -1.000000000000000000e+00 -1.000000000000000000e+00 -1.000000000000000000e+00 -1.000000000000000000e+00 -1.000000000000000000e+00 -1.000000000000000000e+00 -1.000000000000000000e+00 -1.000000000000000000e+00 -1.000000000000000000e+00 -1.000000000000000000e+00 -1.000000000000000000e+00 -1.000000000000000000e+00 -1.000000000000000000e+00 -1.000000000000000000e+00 -1.000000000000000000e+00 -1.000000000000000000e+00 -1.000000000000000000e+00 -1.000000000000000000e+00 -1.000000000000000000e+00 8.375342465753425003e+00 8.375342465753425003e+00 8.372602739726026755e+00 8.369863013698630283e+00 8.367123287671232035e+00 8.364383561643835563e+00 8.361643835616439091e+00 8.353424657534246123e+00 8.342465753424656683e+00 8.331506849315069019e+00 8.323287671232876050e+00 8.312328767123288387e+00 8.301369863013698946e+00 8.290410958904109506e+00 8.271232876712328874e+00 8.241095890410958802e+00 8.194520547945206346e+00 8.835616438356163727e+00 8.890410958904109151e+00 8.939726027397259855e+00 8.967123287671233456e+00 8.989041095890410560e+00 9.005479452054794720e+00 9.019178082191780632e+00 9.030136986301370072e+00 9.041095890410959512e+00 9.052054794520547176e+00 9.060273972602740145e+00 9.065753424657534865e+00 9.073972602739726057e+00 9.079452054794520777e+00 9.084931506849315497e+00 9.090410958904110217e+00 9.095890410958904937e+00 9.101369863013697881e+00 9.104109589041096129e+00 9.109589041095890849e+00 9.112328767123287321e+00 9.115068493150685569e+00 9.117808219178082041e+00 9.120547945205480289e+00 9.123287671232876761e+00 9.126027397260273233e+00 9.126027397260273233e+00 9.128767123287671481e+00 9.131506849315067953e+00 9.131506849315067953e+00
-1.000000000000000000e+00 -1.000000000000000000e+00 -1.000000000000000000e+00 -1.000000000000000000e+00 -1.000000000000000000e+00 -1.000000000000000000e+00 -1.000000000000000000e+00 -1.000000000000000000e+00 -1.000000000000000000e+00 -1.000000000000000000e+00 -1.000000000000000000e+00 -1.000000000000000000e+00 -1.000000000000000000e+00 -1.000000000000000000e+00 -1.000000000000000000e+00 -1.000000000000000000e+00 -1.000000000000000000e+00 -1.000000000000000000e+00 -1.000000000000000000e+00 -1.000000000000000000e+00 -1.000000000000000000e+00 -1.000000000000000000e+00 -1.000000000000000000e+00 -1.000000000000000000e+00 -1.000000000000000000e+00 8.353424657534246123e+00 8.353424657534246123e+00 8.353424657534246123e+00 8.350684931506849651e+00 8.350684931506849651e+00 8.342465753424656683e+00 8.328767123287670771e+00 8.317808219178081330e+00 8.306849315068493667e+00 8.295890410958904226e+00 8.282191780821918314e+00 8.265753424657534154e+00 8.241095890410958802e+00 8.199999999999999289e+00 8.800000000000000711e+00 8.852054794520547887e+00 8.904109589041095063e+00 8.947945205479452824e+00 8.972602739726028176e+00 8.991780821917808808e+00 9.008219178082191192e+00 9.019178082191780632e+00 9.032876712328766544e+00 9.041095890410959512e+00 9.052054794520547176e+00 9.057534246575341896e+00 9.065753424657534865e+00 9.073972602739726057e+00 9.079452054794520777e+00 9.084931506849315497e+00 9.090410958904110217e+00 9.093150684931506689e+00 9.098630136986301409e+00 9.101369863013697881e+00 9.106849315068492601e+00 9.109589041095890849e+00 9.112328767123287321e+00 9.115068493150685569e+00 9.117808219178082041e+00 9.120547945205480289e+00 9.123287671232876761e+00 9.123287671232876761e+00 9.126027397260273233e+00 9.128767123287671481e+00 9.128767123287671481e+00
-1.000000000000000000e+00 -1.000000000000000000e+00 -1.000000000000000000e+00 -1.000000000000000000e+00 -1.000000000000000000e+00 -1.000000000000000000e+00 -1.000000000000000000e+00 -1.000000000000000000e+00 -1.000000000000000000e+00 -1.000000000000000000e+00 -1.000000000000000000e+00 -1.000000000000000000e+00 -1.000000000000000000e+00 -1.000000000000000000e+00 -1.000000000000000000e+00 -1.000000000000000000e+00 -1.000000000000000000e+00 -1.000000000000000000e+00 -1.000000000000000000e+00 -1.000000000000000000e+00 -1.000000000000000000e+00 -1.000000000000000000e+00 -1.000000000000000000e+00 -1.000000000000000000e+00 -1.000000000000000000e+00 -1.000000000000000000e+00 8.334246575342465491e+00 8.336986301369863739e+00 8.336986301369863739e+00 8.336986301369863739e+00 8.328767123287670771e+00 8.315068493150684859e+00 8.301369863013698946e+00 8.287671232876713034e+00 8.273972602739725346e+00 8.254794520547944714e+00 8.232876712328767610e+00 8.197260273972602818e+00 8.120547945205480289e+00 8.816438356164383094e+00 8.868493150684932047e+00 8.915068493150684503e+00 8.953424657534245767e+00 8.978082191780821120e+00 8.997260273972603528e+00 9.010958904109589440e+00 9.024657534246575352e+00 9.035616438356164792e+00 9.043835616438355984e+00 9.052054794520547176e+00 9.060273972602740145e+00 9.065753424657534865e+00 9.073972602739726057e+00 9.079452054794520777e+00 9.084931506849315497e+00 9.087671232876711969e+00 9.093150684931506689e+00 9.095890410958904937e+00 9.101369863013697881e+00 9.104109589041096129e+00 9.106849315068492601e+00 9.109589041095890849e+00 9.112328767123287321e+00 9.115068493150685569e+00 9.117808219178082041e+00 9.120547945205480289e+00 9.123287671232876761e+00 9.123287671232876761e+00 9.126027397260273233e+00 9.126027397260273233e+00
