7.840604649873074951e-172 1.064964421234156749e-157 2.986235633085284863e-151 1.106907226553700943e-129 3.600405454954429907e-123 1.052489707219818909e-112 1.244288463643995341e-103 1.830870752294357964e-93 8.393567492406231370e-85 2.149617019124713886e-74 1.519186828929572095e-70 1.343182574161085148e-62 3.435611775798631145e-59 2.464285463731697617e-53 4.572140596819532123e-48 5.786624464937310695e-42 2.887325156770378670e-37 8.197082588021513760e-34 6.936426033635668862e-31 5.289010472178303961e-27 4.401152404199125815e-23 4.495786681927386484e-21 7.691849675752444484e-19 5.379356586770722013e-17 8.623511255174016355e-16 1.494209511684332589e-13 5.179445615479132577e-12 5.685128818239147668e-12 1.610668887952478382e-09 3.595318353978718625e-10 1.745220882258386798e-09 5.952121848712457071e-09 2.786959797713039992e-08 4.431457934252350571e-08 2.162175396397139170e-08 1.377997381254618077e-08 1.031925215714808434e-08 1.245745878512373338e-08 9.511759572106998787e-09 2.601109341431428070e-09 9.972977649899608503e-10 2.276822366566460920e-10 1.965984314629439638e-10 3.032360922526150886e-11 1.082766745049256363e-12 2.388262235638949688e-12 2.163223729816343607e-13 1.271872948701855384e-15 9.676658401096532076e-16 2.871008347017771189e-17 9.428423454347050864e-18 4.297279828252680390e-18 3.513802274833810448e-19 1.114435505983744408e-20 5.385014839429585687e-22 1.951666896023545597e-23 8.933928425075090972e-24 1.646529712825606591e-24 6.100995676807605993e-26 1.268863162908873259e-26 5.152040728432557591e-26 7.422929762052883381e-29 1.725994042236287947e-27 2.166334304508670477e-28 2.304706542971414571e-31 3.859302593418212688e-31 8.508511609092544232e-32 9.372167656950161098e-34 3.473406629034724516e-33 2.421121611792789712e-34
5.471202012252293721e-172 5.266459430449434555e-160 4.350364608011826770e-152 9.459799377262076275e-133 4.951174448941911628e-124 2.569001475234293880e-111 7.384099522989140714e-103 7.681325249170002185e-94 3.413419754405121244e-84 1.422049552739961565e-80 5.851926635996805574e-71 5.021370869017696701e-64 2.046873828025839812e-57 2.533718436554248439e-51 1.972136426195157516e-47 3.117148202380108668e-43 1.712812966358264727e-38 1.628496141767061787e-33 1.401273727013769777e-29 2.536481010659409897e-26 3.641295720971190831e-22 3.278015874649898348e-20 5.573882040325608418e-18 2.727676050700515684e-17 1.061360141739492893e-14 1.528582321484739037e-13 6.432444846731579963e-12 2.016409441525424415e-11 5.742524235254720326e-11 1.896548847037066008e-09 2.610488861141231351e-09 1.299745095884810732e-08 2.089113157046546712e-08 2.429316230499758869e-08 3.089369376164882661e-08 4.234504580482524002e-08 5.514201003851611831e-08 2.749678675318476315e-08 5.164499487321736109e-09 3.230282795674685604e-09 1.505408431939572016e-08 2.315326838671301532e-09 7.429474216577367045e-11 3.763265090778124169e-11 4.624867562292263029e-12 6.938493489862777853e-13 3.828606223100723159e-13 2.145234461652465958e-13 4.422607619094379721e-15 1.496522498544091036e-16 9.019652529420984163e-17 6.231975272761190505e-19 4.352120085933517119e-19 2.666719218551807402e-19 1.133183098905541670e-21 1.257117848489067753e-22 4.318842683602406053e-22 1.919709834436712700e-24 2.819887140573871784e-25 1.411345778216740722e-26 1.066038632836639982e-25 2.687130594361883813e-27 2.377016523844086299e-28 8.114397023512257662e-28 2.580754488953063368e-28 1.100904173433570226e-30 2.151392552893341827e-31 7.718497028362455135e-32 1.321629046425517409e-32 3.576885374539549740e-34
7.810860491842507404e-170 6.545478738051937501e-149 5.014207824193562481e-150 2.301450594727498402e-132 4.010459979536155219e-124 1.495157095217919349e-114 4.439506089232453638e-99 2.354383770613926953e-95 2.647066560063040085e-86 1.150712199936641281e-78 4.097794639027216494e-69 8.468031687618214301e-64 1.529670492380150260e-56 1.846309959167221607e-52 3.813271275229797268e-46 2.625893580299402661e-41 2.168817079862712218e-36 4.271084840843369895e-33 3.888681233602592548e-30 3.940433435802328225e-26 3.843218788860535294e-23 4.485842791021989866e-20 7.093019585657008126e-18 4.009474447085543561e-16 8.902650431105714319e-15 9.116978820906901839e-13 1.042251897955804035e-11 5.871819964683664622e-11 2.974277859862523896e-10 4.062785621891865994e-09 7.736618423262905433e-09 8.209872310068503018e-09 3.879523503332195498e-08 2.777953063742940046e-08 8.350234252041119169e-08 1.812194839062758955e-07 4.858130804060936905e-08 7.144156421614503904e-08 8.841970994703196644e-09 9.385715884862627118e-09 2.835440793992463623e-09 7.160892200794945332e-10 5.818771940196190119e-11 1.876614097936056298e-11 1.621712461290202741e-10 1.238702675233377107e-12 1.362827649854790237e-12 2.808649645667880071e-14 1.195169190918370134e-14 1.390641298691036754e-16 1.263283736375900531e-16 5.570857350550562757e-18 9.674579820858071482e-18 7.202603185095991929e-20 9.973595372349304291e-22 4.784752319489963764e-21 1.366716102083419735e-21 5.931572428824240635e-23 2.329724430949169541e-24 2.118084136615511836e-25 4.636674368764645498e-27 2.935118196120141974e-28 1.324630095491572399e-27 2.394804161930908303e-29 9.113603725131267123e-30 3.140016958107253217e-28 5.654027754441237687e-30 3.419702644361149983e-30 3.681267633340433540e-32 9.614188141710896797e-35
1.996202333149475139e-163 4.988073615259837084e-160 1.033100368564486059e-140 1.180857937708594896e-136 6.898543027718699847e-122 1.475588131123348391e-111 9.970529156629692896e-104 2.438268813484390502e-95 6.614505005882698113e-83 1.625891141102999052e-78 1.515811690225267547e-69 7.999321264834122748e-62 2.152191588697428310e-57 2.473431985492596361e-48 1.962398236002313789e-43 6.568863226486371254e-42 3.338602484496251667e-37 1.133368459840218399e-31 3.249888694822266354e-28 9.854345199216173088e-25 2.616429302705526969e-23 3.548568323331640632e-20 1.086810159530333121e-16 1.733124177436551410e-15 1.112181666371352204e-14 9.407356012420064115e-13 1.058438840870735447e-11 1.122769593406366675e-10 1.238928117510072807e-10 2.555599037986092323e-09 8.115110282017267814e-09 7.024072964340102187e-08 8.339178103489275089e-08 7.550293789718434626e-08 4.988929107924305006e-08 8.120367320356292379e-08 5.017207429340219210e-07 2.063692469236690858e-08 1.334794651598357885e-08 7.540799039020643921e-09 1.046511824620608505e-08 9.002183806728317502e-10 1.465502134144134267e-09 4.256539250365386185e-10 5.042788598252569811e-12 6.559334233602980017e-11 1.790076924163567954e-13 1.567438769201688001e-12 5.588185462942248263e-15 6.673362855065899972e-16 1.693879518348167087e-16 3.859971498021134715e-17 5.157026614922766168e-19 2.623017528100639610e-19 2.273964594201805534e-21 1.389358095003773245e-21 1.550640678268019790e-21 3.611895843133417592e-24 2.946702030693455210e-23 1.318974329290659769e-23 6.579353507230559712e-27 1.181404452292711311e-26 1.188281141681886613e-28 4.785642243362393646e-28 4.899420657356466740e-29 5.555928697406046313e-31 5.518752755983308124e-31 2.725809695755494318e-31 1.846945594440456937e-32 1.284032122678663016e-32
8.650720905908225417e-168 4.470487339756264017e-161 6.027547672618639766e-144 3.319392133367588577e-135 3.226977739658149590e-120 1.746605319403473917e-110 3.524321488600001525e-101 3.092136328071364266e-94 8.469646402399329311e-85 9.458551360578873090e-72 1.352873795408936634e-70 2.956105998319632365e-62 1.172406302870857478e-56 5.901647524252215103e-50 1.032581030690055873e-44 1.578573843995543371e-39 3.589846861510166561e-36 4.192424106947001303e-30 6.617873130895803322e-27 6.104683651223090468e-25 3.394194961658119831e-21 6.573340515798231808e-20 4.227156512439292104e-17 6.598528383373946312e-16 1.009022433931892285e-14 1.431000121364577895e-12 1.302841130100977080e-11 4.755658734339892211e-11 6.864491429753978600e-10 3.680168266676758945e-09 1.139399937331644463e-08 1.950766490444150570e-08 1.059865520009844219e-07 1.240588038125967825e-07 1.827077522225008092e-07 1.026060278537744472e-07 7.859782155591902517e-08 4.079455421618627272e-08 1.805809916170927061e-08 1.116294998627959261e-08 4.432723374155626244e-09 1.436561016170642881e-08 2.972956035513560725e-10 3.256142221102738723e-10 3.211380495005027099e-11 2.956455612424896360e-11 1.434948678761915848e-13 3.313408963071879598e-13 1.056068985459285238e-14 8.373795888171339229e-16 2.903038734645651733e-16 6.326180940264596029e-18 5.493701149501486543e-19 2.285586606385133447e-18 1.226719868192996119e-20 9.686631625613693971e-21 6.428434598484123971e-23 1.135049441220816572e-22 1.640995181143697053e-23 1.548047220549399203e-25 1.533854927008501670e-25 2.845818472884890780e-26 1.449338828900021912e-27 4.018322275817447561e-28 3.561969834026008150e-30 8.512267466119083885e-31 4.477037926411759255e-29 8.600208905400552607e-31 1.827845937904714071e-31 2.752716255971837217e-31
3.273882864358321051e-163 4.222775312272301279e-155 7.920903074653132118e-149 8.126634149671893174e-131 2.196150328045541017e-117 7.322727902573603640e-111 2.103281645292598426e-103 5.275125606925966431e-91 9.894258836506961946e-83 1.972117758425935767e-73 5.212942987371978376e-69 2.064051732381685909e-57 1.641349715164516980e-56 9.583717185761188836e-51 4.375378913004190104e-45 3.067876247330067667e-41 1.742482943992503465e-36 4.702150656670956453e-32 1.544779621591390517e-28 5.560003015257577265e-25 7.730828497993306258e-21 3.744069333706672820e-19 1.179203719513282203e-17 1.568690204418660807e-15 8.644813506793772501e-14 1.467068374090405258e-12 8.305871322922298790e-11 3.657251229301456271e-10 9.052128150432869277e-10 1.133092353788311458e-08 5.572496458736139459e-09 5.395057804847716693e-08 9.052608019663906776e-08 1.565544968682241626e-07 3.421099006240317696e-07 1.678192158859963184e-07 1.906832551070621714e-07 5.544487769908219371e-08 6.746572897759274895e-08 1.453219762019322988e-08 1.505473642452353627e-08 1.863349829799986456e-08 1.714637911250485102e-09 1.476809892180989864e-10 1.312928214083065477e-10 4.576145456301998123e-12 1.819795845778001984e-11 1.063363347233583086e-13 1.503268310543368633e-13 3.623308746233423006e-15 1.698537266045514321e-15 5.720610793341229277e-17 1.931354737541320702e-18 2.393458989807033488e-18 2.349906574821257379e-20 6.216945010030781010e-22 2.398253882973744910e-22 4.610164768762977690e-23 1.519659942699300520e-23 3.592740474570832912e-26 9.560838777289209653e-24 2.489194072189213236e-26 4.834874582097553369e-26 3.988149723682471154e-29 1.399530408641310901e-28 1.056291679162754864e-28 8.004861119321178903e-30 9.113782954266430770e-30 2.278278292138476569e-30 2.044747968278250870e-28
4.374766190160329388e-171 5.377096766754864926e-153 5.875836351868380297e-142 8.641425320422413540e-134 2.562854256202604045e-122 7.773391012192342813e-112 1.384019035507235401e-101 1.378305620973224539e-92 8.476785559757683741e-82 9.492265788987271814e-77 2.414924476251217135e-65 1.448513260583489499e-60 1.083162508638990620e-54 2.108938808094051943e-50 2.871248190460057986e-44 1.243566861176541180e-38 8.213216121258015827e-35 1.934121963912520370e-30 2.625601051966972181e-27 9.894248516882212899e-25 5.800640105321574655e-20 5.630596489264579416e-19 1.323879335162474247e-17 1.395996075990088200e-15 2.788910010378719134e-13 1.334090742355303056e-12 7.598438460029046644e-11 4.072117518543366593e-10 1.886844789756575746e-09 1.302435377943044509e-08 9.383242721194152335e-09 3.386835047354238672e-08 9.633249928050901812e-08 1.480646283085493236e-07 1.840645984136526939e-07 3.201218797365840569e-07 2.837219974574064671e-07 2.675390863826140387e-07 5.226099406996558185e-08 5.048802944427713983e-08 1.158607206714329698e-07 3.702128054060534619e-09 1.233311669905036924e-09 1.577340341425830577e-10 1.390471052609546260e-10 2.577688683006529442e-11 2.902896563212050051e-13 5.065668978758667255e-14 2.802621299769318563e-13 8.762765878043789660e-14 1.724363453245449346e-15 1.103297681379703332e-17 1.376449250139845396e-17 2.693278409528898664e-19 7.735484506838241175e-19 1.001578954938707848e-20 3.748716366211838640e-21 2.336008692751399712e-22 3.712366361233003997e-24 9.823686352116970661e-25 1.948793073831818610e-25 1.770236822801048800e-25 1.294517937685407369e-26 7.026902703796518523e-26 2.830982314053694937e-29 2.571114848417620890e-28 1.782636318647477677e-29 3.551767716459066613e-31 4.218722152227579263e-31 1.420080004378433811e-31
5.879010188290164473e-163 1.857498740672312103e-152 1.436832876466261187e-140 5.212947624754555920e-130 1.059603831027204167e-118 1.634347054603209939e-105 1.500917621390271699e-102 2.050038069480575568e-86 3.774459348357601586e-80 1.555988211020234027e-69 2.992364499800252745e-67 2.175654568816798539e-58 6.545433067501676574e-55 1.789807258917301631e-49 2.341285576722381341e-44 6.118545098362605590e-38 5.782261104291809521e-36 1.096279650826410514e-30 4.268778607715495198e-27 2.620636786162856246e-24 5.099144937457140451e-21 4.914396214091488320e-19 1.328942318905872537e-16 3.493408996819918955e-15 2.558369208752376125e-13 2.571318661506514916e-12 1.858011616890549296e-10 1.390743563352246042e-09 1.366854943647744258e-09 1.601324194490100663e-08 7.094644190477305619e-08 2.487586140119344431e-07 1.590696134281548327e-07 4.094137637730953914e-07 8.037375872461109329e-07 2.768817752780373028e-07 3.646248016142885067e-07 9.272653984096473941e-08 6.222267173032624480e-08 5.598247192218738070e-08 1.611611871328507647e-08 4.917584864428938028e-09 1.039791004036203410e-08 3.582069944046324117e-10 5.038651772708589880e-10 8.912088949168056439e-11 2.208017984414494102e-12 4.547266605557654502e-13 3.669047371392007099e-13 1.329782895829162583e-15 1.227664360921431069e-15 3.984676710837024212e-16 2.187964500463154400e-17 2.082891596328554146e-18 7.640179323703474585e-19 6.076084074364008685e-21 1.263512374441793999e-20 7.639682390075067617e-21 5.514129541557594591e-23 5.520650879017388583e-22 7.135706305375091930e-23 1.069365587206158055e-26 8.560051449155547354e-26 2.140311806292431584e-26 4.727700830305253395e-28 1.411042593014473495e-27 7.958565549698499853e-29 5.078423297429996540e-29 1.860002396015117881e-31 1.434626791309229730e-30
2.168824478252047470e-166 1.918788851934932262e-156 7.144341117664063480e-141 5.444754641134772596e-131 1.103449414288734498e-118 1.907937516110854945e-106 4.049225175728847166e-100 1.300633008628244064e-90 3.926537436545684996e-82 6.507801016616826166e-74 5.177736894524540309e-66 1.108995510870793778e-59 1.452118061244280919e-52 4.073973703964378283e-47 1.698864738474456028e-43 1.241302242528112792e-36 3.857129034973462946e-32 1.245099727225054181e-29 4.512495202727339714e-27 2.774954276565839067e-23 1.386899071948019109e-19 6.351953480728260738e-18 4.644087868431874913e-17 2.753349791749682621e-14 1.114304773470184930e-12 7.026006969745309449e-12 3.545922757621013136e-10 1.492123746968868371e-09 8.542421324311681883e-09 1.846187219026111538e-08 9.001243171029978092e-08 3.248299692227505781e-07 3.318225328462588013e-07 3.676759135515148169e-07 6.161697118907108911e-07 4.096704886778120285e-07 7.530609233610781359e-07 7.555301571792574008e-07 8.099438264471306609e-08 1.645736397687951237e-07 1.704613262888223712e-08 1.905246437508623310e-08 5.944087744493258486e-09 6.219692731449561249e-10 9.744842448494594804e-11 4.899282596774312254e-11 2.100068716634952715e-12 3.917162964883005397e-13 1.815826399872504922e-13 4.033285599417476110e-14 1.876274545486366656e-15 1.952671560571985343e-16 4.215104449665040797e-17 1.586587397861934269e-18 5.028424194145503499e-18 1.076293900294498683e-19 2.044215643572067780e-20 1.004773482421330093e-21 5.561267422032359224e-23 5.411414922857295831e-24 1.652078233277504337e-23 3.054880636880209494e-24 2.123855125319429037e-27 3.725977328126249882e-26 2.109899333634602365e-28 1.910357775507448536e-29 1.736567962668889100e-28 2.632237671721589336e-28 6.191443798832381137e-29 9.599433692951652423e-33
9.235027762259671457e-164 1.353712890595706001e-150 1.381802390696932345e-142 1.324997008645792672e-129 2.491062427480388647e-121 1.153568201471832547e-105 4.902181521931440227e-98 3.396755026852168810e-88 1.654532771864232822e-81 2.539506454513386998e-72 6.897406220598599559e-66 1.362952715307028387e-56 1.676500730204642666e-52 1.402116138287179976e-48 2.218748443864925420e-40 2.811812522598653635e-37 1.260334088647707325e-32 2.227827479662090312e-28 1.283055547657176843e-26 4.698354740599693621e-23 1.229837484106591689e-20 3.563853525386855736e-17 6.790229093175305031e-16 2.387210568513837457e-14 3.588878557255331129e-12 3.819467306271433531e-11 1.850077582951523899e-10 1.959860551505818263e-09 1.612717289966089229e-08 5.532598298462652384e-08 4.980682943895747166e-07 1.401365294059255232e-07 6.582977020822219520e-07 4.081888061296084429e-07 7.761522621031134746e-07 1.497443647022252973e-07 9.229496115951128098e-07 1.011303288662074647e-06 4.946146454508068908e-07 1.120424659552402658e-07 4.072422180129176078e-08 3.487421471691201112e-08 2.931654006123337430e-08 1.103246795953077690e-09 7.305031865198997205e-09 5.782377319693624653e-11 5.792439177962225128e-11 4.694235762976752469e-12 6.924735676138589641e-13 9.857586093018422131e-14 6.355173401123858245e-15 1.189573557256957153e-15 8.141915744085202632e-17 4.759919540221145253e-16 5.551466773264290158e-19 1.351420972371795335e-19 1.257602069921123181e-20 3.943148816059629338e-21 3.230275910350760246e-22 1.066820580760221626e-22 2.448214937385966607e-24 2.563191357460659752e-25 3.611314682366962281e-23 3.575505227668741753e-26 5.840875336818767790e-27 1.865675324183238735e-28 1.715758572387578866e-27 2.818670104654925999e-28 1.197694807932904638e-28 6.638004740259983523e-30
2.042483045887422931e-168 1.064437103908221418e-148 1.652765845829804563e-140 1.128359143241947969e-131 2.825889963397513105e-112 9.777045903723729687e-106 4.255409342837959120e-99 3.990431040973735015e-88 6.432490429236633307e-77 3.745391875859425236e-69 4.502123816692894277e-66 2.026387896385188356e-59 3.114768076598995131e-53 1.678824711593578542e-45 1.417740450892715799e-41 6.899498635236664200e-36 1.324771939232035632e-33 1.373866384547198561e-28 1.911908530662148925e-25 2.395258734376826337e-23 1.726595697930748043e-19 2.452469010380478730e-16 3.733436072015710890e-15 1.810682346971241138e-13 2.655543968273665016e-12 1.215571013055722459e-10 1.596380805887637218e-10 8.064263508488337096e-09 2.619578838247528917e-08 6.742634103472332545e-08 2.428090674503997563e-07 5.224971515467814878e-07 3.848182229753778509e-07 2.130915109303029285e-06 1.099909553620035820e-06 1.544331117227005770e-06 1.092488176632299095e-06 6.178518896949261723e-07 4.636083057657291126e-07 2.605620563219937437e-07 6.613105628486778960e-07 6.728084630939943302e-08 3.204952442026494783e-09 7.324470469123213225e-09 3.547153785633250915e-10 1.259237761209159422e-09 2.327984834260919359e-12 1.890896385629862861e-11 2.682253703977750937e-13 6.047597909239850436e-14 1.081085324638647703e-14 4.508731924909521450e-16 2.922295088394344499e-16 5.822354070092847442e-16 1.935071670950125596e-17 1.254016273932250428e-19 2.356659281438997019e-20 1.236118354134506235e-20 2.129502151597971317e-21 1.742339925983225783e-22 5.427030314058797838e-24 4.454741256333177671e-25 1.867578942294971049e-23 3.154470238932179682e-26 3.656815642609981674e-27 7.238312991454576146e-26 5.752880191438263373e-27 1.830589778640027016e-29 1.148164039675063220e-28 1.047968222353235768e-28
2.064991141703144023e-167 4.022855431979559425e-150 7.538792570798278773e-139 1.432757422169091873e-130 5.142433607781558421e-114 9.771537617409263126e-108 2.242751806357413464e-97 6.271554604546366797e-91 4.677542445655135918e-79 2.975576754388927191e-70 1.851870736939086168e-65 6.369154180313704563e-59 3.638936847634501870e-48 1.637240213343772096e-46 3.456293582237774096e-41 6.688371861637625780e-37 2.362967301284910458e-29 6.263612576327633543e-29 1.560767959845283764e-23 4.099700049683359894e-22 9.887145377806662472e-20 9.084269159059939456e-18 1.924253367491678547e-15 9.863278279929619330e-14 2.060514175402118485e-12 1.531783941303631458e-10 8.552423909598733411e-10 4.983294968817001108e-09 1.545498519214078528e-08 1.536781758305987422e-07 1.075523709627602014e-07 6.842546579796898558e-07 1.702125124595504664e-06 8.744570840605415940e-07 1.107536836816778823e-06 1.404547408343639872e-06 1.245429858597231354e-06 8.531584889929419086e-07 1.217000599966511293e-06 6.636366701923000067e-07 1.886358101064129028e-07 1.072973476983956182e-07 5.030980680283964137e-09 2.206512286162264663e-09 2.343765876095625528e-09 1.271332653922781643e-09 5.441800120214798211e-11 4.517646238835902031e-12 2.910226201767422070e-12 2.936209800855019983e-14 9.403853991899166877e-15 1.669514230065818623e-15 8.799462653042845683e-16 9.595120771426786614e-18 3.456239093694213429e-16 1.456041131083228403e-17 1.562996951038498586e-19 7.064540889417066273e-21 1.299171897128164171e-22 1.037516310124680476e-21 1.439910378831368970e-23 1.102044389853264709e-24 2.179343539569012178e-24 4.699123381733798382e-26 1.663012261760351996e-26 4.249935989433822615e-26 2.570798769201331542e-28 2.355927887418998768e-29 4.346624267475164243e-27 1.045283856090513778e-28
7.798925342179854593e-165 1.101685524673756264e-146 3.073348974392915483e-139 1.191998481236591634e-128 1.383019173378336463e-116 1.133264812583918248e-102 4.872510581170235961e-98 1.729859182845095441e-85 5.891873577811354628e-78 9.176002908041667138e-69 4.563388376578989706e-64 3.524482361620562355e-55 5.788894313947935012e-52 3.312953735192131651e-44 6.520258392144957502e-41 1.836897483066851510e-33 3.714966341176343682e-32 9.479733539596767425e-28 3.833212347858461494e-25 1.705682770074771875e-22 3.053718677701399422e-18 3.852142587402758957e-17 4.490211887625947425e-14 1.705193379230542245e-13 1.438796782609990126e-10 3.127200385046785206e-10 1.586279178382293561e-08 8.208569222414697947e-09 5.498063713456017137e-08 1.868359767159789362e-07 5.338238790741071118e-07 9.275656914338636956e-07 1.831438349617685264e-06 2.871868768386853266e-06 1.522496820784318138e-06 4.319740176756926810e-06 2.430552795571020952e-06 1.350457992845595009e-06 8.550504713047684744e-07 2.847618799875883805e-07 7.528618692819360909e-08 8.323445362614151635e-08 5.466208763736942423e-08 1.740830585125337896e-08 1.446641124027101832e-09 3.784748920400646927e-10 1.083952728313262927e-10 1.136147907919288325e-11 1.123764902755880298e-12 2.489987847315729590e-13 6.115045915969689700e-14 6.403882185016242490e-15 5.342830593060532588e-15 3.745696091585516169e-17 1.881839584870638573e-17 1.087266887148415741e-18 4.282715542071744428e-20 9.822382682136952301e-22 3.898750974384539257e-21 1.345817860014725841e-21 1.400327623033410549e-21 3.029594028535874029e-23 1.466041029760285504e-24 3.773046763429969689e-25 3.265275986043346147e-26 7.172459186669595846e-27 2.295348319503477709e-26 4.530296213884883830e-27 3.371575089982539346e-26 5.000865253546275667e-30
2.887867986388878300e-159 8.193094791092018240e-144 3.171711225461418565e-135 3.118559770216669822e-123 5.292465014411487985e-113 8.187766214194876105e-102 1.070993367177963086e-95 3.146642643480950781e-86 4.256704317605190184e-77 4.311301455601999689e-69 6.240725501600678370e-63 2.448631485083392200e-55 7.191994533128183553e-47 2.522456733396974648e-43 6.838523393464012813e-39 4.969543606170717386e-36 4.406435803512815808e-31 3.571552861549014870e-26 3.186089839277318940e-24 2.333035936866489229e-21 3.184598364509834582e-18 8.452724676811214546e-16 2.469286985508659649e-14 2.631284629579145367e-12 2.552727872203149427e-11 3.825641842073096659e-10 2.921529724319472158e-09 7.494483867769052557e-09 3.289048350785730027e-07 3.840325274041151706e-07 8.876951826267566104e-07 1.177661970766159166e-06 3.147315570399286533e-06 2.862592219150162598e-06 4.376575182286581446e-06 7.508023174297479181e-06 5.883724399105067856e-06 3.690219483980488384e-06 8.938227207060365437e-07 5.705587070488663000e-07 5.621633868462535181e-07 9.908797087054997395e-08 8.994749454073296590e-08 8.478317691867957528e-08 4.165961116793361129e-09 1.740372726230574986e-09 6.329607909839881635e-11 2.426123202210548336e-11 1.546731641593724071e-12 2.026672954833902058e-13 5.952115688320206845e-15 3.109419472164446619e-15 4.192459917751652058e-16 2.150577319009329415e-16 2.500547525932392461e-17 8.798229250387651067e-18 7.998688680445996815e-19 3.937436066551391534e-20 1.368305229330566354e-20 1.472448262566733322e-21 1.573497852427907785e-22 5.324140275962599940e-23 4.228183740024024528e-24 1.352124686143183237e-25 3.439021938309097397e-25 3.606399767514285880e-26 2.677485583614138031e-27 3.692528902038423654e-28 1.312240378756694278e-29 2.680736046548441866e-28
3.791561138749803031e-164 7.402228901251223456e-149 2.135460413608590682e-133 1.043393474907708545e-126 7.455047927432169434e-114 1.802029838781364794e-99 1.840219865718926305e-94 9.853627823734441665e-85 1.785915360362930164e-75 9.732572462377889696e-67 9.162710467218086480e-61 2.629442198824646770e-56 5.300605750199802337e-49 1.260536155498593320e-42 1.235583417017679435e-39 5.612608630711200788e-33 5.391717221355173123e-31 3.402853885347411384e-25 9.406680218665313891e-24 4.335141998503269737e-21 1.375017878455961050e-18 4.612582215058867263e-15 1.989722862282231667e-14 3.524533700676853706e-12 2.814236182995702350e-11 8.685346487052760519e-10 9.737947187038270673e-09 2.174708908703683214e-08 2.159462563322154762e-07 4.630087688986475278e-07 1.008831624030807359e-06 1.161326757581817544e-05 2.370689411899643264e-06 4.959002943978734352e-06 4.496404423434180095e-06 7.345210916660965002e-06 5.852653496330935524e-06 2.394304862612557446e-06 2.996587613442841204e-06 6.493002634720943146e-07 2.852774353965095532e-07 2.775234970726566789e-07 9.946383213619213384e-08 6.418285421247785699e-08 4.398567951266115370e-08 9.602399536936629110e-10 4.679465025815581513e-10 1.670711250160699556e-11 5.503039355232320033e-12 3.502691705660519781e-12 3.504205702940830249e-13 1.762656710138077096e-14 2.364847314246169893e-15 4.710428811448172629e-16 3.698592337351950887e-18 1.788461759525316501e-17 1.941580980001818850e-18 5.280443405806390163e-20 1.069741689420133081e-19 3.951709117048007395e-20 8.600088342475051582e-21 7.579714857328396047e-23 2.277381713736886189e-24 6.115623803948094715e-24 1.807458768684706719e-26 3.832888709476051864e-25 8.208049992568307839e-26 6.271351534423014475e-27 1.483735150734935032e-26 9.532574349573024320e-29
4.365634504304228068e-156 3.052596504173003197e-151 2.794557519025572495e-133 1.165150991462330237e-125 6.058362985830208352e-113 5.091677046599520114e-104 9.969026352987216165e-96 1.340098590179481448e-81 6.617667001215939418e-77 1.791247285419152846e-68 1.089635593966043593e-63 2.344673437417340009e-55 5.606357162982293828e-47 2.401320603069531793e-45 6.534155468026392809e-39 2.594180809969318050e-34 1.785395354965626602e-29 3.287195872658291111e-26 1.107260872434384165e-23 1.028177303008187662e-19 8.315202355529697652e-18 3.005944147674779364e-16 2.311107438150279748e-13 1.241293761123143578e-11 1.094089183045530340e-10 6.102652607243300934e-10 7.018072873800957064e-09 1.693495584245235982e-08 8.717244261229647668e-08 1.577176560613457055e-06 2.593053029548875627e-06 1.042854631926655975e-05 3.655897031945724928e-06 4.386562186389560943e-06 9.842625924013235759e-06 8.410235690437153748e-06 5.311618056260584983e-06 1.073261168955809551e-05 3.257925862424667778e-06 1.418363008951038332e-06 1.521641261844486800e-06 6.317460450469223188e-07 8.744072100085526473e-07 1.616822533899875175e-07 1.089726239213193494e-08 2.381534691010281747e-09 1.545946830739730421e-09 4.399336669258227629e-10 2.179236006772229644e-11 2.486413965102582403e-12 6.810499142607495170e-13 1.992332571287177531e-13 1.382468766446229569e-14 2.395886022905138148e-16 9.993231632951139179e-17 1.018613946142964447e-17 8.888031507028054286e-18 5.297290099352310525e-20 2.453391423897893490e-19 2.528378094637115961e-21 2.497748213113232528e-21 7.556250867725789635e-23 4.767173179943428090e-23 2.915251385366017082e-23 2.740983646238420514e-24 1.003655658745050550e-25 1.409686161929527208e-26 1.298337793100447976e-26 9.835707588519970764e-27 9.201034021554897029e-28
2.104101373921674488e-160 1.952982272166014434e-147 3.117381357658590691e-133 2.205495835960451671e-122 1.715354879007932072e-113 1.194653051561779486e-103 1.566046494236790276e-89 2.058052214429205309e-81 5.563505403290706758e-74 1.343847731168826752e-66 6.425259974916086436e-62 7.247033046952234849e-53 1.122898660715435755e-48 3.562615664134445489e-43 3.401243650143561409e-37 2.106416521544149749e-33 6.640877640114976491e-30 5.743592578644505563e-25 9.351786734070545326e-22 1.394302521058828632e-19 2.566614349082651910e-16 3.575682004843974149e-16 9.256450985587262083e-14 7.341284159856846110e-12 1.398249070869382694e-10 3.301978277159849720e-09 2.657208333784441603e-08 5.644098349130309781e-08 1.815403228823489270e-07 1.697768608002103733e-06 2.174362644733705768e-06 5.162393567558065084e-06 4.081713881247620006e-06 7.078926447504287851e-06 1.676767021745372024e-05 7.521147403188919669e-06 1.383270739792486868e-05 7.648684238872179586e-06 4.490140839246676347e-06 4.213586730979456089e-06 7.371386365912568564e-06 8.631050278695845283e-07 2.084740074172167357e-07 2.673647224751752756e-07 9.890364963404590125e-09 1.753002556018352261e-08 4.291258654412438134e-10 5.727994974849073784e-10 1.703373671267715377e-11 3.880555806636130554e-12 2.151916750047264128e-12 3.967468114789661762e-13 7.573570122807873576e-15 5.119562486546490269e-15 2.287000875187556539e-15 2.753446718136765173e-16 1.047164074531503861e-17 2.634769534022640902e-19 4.533396939383445026e-18 7.190455703597350419e-20 2.559997613704356256e-22 1.085671901446349845e-22 1.156344831158721307e-22 1.838724340793279470e-21 8.433033142272485303e-24 9.191973179732358563e-25 8.073301124083731168e-26 1.532867945499607604e-25 7.357305644454589018e-27 4.222433263016765562e-26
1.502815430171623771e-157 2.520726271658970031e-143 4.626256361423666771e-132 6.948372240414633930e-122 9.237782312608758900e-109 1.488854610141980442e-99 1.668296264343763031e-90 3.636318304212117191e-80 8.127256195842818962e-72 1.301451388746228326e-66 1.431771280422259985e-58 3.533185737092525148e-52 1.799459031285347991e-47 8.052305830350824516e-42 2.653607859438472898e-34 3.673220326588232843e-34 1.175947746615192321e-27 1.029744364248573174e-25 1.352551480447612469e-21 8.955793157776556847e-19 4.308321607226802057e-16 2.995153385449583928e-14 3.247728238344499634e-13 2.401344578870074356e-11 3.657178107320099359e-10 5.492249319348792346e-09 1.564201483347559254e-08 2.093198832032181033e-07 2.477769928384169876e-07 1.620613273208720319e-06 4.186126061452834000e-06 8.903952521127766277e-06 9.491055072275749179e-06 1.954337209296997717e-05 3.467595050798852286e-05 2.869717690978073935e-05 3.777324129689311002e-05 1.998191432501032050e-05 1.440499263065232113e-05 4.775185558915993241e-06 6.076136353121378330e-06 3.531449050726944033e-06 2.223299508454674870e-06 7.583080980969112113e-07 1.059109043105671418e-07 3.334626528847419751e-08 6.640209124608026711e-09 4.288196878772889965e-10 2.341246251110394743e-10 1.555675230578067905e-11 1.499597179199262126e-11 4.038226537261405417e-13 6.067602046814363214e-14 2.062323117765875825e-13 2.890508565381852823e-15 2.802531992418387967e-17 2.392456054138083721e-17 1.564456378213472421e-18 4.066266139867982395e-19 8.266947964576846971e-21 1.736231616225810114e-20 4.116025549269001977e-21 8.258120201470517196e-22 1.469435386794804597e-21 8.309469057211074917e-23 5.583645644450106356e-24 6.968518323753464622e-24 6.161468020436579267e-25 1.522991578549958054e-23 4.254919825047824820e-26
1.765942397477831325e-154 7.235622294123910066e-146 6.579445412013521072e-131 7.797482240990608696e-120 7.135873881020251848e-109 2.082235138173892406e-96 1.949703972890668103e-89 6.141609380724643022e-80 2.372431643960287398e-73 5.080071265048465363e-65 2.012562563900122293e-59 4.887803976252613787e-52 4.621702225429016178e-46 1.177451013937543573e-41 5.559015243402576973e-35 6.186646210857514568e-33 1.138915228174932974e-26 5.531410795565531461e-25 4.148246988562475295e-22 8.233229239849754086e-19 3.632642959582978501e-16 6.249133848510333937e-15 1.133466652992402102e-12 4.966866107755578608e-11 5.548036579468397561e-10 8.733317180439666389e-09 4.332492765277877771e-08 1.999229626611808995e-07 1.364170680998443419e-06 4.282172265356443250e-06 5.267535506118860548e-06 2.356497909166480246e-05 3.257833973293920113e-05 7.741116257539701405e-05 3.845847223788481347e-05 5.856362979162264934e-05 1.388424101786757165e-04 5.274606458050892912e-05 2.059986982177204726e-05 7.034234105668958875e-05 1.189608711569879230e-05 1.021572631224279609e-05 3.053419248489091441e-06 7.123498035090577714e-07 5.365830652855178316e-08 2.045740405886241878e-07 2.735577900342564867e-08 7.877597168894387682e-09 8.010796360031172926e-10 1.168305902874314083e-09 1.033866474768700733e-11 1.174215799125333220e-11 4.968641700206743750e-12 9.374983545396857712e-14 4.869715652591523651e-14 3.944908983363328242e-13 3.713849954499079536e-16 1.340299061303194971e-17 4.684347124769087256e-18 1.993565412701134689e-17 1.162448271461588945e-17 2.603070947796109376e-19 7.031227414731368065e-19 1.899710848720825957e-21 1.257192596874745913e-20 1.016211975328678125e-20 1.285007143428029109e-22 3.585496201405086585e-24 1.168345393498413869e-23 2.576343487848201887e-23
2.318883973562132004e-155 8.269715508993881479e-145 5.945658715070350569e-128 6.044990345864538721e-119 4.871962512733227529e-107 4.089123403777955206e-101 1.052205521095285164e-86 7.316250462236028359e-82 1.706630141578781099e-71 3.556607239482768562e-62 1.177175102036962803e-56 6.672488275131824011e-52 1.072571242690361763e-45 2.104638262007543055e-39 2.765919373640035112e-36 2.320665551954158637e-32 2.972878354658070110e-26 7.150697640824206277e-23 1.077899188377240293e-20 1.054574462072557686e-18 3.467711614169360827e-16 8.760793188723385935e-14 1.408909772696381130e-12 3.022169757707577793e-10 2.712490674636742617e-09 2.207850243366818876e-08 1.165575234200966119e-07 1.516660533055226023e-06 7.764100939111096033e-06 2.010880152882708627e-05 4.133994932217388861e-05 1.121977019905671128e-04 1.436146348019983995e-04 1.115102156308247274e-04 3.481938171444850572e-04 3.226809370528317526e-04 3.672135483493395368e-04 5.200750342996669990e-04 3.832947587967572593e-04 2.233604614112859180e-04 1.668170047378339440e-04 1.189302546168720349e-04 6.721403296230742770e-05 1.506738172003873790e-05 1.754869206545063055e-05 3.707702678344329760e-06 6.837096973978567075e-07 4.262971420539619887e-07 4.829017455284691034e-08 2.785266843300106025e-08 1.797653162779864635e-09 4.245520399248601395e-10 6.400468841369596935e-11 2.012189873352583195e-11 1.360201860493342900e-12 5.367341131342875131e-13 4.297555893033876204e-14 1.042916007257650258e-14 1.204504795503446290e-14 2.373266997407817910e-16 3.589083396686438100e-16 1.014831566196518119e-17 5.264930980304085967e-18 8.541816568239187472e-17 2.715389624938176466e-19 4.268990834357429353e-20 3.197306249403117675e-19 1.670760499951443743e-20 7.974769644711259992e-22 2.797599918940857921e-19
4.748455566557378472e-154 1.613558007517565514e-142 5.199453074191543451e-123 1.157082330758626243e-118 8.236564898161996064e-107 9.297620774076409415e-97 2.864480958009331552e-81 2.023601617054023162e-81 4.682815015792037030e-71 1.427327254745130492e-60 8.733181855924324733e-54 7.661356456648187955e-53 2.118392404585703783e-45 1.433338306277808698e-39 7.720669709699005276e-36 1.061113966811306716e-29 5.235954930606683574e-26 5.104452830521515574e-22 6.948320503841054707e-21 3.633329010260066926e-18 4.260024699966020497e-16 2.247227101974431554e-13 2.121912724066943571e-11 9.212194253640982002e-10 1.236483972955599086e-08 1.127306999023404255e-07 2.262689405397366402e-06 3.040707597178802607e-06 4.089871922877043336e-05 1.912884162222544592e-04 3.167807751052761998e-04 5.096879841828554254e-04 6.933004619256285996e-04 8.283229556222617036e-04 1.056013452904657531e-03 8.108586034003904385e-04 1.101284739276396944e-03 9.710602022287077818e-04 1.012319085308287800e-03 9.415243799938545315e-04 6.538647596926943717e-04 6.300846990032451991e-04 5.228760534693564646e-04 4.337556615885133264e-04 7.585892426560220906e-05 6.544127004170539950e-05 4.983907781981640207e-05 3.479746455850278744e-06 2.461872360251678257e-06 1.034115126308288229e-06 9.049636157671601186e-09 4.727750928846955124e-08 1.767921679889865316e-09 1.509936027934210672e-09 2.098214329667417291e-10 4.428574549551069636e-11 1.023411376444148423e-11 2.209986062824292873e-12 1.634941640034804751e-12 3.407505755258386405e-13 5.242237272763987904e-14 1.975489277657276591e-14 4.989802645614296501e-15 7.655124539792339473e-16 2.829069395085982336e-16 5.129892112118024660e-17 1.677875713725087964e-18 4.984748599671257611e-18 1.448297791306539648e-17 1.052689724001819091e-18
2.749161827306341478e-153 1.074507282971096815e-138 5.076143132681290492e-129 3.705266328126865115e-117 5.010979580741963450e-107 4.971616909009039053e-93 7.549974901255781215e-88 2.634176467501950827e-78 1.436843055370570453e-69 3.895106125796520701e-63 5.160076235833651077e-55 1.719906343063203714e-46 2.194372472953581718e-43 8.561725428321003364e-40 5.182400552726812330e-34 3.834155973570796641e-29 8.459565085808346654e-26 4.503620653947115540e-23 5.661779814931049774e-20 9.180303106147476798e-18 2.025279374819775418e-15 2.155038946757429657e-12 8.179355795627163485e-11 3.578725036364473232e-08 2.409349793835826121e-07 5.152298285172373976e-06 5.630537144005148375e-05 1.336857222155106537e-04 2.991383165867703164e-04 9.838140129508215776e-04 1.069845364375855484e-03 1.691609089924470816e-03 1.665964133143073202e-03 1.693833748682824561e-03 1.742716502466433535e-03 2.163094599385379825e-03 1.956242797476252532e-03 1.859031312115962771e-03 1.735767096675543695e-03 1.653378944935682054e-03 1.509724736509956587e-03 1.487314499058861508e-03 1.452121283635548002e-03 1.442293404876052480e-03 8.461772399544510975e-04 6.787291859306889084e-04 4.440571311013531697e-04 1.623048383268653071e-04 1.981938211970538436e-04 6.985695281777775149e-05 2.070174485550878486e-05 5.649084864212581540e-06 2.196851299620550454e-06 4.586960007815486118e-07 1.025753906837992847e-07 1.592222244286815878e-08 6.862578892105222545e-09 3.326536248396234121e-09 1.370858237881250611e-10 2.846745741818491839e-11 5.476209165754458260e-11 5.977740417173507623e-13 1.842093297758273257e-13 5.235260103521923312e-13 7.043412811708019631e-14 2.487284243542291642e-13 7.900967827321461325e-15 1.587564271465823592e-15 6.920013264684338700e-16 4.075746738473393032e-16
4.000375546923469332e-153 1.829864411477800255e-140 1.607425448304910639e-120 5.247696185712926391e-118 2.070383291262005554e-103 8.629345741133874630e-93 2.480304820387888753e-88 1.846059968837691076e-75 1.138704712898568061e-67 8.564732093351306969e-61 3.237353718592318342e-54 6.644434531928009639e-50 9.701464693646850734e-43 5.170737541803395947e-36 9.895901841755181149e-34 8.713168617251490023e-30 2.827673901110467008e-26 2.677531131317519621e-22 3.281082549264830343e-17 1.497144477696030130e-14 3.844434935321711168e-13 4.488233031628167593e-10 4.432629134694053393e-09 1.047055155704727979e-06 9.736942409040629523e-06 1.216788000417200026e-04 5.217687649491677387e-04 1.063794513043650383e-03 1.312286126339144189e-03 1.831274345426503946e-03 1.660597291265818740e-03 2.260747539244484586e-03 2.404033408800014104e-03 2.313000001931735973e-03 2.514310847860150213e-03 2.495713381213096344e-03 2.464989366290192951e-03 2.660171993880409199e-03 2.277440431876635949e-03 2.266255872353138516e-03 2.358385736730927735e-03 2.333139582498341795e-03 1.945510122589514399e-03 1.936839253426631338e-03 1.813485556411695244e-03 1.571604931908896071e-03 1.537380871983732048e-03 1.608865727851525483e-03 1.166114359757941315e-03 6.570102348235751623e-04 7.200145749142823539e-04 2.619917897285170571e-04 2.033622892148435435e-04 4.539249598408520492e-05 2.411476585487044402e-05 7.010123671499921404e-06 3.973116801422376454e-07 1.405516483780419208e-06 3.813728793038380182e-07 2.504956126754094515e-07 4.449438666846750821e-08 2.390475467221977279e-09 5.134568401421787908e-10 6.841355975147291501e-10 6.036160259836324210e-11 1.168925705111163159e-10 5.478058849761699371e-11 9.406363189368091428e-12 8.650393193146209735e-13 3.512649913924364960e-12
1.380598985569822327e-150 2.398905309359291107e-137 2.998562383704553441e-122 3.580483483356258010e-113 1.233982500701224436e-99 3.021519410346954008e-94 2.147552141345907364e-81 2.181180555678813501e-76 5.601517122151231701e-68 1.108607990558869954e-61 4.652131623946344493e-54 1.968617814643182895e-46 2.560613212954867383e-41 5.479404475022416884e-37 2.521194301293706350e-32 5.744679699504890599e-27 3.521387524982566342e-23 3.306989308369939169e-19 3.652687186348844382e-16 4.814842963209609897e-13 4.347961716014975981e-11 2.590422707160430932e-09 1.496111938076900543e-07 2.406720173256318509e-05 5.170548293267523184e-04 9.724497893640557953e-04 1.289338992264399235e-03 1.582444595783571040e-03 2.355975939875238137e-03 2.252616527638047657e-03 2.564885014589120098e-03 2.854687171020502730e-03 3.007260536361238724e-03 3.211053113133900856e-03 3.052782002368361995e-03 3.115445273571282921e-03 3.107052639384634551e-03 3.182431466371115226e-03 3.105980667312924909e-03 2.882078682790445000e-03 3.158350238275872864e-03 2.829630883404663302e-03 2.713328442150500334e-03 2.588421672297246123e-03 2.578457716418942544e-03 2.198998894376324054e-03 2.387009736466692584e-03 2.012592344119043270e-03 1.451113710945290238e-03 1.431600394441777521e-03 1.379982914372281750e-03 1.266072677853668626e-03 1.193298331004695413e-03 6.178611396693730034e-04 6.323952068467218312e-04 4.907284243472447970e-04 2.596572781823635353e-04 1.676434807336239232e-04 8.060313175190936404e-05 1.226750739733899986e-05 6.656292710618418900e-06 2.331637947503227306e-06 2.236089436789245262e-06 7.064322183260234741e-06 1.919592612320176493e-07 2.938695157037440476e-07 1.485852960848969858e-08 1.479923963730660595e-08 1.551434834340862140e-08 1.524693209154728022e-08
2.245231298132048983e-148 4.584210407133181760e-138 1.139058862225706000e-122 8.686347270195367589e-115 1.115837010505856007e-100 2.282623097852046185e-91 4.563681110616218624e-85 1.396966730037395553e-75 3.891564717006019115e-66 1.385248179587257042e-59 4.250178594746762476e-54 3.773966234559867003e-47 1.009054414147129280e-39 2.812473042940716161e-33 1.888615200737237582e-29 2.484244126147123523e-24 8.388369523114500469e-21 3.408858490771111203e-17 5.771740030372248652e-14 6.686264234332709288e-11 1.329900782723196748e-09 1.370730716363831246e-06 1.414518755683913474e-04 7.363362247363207857e-04 1.806746448531883426e-03 2.009551013610574952e-03 2.529400007832710399e-03 2.862257691495975493e-03 3.004492340389254210e-03 2.980512797543539722e-03 3.276389951199432365e-03 3.459458420670679605e-03 3.360755610067380720e-03 3.572396187728244660e-03 3.626037723619955112e-03 3.636540700514312528e-03 3.820244363885634716e-03 3.687006629011945445e-03 3.542785914579238415e-03 3.751419913345236876e-03 3.556586962004602316e-03 3.414295886573429171e-03 3.380236223879027734e-03 3.081795614684038065e-03 3.069153116601907628e-03 2.896877232151654630e-03 2.565107157261829491e-03 2.480237109178615087e-03 2.423181375779495574e-03 2.373564842739586331e-03 2.278559786895440181e-03 1.800364216045881533e-03 1.712373916927727646e-03 1.838052629129446197e-03 1.407283369148034030e-03 1.020286113815289464e-03 1.326506298630481103e-03 1.370364707416784440e-03 8.792815071394029409e-04 9.928460111906939074e-04 7.409842283154095257e-04 6.033692199230445948e-04 3.764515215451389222e-04 3.806182034980102116e-04 2.910914878912708903e-04 1.948073441211307813e-04 1.059403418457124279e-04 8.033111469343331295e-05 3.304037391550739136e-05 1.033182824880030881e-05
3.161730430133556248e-148 8.872847826241110723e-134 1.675766632910681450e-125 1.603564972563381675e-109 8.810150546135410459e-99 9.990702576983015966e-90 5.969112718695407959e-80 1.608003904260899504e-72 1.926951164398171946e-64 7.139683048310892514e-56 2.853334941576001027e-49 2.461315540803481438e-43 4.842905819296697339e-38 1.830577993180458846e-31 2.371084194933243121e-26 1.555658889604488916e-22 1.235041426665413074e-18 1.126970954080571108e-13 1.054499480682131042e-11 1.188885199792716935e-07 1.763657053637584260e-05 3.778136756535991053e-04 1.305012034990049195e-03 2.022126937867195755e-03 2.490537103158767251e-03 2.918023674696921654e-03 3.057171360972547013e-03 3.211032564188699614e-03 3.514924631009237049e-03 3.764815505223348315e-03 3.750313199095243674e-03 4.070832971121847790e-03 4.181854154513462395e-03 4.205985024312886532e-03 4.237047117549665176e-03 4.544259726346052894e-03 4.526040699047695869e-03 4.392810274723559470e-03 4.286782413896533632e-03 4.306002205760467438e-03 4.381867827304116933e-03 4.387468518070436647e-03 4.294768125603379283e-03 4.082844966502340370e-03 3.546641847884332305e-03 3.552951897617613423e-03 3.194156627037863551e-03 3.031680247416205717e-03 2.905043637819622587e-03 2.801331915413697755e-03 2.796136201630120000e-03 2.550063152936565738e-03 2.394928667748811267e-03 2.371399056952792472e-03 2.082818332660041610e-03 2.119631798642066401e-03 2.074147399410178685e-03 1.822158956985935963e-03 1.762854405280216618e-03 1.501045794444608519e-03 1.645482758430107540e-03 1.520798657904455162e-03 1.352234433785388370e-03 1.308162211764978032e-03 1.039715018384060200e-03 1.099050702725778029e-03 8.386129350044310574e-04 1.072152714128569908e-03 9.513749274778797102e-04 6.554070685404889260e-04
5.110578817773830870e-146 2.310240543117473085e-132 6.814640870267450420e-120 6.859662144962793336e-112 3.193677891813464585e-98 1.896126325923080125e-88 3.302708511126581830e-80 1.446161026580771563e-70 4.041566493315944583e-60 1.180129152774953000e-54 7.780280630062949654e-48 1.999441359597215535e-39 2.170360413092376102e-33 6.283938620265176878e-27 6.868289161469089198e-25 4.410847930356409268e-19 9.424486502004349689e-16 6.606305970035068061e-11 2.702718308238868109e-08 1.210666084280894410e-04 9.046307440014827268e-04 1.911224636184217065e-03 2.390234822125253920e-03 2.719974346944895992e-03 3.255754571911244084e-03 3.350387816724170742e-03 4.039543750024694735e-03 4.191254011601815155e-03 4.143836412491260467e-03 4.285133549391293740e-03 4.421057461843003016e-03 4.716041087728570745e-03 4.945484877601492336e-03 4.961027169685897076e-03 4.865616549127293675e-03 4.987228811651307596e-03 5.172382382809074045e-03 4.973895178935412373e-03 5.259964611029161949e-03 5.242967341165967292e-03 5.084765101614464877e-03 5.072306982895481535e-03 5.154354351690467427e-03 4.921836187393666302e-03 4.667561223298664040e-03 3.929387020505117900e-03 3.986237842188936759e-03 4.237104606736672406e-03 3.847093932421764579e-03 3.503636809507364430e-03 3.278681097027002622e-03 3.226135264620186641e-03 2.873136450532559269e-03 2.923066440988070919e-03 2.719802482393539941e-03 2.705328479353123067e-03 2.747044526016505662e-03 2.443620939248911366e-03 2.347081352925061131e-03 2.168189861931081250e-03 2.252743707160254592e-03 2.221449894812048149e-03 1.745066547918649232e-03 2.016557423546473920e-03 1.982939881128951021e-03 1.740339723967013761e-03 1.690627897752168714e-03 1.683339609248573092e-03 1.692280018153165602e-03 1.654437585181976582e-03
1.544642883025761809e-142 7.456521751683380154e-130 1.421347404461435703e-118 3.447706945137894008e-108 8.472107714622061224e-96 1.197578460609938116e-87 2.930021528247720245e-77 9.057177137168167213e-65 3.498424443949604251e-56 8.097920204614140939e-46 1.814189285205579897e-43 5.838489063429586883e-36 2.836090748361516014e-28 2.206693629092981959e-24 1.018930673252114902e-19 6.594310105536887334e-15 5.354022759011348330e-10 1.371746832552380024e-06 3.258612247796239397e-04 1.141623316199341914e-03 2.211934016195291237e-03 2.925494136216935572e-03 3.300270602706228355e-03 3.496481938256094848e-03 3.785351499667204047e-03 3.976286180159408976e-03 4.257632949089226390e-03 4.378179563556282641e-03 4.601529421838710700e-03 5.090537943211968612e-03 5.119352610090747643e-03 5.385671033707219169e-03 5.407958511760116958e-03 5.349325421034565112e-03 5.677943768124594712e-03 5.885129887868959138e-03 5.902505561552951439e-03 6.192995900122830188e-03 6.160754283325463841e-03 6.126087025476684676e-03 6.385579791541453644e-03 6.388234481063743107e-03 5.981778282977057680e-03 6.567586791122087368e-03 6.054449376808910405e-03 5.812120124415775906e-03 5.968513808208572927e-03 5.189108339489039746e-03 4.513496006865786239e-03 4.870144405017943524e-03 4.538170656531574122e-03 4.279001652170641434e-03 4.219231438211719885e-03 4.239905426603311246e-03 3.838845387809098654e-03 3.398727609026166996e-03 3.029157370633822881e-03 3.600885739255043315e-03 2.966462491197380084e-03 2.909002506484415114e-03 3.052925641472716695e-03 2.684581603757664209e-03 2.075894128872570171e-03 2.474751261439034778e-03 2.592465309325363461e-03 2.563642382836957539e-03 2.403712914470419217e-03 2.257225429679431215e-03 2.440486451579525901e-03 2.669876315741846143e-03
9.868487359928425287e-140 4.996042470486222586e-127 8.658754343603938064e-114 1.372713523450386050e-102 1.107589274702697350e-93 1.023136506428609514e-80 6.416257403618161286e-69 2.958668300748610342e-60 6.907877487966913557e-53 9.103755565332878408e-45 2.890827509426565788e-37 5.788823812366447940e-31 3.039848458431047362e-25 5.598902296968486882e-19 7.829306667402713354e-14 7.016597131340751135e-11 7.025418432773455909e-06 9.304537704164371655e-04 1.917416688978359953e-03 2.653338830264051398e-03 3.121259481358380598e-03 3.621666290720680116e-03 3.864474444321315105e-03 4.135330461844664504e-03 4.274657232872996343e-03 4.722286376824132680e-03 4.838129574983937239e-03 4.986936548385567831e-03 5.373230010087892868e-03 5.757033915136459609e-03 5.856233285110343939e-03 6.024509840412597961e-03 6.183674425372121322e-03 6.265979480140381960e-03 6.792081694638759867e-03 6.817474717110268319e-03 6.755560809181519397e-03 7.170421832265209613e-03 7.270486541455649029e-03 7.225282260957218046e-03 7.484254321179687093e-03 7.806886108731495889e-03 7.790559987342972857e-03 7.694091919604911442e-03 7.723337546951074967e-03 7.564348881192605248e-03 7.481401383237547102e-03 7.979625152437899716e-03 6.743992683152222160e-03 6.448115506048971747e-03 6.896249319771741333e-03 6.099058040058046373e-03 5.663256017257164640e-03 5.947882932466166603e-03 5.129867597260027653e-03 5.353231297507233220e-03 5.247461783289189725e-03 4.839612290061472318e-03 5.076877328936891219e-03 3.848480324248583755e-03 4.742443712171267971e-03 3.868328342450483206e-03 3.760546916255691138e-03 3.355718902417023208e-03 3.607313245408091430e-03 3.396781750012638126e-03 2.779803757890212789e-03 3.663832657054117824e-03 3.423430906005469742e-03 3.188479458678205800e-03
1.895690280994190130e-129 5.251204492562776235e-120 4.022506964240547674e-106 9.882112123932677001e-97 1.701201854331397017e-84 1.020155693614856579e-72 7.511773849469770224e-67 2.362128549246650220e-55 1.288263054128811202e-49 1.475341185808598710e-41 9.689496597800824290e-33 4.132015084409324423e-25 2.096589024508729998e-19 4.608186990441107543e-14 7.985082614425612878e-10 5.541678553973403577e-05 1.593280857806025951e-03 2.245752580431217577e-03 3.245419423165111714e-03 3.632790168268758627e-03 3.890333762239035938e-03 4.205507480543073905e-03 4.627160570516762259e-03 4.860907775186940061e-03 4.980550941147250665e-03 5.253839599635699333e-03 5.530667383482783250e-03 5.954050859033570633e-03 6.150553682352633174e-03 6.458862071374658897e-03 6.678840109293084255e-03 6.706904614612814279e-03 6.847282925654397424e-03 7.150334633838807338e-03 7.678106440382154001e-03 7.797371932820803229e-03 8.188659278686557380e-03 8.308531607293319007e-03 8.383399800011921005e-03 8.571429171199608510e-03 9.102374966904070580e-03 8.890974738918814430e-03 9.532194875341154505e-03 9.156102207161053233e-03 9.450999746726538100e-03 1.019242197639224322e-02 9.479525181336269715e-03 9.928192392640844063e-03 9.523122949274587939e-03 9.398010637246887247e-03 9.722842311383610506e-03 9.047282017307577487e-03 9.957842793497559061e-03 8.690290395837236073e-03 8.574728925075249253e-03 9.144377749242848727e-03 8.125042980157573883e-03 7.799660783325746208e-03 7.891806806491482446e-03 8.463401575605832700e-03 6.518729075026472898e-03 6.020021479050579986e-03 6.384657214953144873e-03 6.314175584733914930e-03 6.211317587550229877e-03 6.814152617049895090e-03 6.236578991549624959e-03 4.820236211108830382e-03 5.928657824148652472e-03 5.570680289257328756e-03
5.937079703423243918e-128 2.108189204082219213e-112 3.142983839304315260e-100 3.463494516871571666e-90 3.850943596958363661e-81 1.928925920174816772e-68 1.130247938976337472e-58 3.408009459430182713e-51 4.018390465917666205e-40 1.227968700857063305e-33 4.087285292446130277e-25 3.169062691109710785e-20 9.242691660205315577e-14 6.767978541933112055e-08 3.192239610156147865e-04 1.743498630443138893e-03 2.499975699503023847e-03 3.200976906023238547e-03 3.933515334109018505e-03 4.479395182809434856e-03 4.741156937438341205e-03 4.710852164162733502e-03 5.262397059999201175e-03 5.530872812563829635e-03 5.938616360701754783e-03 6.128525806571393127e-03 6.367950131356516635e-03 6.515643721945013969e-03 7.170072316367203692e-03 7.201293368707859487e-03 7.554412087402237290e-03 7.723665948478163415e-03 8.141899437807034734e-03 8.165685097025476846e-03 8.527482309075589198e-03 8.426795370269253571e-03 9.117438017761417615e-03 9.584721585496594823e-03 9.690413868078534554e-03 9.840835107893778147e-03 1.013866469188675311e-02 1.045951337389558651e-02 1.088935054639532385e-02 1.130060751121569548e-02 1.172505325091546639e-02 1.185982948425297508e-02 1.239957265419395355e-02 1.292060457486989868e-02 1.299838953759218339e-02 1.328369143047830429e-02 1.411356672293060353e-02 1.368064132799931901e-02 1.377417755561616101e-02 1.390610348737775573e-02 1.366042071079578805e-02 1.324222552828815264e-02 1.403983636763441421e-02 1.255056878088867990e-02 1.375282466560792845e-02 1.304041916838782726e-02 1.353685424332233198e-02 1.485301968166002212e-02 1.284463028019393327e-02 1.307878136616784717e-02 1.116799831201854831e-02 1.258378240139674219e-02 1.324483838775345618e-02 1.172922411816613823e-02 1.107920915960739806e-02 1.082534884601882991e-02
1.871389108681663713e-123 2.989374847869953332e-112 7.387151846203555492e-96 9.267054844807057852e-86 5.544288571401813973e-74 6.154887657884353376e-61 6.246999393134671637e-52 4.290127747282184224e-43 2.499843109952360077e-34 2.247500681505472987e-28 3.755723713938940958e-20 1.212752342945152453e-12 2.617896302214022239e-06 6.723850170443422362e-04 2.532146659750328464e-03 3.286271635599808793e-03 3.929756008298531528e-03 4.358500251750140227e-03 4.778675660526746603e-03 5.007989853958459518e-03 5.544379472059324243e-03 5.833988382356767796e-03 5.844658865138835542e-03 6.204059678143724818e-03 6.728542786232508469e-03 7.048131833221024309e-03 7.548408692708428319e-03 7.529320857075858138e-03 8.031304726276980790e-03 8.430383979278938816e-03 8.483362178125442715e-03 8.825777206090608049e-03 8.946085083578201105e-03 9.279088446146227173e-03 9.573399042491798072e-03 9.396065183008818489e-03 1.012604856977186718e-02 1.054835814896273177e-02 1.080874167234522135e-02 1.089132991662923079e-02 1.151441495188990256e-02 1.164063833749107504e-02 1.243475736584081712e-02 1.250934696789573856e-02 1.352110567187909430e-02 1.431125561995219737e-02 1.478471445960219399e-02 1.537935028493214208e-02 1.630088715727902315e-02 1.781478445145340608e-02 1.788850582730214592e-02 1.792899419297986838e-02 1.813898184541975003e-02 1.754038500062499173e-02 1.969473509471556319e-02 1.971076265209873585e-02 1.990832600161321700e-02 2.114283568923177453e-02 2.092750129657809308e-02 2.267281485752409634e-02 2.397440845247287775e-02 2.354545625256024288e-02 2.530074811121089257e-02 2.521131987841534333e-02 2.645013879749930769e-02 2.686213050901316290e-02 2.392358793929615438e-02 2.907444725843539440e-02 2.835549229830111248e-02 2.884152723786946246e-02
6.195532057436356379e-115 1.007817276961640667e-104 9.071143047924527764e-88 1.158423651416013164e-76 9.444418916117857579e-66 4.301106252857957053e-54 4.181099542957388018e-44 1.388408456771704485e-33 2.573739476086668441e-26 1.100595512121039462e-18 8.315031346215851791e-12 2.727955126023969031e-05 1.296471816008065367e-03 2.807020646614318427e-03 3.957719048670962393e-03 4.589715758835634374e-03 4.844991145488023419e-03 5.285327854868652683e-03 5.714502404955015477e-03 5.970813404182876566e-03 6.306516775035102794e-03 6.383128656969791134e-03 6.757732921926877523e-03 7.165584644340516722e-03 7.673199133503698019e-03 7.820006588409587553e-03 8.282910039634956006e-03 8.832694971692027497e-03 9.084475703254867376e-03 8.991418262145335974e-03 9.417793652486430162e-03 9.696197032464590193e-03 9.828152102287841113e-03 1.000358967098462747e-02 1.052853778395599314e-02 1.084051600488808616e-02 1.128825046148978009e-02 1.142940267445785932e-02 1.184273942103658550e-02 1.235139634672815200e-02 1.314169468378459035e-02 1.329371063187566836e-02 1.372117554709628880e-02 1.432693850321595588e-02 1.521090151474691239e-02 1.565306137461808939e-02 1.663836663839660460e-02 1.737265182379700568e-02 1.885186181923393864e-02 1.986992298140393895e-02 2.086372452181806808e-02 2.180048408566834239e-02 2.340182963005563166e-02 2.491684868875296277e-02 2.569325971046062390e-02 2.611521249432214101e-02 2.727191267375033562e-02 2.965041404517198068e-02 3.075062534146012425e-02 3.139896257680466207e-02 3.354853118013920860e-02 3.558019299305713312e-02 3.949572582462788917e-02 4.198584549361843860e-02 4.373371704637354918e-02 5.072330562125180325e-02 5.536599418451352422e-02 6.169509722083984377e-02 5.998303447093739083e-02 6.584012378165692014e-02
2.190632363578167717e-106 8.627957318998178905e-92 1.718727153043788919e-76 5.060996587865004029e-67 8.006448945616457218e-58 2.130858711585275462e-46 3.826003785406763767e-36 1.842267015368741692e-26 3.782083739874536488e-18 9.900107032393834071e-10 1.447160514392982977e-04 1.826405285785434509e-03 3.435124342173365933e-03 3.989795096448600815e-03 5.332351493186846328e-03 5.548876857963429797e-03 5.738686764638509415e-03 6.126787919096509695e-03 6.577049909457012046e-03 6.823980450239092860e-03 7.010619702931051959e-03 7.556568680293105321e-03 7.578735927360407722e-03 8.343287209082504360e-03 8.537414072129672141e-03 9.295401208344525670e-03 9.607210490892616195e-03 9.844298410697390617e-03 1.014731265957398085e-02 1.028611493394229748e-02 1.019173357686840517e-02 1.103340606202227007e-02 1.121465987422385659e-02 1.111492693523539674e-02 1.199144784150897418e-02 1.192672334727863659e-02 1.215303181798853271e-02 1.280721604844229852e-02 1.358280984447154949e-02 1.380470777442210917e-02 1.431063945762818014e-02 1.484216079690815412e-02 1.558157447502964491e-02 1.577377589430330532e-02 1.684087399777336319e-02 1.750267796839105605e-02 1.821036477679627980e-02 1.861182598461149848e-02 2.060973163706691230e-02 2.242047980486817915e-02 2.389962680603373649e-02 2.551027144745013006e-02 2.698910514749368328e-02 2.956676683342431694e-02 3.129754127134882352e-02 3.211907478229313745e-02 3.449351867143798239e-02 3.760792379277563824e-02 4.067837166802672905e-02 4.278922166690974499e-02 4.366806956383575272e-02 4.848184771834638390e-02 5.016700076061874486e-02 5.545635196485658447e-02 5.867500203598617625e-02 6.549606014428584200e-02 7.124242628470001115e-02 8.103107048318114458e-02 8.735508383750398287e-02 9.833735270781647497e-02
7.622987191290949144e-92 6.123611422878666852e-85 6.331144573799600749e-69 5.930903488853401622e-60 5.240031562022415646e-46 1.558314174254655096e-37 1.842419137906539286e-24 2.185077175313921000e-15 1.453484364020984074e-08 1.433731070578905288e-03 2.276272882350896965e-03 4.520292358667543121e-03 5.493617142660771335e-03 5.372123828651404788e-03 6.175731278536885673e-03 6.566032998953843548e-03 6.914785499397685213e-03 7.281386183539283533e-03 7.911059336948017898e-03 7.592884617044616188e-03 8.251565199184804703e-03 8.628686148024191857e-03 9.268646580881102076e-03 9.624597725248760713e-03 1.047331252726611296e-02 1.078095710405183386e-02 1.068840734695814497e-02 1.123638629651893019e-02 1.175273568998222613e-02 1.153496862845371750e-02 1.162668757800547521e-02 1.197490048747495983e-02 1.208853820289850986e-02 1.245261129904160803e-02 1.251884936331888222e-02 1.323451760334284216e-02 1.383297463581308930e-02 1.421582691176121772e-02 1.457968210806651586e-02 1.571832806533055016e-02 1.611730851602460879e-02 1.708082668638231938e-02 1.691667442117798445e-02 1.793717889654357009e-02 1.808658835282208124e-02 1.917025898476285364e-02 1.992563222750544719e-02 2.153216321200598221e-02 2.261875550458597103e-02 2.372798628181065073e-02 2.506699214174154533e-02 2.885766413540111902e-02 3.007247097114505718e-02 3.304145105893321888e-02 3.539463261575733627e-02 3.916450915904950286e-02 4.157247191717576562e-02 4.380057619194772933e-02 4.985406036595561863e-02 5.171216168913986277e-02 5.635571745718821052e-02 5.967193726362590017e-02 6.555522805586773416e-02 7.016839586550727148e-02 7.478753891134430620e-02 8.127388120106693314e-02 8.634049457439356423e-02 9.479091848946566423e-02 1.041537678734585082e-01 1.099144416763924575e-01
4.447701542439883240e-86 1.685795596997671448e-75 3.993842931375909441e-60 3.259926775938300363e-49 3.265811949921558668e-35 8.874119297435539757e-28 5.102515824162643569e-16 6.731788517040096452e-07 2.260633125811501148e-03 3.647427088857940931e-03 5.419509936464055912e-03 6.243643850109055309e-03 6.715576874019925889e-03 7.388328037406979854e-03 7.563709441132925385e-03 7.810511250487524836e-03 8.508420425467878856e-03 8.514940462610028765e-03 8.630702825508625511e-03 8.849093352266574133e-03 9.360208908272439968e-03 1.015634395488220452e-02 1.061195503739885762e-02 1.167221378045210992e-02 1.167047855275385806e-02 1.221694938250298193e-02 1.249928325250862851e-02 1.278317417938026543e-02 1.255880186946647069e-02 1.272131270107669694e-02 1.310852756654832044e-02 1.359889178635143719e-02 1.374945023970836067e-02 1.402742739918328742e-02 1.441239872389885220e-02 1.440752938170049811e-02 1.537800566869579506e-02 1.543964933001650691e-02 1.627533862776040299e-02 1.653478804094430168e-02 1.767180400722405745e-02 1.861644288658530558e-02 1.935885247289763703e-02 2.018437456742423405e-02 2.137275030978400339e-02 2.194093154585828251e-02 2.223409523435492322e-02 2.439355063191196368e-02 2.446308624785588359e-02 2.556768232104260699e-02 2.733780702882684932e-02 3.027055391251779609e-02 3.314314787103828097e-02 3.575042622336441905e-02 4.012822751468929361e-02 4.307473330839461240e-02 4.905911873901584036e-02 5.228894336059156100e-02 5.498016213088203347e-02 5.943316863758989904e-02 6.522607119231338402e-02 7.156844748959623193e-02 7.793958140478428331e-02 8.494452466627901155e-02 9.193395041949700697e-02 9.991034271019022528e-02 1.070279030084745758e-01 1.134008949062537547e-01 1.233952617545416852e-01 1.323003669151692208e-01
9.312300703798797539e-79 5.941303767338384353e-62 4.445568309104401100e-49 3.522517888489095600e-34 4.576121278141734764e-25 2.050914183984537919e-13 5.254055212020138684e-05 5.086789441163386619e-03 5.963510865076649195e-03 7.514871728379054344e-03 7.602124553737192418e-03 8.191735190784397297e-03 8.475778100917163299e-03 8.421513936423357521e-03 9.123516813549111676e-03 9.526058834161446956e-03 1.038029931858262984e-02 9.647743284528775831e-03 1.003499799148090121e-02 1.060435038203781828e-02 1.085156712268752280e-02 1.217886506747113684e-02 1.299614627744831094e-02 1.301514239176452398e-02 1.416347024735183611e-02 1.414442671477216841e-02 1.427226715801110934e-02 1.435434011489348030e-02 1.424616469280795550e-02 1.451818545990143754e-02 1.509398113214170320e-02 1.472310920924611854e-02 1.508751984341441706e-02 1.599924417246705727e-02 1.565116052463302529e-02 1.613343907350670015e-02 1.679864905225331509e-02 1.798566652835252230e-02 1.793557726210857212e-02 1.938720126237436156e-02 2.003582154578992941e-02 2.033619834067664986e-02 2.216661573404994298e-02 2.295853406485862461e-02 2.376468162963238720e-02 2.425698618247700694e-02 2.595675512997145176e-02 2.659083127498107144e-02 2.784321023126812289e-02 2.890618854982598268e-02 3.071938141935809385e-02 3.288596478748416485e-02 3.498750786968059939e-02 3.929496539175469927e-02 4.443910706542446298e-02 4.924507083523393947e-02 5.161181852791524999e-02 5.760720073178675349e-02 6.334194335795224895e-02 6.887462586716987245e-02 7.386221954442116766e-02 8.130350264126504078e-02 8.894300852265892010e-02 9.558182222210932777e-02 1.050454635597113801e-01 1.141688272291448980e-01 1.245813318350735277e-01 1.357030446984381911e-01 1.462656194209719929e-01 1.536013165311171658e-01
1.675346957619871404e-63 6.518729247950248963e-47 5.114943553546590384e-34 9.766967910200667819e-23 2.180836376234324800e-11 9.304893428247409818e-04 6.354698395896406574e-03 8.492964109797615860e-03 9.336050891591540432e-03 9.737273708291182064e-03 1.004633751666101499e-02 1.020444492232625532e-02 1.045543259528365632e-02 1.012003405103964818e-02 1.118481552215698331e-02 1.172991517479186202e-02 1.150427348591070986e-02 1.121992334907394480e-02 1.217499324731965288e-02 1.263535899924937353e-02 1.343849146906620114e-02 1.467383774964900293e-02 1.520473170637739666e-02 1.502915966966823433e-02 1.600598274357541151e-02 1.608572946150251676e-02 1.682698473178121518e-02 1.591412051324777449e-02 1.626330244402394640e-02 1.585429196934998522e-02 1.639976092765844246e-02 1.669852203805757135e-02 1.666957579915898449e-02 1.740397804543962132e-02 1.762153554516969131e-02 1.816723611420090201e-02 1.904035002051826866e-02 1.944690047900233393e-02 2.017952975962702955e-02 2.102312027149815660e-02 2.232019588161085824e-02 2.383026345211701827e-02 2.465229051662947909e-02 2.610003148999055084e-02 2.635718759905505623e-02 2.800004303417680251e-02 2.930144813956140140e-02 3.107560334821361098e-02 3.238711781360140846e-02 3.391112096898886430e-02 3.635739196914268556e-02 3.725997848760576742e-02 4.006166030219389385e-02 4.351441807845506798e-02 4.807614303406949896e-02 5.334467143806529560e-02 5.990718224935460273e-02 6.680138847144828640e-02 7.558400359874047070e-02 8.083199067792047610e-02 8.548081531395780586e-02 9.515217706770590089e-02 9.772364312356451865e-02 1.066756175422062525e-01 1.162286382124907425e-01 1.237561209164988185e-01 1.356814067037712124e-01 1.476149940928623561e-01 1.555477409367679864e-01 1.695853824347204053e-01
2.358209280425381309e-45 5.119347559887561952e-35 1.429128523707837448e-20 8.242885470876413887e-08 3.503769313965701855e-03 1.153291596094857888e-02 1.216980494424958585e-02 1.369360672320770259e-02 1.278461479520695554e-02 1.244068574410934179e-02 1.202819628314223677e-02 1.309341278319284610e-02 1.269202520385882826e-02 1.435143550104084689e-02 1.423512438645716839e-02 1.339125588710658038e-02 1.352102281640815522e-02 1.330718462829928207e-02 1.445975665786015073e-02 1.520290474792469933e-02 1.609403328995357568e-02 1.721181112740697086e-02 1.805176741315841007e-02 1.870966481524944172e-02 1.926115513811588881e-02 1.839306654439186450e-02 1.852984878607614669e-02 1.831028832625944403e-02 1.820309602762359633e-02 1.810608476702060127e-02 1.822461516695240979e-02 1.894338567258095629e-02 1.969466126003403122e-02 1.950160062211028084e-02 2.080686021790493709e-02 2.108470788855956388e-02 2.150473142828110418e-02 2.174256452529056000e-02 2.292378284511496778e-02 2.401225448829542863e-02 2.559570182239441147e-02 2.692915521880991439e-02 2.788751273702138808e-02 2.963138045027422646e-02 3.160883304345901007e-02 3.337595373868844362e-02 3.536805061908911835e-02 3.621380357369864689e-02 3.831619384609222939e-02 4.022794081431003976e-02 4.259856498390177798e-02 4.301499048347687260e-02 4.677428426316657811e-02 5.091251144095649411e-02 5.502462377491185164e-02 6.081917499879182371e-02 6.654148687234484605e-02 7.695942243019560092e-02 8.776950112431423923e-02 9.614640584470884876e-02 1.028229621321868070e-01 1.107318412007197300e-01 1.191636748460604689e-01 1.275579364326096532e-01 1.308508582991497193e-01 1.400206314622585435e-01 1.490076521873759663e-01 1.550147999997269488e-01 1.642053628167531310e-01 1.797955961096613930e-01
4.756654921537200722e-35 3.449274017843059958e-17 3.104416989456871260e-05 2.599101869288021616e-02 3.455163527910873333e-02 2.472877006066710390e-02 1.816374519089362927e-02 2.034986193157690970e-02 1.876461358162469575e-02 1.754358036702300533e-02 1.785079476240827856e-02 1.659419176162793899e-02 1.758051937857037575e-02 1.922782218912938088e-02 1.756417785652852198e-02 1.638619827265913598e-02 1.606487608588288984e-02 1.657333599914461233e-02 1.864719878139700637e-02 1.892723067259260636e-02 2.127750417313911332e-02 2.200395438178585211e-02 2.252507619260501678e-02 2.229881854470764507e-02 2.305738043075630100e-02 2.234831129366123340e-02 2.153319772082793598e-02 2.109848390080114322e-02 2.040886798287256873e-02 2.153980673451369454e-02 2.152186014217746107e-02 2.227465875754114019e-02 2.248457730294122631e-02 2.274421547109820377e-02 2.321471633792027839e-02 2.360128754764383510e-02 2.462218141596708362e-02 2.581061922179484630e-02 2.683084084951870008e-02 2.784895773097307084e-02 2.903031872897632662e-02 3.061800134606097387e-02 3.195001984939137979e-02 3.365427776776176022e-02 3.726215572773574486e-02 3.932519049714618131e-02 4.202552669848227257e-02 4.575201079011614880e-02 4.756330779267999714e-02 4.897314415530039378e-02 5.296497979289081087e-02 5.280250938817535045e-02 5.643342233297147376e-02 6.213049197960325565e-02 6.664814013885490829e-02 7.207676075116106751e-02 7.892536830843620288e-02 8.785002268771698042e-02 9.765534889145247033e-02 1.105309233816433867e-01 1.214967261092787382e-01 1.335120409248708173e-01 1.414643736270857488e-01 1.514154961982747405e-01 1.610479477986679897e-01 1.644895539743689850e-01 1.750202555549518757e-01 1.781902812278490511e-01 1.867793520532347873e-01 1.931765077480360471e-01
8.631874991637072816e-15 7.697006571239806702e-04 1.887975724726718707e-01 1.358273272827946465e-01 7.831769120974979570e-02 5.209224639146955299e-02 3.759398629733153724e-02 3.016759249723725486e-02 2.795206099703705441e-02 2.664415605212856752e-02 2.324077966121422534e-02 2.397579821826675839e-02 2.448507470478945500e-02 2.375621398359267430e-02 2.327308031939586547e-02 2.025630757117230854e-02 2.139825806720061299e-02 2.295051810156541541e-02 2.563468403625899020e-02 2.658743818354688052e-02 2.690653176069086189e-02 2.933290948543820428e-02 2.927545844388407953e-02 2.861182141021566955e-02 2.732952629633192063e-02 2.739559097071788546e-02 2.539147849113694566e-02 2.504192216217372355e-02 2.500991115695464298e-02 2.546198785376223642e-02 2.601681740750040606e-02 2.555199191096714853e-02 2.551791781812538448e-02 2.695595791390391696e-02 2.769130185694338234e-02 2.719625916185956088e-02 2.920422291593687339e-02 2.979395416768734067e-02 3.246326203723734483e-02 3.203342679901265144e-02 3.468900238278740944e-02 3.592817695108663223e-02 3.861794988742353607e-02 4.219602245145269437e-02 4.452397459263832125e-02 4.841719107488918344e-02 5.249936246723606315e-02 5.652152026342166513e-02 6.141554311559276058e-02 6.451497192814194259e-02 6.945103960559025069e-02 7.460689699075306880e-02 7.509363936734499145e-02 8.071938277905482684e-02 8.493322166474351342e-02 9.140119874745984696e-02 9.657652890763433751e-02 1.067460599796064558e-01 1.147410059555740020e-01 1.332675338739369719e-01 1.436521118931473329e-01 1.526187517764574786e-01 1.643683659967947186e-01 1.804215860005951577e-01 1.884976375667834492e-01 2.005946337198480922e-01 2.047857961397199222e-01 2.158650476455481748e-01 2.142317124377375037e-01 2.276246986085496138e-01
2.797355730486069669e-01 3.785074114689607749e-01 3.058544345520693430e-01 2.275377765534992158e-01 1.585197437931281650e-01 1.028552064477713246e-01 7.735731840420748129e-02 6.201462240329395914e-02 5.356545735255243551e-02 4.668079258550356797e-02 4.030499273769247437e-02 3.973727541888694842e-02 3.895715695882569912e-02 3.147885457155821104e-02 2.951509514464388875e-02 2.898736482965482211e-02 3.027426298915166999e-02 3.400478924235802308e-02 3.691180748101246384e-02 3.921842946984757661e-02 3.882228131870666538e-02 4.158247825639885265e-02 3.921133715710636153e-02 3.642884888634401186e-02 3.267460026914868754e-02 3.232672947442508105e-02 3.116624357450817687e-02 3.237784528986141497e-02 3.032271783322143185e-02 2.986339586439212476e-02 3.076013405358115141e-02 3.215404158425882314e-02 3.329220182129653816e-02 3.339392947323316374e-02 3.448407287704895186e-02 3.578413581255755760e-02 3.688374536059047665e-02 3.963317915780695255e-02 4.002851707224430039e-02 4.263037850195552231e-02 4.229313971063172750e-02 4.533581630816632679e-02 5.000528829028516586e-02 5.052132164950737941e-02 5.701411037863642756e-02 6.210649986329157962e-02 6.975179243336455948e-02 7.798688821327887100e-02 7.872094869766771419e-02 8.838989051072262959e-02 9.275446790299830824e-02 1.015613493206696943e-01 1.093846596380499137e-01 1.127438912454386127e-01 1.173905982324743857e-01 1.241453668821895229e-01 1.277440311354173796e-01 1.390672419074089061e-01 1.475571234280821376e-01 1.596567357902158313e-01 1.727175591834425872e-01 1.850056454507723880e-01 1.981196611942740160e-01 2.144572241645508748e-01 2.251318294666122266e-01 2.350360535827167585e-01 2.487074111586693170e-01 2.526159159796046993e-01 2.656026937677096744e-01 2.629963417204904119e-01
5.313241736385394542e-01 4.669072221614660734e-01 4.037535691578818531e-01 3.464347411674340016e-01 2.934028892949608336e-01 2.341460166458486647e-01 1.879850728564723683e-01 1.587666315505273928e-01 1.258126182431970330e-01 9.395240368956682409e-02 9.012297765116202009e-02 8.300824773781069477e-02 6.890693586662674508e-02 4.953222378902028683e-02 5.043092175022714091e-02 4.637229390554119257e-02 5.474695969822405278e-02 5.929972787888134617e-02 6.481791460057426124e-02 6.623156738786252495e-02 6.675288160209325028e-02 6.365855426088404267e-02 5.695979785849428212e-02 4.976468884930572434e-02 4.514046313961708745e-02 4.376193321211929721e-02 3.987588884900887531e-02 3.940823469074335866e-02 3.971959094336984658e-02 4.029770083989713675e-02 3.874127961432292933e-02 4.239704002130186694e-02 4.138811820584667456e-02 4.394899558542723211e-02 4.297200306646890844e-02 4.485014770501211806e-02 4.878900619521066989e-02 5.012977278623254734e-02 5.185175203610493250e-02 5.467897981864053986e-02 5.723482878887588970e-02 6.098062270174237770e-02 6.622806879840154037e-02 6.696127013587999111e-02 7.312148633781094531e-02 8.078936653387869260e-02 9.396676275348364582e-02 1.034800432628976974e-01 1.119556980822272313e-01 1.213503273720762804e-01 1.346677837851371073e-01 1.462870256619592246e-01 1.580783457918685242e-01 1.593266477895793620e-01 1.713202744624475748e-01 1.783235369418025573e-01 1.823546031441550253e-01 1.837764704622154299e-01 1.922658111628464117e-01 2.029914714315972368e-01 2.131495252590995537e-01 2.252611673518845892e-01 2.351528381656879108e-01 2.518164173545267004e-01 2.615427770430017174e-01 2.735434536167613007e-01 2.922310179009057207e-01 2.942927295305155511e-01 3.068569505512214191e-01 3.077621074428761316e-01
6.149187559250626212e-01 5.634497436121534975e-01 5.090575821294440750e-01 4.606138336966439928e-01 4.092272222405857751e-01 3.785897535099321809e-01 3.242069497376446896e-01 2.929268585346881948e-01 2.506767929243733373e-01 2.271605053622285653e-01 2.062625245605791413e-01 1.624324484682652947e-01 1.143636195365058256e-01 1.015368025450921335e-01 9.609389729206180286e-02 1.087688013442749124e-01 1.112354974557474563e-01 1.280263945219526911e-01 1.295531653391518989e-01 1.321932356681998488e-01 1.148332315518432178e-01 1.033544122379337626e-01 8.953125010759901969e-02 7.016755063076242360e-02 6.609077841000048081e-02 6.182397735007107847e-02 5.784528653229609879e-02 5.556775296990482810e-02 5.992722756803486178e-02 5.533610868192802290e-02 5.559637714407363041e-02 5.669407365618716471e-02 5.984097440965420456e-02 6.198223224899516992e-02 6.490115240582321199e-02 6.674032883850802844e-02 6.917040032860435894e-02 7.054935115115565369e-02 7.363484410361237353e-02 7.820994456889057700e-02 8.300232536405360850e-02 8.452030343750172037e-02 9.353572173965039871e-02 9.526181831572136383e-02 1.037545894460811247e-01 1.159740782536329701e-01 1.226759959139277212e-01 1.367016734114004650e-01 1.547693368822350979e-01 1.729820023293881237e-01 1.875995830218736282e-01 1.981208463654476892e-01 2.072859757060031560e-01 2.178881684524152929e-01 2.278915792403748142e-01 2.362514116293802091e-01 2.397333194094479758e-01 2.444517529801356059e-01 2.523406983881195109e-01 2.552294011914233440e-01 2.601627474464328071e-01 2.684244788967042328e-01 2.787309462831941143e-01 2.872548465831748499e-01 2.993603270978097974e-01 3.138709008698402081e-01 3.188255016165300049e-01 3.369620728685899791e-01 3.437037539528414731e-01 3.492263078084804628e-01
6.863537355042683696e-01 6.438755171011164569e-01 6.037801301296439327e-01 5.664033279591323966e-01 5.237237691016838337e-01 4.780773897792454652e-01 4.403716375397651595e-01 4.020600289829103224e-01 3.734039998926866333e-01 3.496564720868902687e-01 3.064831563430315819e-01 2.491224991982418369e-01 2.024160321547791574e-01 1.991264017276103970e-01 1.994817143675438609e-01 2.206407089693140089e-01 2.214634511064650646e-01 2.336272653747848149e-01 2.275474245748048685e-01 2.072809276453539684e-01 1.854492498137616519e-01 1.546895802625543881e-01 1.301925361467964892e-01 1.068266840081379260e-01 9.837325612316996648e-02 9.221883813722166201e-02 8.530501821253930195e-02 8.222684730256153707e-02 8.390490424115736035e-02 8.528837396508245905e-02 8.372205256550012409e-02 8.436224103128338314e-02 8.588288105933854222e-02 8.806689533579348250e-02 9.382450016249925528e-02 9.509151310230805343e-02 1.006954027912178168e-01 1.048168557283848668e-01 1.071903033040406267e-01 1.120523064714810946e-01 1.150974852380745178e-01 1.234609930677782880e-01 1.268965920734390906e-01 1.322345912440046067e-01 1.441619621884601132e-01 1.488533432847037041e-01 1.634688451818387678e-01 1.731752815136320400e-01 1.965181848413604659e-01 2.154021226590675242e-01 2.298333878679493514e-01 2.491599815986946520e-01 2.653242296066393724e-01 2.694294301657275126e-01 2.787973716884378228e-01 2.876657486819205745e-01 2.973322780755259243e-01 2.936941365447748309e-01 3.016535044860217396e-01 3.085984355783855104e-01 3.118180643265255902e-01 3.202514423910524100e-01 3.239472394619535844e-01 3.274611198683116675e-01 3.408476036727058345e-01 3.490497168891442681e-01 3.567108711704777835e-01 3.632393184510798179e-01 3.679241697113664333e-01 3.829459805209424195e-01
7.223458901191938120e-01 6.918640210315351036e-01 6.533196929139601927e-01 6.165080263353489576e-01 5.813232659168208194e-01 5.489402589709653224e-01 5.142074901376831875e-01 4.897382240384855479e-01 4.572807859217458692e-01 4.162745237458828629e-01 3.627634855357417254e-01 3.200534102015483717e-01 2.998885087264997473e-01 2.982351295433984806e-01 3.095231308144906213e-01 3.114347969244328773e-01 3.167377408903085390e-01 3.091979033026359125e-01 2.957130543793095589e-01 2.750101413687912055e-01 2.361805417120049488e-01 1.985498874748725384e-01 1.712935595449939508e-01 1.467648319476568819e-01 1.342698515961660011e-01 1.244102089052088467e-01 1.190705077976351306e-01 1.176984289027863673e-01 1.163780032904710993e-01 1.169539633105359661e-01 1.172952226191997238e-01 1.169287762448773804e-01 1.213881274602289367e-01 1.233979928946230958e-01 1.306913451232123990e-01 1.311976578107570401e-01 1.384746300299730393e-01 1.433545096578182076e-01 1.456457958096443739e-01 1.536369760080140423e-01 1.577670984242521557e-01 1.643117402457376086e-01 1.671450223471895868e-01 1.757041540032921734e-01 1.838803850963355302e-01 1.872030649149700188e-01 1.979270889712692605e-01 2.085442478500884600e-01 2.280419056048205162e-01 2.457662528889595077e-01 2.596482838303665885e-01 2.809609397515678841e-01 2.942768353701213924e-01 3.075790048684578504e-01 3.193737958030190005e-01 3.252571550280713986e-01 3.356786421507135798e-01 3.372737988019193223e-01 3.450338063948760747e-01 3.437861832525734296e-01 3.518344191021261502e-01 3.538628111872971216e-01 3.624917750964405383e-01 3.630884659878887977e-01 3.694131947893441459e-01 3.767037148153327131e-01 3.827570310603553017e-01 3.919248068600211798e-01 3.885134005869125273e-01 3.984106312848650355e-01
7.281438236639632411e-01 7.029840332726241536e-01 6.708297737726902632e-01 6.408894560668322304e-01 6.117487735760087642e-01 5.808552275800499265e-01 5.504255211547330884e-01 5.248868266765678303e-01 4.976310527950315588e-01 4.498457591765386843e-01 4.015005933405233485e-01 3.801223081324731634e-01 3.725878748049897271e-01 3.697044243692920729e-01 3.722635908441210284e-01 3.694436903658816496e-01 3.671674331632910904e-01 3.456518352235604663e-01 3.290320756897765486e-01 2.923776061706664375e-01 2.590264069942272429e-01 2.212315994342735626e-01 2.015354706866669399e-01 1.817892054720586514e-01 1.647318079502357868e-01 1.576070492251625821e-01 1.526706650051805891e-01 1.493806576344793580e-01 1.477078353027975743e-01 1.485700818392171885e-01 1.496477678058024952e-01 1.469829218802943260e-01 1.497019697601369992e-01 1.540303573512755431e-01 1.604586618471683657e-01 1.632071738891669455e-01 1.687459115476232507e-01 1.739617799321222236e-01 1.790587293813854786e-01 1.837101113869862579e-01 1.903249377315244795e-01 1.934201171828416332e-01 1.994606445100631786e-01 2.017998722760841190e-01 2.095069228946870588e-01 2.173766984003084324e-01 2.257625699848389844e-01 2.336091443116821709e-01 2.427746118052369617e-01 2.592094985410381969e-01 2.815599022107010962e-01 2.958234863574923934e-01 3.132784865499856908e-01 3.271725814502993157e-01 3.399222543476491665e-01 3.497389833183658925e-01 3.605409076378390254e-01 3.682459827492658433e-01 3.698600875286375822e-01 3.758494187482355198e-01 3.813556998444301849e-01 3.846678910704546261e-01 3.898239521405392205e-01 3.887316360928254610e-01 3.918408660144654942e-01 3.962264178767179734e-01 4.014433262204586961e-01 4.022493228785704034e-01 4.099600774690785876e-01 4.162702253389317653e-01
7.204659642676792819e-01 7.004852862915370570e-01 6.718852099168909353e-01 6.444394743495147626e-01 6.157107732154687429e-01 5.881113363981339548e-01 5.633438964432131435e-01 5.389243025566794465e-01 4.951552131374360455e-01 4.562958330660232820e-01 4.256641722302954567e-01 4.155109471738373528e-01 4.147212211973153040e-01 4.072210596335633648e-01 4.058080600782882907e-01 3.966669937690404102e-01 3.818559004088567521e-01 3.576610729341381800e-01 3.323870969871948189e-01 2.947762261327068201e-01 2.673081649492761169e-01 2.348598931859520178e-01 2.124878436287064298e-01 1.992726884282229050e-01 1.914337782646705066e-01 1.852483344954215239e-01 1.757031141118820250e-01 1.727426353895405997e-01 1.715107598430497537e-01 1.723260921906126231e-01 1.714635219698138480e-01 1.769083217201870284e-01 1.744526327544679289e-01 1.774543754265402451e-01 1.818723498993658760e-01 1.868697757466935283e-01 1.918135886568585746e-01 1.948569850190370878e-01 2.023042636975264652e-01 2.078205643589830787e-01 2.129999272693413603e-01 2.187482026279735370e-01 2.260645391894678946e-01 2.275798986980472616e-01 2.304006779228211232e-01 2.359435156213872675e-01 2.416320382841630199e-01 2.502950740409147778e-01 2.588044745712171912e-01 2.723776169182621221e-01 2.862902031921952251e-01 2.976821180371967412e-01 3.164170751879055166e-01 3.319381957024888363e-01 3.459050753076360341e-01 3.611728206713557543e-01 3.717428299491317145e-01 3.772566312685530776e-01 3.883262009182486540e-01 3.949755790829246882e-01 3.990530065602518328e-01 4.023503013881452040e-01 4.046523247219876440e-01 4.076157689643737370e-01 4.090272940094206722e-01 4.113593556609529411e-01 4.130738205305518607e-01 4.189122014159141205e-01 4.211864677088149045e-01 4.239706638740166622e-01
7.005387047521614008e-01 6.829704773445263166e-01 6.556389330514268421e-01 6.346147120967509103e-01 6.073049915876366223e-01 5.816202492560842430e-01 5.569020833928582936e-01 5.247085220901679392e-01 4.918073501292155592e-01 4.629683760147484395e-01 4.447132509646713472e-01 4.383685404154067378e-01 4.306195929977585934e-01 4.212100838208823195e-01 4.119968434040350846e-01 4.002090245659691847e-01 3.823522664705181762e-01 3.522520991654677913e-01 3.241716139591241386e-01 2.942501650100625699e-01 2.630624236773456137e-01 2.404533395454530598e-01 2.225573865723073363e-01 2.157066712710310752e-01 2.029182477091525105e-01 1.966129424005794712e-01 1.911468898847580034e-01 1.889842107946270167e-01 1.880761488327166997e-01 1.862906260698860006e-01 1.846375570412719380e-01 1.864714608327835976e-01 1.893427680766332222e-01 1.918631096511481393e-01 1.977417856647195604e-01 2.016420457519012832e-01 2.061014245745092510e-01 2.126274299284526548e-01 2.184254129922544307e-01 2.233873824024404930e-01 2.291803716574526417e-01 2.342013916704437648e-01 2.385287507595788004e-01 2.437874239139497801e-01 2.467662635999216258e-01 2.513494658486042366e-01 2.537198953014369596e-01 2.604026995690967849e-01 2.654530650396204061e-01 2.730263328340654660e-01 2.854231630646015261e-01 2.960726180874673208e-01 3.111211262139821909e-01 3.257678508168504461e-01 3.428323795656265105e-01 3.605539273629077002e-01 3.713230738037621159e-01 3.855275095793808116e-01 3.926652655680598070e-01 3.985579562471289194e-01 4.071071476420864421e-01 4.105331018242144303e-01 4.144492254466653480e-01 4.183288648692289891e-01 4.198439236786829509e-01 4.230105264469520288e-01 4.239347027018599001e-01 4.265863595777886208e-01 4.289572049999648140e-01 4.326244388150304321e-01
-1.000000000000000000e+00 -1.000000000000000000e+00 6.358862137160432582e-01 6.171687543420605326e-01 5.953675607808741610e-01 5.688758662100111829e-01 5.448622106627808437e-01 5.137777399500171871e-01 4.865351335184299741e-01 4.680774601625146136e-01 4.527819836005755327e-01 4.416849950247848655e-01 4.302219616531347546e-01 4.193212977417862808e-01 4.049942120455923278e-01 3.856585877987411815e-01 3.644006042670095979e-01 3.378146883135443868e-01 3.080764512259067667e-01 2.819830881317742510e-01 2.596765702998453662e-01 2.412191739633633702e-01 2.301045410639406263e-01 2.188084827767643181e-01 2.110120102160487898e-01 2.044766098769736640e-01 2.006964910911613331e-01 1.966221420494958239e-01 1.947298559497758208e-01 1.952330356859808269e-01 1.941138533534151056e-01 1.964341754130067008e-01 1.975590250241640311e-01 2.002883370203714652e-01 2.031397041470750786e-01 2.094174350001483387e-01 2.139463817239617704e-01 2.203793202316775834e-01 2.248796147216735042e-01 2.313330434243470735e-01 2.371246654633891449e-01 2.428822378850848951e-01 2.475310607104989624e-01 2.521553568455592309e-01 2.555394241738180861e-01 2.586470555302474716e-01 2.618285459875466792e-01 2.654484023540233384e-01 2.698691298741883737e-01 2.750222043335284750e-01 2.823850554883358677e-01 2.906667749410720147e-01 3.030295274956855134e-01 3.164149469581886143e-01 3.304481629646596197e-01 3.490910857419196045e-01 3.630799513711984727e-01 3.758068007220545237e-01 3.843609093698626133e-01 3.979704843311692719e-01 4.068998621530551252e-01 4.139487840452703571e-01 4.191680461940262004e-01 4.241768135878484780e-01 4.269831088796723906e-01 4.303825212363818764e-01 4.328056023530285623e-01 4.350094747381272331e-01 4.365842684617972647e-01 4.393537869451810685e-01
-1.000000000000000000e+00 -1.000000000000000000e+00 -1.000000000000000000e+00 5.908443449472547959e-01 5.699480852465899083e-01 5.457071399495189157e-01 5.223585279387075175e-01 5.003920135395409918e-01 4.771093757521160938e-01 4.603630462271282586e-01 4.467327533699331776e-01 4.345125603530891056e-01 4.213148097698771188e-01 4.056892433416848243e-01 3.875457567794989289e-01 3.683885033553676025e-01 3.464831593581101377e-01 3.193916740833834256e-01 2.965187705340195379e-01 2.732148917568077984e-01 2.561348201837871374e-01 2.427921340546444207e-01 2.300283673312044641e-01 2.209294299691146601e-01 2.133020969198165806e-01 2.083396307466981734e-01 2.038101719000413592e-01 2.018072927037275199e-01 1.996722974434655407e-01 1.983138148654385313e-01 1.983744151456414140e-01 2.004221639128612731e-01 2.018168341092123341e-01 2.048852664227250875e-01 2.091917079370314847e-01 2.131341881461473187e-01 2.181528631251924422e-01 2.236554807982701620e-01 2.295440842510522439e-01 2.351238764620380006e-01 2.417487708631937959e-01 2.462193264793678671e-01 2.527321379928206824e-01 2.565662600227210377e-01 2.610267614822551763e-01 2.638442678032211774e-01 2.662089642081084673e-01 2.681301091434422079e-01 2.710864159773341275e-01 2.744003974100713283e-01 2.784213388852755933e-01 2.860816626500480298e-01 2.963839114996567048e-01 3.021223268655079397e-01 3.209777989673118226e-01 3.327677961966384879e-01 3.502847796573632100e-01 3.634867103224268536e-01 3.770907772679212844e-01 3.912389818396386221e-01 4.033504079994053027e-01 4.112764448067299239e-01 4.176202230592517273e-01 4.230929641136953467e-01 4.301810354325809604e-01 4.317816988537394041e-01 4.369758114294215456e-01 4.397593438796573162e-01 4.424029412744574508e-01 4.450018201857097178e-01
-1.000000000000000000e+00 -1.000000000000000000e+00 -1.000000000000000000e+00 -1.000000000000000000e+00 5.492814941484652769e-01 5.271615773891868972e-01 5.055897270328056914e-01 4.832310312278517150e-01 4.634706657624197979e-01 4.468394284493530377e-01 4.335351893196132678e-01 4.176950268099711150e-01 4.024578162335388232e-01 3.834479538225691875e-01 3.688431257024710752e-01 3.455515627571758008e-01 3.237440819707888551e-01 3.043954382449239326e-01 2.832418617590353183e-01 2.665144072141770737e-01 2.513249668063912146e-01 2.391198594499690522e-01 2.290702230816773211e-01 2.204878511219990345e-01 2.135598516737334529e-01 2.091473949684331257e-01 2.051355139438314767e-01 2.021948548260883438e-01 2.005110553957520636e-01 2.005233357165335517e-01 2.008264613246352470e-01 2.019162730111332682e-01 2.026733776353153160e-01 2.056497771319333590e-01 2.095698879079277432e-01 2.130008520397582150e-01 2.173157146192260247e-01 2.248437190546331010e-01 2.307488234705518115e-01 2.372453808643091855e-01 2.423057651428447146e-01 2.481170842942224675e-01 2.537686001607613595e-01 2.585327003007034108e-01 2.628311700721953081e-01 2.659017158279688431e-01 2.673394096951165477e-01 2.703228778591405534e-01 2.718417398694978893e-01 2.742679974588608238e-01 2.773036896613939040e-01 2.807710825216666595e-01 2.879544507315707769e-01 2.957893727708539866e-01 3.099859117315613699e-01 3.186979549730235006e-01 3.338564653546415295e-01 3.444494316072532203e-01 3.647578679021989956e-01 3.784231170790086640e-01 3.907738534088685545e-01 4.045026196987266398e-01 4.124603864403840747e-01 4.203391102247878153e-01 4.278437657143170370e-01 4.326627389042710936e-01 4.378509677725998528e-01 4.415492699159689893e-01 4.466708184577877772e-01 4.487591687361321413e-01
-1.000000000000000000e+00 -1.000000000000000000e+00 -1.000000000000000000e+00 -1.000000000000000000e+00 -1.000000000000000000e+00 5.035722840453618065e-01 4.851100710677493932e-01 4.657052293352736405e-01 4.465093996717045544e-01 4.284462334799896688e-01 4.141113872343376578e-01 3.991710961892387943e-01 3.834044363756628493e-01 3.654447283973183969e-01 3.469173830728025654e-01 3.284832743274940237e-01 3.090547163372516226e-01 2.898226687566639037e-01 2.739410798107166367e-01 2.574654594330665347e-01 2.462063171574269405e-01 2.357322021636103215e-01 2.255955688953472371e-01 2.190010284139378149e-01 2.125180406580715331e-01 2.085520956583135910e-01 2.055011277483709264e-01 2.021637416505226992e-01 2.002656567862592940e-01 1.994621729527434606e-01 2.004764623206488350e-01 2.002750114760098454e-01 2.027333528337644797e-01 2.052178996211976580e-01 2.081947159714585271e-01 2.125910187524910899e-01 2.170722024545483353e-01 2.237540226753658434e-01 2.287359452247251512e-01 2.347231576977670542e-01 2.412608579062151537e-01 2.476965299326530368e-01 2.535712046910441608e-01 2.583578074973503225e-01 2.622442984411064160e-01 2.656557776385075065e-01 2.688243852763187447e-01 2.703993040066722253e-01 2.719945570913071542e-01 2.733901378663458059e-01 2.751784997403543542e-01 2.779946952076081668e-01 2.812812312101923284e-01 2.871738870223332074e-01 2.942018811912619491e-01 3.079418434260009496e-01 3.181472014149854255e-01 3.299332523089105740e-01 3.455610410653430775e-01 3.593044443873002480e-01 3.782559279287957543e-01 3.900050915971584597e-01 4.014441880866583823e-01 4.140877841504857493e-01 4.234927238618556022e-01 4.298747359552816394e-01 4.359979413566389406e-01 4.418686737180781976e-01 4.454985017602591801e-01 4.507091595971078890e-01
-1.000000000000000000e+00 -1.000000000000000000e+00 -1.000000000000000000e+00 -1.000000000000000000e+00 -1.000000000000000000e+00 -1.000000000000000000e+00 -1.000000000000000000e+00 4.434664862083266268e-01 4.261772318685750349e-01 4.094037711339321706e-01 3.943082916916427760e-01 3.780324901278289129e-01 3.614117533582034136e-01 3.443968823095462373e-01 3.276401050417567240e-01 3.102425951166516982e-01 2.933830878521491714e-01 2.772137130301842167e-01 2.639727797327471870e-01 2.516806232301107005e-01 2.410709141567595470e-01 2.318137052237075890e-01 2.229739238366240106e-01 2.159105666511116906e-01 2.112141565024550360e-01 2.060715090300929142e-01 2.027762436280495240e-01 2.008527315342962249e-01 1.994409902922765487e-01 1.977553749322987775e-01 1.983718442014585914e-01 1.994532690758237248e-01 2.011122477181079837e-01 2.032939935641640550e-01 2.074549578040548459e-01 2.102685580472712645e-01 2.150106255203333427e-01 2.200544045535173243e-01 2.261190716265006062e-01 2.326788678876315630e-01 2.386335208281547549e-01 2.440819706238892550e-01 2.507749526361696679e-01 2.557034009859675550e-01 2.610743803010031616e-01 2.648030545539372116e-01 2.672634822827672507e-01 2.694330983885243613e-01 2.713003622462676900e-01 2.725758401640091533e-01 2.736635674602890811e-01 2.756669891764981783e-01 2.777017023789742911e-01 2.815067352329985173e-01 2.867583109579985301e-01 2.932063638129472904e-01 3.042852430796914587e-01 3.127110276803597433e-01 3.278126325138122632e-01 3.424960380059229870e-01 3.578219266124109676e-01 3.741207532280496628e-01 3.927650269221533152e-01 3.991772635953154680e-01 4.125176530950693810e-01 4.199519836243413295e-01 4.325229608693273442e-01 4.376630376414970547e-01 4.436859713887226775e-01 4.491708415454782610e-01
-1.000000000000000000e+00 -1.000000000000000000e+00 -1.000000000000000000e+00 -1.000000000000000000e+00 -1.000000000000000000e+00 -1.000000000000000000e+00 -1.000000000000000000e+00 -1.000000000000000000e+00 4.039287213733421811e-01 3.899242775362935509e-01 3.747074539894926226e-01 3.574620696178348878e-01 3.414557540598286423e-01 3.255329083142338709e-01 3.120160033073269279e-01 2.971845365672093897e-01 2.823016431580454566e-01 2.681764411094431644e-01 2.560209445690782015e-01 2.450675464430443762e-01 2.344596363579701248e-01 2.257513190888885968e-01 2.184842477703852481e-01 2.133998042667250850e-01 2.078557448623694903e-01 2.040120474088452651e-01 2.006784402450060567e-01 1.986331658643352149e-01 1.972681015316816999e-01 1.961964483856410146e-01 1.964418444693082910e-01 1.971261625558403674e-01 1.986536197851397623e-01 2.008679074108190854e-01 2.036692429924048808e-01 2.078116260836839202e-01 2.117952977878985454e-01 2.159708696289875107e-01 2.220542002651965385e-01 2.284966148932290608e-01 2.341003397045397783e-01 2.404755959923736974e-01 2.462759480639550302e-01 2.526120855922300845e-01 2.565183300802477140e-01 2.616971392325753154e-01 2.650210779841231656e-01 2.673309957284158989e-01 2.692412671226886989e-01 2.705290943202340315e-01 2.715498055959813528e-01 2.722391102672720442e-01 2.729926510350711988e-01 2.759244742648940263e-01 2.777285746688093471e-01 2.848426816574932685e-01 2.904141570788825177e-01 3.004732971937058017e-01 3.119629431918935492e-01 3.227677851361675510e-01 3.376335699432203019e-01 3.555279196839447042e-01 3.669303254150852456e-01 3.831597637772360954e-01 4.007700870208477095e-01 4.106088280902032706e-01 4.220522455125188532e-01 4.290843729121399663e-01 4.374790894693252885e-01 4.452318548618263705e-01
-1.000000000000000000e+00 -1.000000000000000000e+00 -1.000000000000000000e+00 -1.000000000000000000e+00 -1.000000000000000000e+00 -1.000000000000000000e+00 -1.000000000000000000e+00 -1.000000000000000000e+00 -1.000000000000000000e+00 3.694706123674559861e-01 3.539017647338187356e-01 3.408870991901430947e-01 3.251530459019541519e-01 3.112122729836843682e-01 2.979174039815735697e-01 2.841560441262380721e-01 2.724925807645005027e-01 2.591045232121035879e-01 2.488419709717676342e-01 2.379484316909565578e-01 2.298675736966264149e-01 2.214478660697173640e-01 2.148247037694485384e-01 2.094399006317393674e-01 2.046512166283172007e-01 2.010938715417621148e-01 1.980601014400283078e-01 1.957855520240103508e-01 1.943223180609341683e-01 1.938538906075940038e-01 1.936447151078449225e-01 1.948865669803055700e-01 1.956738824670845589e-01 1.974039201408485655e-01 2.010795346610242396e-01 2.039247077969785771e-01 2.090142467867019960e-01 2.119526201164010359e-01 2.182782280447413958e-01 2.228012105557292677e-01 2.294213252878015419e-01 2.358481215700392597e-01 2.421494900860409472e-01 2.479998511971343300e-01 2.532653338110662511e-01 2.568514390838805839e-01 2.612788708990961828e-01 2.631897187929690962e-01 2.662603658393104533e-01 2.672920862777977691e-01 2.684750449849838128e-01 2.689123268872249950e-01 2.698076352175491910e-01 2.712428546332675272e-01 2.728525416472480924e-01 2.749724304372378469e-01 2.812092548450173535e-01 2.868593542542460240e-01 2.947328114618240624e-01 3.061918430774575595e-01 3.163016315737735007e-01 3.317071634363513155e-01 3.511875306632604721e-01 3.650678927756679792e-01 3.826440174321111831e-01 3.949976547313905906e-01 4.094715401354365181e-01 4.195732514237812127e-01 4.316903769729212303e-01 4.346119002542360166e-01
-1.000000000000000000e+00 -1.000000000000000000e+00 -1.000000000000000000e+00 -1.000000000000000000e+00 -1.000000000000000000e+00 -1.000000000000000000e+00 -1.000000000000000000e+00 -1.000000000000000000e+00 -1.000000000000000000e+00 -1.000000000000000000e+00 3.373668040529839707e-01 3.240834364282128566e-01 3.111569587110408208e-01 2.972190527252891457e-01 2.852769927732675126e-01 2.733383726113318146e-01 2.614980333819267866e-01 2.513096741576742454e-01 2.417234033626741441e-01 2.326948431318829336e-01 2.244558524916597797e-01 2.175523917225619663e-01 2.111610597047744176e-01 2.058295773711911747e-01 2.014692024464191378e-01 1.978319891147331810e-01 1.950763238374026987e-01 1.933529613837839389e-01 1.919554792530549781e-01 1.906604325548242329e-01 1.903768282953079982e-01 1.914794978492440347e-01 1.926151398472479570e-01 1.947387255978695608e-01 1.967001849719139106e-01 1.994869355803949584e-01 2.040103895301416670e-01 2.079576896147323772e-01 2.133339978288270322e-01 2.188264353601369616e-01 2.243864285980871898e-01 2.310896206977967604e-01 2.366997930103384440e-01 2.420582372148545602e-01 2.474666861807751639e-01 2.528286673867503609e-01 2.562150430409483870e-01 2.592159901943943967e-01 2.615284208651140752e-01 2.637715212686566058e-01 2.648821052094916806e-01 2.659079216366342924e-01 2.661583125895872204e-01 2.669068984699130009e-01 2.680177562963805271e-01 2.704413365889066223e-01 2.727707660416903712e-01 2.797495453471297022e-01 2.834219437280082743e-01 2.930098153172294162e-01 3.050516839572957606e-01 3.164206880108791919e-01 3.238291692938197186e-01 3.476460781990313720e-01 3.615586303909640309e-01 3.768976393466670904e-01 3.912698986846294136e-01 4.059959870562686590e-01 4.211204185381251519e-01 4.292342312925302439e-01
-1.000000000000000000e+00 -1.000000000000000000e+00 -1.000000000000000000e+00 -1.000000000000000000e+00 -1.000000000000000000e+00 -1.000000000000000000e+00 -1.000000000000000000e+00 -1.000000000000000000e+00 -1.000000000000000000e+00 -1.000000000000000000e+00 -1.000000000000000000e+00 3.093206871970293204e-01 2.967894590621905082e-01 2.854038846319291722e-01 2.739034319866727740e-01 2.640257466821720467e-01 2.526747338451071356e-01 2.435793740864924117e-01 2.334423867523587326e-01 2.251804377432390092e-01 2.184574718752768097e-01 2.120786666988946356e-01 2.071822933757328511e-01 2.013049990246324195e-01 1.975410385319542883e-01 1.947578315138725757e-01 1.916927946769898805e-01 1.903598545106433282e-01 1.887203148109634354e-01 1.878492012115104137e-01 1.878405863514794327e-01 1.886322771200046322e-01 1.900140758319326939e-01 1.909809622302411636e-01 1.941418075444058533e-01 1.962678905479776359e-01 1.999804981212277566e-01 2.046971156715732543e-01 2.089607986165346321e-01 2.139848657983891567e-01 2.198944057769061378e-01 2.252735112103950166e-01 2.307624856738928198e-01 2.369746554717794274e-01 2.420881710569858236e-01 2.474641576917485652e-01 2.510934166945830159e-01 2.537625903048452147e-01 2.563794172819449657e-01 2.589406152337183631e-01 2.609618495306335606e-01 2.612202589645796214e-01 2.621319803081963440e-01 2.627449138404803208e-01 2.640165871925627683e-01 2.658638078908950320e-01 2.661586200634272759e-01 2.713214491645100646e-01 2.738238843376014642e-01 2.799598127335841125e-01 2.906365784456094170e-01 2.995774930915391376e-01 3.098337803993862494e-01 3.225751199614937947e-01 3.413260990084509561e-01 3.590273571998300883e-01 3.684695678655992568e-01 3.882858831921037202e-01 4.016737402686100800e-01 4.161124559237796006e-01
-1.000000000000000000e+00 -1.000000000000000000e+00 -1.000000000000000000e+00 -1.000000000000000000e+00 -1.000000000000000000e+00 -1.000000000000000000e+00 -1.000000000000000000e+00 -1.000000000000000000e+00 -1.000000000000000000e+00 -1.000000000000000000e+00 -1.000000000000000000e+00 -1.000000000000000000e+00 -1.000000000000000000e+00 2.725453794556764175e-01 2.634057809401903483e-01 2.537176765824480373e-01 2.440398402796464805e-01 2.350306797258049363e-01 2.267149723961621177e-01 2.195087691251789708e-01 2.135615365562860968e-01 2.072007294524935150e-01 2.021447090061730956e-01 1.980642297722055301e-01 1.946330206822138309e-01 1.911073212923162234e-01 1.879551289857106233e-01 1.865922664476175330e-01 1.853662475751382821e-01 1.845402785884820707e-01 1.842266511698344156e-01 1.855517893047252953e-01 1.863559621365297181e-01 1.871917881269916095e-01 1.899049111300704917e-01 1.925988094959357744e-01 1.957767570223715725e-01 1.999632046781661676e-01 2.036705470719258892e-01 2.087656976474415171e-01 2.138495695093945714e-01 2.191912730451950619e-01 2.249275623857447670e-01 2.312982985592843266e-01 2.359893099825711160e-01 2.401459452212228451e-01 2.445131890508583372e-01 2.489918304087768153e-01 2.516980774866574566e-01 2.534077484134795166e-01 2.551782155488504511e-01 2.565879676384066888e-01 2.579475016146673405e-01 2.582969620048758408e-01 2.592085760853183318e-01 2.598099758053306618e-01 2.617435156036632127e-01 2.635758634255344068e-01 2.658039663682118525e-01 2.734262035653942657e-01 2.775819021599107428e-01 2.853066466987150829e-01 2.953658100794125385e-01 3.091786938443197297e-01 3.239190754353203916e-01 3.394790473256201757e-01 3.511635001746189477e-01 3.682278081779044587e-01 3.869932372255215358e-01 4.008895770880004372e-01
-1.000000000000000000e+00 -1.000000000000000000e+00 -1.000000000000000000e+00 -1.000000000000000000e+00 -1.000000000000000000e+00 -1.000000000000000000e+00 -1.000000000000000000e+00 -1.000000000000000000e+00 -1.000000000000000000e+00 -1.000000000000000000e+00 -1.000000000000000000e+00 -1.000000000000000000e+00 -1.000000000000000000e+00 -1.000000000000000000e+00 2.527031632407222284e-01 2.437751664258491213e-01 2.356706139573471470e-01 2.278997333273416748e-01 2.201572511311243041e-01 2.141802382001952443e-01 2.078122797480798922e-01 2.023046969115558091e-01 1.971864263069263989e-01 1.934175625554497846e-01 1.898869127104213517e-01 1.875434148374926779e-01 1.848891784318082709e-01 1.836410631548341943e-01 1.820367911993064081e-01 1.813410041908545545e-01 1.812169825880253493e-01 1.819758235666965873e-01 1.831866168500735637e-01 1.840903389121104072e-01 1.864522343684483219e-01 1.893724860078024042e-01 1.917214373882458467e-01 1.956559240416622381e-01 1.997762961728145603e-01 2.044117009965601972e-01 2.083393193004358657e-01 2.136011980869671756e-01 2.199420282959647088e-01 2.244922303404615627e-01 2.293686075018762649e-01 2.345881451258740591e-01 2.383863528696604506e-01 2.431145917307898086e-01 2.455887056632091447e-01 2.488823361946803370e-01 2.497372972752520404e-01 2.517270164701347901e-01 2.526524111794119509e-01 2.533446983021057641e-01 2.542745765897894139e-01 2.557734951823130154e-01 2.560384355966388026e-01 2.578584784917930528e-01 2.601375118382996399e-01 2.643478404519217784e-01 2.699296745501882366e-01 2.744360544848657990e-01 2.833594237526750326e-01 2.934899655032379151e-01 3.020165582719427921e-01 3.223308429498981109e-01 3.369404141677380671e-01 3.545295715796825675e-01 3.685997174042693336e-01 3.923703103090167565e-01
-1.000000000000000000e+00 -1.000000000000000000e+00 -1.000000000000000000e+00 -1.000000000000000000e+00 -1.000000000000000000e+00 -1.000000000000000000e+00 -1.000000000000000000e+00 -1.000000000000000000e+00 -1.000000000000000000e+00 -1.000000000000000000e+00 -1.000000000000000000e+00 -1.000000000000000000e+00 -1.000000000000000000e+00 -1.000000000000000000e+00 -1.000000000000000000e+00 2.343384111854758811e-01 2.272123150467817987e-01 2.203799416668827948e-01 2.136739060355091202e-01 2.074736750121496942e-01 2.028376918299784060e-01 1.971632310942283417e-01 1.932447166226220758e-01 1.896202588410471901e-01 1.864021831683754238e-01 1.835406943944046798e-01 1.817687295891027288e-01 1.803250887326868224e-01 1.789200537993259066e-01 1.784370442373236776e-01 1.784734145930407523e-01 1.789146244868614899e-01 1.800056796847309404e-01 1.814662983921365991e-01 1.833765476361160773e-01 1.854892083389479696e-01 1.882236262770988211e-01 1.918417563798781866e-01 1.955090303710759481e-01 2.002194533587656478e-01 2.041383301792403515e-01 2.087939477479089367e-01 2.134150777539695620e-01 2.196443403713318199e-01 2.235440426105324840e-01 2.287252677989608241e-01 2.331549922935364227e-01 2.359988694280538701e-01 2.387368071882959852e-01 2.418039431361963254e-01 2.439627448805050391e-01 2.462925523892455226e-01 2.470406448206123040e-01 2.483580131229491117e-01 2.492366465292411848e-01 2.495972087334817069e-01 2.510999088112106370e-01 2.530008291174789536e-01 2.539830272729766691e-01 2.572339352297894344e-01 2.603634520828296273e-01 2.658635916848707814e-01 2.746633013573973048e-01 2.835908051457803336e-01 2.974132666382979795e-01 3.082595109817536927e-01 3.252007895155668571e-01 3.406400476249369924e-01 3.532317615762494145e-01 3.718910961596674780e-01
-1.000000000000000000e+00 -1.000000000000000000e+00 -1.000000000000000000e+00 -1.000000000000000000e+00 -1.000000000000000000e+00 -1.000000000000000000e+00 -1.000000000000000000e+00 -1.000000000000000000e+00 -1.000000000000000000e+00 -1.000000000000000000e+00 -1.000000000000000000e+00 -1.000000000000000000e+00 -1.000000000000000000e+00 -1.000000000000000000e+00 -1.000000000000000000e+00 -1.000000000000000000e+00 2.197367666245908513e-01 2.127874877679697407e-01 2.073185066776414009e-01 2.018831622434538731e-01 1.973458947587345413e-01 1.925267440184633694e-01 1.888926515927681071e-01 1.850751749106460675e-01 1.825669332568851111e-01 1.802781404470604476e-01 1.782464540004847775e-01 1.770035686041285528e-01 1.761523453608279111e-01 1.756715883911573184e-01 1.757055300623818483e-01 1.761689435764650646e-01 1.772418082985345034e-01 1.779575627428907902e-01 1.800220487477959819e-01 1.825076200007842986e-01 1.847496592756130152e-01 1.877913240976557263e-01 1.921311020172486450e-01 1.956621571367150036e-01 2.000457648308599512e-01 2.043675183428652897e-01 2.091283400952812788e-01 2.139551317070501613e-01 2.187768889327091626e-01 2.222756050980866371e-01 2.267173816389972951e-01 2.300569628444297798e-01 2.342606400286350865e-01 2.363667048008870619e-01 2.388956214753668872e-01 2.398984815809569737e-01 2.416236342804022330e-01 2.430998621205997245e-01 2.439428920514328525e-01 2.456210326793551446e-01 2.464985364984610960e-01 2.476032055843040702e-01 2.495272361813191397e-01 2.515082487910690889e-01 2.548709472178485314e-01 2.592726505125279024e-01 2.649825302348258194e-01 2.745427283012296105e-01 2.847671588030701861e-01 2.972066275327987506e-01 3.100378552795356457e-01 3.300720193837233807e-01 3.508825427861191892e-01 3.597409984143509765e-01
-1.000000000000000000e+00 -1.000000000000000000e+00 -1.000000000000000000e+00 -1.000000000000000000e+00 -1.000000000000000000e+00 -1.000000000000000000e+00 -1.000000000000000000e+00 -1.000000000000000000e+00 -1.000000000000000000e+00 -1.000000000000000000e+00 -1.000000000000000000e+00 -1.000000000000000000e+00 -1.000000000000000000e+00 -1.000000000000000000e+00 -1.000000000000000000e+00 -1.000000000000000000e+00 -1.000000000000000000e+00 2.063616741700753654e-01 2.009651840686435265e-01 1.965277951051188909e-01 1.921146417163124287e-01 1.876818726782951141e-01 1.843824471082053384e-01 1.812154398408731271e-01 1.787494718117984827e-01 1.769075303327847237e-01 1.751640587958689654e-01 1.737306522150066646e-01 1.730971572374863932e-01 1.728626748780285882e-01 1.726428199020630105e-01 1.735118235168147949e-01 1.739324378046797348e-01 1.756206893304916306e-01 1.775858823318153812e-01 1.796481819758747045e-01 1.819865939623791506e-01 1.855413315256823348e-01 1.884374616019039161e-01 1.926957678668813623e-01 1.951647838933793511e-01 2.004884589866693934e-01 2.045394327351475749e-01 2.090723578697616936e-01 2.134703451781887473e-01 2.173559117734604473e-01 2.207769659272286189e-01 2.243082521730131729e-01 2.274425216945255845e-01 2.316657525383883920e-01 2.331132399465022931e-01 2.346347489502232375e-01 2.363305001835071251e-01 2.374715466110481898e-01 2.390350373226085290e-01 2.401569882294022074e-01 2.420592979126905131e-01 2.430616696335491933e-01 2.453692805071435168e-01 2.469683042069277801e-01 2.503414681817761056e-01 2.556053871647590015e-01 2.613015861063986423e-01 2.686598588245391883e-01 2.778689207400810712e-01 2.920083920888535411e-01 3.032350831985924366e-01 3.274621518422221600e-01 3.444384680176403868e-01 3.580815671893204377e-01
-1.000000000000000000e+00 -1.000000000000000000e+00 -1.000000000000000000e+00 -1.000000000000000000e+00 -1.000000000000000000e+00 -1.000000000000000000e+00 -1.000000000000000000e+00 -1.000000000000000000e+00 -1.000000000000000000e+00 -1.000000000000000000e+00 -1.000000000000000000e+00 -1.000000000000000000e+00 -1.000000000000000000e+00 -1.000000000000000000e+00 -1.000000000000000000e+00 -1.000000000000000000e+00 -1.000000000000000000e+00 -1.000000000000000000e+00 -1.000000000000000000e+00 1.913300899206397121e-01 1.872922659663991130e-01 1.837903616246248928e-01 1.805752279061345611e-01 1.777406520414386293e-01 1.755728347503519859e-01 1.734290365476666429e-01 1.721791623774994728e-01 1.710894935026024133e-01 1.705024007709838307e-01 1.700811332056704206e-01 1.705692816130641443e-01 1.704924019463154583e-01 1.717579647004917609e-01 1.733123523797322763e-01 1.751689575075121019e-01 1.768205711282251902e-01 1.797562517197088816e-01 1.826644918388656280e-01 1.854742910002524503e-01 1.890142433453726178e-01 1.931005151177295764e-01 1.962328154008549097e-01 2.013484204768489771e-01 2.042645189796198635e-01 2.091791411422823377e-01 2.126376551388401981e-01 2.163049710474009846e-01 2.199521653769032636e-01 2.229368200744230311e-01 2.250894402172056719e-01 2.280615978974281921e-01 2.296179119346619113e-01 2.318333927501755598e-01 2.328297568092076997e-01 2.344313576494316265e-01 2.355602741347148088e-01 2.372183160676224201e-01 2.388139129703459318e-01 2.411906735849781158e-01 2.430238012926830005e-01 2.457118904999942288e-01 2.509953114222697734e-01 2.573949721243289357e-01 2.690461169127778551e-01 2.740383105174329370e-01 2.926830739989632058e-01 3.027716850165170781e-01 3.163839862582660256e-01 3.309997242314338672e-01 3.501753209809322365e-01
-1.000000000000000000e+00 -1.000000000000000000e+00 -1.000000000000000000e+00 -1.000000000000000000e+00 -1.000000000000000000e+00 -1.000000000000000000e+00 -1.000000000000000000e+00 -1.000000000000000000e+00 -1.000000000000000000e+00 -1.000000000000000000e+00 -1.000000000000000000e+00 -1.000000000000000000e+00 -1.000000000000000000e+00 -1.000000000000000000e+00 -1.000000000000000000e+00 -1.000000000000000000e+00 -1.000000000000000000e+00 -1.000000000000000000e+00 -1.000000000000000000e+00 -1.000000000000000000e+00 1.831646369500301019e-01 1.798999645929947599e-01 1.768825976727033400e-01 1.745159936180310789e-01 1.726112368578958389e-01 1.707900380692936870e-01 1.692265669540705675e-01 1.686515930183478118e-01 1.679181477245984822e-01 1.674572653637561026e-01 1.680348371032202859e-01 1.687837156576426079e-01 1.695797706022260931e-01 1.707119404420424369e-01 1.728184496403948056e-01 1.744961121183517538e-01 1.773473960028953689e-01 1.804992130393694161e-01 1.829520369065186780e-01 1.868452101645975139e-01 1.903513071029681314e-01 1.937667101263444158e-01 1.973388295645992774e-01 2.018585005180272007e-01 2.052054338205619999e-01 2.083831011234497099e-01 2.126616958058885343e-01 2.158917014932790757e-01 2.185041422846338288e-01 2.212777566674507534e-01 2.236194078664978380e-01 2.260162730856869195e-01 2.272455849527916794e-01 2.289438503004407599e-01 2.306547895402737414e-01 2.314760802863202738e-01 2.330366395977353511e-01 2.351678360664017919e-01 2.367776267440943605e-01 2.405789356791474265e-01 2.442363578545285741e-01 2.482501523830451806e-01 2.538488747102874976e-01 2.627973576647950615e-01 2.738587047696375287e-01 2.845775015761702886e-01 2.987754047052306183e-01 3.200655588148422215e-01 3.365870913137966602e-01 3.570806748083325544e-01
-1.000000000000000000e+00 -1.000000000000000000e+00 -1.000000000000000000e+00 -1.000000000000000000e+00 -1.000000000000000000e+00 -1.000000000000000000e+00 -1.000000000000000000e+00 -1.000000000000000000e+00 -1.000000000000000000e+00 -1.000000000000000000e+00 -1.000000000000000000e+00 -1.000000000000000000e+00 -1.000000000000000000e+00 -1.000000000000000000e+00 -1.000000000000000000e+00 -1.000000000000000000e+00 -1.000000000000000000e+00 -1.000000000000000000e+00 -1.000000000000000000e+00 -1.000000000000000000e+00 -1.000000000000000000e+00 1.759046304119909199e-01 1.739094768701808236e-01 1.714266206521607439e-01 1.698786185325731612e-01 1.682423067304124331e-01 1.670535764295466852e-01 1.661473096679566275e-01 1.655389718550236700e-01 1.655354471146094353e-01 1.659678217973650227e-01 1.669594812542431472e-01 1.681120132796501687e-01 1.693358046669079242e-01 1.706428868293685397e-01 1.732579047586103593e-01 1.751284949571685623e-01 1.779862032828284091e-01 1.815316884542634568e-01 1.847962488625515820e-01 1.878252595345406284e-01 1.909922581557211285e-01 1.954186233646355297e-01 1.986310025379933453e-01 2.017716660082306546e-01 2.059858296040412429e-01 2.087109556562595503e-01 2.113291167395197900e-01 2.143655169251478254e-01 2.176454436160225325e-01 2.203270948383377059e-01 2.218700204581295632e-01 2.242000966971418596e-01 2.263332136734414468e-01 2.272269192166974372e-01 2.290367569712484230e-01 2.312140506587666289e-01 2.334881114186181938e-01 2.357171286377674757e-01 2.400299094400122624e-01 2.426436196574035253e-01 2.490596280722291722e-01 2.547327227683657824e-01 2.647762972714549079e-01 2.774840080651068130e-01 2.966768543456347884e-01 3.079089345472773021e-01 3.200449007447614402e-01 3.484997611451088328e-01 3.699384773884519251e-01
-1.000000000000000000e+00 -1.000000000000000000e+00 -1.000000000000000000e+00 -1.000000000000000000e+00 -1.000000000000000000e+00 -1.000000000000000000e+00 -1.000000000000000000e+00 -1.000000000000000000e+00 -1.000000000000000000e+00 -1.000000000000000000e+00 -1.000000000000000000e+00 -1.000000000000000000e+00 -1.000000000000000000e+00 -1.000000000000000000e+00 -1.000000000000000000e+00 -1.000000000000000000e+00 -1.000000000000000000e+00 -1.000000000000000000e+00 -1.000000000000000000e+00 -1.000000000000000000e+00 -1.000000000000000000e+00 -1.000000000000000000e+00 1.708043055958803624e-01 1.688676804931543429e-01 1.673760216555841562e-01 1.658503665497419732e-01 1.648433620529263788e-01 1.643279414681795836e-01 1.640698300465345538e-01 1.643766664831762259e-01 1.641307810133899314e-01 1.653658326327711592e-01 1.663891502364579500e-01 1.678240395857313605e-01 1.695646742260532858e-01 1.721357494333813076e-01 1.744881021334993010e-01 1.772675801166211096e-01 1.801249002365361562e-01 1.828373692683751828e-01 1.863390264890682213e-01 1.898774405433801549e-01 1.932465037763601290e-01 1.972321235435228470e-01 1.999961505199310541e-01 2.037099654373182578e-01 2.067641659519374453e-01 2.101810364133395448e-01 2.119953993522941116e-01 2.151261895229571730e-01 2.166335404962751732e-01 2.190933633544893400e-01 2.212912439645254858e-01 2.225388481328381962e-01 2.250387931618070825e-01 2.272851063869062160e-01 2.300133632386405225e-01 2.319829923373914471e-01 2.360173043730423859e-01 2.404969853174893923e-01 2.439750207185127362e-01 2.519134032531801792e-01 2.631129491655854191e-01 2.738265197243475169e-01 2.881781410636827800e-01 3.007736589395964000e-01 3.287099394214273995e-01 3.487855973698487655e-01 3.562934784695796497e-01 3.895624709298668997e-01
-1.000000000000000000e+00 -1.000000000000000000e+00 -1.000000000000000000e+00 -1.000000000000000000e+00 -1.000000000000000000e+00 -1.000000000000000000e+00 -1.000000000000000000e+00 -1.000000000000000000e+00 -1.000000000000000000e+00 -1.000000000000000000e+00 -1.000000000000000000e+00 -1.000000000000000000e+00 -1.000000000000000000e+00 -1.000000000000000000e+00 -1.000000000000000000e+00 -1.000000000000000000e+00 -1.000000000000000000e+00 -1.000000000000000000e+00 -1.000000000000000000e+00 -1.000000000000000000e+00 -1.000000000000000000e+00 -1.000000000000000000e+00 -1.000000000000000000e+00 1.665642733192836955e-01 1.649326223957341131e-01 1.641621560277686798e-01 1.630496152570036217e-01 1.625872258653715263e-01 1.625560729249660996e-01 1.629046321007220077e-01 1.632821354078300979e-01 1.640814260620820364e-01 1.654213315366126202e-01 1.669404432273763617e-01 1.690059900687497785e-01 1.711427437181853584e-01 1.737538996208617958e-01 1.761400812811832750e-01 1.793486569251774576e-01 1.824281994538475837e-01 1.862609802833368189e-01 1.889851187847425840e-01 1.919403283466214749e-01 1.959428630024409035e-01 1.988168633286963582e-01 2.018394980671033290e-01 2.048204681970098029e-01 2.081957755629539053e-01 2.106124033116204552e-01 2.129293329260679157e-01 2.150633066841739771e-01 2.183200949963624848e-01 2.198553833775395427e-01 2.225036321131906025e-01 2.241011969843137164e-01 2.271882003620301904e-01 2.305538091402294654e-01 2.331057356071174202e-01 2.364352749755896654e-01 2.425882763218022986e-01 2.509553073235875065e-01 2.588343942831567990e-01 2.689188998707196521e-01 2.882785728097583822e-01 3.047148726378023920e-01 3.296646933448229566e-01 3.555902171106788412e-01 3.740645645463771540e-01 4.019611903259841523e-01 4.126165352319291491e-01
-1.000000000000000000e+00 -1.000000000000000000e+00 -1.000000000000000000e+00 -1.000000000000000000e+00 -1.000000000000000000e+00 -1.000000000000000000e+00 -1.000000000000000000e+00 -1.000000000000000000e+00 -1.000000000000000000e+00 -1.000000000000000000e+00 -1.000000000000000000e+00 -1.000000000000000000e+00 -1.000000000000000000e+00 -1.000000000000000000e+00 -1.000000000000000000e+00 -1.000000000000000000e+00 -1.000000000000000000e+00 -1.000000000000000000e+00 -1.000000000000000000e+00 -1.000000000000000000e+00 -1.000000000000000000e+00 -1.000000000000000000e+00 -1.000000000000000000e+00 -1.000000000000000000e+00 -1.000000000000000000e+00 1.624993381351859389e-01 1.618211256615712246e-01 1.617897113692708666e-01 1.617642127212199910e-01 1.615491904722682059e-01 1.625760800116083926e-01 1.633565689687032640e-01 1.648750092376428389e-01 1.665552314208187390e-01 1.682285823254128787e-01 1.706881997643604487e-01 1.739245218320201458e-01 1.761610538419541849e-01 1.792795710276697541e-01 1.823854484256907105e-01 1.850727698998081983e-01 1.888780787369464809e-01 1.922480530655771014e-01 1.955292759586834683e-01 1.984239448998661171e-01 2.019273049589165314e-01 2.048678674312990056e-01 2.076612262060827940e-01 2.099882059119797251e-01 2.126603401221816292e-01 2.156901814539659845e-01 2.183614164241872990e-01 2.199390097786712572e-01 2.227015339523346349e-01 2.263153083886000616e-01 2.290830244544412864e-01 2.324102565144169075e-01 2.373560294797207315e-01 2.422195757629729829e-01 2.514944164596196741e-01 2.635241187151983744e-01 2.730370723875493177e-01 2.909337521258915649e-01 3.124803006252121484e-01 3.342740881134897979e-01 3.597454634394318673e-01 3.824869710680380841e-01 4.063053570892342647e-01 4.207322091953712428e-01 4.501365004045265183e-01
-1.000000000000000000e+00 -1.000000000000000000e+00 -1.000000000000000000e+00 -1.000000000000000000e+00 -1.000000000000000000e+00 -1.000000000000000000e+00 -1.000000000000000000e+00 -1.000000000000000000e+00 -1.000000000000000000e+00 -1.000000000000000000e+00 -1.000000000000000000e+00 -1.000000000000000000e+00 -1.000000000000000000e+00 -1.000000000000000000e+00 -1.000000000000000000e+00 -1.000000000000000000e+00 -1.000000000000000000e+00 -1.000000000000000000e+00 -1.000000000000000000e+00 -1.000000000000000000e+00 -1.000000000000000000e+00 -1.000000000000000000e+00 -1.000000000000000000e+00 -1.000000000000000000e+00 -1.000000000000000000e+00 -1.000000000000000000e+00 1.609310859104327029e-01 1.608125542775994399e-01 1.610854062753885874e-01 1.612458293648788010e-01 1.620090187815861338e-01 1.631236564181491044e-01 1.645612188728690917e-01 1.663828443022513925e-01 1.687899358340211597e-01 1.710613916764747444e-01 1.737777945365159282e-01 1.769179342336685834e-01 1.797602122377111311e-01 1.833769814767043649e-01 1.864641577037201570e-01 1.902581995626663469e-01 1.934091274253604831e-01 1.962192053398682245e-01 1.994033522051212037e-01 2.025139344594746038e-01 2.059063696388771514e-01 2.085845801621881157e-01 2.112279630621295423e-01 2.142391112312627133e-01 2.167343926941640020e-01 2.199565015663324241e-01 2.226530854098264789e-01 2.255181520196982425e-01 2.285377526976214990e-01 2.331347747122351766e-01 2.389356370541990682e-01 2.463826401653701481e-01 2.544875928090248318e-01 2.638995501215697925e-01 2.840738939678300601e-01 3.012710951881922838e-01 3.254339398932246663e-01 3.486352992111545479e-01 3.768212508255538995e-01 4.006770975378758926e-01 4.218825378466381504e-01 4.439611573929759802e-01 4.669298788787247245e-01 4.821365062370824850e-01
