5.427427944171793902e-175 2.758887920967224940e-162 8.441875502519042881e-148 9.376466311400424968e-133 1.951331958287402644e-125 2.794781246543416757e-117 7.500529899322320628e-104 1.584283487002615180e-93 8.543068876010639110e-88 7.245096524705468871e-77 8.649665808049353463e-68 1.983338419088284366e-62 1.505167898972724992e-58 2.198712887637116012e-53 6.412577642591880902e-48 3.041808472857934917e-43 2.273776638473410330e-35 1.507308076124590040e-32 2.390207589887045152e-29 9.230305995404905394e-27 2.348277849549366449e-25 2.646507778657270559e-21 7.473849728106564025e-18 1.090575544187917891e-16 6.095630664049615968e-16 2.103752552885054268e-13 2.036216519978206287e-12 1.045931141139526454e-11 7.231190768510159150e-11 1.063053115909672528e-09 4.635883141565384146e-09 4.028717338703407895e-09 9.992128851132661673e-09 2.201281419372780075e-08 5.801260265913094698e-08 7.886294603639777220e-08 2.356340573171552669e-08 2.485934925898008857e-08 4.636694255042639168e-09 1.958171172919845190e-08 2.167240997132236742e-09 2.350824135815958015e-10 5.706692983006592153e-10 2.135479474291030246e-11 7.266336250558444829e-12 1.518041743604164644e-12 1.360482148099844211e-13 1.915529222386267882e-14 1.398408101345898985e-15 1.309840698655592847e-16 4.403850058967337132e-18 3.208862030656157628e-19 2.143716031865757191e-19 1.383953922061525193e-20 1.487758893886663085e-22 1.561692013316479870e-22 1.630800864024793216e-22 3.986844103087309019e-24 5.258818348670064370e-26 3.288244362614485680e-26 1.327854231170498745e-27 5.833862348189418456e-28 1.178451320312373198e-28 1.695343615869495078e-29 1.165154552557430501e-30 5.276242943666683582e-30 1.804663402161732929e-32 3.876965546212289865e-32 3.931193712682701927e-32 1.054939724269076968e-33
1.494478702069996081e-175 3.436719199906252909e-165 6.875753423389426166e-146 3.468522354664447185e-133 2.222148522583221153e-127 2.862747902899071221e-114 5.528227737562377147e-103 1.053380919244437120e-94 6.049421903144377563e-86 6.970291167439261440e-80 9.346486599729554242e-72 3.146854980002936400e-66 1.926942462840585111e-55 2.509563478229109580e-52 1.551100779475099574e-46 3.687891428571931171e-41 1.420253504142062338e-36 1.704610155297984085e-34 9.239326116655912542e-31 1.776263060025335325e-26 4.636776115299995678e-23 3.542629499237477972e-21 6.645011236681725835e-19 4.262424404703882835e-17 2.579198954660805877e-14 9.528646481838862157e-14 3.961160628080547842e-12 1.309678851842456942e-10 1.640635376260187853e-10 2.287685961234603647e-09 6.504115378532454796e-09 1.109102178388131723e-08 2.792781830125611709e-08 4.644743113117643303e-08 3.114638762770743792e-08 6.079941587586202855e-08 2.045393315452416849e-08 2.209682875922377201e-08 1.609360779276816746e-08 4.816198792768234120e-09 1.571841880165019350e-09 1.301364365314340056e-09 3.533451757810910367e-09 4.453108613644048264e-11 5.437757715111114286e-13 1.460091145778089893e-12 1.557174610725524067e-12 4.951087697087810488e-15 2.912286599522778258e-15 1.822671804693386099e-15 1.278890320262725572e-17 6.854109180160057991e-18 1.070782517223556825e-20 6.550432901095534962e-21 7.822174840753110987e-20 5.366335710805762988e-22 4.465419114335622617e-22 1.057438897762408136e-23 3.565480286286023711e-25 2.295985791458092422e-25 6.320278055332268552e-27 8.446220495071432902e-28 6.778249706741909381e-27 1.714092315771053349e-30 6.157460245341412749e-31 3.210398020944034075e-31 2.002732451698395783e-31 1.388390039595979135e-31 3.266385886285548258e-34 7.455387814255591159e-33
4.727470401302470213e-175 1.010109453823824437e-160 1.242059174660146002e-144 5.300810226479321602e-135 2.082775566959749898e-122 3.036764449883135099e-113 3.286296843922146827e-101 9.455620764977362748e-97 5.449532649101444860e-87 2.346588593423309425e-77 4.645302968610479030e-70 4.891035863307635289e-64 3.714136570572302242e-55 2.052590440071646148e-50 1.698258619939304872e-46 1.528012341284194423e-40 1.023409828041641915e-35 2.484132169136580937e-33 3.961471765345852431e-29 5.576237321250870136e-23 8.972342181769526598e-23 5.837048565267607029e-20 4.507776263875019896e-18 1.259794690287983386e-15 3.355592960685614022e-15 9.869144633856824701e-13 5.110980679840235726e-12 5.609951476932157378e-11 3.976872828930553315e-10 2.018426152894836469e-09 7.186216685737863763e-09 3.560461248885807311e-08 1.090909262757588388e-08 3.040580768440610459e-08 1.198117616658497090e-07 1.552376598203780486e-07 1.817909152183463788e-07 1.963418539039155788e-08 4.407077345333454979e-08 2.175369724052143105e-08 7.673565804717073862e-09 5.977292542721921648e-10 7.899988410679153367e-11 1.699279247697551572e-09 6.176209640890428938e-12 2.834061337941861574e-12 8.772946604417382871e-14 6.760255529266194113e-14 2.247153362259739973e-14 4.249640179903522284e-14 2.059545688419505290e-16 2.535329441830694143e-17 4.022545983838706834e-19 5.255460737848952577e-20 2.664694764590184006e-21 8.916666643339630248e-22 1.072588401771333650e-22 6.782251013004687329e-23 8.429500658829899675e-26 5.665867046377446343e-26 1.143291644070955270e-25 6.464128145632081223e-27 4.943094464043977715e-28 2.207313622912424718e-28 1.873936887317106650e-29 2.211165485594123962e-32 1.323528452135204617e-31 3.343966117015318794e-29 7.410088379314398080e-32 6.339036594918516702e-34
1.921130639416107311e-173 1.150517979792294952e-157 5.778897652341372553e-140 6.610873438478664427e-132 1.519563707466129701e-125 9.149060518554266168e-112 2.386257140937648389e-104 6.598069017604754152e-87 7.762685792495011861e-83 2.896163226606488412e-77 1.789059085511692723e-69 3.960866294110754453e-63 2.187600137732523483e-56 1.028831958956681343e-52 1.600382257632655412e-44 5.849612681618097639e-41 4.095848708362951822e-35 4.248066533986682183e-31 1.045357966425266130e-28 1.436867016425475630e-24 1.893036641370274369e-23 9.573786844812607744e-21 6.247600289892290044e-18 1.696992879182893796e-15 2.065587843157411769e-14 1.194203495984868438e-12 6.843815794833962848e-12 9.494159527331893774e-11 7.430619544200677454e-10 3.167656927519839112e-09 9.928124472703588647e-09 2.133327997598933548e-08 3.371293634960129324e-08 5.830575698187970680e-08 1.010294158898454939e-07 1.848570398972235220e-07 9.324429094866136729e-08 4.569857380182569109e-08 1.252569050387012471e-08 3.860020367234090206e-08 6.044274633163016655e-09 8.166783198995476812e-10 8.451444042186726118e-10 3.559576776824237686e-09 3.174586634587300955e-12 1.898447182789122003e-11 1.037665856182785912e-12 1.295243305037684702e-13 3.217291352222427474e-14 1.623172480375002093e-16 1.075785353346051075e-15 3.169254152752326958e-18 3.543264772170106940e-17 4.584118376092797898e-19 6.365019273993548519e-20 8.510034256509513654e-22 5.398484187853790422e-23 9.791243322091867139e-23 5.712734916354907064e-25 9.047423920565517897e-26 3.626665863700175243e-26 4.087773197236375731e-27 3.888163132849447422e-29 1.847500506281228418e-28 1.769731248557368932e-29 7.532727405372056371e-29 6.039872277480293508e-31 2.004603103704433688e-30 1.014494530469402443e-33 6.584881238064788314e-34
9.657902415869027012e-162 6.264282418464675862e-159 5.109823733274310347e-148 2.998813696416612063e-137 1.028650118174881381e-122 1.643358692634808252e-113 9.819711775432001110e-97 7.436603389784740422e-94 6.043190309644882800e-82 2.102260138315031032e-75 4.891798924688901012e-69 4.504336231007392593e-62 2.932276750039777641e-55 4.218963718695955689e-52 9.199475872085140085e-45 4.640779183671148570e-40 1.873350995873696262e-37 6.331258282287517245e-32 9.666817458521872079e-28 8.370738822488998080e-25 2.116601620091413835e-22 1.752485315178108733e-19 2.650173404517493026e-18 1.028807010415645085e-15 1.695295527268783399e-13 2.620412550073378753e-12 1.699584457093002160e-11 5.325154377682152067e-10 4.268902394710540274e-10 7.243973303031430804e-09 9.478614103100810056e-09 2.718920991869986553e-08 9.328254683921681486e-08 7.521118982703584435e-08 8.659534520068125243e-08 1.996872454245841011e-07 1.919948111236270748e-07 1.339918646650014204e-07 1.813006730580902292e-07 4.164133961115584529e-08 4.649398903992047827e-09 5.014315115180591274e-09 1.410933079842119838e-09 9.864592362281459999e-11 2.603461878341108356e-11 1.286397225848159481e-12 1.084003015585560337e-12 2.531151790301019241e-13 7.958101532258004256e-14 7.299594017940727537e-15 2.650899097942432228e-17 2.355747003757677334e-17 2.026827875230687832e-18 4.183039027085285087e-19 4.002518219858356141e-20 2.507389074783539968e-22 3.871357032102729236e-21 3.704950736844192247e-24 2.872913527682599060e-24 8.343287378639112661e-25 1.307990304126111163e-25 1.875068334332071605e-25 4.437216442323482677e-28 7.683039960916335483e-29 1.330987501775719124e-29 1.843833755978173227e-29 9.309395722936797086e-31 1.868539700175064943e-31 2.088804091411157982e-32 4.649209169129599215e-32
2.886099284532023503e-169 6.819191913515556008e-157 5.492156650833513406e-149 2.241422693599876611e-133 2.310563213572066219e-120 4.359038830695739316e-115 4.816049858194126366e-100 4.236864502637368568e-91 1.435496603038036641e-83 1.429885989354932989e-75 9.882165790915761628e-64 1.099336663742157769e-61 3.184659731978935269e-55 2.030417297885415896e-49 3.260298627296483548e-43 1.541300126987176676e-39 6.271731655388330778e-36 3.053487164996075188e-32 6.356164498582397194e-28 2.173380471908451253e-24 1.543359573522215106e-21 4.560896436389430447e-19 5.630874342112120283e-17 4.879891491044230394e-15 3.565079728075351226e-13 1.393674547879086391e-11 6.720697596134770848e-12 1.557950802085537369e-10 1.133065523364437692e-08 8.339125661652881017e-09 5.596989026853416267e-08 1.039506419481995154e-07 3.371313199149374301e-07 4.595107795181466604e-07 2.485545269947941845e-07 3.037564184033240994e-07 2.965868511040350711e-07 7.784135229149991202e-08 8.120232001581101898e-08 1.385958536998465783e-08 9.654343771026035681e-09 1.027962895360451239e-08 3.602662001548974137e-09 4.020686854751850934e-10 8.462283089498326926e-11 1.997136693384269302e-11 6.795416678353907834e-13 5.044222851912219551e-12 1.301327258056301996e-13 2.113248430448433563e-15 8.768710206285442548e-16 2.132506456558735223e-16 1.320604071358069192e-18 1.809344566749382983e-18 1.824557259805014599e-20 2.256670615350665567e-21 4.239551262194643982e-21 1.343605103560447151e-23 2.060489869621775377e-24 1.517780666115118365e-23 8.136939405280765311e-26 2.588370911946908529e-25 1.396983640389384989e-27 6.139513181999051924e-29 4.870873052910221724e-29 1.533881245831172084e-29 2.642180889217842781e-30 2.949968829762003466e-31 3.932831612081732443e-32 9.899244721578797269e-32
4.401710099941880069e-170 6.256611897758924163e-155 4.684372453430738359e-145 3.626119578468810775e-131 2.833047640874163436e-119 5.487296192774724328e-109 2.819724024707705393e-101 2.074620476058763873e-94 3.241181442875928823e-82 8.254616408223499468e-76 1.023281706965277772e-67 6.015399729189309145e-61 8.470810194637273940e-55 1.726317038003693773e-49 4.288162078566596387e-45 6.369684174562550076e-39 5.852138118422750341e-35 2.164753600689394287e-29 6.961928904018243894e-27 1.396915456118880478e-24 4.094879858320704268e-22 1.037408106162171878e-19 1.434022737228160089e-16 3.764385394802055530e-15 7.951763980215564309e-13 5.441841971915931093e-12 7.193787880336366790e-11 3.318676561563320217e-10 4.802665195456770085e-09 2.249088700770840653e-08 1.900846289437254887e-08 1.565328844755639671e-07 5.756934869011067182e-07 3.793084761688614215e-07 4.129042334828787140e-07 6.088141030317580357e-07 3.423363040892713103e-07 1.303419613519602495e-07 1.202265820814605624e-07 9.337333773928967141e-08 1.504957431029469358e-08 7.905302883361856806e-09 2.036749234427650187e-09 4.982956614256266859e-10 1.658174431348964976e-11 8.350751777792329861e-12 8.506520244558267264e-12 9.996513117860693313e-14 1.449716271999095999e-13 5.958451393159155216e-14 3.626971991667051416e-16 6.939748843750085019e-17 9.892318599604169763e-18 3.680995206408302409e-18 1.890829438627757430e-20 4.916568693240095498e-21 9.184709288046345948e-21 2.266799314657683208e-22 2.435742924508185457e-22 9.034782907509697142e-24 2.367920456975281167e-25 5.047515917674983771e-26 2.603300496546461699e-26 2.307976959117819970e-27 2.013455977798942146e-28 4.376091878216220691e-28 6.428638455060768219e-30 7.692455092305503317e-31 4.218211538495671909e-31 1.084542836704850581e-32
2.659858869881527488e-168 4.712866960819647764e-153 1.790536587530037488e-140 6.348808609920537869e-132 3.699627456216025387e-123 6.051512027439326794e-113 9.554538890064318313e-101 8.955607223107438074e-89 1.350858651179126718e-83 1.770990068233707919e-71 8.281444304988144769e-69 1.911090455702583308e-60 3.596910078793734351e-55 9.471519399828004086e-49 3.491071687837592413e-42 3.293014297823240914e-38 6.792872188534594732e-35 4.097009930572894811e-30 1.037643909124812795e-26 6.904147796349109777e-24 6.530256608208439918e-20 8.464906424183652516e-19 1.106809847709003851e-16 3.530083708426794503e-15 3.467502522878422346e-13 7.599888449022366377e-12 3.426470410109225761e-11 5.220780938202620992e-10 3.333879230090142578e-09 2.246801971198126226e-08 1.194401201526427500e-07 9.062613087990375692e-08 1.424609649702373001e-07 6.656783237853324938e-07 2.055243197104106096e-07 3.277295492797762421e-07 1.177904216465251084e-06 3.297550657327223583e-07 5.135933446072776666e-07 6.497962353194921021e-08 1.863236253603751215e-08 6.905973966552354624e-09 6.666379889619046535e-09 2.145287355619817648e-09 5.515328416406836826e-10 1.150094057151068721e-11 2.544181487031818015e-11 1.336931960401046847e-11 1.346457743128684578e-12 2.629146636805784683e-14 3.801847797791462058e-15 5.407982113291477787e-17 3.095960878584628388e-16 8.685209267256185475e-18 1.026331835474168565e-18 1.263785122661935658e-20 3.665896457877815522e-21 9.231375901306037298e-23 2.675437979656941782e-22 2.818210892570537114e-24 1.010488241634159714e-24 1.886873138496154005e-25 2.539820644943466808e-27 1.105389850029169351e-27 1.220544527786535616e-25 1.111895419428493959e-28 2.068892740486180395e-29 2.749789285390340420e-29 5.040801147533508367e-32 1.201354513258246242e-31
2.482327954687827713e-167 1.086541344775049052e-154 5.124833026591222067e-141 2.026878762258838450e-128 6.293365813495297618e-119 6.103255339563007412e-111 7.444396252660205293e-101 8.849441033402861915e-90 7.948236384594622306e-81 2.972730124232202383e-72 3.940321450232757101e-67 4.401679767566691919e-62 2.641333903051216114e-53 7.721867179513911298e-46 4.013023997908763034e-42 6.061966726835865735e-38 4.436027653825661951e-35 3.343876103341789411e-29 1.583523884283294056e-27 1.077197783821544511e-22 2.923756144513597830e-21 6.230672670437261065e-18 1.394756847006920306e-15 1.956328537308931269e-14 1.074321266384554391e-12 1.084720543898678079e-11 4.483333625374433420e-10 6.578020655678920191e-09 4.165392879463496686e-09 5.624574237935914725e-08 6.972079845578140240e-08 1.145831351837644210e-07 7.270225159305082813e-07 6.370828471128283244e-07 8.394595290335547995e-07 3.679575727696563826e-07 1.163223946735272644e-06 2.112656118885484928e-07 2.146992654602435748e-07 1.678551455704394600e-07 2.863287166930719156e-08 2.001523956779927936e-08 2.484324742480631091e-09 2.345754924950499040e-09 3.946437370466137204e-10 7.328517438173961379e-10 1.261863971089651615e-10 1.122443314529633707e-11 3.253052728252956740e-13 6.644614611123014957e-15 1.209898868630655802e-15 6.147202681113572511e-16 1.129757783411642202e-17 3.761565695719280221e-18 1.441442952841707011e-18 2.482976395765959184e-21 6.184609612266281487e-21 1.280427512858880538e-22 1.274067021929004321e-22 1.005186822014896572e-23 1.443280977541720555e-23 5.962728639261414442e-24 2.876487386398514898e-26 5.432826764802677981e-28 2.604279579460280464e-27 9.842331130802332722e-28 4.456006842460060492e-30 4.367593200772790336e-29 7.965872259338392587e-31 8.428288963286536620e-30
7.557248215568813426e-167 7.416877125944057492e-157 2.602323051441461762e-142 2.563301279613303163e-129 3.005256713287294908e-116 4.311200821412370928e-107 5.251261665350413683e-96 2.444136136688728212e-89 6.879897931609363644e-80 9.675104311728688244e-73 2.552280355953695080e-65 7.119842376855915733e-58 2.987758556080929011e-53 4.223416838677813834e-44 4.750539700197351936e-43 1.106559126940091598e-37 1.677279174245844807e-33 6.174437906134866568e-29 1.346113598768793438e-27 1.171874650665809347e-22 6.366832500844318216e-20 7.400821991653167517e-18 2.308878576682613903e-15 2.245759679048891242e-14 9.416894944787718779e-13 4.776303945146315335e-11 7.760203670590630071e-10 1.885032414110145730e-09 1.068792064374281194e-08 8.248391882542921936e-08 1.969514612123483864e-07 2.664022434305283052e-07 3.971412187289974163e-07 7.462058349325320676e-07 1.095677112111568778e-06 7.788183008405865592e-07 1.175221967895771593e-06 4.187489462575134238e-07 2.016566339111796350e-07 1.671312627056808172e-07 1.487143581832032134e-07 2.743138311166868679e-08 4.609148915665421491e-09 5.005450758398972974e-08 2.175360623007637490e-09 5.212273217326139684e-11 1.686294256682210504e-11 6.077331027257327324e-13 1.014143736407557242e-12 1.851322656422611702e-13 1.250993577962470009e-14 2.141009404938080398e-16 7.534690907524968622e-18 7.994323137179779314e-18 1.904918250832683629e-18 3.764170625287817481e-19 4.269253858362206162e-20 5.771638509435824304e-22 4.597730653547304524e-22 4.394045935082229586e-23 6.929122373993183025e-25 5.473017432374063053e-25 1.147596610729525909e-25 1.008772331794661118e-26 3.257301270701631401e-26 1.285318987199571832e-28 3.045428175177589208e-29 2.938724607464713508e-29 2.110264845627096155e-29 1.287873270364669918e-30
1.836386406555912503e-167 1.105506186851439277e-154 7.178141721116046515e-143 2.058028966285761816e-129 7.788667254315286442e-120 3.339093716840540601e-107 1.361308395761618569e-92 4.176772855813408104e-90 2.528316258789848800e-79 1.253532999791325447e-72 3.667748543518866101e-65 2.764089179965511320e-58 9.007841634028113064e-52 7.206440482519964531e-45 9.354304117257263625e-41 1.880479956449380177e-38 1.155880980974431416e-31 3.124255082873447571e-28 1.699470409595449735e-25 3.722685513472976038e-22 8.650307207484751002e-19 3.386713878482388853e-17 2.278420259896923496e-15 6.312378423432899926e-14 9.067487697535804372e-12 5.573998308472872029e-11 3.280408081847551713e-10 2.825920397526787686e-09 2.479822341899276816e-08 7.521024529639359535e-08 2.548439006175045251e-07 3.018217107026767165e-07 9.781186719092615689e-07 9.804265719741021837e-07 2.217154333881423298e-06 2.312645109196720588e-06 9.480638192625568312e-07 6.405909052325280089e-07 6.811862046284841214e-07 2.211489157440594429e-07 1.536800990788514606e-07 2.203106921785873291e-08 6.583243647411120756e-09 1.927569212327688508e-09 2.181062194818561935e-09 6.926336000089832080e-11 4.603929584092661300e-11 7.894824433277105462e-12 3.206220063262930408e-12 2.279697719757751884e-11 4.877670779691511302e-14 6.026664330419892522e-15 2.665318686223393032e-15 2.018995958748889342e-16 1.019002455219920504e-17 1.939399531708315039e-18 2.820608756861285047e-21 4.022056263288200304e-20 1.857253354515985085e-22 4.047821224040756616e-23 2.857459205593924781e-24 1.342776771698677035e-24 4.802108378251176778e-25 1.772489964020592893e-25 4.878118192352625866e-27 8.541884961380118907e-27 6.254763468943519641e-28 2.951627702071928282e-30 9.550917451299274164e-29 4.663916506967486522e-30
5.567576063357339522e-166 1.215417266460637029e-147 2.760142166344991203e-138 1.466481663112322812e-127 2.580941590342124576e-114 1.717647470418783414e-104 3.031186238362202124e-97 3.369790280999331048e-85 3.993253612606002305e-81 3.954413529587581462e-71 7.337540356318539635e-65 8.564326983842934683e-58 6.209416232446859789e-52 1.411626234193747816e-45 7.914333745537314313e-40 2.233341546315469988e-36 1.346871856341268109e-32 2.130061570923781290e-27 2.964961719528749096e-25 4.429252485200891491e-22 2.961539506316477418e-19 7.363031751615243719e-17 1.546396690173574965e-14 2.082461858381384284e-13 6.955140409987164263e-12 2.153480791760206424e-10 5.900408348692607529e-10 8.219502734644930119e-09 5.378851026303189603e-08 1.812758117698906829e-07 3.770602664132867259e-07 4.920714364899930548e-07 1.173568622455284203e-06 2.172230522610477507e-06 1.934384695551373263e-06 7.479463439921418072e-07 1.316488428484397357e-06 1.160025602642895280e-06 1.467998810085082647e-06 5.453287780457188029e-07 9.439455389771333624e-08 7.183606210258456597e-08 4.591768132014360049e-09 2.284911340012321822e-08 2.786633733224458587e-09 1.589897698811645398e-10 5.505036429461117697e-11 4.646181950336483396e-12 1.136024789045784901e-11 1.254803783442164460e-13 1.149495509292935394e-14 5.589266935680432134e-16 1.157608544574201140e-16 3.775178913548811322e-16 2.613875423350342502e-18 7.603935273300125000e-19 3.146340634427418672e-20 1.410446051680945003e-20 4.361862577032401298e-21 3.396355282049373858e-22 5.269085342485544023e-23 1.866506870740159528e-24 3.053282728759516796e-24 5.196619973159988767e-26 1.505200798833338575e-26 2.706698105052856420e-27 2.347105402996546607e-28 5.413715956226744788e-28 7.775913558203640093e-28 1.194976404572206237e-30
4.034575316920220205e-165 4.580154897895452746e-147 2.388494185529139436e-135 5.881676685658456438e-127 1.127545392291583304e-117 2.256332597631995828e-105 3.652059785969491307e-99 4.656253371306662295e-87 1.905778329903089099e-80 9.463591531932762465e-70 2.871456121170748131e-64 4.805176148701713656e-57 1.257932767612472393e-49 8.073606219656840112e-46 4.757061722569093225e-42 2.830917921175400736e-36 1.510142700847885765e-31 1.776028770555896741e-28 1.072598720745900574e-23 2.749433795383677405e-21 1.494556339545482509e-19 7.670207004195239058e-17 2.578971609097222731e-15 7.746990557440314123e-13 4.588919562042696701e-12 9.824581635189829572e-11 1.547789478569970413e-09 2.960194146628178776e-08 7.766534130589560630e-08 1.842934822532164193e-07 5.074197204701558715e-07 1.086644096192709713e-06 1.346037665615249424e-06 3.592607143135939781e-06 1.983785236748478739e-06 3.579224699018582940e-06 2.778379397389687736e-06 8.836568139405092197e-07 1.372020226481959681e-06 4.808483138237045376e-07 6.024658316741741547e-07 4.920770420229174821e-08 1.679814042945369902e-08 5.555211851973023933e-09 8.575938463096502053e-09 6.954443881443189813e-10 3.298549108861107245e-10 1.484489906167093334e-11 5.609450684523362784e-12 7.616137918095461795e-14 5.024035929568359930e-13 1.345900657894498451e-14 1.125457499221986185e-16 4.039403053057651066e-16 2.178490393033392766e-17 1.388365458595497121e-19 9.717243005796466485e-20 4.730051145013393264e-20 1.880181633996922847e-21 4.168412276201439140e-23 9.848716434835055248e-23 9.907768645507292515e-24 1.006149855491714337e-23 4.754759573341155811e-24 4.029318322717102023e-26 1.961715635139914318e-27 1.781189384160648697e-26 2.942118657702452969e-28 1.400482353728011525e-29 3.104218059660608012e-30
8.200411149514604274e-163 1.509085043181534334e-147 1.284919348729996057e-135 5.015348415333685618e-124 2.966874015270485540e-116 9.016759968316555811e-105 5.174983421314856736e-92 4.541301479520492485e-88 8.948972495477003864e-78 6.967534756005864098e-70 1.404346274598042920e-61 3.437734795085050500e-57 3.133846366219514377e-52 5.776595609258682478e-44 2.621951030766798310e-40 2.222429703859677490e-35 1.120312471098973297e-30 1.251296057821103371e-27 7.082568015660367063e-25 7.900423055001328453e-21 1.627945353060472654e-18 3.610538258152378218e-16 8.603418331873375032e-15 3.854448311652946489e-13 1.867679032362581209e-11 8.279606617058496472e-10 1.556960942764603269e-09 1.358571360426545747e-08 9.728144014367002673e-08 3.381887062727007790e-07 4.002166613617507029e-07 1.179083304793075534e-06 5.235243647483499020e-06 3.884963973496161130e-06 5.756494761127987331e-06 2.216266403710631480e-06 5.030214971477906917e-06 1.379031291169248570e-06 9.270738926688725228e-07 4.696003592010814940e-07 4.917019682295035053e-07 2.725382687812830679e-07 6.482132980484012937e-08 2.037155118274306482e-08 9.432661101582086644e-10 6.131563073758996662e-10 5.929286958428135676e-11 3.360477270885235559e-11 4.891347989964091279e-12 3.203443127105298773e-12 1.076753150094775069e-13 3.503809558196387271e-14 8.924962982080623036e-16 3.212431381475582139e-16 1.062503465246105301e-16 1.881851981229468134e-17 2.327877499833409332e-18 3.480595321187423144e-21 3.385560926850531379e-21 7.622641782737055934e-22 3.113437970183779578e-24 1.259423991091500160e-21 3.025786480719192918e-24 1.395300901715569827e-25 4.601772697176221433e-25 1.091462289917872979e-26 4.044625181591458865e-27 9.681760548648085666e-27 9.746644355658011539e-29 4.163707597169555374e-28
4.597545634578425847e-166 7.658899180585391438e-152 6.978617312009239744e-138 3.280423433365628913e-129 1.632443120376148410e-107 1.853681117150598260e-106 5.048602475373859264e-92 9.870414199561006516e-84 2.418756313143752550e-77 8.362114266378345478e-72 2.414324584953895468e-62 1.106973002640964448e-55 4.260327921592326772e-50 5.398272031000679973e-43 2.475743278179925065e-39 3.268824696179265291e-34 8.430189274838152677e-31 7.710501411544079036e-26 4.586078325970147019e-23 3.161786080560427858e-19 5.475000382226331969e-18 2.389900564949545284e-16 4.906209000945041052e-15 5.961407187075232792e-12 1.150580671669581641e-10 3.017244306968273437e-10 1.007894088224751604e-08 1.704676461650288001e-08 1.333366767606229480e-07 1.300066680992077699e-06 1.028567577419753745e-06 1.642938957035564950e-06 3.523294313582870709e-06 5.612307295800565913e-06 5.526293461174743562e-06 5.587682153766018315e-06 5.131417316398388644e-06 6.546736882442312237e-06 3.615726772637779898e-06 2.770277839139131247e-06 2.562996825729270047e-06 4.429224823212091363e-07 7.982350834771155379e-08 1.269082001083659854e-08 7.150489490476256050e-09 1.994681164750317291e-09 1.231396744707771135e-09 6.992328350910040977e-11 1.510996663351998551e-11 2.382471071005567702e-12 4.529875644437099302e-14 4.378819905364036868e-14 1.558399794072835092e-15 6.914151280297446427e-16 1.252023721759729155e-17 7.997305031054060029e-18 5.248995136982000804e-19 3.081712340324705024e-19 9.193177993060207155e-20 3.465974146592958176e-21 2.170730865735241220e-21 4.911906209249340423e-24 3.837209873548146879e-23 5.968074407624737084e-24 2.116866212471582668e-24 6.397644602876921514e-25 1.382816855262997359e-26 1.301027658399118965e-27 6.602515848018627108e-27 1.605959269171655097e-27
9.090289275939461917e-157 4.246055907739650712e-143 8.564295312698507851e-133 6.575621411374433376e-124 4.957545719274038912e-110 6.394241389966164653e-103 4.182518678976018299e-95 8.229939787137891472e-85 1.503558938754099393e-76 1.008475276693515208e-68 3.034049011083891163e-61 4.893112260701510333e-51 9.793362543430125261e-50 2.887453011163604705e-42 1.014407389869986920e-36 9.042149304858670444e-34 2.482272697559694538e-30 3.861689839567971643e-27 2.076826541950181619e-23 8.899900413931613965e-20 3.661563707891260667e-18 2.024312814366505485e-15 1.568978205028836119e-13 7.983439944493789787e-13 7.095471380191020404e-11 6.373984194240530448e-10 1.436260632824203015e-08 1.500563311549593441e-07 2.256013072476949710e-07 1.677655761863633712e-06 2.331340984548574574e-06 4.134918347729317983e-06 7.007430192520204719e-06 5.506291490103545073e-06 8.261780987625145885e-06 6.970616632670608687e-06 6.685908862758630633e-06 4.053770350773339666e-06 1.893035102022814180e-06 5.341912820223010189e-06 1.351118033202629501e-06 4.002653378677037766e-07 7.768621271647058701e-08 4.772922483233824451e-08 1.077888873257313939e-08 3.119093923674548782e-09 1.074289841201981452e-09 6.256903480771169697e-11 1.751986923697965544e-11 3.105587115171823516e-12 6.243447911632167807e-13 1.491201410642721389e-13 4.199255631196908991e-15 4.228186938285568141e-15 8.969299991789151004e-17 1.282055907107172007e-17 4.524416201452196941e-18 1.421917502234304885e-18 4.223280339605917061e-20 2.876000400432390935e-21 5.158584236298981652e-22 1.129438074761879359e-22 1.850781143236282946e-23 1.271571551253702159e-24 1.664522819795760183e-24 1.732313184999405072e-25 2.289880835796614595e-26 2.545835828734229395e-25 2.074014706108587134e-27 6.467010889587999425e-27
1.553112674928486503e-163 4.299778353592580185e-147 5.264202243544486336e-136 1.169176363430777136e-123 6.683637932383702819e-104 9.868342416526081322e-102 1.320797575591994907e-87 2.980112431986792397e-83 4.217091702225631925e-76 3.921857358671217557e-64 9.520840045858478051e-57 4.983978866185309354e-55 3.958115906072734295e-48 5.211190329642654413e-43 1.332302118242485482e-38 6.017710083719978599e-32 6.658438808451107540e-30 3.455219883622324326e-25 5.362735599502186008e-22 6.636648773118372785e-19 3.187190499622198154e-17 1.280473045658097115e-14 5.736043047375789708e-13 2.137336711616559856e-11 8.682480069829701542e-11 1.072387069541098014e-09 4.604729669402749354e-08 6.305323665857583044e-08 7.285028949160177535e-07 1.876098437355643372e-06 3.158871062102533553e-06 6.150268070480985768e-06 4.155910767078174449e-06 1.577651978584505824e-05 1.508517914609569223e-05 9.832075373478038063e-06 6.179781789589370193e-06 1.236864533568248437e-05 5.100949912167593460e-06 5.555765140250641699e-06 2.216681656693576669e-06 5.451475702227407146e-07 1.566112927797632308e-07 2.722448961689734713e-07 2.881324067638908592e-08 9.196458353298182303e-09 1.699165052719753011e-09 1.255120437005302762e-10 7.812404816869252070e-12 2.133061067865501397e-12 3.072664025909331054e-12 1.180838339249475630e-13 5.170379430840404601e-15 8.632095482946461757e-16 8.074439986007178669e-16 7.126979232551770906e-17 2.102989053749168791e-16 1.129197109586939557e-19 1.206885788718417857e-19 1.728335415389109826e-21 1.811271440970287340e-20 5.677810810372321245e-20 6.845662856991488554e-23 5.500616771877750652e-25 6.224035405595651398e-24 1.668367529964641690e-24 3.054221395391173809e-26 3.935195580432523327e-26 8.256192824844855260e-27 1.278884009615765780e-27
5.447532082068224238e-160 1.160285191299961408e-149 3.326565561953988132e-135 3.148173629739401422e-119 1.834685119765080151e-112 2.965761422647046456e-98 1.492547557096415936e-93 3.639241712634690507e-81 4.462391521119373262e-76 1.117303871496513935e-66 2.394182156336484434e-60 1.207985649115109089e-53 1.617216475371517185e-48 6.240016301681324547e-43 6.410109639009143861e-36 5.962779783619023595e-33 3.850317928973258422e-30 6.009621180479029412e-25 1.400475223952153251e-22 1.314752475089983395e-18 1.310030549709694019e-16 1.311383718775575445e-14 1.120262993922630737e-13 4.980519371335076765e-11 1.525166220113067868e-09 1.896458747491573530e-08 2.832221871773382159e-08 2.449462688077479243e-07 9.197070163357056233e-07 2.951121672031633136e-06 1.010807815997183215e-05 9.711947952680037455e-06 1.925306526052635318e-05 2.114474342328378551e-05 3.278880879320076653e-05 5.824919555225577554e-05 1.104949192601892905e-05 2.611426600347410088e-05 1.574838670698967808e-05 9.709157321176205529e-06 1.395924547790119119e-05 3.308627675288125124e-06 5.813416606187090516e-07 2.011657660619164551e-07 1.481498460478616036e-08 5.817327094926353830e-08 2.289801543971151771e-08 3.091926116325230252e-10 1.569095298098608823e-10 6.230498183275742417e-12 4.769717689591778083e-12 5.133398057742001389e-12 3.386437004543069131e-13 4.595942744225953696e-15 9.035716530265595129e-15 4.473238885524198558e-17 5.104008257651518770e-18 7.497078849428242436e-17 9.565910079781133153e-19 3.022741119289939207e-19 7.286306202366287574e-19 1.762722286431162276e-19 2.009729744283550260e-22 1.895786841684136459e-22 2.109361926272029532e-23 1.371263075972798396e-23 3.284685078775322273e-24 3.673414257578252874e-23 3.146352941043432710e-26 3.335951400640061848e-26
8.389359758468243378e-157 2.168479376713475620e-140 7.390354940022927946e-132 9.383760858075443750e-120 1.406847246588181585e-111 3.643882630054770956e-96 8.729534607198287092e-90 4.784871286202363368e-82 2.575902015594835876e-70 6.631926588483620883e-66 4.064848244348897857e-60 1.126251679247389688e-52 2.093748514355618236e-47 2.877544704487683569e-42 1.129608192348195643e-35 1.153988622296133711e-30 1.062363473292487432e-28 8.775520754485031558e-25 2.149724287974170420e-22 1.895490663882169971e-18 1.656924036605085990e-14 3.756931453640645761e-15 5.867100143851815708e-12 3.817073898382501547e-11 1.597281722799392709e-09 9.069707682538381664e-09 1.030106168821762037e-07 5.904842181789382830e-07 1.760004474167054393e-06 7.324643893734336076e-06 1.623192204418827202e-05 2.149524759374305774e-05 5.089652507905981715e-05 6.304871702955200862e-05 7.139394599032783254e-05 1.465226126275825924e-04 7.895367409641520389e-05 1.006057795909425043e-04 4.833017357378192061e-05 5.710861268190214982e-05 1.229506964247081820e-05 7.951561562609585400e-06 7.140200051204655150e-06 3.487890099274511806e-06 6.356268782883958576e-07 5.865041781285367527e-08 2.668819235225469393e-08 8.710304892543566805e-09 3.817965783439204421e-09 1.710104003964190037e-09 2.569233392855812872e-10 5.037983530701559993e-12 1.043386592050930746e-12 1.100611134284826576e-13 6.699170764270847082e-14 4.799354795133239496e-15 3.204300128612745400e-16 5.296870321091831974e-16 3.740911420973670303e-17 3.638422650594002505e-17 9.399612923144470048e-19 8.026732771263742486e-20 1.581275120644040587e-19 4.831301083343584840e-19 2.204345849849450265e-22 1.297407114255612230e-20 6.173898796228740014e-23 2.756536827596115661e-21 4.724518459867865968e-24 1.055745718472565546e-23
5.962685689714355814e-154 8.633498941798343356e-143 2.112189444275884307e-125 5.059113442533161596e-117 6.012998866998076233e-110 1.297961297312373562e-100 6.417278496805892066e-91 4.412475215683549074e-80 2.064296268740972263e-69 9.527349792738857529e-65 1.322779092607269807e-55 6.011855969619105154e-51 3.903986507327264734e-45 6.372065846847744409e-41 3.208873458775114749e-35 4.406449105471758792e-32 5.229598187760923907e-27 1.094373798503226657e-23 4.956172354963385833e-21 1.696290589417271128e-18 3.751541519097686637e-15 5.929741587949163457e-14 5.658183468953625989e-12 8.826687566869647291e-11 5.136293473415813598e-09 1.248824139627672233e-07 1.402634479477388883e-07 1.621647103329980258e-06 5.949114023233697317e-06 3.011843678138811879e-05 7.996052936113783732e-05 1.101377940121044309e-04 2.117794839309073839e-04 3.876605858547347997e-04 5.951574369304213352e-04 8.728949921952990467e-04 4.894881934633889178e-04 5.032958408943302535e-04 6.762850786223916855e-04 3.723843270531146431e-04 5.804987595468187080e-04 1.904849567870538695e-04 8.481304321846803225e-05 2.515481025147852463e-05 9.593831102899960550e-06 8.804880093045330523e-06 2.127617040752535145e-06 1.141927289536217220e-07 1.842297028102145032e-08 6.454458839308403662e-08 1.288975484303713148e-08 4.253248339574830942e-10 1.082232739173819939e-10 3.821568119290183844e-12 1.711697949698599553e-11 2.715088391522022521e-13 1.037203064068345209e-13 2.880310052544281966e-15 1.207288923192943522e-14 1.594847375740556142e-15 1.608837969012599468e-15 2.518294937590220018e-17 9.868313568185653467e-18 1.432873264504929003e-18 4.604308869147951466e-20 1.360228329895183221e-19 3.064919969620946530e-19 3.850152670129284372e-21 4.744902585173613798e-22 3.667068378418275657e-21
3.378756945590116837e-153 3.218633452244540951e-131 2.952951893842995184e-129 1.302365162008210344e-119 5.325547109093914849e-109 1.996921171077858572e-97 2.086278431901021920e-87 3.943690085510136463e-76 1.355735652010072056e-71 3.919555859727543180e-61 1.300875249711370329e-59 6.491276127645117626e-52 5.138946629287608351e-43 4.908369422452134252e-39 3.541352327260936143e-35 1.329255706101340896e-31 9.298822910404965803e-27 2.739434808837536167e-23 4.098153617982410742e-20 3.714603751578064970e-18 1.675647057050268012e-14 3.135927684107647717e-12 2.112721054154571282e-11 2.192118409943614535e-10 1.430958918884502624e-08 1.602139542371887861e-07 2.153018056026699571e-06 2.077452754843431729e-05 4.933690202403937512e-05 1.987602432460779307e-04 6.914487379127399157e-04 1.579719061945244335e-03 1.472217781520528471e-03 2.440248776806578160e-03 5.721986871482327361e-03 7.450938406156423430e-03 7.469161100664162972e-03 6.982786286889182056e-03 7.166281069002535496e-03 4.919473768152702632e-03 3.759769209661650066e-03 1.383814912918232901e-03 1.090386673450221850e-03 6.030862201922495983e-04 3.208356697011899576e-04 1.102962470965737277e-04 4.431637415160417644e-05 1.080749020188437757e-05 2.188469476314354798e-06 8.674192894657918179e-07 1.952391503412343236e-07 3.863775147369404532e-08 5.725067007499658496e-09 1.381846448446691135e-09 5.956705692049699099e-11 5.256524630305879585e-11 1.382682680665038120e-11 8.803901969809248601e-12 2.647155328955434032e-13 1.436374651512634627e-13 1.478465142052522979e-14 1.954823198197554887e-15 1.173275795508679574e-14 1.009646395069634336e-15 7.347108883258317581e-16 1.898272815939134744e-17 9.799492562697545948e-17 8.317768655746817686e-17 2.541921486799576620e-18 6.833809747607063675e-18
6.845135411173396798e-149 3.011658375251255426e-141 2.949920672915807513e-123 1.042771351706017033e-118 2.737681569514809033e-107 1.418733871503178700e-99 1.825272031675751088e-87 4.122487746119496595e-76 4.308466392589490076e-71 3.719797328986010522e-61 6.191848583876583127e-51 2.122119606599626970e-50 7.075824778515712452e-45 1.257230348825510375e-37 3.999268677255642769e-34 1.081397670958436294e-30 2.103187021988320725e-25 7.834133958174209680e-23 3.185896741235935133e-20 2.189252673168700553e-17 1.815305628412464983e-14 1.731584114739091817e-12 3.462447084522165794e-10 2.097147489669618405e-09 2.442387456904572747e-08 8.648062620130681703e-06 3.524042493040920688e-05 1.982633095476089358e-04 8.257878154369115977e-04 3.379223233104108708e-03 8.168316721018080429e-03 5.854267154956978997e-02 1.087288617229121707e-01 1.606774404568692416e-01 1.982319877697644450e-01 2.128746997252118078e-01 2.165644680706124425e-01 2.124114337058786439e-01 1.847382613361684689e-01 1.930295951392541620e-01 1.415653224953005718e-01 1.164094563724882847e-01 5.379962938084917323e-02 2.951346907084990284e-02 6.602406267186592195e-03 3.099815679525479411e-03 1.804728457841519923e-03 6.774902317665078885e-04 2.824070635258926439e-04 2.680711266946784728e-05 1.677042169639175815e-05 1.250249542883733366e-05 3.505502267046776767e-07 5.541544837463607310e-07 9.856867468215943267e-09 3.763649283663614390e-09 6.156542703783691991e-10 1.181356975112633627e-10 3.451667840058114869e-11 3.049204478027796359e-10 1.761095612101780117e-12 2.051624378566138994e-11 7.486163728378124045e-13 6.803459116958088765e-14 4.045265715082888161e-13 1.561823244841847442e-14 2.225850815455961288e-14 7.208035863223294170e-16 1.173601827925169055e-15 5.902360612331293187e-17
1.189041340476865982e-149 8.864612796407865208e-136 6.482859233054306044e-127 1.210609971916412874e-115 1.810499452704480398e-100 1.114849601430060619e-94 6.220539225066910207e-86 8.054591665293313974e-76 8.515008179486246241e-69 1.248565590503076882e-58 3.054232967896595430e-53 1.737023796563724716e-49 1.325206522998955493e-41 7.760207598183153409e-38 1.061389117626926403e-33 4.873433920947053925e-30 1.078601674492774214e-25 1.936738843189002823e-22 2.078390192903652881e-19 5.963568849177924304e-15 1.916656976342722852e-12 2.928419584484209169e-10 9.164639272315430073e-09 4.900744637218748794e-08 2.011668378889421531e-05 1.310789325098178117e-04 1.259682720424418504e-03 8.362687735676480397e-03 1.149149351550402820e-01 2.295331826636946293e-01 2.960375264030836728e-01 3.360033691018021185e-01 3.606269226138300588e-01 3.699452972345845803e-01 3.771895582571418992e-01 3.997392517596664585e-01 3.975889442792047146e-01 3.834602203103880669e-01 3.781261907731994221e-01 3.750385538610784275e-01 3.650646154170372193e-01 3.404300350056615465e-01 3.222621597733094090e-01 2.799826401558484501e-01 2.415463214500387645e-01 2.213808538220379540e-01 1.424136902913401836e-01 5.982975235287549959e-02 1.495282190818830216e-02 4.748885689650208033e-03 2.587078901853564518e-03 5.405379604508252136e-04 2.206997864106053189e-04 1.104605500431401680e-04 3.100914657330418772e-05 1.527710292709097976e-05 2.006035727361350654e-06 7.076040338415850714e-07 3.295414566794253622e-07 3.443119916393758853e-08 7.391239588422657810e-09 6.394603918857238726e-09 9.740578887987132598e-10 2.248028434228220118e-10 8.247960279499788300e-11 4.545867562446848773e-10 6.585433247956698531e-11 2.634101105953787639e-12 4.152283378021944105e-12 1.103936275877131447e-12
2.389815696034587045e-146 1.243325907719252766e-134 3.812432173087847221e-125 1.172942063385892354e-108 1.542028593880077840e-103 2.744211553978283481e-95 1.676581820087782795e-86 1.886830980387050017e-75 4.725057411931573350e-68 7.036288102397700564e-58 1.523562621172670515e-53 5.598729085056052136e-48 1.526573952423379548e-42 4.446123446719096543e-37 6.346059000613690423e-33 5.193873432798418119e-27 4.443372571849073399e-23 1.184890805735083543e-19 2.551427114048037792e-17 3.618618934910545198e-13 1.558499242937303022e-10 1.508393177321161420e-09 1.454812606735942477e-06 2.334199730208512516e-05 9.598061251911932466e-04 1.896729626749911121e-02 2.238920313724831745e-01 3.496840688194772229e-01 3.799941011466861362e-01 4.187463752435512943e-01 4.494619863263939474e-01 4.593692181492561311e-01 4.799927153196739682e-01 4.755042512194632143e-01 4.920760027599539455e-01 4.933447408812087209e-01 4.900255992525447413e-01 5.003112868166854632e-01 4.868822639966581267e-01 4.865095197548814365e-01 4.822631439638911388e-01 4.560676799086646471e-01 4.509604345594002694e-01 4.373004458884487411e-01 4.126816995281780698e-01 3.909299728179422839e-01 3.642002501844469053e-01 3.385907704622959091e-01 3.107161866316434096e-01 2.685586165575866158e-01 2.274678588491265696e-01 1.705938605292642019e-01 7.282731697396430115e-02 1.349399152196104068e-02 3.639990213728802517e-03 1.949276691993339803e-03 6.202382678858049626e-04 1.730991954162662213e-04 1.346957759667126214e-04 3.140890390279382918e-05 4.076585923032396232e-05 2.554004307883219975e-06 1.374476514227739277e-06 1.543387433478248789e-07 5.582873139751680140e-07 5.542494822988961725e-07 1.672343641777037246e-07 4.284080632050254902e-09 2.285394126479239082e-08 1.159803324064590344e-09
8.398524847589306016e-145 1.258406773918903849e-137 6.022197556408931875e-123 2.123673140689340658e-108 3.158677514881338135e-101 3.873329346759372351e-95 4.875014818573287104e-82 6.102098689858309548e-75 7.921126450347755753e-65 1.018190126558711068e-58 9.497983233621980520e-55 6.101773261353938360e-47 1.208922022151194615e-40 1.225148254012979164e-32 8.211170213697307635e-27 1.315515284122768797e-24 1.195882195341286867e-20 2.624700795361214823e-17 1.724700577985917744e-14 8.145903031405076925e-11 3.470848764567095070e-09 7.843654281345712083e-07 8.019229460563355634e-05 1.521516506406121044e-02 2.968237647152591752e-01 3.993073045728098291e-01 4.464405350225745250e-01 4.825278092208608594e-01 5.004284295659842119e-01 5.213461524607378994e-01 5.374425923012304818e-01 5.423907682707174160e-01 5.577791127375895108e-01 5.670083651393824642e-01 5.746562842738967003e-01 5.737240651419067694e-01 5.824658971101664973e-01 5.746343284774775295e-01 5.846132186702156508e-01 5.668111354442192384e-01 5.668207058987737579e-01 5.559911794436195320e-01 5.442267687253767861e-01 5.330164234997823991e-01 5.138301641304691136e-01 4.962022474190035948e-01 4.842321066723234146e-01 4.576752221268443055e-01 4.482759902740401925e-01 4.276904103187996742e-01 4.208986217324884316e-01 3.816077150545932883e-01 3.666347231278495045e-01 3.446987232669799228e-01 3.153153649309765605e-01 2.733144615531500343e-01 2.451410585148346699e-01 1.957252375660222532e-01 1.308436026500305049e-01 6.393180829727353187e-02 2.022438223520648531e-02 5.268454455619471510e-03 1.785237352773453526e-03 7.153778988578752890e-04 5.748315672424018528e-04 3.990725202104368919e-04 2.287189510769755720e-04 1.109850701378661049e-04 5.910265422291168880e-05 2.045088809328240846e-05
1.711453185191932895e-142 7.406767329444243351e-133 6.531323700534254570e-121 4.886195148587457464e-113 4.237241328763936196e-103 1.472954709193586435e-91 2.171824563886392555e-78 2.288371002426854055e-73 7.724500855723086022e-65 3.985647651085528433e-57 1.902098339351535049e-51 6.299863264107100546e-42 6.300017127636727061e-37 4.025680558697443864e-31 7.670941378319730786e-25 1.019335882459325026e-22 5.564389252869070317e-17 6.754656356863559740e-14 1.214562309617266103e-11 4.371351093688691915e-07 6.628775695672635206e-06 2.217672349959183553e-03 3.002576083346492064e-01 4.454829139715845709e-01 5.052580459480134900e-01 5.242365951490391973e-01 5.399705146915043663e-01 5.629953057460250765e-01 5.753460512179915387e-01 5.859919247293854383e-01 6.080249387240684866e-01 6.053123505586029962e-01 6.161526964348462698e-01 6.359622524511694408e-01 6.339792643014808826e-01 6.412735563666376315e-01 6.491039238199930450e-01 6.517537255773608873e-01 6.549011034738139170e-01 6.513266982984514675e-01 6.414968351204030084e-01 6.404121876542447911e-01 6.304560804036616339e-01 6.240685937357853819e-01 6.113790401087230153e-01 5.946907475452951619e-01 5.830841437503231361e-01 5.697120655419174451e-01 5.447193340807782169e-01 5.329082148169699273e-01 5.035317119655587925e-01 5.001503637639064248e-01 4.876652548583705893e-01 4.693970570890556027e-01 4.556179377614212322e-01 4.473875677792470973e-01 4.312521764114595202e-01 4.190982269844382713e-01 4.165270775645927848e-01 4.036427251447656794e-01 3.892537531500650516e-01 3.749191370207830554e-01 3.546035937854383757e-01 3.309607636590198299e-01 3.324881821620906952e-01 3.147541563741448334e-01 3.028366975344678469e-01 2.524075353122962606e-01 2.387985792040027699e-01 2.011137156242799040e-01
9.477999849252788553e-148 4.540918168128767573e-131 9.312046420736628382e-117 1.564427132273379462e-108 3.456783402044712749e-99 4.111048228807085865e-84 6.149687496077229505e-80 6.632784215520510987e-70 1.947297538018048512e-63 4.328538128681603371e-52 8.121314900238971762e-46 2.387845824805893663e-39 2.204690029089539251e-32 7.171143548143660795e-28 1.187200955656610945e-22 9.381359357392855334e-18 6.696783708757222268e-15 8.223239137421565661e-11 2.218030562480444754e-07 7.351617875171117882e-05 1.895124053467729108e-01 4.701661009526817980e-01 5.250858785578615961e-01 5.600641755538718902e-01 5.762768794972126241e-01 5.901058374014108709e-01 6.074829157041852223e-01 6.171024916344275413e-01 6.331065042783474706e-01 6.469174427054104060e-01 6.510486726308404304e-01 6.646617993142923675e-01 6.738843578845215010e-01 6.821344327931697649e-01 6.969155746156933118e-01 6.912805023800350224e-01 7.024118890511141799e-01 7.077500256968091152e-01 7.117666465180699786e-01 7.117682613972027283e-01 7.214555006897143130e-01 7.140321801616137387e-01 7.063085402730236995e-01 7.069444685960343255e-01 6.993602493303666678e-01 6.826151274523243329e-01 6.662238423861827075e-01 6.527118703050265314e-01 6.567643676247443274e-01 6.309424731635524530e-01 6.180363742514931591e-01 6.028512809426941343e-01 5.922231387140943770e-01 5.815495188651943481e-01 5.624487383121176132e-01 5.570187686574490371e-01 5.465422989492261241e-01 5.352608785976392669e-01 5.290224081377011833e-01 5.217941111899984108e-01 5.120611130281819134e-01 5.041876016656600124e-01 5.019710855694661245e-01 4.936328107215791072e-01 4.993751480096612072e-01 4.840087730127136112e-01 4.847292547522438211e-01 4.872795444480362836e-01 4.728422885952571209e-01 4.743795093708032540e-01
8.151218623838344107e-146 7.155716137439792609e-129 1.066676245718800885e-113 8.687313496480961625e-108 8.580297029154635551e-93 1.319171046944732702e-85 9.503903711993122130e-75 8.129770181040630038e-63 1.281176828591258045e-57 5.692938591429280475e-50 3.584549572923310464e-43 6.029716913823531191e-36 9.048427473599600830e-30 6.947582730099672093e-23 6.620051689801191969e-20 2.568552958739598826e-15 1.331849566590622185e-10 1.089524548827725267e-06 8.795252642592630513e-04 4.521508948301851682e-01 5.643061025660022212e-01 5.997225192014823403e-01 6.145360308110759950e-01 6.179216675674497061e-01 6.305210127057063740e-01 6.441466734401732896e-01 6.565534968182333841e-01 6.672150625709858396e-01 6.826292052685692946e-01 6.925498608917527443e-01 6.952009074313612036e-01 7.149859560260712898e-01 7.174053674315832296e-01 7.275642503048842524e-01 7.379726613441690564e-01 7.399992679203792889e-01 7.483015560186120352e-01 7.507135119193050210e-01 7.530354318677929815e-01 7.634488319106138565e-01 7.697088123476866217e-01 7.717707359357670605e-01 7.759651270537729628e-01 7.638357955718722003e-01 7.634730203868114184e-01 7.671285677053200081e-01 7.579303527613976410e-01 7.411455407550556762e-01 7.342316458146108671e-01 7.320998910718065078e-01 7.215920275112165383e-01 7.027454338228946717e-01 6.845360773548907485e-01 6.761856878855284636e-01 6.829355801254152203e-01 6.645162636409903678e-01 6.556390500117460496e-01 6.478611826227609338e-01 6.231114929314038875e-01 6.284987183239933994e-01 6.168821223371371287e-01 6.115288951536119733e-01 6.073326378788164170e-01 6.043693869180917222e-01 5.902531996503351808e-01 5.892426024758222747e-01 5.920659920833675205e-01 5.792598215723600008e-01 5.756826939820008926e-01 5.794855439211145098e-01
8.151465594625825937e-144 3.274563246120098829e-126 3.689363081616536080e-114 1.936685438276519397e-101 4.433084870143396603e-90 2.295501134165122146e-78 3.873092273727749834e-69 1.070465988324571330e-60 1.033802238106259390e-51 2.169979206408168707e-44 4.517241369507385625e-37 9.791085104931534310e-32 3.590172853932032848e-25 1.508241065513815429e-19 3.837088548261307633e-15 4.811744825625702974e-11 5.705556372474264527e-06 2.461949411025546319e-01 5.800717677331258537e-01 6.170292987261334350e-01 6.418121955405826640e-01 6.510889130539510017e-01 6.620498705955457641e-01 6.716556035968960225e-01 6.770589064692592585e-01 6.849474140388212007e-01 7.028572075195007596e-01 7.104684994010443955e-01 7.235247188014702902e-01 7.378741260611691999e-01 7.397532819113612490e-01 7.545439380964036324e-01 7.568021076273877545e-01 7.621532853454029421e-01 7.711045482856735411e-01 7.769613636891901098e-01 7.860242694700779742e-01 7.910246567818790542e-01 7.965616481261927895e-01 8.005130978509816808e-01 8.108275440804770806e-01 8.142437406247751142e-01 8.119446475011872222e-01 8.238578967774391471e-01 8.271588351862196875e-01 8.220331254336933346e-01 8.260302495239419951e-01 8.178055028960589112e-01 8.157344776477609694e-01 8.149000163073950587e-01 8.006902329705959387e-01 8.056877264340362998e-01 7.893480209508614287e-01 7.815692376172995726e-01 7.850692384630196807e-01 7.818507283355876636e-01 7.742027886079116961e-01 7.581651369209033708e-01 7.647291313620457887e-01 7.473228040453574472e-01 7.382800538857222650e-01 7.330506503799880669e-01 7.304753199236272421e-01 7.232563978419782602e-01 7.258228101474233362e-01 7.108015236819679172e-01 7.008840999284702278e-01 7.119279417299916313e-01 7.207974856923041740e-01 7.102279629994717736e-01
5.880949382845087856e-136 8.743144702878741751e-119 1.028205759091230176e-108 2.084016126929503795e-95 4.217619378277497251e-84 8.490511977868512676e-73 5.184587693510077429e-64 4.599868651037409723e-56 1.339423695790509449e-48 1.014316281040456867e-40 1.739381068527741053e-33 4.615243464485484581e-26 2.173705620147843151e-20 2.535094520813809811e-14 8.866920153600988593e-10 8.469477662160015833e-05 5.402190695784446772e-01 6.493084877992238990e-01 6.676351356379794932e-01 6.812629430786194540e-01 6.883142785298462796e-01 6.925849792098819346e-01 6.986212781737075606e-01 7.065021987041383289e-01 7.150238669773891775e-01 7.286101289314270701e-01 7.399690099897896500e-01 7.509992889898398083e-01 7.592190427888613202e-01 7.712304809712435816e-01 7.709616165266599541e-01 7.796841456842146245e-01 7.891623613306923968e-01 7.927040476379729750e-01 8.021945513435637665e-01 8.068705737278474288e-01 8.111167701060069124e-01 8.176528187048222041e-01 8.251169853686809441e-01 8.266210750428988341e-01 8.359118027908173376e-01 8.403808777573640310e-01 8.460126590107810429e-01 8.513249863379410698e-01 8.583580723545747304e-01 8.614288450414036014e-01 8.662710453990709603e-01 8.707064738863309339e-01 8.696869531985393920e-01 8.660977124770941060e-01 8.673576645856106992e-01 8.693438014186305463e-01 8.616598119112504062e-01 8.650811552115816871e-01 8.621036321444780492e-01 8.544113776632908941e-01 8.528736735339698116e-01 8.553374190080761386e-01 8.551817093563838235e-01 8.403776044421493729e-01 8.445135639807075378e-01 8.429553037354271527e-01 8.411705036061359886e-01 8.242161465734140213e-01 8.382303179442944785e-01 8.344708419594958348e-01 8.337142397067242028e-01 8.310279647285984117e-01 8.245550118528243155e-01 8.223412798495678411e-01
2.626130285938229468e-129 5.378426485722356959e-118 6.075602687244911725e-103 3.743114498423297705e-90 7.316820781305413971e-77 1.024219953951285993e-68 6.742977652769023058e-57 1.042758715994902043e-48 8.827944663036761123e-42 1.386768707023544845e-34 2.061403879777836485e-24 2.673315141421555835e-20 3.203742085370259487e-14 1.379829527117923152e-07 6.531047247726440817e-04 6.609410104137075637e-01 7.040843858778969011e-01 7.122128094991653224e-01 7.165709547817313840e-01 7.193885910805596362e-01 7.297294122571534869e-01 7.305251300073469789e-01 7.399200739119120573e-01 7.437594788680164104e-01 7.500315367624118545e-01 7.625849074113670856e-01 7.770167499718769744e-01 7.861398302478357358e-01 7.896557364666455525e-01 7.965933710331914996e-01 8.040330542414072523e-01 8.110297060605363706e-01 8.096005423854282235e-01 8.185698417543048055e-01 8.233580816357020105e-01 8.284105482358433692e-01 8.331435708184818933e-01 8.387319911524494520e-01 8.430931995623284214e-01 8.508054549330585914e-01 8.605956536738470497e-01 8.615924994235103496e-01 8.673195245910465534e-01 8.734869043564783553e-01 8.791270672848388035e-01 8.829785838694518274e-01 8.887587334349190682e-01 8.924430709170488862e-01 8.978790302334535012e-01 8.979823824578131441e-01 9.019543819403109675e-01 9.021847312633926030e-01 9.072374234924771574e-01 9.055910116876533245e-01 9.023941922844378460e-01 9.073071597263658861e-01 9.039199469468517378e-01 9.085910533034184944e-01 9.086235957761528148e-01 9.085354935592634407e-01 9.113720720049510726e-01 9.122209045186594478e-01 9.107721824848784564e-01 9.079822624383998564e-01 9.064440091195190563e-01 9.146311237389492810e-01 9.042068765069025682e-01 8.964408494880715672e-01 8.980683195364769222e-01 9.008891728723168457e-01
2.403545775625109642e-121 2.551557296747274538e-107 1.069151996547108946e-97 3.096580007622600317e-80 6.495657636285920026e-72 1.061061110442953613e-61 3.336981860871379376e-54 1.774153981778419397e-42 8.608288411536850023e-35 2.857067874426338247e-27 1.889260943222466471e-18 1.682026379685074835e-13 2.948435399767405699e-07 5.863104405657211249e-01 7.397571800639268780e-01 7.537299102493856262e-01 7.537582356144617579e-01 7.530507496642445675e-01 7.541940513515942301e-01 7.552713856210320209e-01 7.591225265662320254e-01 7.651635890427809228e-01 7.671507296090710470e-01 7.760903608482278004e-01 7.862054720968272292e-01 7.953382834201605522e-01 8.047930636339544197e-01 8.115745623733643388e-01 8.138170497750458754e-01 8.219884423938550455e-01 8.214269645099456785e-01 8.263214923169865944e-01 8.306946027733662641e-01 8.348763983036888714e-01 8.387648317407145893e-01 8.453442252019840453e-01 8.484238604808671536e-01 8.539801837531300066e-01 8.623667482071132318e-01 8.665099112478578114e-01 8.683769127757706707e-01 8.760708825857894677e-01 8.814384637559128377e-01 8.866938065710137096e-01 8.909951160455925612e-01 8.977518058921273303e-01 9.026731141607465814e-01 9.072969665094542391e-01 9.117318603913575625e-01 9.163774799719609510e-01 9.180833928595003579e-01 9.214097152826110637e-01 9.213567357600942476e-01 9.254905773275617920e-01 9.261687021561050281e-01 9.264406292925595476e-01 9.312924059459595227e-01 9.335316060374885261e-01 9.362772392171576641e-01 9.359350920226515713e-01 9.375764719076798981e-01 9.398578534104379267e-01 9.403792787957200305e-01 9.410220026508896440e-01 9.424106177085335156e-01 9.425436775267505007e-01 9.446392701689311222e-01 9.451619161232490685e-01 9.412698087261109903e-01 9.447827375824979779e-01
9.536009224961120084e-113 2.920716525776351057e-100 8.907558004175224125e-86 2.772635911617646470e-78 1.979653376056621876e-65 4.309297602875417289e-55 1.339580575745556235e-43 1.937239412831866575e-37 3.932322302893040874e-27 5.760412310329519365e-18 2.287648694711820519e-11 8.924920443732000394e-06 7.459906239864417810e-01 7.919686613239017570e-01 7.935129229585579091e-01 7.883154695068418372e-01 7.868610687230130907e-01 7.826613677330593877e-01 7.848577438941868323e-01 7.912322204557474814e-01 7.899470507754873250e-01 7.900350529080174544e-01 7.956909508699170352e-01 8.036467724989557748e-01 8.156413405676672390e-01 8.225167679379450369e-01 8.295803341326069003e-01 8.331164362577193616e-01 8.347403011388715433e-01 8.418166028744079599e-01 8.422738197334962429e-01 8.466920190083648823e-01 8.492564958305247602e-01 8.533195188262461262e-01 8.544107853044161649e-01 8.596662576634641617e-01 8.633917687851828671e-01 8.682951643274833264e-01 8.748813812064789586e-01 8.778808309148210531e-01 8.856779886257079015e-01 8.868238423436436424e-01 8.911924261025707672e-01 8.964918455290017407e-01 9.018332315255488396e-01 9.020468252019890887e-01 9.094198152046647499e-01 9.140912370898354178e-01 9.168669224921698335e-01 9.228061824805171565e-01 9.272837175179179381e-01 9.304071711141903567e-01 9.317398400512457712e-01 9.351436493657068194e-01 9.368188433667469228e-01 9.397628877812134185e-01 9.408818241472972632e-01 9.436307044724553394e-01 9.449058234740379536e-01 9.470376345246586114e-01 9.478645747487749462e-01 9.499051222766730085e-01 9.513158141912013699e-01 9.531504406590698419e-01 9.535453141845773306e-01 9.577334048099200858e-01 9.572716553921792881e-01 9.589319424816621362e-01 9.592330546949169312e-01 9.605331506180703194e-01
3.923243525265586439e-107 1.885020451551011026e-92 5.756571302336222021e-81 4.163011344193590102e-69 6.331667732273111023e-56 1.857874810970388814e-48 1.049507309983513736e-37 2.806164407434419862e-28 2.360782674990189900e-18 2.164291174915960457e-10 1.888591920010573022e-01 8.141776642961602306e-01 8.311000657668609071e-01 8.219178226215086980e-01 8.176559281716827554e-01 8.130102625153239337e-01 8.099245227433085059e-01 8.118909014455141238e-01 8.163973557325733266e-01 8.092324759084624786e-01 8.120243136113189930e-01 8.143569636355330044e-01 8.237825689167016519e-01 8.313834326167207633e-01 8.397024689841787737e-01 8.459727392131688450e-01 8.496995514998904042e-01 8.521444596793488202e-01 8.548845691816366887e-01 8.553140432273267368e-01 8.570199005846808049e-01 8.600133920503501006e-01 8.611861814070234100e-01 8.666866562021301457e-01 8.699041043878287249e-01 8.722504123313449265e-01 8.773561943716184919e-01 8.790733558393137859e-01 8.841254751181744087e-01 8.888793935967319593e-01 8.914597316659231829e-01 8.973346020174591819e-01 8.996198073247654303e-01 9.039169943672916707e-01 9.067505567429230418e-01 9.105675397721259001e-01 9.160770639160180639e-01 9.184439166202813531e-01 9.225584066743338640e-01 9.265656300723610350e-01 9.300454294876079331e-01 9.339215712224941957e-01 9.367652729593916039e-01 9.396936668448360175e-01 9.423340512955460380e-01 9.451414204202217562e-01 9.466301570178572433e-01 9.491045492838091624e-01 9.504293869842531661e-01 9.504620368703607936e-01 9.529273857737352582e-01 9.542451873541150098e-01 9.553790703408082674e-01 9.570145028760016492e-01 9.585358589928256734e-01 9.600791147142411219e-01 9.607313615456350986e-01 9.629495268735880353e-01 9.642524630301300137e-01 9.657237519808230530e-01
3.175131691753561607e-100 1.081726665968929679e-82 9.247568357561269497e-71 4.053718815827911364e-59 6.022742493502153650e-48 8.420658744412869110e-36 6.467449005255294585e-25 1.301436975422394185e-18 1.390891678623798294e-09 7.874678018581530159e-01 8.605230846876121831e-01 8.623848440612829069e-01 8.501328354847572655e-01 8.454890700441626272e-01 8.400518980994682305e-01 8.332772302420213828e-01 8.347897291632380146e-01 8.376743629615561737e-01 8.349449790599974275e-01 8.302895468409593471e-01 8.316132956128741149e-01 8.396942685866993772e-01 8.422207065903999368e-01 8.529720127452605771e-01 8.585406724558527491e-01 8.627603148972659008e-01 8.642362633023376040e-01 8.688780687763391075e-01 8.678803909065143651e-01 8.675591429350619777e-01 8.706714004506630467e-01 8.715997775732838848e-01 8.724842152860100564e-01 8.763264441940908922e-01 8.809128862128184911e-01 8.835003941693980734e-01 8.857924882947242340e-01 8.890639725397643245e-01 8.934074437709730310e-01 8.977160222357856156e-01 9.006240569030856680e-01 9.047433961148529935e-01 9.090042092575542076e-01 9.120300733211453847e-01 9.144374126955805426e-01 9.170457748233643569e-01 9.205254945140957101e-01 9.220874313550161405e-01 9.253516436168086612e-01 9.309543468803280764e-01 9.343590020434742183e-01 9.375656782630404917e-01 9.403550710666833679e-01 9.428909788436181660e-01 9.453331465766661168e-01 9.479944005043421384e-01 9.497258490922281249e-01 9.518741330840511106e-01 9.535519057604457949e-01 9.546103069743948621e-01 9.562662098149289358e-01 9.568570436764607390e-01 9.591102991568457581e-01 9.595706328957569475e-01 9.605689649366646599e-01 9.613411225714494357e-01 9.630454596538176038e-01 9.651706086067899371e-01 9.655621515482497585e-01 9.654537285552483583e-01
2.478594044940161999e-87 3.002322793474389366e-77 2.698349605396214742e-61 3.358644259079370736e-49 3.838986406809784858e-37 7.049272523549343899e-28 5.550795023866729128e-17 1.495755704378120565e-06 8.748257008736409768e-01 8.918503245619359143e-01 8.846788249679616856e-01 8.762853598453534953e-01 8.659638502176526531e-01 8.644834282560772687e-01 8.560584057895008758e-01 8.578709848031013108e-01 8.592275858530297183e-01 8.558312466429722765e-01 8.493746730902118625e-01 8.519678538601442863e-01 8.530721148206388271e-01 8.619958885011990146e-01 8.674604458630816861e-01 8.753038957609868831e-01 8.748723439677674740e-01 8.770616967973010603e-01 8.791011278417277808e-01 8.805144363525770901e-01 8.790893543479934014e-01 8.791840277268104797e-01 8.820022241108939065e-01 8.811927986905752075e-01 8.836695221081332097e-01 8.867315795269574696e-01 8.892063491461242863e-01 8.938275263118266034e-01 8.946764687658937953e-01 8.988701064284561060e-01 9.011888083137187255e-01 9.045944155534137998e-01 9.083975626945651749e-01 9.141405758818800242e-01 9.150167789131062879e-01 9.184165757172279010e-01 9.215354067498404689e-01 9.220460724597554503e-01 9.253384173622994924e-01 9.285921172457229922e-01 9.310408776982086465e-01 9.331795520335272043e-01 9.372426148749243291e-01 9.387749102999585205e-01 9.414137100252483181e-01 9.450560796525303564e-01 9.478127989275727527e-01 9.497460089989456788e-01 9.514440815201548052e-01 9.531879630857105212e-01 9.545288443960855407e-01 9.559079082907264713e-01 9.579783986511354321e-01 9.586181340205023327e-01 9.608352718580299712e-01 9.622965995540995188e-01 9.630507981958170705e-01 9.638341556424194767e-01 9.642560507807323988e-01 9.656250807055787311e-01 9.665829538591658165e-01 9.674836357416779498e-01
6.705526170421445719e-80 9.525155742894704281e-64 8.357078700417005789e-49 1.764599621046874857e-39 1.172940092036940592e-23 9.553165239126661885e-14 2.204199866024152826e-02 9.133408252464957355e-01 9.133431220164016651e-01 9.028778090995469574e-01 8.946643992344299745e-01 8.868048498391731815e-01 8.821766246442571680e-01 8.796764102663114926e-01 8.752517616146074930e-01 8.764223956635587287e-01 8.727856032300181921e-01 8.670110831680659658e-01 8.692029639829468302e-01 8.691973757525643940e-01 8.729631206757912931e-01 8.812004281416402351e-01 8.846289029288636474e-01 8.900922499309535940e-01 8.899706847936385001e-01 8.902274041069989652e-01 8.919390853469804092e-01 8.924920648671734735e-01 8.906849123090797571e-01 8.880484559193837502e-01 8.895604878577880736e-01 8.921480082305330850e-01 8.943263475356298953e-01 8.966323458359767296e-01 8.970923864107358536e-01 8.995985583687594600e-01 9.032178156435797245e-01 9.058553853982544979e-01 9.070967361511148574e-01 9.119260854505547575e-01 9.154994904013643575e-01 9.185709049697490247e-01 9.210619207833573574e-01 9.226114823890505523e-01 9.272974379969010084e-01 9.297233695560804811e-01 9.307388491310447654e-01 9.338177520851341784e-01 9.351334895315226436e-01 9.368842481159155300e-01 9.397585303124380562e-01 9.412776509138833791e-01 9.445982151508685032e-01 9.488004111510194294e-01 9.496377879532194033e-01 9.515255779260091140e-01 9.534577632508625111e-01 9.552670092590299644e-01 9.563845895250652207e-01 9.582176198077063667e-01 9.587043438331396272e-01 9.606991230672453641e-01 9.616430040451191541e-01 9.625891511966049308e-01 9.640211939565781485e-01 9.649191836479457107e-01 9.662208212203261537e-01 9.667514028299498685e-01 9.671007265714492984e-01 9.692041466468442890e-01
3.179056234629164600e-61 1.143032740453264498e-48 1.701046690052584807e-34 3.564360721015322652e-22 1.808483714341536190e-12 8.958903294454072519e-01 9.375583810804487550e-01 9.312074633266395063e-01 9.223483490229212878e-01 9.147373505816850381e-01 9.077399195518696118e-01 9.017776336001859239e-01 8.989051438151773876e-01 8.975055008141824553e-01 8.942321737536719217e-01 8.956376020672245364e-01 8.855550115065717875e-01 8.830712819787709389e-01 8.834097894849455290e-01 8.863996504250160058e-01 8.926870134875081186e-01 8.962857874444412065e-01 8.993798838192552658e-01 9.010198441372738731e-01 9.026376878373556512e-01 9.012168629289339927e-01 9.002030755110325133e-01 9.013458061500774221e-01 8.996847227911786149e-01 8.998684474008081802e-01 8.988188119044143720e-01 9.011620214836412179e-01 9.042231470825483619e-01 9.051748286795594511e-01 9.060326145399665299e-01 9.081158464928892338e-01 9.101763407922273119e-01 9.125254589683935436e-01 9.158996901219256248e-01 9.180379924288930571e-01 9.225454901492641246e-01 9.247581042491450631e-01 9.262799266022803124e-01 9.298453670427869744e-01 9.319613474050314483e-01 9.342178013993590602e-01 9.363536829172569576e-01 9.380102499655276205e-01 9.400158544845724773e-01 9.411175532813114142e-01 9.434431360131032562e-01 9.446398434152171175e-01 9.467835149801904215e-01 9.490867294471150295e-01 9.519605118843144087e-01 9.544021027610376517e-01 9.565116125934438607e-01 9.577480138148422029e-01 9.592469017165624612e-01 9.603988980655890906e-01 9.611855388199381789e-01 9.626742813072978189e-01 9.630695715220204400e-01 9.639305755872211723e-01 9.646480981516308839e-01 9.655436933766976537e-01 9.668753399029635931e-01 9.674856915728879958e-01 9.690575601161246500e-01 9.689550951381029620e-01
5.644867983573355426e-47 1.765875458721240825e-35 1.560024811669967336e-19 7.715904330387358605e-09 9.490822049053099230e-01 9.525966630695877901e-01 9.448568088854583102e-01 9.367667192337170157e-01 9.304278106844947605e-01 9.251731344683616909e-01 9.200588162167561146e-01 9.167326701972026148e-01 9.106587914757121593e-01 9.122617827701352544e-01 9.090807345105033077e-01 9.022829971872853294e-01 9.012100186773975841e-01 8.995813742557362547e-01 9.024130768790605828e-01 9.044153945539962214e-01 9.083929709640180539e-01 9.126734798530899972e-01 9.105971134755626029e-01 9.138322295973897447e-01 9.133340505028908485e-01 9.111118830680020597e-01 9.101031784241623290e-01 9.090518767485702423e-01 9.095579421672100873e-01 9.081058722624445467e-01 9.089388534569803335e-01 9.102217709566861048e-01 9.102344821220217375e-01 9.127517457309388682e-01 9.152343689761676115e-01 9.168015466983461259e-01 9.183995938024084316e-01 9.208349645433110409e-01 9.241951450706252791e-01 9.254268349150845951e-01 9.286086398898860672e-01 9.301079971016139591e-01 9.327076180141604667e-01 9.346646158338016708e-01 9.367868428535816028e-01 9.395413213309639078e-01 9.416134761162032740e-01 9.426689961636629533e-01 9.440973470881616203e-01 9.463503092645939585e-01 9.483080875389652276e-01 9.485761652590771753e-01 9.507762014196095013e-01 9.524459032814687198e-01 9.546773907862641240e-01 9.557470326673521699e-01 9.565672092686668959e-01 9.585748935275225646e-01 9.603764580505860238e-01 9.624719395820281465e-01 9.626241412639366946e-01 9.637249647751267023e-01 9.646202212280486910e-01 9.662430827017243207e-01 9.664569835018972377e-01 9.670359197139568597e-01 9.681341982853822747e-01 9.688506293452667784e-01 9.688383548701804404e-01 9.697344045928382172e-01
4.192997604889257845e-35 1.683052528568249479e-19 2.422295329073731652e-05 9.667349357571294322e-01 9.632452453774774659e-01 9.569161733382275381e-01 9.534684758072033972e-01 9.435632493480563543e-01 9.392494943244437122e-01 9.340381183387109765e-01 9.303420347879152175e-01 9.268783134788373124e-01 9.254909180602388652e-01 9.234182989213396420e-01 9.215053864153789354e-01 9.139156524169969043e-01 9.129084907373522517e-01 9.149362090038730688e-01 9.160576868211106616e-01 9.192540007822987969e-01 9.204956019840626613e-01 9.219372398795344647e-01 9.236184615572585743e-01 9.238099350164333812e-01 9.218883275218349160e-01 9.205041927223308607e-01 9.192393017547532130e-01 9.171893022585495547e-01 9.152351246220457037e-01 9.173203569028189897e-01 9.167529146158724940e-01 9.187223719674496580e-01 9.196168527633016287e-01 9.213443943059297370e-01 9.219335364129906951e-01 9.250961443361298553e-01 9.245210196332583896e-01 9.285824130112211305e-01 9.285895825765636546e-01 9.321054453631146819e-01 9.342371911770450676e-01 9.369045746005405517e-01 9.376825819743164203e-01 9.405661078355409543e-01 9.427984882327729022e-01 9.438003511934274226e-01 9.453666160372473648e-01 9.481065548413217803e-01 9.492052744969223799e-01 9.504658644262556910e-01 9.513620349859165382e-01 9.529579684790915328e-01 9.540679199551038714e-01 9.556965497398168807e-01 9.575345436981621550e-01 9.577624120621504034e-01 9.597557987025624460e-01 9.606893221124777060e-01 9.621091878099300443e-01 9.634531261344591035e-01 9.643910602839723678e-01 9.663810283391307543e-01 9.670671469445305535e-01 9.669940538917394246e-01 9.676730349554748534e-01 9.682509823170080132e-01 9.689530228049534344e-01 9.700369720319190758e-01 9.704640007150918679e-01 9.714073603545513302e-01
3.026951722723436170e-16 9.267102438759838856e-01 9.766601994703589806e-01 9.732004368189058896e-01 9.682659149988813718e-01 9.617668020432809106e-01 9.566507309375058554e-01 9.532533152234965446e-01 9.476088606825863181e-01 9.446740022183977015e-01 9.403892632786226002e-01 9.379762194415800503e-01 9.369848623578509450e-01 9.354422269855704464e-01 9.317260429167130154e-01 9.249649612624551986e-01 9.270329487955776271e-01 9.278691379307608678e-01 9.314935516581597241e-01 9.335045092684497448e-01 9.337696158492939658e-01 9.336230280222724831e-01 9.335121914136154109e-01 9.328155053216098391e-01 9.290402399931471100e-01 9.286665729952993109e-01 9.263848901212640152e-01 9.276704247700491290e-01 9.244894234633695973e-01 9.272333662467374671e-01 9.266600795120958356e-01 9.301127123471388813e-01 9.283416410644441674e-01 9.292761331255438018e-01 9.305942798894043522e-01 9.319817632577783728e-01 9.358159651767411491e-01 9.352674264141851435e-01 9.365608862232249754e-01 9.377391818507475607e-01 9.391034398944118067e-01 9.413936096518107366e-01 9.428496260740900636e-01 9.449032915865901439e-01 9.477868478093580684e-01 9.502185200493440398e-01 9.512064797995691823e-01 9.527734952507507238e-01 9.535820192607308288e-01 9.553655080119364262e-01 9.554162145614040202e-01 9.570211300931056320e-01 9.589260973781000841e-01 9.591188028182725533e-01 9.604442832381164807e-01 9.603028830848400199e-01 9.622010735013198923e-01 9.634909642939486485e-01 9.641302490112083623e-01 9.657194626220703126e-01 9.669155433701063229e-01 9.673095000742252259e-01 9.683802600390453152e-01 9.696786784758745226e-01 9.704971612166329864e-01 9.709507882180785643e-01 9.711757617754088745e-01 9.723071879174072230e-01 9.726260377748320307e-01 9.733245468680412626e-01
9.797558357269990914e-01 9.834887109038923381e-01 9.808815755685539317e-01 9.762368634368421283e-01 9.719327439155399651e-01 9.669509390175726748e-01 9.637711034666525123e-01 9.600487543201245977e-01 9.573203940381729282e-01 9.542160700021531383e-01 9.519854831385274885e-01 9.511865660157883262e-01 9.474352098146601175e-01 9.436654942592199724e-01 9.397466067662335609e-01 9.391536120734399473e-01 9.395132758124927763e-01 9.419830100167911890e-01 9.421622701199282579e-01 9.429004893363956974e-01 9.427694541504528791e-01 9.414964059504876692e-01 9.421221838068336574e-01 9.392184025893773880e-01 9.394311963040730129e-01 9.350017036918458757e-01 9.345747597539701967e-01 9.354396977746015640e-01 9.351597601622914091e-01 9.349499101248917032e-01 9.353264581244791209e-01 9.380992534084628964e-01 9.369339043395238376e-01 9.382996086802714020e-01 9.382849181824836071e-01 9.381014527576798656e-01 9.408258496733230558e-01 9.423463540471980204e-01 9.425783399936112916e-01 9.446221007350757981e-01 9.466053013792359305e-01 9.475135799488969557e-01 9.483366497384152494e-01 9.511312917509135989e-01 9.531454349442702867e-01 9.528611482542833633e-01 9.567575019639321665e-01 9.579353582232434938e-01 9.587724196590314829e-01 9.592103499669528688e-01 9.611931653796311759e-01 9.629413549977813291e-01 9.630544499593692853e-01 9.638177347673452244e-01 9.652627721493396429e-01 9.644153898027529870e-01 9.660682486767248056e-01 9.662550185703038252e-01 9.679387960383375455e-01 9.678360938682776249e-01 9.693963165691865669e-01 9.706670505690727646e-01 9.715224279339139679e-01 9.718075582010219371e-01 9.720952165405792877e-01 9.732626031798737865e-01 9.739944339482519142e-01 9.745005913986758417e-01 9.745425018094429070e-01 9.752852962916646051e-01
9.893833499096706952e-01 9.876892002370949442e-01 9.836019378338980435e-01 9.811048305744952680e-01 9.777564645279632760e-01 9.751081036378227429e-01 9.711106398388641425e-01 9.678121383412667811e-01 9.673324426633485018e-01 9.640463715885747575e-01 9.627425279472621167e-01 9.623456200423727847e-01 9.557792573264132230e-01 9.541871737535813081e-01 9.497312977875294049e-01 9.520355382753972195e-01 9.519439385601822234e-01 9.532780994986128631e-01 9.524188514271697548e-01 9.537536092073869431e-01 9.542419360029948949e-01 9.551613335370946478e-01 9.492638471685636015e-01 9.504491286024117080e-01 9.458489721987989318e-01 9.443665160567946693e-01 9.443131305766728767e-01 9.440218674180181901e-01 9.434697415948478660e-01 9.435934882305865301e-01 9.455329923171026385e-01 9.435515798427730472e-01 9.457827205530139336e-01 9.473993894321534048e-01 9.465105925984877988e-01 9.477340035523553752e-01 9.504989680967576016e-01 9.509601281948795171e-01 9.517446245723899523e-01 9.523253996977982805e-01 9.515072531446587822e-01 9.543341029952867594e-01 9.552170463253065735e-01 9.571730523504523580e-01 9.560293606863975446e-01 9.605314646845288795e-01 9.611041421822649200e-01 9.628715487068546519e-01 9.632173782295181397e-01 9.648444063444663321e-01 9.652139907350136827e-01 9.666036926593957190e-01 9.671898069459494707e-01 9.687915612903736928e-01 9.679884179845199554e-01 9.683040920437696597e-01 9.699843005021157039e-01 9.698427352180714056e-01 9.709289541129267898e-01 9.709759007228869754e-01 9.717542577871591813e-01 9.724758466038438964e-01 9.737058258124818844e-01 9.747393645351323244e-01 9.747748744144134614e-01 9.757823354149813833e-01 9.760939178330644284e-01 9.765571886963574366e-01 9.769804668738558684e-01 9.771456725666458620e-01
9.919732227349838949e-01 9.898670664121766993e-01 9.878981417818248900e-01 9.863543760452986309e-01 9.831670697934749015e-01 9.809006927576181534e-01 9.791965812865731644e-01 9.773335814294624724e-01 9.753711980190882258e-01 9.740220116836680875e-01 9.723369229098188793e-01 9.688935461894675472e-01 9.654774207268526087e-01 9.635599688641425242e-01 9.638978371164419467e-01 9.629068072802330347e-01 9.634846342339073999e-01 9.609304943099556962e-01 9.635641544276717374e-01 9.622599334206287658e-01 9.623227928584151547e-01 9.595816095497189391e-01 9.591000065148624909e-01 9.577209517547757844e-01 9.546559374945653431e-01 9.549358882085741129e-01 9.525726027505149185e-01 9.514118347629231254e-01 9.513545713497997269e-01 9.510643692703956154e-01 9.521911967983710534e-01 9.523772696325173426e-01 9.543601809385976464e-01 9.527383489293712593e-01 9.535648324911308871e-01 9.548666715238611769e-01 9.569157091152495909e-01 9.550472453603856549e-01 9.573436464477320662e-01 9.587795452192727774e-01 9.587271422135272836e-01 9.599769540018674441e-01 9.608926926171735827e-01 9.607223351722994353e-01 9.634529891308942773e-01 9.649711850788087464e-01 9.655669694116728596e-01 9.658179841130323240e-01 9.674710320533541630e-01 9.698513010995338801e-01 9.702516875273465846e-01 9.699180572604992889e-01 9.713446495992779095e-01 9.718059643935462733e-01 9.724260455727024022e-01 9.730088189055501324e-01 9.728334573762118520e-01 9.742038659039530257e-01 9.733877179637437926e-01 9.745751892287008999e-01 9.750745377973073502e-01 9.753458653172710768e-01 9.755433905330904709e-01 9.760990419735627865e-01 9.772071769947915376e-01 9.776224432826198241e-01 9.781056247850451468e-01 9.781386403021562481e-01 9.786291911753660644e-01 9.800183797280556108e-01
9.939833833163146393e-01 9.930206874516995796e-01 9.909662471527623806e-01 9.899954436927784762e-01 9.879573251083860752e-01 9.855361924226899717e-01 9.842680555485985305e-01 9.823197519955377821e-01 9.801374363056267747e-01 9.797383084145210308e-01 9.772790463165507147e-01 9.733915196288434046e-01 9.725429670175739227e-01 9.711619131564510621e-01 9.713487241892442281e-01 9.713678734205007936e-01 9.712059989343473365e-01 9.718136134253448910e-01 9.712560030413209811e-01 9.692742002143081015e-01 9.666494071803127808e-01 9.661865286744785175e-01 9.644151772474583995e-01 9.625665991148936174e-01 9.599491646517910315e-01 9.595268658189261002e-01 9.603209104748103853e-01 9.596403486151361406e-01 9.597165029864979102e-01 9.590857297867738662e-01 9.592630967719771862e-01 9.589032283569155490e-01 9.604943857529577578e-01 9.608647292010336072e-01 9.619032988167454112e-01 9.606575237389027855e-01 9.610259307392741146e-01 9.617856690777313311e-01 9.629930601939484802e-01 9.632058612752950610e-01 9.645778918655369960e-01 9.639949060799937186e-01 9.652058243384608049e-01 9.657879830862056147e-01 9.662396879344309353e-01 9.678938211394938484e-01 9.682160633623628776e-01 9.698630120619186057e-01 9.702671443031544163e-01 9.721241233767228263e-01 9.726027225557384304e-01 9.736640520068932103e-01 9.740765484877352831e-01 9.748405738180990765e-01 9.753873293857383553e-01 9.758548149343273526e-01 9.762284739197536476e-01 9.771149760782886773e-01 9.768131991409553239e-01 9.771435973046462831e-01 9.772881386580757335e-01 9.774633596209671982e-01 9.784414661664765367e-01 9.786187857461017270e-01 9.790863691521679568e-01 9.793671679869843105e-01 9.800301329047451659e-01 9.800747000254584895e-01 9.803146421355758422e-01 9.806567770696962283e-01
9.955416524396295541e-01 9.946730292626334569e-01 9.927073157067433096e-01 9.916596549607651356e-01 9.902624215109403494e-01 9.887920529859434149e-01 9.869517865141542723e-01 9.858034941090513259e-01 9.844899850985325829e-01 9.839149600355889813e-01 9.810505510479498037e-01 9.785461766667578054e-01 9.770528811969227956e-01 9.775607694409955695e-01 9.769643411008722689e-01 9.768381422225601574e-01 9.757759306719412384e-01 9.750777658789915314e-01 9.748944943679918040e-01 9.734349596735148991e-01 9.724240427956173383e-01 9.704143927349757615e-01 9.683227285436218912e-01 9.673723308017314615e-01 9.651496686418709059e-01 9.656763358314961465e-01 9.644845180410293040e-01 9.645608031343478883e-01 9.645709656666706655e-01 9.648921187714261105e-01 9.640927315311497159e-01 9.640814830960444670e-01 9.650023958557816250e-01 9.660663136084054470e-01 9.641669164579796947e-01 9.650047339425065207e-01 9.668124016685608613e-01 9.673599705975780561e-01 9.665751608577447529e-01 9.675511311414731752e-01 9.684348292834763505e-01 9.681407611581510642e-01 9.690855599028118661e-01 9.686539315241540216e-01 9.699350667296638973e-01 9.701938050567633365e-01 9.707203126093721934e-01 9.726517624591979327e-01 9.728170836825341672e-01 9.732755099436616320e-01 9.750732773536867626e-01 9.753275644609271655e-01 9.762253158172176093e-01 9.771329448611342228e-01 9.769659745459378097e-01 9.783057087785281825e-01 9.777238988735128533e-01 9.781359424647156908e-01 9.790732563269270994e-01 9.792491161370527886e-01 9.792283628221211123e-01 9.797907877613128980e-01 9.795657664832629896e-01 9.799658613906292448e-01 9.806711848242541940e-01 9.802726567900785781e-01 9.809067748793302011e-01 9.810147681598944125e-01 9.813080075431791505e-01 9.820701074596086544e-01
9.952405849115893988e-01 9.945696337015393906e-01 9.937518247039440755e-01 9.919687175645721666e-01 9.913749234592553750e-01 9.900686136456865460e-01 9.886073858502028022e-01 9.874663864302763994e-01 9.860058209405110352e-01 9.846232957055538471e-01 9.822988177939397936e-01 9.816216949419137583e-01 9.808725887672354871e-01 9.804673879023690919e-01 9.799072682985197069e-01 9.793538654614594163e-01 9.789100076462311506e-01 9.776197665508127299e-01 9.762863129656510486e-01 9.757388049343290737e-01 9.738235580345250275e-01 9.719792967685066953e-01 9.707791914516149534e-01 9.694009730800295932e-01 9.681059706950034816e-01 9.682547549103932560e-01 9.680692610451349100e-01 9.682893978706165194e-01 9.671958389834662828e-01 9.678625369858829819e-01 9.675887081642663423e-01 9.669883963213852240e-01 9.677975721512692697e-01 9.667271393890571884e-01 9.678260375816678529e-01 9.687006583376214230e-01 9.683032558083241037e-01 9.690666137803345404e-01 9.697429464264660792e-01 9.699719229757818306e-01 9.696170551600504783e-01 9.709248113338525554e-01 9.710416772702332722e-01 9.716448189360161747e-01 9.721271478544996070e-01 9.723215508457589973e-01 9.730858273398917957e-01 9.734588405851605231e-01 9.743439518033655267e-01 9.754755522387399402e-01 9.752057253837993489e-01 9.768221452374743485e-01 9.778665133132163900e-01 9.778185109450041601e-01 9.788145856113631416e-01 9.794457708573770516e-01 9.797030614744421939e-01 9.797690094507207625e-01 9.804255989000186799e-01 9.804672882375781162e-01 9.807589964637085655e-01 9.808491397719495408e-01 9.809982177257905445e-01 9.811334624616581124e-01 9.813244460048268225e-01 9.816965684623737420e-01 9.816902259528509367e-01 9.820438368259537532e-01 9.820816178525845208e-01 9.829091934960492161e-01
9.951421404038645058e-01 9.945423815753895447e-01 9.934890714292893277e-01 9.926187524847772670e-01 9.914214719968227341e-01 9.908240228378720760e-01 9.892555279178965044e-01 9.880862033332697969e-01 9.867943822740848914e-01 9.851493267297655176e-01 9.838872216427797524e-01 9.829506074464136045e-01 9.822054749385963346e-01 9.821924417061511647e-01 9.816080914418200409e-01 9.807100340017312901e-01 9.794193498756842420e-01 9.787364339716991823e-01 9.770922636830904340e-01 9.761447822035165256e-01 9.745939236348893919e-01 9.731269904685921901e-01 9.726890295458224811e-01 9.708939069989684922e-01 9.709868153233078836e-01 9.704631764155484674e-01 9.701571153157105831e-01 9.693532762571693828e-01 9.699594858128152142e-01 9.690823343434398218e-01 9.692958443455217399e-01 9.694223033434088421e-01 9.694564639660726568e-01 9.701195235868634859e-01 9.699305569512725045e-01 9.697839401509037449e-01 9.706988497119152237e-01 9.711391415809852434e-01 9.711213865265371226e-01 9.718100520131891518e-01 9.721923927077036343e-01 9.722521060525942671e-01 9.721532735237656819e-01 9.730412074760511620e-01 9.734669632251508053e-01 9.737707956144870947e-01 9.740184943864445000e-01 9.747183177911898921e-01 9.752350074419954273e-01 9.756300461559042070e-01 9.759958757916754601e-01 9.772328756296405627e-01 9.779398654834273730e-01 9.787344178596383282e-01 9.790991801482877843e-01 9.797426622425033926e-01 9.799558606338728550e-01 9.805666908124014425e-01 9.807978279322827619e-01 9.810504458900968228e-01 9.814747283504483555e-01 9.817467250611573437e-01 9.815987903902790856e-01 9.820230833954366467e-01 9.821355299885641266e-01 9.824291170111476568e-01 9.823191458468072401e-01 9.827746696124293191e-01 9.827738878690304158e-01 9.830515341893847348e-01
9.944699302924338014e-01 9.938890348470877933e-01 9.933465777553910359e-01 9.921685002696220002e-01 9.908750786943933964e-01 9.902894215132407307e-01 9.890236921507781220e-01 9.881706656352220453e-01 9.862818469328349380e-01 9.852456713724727644e-01 9.844484461388601781e-01 9.838453363304597854e-01 9.831601756975065776e-01 9.823458771061239769e-01 9.818816082901865583e-01 9.804668702150948212e-01 9.794623022682734659e-01 9.785192685515462507e-01 9.773853232852591777e-01 9.763991719192504082e-01 9.749785624305570275e-01 9.742339428343624874e-01 9.729638020866120396e-01 9.721582881979583535e-01 9.714286984650658541e-01 9.709946870268624242e-01 9.710006274559495054e-01 9.705731203732934631e-01 9.703463061810359003e-01 9.705486933313779430e-01 9.706533686637199843e-01 9.703685306652429787e-01 9.708349282030456218e-01 9.706860563921830831e-01 9.708381788529473200e-01 9.712912773974673453e-01 9.713620914248576321e-01 9.719450499668267351e-01 9.720132801522567423e-01 9.723818270303522526e-01 9.727505437620356243e-01 9.731279028487920257e-01 9.734430144703516419e-01 9.739122263030477455e-01 9.743829470841143259e-01 9.744570163590561274e-01 9.744944725442904465e-01 9.752087989179814009e-01 9.751986499394601493e-01 9.756829970639088190e-01 9.767206160482005961e-01 9.771620929969969671e-01 9.780506004484763594e-01 9.782419027551927382e-01 9.791476373432562719e-01 9.798139445032225670e-01 9.803123475877608684e-01 9.804382106104015948e-01 9.811189868829588434e-01 9.813787770385098419e-01 9.818557107377402504e-01 9.818411914606910429e-01 9.822143173199436861e-01 9.825172803181803083e-01 9.825554476643353352e-01 9.827176339889747148e-01 9.829220051115551415e-01 9.828753212756912161e-01 9.831275618488213297e-01 9.833240560226028659e-01
-1.000000000000000000e+00 -1.000000000000000000e+00 9.922396552443296658e-01 9.913336854993889391e-01 9.904171164894522983e-01 9.896497092845616406e-01 9.882007523548249628e-01 9.875442019049290865e-01 9.863770452907603126e-01 9.850612382559083002e-01 9.844877687494723029e-01 9.838015212865389714e-01 9.828614167121868528e-01 9.823690394146724625e-01 9.815541599288784003e-01 9.803516783905363852e-01 9.792222232214637945e-01 9.782299850728731760e-01 9.770675120359822996e-01 9.759232705416865938e-01 9.746544283328443248e-01 9.737847138586690487e-01 9.731434564968475254e-01 9.724288961693241529e-01 9.720867884099714251e-01 9.717377672971915237e-01 9.716352745506633415e-01 9.712787181931161751e-01 9.711248824410666503e-01 9.711186793380979232e-01 9.709431061033663157e-01 9.709044426306349118e-01 9.709361554930944216e-01 9.711666725820546908e-01 9.714059347830784619e-01 9.717981299591503808e-01 9.718777373054054980e-01 9.722699685451657858e-01 9.725627804519637598e-01 9.730952421030201194e-01 9.734847738314108545e-01 9.735018621164416297e-01 9.740508183693477040e-01 9.739948014593818870e-01 9.744439630304586597e-01 9.747081921401955507e-01 9.751690739883170922e-01 9.753315747375294054e-01 9.758771374951875632e-01 9.759423731371351662e-01 9.762518233821320113e-01 9.769426255887367905e-01 9.776002849946530127e-01 9.781065820222026863e-01 9.788246324658929076e-01 9.796053390170149644e-01 9.798269264451787697e-01 9.808134738152546328e-01 9.807408594055340156e-01 9.814820094504470571e-01 9.816377227383115134e-01 9.820699548697759962e-01 9.822836686453140231e-01 9.823572750170588286e-01 9.828250346608873311e-01 9.828679222781336877e-01 9.830866818552502773e-01 9.830720802288930305e-01 9.833032254928156801e-01 9.834892743238423662e-01
-1.000000000000000000e+00 -1.000000000000000000e+00 -1.000000000000000000e+00 9.903840444109017760e-01 9.896998475880089963e-01 9.886866869931756341e-01 9.874828497456626941e-01 9.865231081444751915e-01 9.858055060917159107e-01 9.848530123402586822e-01 9.838049241012551960e-01 9.830780810197010666e-01 9.823486885868044638e-01 9.817828309145835153e-01 9.807627667249796399e-01 9.796666018436102075e-01 9.786370744673470456e-01 9.777415477378212927e-01 9.762636400731454778e-01 9.754533709866638480e-01 9.748271956280690764e-01 9.740212136124951625e-01 9.732068811553215015e-01 9.727774799938899708e-01 9.723104689170620762e-01 9.719360264842671349e-01 9.716635980882248891e-01 9.714241844260140812e-01 9.714908632941275934e-01 9.712047284758812404e-01 9.710792963881891282e-01 9.711826540471182323e-01 9.712543587453604799e-01 9.714512341017910169e-01 9.716272904375398145e-01 9.718263035118956950e-01 9.718785028654288727e-01 9.722530283133284934e-01 9.727015632353208652e-01 9.731054180302189938e-01 9.734098001291434654e-01 9.736411059607487095e-01 9.740968808281769142e-01 9.743664913697724916e-01 9.746169460274798357e-01 9.748988732052079609e-01 9.752596630504688502e-01 9.753806668235645017e-01 9.756361313144297220e-01 9.759213463825332502e-01 9.762879814256283373e-01 9.765949157466061736e-01 9.772055744091248108e-01 9.777547068714994571e-01 9.783023845192859724e-01 9.790049788613912618e-01 9.797510995747709117e-01 9.802013320275111408e-01 9.805929990252504336e-01 9.813419816045887423e-01 9.814850702089128465e-01 9.819401437960056933e-01 9.822496068526614943e-01 9.824624151294932828e-01 9.827738328278965430e-01 9.828423918014844718e-01 9.830740147371075377e-01 9.832758888559970378e-01 9.833875816039381323e-01 9.835075689933460152e-01
-1.000000000000000000e+00 -1.000000000000000000e+00 -1.000000000000000000e+00 -1.000000000000000000e+00 9.889373354143223827e-01 9.877989464042828960e-01 9.865559194196501513e-01 9.860842933677960165e-01 9.848874517830547015e-01 9.840724891207840441e-01 9.833052492570534264e-01 9.825853546972417307e-01 9.817565913733978800e-01 9.806222145718622718e-01 9.801663929273685127e-01 9.787092784050505090e-01 9.777534419265092591e-01 9.767626674690591537e-01 9.759556219694427437e-01 9.751291344943481265e-01 9.742931690283712642e-01 9.735912578039402909e-01 9.729741630549506581e-01 9.725752504185307679e-01 9.722245819864751004e-01 9.719406053927100997e-01 9.716626914021518902e-01 9.715312999634434510e-01 9.713830435517315509e-01 9.712897765514294512e-01 9.712913287681211871e-01 9.713265612730731524e-01 9.712769171123863954e-01 9.716107224642690499e-01 9.717095133464644929e-01 9.718143582022172877e-01 9.720991704960850743e-01 9.722245630138366401e-01 9.726421315695890080e-01 9.728763938980360404e-01 9.733772511891811696e-01 9.736884026609601284e-01 9.739692461605432561e-01 9.743031837267392969e-01 9.746076003412380562e-01 9.747882781892616144e-01 9.752837549761250724e-01 9.753964723144868953e-01 9.755339881192236495e-01 9.758171724220132681e-01 9.759872124487222189e-01 9.761663179228275977e-01 9.767088125572516155e-01 9.772417106916075902e-01 9.778970223226791658e-01 9.780111899961324573e-01 9.789855224624196550e-01 9.796825410456818650e-01 9.799479883877566522e-01 9.806353217531308397e-01 9.811710142383271993e-01 9.815226409167367994e-01 9.819809421629150936e-01 9.822704507807301644e-01 9.824338817705204896e-01 9.826032358006016043e-01 9.830393542173759824e-01 9.831460589602734057e-01 9.833460817138397481e-01 9.835117636577375144e-01
-1.000000000000000000e+00 -1.000000000000000000e+00 -1.000000000000000000e+00 -1.000000000000000000e+00 -1.000000000000000000e+00 9.867244021849772562e-01 9.860732126377124152e-01 9.849153992963574078e-01 9.840968433866454923e-01 9.832965964972194550e-01 9.824730899149537455e-01 9.816267549183645968e-01 9.809172460288035911e-01 9.800166885826140373e-01 9.791217070408286816e-01 9.779682626925003675e-01 9.771759893966660560e-01 9.762957684125512792e-01 9.756048859949471019e-01 9.745967866530915735e-01 9.738836569332091075e-01 9.733162476281874698e-01 9.728205032547041498e-01 9.725772040534488294e-01 9.721316646272425421e-01 9.718508461808901266e-01 9.714369999146985624e-01 9.714083945778562157e-01 9.712270393172370841e-01 9.710918565213599862e-01 9.711139774986818907e-01 9.710588435465835611e-01 9.711514225521138410e-01 9.714078390772103999e-01 9.713149978790522887e-01 9.716430436677913063e-01 9.718698580454787628e-01 9.722593754064180471e-01 9.724647088769561298e-01 9.728197727028737862e-01 9.733291409128790317e-01 9.736018007992179868e-01 9.738436017471312489e-01 9.743028350369571378e-01 9.744056816157575796e-01 9.747467743105542315e-01 9.749367371223216505e-01 9.752387977766512339e-01 9.753985524246527872e-01 9.756564664117272079e-01 9.758738045587123100e-01 9.762266766855582922e-01 9.762348710920422112e-01 9.766501303893894148e-01 9.771415978498850796e-01 9.776992646132974807e-01 9.780275873280745991e-01 9.789004593505633567e-01 9.795267355124610553e-01 9.798172526519114411e-01 9.804593669798877809e-01 9.809139478116098987e-01 9.811958411579596584e-01 9.821243199735597562e-01 9.822877673533660925e-01 9.827212498734437807e-01 9.829867123816754537e-01 9.830286065066433654e-01 9.832057488440814064e-01 9.834363217942390101e-01
-1.000000000000000000e+00 -1.000000000000000000e+00 -1.000000000000000000e+00 -1.000000000000000000e+00 -1.000000000000000000e+00 -1.000000000000000000e+00 -1.000000000000000000e+00 9.839344430940457631e-01 9.832863109048594064e-01 9.823675038080252886e-01 9.816037402763382325e-01 9.804745923700530774e-01 9.798643843444972967e-01 9.792081790356396143e-01 9.785185192869204629e-01 9.773523122216949410e-01 9.763492179454132947e-01 9.755686882441322316e-01 9.749508285372671113e-01 9.742917091462136581e-01 9.735866521359479719e-01 9.730646252934475049e-01 9.727143377775145927e-01 9.721193625269544114e-01 9.719194390948734386e-01 9.715603564146025883e-01 9.713669887854513574e-01 9.712540794011866874e-01 9.710336704768114391e-01 9.709119555857993467e-01 9.709383811035638967e-01 9.710665130979174720e-01 9.709383693733736331e-01 9.711969359383058054e-01 9.712639032393078908e-01 9.716135523706787014e-01 9.716043341920576060e-01 9.718982161989698776e-01 9.723247727837804888e-01 9.726135845631087573e-01 9.728473391430684236e-01 9.733947509645903828e-01 9.736479876047131610e-01 9.740259385376942580e-01 9.742513636830891777e-01 9.746647521049851548e-01 9.747431819978691347e-01 9.750539962657788218e-01 9.752762882552684642e-01 9.755706680144459186e-01 9.757155494626257308e-01 9.759245707826772476e-01 9.761729105471683710e-01 9.762490528088777486e-01 9.764214186304547294e-01 9.769200827142423549e-01 9.775372120558661893e-01 9.778131119207865707e-01 9.785782230349532318e-01 9.791666951722419743e-01 9.798352583928220394e-01 9.802824532437700578e-01 9.810835277547775846e-01 9.815978892453769422e-01 9.819697535454859905e-01 9.822137301069681081e-01 9.825097566119105341e-01 9.827775478565139444e-01 9.831454748702416202e-01 9.831808205916489074e-01
-1.000000000000000000e+00 -1.000000000000000000e+00 -1.000000000000000000e+00 -1.000000000000000000e+00 -1.000000000000000000e+00 -1.000000000000000000e+00 -1.000000000000000000e+00 -1.000000000000000000e+00 9.821951617981447002e-01 9.814167136610857378e-01 9.806167071760478748e-01 9.799676813045067325e-01 9.790589901049244759e-01 9.781448907056782271e-01 9.774882262455387716e-01 9.765484753124886730e-01 9.759751334784652066e-01 9.750532383164971506e-01 9.746622673998416309e-01 9.739746105905870976e-01 9.734131195211072063e-01 9.727374046330972135e-01 9.724111624608621218e-01 9.719147068905557019e-01 9.715998065204066725e-01 9.713940266134851731e-01 9.711767112300998539e-01 9.710091762559078798e-01 9.708880323690782799e-01 9.706745227329938164e-01 9.707174742386190935e-01 9.706686148865927288e-01 9.708615322536285897e-01 9.708780338263263143e-01 9.710642505079682962e-01 9.711504387721828779e-01 9.713829742621230556e-01 9.716956337664861554e-01 9.720221471269926417e-01 9.723755609741193684e-01 9.727590049853244158e-01 9.730338493893747609e-01 9.734796432151868739e-01 9.736805184057492069e-01 9.740344252193903207e-01 9.743694280940673469e-01 9.745790288907033583e-01 9.748543694883009536e-01 9.750456238465762260e-01 9.750956492075629756e-01 9.753736428734830488e-01 9.756273417599843345e-01 9.757996046755711417e-01 9.762567038657519181e-01 9.763415764623727400e-01 9.765520387038723049e-01 9.769942689135714398e-01 9.774000865911532943e-01 9.780714331502913250e-01 9.781554654971567064e-01 9.792178058783165273e-01 9.788523406397496851e-01 9.805351345319454071e-01 9.808588794208972228e-01 9.814459229785806871e-01 9.819165705223500407e-01 9.821022802803057727e-01 9.827218191058779695e-01 9.830045434671463855e-01 9.830606799085805925e-01
-1.000000000000000000e+00 -1.000000000000000000e+00 -1.000000000000000000e+00 -1.000000000000000000e+00 -1.000000000000000000e+00 -1.000000000000000000e+00 -1.000000000000000000e+00 -1.000000000000000000e+00 -1.000000000000000000e+00 9.805029915796950046e-01 9.795849241934798668e-01 9.788749907704021869e-01 9.779577868177514732e-01 9.773322151429382210e-01 9.766584040448140769e-01 9.759650928982290807e-01 9.751523430342526888e-01 9.745390666237152555e-01 9.738602038767114610e-01 9.733525086673113780e-01 9.728911025986314298e-01 9.723417555439313187e-01 9.720608754388938566e-01 9.716287922855043613e-01 9.713278923753444483e-01 9.710641081626898430e-01 9.708153435080830729e-01 9.706261627291689065e-01 9.705428271861233913e-01 9.704998505614329529e-01 9.703590398454239319e-01 9.704704413161955312e-01 9.704666092112391729e-01 9.707079219719618735e-01 9.707997238190129163e-01 9.710413884910786830e-01 9.711388643720522129e-01 9.715043576164771322e-01 9.716544436332713586e-01 9.720203855619475863e-01 9.723585536932788376e-01 9.726857305464543524e-01 9.731393916830923807e-01 9.734688912688010953e-01 9.738220542709856709e-01 9.740053500755246896e-01 9.743648582954197446e-01 9.745778919453572664e-01 9.747597213543909289e-01 9.750309858924915973e-01 9.752761259830198259e-01 9.754743947299480133e-01 9.754970156016088412e-01 9.757298731185083396e-01 9.759495297134661573e-01 9.760436472029171417e-01 9.764075102087983460e-01 9.767407241422700892e-01 9.773580474554637298e-01 9.778061172004870460e-01 9.778291807709642569e-01 9.791830474041298693e-01 9.793692462825661638e-01 9.798666807713827254e-01 9.809469305408948792e-01 9.812981098458755103e-01 9.816036656805344762e-01 9.821730536550115076e-01 9.824809951846901201e-01 9.828393865395393947e-01
-1.000000000000000000e+00 -1.000000000000000000e+00 -1.000000000000000000e+00 -1.000000000000000000e+00 -1.000000000000000000e+00 -1.000000000000000000e+00 -1.000000000000000000e+00 -1.000000000000000000e+00 -1.000000000000000000e+00 -1.000000000000000000e+00 9.788721611554495050e-01 9.779332727750194021e-01 9.772374480856739210e-01 9.766207220036007275e-01 9.759563342064503377e-01 9.751196893360254414e-01 9.746623039518941267e-01 9.740233593500824405e-01 9.734597960892723556e-01 9.729903075748358443e-01 9.724029457827171319e-01 9.721508715733112593e-01 9.716438454533840030e-01 9.712671798557962477e-01 9.710572229574040426e-01 9.707830401999998360e-01 9.704840256204179116e-01 9.703918244278018079e-01 9.703792973280745970e-01 9.702039580901690163e-01 9.701309695703080882e-01 9.702799894053996121e-01 9.702629576425575442e-01 9.704119058998412761e-01 9.704729545856178863e-01 9.707249176479030295e-01 9.708500977126343079e-01 9.711058549946669505e-01 9.714890126104678281e-01 9.716966060985321452e-01 9.720794019504135353e-01 9.723563901184086866e-01 9.728545399220053236e-01 9.732232140825588518e-01 9.734655791916798639e-01 9.737612512297803002e-01 9.740891448713364653e-01 9.743015246828929943e-01 9.744638152447714363e-01 9.746719030600181632e-01 9.749004164476381407e-01 9.751031248690018582e-01 9.752650522670425204e-01 9.754352318376688924e-01 9.755885497535423667e-01 9.757654344097447252e-01 9.759899342179683135e-01 9.761058553661731141e-01 9.765407372971631750e-01 9.772735685456006571e-01 9.775852712993152727e-01 9.780289487333146958e-01 9.785339946734714633e-01 9.790764672782081846e-01 9.801497432034133039e-01 9.808300374867580107e-01 9.814267690194958815e-01 9.816217097941308811e-01 9.815540907496481671e-01 9.822481393643757164e-01
-1.000000000000000000e+00 -1.000000000000000000e+00 -1.000000000000000000e+00 -1.000000000000000000e+00 -1.000000000000000000e+00 -1.000000000000000000e+00 -1.000000000000000000e+00 -1.000000000000000000e+00 -1.000000000000000000e+00 -1.000000000000000000e+00 -1.000000000000000000e+00 9.772314822351403363e-01 9.765104117874545686e-01 9.758878758900964012e-01 9.752417377121945785e-01 9.747024506313944903e-01 9.740581017610531189e-01 9.735059465786556343e-01 9.730591352681124961e-01 9.724881846340504010e-01 9.719435866504473331e-01 9.715700661056978493e-01 9.712106292126543305e-01 9.709608940358347429e-01 9.708467780620876342e-01 9.704802590978548471e-01 9.703014645651790726e-01 9.701004916890318963e-01 9.700199789760803881e-01 9.699190305942632095e-01 9.699371634347547788e-01 9.699006979295390352e-01 9.699401358126843453e-01 9.700796078960681745e-01 9.701134569739136015e-01 9.703361371797181167e-01 9.706146876873092966e-01 9.709092433131363276e-01 9.710224496358927926e-01 9.713269031895973571e-01 9.717325753704759705e-01 9.720487056718801755e-01 9.724617903647246875e-01 9.728373211471701421e-01 9.731423005009157690e-01 9.734122231103918832e-01 9.737499756205365564e-01 9.740572594844592036e-01 9.742887174373097148e-01 9.744635483066983461e-01 9.746195674667805786e-01 9.749026265710289962e-01 9.750279344609233956e-01 9.750985335802171416e-01 9.752274778588765347e-01 9.755283012284767796e-01 9.756201375156101641e-01 9.759822810701628271e-01 9.761507413692434021e-01 9.766062308713410189e-01 9.768558994337938062e-01 9.775566002158019296e-01 9.776613240985865261e-01 9.784308145844802240e-01 9.792556775369073430e-01 9.796136689113759122e-01 9.803050532594296262e-01 9.803808809877233577e-01 9.812117397050595935e-01 9.817468611449705618e-01
-1.000000000000000000e+00 -1.000000000000000000e+00 -1.000000000000000000e+00 -1.000000000000000000e+00 -1.000000000000000000e+00 -1.000000000000000000e+00 -1.000000000000000000e+00 -1.000000000000000000e+00 -1.000000000000000000e+00 -1.000000000000000000e+00 -1.000000000000000000e+00 -1.000000000000000000e+00 -1.000000000000000000e+00 9.752630317897457157e-01 9.747353902696855865e-01 9.741108548235933862e-01 9.734928960592998948e-01 9.729704507467145103e-01 9.725031621907195278e-01 9.720060540415509376e-01 9.715586674131860834e-01 9.711544291770359827e-01 9.709605445522766498e-01 9.705027653486081318e-01 9.703122680000737521e-01 9.702335206639651766e-01 9.699608939053346868e-01 9.697769493017358577e-01 9.696131618744573410e-01 9.696646975717944095e-01 9.696036127563277818e-01 9.696061056045364168e-01 9.697532966500630458e-01 9.697216472649154984e-01 9.698174117831184216e-01 9.700483367642045440e-01 9.702497848529882951e-01 9.703538238239350910e-01 9.707691038083631208e-01 9.711027974216633885e-01 9.714077482260280449e-01 9.716709781048811223e-01 9.720462054943728170e-01 9.724158515707157502e-01 9.727647129999710263e-01 9.730753605865862799e-01 9.734382643702854665e-01 9.736049118882185160e-01 9.739197565636636966e-01 9.740644830484906924e-01 9.743744317324886106e-01 9.745903077070595666e-01 9.747282423706234988e-01 9.749630741362349529e-01 9.750066190325481497e-01 9.750977885338398821e-01 9.751881377116140559e-01 9.755536306941436919e-01 9.756868287183373400e-01 9.759248218382655660e-01 9.762046449356995836e-01 9.764667662033904572e-01 9.773365563276552592e-01 9.776111894490016052e-01 9.781566379113030285e-01 9.788884114959544025e-01 9.798058484370316679e-01 9.799610174788495609e-01 9.805644289099298971e-01 9.814096855759669724e-01
-1.000000000000000000e+00 -1.000000000000000000e+00 -1.000000000000000000e+00 -1.000000000000000000e+00 -1.000000000000000000e+00 -1.000000000000000000e+00 -1.000000000000000000e+00 -1.000000000000000000e+00 -1.000000000000000000e+00 -1.000000000000000000e+00 -1.000000000000000000e+00 -1.000000000000000000e+00 -1.000000000000000000e+00 -1.000000000000000000e+00 9.740587135139010533e-01 9.734786791558862618e-01 9.730772795753708237e-01 9.725898864214650441e-01 9.720907302319371501e-01 9.716301691331865609e-01 9.712098513108710085e-01 9.708819161997763736e-01 9.705579022112764687e-01 9.702133573936801980e-01 9.700593974622014892e-01 9.698219601757089858e-01 9.696159102881409808e-01 9.695100202017981061e-01 9.693518245048252657e-01 9.693627842835920161e-01 9.693022124066037470e-01 9.693285634548892693e-01 9.693982661861400008e-01 9.694569960537198217e-01 9.695306419694955657e-01 9.697958402567614655e-01 9.700123304294775428e-01 9.702996513504106302e-01 9.703515521257067844e-01 9.707885486642559014e-01 9.710491752210259619e-01 9.713627867171538144e-01 9.717625228796376025e-01 9.721424222732116815e-01 9.722796762078221855e-01 9.728745269700387333e-01 9.731965055499318673e-01 9.733157501425628855e-01 9.736954541622074855e-01 9.739584948433964717e-01 9.740854660302555867e-01 9.742765196170790620e-01 9.744435365861362497e-01 9.744921341618477673e-01 9.747098798252223917e-01 9.748063534136566233e-01 9.750538007810204411e-01 9.752319764777889199e-01 9.753193787184795127e-01 9.753652190384439757e-01 9.758520903393361756e-01 9.765829233698066769e-01 9.764178224202857415e-01 9.771371568625137893e-01 9.771385688168383599e-01 9.782713949077703752e-01 9.786362026821850968e-01 9.798354095132423280e-01 9.795319600788501280e-01 9.812875988275315819e-01
-1.000000000000000000e+00 -1.000000000000000000e+00 -1.000000000000000000e+00 -1.000000000000000000e+00 -1.000000000000000000e+00 -1.000000000000000000e+00 -1.000000000000000000e+00 -1.000000000000000000e+00 -1.000000000000000000e+00 -1.000000000000000000e+00 -1.000000000000000000e+00 -1.000000000000000000e+00 -1.000000000000000000e+00 -1.000000000000000000e+00 -1.000000000000000000e+00 9.729144006385891386e-01 9.725069540756772213e-01 9.720177135739485053e-01 9.715638202725459527e-01 9.710992017110137153e-01 9.708819295824573370e-01 9.704501662587996513e-01 9.701606677595023820e-01 9.699076893394795729e-01 9.696673618915973014e-01 9.695941430865540056e-01 9.693501248256256586e-01 9.692013428989202373e-01 9.690589892881675826e-01 9.690818537523948617e-01 9.690977630095328754e-01 9.690813084080723838e-01 9.690687044876127310e-01 9.691904026912936398e-01 9.693470052356594202e-01 9.695888376572988632e-01 9.696190019331052401e-01 9.699081769495926375e-01 9.702089916571871031e-01 9.705038797396697836e-01 9.707335989861927139e-01 9.711195316486339602e-01 9.713462292010044408e-01 9.717956330010232291e-01 9.721170034475281607e-01 9.724630521597071864e-01 9.728863059588476192e-01 9.730490710378523200e-01 9.732728962634838998e-01 9.736076423799279178e-01 9.737310158726909526e-01 9.740006583828771936e-01 9.740833473155419142e-01 9.741665545310744800e-01 9.744358435925472017e-01 9.746343274155938596e-01 9.746166342209908739e-01 9.748616733924998501e-01 9.750046158721082934e-01 9.752248940434121716e-01 9.754194732020970982e-01 9.757383258752118094e-01 9.762317265182011150e-01 9.764047952842330735e-01 9.770269579620509681e-01 9.776728804262810879e-01 9.784073364741313616e-01 9.787793304971351693e-01 9.790357846442420131e-01 9.802317370660615925e-01
-1.000000000000000000e+00 -1.000000000000000000e+00 -1.000000000000000000e+00 -1.000000000000000000e+00 -1.000000000000000000e+00 -1.000000000000000000e+00 -1.000000000000000000e+00 -1.000000000000000000e+00 -1.000000000000000000e+00 -1.000000000000000000e+00 -1.000000000000000000e+00 -1.000000000000000000e+00 -1.000000000000000000e+00 -1.000000000000000000e+00 -1.000000000000000000e+00 -1.000000000000000000e+00 9.717960283368249907e-01 9.715271912932218479e-01 9.712013042683463881e-01 9.708184195011028139e-01 9.703657769501647934e-01 9.701300639097979461e-01 9.697067553132268092e-01 9.696241548517416931e-01 9.693962706801920737e-01 9.691084360498056771e-01 9.690576130797248222e-01 9.689371297831875784e-01 9.688725303369767339e-01 9.687827837253630836e-01 9.687536768776372487e-01 9.687698319454933760e-01 9.688417118925616300e-01 9.689514627228751342e-01 9.690138467459136207e-01 9.691970231027456917e-01 9.693995353423043859e-01 9.696554540774224851e-01 9.698914235781435078e-01 9.702983196927645881e-01 9.706707734537217691e-01 9.707112276033481590e-01 9.711523851733273593e-01 9.715257053569325008e-01 9.717376505195389758e-01 9.722074674318610388e-01 9.724899379113094433e-01 9.728634873671898609e-01 9.730723371301713831e-01 9.734314837441726542e-01 9.735150031126872383e-01 9.737362835749955314e-01 9.738550043112959020e-01 9.740704385333771587e-01 9.741473640519870969e-01 9.743632346863360105e-01 9.743930530793534217e-01 9.745696299929729189e-01 9.746860254751303909e-01 9.749106773088010991e-01 9.749786683971569667e-01 9.754590437458209307e-01 9.759670477507722541e-01 9.757515723227571103e-01 9.768197129892003394e-01 9.773058603583547610e-01 9.779829270200042224e-01 9.780664093811428650e-01 9.788933125533216817e-01 9.794127978861919548e-01
-1.000000000000000000e+00 -1.000000000000000000e+00 -1.000000000000000000e+00 -1.000000000000000000e+00 -1.000000000000000000e+00 -1.000000000000000000e+00 -1.000000000000000000e+00 -1.000000000000000000e+00 -1.000000000000000000e+00 -1.000000000000000000e+00 -1.000000000000000000e+00 -1.000000000000000000e+00 -1.000000000000000000e+00 -1.000000000000000000e+00 -1.000000000000000000e+00 -1.000000000000000000e+00 -1.000000000000000000e+00 9.710387736887335919e-01 9.706431034904915434e-01 9.703925412031023656e-01 9.700774868656270034e-01 9.697660025650171045e-01 9.694879328101406735e-01 9.692353794966577230e-01 9.691092680262418657e-01 9.688407307694579806e-01 9.686786810745833254e-01 9.687015582624787235e-01 9.686617809347077834e-01 9.684965119635775554e-01 9.685164371601657773e-01 9.686268992508398901e-01 9.686647269904903323e-01 9.686925390160906479e-01 9.688544213437069175e-01 9.689568324521752318e-01 9.691490608805038987e-01 9.695699394878779520e-01 9.697356528477847348e-01 9.700087805290024123e-01 9.702116302593764008e-01 9.705153781424470383e-01 9.707709532272486008e-01 9.712825485085566646e-01 9.715911063319043750e-01 9.718355519795576214e-01 9.722042374863536507e-01 9.723919874538106134e-01 9.727120950246825881e-01 9.730259656441122562e-01 9.732410489925565900e-01 9.733786786000515612e-01 9.736619066208549444e-01 9.738358830488574869e-01 9.739912190421633476e-01 9.741158518313421943e-01 9.742636483596330832e-01 9.743285848032903207e-01 9.744755716058303152e-01 9.747199396855167342e-01 9.747183701686540358e-01 9.751785851903184144e-01 9.756144600063748618e-01 9.757171227935357294e-01 9.761240593277850097e-01 9.763844568556637737e-01 9.776295010373698968e-01 9.779187669896416413e-01 9.786039682200080581e-01 9.793569694141058823e-01
-1.000000000000000000e+00 -1.000000000000000000e+00 -1.000000000000000000e+00 -1.000000000000000000e+00 -1.000000000000000000e+00 -1.000000000000000000e+00 -1.000000000000000000e+00 -1.000000000000000000e+00 -1.000000000000000000e+00 -1.000000000000000000e+00 -1.000000000000000000e+00 -1.000000000000000000e+00 -1.000000000000000000e+00 -1.000000000000000000e+00 -1.000000000000000000e+00 -1.000000000000000000e+00 -1.000000000000000000e+00 -1.000000000000000000e+00 -1.000000000000000000e+00 9.699196164090221339e-01 9.697161908023579358e-01 9.694433993968247787e-01 9.690906492347609591e-01 9.688806284027366988e-01 9.688181328625499189e-01 9.686816305960769258e-01 9.684924020533146605e-01 9.683975191006262140e-01 9.683571193955998746e-01 9.683310832892919606e-01 9.684163343321872119e-01 9.682667072050318291e-01 9.684099568906653355e-01 9.686226304943298393e-01 9.686348375421074408e-01 9.688085359262769147e-01 9.690687316231132442e-01 9.693004680900874082e-01 9.694698943221151666e-01 9.696645944266825135e-01 9.700971475450371750e-01 9.703666478637988924e-01 9.705967961402323096e-01 9.709836453453666305e-01 9.712991710449117022e-01 9.716632961460213158e-01 9.719839132725814901e-01 9.723038690765132275e-01 9.725100035247219443e-01 9.726791793095774796e-01 9.729026874998867314e-01 9.731217867547319322e-01 9.734287009249831257e-01 9.736436690751469891e-01 9.735480347004504820e-01 9.737876877364310957e-01 9.739730674907156605e-01 9.742946438274067145e-01 9.743598409733529309e-01 9.744718237151510642e-01 9.747388818898405916e-01 9.749195132246983864e-01 9.755709747414030852e-01 9.755456409035904164e-01 9.762699379335000316e-01 9.767756773324561825e-01 9.773708276166342968e-01 9.781529748367606691e-01 9.784975424475867989e-01 9.795499706076228330e-01
-1.000000000000000000e+00 -1.000000000000000000e+00 -1.000000000000000000e+00 -1.000000000000000000e+00 -1.000000000000000000e+00 -1.000000000000000000e+00 -1.000000000000000000e+00 -1.000000000000000000e+00 -1.000000000000000000e+00 -1.000000000000000000e+00 -1.000000000000000000e+00 -1.000000000000000000e+00 -1.000000000000000000e+00 -1.000000000000000000e+00 -1.000000000000000000e+00 -1.000000000000000000e+00 -1.000000000000000000e+00 -1.000000000000000000e+00 -1.000000000000000000e+00 -1.000000000000000000e+00 9.692771788758467455e-01 9.690327933629979684e-01 9.688344565054013424e-01 9.686594358549892592e-01 9.685177012785404216e-01 9.684026912696284128e-01 9.682546500440718518e-01 9.682112783483480811e-01 9.681296585008176692e-01 9.680252327104931220e-01 9.681409578003894456e-01 9.682684540282993080e-01 9.682953469734999485e-01 9.683716559227338871e-01 9.685590387194769058e-01 9.686822060460690276e-01 9.688771794032950968e-01 9.691257509437327666e-01 9.693177709636229267e-01 9.696222374649944298e-01 9.698500401242231561e-01 9.702434148788838808e-01 9.705954041921379671e-01 9.707312594310051335e-01 9.711174292447964929e-01 9.713980754163701326e-01 9.717687762783431271e-01 9.720302683420959378e-01 9.723316174384966093e-01 9.725498341480637299e-01 9.727144634795898970e-01 9.730191085410869745e-01 9.732049154886857067e-01 9.733104723735057640e-01 9.734238510821537904e-01 9.736698929416183201e-01 9.738974197810699174e-01 9.739948053032310149e-01 9.741724871043409006e-01 9.744694286345580991e-01 9.743888528708486430e-01 9.751640982720393147e-01 9.753110647492707619e-01 9.756193772042924817e-01 9.762342482307558855e-01 9.764231832037519876e-01 9.774775554858812221e-01 9.775016477727389574e-01 9.784859828428971174e-01 9.797633284978392032e-01
-1.000000000000000000e+00 -1.000000000000000000e+00 -1.000000000000000000e+00 -1.000000000000000000e+00 -1.000000000000000000e+00 -1.000000000000000000e+00 -1.000000000000000000e+00 -1.000000000000000000e+00 -1.000000000000000000e+00 -1.000000000000000000e+00 -1.000000000000000000e+00 -1.000000000000000000e+00 -1.000000000000000000e+00 -1.000000000000000000e+00 -1.000000000000000000e+00 -1.000000000000000000e+00 -1.000000000000000000e+00 -1.000000000000000000e+00 -1.000000000000000000e+00 -1.000000000000000000e+00 -1.000000000000000000e+00 9.687487244023794686e-01 9.685996144795633311e-01 9.683476985646829460e-01 9.682510138040315573e-01 9.681195613164893521e-01 9.679882832737581877e-01 9.679232946117379832e-01 9.679586084726190531e-01 9.679461997346386903e-01 9.679873329455106479e-01 9.680446120335023386e-01 9.680883147760276364e-01 9.683180539731132130e-01 9.683562533560555741e-01 9.685532283837484657e-01 9.687288465078799371e-01 9.689784585022441776e-01 9.692160014352890762e-01 9.694325543491530972e-01 9.698394748407354049e-01 9.700124366965984235e-01 9.702890358098001933e-01 9.708182546738527430e-01 9.710684477368192180e-01 9.712722400737147099e-01 9.714670126419980845e-01 9.717521613010303705e-01 9.721592464557837765e-01 9.724953841730678006e-01 9.726028902429861844e-01 9.728406536324605280e-01 9.730320071440313745e-01 9.732891220794546161e-01 9.733679510444096517e-01 9.735973211707229513e-01 9.737989947308713923e-01 9.738694992095046077e-01 9.741456161205919173e-01 9.743979588564378735e-01 9.745422446280930240e-01 9.747412719735983888e-01 9.752631040090526948e-01 9.755112574911710688e-01 9.762485469674182514e-01 9.767111265964247835e-01 9.780975940786905687e-01 9.783344960261770584e-01 9.788709459151710979e-01 9.798907214369806384e-01
-1.000000000000000000e+00 -1.000000000000000000e+00 -1.000000000000000000e+00 -1.000000000000000000e+00 -1.000000000000000000e+00 -1.000000000000000000e+00 -1.000000000000000000e+00 -1.000000000000000000e+00 -1.000000000000000000e+00 -1.000000000000000000e+00 -1.000000000000000000e+00 -1.000000000000000000e+00 -1.000000000000000000e+00 -1.000000000000000000e+00 -1.000000000000000000e+00 -1.000000000000000000e+00 -1.000000000000000000e+00 -1.000000000000000000e+00 -1.000000000000000000e+00 -1.000000000000000000e+00 -1.000000000000000000e+00 -1.000000000000000000e+00 9.683744907847435801e-01 9.682094084683408042e-01 9.680024671015629023e-01 9.679327217818176621e-01 9.678509610069156999e-01 9.677694192684641594e-01 9.677465047245895624e-01 9.677908406594351032e-01 9.678281068875662640e-01 9.678861576505594089e-01 9.680037698638220833e-01 9.681318526993990536e-01 9.682524831106067431e-01 9.684714994616496764e-01 9.686087358222872368e-01 9.689242466270282517e-01 9.690435631127001237e-01 9.694706395377077346e-01 9.695491550806905057e-01 9.700163349494211884e-01 9.703089123042434316e-01 9.707102650320534876e-01 9.710030120524467678e-01 9.712045378329392520e-01 9.716557757885597724e-01 9.717891363009105721e-01 9.720729696059716707e-01 9.723377902209733303e-01 9.725621811320096510e-01 9.727833813477229086e-01 9.731107663158756749e-01 9.730797166312731283e-01 9.733176164458782198e-01 9.735038192966667392e-01 9.737280969801904718e-01 9.741507521079206811e-01 9.740799832815510984e-01 9.743766162861475788e-01 9.748898159401199193e-01 9.749791039861089859e-01 9.753577665649530992e-01 9.761653207930212073e-01 9.763008408269538974e-01 9.772539846004253405e-01 9.781629058547226530e-01 9.784019387870741546e-01 9.796258120651112344e-01 9.806166011923694859e-01
-1.000000000000000000e+00 -1.000000000000000000e+00 -1.000000000000000000e+00 -1.000000000000000000e+00 -1.000000000000000000e+00 -1.000000000000000000e+00 -1.000000000000000000e+00 -1.000000000000000000e+00 -1.000000000000000000e+00 -1.000000000000000000e+00 -1.000000000000000000e+00 -1.000000000000000000e+00 -1.000000000000000000e+00 -1.000000000000000000e+00 -1.000000000000000000e+00 -1.000000000000000000e+00 -1.000000000000000000e+00 -1.000000000000000000e+00 -1.000000000000000000e+00 -1.000000000000000000e+00 -1.000000000000000000e+00 -1.000000000000000000e+00 -1.000000000000000000e+00 9.680368754365492601e-01 9.678362473187478443e-01 9.677102142227119730e-01 9.676666687165533798e-01 9.676306114211598031e-01 9.676594944917462637e-01 9.676337251973505804e-01 9.677004317160989855e-01 9.677390921534391177e-01 9.678637842544303149e-01 9.679693929102297645e-01 9.681749431610630063e-01 9.684466345241218299e-01 9.685766689566784882e-01 9.688552580684077764e-01 9.691091055394693843e-01 9.693062517182519100e-01 9.697311286353189619e-01 9.700368268749965939e-01 9.702964216224444494e-01 9.705078505351427687e-01 9.709448448799249398e-01 9.710735885749806062e-01 9.713771619837019422e-01 9.716773710265168562e-01 9.719285376335039528e-01 9.722555097287339798e-01 9.723687969661635178e-01 9.727336984825523114e-01 9.729720720840903114e-01 9.730930539503108712e-01 9.733753905240706272e-01 9.736290261413031999e-01 9.738303177516427489e-01 9.741099267960364738e-01 9.741469037919516794e-01 9.746363039016334717e-01 9.749494885162578450e-01 9.750919881395053723e-01 9.758447555519538241e-01 9.764716192253601879e-01 9.773155209382483610e-01 9.777186773340450499e-01 9.788524143512614684e-01 9.796883312473319005e-01 9.804721120344830343e-01 9.806278220970062742e-01
-1.000000000000000000e+00 -1.000000000000000000e+00 -1.000000000000000000e+00 -1.000000000000000000e+00 -1.000000000000000000e+00 -1.000000000000000000e+00 -1.000000000000000000e+00 -1.000000000000000000e+00 -1.000000000000000000e+00 -1.000000000000000000e+00 -1.000000000000000000e+00 -1.000000000000000000e+00 -1.000000000000000000e+00 -1.000000000000000000e+00 -1.000000000000000000e+00 -1.000000000000000000e+00 -1.000000000000000000e+00 -1.000000000000000000e+00 -1.000000000000000000e+00 -1.000000000000000000e+00 -1.000000000000000000e+00 -1.000000000000000000e+00 -1.000000000000000000e+00 -1.000000000000000000e+00 -1.000000000000000000e+00 9.676235296443893574e-01 9.676512378783009849e-01 9.675184332755588645e-01 9.675285749160791315e-01 9.675708591459688535e-01 9.675714267389109446e-01 9.677371568060550988e-01 9.678455666908556410e-01 9.680138895401699806e-01 9.681951779395567836e-01 9.683220792608028260e-01 9.686031491798846593e-01 9.688759263031416769e-01 9.690900854918559348e-01 9.692668989840662608e-01 9.697236229903235527e-01 9.700281462605513383e-01 9.701886443864927712e-01 9.706646376971314050e-01 9.708292237663139757e-01 9.713025462068789473e-01 9.714255659707279333e-01 9.718307665257424066e-01 9.720871642476442975e-01 9.723029734435609805e-01 9.724881887725902452e-01 9.726946468258094169e-01 9.728842750760536839e-01 9.732338729403470223e-01 9.734826188440629524e-01 9.736853416296458175e-01 9.739970519814443728e-01 9.742187307515118855e-01 9.745568358508135409e-01 9.749683539719291581e-01 9.753838826812777363e-01 9.759453242004777485e-01 9.770188180632386477e-01 9.779344238391627364e-01 9.789852610879836714e-01 9.794532665261476145e-01 9.802653143886974618e-01 9.810286904332768954e-01 9.811653731056553251e-01 9.819731855806068666e-01
-1.000000000000000000e+00 -1.000000000000000000e+00 -1.000000000000000000e+00 -1.000000000000000000e+00 -1.000000000000000000e+00 -1.000000000000000000e+00 -1.000000000000000000e+00 -1.000000000000000000e+00 -1.000000000000000000e+00 -1.000000000000000000e+00 -1.000000000000000000e+00 -1.000000000000000000e+00 -1.000000000000000000e+00 -1.000000000000000000e+00 -1.000000000000000000e+00 -1.000000000000000000e+00 -1.000000000000000000e+00 -1.000000000000000000e+00 -1.000000000000000000e+00 -1.000000000000000000e+00 -1.000000000000000000e+00 -1.000000000000000000e+00 -1.000000000000000000e+00 -1.000000000000000000e+00 -1.000000000000000000e+00 -1.000000000000000000e+00 9.675307756916301516e-01 9.675920411271674570e-01 9.675113658308819309e-01 9.675460684108291298e-01 9.675594847059513226e-01 9.676707915987625697e-01 9.679024957742171642e-01 9.679631724646230451e-01 9.681782813097916662e-01 9.683796585129688106e-01 9.686000108887936610e-01 9.689884081221041834e-01 9.691122443443607182e-01 9.693691996877025208e-01 9.698353537634387678e-01 9.701049910191322789e-01 9.704926461171372587e-01 9.707318740933063017e-01 9.709597134544869501e-01 9.712760558117538023e-01 9.716358317046550619e-01 9.720272838309893526e-01 9.721857650092482483e-01 9.724999331449372120e-01 9.727842130507867724e-01 9.728840898654466107e-01 9.731960465538663785e-01 9.734921214499975273e-01 9.736206852490499886e-01 9.740713445247118907e-01 9.742371898635366900e-01 9.748556075900814966e-01 9.751407320989259331e-01 9.757621156900991854e-01 9.765736732285795751e-01 9.771870078041055008e-01 9.788943043982512027e-01 9.787812699828388752e-01 9.800068132606559734e-01 9.816594207832484154e-01 9.823663024412199185e-01 9.825764623940952402e-01 9.825597247074161489e-01 9.841544892789124699e-01
