7.499491168781153892e-307 2.097381505660953258e-265 7.138330708972466544e-235 6.474257313665774648e-207 2.905960859185828639e-187 3.078315403783423551e-163 4.047969684212389136e-146 2.771574968523182734e-131 1.050841301538998064e-116 2.225544687750053881e-103 2.044737927161910428e-92 1.201655760626348756e-83 1.620659563698735282e-71 2.575221661946528752e-65 2.312498378144581449e-57 6.120836436222340486e-51 9.033147305024795773e-45 1.063936450659361809e-39 1.455746980747376731e-33 1.831372157097362418e-29 1.838048451656600230e-25 1.948985574000759958e-21 6.852061013285543439e-19 2.267756431762814361e-16 1.135586926220615740e-13 1.611145316916363593e-11 3.597365968787926142e-10 1.413527266293133659e-08 1.724856095511947108e-07 1.443331810745852740e-06 4.718664796170113030e-06 1.147684442766646106e-05 2.263808295888640256e-05 3.052439328185020255e-05 3.910854191712357400e-05 2.642282662416461122e-05 2.548252725848252837e-05 1.002337452563531140e-05 4.696411938557214212e-06 1.317018843494974193e-06 2.057467797357186186e-07 2.215430151927574966e-08 1.150076010009220823e-09 4.454745769960962243e-11 5.155940206039986050e-12 4.788489881058747434e-14 2.317934459482999263e-15 2.415375652830117096e-16 1.705927570465396453e-17 2.708666080749409367e-18 6.567913763961493630e-20 1.771096312169390017e-20 6.099093990214820571e-22 2.140477422571493027e-22 5.844624440483029021e-24 1.369502965536994410e-24 2.571226702151729963e-25 1.205292062250813083e-25 2.916430768498668461e-27 9.423656049218286307e-28 4.116182186268840933e-29 2.095676473178631202e-29 7.480369847486966539e-30 5.677011939917627189e-32 1.030224327508576526e-31 1.887347878991875450e-32 1.412819836068408450e-32 2.627706993420237673e-33 7.405355028397899366e-34 1.864386606986577384e-35
2.104120467340753554e-311 1.428095955194971758e-269 4.416500932456685838e-236 1.106670927639974622e-209 4.098624174903911499e-187 1.463936124652088039e-161 3.730573490653544816e-148 8.116600145718258173e-131 3.860003910604896928e-115 1.901905450141867858e-103 5.052359553325684558e-92 4.459091238495201316e-82 1.035715429589769287e-73 3.887287038894185876e-64 2.135522514730705982e-58 1.352023203921380558e-50 3.531043780357215812e-44 1.541759193810694608e-38 2.033330627549975479e-33 2.154032130466929866e-29 2.730558124481933730e-25 9.893482292990457751e-22 1.881537064964911525e-18 1.078497032707711626e-15 3.721653571247858198e-13 2.688157334278562195e-11 8.457779335163338560e-10 2.005987426981297025e-08 3.295655770719866852e-07 1.650132081804744932e-06 6.207265262208599056e-06 1.706379276127539360e-05 3.032453898205497085e-05 4.313424580018465360e-05 5.802979764523280559e-05 4.186171710147098873e-05 3.373069853079457196e-05 1.835636307160306766e-05 5.804416317250705307e-06 1.132203124640161287e-06 2.193414718162377870e-07 2.021173292528208571e-08 2.655903235175097114e-09 3.748896142892573643e-11 3.810131679747472465e-12 4.313150844519424646e-14 2.922380830668373266e-15 4.412232132115133520e-16 9.592578265936103786e-18 3.548293032655773252e-18 1.465772847990411055e-19 1.577215869880690429e-20 2.995599570375370666e-21 1.498958822705925952e-22 3.224159402108805704e-23 2.817467734412239478e-24 5.231505962517873501e-25 6.148813283651451896e-26 1.040648575597568288e-26 3.063048203571001212e-27 1.483391407578933102e-28 1.103960708522608583e-29 1.202370359761975894e-29 1.441120192969421498e-30 1.910337241353352622e-31 4.524947707718410991e-32 3.195542253735048908e-32 5.749432633123898419e-33 6.057401820718484678e-35 2.085450905848226367e-34
1.069304894054940259e-302 8.171516487596362709e-260 4.005467636394882993e-232 1.188891174630607078e-210 1.235972399359774849e-185 7.870626451298493761e-163 6.258745214032269390e-144 1.795316296608884709e-126 1.390926150560201119e-116 1.913301053448422107e-102 8.342045048813213663e-94 1.051008581532838916e-81 5.703133122782286866e-73 7.049539285646620667e-65 4.391094292220623014e-56 7.664613212138785906e-50 8.247122262388159336e-44 3.933616647516927568e-38 8.894095065283649756e-33 2.627604348796853704e-28 3.149286648246471412e-24 1.515411987384729154e-21 2.771711041517485662e-18 1.227970807433141244e-15 4.471815892321682816e-13 2.702942564519570489e-11 1.093320914579844306e-09 2.979728837750364337e-08 4.041941743993184582e-07 2.559432636889756253e-06 7.804942365770084091e-06 2.149761131257888706e-05 3.941107554312975466e-05 5.246863338032465565e-05 6.846731930441471642e-05 5.273538211963480545e-05 3.234193554850518240e-05 2.362653391876115935e-05 6.323939898806564487e-06 3.078258677866215017e-06 2.361741620603241643e-07 7.644425904042094758e-08 3.746797534168335041e-09 4.639691594648885201e-11 3.471084779910220168e-12 4.161704988482758200e-13 7.883918741216743750e-15 6.278432505943631752e-16 9.489446265092742962e-17 1.546494979030005637e-17 4.111679459481409860e-19 9.541449014669503119e-20 5.644115803833143702e-21 1.693170351550712687e-21 2.680055552433627893e-23 1.075170657826348652e-23 1.154326468830081781e-24 3.324581387469373194e-25 7.551848352371276239e-27 1.207064864113008797e-27 2.136766454005379658e-27 6.311345990070017738e-29 1.189900991773726152e-29 6.022151237771201334e-31 9.191070257245907765e-31 6.889784727591326624e-32 9.277748723069665555e-33 7.740544309586429358e-33 3.008106867185715755e-33 1.630760553615056658e-34
3.093204807626955209e-309 7.346649872225922419e-265 1.007642865433360382e-231 9.870254419337517041e-208 2.730746222792637497e-185 1.152939938689057699e-164 2.263244186558166916e-143 1.051098849099143840e-127 4.862294153790459620e-114 2.236950058215545886e-100 2.711101986522864723e-91 3.057991937356189708e-81 5.998159262139726077e-71 1.570055622579578531e-63 2.705923841582237185e-56 4.348783137736679566e-50 5.956625105804781521e-43 7.248719937282812692e-38 4.606032377499765637e-33 1.605106362664258912e-28 3.247554839796814393e-24 7.004990928462372199e-21 2.465326145464566476e-18 3.716238991379423478e-15 4.639085634468794305e-13 4.804283141081936325e-11 1.788512233593264792e-09 3.731015808216676720e-08 4.866651783072663180e-07 2.797378882551627607e-06 1.056883358251057154e-05 3.430877709807840878e-05 4.243585631315706358e-05 6.816907550194930122e-05 7.588216526429752984e-05 5.904826801580160384e-05 4.874406578286567902e-05 2.490712984230436899e-05 1.377504838031297104e-05 3.025245678214366840e-06 5.068723635029666626e-07 5.138988351681685963e-08 6.364772906253454648e-09 2.293459679275885967e-10 4.368477968855210891e-12 3.597096286187128525e-13 2.122138543842626659e-14 1.083593526911635271e-15 1.160462413455894744e-16 8.558361059840638266e-18 2.400566898596567685e-19 1.036883793443020535e-19 1.133678162501854030e-20 1.332536614593931352e-21 6.378820031031478375e-23 4.308267342604755761e-23 1.627534140153919142e-23 6.410237264488870489e-25 1.329464591511061205e-25 2.081187166344479298e-27 5.289387034251193673e-28 4.217670934589944020e-28 5.982415758180621169e-29 7.800832553072613817e-29 3.090984395883773847e-30 3.242687322101923107e-31 7.408238279089771238e-32 9.997560940194106611e-33 8.855224729687793224e-33 6.127846382144273130e-34
1.223538852460765438e-310 1.375295428807412068e-265 1.469133013433897497e-239 2.211636027931696599e-207 4.325943997118513108e-183 6.446359592605076703e-162 3.032938081196134047e-144 1.005672751636921181e-128 1.516405086051249360e-114 6.497115490071270406e-102 1.884477521493344402e-91 5.933573511154762383e-80 1.075259608852245294e-71 1.800329900182003918e-63 2.628040769243856551e-56 5.995748212692874783e-49 3.881903565674662841e-43 1.936672817874468114e-37 3.163706553387518285e-32 1.247228297395292082e-27 6.494966112929593118e-24 5.855083013522483331e-21 1.086358530213142263e-17 6.591048297007734617e-15 1.448974998831532152e-12 1.740921403190098136e-10 4.067657089710343327e-09 7.221686337811418093e-08 6.482291307397021160e-07 5.046664398383685729e-06 1.405155199595923251e-05 3.388828180324391899e-05 5.997542799324123784e-05 8.949245867735220632e-05 1.004111785066973231e-04 6.620411300707542291e-05 8.086705256900478288e-05 3.749174865340465463e-05 1.667528074746143726e-05 4.069735044715015915e-06 1.004132703741497715e-06 1.029381111319576058e-07 3.682953041838895999e-09 1.510587251470969859e-10 1.437008385534088499e-11 1.262181091010589862e-12 3.907876585251465716e-14 7.413492817183614295e-15 1.676360691244227374e-16 2.026605150112764753e-17 4.047138878843638395e-18 2.652178166512897179e-19 2.627058670222061303e-20 4.857528032836036638e-21 8.048998847680818138e-22 2.820800193359317374e-23 4.342959021976034431e-24 1.422051812377722529e-25 1.573888545742849478e-25 3.479424188066399135e-26 2.649394731636182243e-27 1.452957114247696151e-28 1.589237093288338195e-27 6.045868748521494346e-30 2.953122561515780295e-30 1.082758349818242021e-30 1.908542115615903785e-31 7.722320828761186740e-32 3.452241481784409400e-32 3.462668927783191219e-33
4.182091952257579545e-308 8.334258007972328606e-271 1.114326548611116416e-236 1.057421295037502073e-205 4.797041816966614141e-185 4.028453261932472885e-163 3.332420233447577765e-145 6.836970626735794268e-126 5.938273148797913886e-113 4.657647410016502397e-101 5.399339958155103279e-90 6.805429757894675574e-80 1.140750969169952821e-70 1.364442002500042426e-61 3.458240558679266369e-55 6.898892721958094810e-49 6.087126564086268589e-42 3.986821189044490473e-37 1.047832502225110082e-31 1.207662411477551844e-27 2.239401986197610004e-23 4.226856882623469678e-20 4.958274492419335900e-17 8.724507185727190873e-15 1.958395910789414201e-12 1.475573196231144209e-10 3.516431335815262880e-09 1.250181671711323779e-07 9.588001431213057311e-07 7.158798355411135428e-06 2.062352067820550272e-05 4.668933627175535467e-05 8.773170630002045435e-05 1.312343523592707868e-04 1.079003017697602833e-04 1.046455897929206367e-04 7.490691494637015000e-05 4.417222423618683913e-05 1.748113966530343558e-05 5.155649066379680116e-06 1.574632415896672133e-06 1.061257315278444998e-07 7.517555882788365555e-09 6.979681226849931342e-10 2.262739003395412854e-11 2.090996013796530078e-12 4.076689630576243300e-14 5.406645518948331290e-15 7.051826592574082194e-16 7.790151016591642651e-18 3.525843087813405160e-18 1.037181341927698342e-18 2.991578316286802171e-20 1.038013518072959570e-20 4.060912781834349249e-22 3.181899928907914695e-22 3.323270479408870958e-24 1.761179040300555806e-23 1.130355642943560341e-25 1.842387341255947270e-25 5.216044153982343450e-27 3.603674875777182391e-28 1.582541848906011014e-28 6.118601456674580381e-29 1.483864215923823119e-29 3.440737590465121803e-30 6.355261725370452684e-31 2.770452357901984197e-31 1.766743651060081413e-32 2.107195108066182747e-33
3.352568342434013892e-303 6.593914961993773741e-264 1.810127450919588943e-233 3.330963235080998830e-203 7.699666822034884604e-183 4.182184710515697285e-159 4.053793508305880524e-141 2.639025804684793715e-124 3.858904006636298886e-110 1.098443557145770640e-99 3.611255819848734133e-87 3.694951944610533865e-79 1.693605553376894498e-69 2.554488581412379291e-61 8.453181566189934962e-55 7.313536942570981737e-48 2.882174616552740660e-41 2.981285765208221075e-36 4.781677309694034632e-31 1.635022178341624627e-26 8.992189344079497091e-23 4.591316076087804586e-20 9.544969403884875076e-17 6.135011018394475976e-14 3.276591114429105259e-12 2.568921099249250044e-10 6.005797387469006242e-09 1.892688288210379664e-07 1.905934494906170899e-06 7.475603795414551848e-06 2.975559791490505219e-05 5.628336760739409270e-05 1.077352923925416949e-04 1.155007615975258507e-04 1.795911193976448155e-04 1.417998326301745402e-04 1.092667743397180314e-04 6.646533675962018443e-05 2.433816410298269097e-05 6.640883421800036297e-06 1.595735565715827729e-06 1.880028468834116789e-07 1.812722793472161988e-08 1.011243038747382420e-09 6.011291259259671500e-11 2.673656515190822719e-12 1.821090154830380614e-13 1.759220264848014281e-14 5.787089272603611026e-16 2.213982163234565733e-17 2.189335809765982514e-18 4.417194819183873052e-19 1.883864118619328260e-19 4.810820694910130504e-21 1.439127087444871191e-21 5.462705067739833890e-22 1.132796775287274094e-22 6.230108739051387490e-24 6.817726595248611215e-25 7.783001735670644882e-26 1.025603703207101077e-26 3.849643921030071483e-27 1.138217722290570217e-27 4.487084284799599110e-29 6.019799133482982378e-29 8.043792935538371076e-30 8.187552118222214424e-31 1.077306850680030883e-31 8.553564024460657585e-32 1.020017768119034918e-32
4.611437042955738486e-299 4.866045734912905846e-266 2.385400749752295220e-225 2.024934643622509608e-202 5.567064213527116980e-181 7.801342456141943100e-160 6.473431694796681187e-138 9.880040607357884945e-126 3.319252988712828679e-111 4.777088110321036782e-98 3.788216205955874734e-89 6.167563809567931187e-78 5.544546701978709928e-69 1.044816384777226453e-61 1.323073648586565700e-54 1.327045371060467144e-47 1.715667929785165194e-40 6.874540883536974028e-36 6.578190975976008852e-31 8.248999510330062019e-27 9.336094157675462359e-23 3.325042323201820003e-19 1.223713321033868050e-16 5.583733748397191299e-14 8.282104765999039365e-12 4.946880490082612899e-10 1.802738286496920664e-08 2.602463613639311989e-07 2.102228990751523511e-06 1.273184741524784222e-05 4.311117512649128550e-05 9.196566185905675551e-05 1.337371594788021366e-04 1.593398317796960236e-04 1.787710698284690567e-04 1.816606672303516367e-04 1.285429638393776307e-04 9.330763811284941843e-05 4.319683698238579474e-05 1.242884116393480487e-05 2.919230254963876686e-06 3.989146898100050400e-07 3.153864907356308365e-08 1.670348600310279061e-09 1.093625836527279330e-10 4.260895818874643718e-12 2.781021924991513522e-13 9.409764321001892099e-15 1.634288239815732642e-15 1.932260136377040862e-16 1.912200926211010201e-17 4.959793821318164169e-18 7.189724973240255256e-19 1.698213327209919773e-19 8.873675857532819995e-22 1.138188889259338632e-21 8.126825925113836254e-23 8.976319256882748182e-24 6.907944644885993220e-25 4.457318254912507500e-25 8.055687951306946059e-26 1.196081199574040263e-26 1.291506382340708399e-27 2.959129979697715981e-28 1.836997919549028332e-29 2.690994087803894752e-29 4.481025696160665526e-31 3.327585288598579433e-31 6.465425184869428715e-31 5.096701563183157337e-32
8.884586706067870304e-303 3.983184847721780665e-260 1.293473258641365128e-236 2.039379321461556253e-201 2.366028026109060818e-179 1.764031543497576420e-157 1.672197347635273664e-138 2.622194542517667737e-122 1.750898183460266195e-110 4.754575895431583136e-97 2.866893493441365679e-87 7.350238107509595367e-78 8.617631702566772764e-69 1.457507097738987284e-59 4.703850993697996281e-52 2.078319035005392579e-46 2.302922026578167791e-40 1.291439271069454788e-35 7.003431331875391430e-30 7.031897515357955961e-26 4.670463416207607884e-22 4.441906731059772075e-19 2.403753419198531753e-16 7.533839596500971086e-14 2.265376827514642281e-11 7.921597017308257905e-10 2.199764461402758894e-08 7.360907572296118538e-07 3.430946169246811981e-06 1.441888814552795543e-05 5.033057155915381396e-05 9.256376733529274672e-05 1.515737821943235065e-04 2.301388547814561315e-04 2.508635662082687881e-04 1.923919428845350787e-04 1.593430661117332980e-04 1.184558470660262525e-04 4.223348677079114894e-05 1.470315702403542637e-05 2.377345173886361907e-06 4.567388374496254325e-07 2.595073812848342454e-08 4.343145013883098616e-09 9.166933563430458508e-11 9.506326710752047878e-12 5.384132715036451758e-13 5.654969524486029265e-14 1.444805899885850497e-15 1.839189510779893285e-16 1.522679036927020150e-16 1.043701219316296139e-17 6.441752004606078525e-19 8.123282794265316384e-20 7.046941487143977713e-21 2.684668821154703658e-21 6.791197625044324789e-23 2.874298124766201671e-23 6.952582570841735273e-24 9.718438496656955208e-25 5.672081924633173690e-26 8.968119672450264645e-27 1.361564013569985610e-26 6.659066889406620313e-28 5.544829057612010584e-29 1.332110944916802959e-28 1.780677629863091929e-29 2.521916122078912701e-30 1.091745434719142261e-31 3.530860991085751753e-32
1.390392742652860163e-298 4.249281883883327627e-264 1.755415205802688908e-229 1.949031646400600713e-200 4.447680623955864631e-179 3.516970846881578697e-160 2.367131554171265296e-137 2.432574003753180287e-124 2.675661965673314885e-109 3.235159076528075581e-97 1.101581514727318230e-86 7.774982643937292929e-77 1.846388808026145780e-67 5.643009241693954446e-60 6.350374537040386308e-53 4.408292210475315740e-46 5.533227142467417241e-40 9.643739369949450833e-35 2.092923980972142735e-30 5.291506133144867458e-26 1.147453002630541516e-21 1.179239616535529770e-18 9.975344942443162567e-16 4.160285989758580052e-13 2.367580485758093515e-11 1.387055104022700351e-09 4.335206063052687499e-08 8.596401881907631295e-07 4.914417314822302795e-06 1.987995882202962683e-05 5.073664024735932378e-05 1.341321073440861981e-04 2.148870782392523751e-04 2.888888062556812532e-04 2.904289775253579868e-04 2.879069105819472918e-04 1.867624701583110855e-04 1.247049070574116612e-04 5.398535283733150813e-05 2.438558179273338564e-05 8.995678388555878994e-06 7.800949575859206164e-07 6.446063067479264066e-08 1.951960534854371910e-09 3.268030555849335948e-10 3.612638186594974752e-11 1.195174286985920474e-12 8.940230990980692339e-14 2.364579288959463265e-15 4.973867742662898706e-15 2.469224917317413960e-17 1.590040032628672068e-17 1.261351405863099713e-18 1.794031955825731342e-19 8.917678948176870322e-21 1.541075239771265751e-21 1.017316403817954088e-21 2.775288577425855332e-22 1.034012307591006477e-23 1.488845273039490965e-24 5.549985640469698743e-25 4.092392430589228827e-26 4.953549964970864906e-27 1.191196574215439611e-27 7.589264467194929862e-29 2.044471629368044584e-28 4.299935613054904254e-29 4.293449436595315893e-30 3.658682015691671130e-31 1.243453317330307229e-30
2.824172172821483071e-301 1.072047320761999905e-263 6.919559796619030402e-231 4.159330175161123702e-198 2.521079270960523509e-180 1.476747473477380060e-158 1.626324522158059565e-138 2.925481083758837924e-124 8.532316110755448391e-108 7.429579685199322105e-95 4.139042889707024992e-86 1.427766937845852483e-76 3.925628970209500539e-68 1.956144014875152397e-59 1.468642988682315405e-51 4.861378819650460998e-44 2.281789761601213970e-39 2.580921946223312558e-34 4.788474446845208946e-29 2.473722969637835992e-25 1.010925520830459384e-21 3.197073290532295847e-18 1.963841024848697850e-15 7.175934765132194552e-13 3.959075732117222746e-11 5.446017131549252639e-09 6.274314322362224085e-08 1.178235500927985821e-06 7.277677618557631142e-06 3.086022009347432203e-05 8.254182596987480653e-05 1.621147006649870624e-04 2.378800900885674849e-04 2.989708375581409173e-04 3.574509120661064927e-04 3.657798611399961123e-04 2.799444854195986296e-04 1.519779084412724822e-04 6.979008827711629683e-05 3.454429073182518385e-05 8.983780403416936325e-06 7.616967427029760274e-07 1.009968483027901834e-07 6.307274311442778604e-09 6.474250987641543173e-10 2.737361445943558691e-11 5.974333197576365530e-13 7.848718633345206356e-14 9.703132945628828460e-15 8.199469351032217606e-16 2.829817701996288370e-16 1.077735660148223288e-17 2.826731488488403353e-18 1.540811841121203958e-19 2.201712252095483067e-20 2.173782606185033387e-21 8.520781317041002431e-22 9.992317888803089247e-23 7.477734357608761926e-23 1.536013825223329345e-23 5.963767063400499827e-25 3.777639701475464913e-25 2.341841154393200206e-26 3.043375116473170814e-27 1.122118975609453609e-27 1.317860786200953461e-28 5.852534652065167490e-29 5.727521309472834473e-30 3.815912175014997393e-29 2.566524749989192831e-30
9.210480243313973552e-304 2.359038952840025992e-260 7.076632106291454859e-225 6.134538244637111383e-201 1.037482982295766671e-175 2.928403945056725627e-153 4.073194902932852291e-137 9.716700350555074423e-122 5.556801968495196809e-107 6.705408662222431151e-96 1.089974349464135364e-83 1.471218582952444309e-75 4.771646418979221721e-66 1.377117536381729197e-58 8.735060804942271151e-51 2.101872776994741056e-44 4.759764372766342316e-39 9.999711867475871778e-34 1.411742127217813834e-28 2.140930449535655416e-24 5.754965987165419164e-21 3.823279066174267789e-18 3.651802786575046969e-15 1.221133793373593479e-12 1.479167355562909306e-10 6.587802313328503327e-09 1.468792406720434031e-07 1.148100585964826188e-06 9.546167273208945608e-06 3.573575504608530882e-05 1.023705546204164036e-04 1.896731445783637242e-04 3.709779578795487738e-04 4.163657654491001838e-04 4.054445691677818374e-04 3.364474717835015606e-04 3.217164364442961166e-04 2.060468950242404706e-04 1.276052871391599786e-04 3.701764039674471546e-05 1.021511305273922445e-05 8.370832795400710775e-07 1.712136261576221446e-07 9.116420041283100658e-09 3.485602464931141411e-10 5.691783094322340580e-11 6.906618110779520093e-12 3.549415028126817226e-13 4.070348843886856141e-14 3.754659330642754674e-15 2.541333037151862829e-16 9.653590435019956619e-17 2.095434178172824707e-18 2.961735425765551359e-19 9.660904802537144332e-20 7.539868744493080995e-21 9.326633413016175147e-22 1.076047795389193000e-21 8.513142504614180397e-23 1.473766983432270477e-23 1.244278376022985340e-24 2.027966274371167695e-24 2.050375787736366062e-26 2.473281174032184419e-26 4.870519936572075685e-27 8.995624307187725825e-28 4.418510944768895783e-28 1.659996978453714683e-28 1.081222915028879654e-29 5.775768188637939221e-30
8.055834054945246409e-297 3.760436971184545695e-263 6.686789305272228477e-232 6.363618643019920167e-197 7.236006198576498471e-171 1.248164512874478706e-155 9.918707520990059602e-139 2.957719712606861701e-119 1.933817033995017496e-107 5.610138651972841970e-95 4.980224275816808465e-85 1.719966898874086043e-73 7.012833127501929493e-65 2.641173047941505954e-58 1.945153764203006909e-50 7.842931902196856636e-44 2.378078266834797134e-38 3.412418708366151964e-32 1.000555888643584035e-28 2.203561051751809689e-24 8.065998056003599364e-21 1.593608505845977835e-17 6.650915986644476345e-15 1.901250698496914076e-12 2.237981979300772586e-10 1.047783357763781352e-08 1.796314400753085713e-07 2.550269795104346601e-06 1.627317270586780038e-05 5.314774371935866520e-05 1.320850579509382579e-04 2.906993076202071423e-04 3.881853198082778800e-04 4.652878573103692806e-04 5.361460086940010713e-04 4.877486852268852493e-04 4.021619716533708275e-04 2.120148050977193742e-04 1.147629383994237150e-04 6.074836164849558282e-05 1.392714587103198321e-05 2.980719149991924718e-06 4.324960782414785604e-07 1.974229943745043532e-08 7.965932789171406185e-10 1.214674699132646020e-10 1.380828396160879980e-11 2.488605851710532224e-12 3.145243393160083530e-14 4.759818461961870630e-15 1.352652470726205972e-15 7.246688271390501243e-17 1.052338737573024367e-17 1.070679630290267959e-18 2.201579927839470947e-19 5.238011537568062732e-20 4.278163994160354841e-21 2.371055815293137619e-21 8.621979343787862316e-23 8.976847037908377192e-24 5.621797408905028397e-24 1.629518338746645330e-24 1.114522768695691889e-25 2.237400397794766301e-25 5.168862543942699772e-27 2.783689874078593996e-27 3.261827943105718480e-28 6.442135294843797396e-29 7.576069158903101675e-30 7.164155341240864131e-30
4.610363075456284858e-300 8.745776382175820172e-259 3.240227498167956092e-229 2.504088822710167982e-197 1.099930435990594368e-173 2.391018120996301814e-154 1.838643925060566227e-134 1.514177586104232762e-119 2.351315263560926217e-107 1.164844735705821338e-92 4.109642916952576851e-84 5.622582383475999063e-73 7.225340939544234465e-65 1.608239488586199888e-56 8.050898407534306801e-50 6.623632906261759603e-43 7.140156086647288512e-38 5.279542157347278081e-32 4.673825928806915011e-28 2.150839714651193468e-23 2.330396851003155498e-20 7.805418288110549986e-17 1.690670524696084298e-14 3.023636990896115320e-12 2.940788161094960389e-10 1.421693971161279837e-08 3.262021870664607346e-07 4.086450652111016264e-06 1.882090149883751379e-05 6.401022716411506588e-05 1.844110149733705186e-04 3.447698014746237343e-04 4.574056525133884032e-04 6.103981606548225134e-04 7.230990305117378268e-04 6.205549338247432758e-04 4.384255248256571538e-04 3.633676049390374674e-04 1.498078061563104730e-04 4.899131650112382449e-05 1.537099689171051467e-05 3.866403535213684983e-06 3.600522906741942797e-07 5.973287211623239731e-08 3.648196716403860974e-09 1.289652335529932223e-10 1.291302901933302622e-11 1.622841616670856797e-12 5.754560097284390662e-14 1.445981157171158508e-14 9.954068538268698721e-16 2.174447765755925687e-16 2.883573632080630694e-17 4.287150493117648604e-18 1.048302265834346289e-18 4.111138446887387515e-19 1.474770111403168522e-20 3.181013971662315269e-21 3.674085612442525339e-22 2.156088354428717308e-22 1.637697659259541337e-23 1.602293637711642680e-24 4.462373620356516820e-25 1.824891668262232463e-25 1.440387297830117487e-26 3.571024926844936347e-27 1.767611416977138473e-27 2.094314159699035831e-28 2.757383413472329184e-29 1.443744552495262236e-29
9.581867815236915198e-296 4.358572948666914845e-259 1.664693804382550791e-228 2.349253185774596547e-195 8.309564842286007837e-176 6.313127549708099758e-153 1.479931931238303693e-130 1.293344564230130142e-119 1.974399870841224004e-106 7.569873126288405804e-93 1.217641246400745311e-81 4.372951013587470077e-73 3.500375027296464342e-64 5.622244843160998295e-56 6.329361352011980263e-49 1.702759929715891324e-42 9.789712185472706728e-37 8.252800622018560894e-32 1.768055168238076786e-27 2.195225167620528615e-22 9.683986936206060376e-20 1.689678026356330104e-16 5.333233452435395779e-14 6.423962463270554921e-12 7.482506638932989709e-10 2.112894122105327647e-08 7.457624394640958457e-07 5.071166089713528651e-06 2.630051123685125594e-05 1.073057440177253624e-04 2.361138600662002868e-04 4.650123193670127608e-04 5.356696541316587892e-04 7.334240150928622798e-04 7.909415785059260807e-04 6.864436412974552577e-04 6.191899546053659161e-04 3.777893367983986973e-04 2.121145505118215491e-04 8.687191683778577465e-05 2.123763942078145991e-05 3.251158275832105520e-06 6.872047212803576737e-07 4.173839091278373238e-08 5.909802190772724457e-09 2.490104557414346170e-10 2.975348490988273972e-11 1.701357211859277064e-12 2.890169235100459263e-13 8.899188632144616115e-14 3.822716071681347209e-15 2.914567843163455234e-16 4.958367517671763146e-17 1.229771299349907149e-17 7.661947760354433812e-19 1.363715941579908563e-19 7.751957818798751122e-20 6.740107472255762759e-21 1.939524628404862052e-21 1.340430542007384409e-22 3.719268799800510692e-23 3.363084433320652706e-24 1.903860583171762667e-24 2.759936956332358184e-25 2.656209816076381611e-26 3.588467865719826387e-26 1.744054492565291733e-27 1.818514390335272265e-26 4.112372947425446825e-28 2.209527602587431864e-28
1.280096521944096217e-290 1.159342710485305455e-258 1.107917890663351478e-224 5.548282407546292960e-195 6.020947149383628807e-172 4.876950877975172622e-154 8.155602249529310313e-134 3.353418991619817635e-117 9.590466205012541435e-105 1.425112945961276443e-92 3.236210818041981621e-81 1.696505313113842693e-71 4.253504645419339898e-63 1.031754703179365018e-55 3.091864882286561372e-48 6.038903930789449920e-42 1.893956901287112455e-35 2.996600701766649012e-31 8.812813265020044975e-27 3.607541496218169229e-22 1.356686766261097399e-19 4.495376554261118284e-16 7.913727078648752271e-14 2.538427154988013891e-11 1.872712728042490936e-09 5.385239357454966869e-08 1.058339573162593452e-06 8.086582410589430046e-06 3.937974008166953560e-05 1.317193413480197595e-04 3.071920495342859840e-04 5.034976899893572021e-04 8.121629993014259580e-04 9.207644390023363504e-04 9.708075679074608215e-04 9.157812892708251272e-04 7.588962142135446953e-04 5.687453289372158480e-04 2.978436472761443595e-04 1.024036612452803891e-04 3.737226336470808748e-05 4.315471128627039749e-06 9.846262873312600015e-07 1.001194623937681932e-07 1.018287206805972414e-08 5.132368096106288539e-10 3.120386658872863226e-11 3.359359127372398663e-12 6.030765702243571812e-13 1.879102237424449056e-13 8.595703192860321136e-15 1.066825736962914308e-15 1.393100949774596775e-16 6.517631084669404090e-18 4.040753019047876181e-18 2.078472235300740797e-19 5.909956071828070391e-19 1.168507157901711199e-20 5.611317525165864458e-22 1.995053591334475143e-21 6.999199456474129744e-22 2.109587694980452938e-23 3.184192797547581051e-24 5.509754832193924871e-25 4.253605490102844844e-26 5.785691245649235328e-26 2.553229211424695526e-27 6.339344784757263740e-27 1.362316064358931813e-27 5.218931351089952678e-28
6.180842835956331308e-289 1.074550128681434983e-259 5.299290730836404188e-219 4.422552825181005755e-195 3.277416785743090471e-168 8.662678336538030742e-148 3.415594533738690965e-131 3.610781291753303401e-115 1.777223946227461777e-103 8.301239409798383222e-91 2.375120967398615860e-81 1.948968125107565930e-70 2.051226732607325409e-62 1.480390382513339990e-53 4.895127571343487593e-48 2.877210669828636190e-41 1.318639452514985393e-35 2.632816622514703699e-30 1.120391224616631095e-26 2.645103942417113085e-22 4.333775131019563871e-19 6.401862806825514801e-16 5.502184049445551501e-13 3.736704420448863328e-11 3.084326654426115250e-09 1.040842117139588884e-07 1.479624375894825298e-06 1.270332529867755527e-05 5.986768566581533214e-05 1.640479251830346858e-04 4.186263549919347869e-04 6.568340098657510315e-04 9.660029015346984415e-04 1.141378842331878044e-03 1.305895077991652258e-03 1.235256637022770368e-03 1.020608359886956279e-03 8.529905318693665594e-04 5.323014422237945823e-04 2.044982955716616888e-04 7.189244260668225736e-05 1.076938373045053325e-05 2.156969350614075007e-06 4.096102921888711686e-07 2.175755966998472142e-08 1.032238912914147215e-09 5.220696025771843004e-11 1.308678079703173483e-11 7.945373196207360664e-13 1.907733340778665258e-13 9.308693904546010045e-15 2.137972172123002104e-15 4.844801084385875097e-16 6.156505884752126273e-17 6.902933995508575019e-18 1.803960748764217123e-18 1.630410400815467535e-19 2.493460122637811861e-20 1.259875088138522275e-20 5.284419972884401509e-22 1.175405849634775629e-21 2.807021163375029087e-23 1.740048641879761931e-23 1.496691555075997323e-23 5.134180233481297837e-25 3.374589000395846357e-25 3.103953110895421051e-25 1.475434600766350779e-26 6.618697167105309488e-27 6.884496022397169900e-28
6.063387000074084354e-293 1.636816132779476031e-253 8.472484210793704002e-221 1.327158815724845141e-195 6.162521986391518189e-170 6.664187948314302883e-152 2.125875450423730275e-129 8.853004649361197218e-116 6.510128832661391359e-101 2.427724369819463468e-90 1.007204990883255567e-79 2.830312810429778063e-70 3.463693616747265426e-61 9.604491239890224593e-55 4.123258516451048911e-47 1.060657884544972333e-40 1.792500243908970431e-34 2.908846633519027948e-30 2.265986671022003160e-25 1.259375233712861005e-21 3.237905058606210553e-18 1.264474284966249802e-15 7.598022481001760987e-13 1.040252051847921419e-10 7.150784642617875247e-09 1.630163810397347004e-07 1.995282250516120011e-06 2.641054158053416214e-05 1.182454640393363384e-04 3.289978721211345679e-04 7.973427524626793342e-04 1.169225438635065851e-03 1.561971846017338539e-03 1.941552976907273426e-03 2.086040018030707079e-03 2.077332552213196921e-03 1.942590317152254010e-03 1.498884301743616228e-03 1.100358600994200218e-03 5.012923436938325874e-04 2.341313939400771450e-04 6.423377876999692836e-05 9.774317810058272241e-06 6.328992687401350610e-07 2.029374155387446215e-07 1.292218666462209049e-08 4.208560529239962130e-10 3.659424987660422454e-11 5.915849279564980858e-12 9.643004370838680630e-13 6.143448001650030489e-14 1.350357003492071261e-14 7.408386042221454782e-15 7.458544273510911370e-16 1.317153818514652389e-16 2.096115239764719103e-17 1.697808707796964523e-18 1.797059335623911474e-18 1.260200494998139118e-19 2.152685421174698810e-20 2.164019656951933082e-20 1.379682399190883642e-21 2.025874801172823318e-22 4.814350418070294960e-22 1.008370111820309192e-22 4.171209088091634644e-24 2.992364727949663943e-24 1.726119480409787611e-24 7.464309761576102102e-25 5.887578003173601377e-25
2.463053806125711568e-288 1.177878779274557634e-253 5.306238615528101128e-217 1.540268630679519363e-190 9.565450308862785895e-169 2.404358408110469028e-148 1.169232449532233667e-129 4.802063533342279489e-115 4.474678838491901653e-100 1.726171474641977056e-89 1.806734196875234483e-77 1.664286762639215379e-67 1.298787559851166599e-60 2.161289288987820903e-54 3.276537668368670694e-46 2.782566195282832558e-39 2.675836939371975194e-34 2.005475393289732663e-29 2.280547675133210611e-25 1.001369660905766778e-20 7.566331183591308646e-18 7.780731114053465832e-15 1.745142019178695569e-12 1.483382300500198194e-10 1.085678989869877548e-08 2.957629630189526775e-07 5.687520821697780028e-06 5.483573974253728523e-05 2.844687707516855256e-04 7.038290960193733332e-04 1.535110489730856899e-03 2.316617133644147380e-03 2.909263665681451408e-03 3.503922133338339094e-03 3.681545196129494199e-03 3.796790756035527993e-03 3.586147024586444458e-03 3.272937756055139570e-03 2.508134505517470303e-03 1.799911184333539494e-03 9.283574790845632420e-04 4.158864514151263303e-04 8.897760031420424260e-05 1.370010835789002416e-05 1.790482044470612702e-06 1.459015951396855451e-07 1.000616840029009338e-08 1.890286254440827208e-09 2.162774170488932794e-10 1.044386662595877543e-10 7.952005059363382147e-12 1.094326973517897031e-12 1.164929907873484337e-13 3.059590042443473616e-14 1.192842296759978315e-15 1.227046529216630675e-15 8.408425287086509784e-16 1.390255461905335954e-16 5.065567897440972227e-18 3.529641630726711839e-18 3.044914309532424985e-18 3.875210244015713594e-19 2.585939664315501955e-19 1.521927540945270052e-20 2.259891140835718008e-21 2.284488640987113805e-21 2.185596219423853494e-21 2.929350962938938614e-22 1.116238588351590307e-22 5.141816984116100119e-23
6.393389162326672891e-294 1.101886145611668777e-253 9.290112740041582775e-217 9.604985855964338494e-191 1.020502018793592936e-168 2.901220203229078628e-147 9.892695213966928645e-127 4.171093349856137585e-114 1.726422130870775895e-97 4.841706719912758103e-88 4.668067737065916344e-78 2.288403736159852376e-68 2.427741489805761143e-59 4.004212366313441353e-52 6.053358732115459489e-46 5.013749828405451598e-39 8.917241162027731192e-34 1.525830783292817293e-28 1.172173168094386777e-24 1.215323307026883109e-20 2.740268680916450598e-17 1.968664903439667987e-14 3.374994276878416892e-12 5.953230251838741855e-10 4.790471146037412799e-08 1.357824072621547078e-06 2.941339594117460641e-05 2.569823126567888599e-04 1.139217062514341888e-03 2.301300286861443067e-03 3.747110621888852591e-03 4.605269361841096525e-03 5.421935250136764722e-03 5.672514111755594390e-03 5.687654588281136799e-03 5.921119695345022742e-03 5.520601328012171224e-03 5.297647850098436036e-03 4.933484341738979262e-03 3.941652187680684712e-03 3.180527292105250845e-03 2.086984344491152679e-03 8.691151241363907851e-04 3.265206192307112606e-04 4.935584388284231232e-05 6.958289693546983945e-06 4.884044259037271027e-07 4.883053122112177744e-08 2.987636306905150449e-08 5.354687553486089297e-09 3.513990618927964468e-10 7.101370843973555036e-11 9.597567730174076293e-12 2.613430386102401942e-12 1.033278578616991824e-12 5.977002721878573359e-14 2.377536930037133079e-14 3.607305702301350055e-15 1.673730174021053644e-15 4.518064236342950024e-16 4.390545000487375360e-16 6.666573811634553992e-17 2.923816089204316903e-18 8.958976136097676879e-18 1.722274260437220583e-18 1.660923067609714555e-19 6.858585978369127894e-19 5.163400326762168386e-20 1.313721403916452284e-20 4.938804835792202594e-21
2.124130535787356317e-284 7.594520325310791168e-253 9.274140724209456733e-220 2.023297904326060733e-192 2.498996685660737715e-165 1.358653680705305068e-143 1.512388746535315114e-126 1.473034746422204001e-111 1.230254800531053873e-97 8.310584487997116899e-86 1.093815421863836027e-75 5.401801431955968121e-68 3.317713809388463024e-59 5.058932002373331383e-51 7.661489749169020644e-45 2.437182718845088605e-38 1.129089789443470800e-32 3.868888591916591440e-28 9.334174008954709191e-24 1.759682564748417012e-20 1.491512154682868360e-16 6.661571979298833144e-14 2.127348155509013954e-11 6.271379393005969260e-09 6.116157183373730624e-07 1.890248088702505490e-05 3.700724883481897845e-04 1.618899865451023162e-03 3.793114239862741422e-03 5.653553632187926538e-03 6.971415367210761702e-03 7.659350741750468872e-03 8.310893544088886545e-03 8.390459152254770708e-03 8.559666314427770775e-03 8.761269870899901155e-03 8.277887725983477593e-03 8.224238145462851868e-03 7.549651304384265293e-03 6.868235027193143015e-03 5.830446025637655606e-03 4.878272807598502299e-03 3.448842616054810170e-03 2.127901536334819189e-03 8.256684811020964174e-04 2.258463615839094126e-04 4.684396549744646303e-05 8.436369335694181260e-06 2.049081303994306186e-06 2.671381369080222410e-07 8.534784016978130189e-08 1.884344113926154085e-08 3.092642662248135915e-09 4.288782277905259783e-10 1.245104580171522211e-10 1.987136235695968886e-11 2.353460249397188507e-11 1.434725389262201111e-12 7.221517175982943705e-13 1.735604352935600817e-13 8.758768692155173566e-14 2.379034552212228802e-14 7.562181113314553656e-15 3.616966035566813132e-16 2.771269862711661528e-16 1.918150536901215693e-16 1.456509716341756137e-16 2.747609657933898363e-17 1.806573193767995602e-18 1.109136947437055441e-17
4.287937682625985315e-281 3.473124481169779696e-246 1.725505135003476139e-215 2.825196640055281569e-186 5.405183696209125996e-162 6.313853141791967899e-143 1.700075337441691324e-128 4.731743304046863325e-112 3.255212069218054451e-97 3.952716337220440200e-85 1.391518595748307928e-76 1.479528694047193859e-66 3.112659100034652141e-58 1.609204338960662002e-49 7.266006083562238372e-44 6.428175454477267643e-37 4.089681351239241688e-32 2.661646004502866615e-27 3.289622130695208137e-23 4.554290486505247813e-19 2.463247182323877786e-15 1.729476569435296374e-12 1.943145907162519072e-09 2.584772140494273117e-07 2.235846123008335362e-05 4.108152330939853327e-04 2.768653153703029730e-03 6.131361789263415144e-03 8.701074633954508294e-03 9.766376210964645282e-03 1.074541247873676657e-02 1.157712842643064850e-02 1.214404815424926891e-02 1.209573204472825722e-02 1.218602004120570084e-02 1.233805513680849737e-02 1.201259771280533371e-02 1.206502340827210820e-02 1.141586704287717718e-02 1.013166085265742970e-02 8.844046055540124088e-03 7.763141771163058202e-03 6.572819861897267676e-03 5.476174552150546090e-03 4.104728886920197203e-03 2.400270901332940063e-03 1.473970742035149700e-03 5.448141761636049896e-04 1.880895145909877221e-04 7.456700929334913683e-05 1.497817440803784494e-05 3.719428698939819943e-06 1.012439027926201566e-06 3.148672715636854049e-07 8.816845961095529256e-08 1.269558452092422502e-08 5.065589029046756752e-09 3.398819516805392478e-09 5.462704033336503030e-10 7.791394282760166672e-11 3.385872325886672145e-11 7.682220572625858643e-12 1.147807371167959466e-11 1.317790808588796882e-12 1.187498679197428843e-12 3.471198779232183364e-13 5.578870974075922826e-14 2.683656620896568073e-14 7.460578604837596898e-15 1.862505588043337702e-14
7.413896314230984914e-292 5.989537875194295709e-251 9.854124104174627129e-220 1.211162474886620050e-185 1.994179496805351914e-161 4.201149350857973297e-142 3.987493271781204961e-125 5.898141311923670723e-108 1.295088607065576211e-96 6.463191350825172525e-85 3.743751862645243675e-74 6.063177826216146733e-66 8.603183591805979144e-57 1.539750415018364517e-49 6.000420780464766947e-43 3.033100721703861115e-36 3.943044881848820414e-31 1.223720206863863555e-25 1.465000806222649270e-20 2.232352625805195944e-16 3.651743920054664551e-13 2.804932378874542200e-10 8.888436610299446290e-08 2.524869009124075634e-05 9.110725870396048278e-04 4.996435759429334982e-03 9.553241617307590972e-03 1.257117558722377348e-02 1.449783790604206903e-02 1.591434159057788372e-02 1.643876250673129841e-02 1.706138682287468636e-02 1.747114950393391028e-02 1.815964065339411432e-02 1.848669961304234832e-02 1.895992311451656642e-02 1.873813240893474480e-02 1.820950854589662576e-02 1.755089371372610396e-02 1.606596348868654517e-02 1.421580739336905652e-02 1.166373259945428092e-02 1.008394498185211964e-02 8.642420834424055509e-03 7.621133629289616497e-03 6.576703094810904503e-03 5.573709026458743658e-03 4.345893618463422814e-03 2.779433478823352920e-03 2.508874565900198143e-03 1.532947544396724530e-03 6.276019749566192187e-04 4.705978518101562721e-04 1.539541813886932740e-04 8.585806987598365147e-05 1.461302361238339951e-05 9.603470209940773524e-06 3.606144826618889553e-06 8.018433624058543065e-07 5.751291595309494828e-07 1.212556770043590998e-07 6.391651869402977394e-08 1.065041624778972435e-08 6.680877250371947701e-09 4.957603425541038344e-09 7.419717047158349411e-10 6.667176723330763707e-10 1.309130408033730497e-10 5.307021653556960283e-11 3.168084117886825764e-11
2.875693037253479583e-281 7.419328694382050426e-245 5.765212945557877949e-211 2.273885051371113157e-186 2.265407997610167207e-161 9.893308525727847206e-143 6.393122461492235234e-123 3.198729745320287011e-108 2.860682595817268964e-94 1.232648814515975755e-83 3.026366949075656602e-73 1.921595398627150615e-64 2.837758253051376859e-56 9.383544927350921139e-48 5.176463445815192537e-40 1.690756352823493135e-33 2.177192683397794821e-27 3.570243287451061254e-23 2.337473667370709200e-18 5.172410632563881417e-14 5.732796174093081621e-11 1.304313347040972813e-07 4.267228246045173709e-05 1.833701736675017943e-03 9.438801484029335845e-03 1.564542797397071652e-02 1.920505771605655193e-02 2.229302490214305973e-02 2.431386328570510000e-02 2.632664407529025294e-02 2.668767648128814174e-02 2.743474055637301623e-02 2.841824293370614346e-02 3.026869395931085574e-02 3.209191785449343193e-02 3.338438146456353811e-02 3.599189675964950541e-02 3.659910934495368140e-02 3.448465218782995056e-02 3.232659833603136051e-02 2.639407448552084923e-02 2.123516352146964659e-02 1.541992896646183012e-02 1.339558361680460129e-02 1.175799134148888293e-02 1.066105928944004362e-02 9.534846670373228750e-03 8.844800221303839721e-03 8.147067509445557812e-03 7.141177709516748594e-03 6.333682029686926729e-03 5.395028791344385483e-03 4.233334105456555869e-03 3.619485979520332877e-03 3.128589667466357121e-03 2.169977707498400594e-03 1.994473803468189196e-03 9.555839368681610414e-04 7.410650760463024546e-04 4.483045816318908801e-04 2.438609188997450450e-04 1.435776026903989552e-04 8.547530852589437108e-05 3.682744516079583096e-05 2.015074362498966810e-05 1.192093462178043645e-05 7.109181780566970001e-06 2.366086024788792030e-06 1.173515249903593586e-06 5.328097455013732996e-07
4.749954058990377215e-289 1.314572123574881788e-243 1.143365638349601562e-207 1.859823085621994082e-182 6.392956787774294506e-158 3.276471849481435837e-141 2.495778887571020846e-122 1.168381368451431575e-107 2.846159217853216862e-93 3.220070728704269306e-83 1.396559380002898801e-71 1.474986739270742121e-60 5.773119116475770680e-52 1.157412717762624681e-44 4.060652324154298735e-36 6.882590647211223254e-31 5.394295888000864320e-25 1.142177935857381584e-19 4.137135715177438477e-15 2.369596030728493493e-11 6.988832805057653137e-08 7.289282142717678614e-05 4.355311577363183903e-03 2.145677194538975555e-02 3.233764287613198618e-02 3.341350416224517228e-02 3.603811898557290894e-02 4.260723362790739405e-02 4.781762942572582997e-02 4.992884971641323860e-02 5.152284767443451874e-02 5.158140654217718141e-02 5.437770194586261097e-02 6.081660676176540298e-02 6.691871337859896240e-02 7.460663059134432784e-02 8.313793331502222772e-02 9.377369459046328015e-02 1.000162384460141912e-01 1.012836039603942084e-01 9.102365532794487457e-02 6.294447995076636604e-02 3.681673718745984147e-02 2.426519171321279283e-02 1.940157595834781507e-02 1.655843479363012724e-02 1.529493375179160307e-02 1.388402930557899526e-02 1.267591734212358823e-02 1.185470001497271851e-02 1.154953288128081693e-02 1.085549853850021305e-02 1.012757833158939476e-02 9.498952278026214641e-03 8.848438856452563520e-03 8.622112232318896244e-03 7.729606957512883195e-03 7.557629653471063455e-03 7.133810088275137178e-03 6.187059906417378616e-03 4.968326422373332829e-03 4.446601723752011126e-03 4.475299734835678708e-03 3.524753665411944556e-03 3.434601623851697531e-03 2.775616187777126594e-03 2.291239156831026500e-03 2.129132282018531951e-03 1.559353613365947744e-03 1.147119423631117211e-03
8.035871892123969464e-284 7.826652279848096389e-243 1.454929443934479335e-212 7.677147680203022643e-186 2.473110411918195317e-156 4.124016305221948425e-139 1.752194877995481303e-121 3.206007527411821765e-105 2.690893961772756749e-90 3.431771213562584251e-78 4.889323853619771675e-67 5.224843463886208474e-58 4.702886387507733579e-48 4.602706851541418626e-40 5.474896306027330735e-33 3.718613353707079367e-27 1.027858064647826192e-21 2.297226784073532609e-16 1.590098909859155413e-11 1.300568568548148688e-07 2.497262239516333617e-04 1.760094875184799873e-02 8.133491736383532955e-02 8.055164947737117331e-02 7.187122818818815484e-02 6.775874293421588201e-02 7.915958290956229271e-02 9.741030637541960024e-02 1.089837607029219002e-01 1.078988091806751676e-01 1.014047554157656572e-01 1.062672076396690979e-01 1.127557278804604823e-01 1.254353422121844142e-01 1.424519998753724648e-01 1.572248561783586573e-01 1.783500963888048352e-01 1.992350954846153765e-01 2.171108892856786765e-01 2.394018152619872275e-01 2.506363532302958164e-01 2.343379310264634141e-01 1.816786502623249366e-01 1.128572264023534333e-01 6.387364462169370372e-02 4.354166994591515683e-02 3.516133766011572681e-02 2.728511954427302252e-02 2.484868869370751229e-02 2.181427798822791614e-02 2.052072927958178972e-02 1.833811600388910931e-02 1.794379498615462573e-02 1.685757658773988366e-02 1.625694389615149962e-02 1.539212841234821605e-02 1.518455757225797148e-02 1.432653057658662792e-02 1.415942854432714407e-02 1.363029550009528003e-02 1.360340755655484180e-02 1.361218628213349893e-02 1.265959046411079848e-02 1.257169118557149683e-02 1.191388600154957150e-02 1.216303804746561405e-02 1.124676882984767569e-02 1.200271576804215479e-02 1.107515348748785468e-02 9.988937745599436174e-03
7.689592326255348664e-279 2.365755160588519333e-243 4.189589014988118504e-208 6.167800375513195666e-180 9.288061694192961905e-153 2.546281469509094611e-133 9.989821473947431230e-114 1.537679868243974865e-99 7.634498127704858828e-85 8.083866179557322398e-73 1.566021298955381428e-62 3.259683728834279834e-53 8.987067958411446504e-44 8.451631262572070253e-36 2.614565671066599931e-29 1.024813264646361859e-22 5.756687819439619164e-17 1.226845654569838055e-11 2.189294452090862589e-07 1.268414112185340271e-03 1.506203626939573992e-01 1.856778520300714219e-01 1.624009574572871650e-01 1.415191215298577387e-01 1.251331648217816894e-01 1.336125028368870815e-01 1.657334982415490376e-01 1.883650684357477123e-01 1.896317854029984928e-01 1.826616563510105318e-01 1.799129596392211317e-01 1.837661678030916845e-01 1.958877413619328767e-01 2.107782348238253223e-01 2.302035458338791696e-01 2.516274574109703677e-01 2.774688250945118173e-01 3.027797053567298224e-01 3.309975480936562797e-01 3.616364399659949269e-01 3.872530091152924236e-01 4.049725235667156475e-01 3.977144833753967768e-01 3.557294193513338421e-01 3.027444534906402196e-01 2.351127463440119969e-01 1.924738858460042501e-01 1.601189545602583753e-01 1.321955849636645142e-01 1.134611784819739705e-01 9.606809150360046123e-02 7.310479913559687903e-02 6.208329808997722216e-02 5.211828734604493502e-02 4.620600883347514287e-02 4.156559815011997422e-02 3.992714548017029658e-02 3.719782844643049202e-02 3.509167279352884417e-02 3.332670987765567333e-02 3.098719003412442677e-02 3.076333662368806871e-02 3.016805834030924366e-02 3.042408945740470230e-02 2.892401862194977566e-02 2.911371742453021730e-02 2.891368952030466677e-02 2.833404266731843688e-02 2.820402527907792806e-02 2.842199016137203840e-02
5.688523614445637356e-277 2.041008966280735295e-235 2.804948777061993636e-206 2.021578954718475466e-173 7.094744379218393625e-151 3.331280847586650167e-124 1.199126109929145435e-108 2.257259799470249658e-94 1.617377065042465913e-79 3.644450374384469427e-68 1.827185078945007810e-57 1.337028542189026799e-48 8.670214800916296699e-40 3.145252967371938191e-31 3.009442045425176592e-24 1.545678873041378066e-17 1.779881149456035187e-11 1.115641011271353110e-06 1.372684828252667202e-02 3.051723771865282875e-01 2.850677301137296005e-01 2.504669046634861451e-01 2.250885785947706330e-01 1.998487087174870558e-01 2.000039559511829490e-01 2.278982655848806882e-01 2.656208314985171182e-01 2.812241846933287714e-01 2.754302018116967510e-01 2.650755428853142637e-01 2.576959374435180972e-01 2.659643921212764828e-01 2.741059667574778924e-01 2.897468314473075623e-01 3.110102641126918366e-01 3.334732834142293267e-01 3.588598819439257626e-01 3.832439707027566755e-01 4.127121743129168463e-01 4.491253369071520618e-01 4.826214003234627348e-01 5.160712373216372884e-01 5.392252250796917279e-01 5.410047748361466180e-01 5.214936255545553623e-01 4.914449182320189680e-01 4.589948828632671729e-01 4.256330383855236876e-01 4.179614964725091308e-01 3.931863693035024254e-01 3.887389715041532079e-01 3.638952779120271930e-01 3.415750220947980087e-01 3.285435042817625995e-01 3.063550418778737683e-01 2.801693811679786816e-01 2.651254480912511591e-01 2.506801610499593824e-01 2.311136173548125616e-01 2.284581954779767443e-01 2.094905055714730291e-01 2.053187228933123221e-01 2.010900380509301755e-01 1.908857719237697648e-01 1.838889016477460447e-01 1.775223486610766344e-01 1.750037434457713814e-01 1.672284850064480188e-01 1.689484081521246961e-01 1.605470294878292570e-01
2.574817693887657664e-273 8.614568365102653664e-230 1.153328398229972321e-195 9.465117304008375588e-166 9.163581019355862165e-142 1.376923710789394682e-119 2.310569565376897540e-103 8.467018435559972160e-88 2.267591577461973685e-75 5.987268682786873076e-62 9.460624277152095655e-51 8.078127596793022736e-42 8.845257446120145878e-33 4.826973243394892238e-25 1.017204840260347754e-17 2.193502261339041577e-11 9.712130351113850788e-06 3.472649447964990532e-01 4.214647248020919057e-01 3.764184476353915065e-01 3.320471040488176540e-01 3.085930928083454594e-01 2.883176263026821506e-01 2.681234453906904958e-01 2.892701800530167455e-01 3.252726612779233695e-01 3.537251464507067955e-01 3.649936063466512892e-01 3.512748957619436507e-01 3.366651684108153963e-01 3.322055997475024669e-01 3.368351855067512335e-01 3.468353013228253068e-01 3.627859969258802053e-01 3.793928589780851124e-01 3.996060621252379153e-01 4.232254552176067941e-01 4.464129560945016562e-01 4.744707291630476664e-01 5.099943928038509489e-01 5.471080685831136714e-01 5.782265873473559914e-01 6.079996319387033221e-01 6.305343266864066321e-01 6.408170587546848651e-01 6.438774013075153624e-01 6.418953176664470295e-01 6.243000709826052042e-01 6.166065608899797823e-01 6.027938788969465778e-01 6.018815013799406755e-01 6.070862448755519614e-01 6.051542623533270326e-01 5.984946195871111430e-01 5.950070008325416548e-01 5.895789166947847937e-01 5.810922530478277448e-01 5.724906921746022448e-01 5.533082608442142503e-01 5.430289601821758350e-01 5.365083744203134053e-01 5.347491132227287780e-01 5.183058708175483087e-01 5.148906495973187836e-01 5.186761649474204150e-01 5.143747933846530840e-01 4.963606352579535974e-01 4.974364148905809913e-01 4.881974211043717538e-01 4.872521235057983291e-01
2.663652957701694411e-264 3.096948635982929409e-222 5.178041601829333291e-190 1.934063228538070674e-161 9.806094316337418482e-135 4.467256187215818096e-114 3.474703134280047435e-98 1.599423046705826091e-80 2.385312637773127215e-68 1.647280617925432752e-54 3.652578953110170992e-43 7.395349057980485461e-34 2.542993350765091437e-26 1.862918102015425392e-17 2.771019104506899083e-10 2.082894113471587660e-04 5.362446783206638035e-01 5.171330890594858509e-01 4.618519972681277008e-01 4.121379207557175350e-01 3.869246044222106606e-01 3.715604946278861509e-01 3.421444103294423722e-01 3.468704044533320596e-01 3.805936901393638938e-01 4.195421193195898457e-01 4.381934092156234417e-01 4.341460786601883948e-01 4.191371825844399379e-01 4.012633272017064323e-01 3.967799217319691873e-01 3.988677621424862596e-01 4.098133754985497923e-01 4.223765904222236967e-01 4.421473534444494979e-01 4.579897361244552600e-01 4.763042259203243978e-01 4.993972213588273035e-01 5.264741827367539484e-01 5.547223286426867794e-01 5.878788770926375307e-01 6.173582795790697464e-01 6.434374141873614450e-01 6.701927689172195723e-01 6.937962468820909612e-01 7.109797108335397242e-01 7.187109366974949731e-01 7.241181202844286791e-01 7.220086201583368890e-01 7.256860085130112381e-01 7.248586733951222216e-01 7.237125484167171718e-01 7.294148435673888375e-01 7.334582649035499280e-01 7.375866660197148983e-01 7.404244958277943489e-01 7.463908307795938946e-01 7.470248957531036016e-01 7.475290878364325708e-01 7.481425239300617536e-01 7.476650180609965002e-01 7.485569161987526421e-01 7.422896185724325857e-01 7.441885116975237580e-01 7.415690020179515063e-01 7.335225631215651632e-01 7.323358051509814004e-01 7.324287223206662478e-01 7.307323493075321696e-01 7.323649119476142166e-01
2.955387385122939768e-254 1.056986795696127980e-218 2.786242392344929923e-182 2.980998143256940058e-153 1.312340660662178440e-127 1.036533049165272755e-104 1.043158627419824301e-87 4.860144582073626802e-72 2.103253599684470756e-59 6.115655356213598470e-47 4.945822934100522197e-36 7.764664926414509653e-26 3.389045393666440188e-17 6.123661212676008835e-09 4.286341555176157447e-01 6.505384713900104199e-01 5.949752872157326733e-01 5.347513016683447251e-01 4.895148269122786555e-01 4.636384498586319514e-01 4.578743314857943725e-01 4.229748105016271631e-01 4.078467402853340751e-01 4.332164757444897374e-01 4.702534953318006083e-01 4.979146867320839442e-01 5.088548935591759026e-01 4.977806824594089297e-01 4.770274810993003767e-01 4.581406261628891974e-01 4.524111845640127472e-01 4.549626787924590521e-01 4.648201256386685909e-01 4.777982346350317377e-01 4.900671524853091876e-01 5.055670077417233621e-01 5.245124430028346163e-01 5.440041420131268568e-01 5.671819087163294526e-01 5.941746992341666589e-01 6.219123042697854986e-01 6.498832548120808683e-01 6.689488063961963604e-01 6.913997104860407639e-01 7.120093006331165153e-01 7.308414281328968753e-01 7.492402927969616933e-01 7.599106202163720125e-01 7.692074655385868764e-01 7.737039673857568634e-01 7.772630615219597860e-01 7.830711726953687446e-01 7.848295843010690831e-01 7.904043843634757094e-01 7.952151789505625956e-01 7.982453182208145703e-01 8.067993269504879494e-01 8.107546181478393343e-01 8.184274524974401999e-01 8.257387683756026719e-01 8.281690307850353427e-01 8.329020915033726880e-01 8.366835887737834598e-01 8.407308821361884066e-01 8.441781379931235785e-01 8.377206985336010936e-01 8.426859698223682082e-01 8.415243474291712600e-01 8.434241199129143274e-01 8.470926376660092849e-01
1.828433357796540699e-244 2.927822295079261998e-209 2.931446847580854628e-171 1.632030278785353885e-141 1.579808389802767666e-115 4.437343052195510941e-96 7.584456305839931531e-78 8.134158769013760197e-63 2.236055275776546594e-47 1.146954408808523505e-35 5.204635755068370726e-26 1.409990784716777555e-15 7.043729342502677981e-07 7.369465439712772348e-01 7.274673268061946363e-01 6.652609362274963800e-01 6.112368148281660529e-01 5.688691289296662346e-01 5.373857961569079578e-01 5.288957155994810089e-01 5.018926555289995317e-01 4.680631081451828712e-01 4.813784303752440263e-01 5.153631983609213707e-01 5.457757090645640741e-01 5.655584819167378541e-01 5.637332733724474965e-01 5.485760296469168740e-01 5.243219709424068453e-01 5.087880714375101476e-01 5.029858679809650068e-01 5.073523386981103611e-01 5.133496115999433007e-01 5.257113241070033860e-01 5.369482057054865143e-01 5.535641380918577825e-01 5.674476342231196124e-01 5.838559955372021326e-01 6.032077117267869992e-01 6.258006799335039672e-01 6.503000185956732127e-01 6.764757072142502103e-01 6.951729045411875196e-01 7.088714082888515344e-01 7.260418980738532202e-01 7.434749984829152059e-01 7.586945456492962814e-01 7.743376162646106176e-01 7.868766765180084111e-01 7.949174422305018695e-01 8.020886740056779596e-01 8.074695471732262764e-01 8.116923520568857242e-01 8.165861444936132196e-01 8.197088052320776752e-01 8.246892458527629310e-01 8.287497499449785199e-01 8.331687604586246465e-01 8.375878627123228837e-01 8.418317675954015700e-01 8.473561264484211764e-01 8.527918903607710766e-01 8.577555088325555799e-01 8.631616713310406031e-01 8.682321640979363542e-01 8.712027976937920526e-01 8.765390525739800154e-01 8.787533139156278317e-01 8.818287409050217240e-01 8.856581863379634489e-01
1.375629252344059383e-238 1.091084918031458658e-194 1.303624535452196520e-157 1.546701778751429360e-133 3.806508572791255238e-106 1.301971898650757277e-84 1.059060920188055084e-67 5.134978035284823435e-51 5.058186025027472222e-37 1.331404373421288497e-24 3.980943645400015378e-13 2.637515023898464803e-03 8.305871905536645894e-01 7.819886000616013133e-01 7.229758852888895637e-01 6.747709948854900830e-01 6.393210338637315138e-01 6.017385384150032435e-01 5.991868939694622309e-01 5.787037209430448970e-01 5.357869629596345717e-01 5.320623051146488036e-01 5.593773640675964165e-01 5.907607700739911927e-01 6.093995552158243401e-01 6.217260564709456983e-01 6.125983703475973430e-01 5.871388425989628734e-01 5.660259036032634361e-01 5.514311797495137224e-01 5.485225185965912909e-01 5.523546888154775569e-01 5.595044086243812220e-01 5.676947983650788565e-01 5.774345915922377559e-01 5.914646434089080307e-01 6.046438640683431398e-01 6.164027817011860089e-01 6.314936212908115465e-01 6.541638888317952150e-01 6.759799298908335530e-01 7.000161939420734836e-01 7.186112729279227063e-01 7.302813025089088805e-01 7.410583369229892803e-01 7.527006888070504331e-01 7.672662111569905630e-01 7.805964277196807410e-01 7.936776935143461387e-01 8.041790855590159603e-01 8.114480313114421639e-01 8.185002624270891758e-01 8.241568360035035345e-01 8.283697203071318516e-01 8.342292643633727467e-01 8.385580774901937318e-01 8.420661752012024159e-01 8.459800496096493427e-01 8.494614699053470996e-01 8.531386358573264106e-01 8.562981892457846023e-01 8.597685718127214827e-01 8.630632090783237897e-01 8.668290685761989023e-01 8.706198488275344038e-01 8.741580428842964379e-01 8.780725290287872964e-01 8.819196991231748051e-01 8.859419979246734300e-01 8.891892868261047633e-01
2.449171350049651630e-221 2.086460290030330494e-179 2.354169686241251535e-147 5.357101263361125207e-116 1.269977785927266866e-92 5.664640240778027304e-70 5.487113134548784395e-52 2.831142645268994079e-36 1.081823475539440156e-21 1.887755509720281182e-09 8.874061113800960632e-01 8.752724739937965959e-01 8.236250022309958840e-01 7.706294299161389194e-01 7.291377916708058349e-01 6.969182249862586609e-01 6.637795889945511396e-01 6.580890977430943201e-01 6.475086565485150825e-01 6.038144657276572902e-01 5.852625985633005401e-01 5.995401147755240467e-01 6.268173538283203783e-01 6.507910182509311081e-01 6.669379946860033437e-01 6.642967476261523174e-01 6.484731196467936609e-01 6.255784713612253523e-01 6.049976509378782730e-01 5.912042284852470075e-01 5.889145151468002659e-01 5.931352250659979175e-01 5.991848614941441831e-01 6.085674564217430360e-01 6.172449734172188451e-01 6.268564844177225703e-01 6.390466789320051744e-01 6.494814933015595759e-01 6.625408923030835506e-01 6.777615150388329734e-01 6.981243366319546118e-01 7.207140537320270157e-01 7.395880616801698837e-01 7.523374407200466019e-01 7.597439172983507794e-01 7.681850892701700406e-01 7.757754999065940016e-01 7.877101628731849603e-01 7.995046771934609664e-01 8.091433300801107453e-01 8.181184582964695640e-01 8.258120058480222792e-01 8.318639114615706820e-01 8.357469035976287097e-01 8.414659333242503481e-01 8.459337938502008436e-01 8.491662335435844478e-01 8.537639353187289615e-01 8.575384464469614221e-01 8.601974760243171758e-01 8.643223041187044764e-01 8.667333213583868767e-01 8.706198248669452244e-01 8.736339021937558069e-01 8.762531060572210651e-01 8.780897807098614338e-01 8.809056604018552505e-01 8.840050898983947691e-01 8.858372871362161227e-01 8.886058504166157723e-01
1.970618982060267627e-206 1.122255163395146154e-164 8.347990380766964685e-129 9.338145274127713753e-100 6.690949618106535340e-73 5.749803257419525919e-52 4.910724007106891010e-34 5.946764096259109972e-18 6.647522915980506723e-05 9.380187986646552067e-01 9.020040751550948421e-01 8.560552996482991839e-01 8.121090271134765448e-01 7.772035381483254346e-01 7.497626633579983491e-01 7.241550077233065430e-01 7.059455769405619252e-01 7.068038164580909832e-01 6.718173930520011661e-01 6.367998934184467830e-01 6.433589508202457452e-01 6.620998317405319966e-01 6.847001945982585935e-01 7.018556872916358325e-01 7.075866998705204747e-01 7.001358851655696824e-01 6.779446561739138621e-01 6.546502459606226010e-01 6.379045515062737870e-01 6.304993398423005546e-01 6.274755851219580016e-01 6.324852756978632806e-01 6.355622085990177972e-01 6.448957242882640273e-01 6.527969358931744459e-01 6.623317118878676579e-01 6.713823477124520878e-01 6.803700447869786005e-01 6.897141870372358596e-01 7.033244077521179083e-01 7.182189287020368518e-01 7.391983149617967763e-01 7.558757310228813031e-01 7.716678137761057155e-01 7.798133761636960593e-01 7.844444796028106071e-01 7.893141763771198693e-01 7.969781537213181943e-01 8.040665793182609766e-01 8.147856935608368545e-01 8.239106491779976116e-01 8.323828752231875461e-01 8.385611970709734297e-01 8.433705460868592407e-01 8.489088577479466657e-01 8.523643390425161837e-01 8.559316738710146533e-01 8.595958808107302396e-01 8.625936268421378061e-01 8.653671839451289038e-01 8.694934244858972816e-01 8.727224341261884399e-01 8.746046974344978686e-01 8.783863008796405358e-01 8.811308463249721834e-01 8.845628383578417742e-01 8.868014195747129236e-01 8.892546977283385390e-01 8.911153994371606712e-01 8.931539907805138290e-01
3.872074711753615477e-184 1.061335128584283915e-146 5.262689748144180282e-108 3.533047198112782521e-79 5.310969969029375550e-53 2.840743536242819052e-32 1.097511931205113274e-12 9.712346217184731900e-01 9.551654974432911560e-01 9.223890821371701909e-01 8.844122845325108617e-01 8.490169058257918122e-01 8.183813521622922416e-01 7.950363811383511781e-01 7.766037319054698296e-01 7.537347935850250424e-01 7.555187751757167502e-01 7.313921973819065281e-01 6.902855099508308223e-01 6.816626389385752605e-01 6.994703110299643756e-01 7.171963497942653865e-01 7.348594544952808949e-01 7.421285276336345715e-01 7.397081744148695792e-01 7.298628761576453350e-01 7.041180083987059746e-01 6.825123057432037621e-01 6.690020948839840997e-01 6.650800702382898555e-01 6.651128910375830872e-01 6.671660338680639457e-01 6.726182000722374932e-01 6.803772656532413032e-01 6.862551880544390803e-01 6.934742559321863675e-01 7.013655950226880265e-01 7.101463455648824308e-01 7.178502495939267369e-01 7.272592126021278913e-01 7.390002271838228554e-01 7.573916091664801842e-01 7.752844989100088346e-01 7.895112575101127517e-01 7.986434202170833441e-01 8.051686795768635552e-01 8.075177442866348088e-01 8.113757375360042268e-01 8.156163663531853514e-01 8.210161704357993306e-01 8.280791334446900853e-01 8.355373051460784906e-01 8.428020011793053712e-01 8.499625332077669349e-01 8.552908504182274996e-01 8.599669086787964378e-01 8.632104239447121463e-01 8.671453956462111812e-01 8.686050296409696392e-01 8.708960681803927795e-01 8.730822321640178130e-01 8.751386545263031280e-01 8.783677316565761117e-01 8.805987265305532663e-01 8.843731230050976277e-01 8.864453057822250237e-01 8.893776892692012437e-01 8.924915397348341939e-01 8.943557973728555321e-01 8.964204278075079690e-01
8.328359519755822173e-162 1.863352362846685370e-119 9.660140412851476494e-84 9.770953692875002138e-53 5.580915850554574140e-27 1.525032186626073012e-05 9.859734972003086906e-01 9.665001557146272182e-01 9.388562931046778859e-01 9.092456346808517331e-01 8.834802497447887815e-01 8.576483512740649129e-01 8.365247787414094027e-01 8.212683780281404555e-01 7.968790826693381568e-01 7.946976711163974416e-01 7.857690274848908585e-01 7.466159521528664689e-01 7.254592842594528301e-01 7.351130696189053237e-01 7.519256501268043458e-01 7.611661941362446449e-01 7.733883793445061050e-01 7.773791244019000457e-01 7.709749450177215691e-01 7.528183648201490774e-01 7.300127732080108345e-01 7.101397258822952363e-01 7.024450510987952923e-01 6.984481805423353729e-01 6.981341777797662740e-01 7.019670770829351536e-01 7.070709842179980775e-01 7.112615707467148107e-01 7.170467218905944851e-01 7.244897812808377413e-01 7.309520655605415973e-01 7.366028510711963850e-01 7.418785891226893359e-01 7.511602013758901242e-01 7.624906957522978868e-01 7.730460147786906155e-01 7.913815722693736676e-01 8.041575610733633361e-01 8.165330860253030565e-01 8.215112568137765692e-01 8.246196978496800334e-01 8.278547339835639063e-01 8.303558760776664771e-01 8.346883778531186682e-01 8.379470983074641666e-01 8.426979154076061906e-01 8.488360793408337157e-01 8.553626637809800259e-01 8.607638305287003133e-01 8.660371351591619193e-01 8.700778637693337147e-01 8.742666445734883496e-01 8.768785630206066273e-01 8.786805977652192290e-01 8.810056039068778766e-01 8.831082505892432488e-01 8.845628673123613339e-01 8.861201451139674168e-01 8.873182983627971865e-01 8.893209250493993023e-01 8.918969424503155885e-01 8.941904747734036318e-01 8.958444053963471321e-01 8.981891360137966851e-01
4.374967702059990256e-128 5.058078517750351010e-87 3.499797679169488010e-50 3.533162428345783079e-19 9.966623493176879345e-01 9.911728990226166269e-01 9.755819121791093895e-01 9.543794340694586875e-01 9.333631845704212227e-01 9.106573080830876465e-01 8.925157686543399027e-01 8.703490168579369746e-01 8.590970098842458658e-01 8.385521160140568808e-01 8.312420818158434699e-01 8.277397442596000632e-01 8.017770970345552417e-01 7.722927727796916608e-01 7.694623278269141498e-01 7.800248328049758095e-01 7.917605983461216690e-01 8.003975120625539397e-01 8.058242667206327869e-01 8.045589867788475180e-01 7.941306595391272038e-01 7.747482522110380465e-01 7.532527874078629448e-01 7.384258401323364751e-01 7.313800448307744562e-01 7.325610598808315332e-01 7.310696138314350945e-01 7.321547957257662498e-01 7.373583231256838344e-01 7.428999085569464311e-01 7.462677944023139442e-01 7.531287314445415104e-01 7.582762170151300385e-01 7.638348635145075782e-01 7.686205643140441301e-01 7.756854936061948758e-01 7.829346585148686533e-01 7.941096554414799336e-01 8.071087192505670416e-01 8.194419563953478924e-01 8.312637561783722262e-01 8.388543258922881440e-01 8.421428034868121415e-01 8.451370109883790116e-01 8.468831500695007675e-01 8.485017810312402986e-01 8.511513427022758815e-01 8.547808596289719896e-01 8.573195308573060558e-01 8.627377141795394833e-01 8.668908502078733758e-01 8.719985277506140386e-01 8.769180483453712371e-01 8.819276093144433615e-01 8.851361749018037406e-01 8.869218143537971333e-01 8.893289240160656695e-01 8.917189002768981521e-01 8.921532298315475451e-01 8.939744417490222972e-01 8.958102921364223814e-01 8.958922526842020284e-01 8.977575561486733635e-01 8.992038097282737397e-01 9.001924331634199028e-01 9.011783812593101572e-01
8.774236946829016700e-87 7.833103992484964032e-47 4.309022219340870786e-10 9.992160208110247854e-01 9.952455396504742424e-01 9.850066336613071405e-01 9.700422740535680211e-01 9.534760900540493189e-01 9.359997827782535751e-01 9.216970986414874112e-01 9.045393410076707497e-01 8.906387620163241925e-01 8.762825488220021830e-01 8.616527558120800068e-01 8.609779056681524656e-01 8.500110346167198960e-01 8.205763497937769158e-01 8.066438936135796878e-01 8.121828745962793583e-01 8.198759922192258021e-01 8.285796309774129398e-01 8.341845920732339215e-01 8.349158091831898609e-01 8.275926528559133244e-01 8.160115071116114116e-01 7.957832487336953253e-01 7.797028709539657321e-01 7.684901160928160335e-01 7.648228243390925440e-01 7.631910958978281867e-01 7.640023240290271245e-01 7.627118679178521710e-01 7.681046598014155125e-01 7.702799945126623804e-01 7.755518113766746158e-01 7.806888614125502279e-01 7.858169019642282649e-01 7.912144390908190106e-01 7.947449164697258928e-01 7.990537942474983391e-01 8.042384804208440041e-01 8.129990899786728731e-01 8.233770388179344479e-01 8.369668181414365860e-01 8.479111440851930803e-01 8.541362472544694606e-01 8.588821286350164508e-01 8.611040400409247786e-01 8.630664444565639970e-01 8.647347483258004397e-01 8.667619047312616898e-01 8.688067807322914504e-01 8.700526689948102632e-01 8.734823477556420412e-01 8.772387880091612189e-01 8.813421060297853549e-01 8.841774024202695426e-01 8.890785221445720587e-01 8.907608071956142348e-01 8.950913921821037622e-01 8.986258689029427149e-01 9.010070024455190119e-01 9.017508025703683261e-01 9.034703555269339992e-01 9.041186600297419496e-01 9.057274975075811918e-01 9.072148769378212130e-01 9.074619872502246443e-01 9.074934598858417356e-01 9.089859571890274159e-01
2.909625288945542432e-38 9.997373197337925399e-01 9.998235847778116359e-01 9.980638674550722511e-01 9.927079779492956613e-01 9.835861889230596011e-01 9.711749427005490487e-01 9.589415061150392550e-01 9.465123630791071330e-01 9.354976547626856487e-01 9.224042042129092511e-01 9.122866385219777774e-01 8.970363701904039422e-01 8.914464509179403917e-01 8.870339829920494967e-01 8.687844197563353577e-01 8.452355676131297901e-01 8.430853683499658358e-01 8.471231064087377804e-01 8.555398943040937176e-01 8.626572703432142664e-01 8.616241435088241030e-01 8.618110800348728340e-01 8.562389058296626665e-01 8.371139356687576916e-01 8.223407143326957325e-01 8.070973918286485915e-01 7.993913390088720483e-01 7.951767151483205565e-01 7.959090115127650522e-01 7.947119271839615529e-01 7.972656895334784277e-01 7.976859073535070843e-01 8.022180881478583325e-01 8.059240664879061544e-01 8.097234695425200579e-01 8.137145300254250424e-01 8.188741814767085403e-01 8.221883042711973788e-01 8.267093300093681929e-01 8.307979647643967125e-01 8.360437572738457224e-01 8.434038747946315251e-01 8.537872474791828870e-01 8.640384404683761899e-01 8.715041118672883780e-01 8.772504991526404172e-01 8.816499560392341284e-01 8.823578819536479489e-01 8.846103868891269650e-01 8.840523591563504979e-01 8.846147473792472793e-01 8.869032043368013651e-01 8.894121881834954335e-01 8.893214819006202143e-01 8.924952074205049213e-01 8.948543834051784218e-01 8.990667805151533187e-01 9.004566940279847831e-01 9.037176622503496626e-01 9.076057360477960412e-01 9.105160238278969809e-01 9.117462346513005578e-01 9.134460991081606585e-01 9.151741858268765961e-01 9.172951395647092054e-01 9.170166438580547030e-01 9.168991606407933537e-01 9.192217136433380453e-01 9.190080595738677749e-01
9.999996614877867396e-01 9.999869468259077188e-01 9.996726476166127862e-01 9.979362134978622123e-01 9.937809144408460416e-01 9.871977324125106312e-01 9.778560135269501741e-01 9.697898202613932650e-01 9.596460661550351157e-01 9.490035808639538661e-01 9.422128995086869185e-01 9.323255555819853768e-01 9.229041394543464616e-01 9.180193230264488413e-01 9.096047901371421274e-01 8.901184638065574584e-01 8.771137750879975936e-01 8.808894992475255759e-01 8.838954324052318290e-01 8.884816783883959790e-01 8.944427963780385848e-01 8.942238224403392666e-01 8.882913625490469478e-01 8.796128687539990221e-01 8.636138089826248532e-01 8.497057930095351930e-01 8.409608425848899005e-01 8.347731402798859168e-01 8.303953893114577323e-01 8.298206645780185076e-01 8.295343715423514341e-01 8.312791934602516974e-01 8.327668221912236657e-01 8.317462064862638504e-01 8.383557626152423614e-01 8.400409531914899697e-01 8.460888697512380929e-01 8.444182431412672329e-01 8.503219155020604880e-01 8.535321857780286958e-01 8.583433642386231188e-01 8.557129048585155884e-01 8.644957707761165011e-01 8.737703691992286803e-01 8.831981587085856455e-01 8.910925241384588524e-01 8.966592931445843684e-01 8.982745324563198297e-01 9.011941419115869767e-01 9.013044650655800405e-01 9.031677692584009209e-01 9.044010523244797595e-01 9.058034214854112642e-01 9.050457036263935828e-01 9.068614200472192577e-01 9.081060860082290631e-01 9.091407423826561862e-01 9.109145432955009225e-01 9.147277827168879272e-01 9.154984724352103198e-01 9.182181893657394012e-01 9.209507218428381048e-01 9.228462001227463185e-01 9.242718842619588315e-01 9.254518960868407529e-01 9.278093913361814549e-01 9.278589243270384257e-01 9.292704357456619269e-01 9.315669310213522403e-01 9.312276889894611775e-01
9.999998963629063153e-01 9.999852076948673174e-01 9.997443242312972211e-01 9.986887186545029271e-01 9.961698076261523704e-01 9.917092060048829927e-01 9.859519954778608319e-01 9.793758560957589454e-01 9.740323246949224023e-01 9.651310804321517889e-01 9.607571925804998525e-01 9.503721397256759129e-01 9.457225441733171367e-01 9.439618847679872582e-01 9.299726903155672852e-01 9.153733842387260511e-01 9.067831345367010076e-01 9.108642636202224363e-01 9.166412654241495872e-01 9.180108562316928733e-01 9.194266726409502377e-01 9.171847722552015636e-01 9.126547632958513789e-01 9.006065521122054163e-01 8.865941199868577760e-01 8.776256540095613845e-01 8.709684770254989550e-01 8.621267700949132307e-01 8.606844801145929758e-01 8.610365199929707059e-01 8.612390601983761496e-01 8.597019439767130677e-01 8.595800744857235998e-01 8.637653668698734855e-01 8.661542668546707846e-01 8.663669010629081457e-01 8.705298862137672566e-01 8.727794963730644007e-01 8.749533870132195634e-01 8.766161632226817657e-01 8.765515510432125845e-01 8.794409790882163902e-01 8.839473775810626766e-01 8.889148611174785275e-01 8.991842115350473508e-01 9.042618629813018449e-01 9.108969764253114221e-01 9.151842037658215467e-01 9.168387817577853260e-01 9.173971965606624313e-01 9.189130825260075630e-01 9.192061670181610467e-01 9.200545287853992837e-01 9.188317332828228601e-01 9.196773185751734303e-01 9.217645011117967524e-01 9.209932860431664370e-01 9.240667405335764029e-01 9.235341290308519691e-01 9.255037597091378965e-01 9.273144964772973564e-01 9.288463342229614783e-01 9.317932969159761214e-01 9.329891913769202683e-01 9.337214147847373580e-01 9.369839315962644744e-01 9.376141331728342632e-01 9.373966819726532451e-01 9.387368587961087973e-01 9.385190593391918856e-01
9.999999286396670239e-01 9.999908557136185649e-01 9.998667263580768294e-01 9.992257181018350254e-01 9.975483165668425078e-01 9.946835601502436175e-01 9.907567963916124043e-01 9.859225571910064101e-01 9.809180578766645286e-01 9.748000011909870866e-01 9.699499075261435177e-01 9.619820955594243772e-01 9.591140313661021821e-01 9.534220355341135322e-01 9.409646226760101095e-01 9.290544826183558813e-01 9.290215571663948957e-01 9.323119147023161135e-01 9.342042621358660481e-01 9.347841918726325083e-01 9.337940825565929082e-01 9.306983912129208614e-01 9.236378414693330319e-01 9.126467161230551461e-01 9.015142077680678989e-01 8.910818419388629730e-01 8.843678699738363180e-01 8.834882399745326298e-01 8.788560882887079817e-01 8.771049685627726467e-01 8.775958928261750058e-01 8.795417134719110130e-01 8.805001131657450575e-01 8.781547233980390166e-01 8.831752068577276571e-01 8.814203778153373303e-01 8.843729517511074167e-01 8.868243053529207831e-01 8.889222589961333076e-01 8.907573718212676850e-01 8.924581856481789144e-01 8.935968672815121083e-01 8.965447933681292003e-01 8.995630190582581953e-01 9.053173496625654959e-01 9.133521687405589118e-01 9.178572395739817980e-01 9.218155267017607013e-01 9.235864364771446677e-01 9.266314296875693968e-01 9.265066670409053406e-01 9.276436888025821892e-01 9.270516315105503669e-01 9.280986504662948056e-01 9.280192524939600007e-01 9.284360737394496965e-01 9.289071721337461840e-01 9.289858801628144702e-01 9.299087506943680692e-01 9.306684966943419290e-01 9.324799571873345627e-01 9.330571989657389098e-01 9.356426484527803344e-01 9.361913101628833722e-01 9.385379543562859528e-01 9.394822900082085981e-01 9.411070146676279169e-01 9.420951562142164670e-01 9.433540652900640477e-01 9.433212003393446343e-01
9.999998960048078755e-01 9.999909942531254314e-01 9.998683541444068901e-01 9.993011377039831000e-01 9.979358500817561151e-01 9.952922515664961445e-01 9.921023182796290252e-01 9.877951677032249522e-01 9.824150744297301951e-01 9.777647098690496197e-01 9.715179004448397659e-01 9.667867123416796771e-01 9.641495867928615571e-01 9.567699647671599195e-01 9.420541984835389959e-01 9.367064329438740122e-01 9.372518803476186378e-01 9.389129813928549506e-01 9.404189644134027803e-01 9.408460828877839299e-01 9.402340260944032080e-01 9.356557627862769344e-01 9.267428327120843523e-01 9.149520640499411162e-01 9.031147322320952631e-01 8.963619421325492720e-01 8.924082161843087668e-01 8.887369458106388898e-01 8.874057720633856672e-01 8.868176926068244148e-01 8.850553075359924859e-01 8.856476482973753006e-01 8.870664088801376579e-01 8.870766400614613634e-01 8.887461491073643804e-01 8.898258369664814316e-01 8.923439519015146093e-01 8.935230137484989621e-01 8.951288994787610642e-01 8.970928892333364102e-01 8.982256015664918936e-01 8.993798509669145291e-01 9.011435010976392990e-01 9.032877904163386651e-01 9.084289716206807030e-01 9.142405586651983773e-01 9.194703390393023090e-01 9.243090552650675695e-01 9.267961121542407366e-01 9.273564578934856417e-01 9.293028637966647132e-01 9.296429942847841410e-01 9.306387274370433449e-01 9.312913283859214353e-01 9.312181937232446582e-01 9.316824378554382502e-01 9.317522144450249844e-01 9.318483815002326365e-01 9.323757676369415215e-01 9.329099580456988727e-01 9.341342283526179457e-01 9.349381945823592721e-01 9.361621113447909925e-01 9.366566365136792527e-01 9.384791759483402940e-01 9.395120234278582227e-01 9.412148111236761094e-01 9.416633881113544158e-01 9.440317607887084295e-01 9.442210446592125273e-01
9.999996047159903645e-01 9.999801355313001627e-01 9.998513450642509959e-01 9.991916787900908536e-01 9.977360923421101369e-01 9.949109222488594639e-01 9.912610074283797479e-01 9.873928135570017028e-01 9.823219877366771158e-01 9.782143115603730843e-01 9.706304887616868937e-01 9.677142763481534349e-01 9.641988171607689395e-01 9.542765522964269387e-01 9.431178459302487216e-01 9.402241485489988282e-01 9.414878515702209683e-01 9.429861683081823820e-01 9.437689540766863727e-01 9.424696197398181319e-01 9.397639545107913106e-01 9.331808624327029289e-01 9.234409647294248291e-01 9.119335097033340887e-01 9.026459307319631975e-01 8.973921177373401781e-01 8.937370255863043012e-01 8.914222319442824949e-01 8.901580991308412072e-01 8.889582142101496443e-01 8.885641249331354130e-01 8.884058559714750336e-01 8.890883035153206437e-01 8.898551255751794287e-01 8.908152398001997208e-01 8.923824766846298884e-01 8.934665746402649100e-01 8.961830907801332513e-01 8.975855814372090125e-01 8.992527017929767830e-01 9.007991048804980805e-01 9.015599847806561318e-01 9.024007199526112855e-01 9.042708060576052365e-01 9.070821341601085219e-01 9.122396386237684451e-01 9.173914143697539103e-01 9.212796572741924761e-01 9.256149542193261581e-01 9.279600827415420694e-01 9.292905553632130333e-01 9.310242373707253716e-01 9.317033910463516921e-01 9.318319156148433535e-01 9.321463229066538903e-01 9.323517067541363668e-01 9.325469748052052088e-01 9.328745086877782144e-01 9.327256672251947878e-01 9.332794779601967239e-01 9.335810442228447137e-01 9.344508285161967631e-01 9.350045983666349647e-01 9.362415720914731843e-01 9.369186227829082725e-01 9.381494042729953131e-01 9.392259403708413945e-01 9.410237087411975621e-01 9.421542573777083041e-01 9.434299817999354243e-01
9.999973133086155208e-01 9.999422309526351249e-01 9.996882843049795797e-01 9.987324956926491026e-01 9.968872466357572293e-01 9.938004663474778733e-01 9.896067287282100944e-01 9.848253978317839108e-01 9.810036515924102085e-01 9.749598699088594111e-01 9.696589522708749520e-01 9.669180439519551307e-01 9.608920898957473700e-01 9.492747545447640656e-01 9.420576068316945939e-01 9.416041786959049587e-01 9.427087468781204516e-01 9.434225082202740698e-01 9.432098822974788188e-01 9.410790368506942727e-01 9.368327388623234331e-01 9.286203929724274886e-01 9.168102578663523961e-01 9.076446513140383754e-01 9.010292080457830144e-01 8.969720826601224051e-01 8.937390377823068999e-01 8.916240146555822754e-01 8.903008048059002366e-01 8.891353648371658203e-01 8.889110188300630711e-01 8.887690841258998331e-01 8.892486232828730186e-01 8.898891103319681584e-01 8.911337287024067022e-01 8.925079243690750008e-01 8.942401645968162116e-01 8.961914324582259672e-01 8.983408747048691190e-01 9.000216951461563752e-01 9.015666625560074809e-01 9.024348800016871452e-01 9.027382705720159439e-01 9.040411880586015636e-01 9.059672732626521396e-01 9.088701557454709201e-01 9.142732901206453988e-01 9.180753875747063031e-01 9.227499634039714183e-01 9.260266598824060669e-01 9.281407047962872969e-01 9.295442296580345154e-01 9.306850182199254418e-01 9.314480944876120105e-01 9.320426301224756793e-01 9.323917524934991485e-01 9.326011765939138387e-01 9.329115371828576864e-01 9.330167650650895705e-01 9.331270666387690982e-01 9.334144514096446299e-01 9.336787321727286759e-01 9.343316491902692311e-01 9.347784487019936694e-01 9.357556233161666848e-01 9.366802320689056049e-01 9.375534890330566862e-01 9.386950882036486643e-01 9.398007755008901398e-01 9.408926560672705719e-01
9.999796494544237468e-01 9.998529396472215502e-01 9.992277530087080306e-01 9.978670672575069567e-01 9.952755410492859500e-01 9.916612443060902615e-01 9.876442482666544231e-01 9.824913291124874881e-01 9.781898886993760645e-01 9.715338540609478324e-01 9.681798576241561483e-01 9.639738575661317421e-01 9.540032708488628277e-01 9.448601262802629464e-01 9.421229975875223817e-01 9.423647486051734967e-01 9.430287730745035013e-01 9.428854109404355421e-01 9.415168913870237688e-01 9.380832798477758416e-01 9.314327783696897400e-01 9.216872044834554245e-01 9.120272011684310565e-01 9.036877495280073447e-01 8.990967500912415700e-01 8.957985936093766366e-01 8.932343644734639376e-01 8.912617838251484237e-01 8.898493924997101789e-01 8.890053617045716727e-01 8.885989955398218010e-01 8.886020926883628768e-01 8.890238462509469919e-01 8.897305853857682134e-01 8.908219436052832174e-01 8.923128518329374037e-01 8.940562759534058657e-01 8.960885213758286172e-01 8.982671531461133840e-01 9.002007135240454039e-01 9.017353714066892456e-01 9.027221303614085812e-01 9.033124398055051296e-01 9.038490414289547248e-01 9.049075555921094471e-01 9.070390419841627416e-01 9.101194458969743550e-01 9.142580854903608056e-01 9.190148477979380726e-01 9.221893541043781894e-01 9.251114571484084781e-01 9.272544379470246678e-01 9.295955825608928080e-01 9.304698846912269339e-01 9.312327290836432958e-01 9.320353362499494976e-01 9.325024285980147987e-01 9.326819502936897210e-01 9.329038037701018471e-01 9.331915176076889251e-01 9.333118416563433994e-01 9.335433243412564197e-01 9.338183389792051869e-01 9.341010191709193666e-01 9.346532506044502586e-01 9.353295101460503691e-01 9.359521704547326681e-01 9.364237723500052901e-01 9.376902475500854539e-01 9.384261273821955518e-01
9.998901016871496461e-01 9.994537574039495942e-01 9.982915908459628618e-01 9.962165599564136720e-01 9.929525628112706448e-01 9.888940857601041801e-01 9.840386055916905406e-01 9.800587620634269026e-01 9.735630567543041014e-01 9.690970464618154923e-01 9.653330335101892867e-01 9.580526083985395625e-01 9.484417418924798726e-01 9.433942442904862391e-01 9.423987458576401632e-01 9.424698898807640779e-01 9.423127239350930218e-01 9.411636674000238845e-01 9.384313071308536536e-01 9.334158034869575182e-01 9.249040900726664960e-01 9.150025763474569640e-01 9.075643631424830104e-01 9.015357210089736117e-01 8.975001205936045112e-01 8.945898639764133797e-01 8.923885762206138494e-01 8.905483701999714619e-01 8.893044983646689605e-01 8.885538015364627951e-01 8.881195445841779668e-01 8.881372185363469729e-01 8.885437978100141354e-01 8.893488137279120798e-01 8.903873192496033484e-01 8.917875247406304995e-01 8.936482174883272345e-01 8.955632728197632231e-01 8.981983520658384235e-01 9.001737400497012986e-01 9.018043533647752685e-01 9.030607717369234511e-01 9.036933295196756255e-01 9.039557776415327872e-01 9.044897207190836230e-01 9.054930952637618713e-01 9.078492314852057987e-01 9.106705077995218556e-01 9.148530129510882292e-01 9.181944594575683904e-01 9.210600083731265153e-01 9.243777623200729598e-01 9.266917326502456254e-01 9.285067676889695587e-01 9.298663183032243040e-01 9.309428739276389697e-01 9.317919804518417504e-01 9.322688264409498826e-01 9.325514496651239327e-01 9.329537366917670660e-01 9.331941953046255511e-01 9.334211161438098481e-01 9.337086559864219426e-01 9.337442764010286389e-01 9.341022805573581111e-01 9.344407538581335215e-01 9.349132751219988435e-01 9.352277930837854525e-01 9.359230272881289281e-01 9.365539687902461052e-01
9.994191490770778508e-01 9.985114977074445175e-01 9.965736677964500689e-01 9.936921261741449296e-01 9.897644634069768799e-01 9.851554680564627020e-01 9.804993751622208542e-01 9.747006894620057205e-01 9.695696224758548754e-01 9.657087288256066548e-01 9.599191946250335006e-01 9.515038085678929614e-01 9.453426968293886512e-01 9.428714540786483633e-01 9.422074169354272000e-01 9.414773147770206796e-01 9.402232280439890566e-01 9.379560307648606710e-01 9.336980186471842691e-01 9.269321131440735329e-01 9.178892505752529463e-01 9.098059520340586737e-01 9.041345659865153150e-01 8.995202906037511603e-01 8.962634634356926311e-01 8.936553219227820755e-01 8.915574610579833914e-01 8.898592669179634651e-01 8.887468477954560964e-01 8.880020280009646161e-01 8.876787802945202976e-01 8.877283392315792332e-01 8.880078890907016076e-01 8.889265919565774166e-01 8.898400468820588660e-01 8.912160763346987924e-01 8.932530060616453715e-01 8.952614475318007026e-01 8.977493519834447433e-01 8.998407408296514864e-01 9.018732667979880713e-01 9.033122816370016128e-01 9.040667647195498313e-01 9.043234938777162668e-01 9.044919396950608093e-01 9.049150397544591939e-01 9.057834594607956369e-01 9.076739957308251894e-01 9.107997616119237749e-01 9.136494240378276732e-01 9.167025875207810426e-01 9.206710153035603250e-01 9.231996841553714583e-01 9.255638730936324166e-01 9.277467358407139875e-01 9.288801828900089541e-01 9.304794814365874300e-01 9.312319961442190319e-01 9.321196558429459822e-01 9.325944883414275521e-01 9.329265373842008380e-01 9.332767618898273332e-01 9.335746789229365517e-01 9.338158214533807122e-01 9.340195454420134880e-01 9.342556130279277005e-01 9.344963895158172607e-01 9.347468329252185404e-01 9.350483545911071337e-01 9.353779620689223195e-01
-1.000000000000000000e+00 -1.000000000000000000e+00 9.934184242997033953e-01 9.896230666493058825e-01 9.849530927651599654e-01 9.804315879368452613e-01 9.749908984288548908e-01 9.701018314666994824e-01 9.656487056140021785e-01 9.605253781214349029e-01 9.528961084506054613e-01 9.470002651765710988e-01 9.435439943456238598e-01 9.419294063417524843e-01 9.408570037363525040e-01 9.391538711346333335e-01 9.367557524797965884e-01 9.326636173472588887e-01 9.271115587146984138e-01 9.197267533239602555e-01 9.121555511181237419e-01 9.060043021926893481e-01 9.015584414844100003e-01 8.979425712042864438e-01 8.950812623796831069e-01 8.926196795487800761e-01 8.907429721635372610e-01 8.893145742310126778e-01 8.880964025523860883e-01 8.874141838017332029e-01 8.871680839303029975e-01 8.870617319693052671e-01 8.875369508903121485e-01 8.882133615895269063e-01 8.891630703025354965e-01 8.906069671497960361e-01 8.922486621863766620e-01 8.945537956454229223e-01 8.969381677315322321e-01 8.995235946341357813e-01 9.017631761409024005e-01 9.033388114616639486e-01 9.043134319358167028e-01 9.046888066107371396e-01 9.048217706602706967e-01 9.049214402296966719e-01 9.053019827340752501e-01 9.063391297161413895e-01 9.077690895456818065e-01 9.099587851517526582e-01 9.126190132241214226e-01 9.158099014074283506e-01 9.185401160362459683e-01 9.209928566668282857e-01 9.237998625794550112e-01 9.260431401954480890e-01 9.280883681322290579e-01 9.296583528278490327e-01 9.306230733857950854e-01 9.318625904393625925e-01 9.323987152067775286e-01 9.327737325136051805e-01 9.333596028051438509e-01 9.336911462730218547e-01 9.340033151634579145e-01 9.342835941523927046e-01 9.345333799572969058e-01 9.346511138266544449e-01 9.349403914661177373e-01 9.352549440754832633e-01
-1.000000000000000000e+00 -1.000000000000000000e+00 -1.000000000000000000e+00 9.848098603688169028e-01 9.799022919320112823e-01 9.750821899403567805e-01 9.696305047041039460e-01 9.651717683986581475e-01 9.599328168308379761e-01 9.538854450876090851e-01 9.482258756208438166e-01 9.442539108285799010e-01 9.418288613961460776e-01 9.400009793229811006e-01 9.380083668999302793e-01 9.356401484981595740e-01 9.319197382890002102e-01 9.269563975674779410e-01 9.204707289779284762e-01 9.137793027328853235e-01 9.081532272929114802e-01 9.031145990594678929e-01 8.994634987050089681e-01 8.964149273713867272e-01 8.939849375172103096e-01 8.918281307548587833e-01 8.899856559465281203e-01 8.886672146671055206e-01 8.875494664461538452e-01 8.868615710330255419e-01 8.865610199519212697e-01 8.865807735103760079e-01 8.868766644237657815e-01 8.875776600188670651e-01 8.884992761961801877e-01 8.897729994289504951e-01 8.917243791276669995e-01 8.936666451278496570e-01 8.963985288892557524e-01 8.986775043545797148e-01 9.013496218749462718e-01 9.032047877661297797e-01 9.043480869097904051e-01 9.050093567925127092e-01 9.051838303216352966e-01 9.051256604975046471e-01 9.051477886003390649e-01 9.054149177959592842e-01 9.061900627437603495e-01 9.074361217169985006e-01 9.088715777693929798e-01 9.111137556790739334e-01 9.137991547466802755e-01 9.167473359841351588e-01 9.194222554574390527e-01 9.222844297471750608e-01 9.246106646335482404e-01 9.276497722160730319e-01 9.289621491347866966e-01 9.300417324195935365e-01 9.306643820225343200e-01 9.319107047356900431e-01 9.326478855105214683e-01 9.332206921169142744e-01 9.336932697284825444e-01 9.340894036869731298e-01 9.345177875643538856e-01 9.346788187437120587e-01 9.350260380559310969e-01 9.352745765946144374e-01
-1.000000000000000000e+00 -1.000000000000000000e+00 -1.000000000000000000e+00 -1.000000000000000000e+00 9.741887462334920533e-01 9.692044740182051976e-01 9.641413976797613694e-01 9.590734072049218462e-01 9.541317767974645259e-01 9.492508325648214562e-01 9.448784951087928485e-01 9.416832245327777517e-01 9.391293856251070604e-01 9.367768011697849007e-01 9.338065995327525792e-01 9.307050586274300263e-01 9.259685499643816042e-01 9.208215619935111729e-01 9.148534474456394561e-01 9.094985222682253623e-01 9.048474333584228813e-01 9.012252576948117655e-01 8.979214904907828476e-01 8.952283216695355872e-01 8.928665345691352284e-01 8.909167030707109136e-01 8.893069479605523187e-01 8.879961574232301258e-01 8.869544463296418213e-01 8.862897521929891109e-01 8.859828868298156301e-01 8.859211656448955363e-01 8.861532917571400825e-01 8.868376875982321161e-01 8.876740223759760351e-01 8.889616975166841906e-01 8.906855257828050210e-01 8.926912023562689757e-01 8.951479416760841357e-01 8.979882971934262104e-01 9.005907099667337379e-01 9.026916320331679344e-01 9.042962003722672115e-01 9.050460772325669145e-01 9.054382809440679747e-01 9.054508746752834014e-01 9.053654499806621514e-01 9.053563580073135109e-01 9.054823248745343944e-01 9.058629687017883958e-01 9.066887085403118052e-01 9.080358707512373728e-01 9.102028685188648938e-01 9.125466664923471694e-01 9.152628218667814286e-01 9.177288782826242830e-01 9.209376290205071314e-01 9.232665122525547385e-01 9.254028081105970527e-01 9.275572902007012122e-01 9.285671333005756090e-01 9.302112733001509648e-01 9.314939159771914445e-01 9.321420495478750512e-01 9.330338340475027303e-01 9.335318780258861082e-01 9.341672039091807322e-01 9.345895916601471010e-01 9.350382257102302086e-01 9.354187886768619009e-01
-1.000000000000000000e+00 -1.000000000000000000e+00 -1.000000000000000000e+00 -1.000000000000000000e+00 -1.000000000000000000e+00 9.634458694880626561e-01 9.582445949787026240e-01 9.538947165851178189e-01 9.494254764704762595e-01 9.449832408727935062e-01 9.412432850237636428e-01 9.383949997150196065e-01 9.354021270182333314e-01 9.322940950297772256e-01 9.290081535371080834e-01 9.250789849288442168e-01 9.203305450726920744e-01 9.154779233428256280e-01 9.107522859120426029e-01 9.061926226289145347e-01 9.027690456058754531e-01 8.992282571209181397e-01 8.965423881884310164e-01 8.941178013922006507e-01 8.919344954546218895e-01 8.901194968814181152e-01 8.887130554430462404e-01 8.873444714568708980e-01 8.864033948943133012e-01 8.857298531551484055e-01 8.853681076719613907e-01 8.853207390612848338e-01 8.854994705585820247e-01 8.860394227781636101e-01 8.867699732270558632e-01 8.879841259970939760e-01 8.894227159771131985e-01 8.914585473636320589e-01 8.939648154559783899e-01 8.967546942360378193e-01 8.994926746209622737e-01 9.021292146081792973e-01 9.038520322711988131e-01 9.048734743125483870e-01 9.054499005062144334e-01 9.056336729005601827e-01 9.055813922049373854e-01 9.054553439815409277e-01 9.053753238885235977e-01 9.054808890869326943e-01 9.058474900869146751e-01 9.065564558859057209e-01 9.071453358248161569e-01 9.084622220816204186e-01 9.113713311422049212e-01 9.134843237431065077e-01 9.156510944270983554e-01 9.180445515423837355e-01 9.202236541847510498e-01 9.237692002336651553e-01 9.256632727991002119e-01 9.278822399520936237e-01 9.295245993427572184e-01 9.304602541100542856e-01 9.315457203427613964e-01 9.325183767352414055e-01 9.335283387321859916e-01 9.343274434728103817e-01 9.348419498790702109e-01 9.352572453344754067e-01
-1.000000000000000000e+00 -1.000000000000000000e+00 -1.000000000000000000e+00 -1.000000000000000000e+00 -1.000000000000000000e+00 -1.000000000000000000e+00 -1.000000000000000000e+00 9.486338181828977145e-01 9.446740891433444975e-01 9.407075506105450069e-01 9.374331148160266469e-01 9.342492716493256966e-01 9.309146773908597572e-01 9.275809559318707320e-01 9.242016861463181465e-01 9.199661668026583028e-01 9.161278949647567726e-01 9.117157832498794523e-01 9.077695250287526330e-01 9.039455407504920492e-01 9.005640308368123570e-01 8.978528651272915662e-01 8.953551022213465105e-01 8.930721608768648068e-01 8.911324461462056812e-01 8.894421367178725335e-01 8.879718254610712291e-01 8.868037826336172547e-01 8.857910875706250797e-01 8.851405152025642042e-01 8.848118313653794420e-01 8.846563094733561616e-01 8.848347758297510079e-01 8.853514679858776049e-01 8.860411040936347904e-01 8.871324690952778758e-01 8.884197306608986322e-01 8.903389685267175668e-01 8.926384842009671416e-01 8.954920257956123786e-01 8.983460863550211117e-01 9.007644507532129863e-01 9.030502778071162195e-01 9.044356456215538742e-01 9.051524307699607697e-01 9.055390685435794618e-01 9.055958361783682520e-01 9.055345383947716043e-01 9.053759561256670141e-01 9.052903229991665635e-01 9.052554030957816744e-01 9.054301506599867766e-01 9.058403908585025421e-01 9.064440831552806888e-01 9.079523486192563331e-01 9.098470800462904462e-01 9.115202461151447055e-01 9.134074208825805341e-01 9.159767383583560241e-01 9.183567418628917345e-01 9.216428906517025732e-01 9.240181505571055665e-01 9.257878404260677652e-01 9.277575748379586207e-01 9.295041563039685428e-01 9.308104731736918103e-01 9.318774054334034718e-01 9.330897712290998625e-01 9.337648575055221833e-01 9.347317882333469052e-01
-1.000000000000000000e+00 -1.000000000000000000e+00 -1.000000000000000000e+00 -1.000000000000000000e+00 -1.000000000000000000e+00 -1.000000000000000000e+00 -1.000000000000000000e+00 -1.000000000000000000e+00 9.399195457395724818e-01 9.365397958987369265e-01 9.331743269162410259e-01 9.300312822854327477e-01 9.265277206531035148e-01 9.233567514625876660e-01 9.197998630981801815e-01 9.163325121729535283e-01 9.124012307954059153e-01 9.086440189226567821e-01 9.050316739498790453e-01 9.020183259600031977e-01 8.990559893664500368e-01 8.963310464306561975e-01 8.942797875596378843e-01 8.921154161454531994e-01 8.903204419611048248e-01 8.886400091807264978e-01 8.872320364770563961e-01 8.860610821079287769e-01 8.851360753972693507e-01 8.845077508636600694e-01 8.841207610219646851e-01 8.839800196220325423e-01 8.840795043312718038e-01 8.845305120511326447e-01 8.851426980849216308e-01 8.861410288290489934e-01 8.875988215338493914e-01 8.891277367280878696e-01 8.914368101648668663e-01 8.941788530701162419e-01 8.967603929792120621e-01 8.996497756239971721e-01 9.020313777338777594e-01 9.037143848634241472e-01 9.046388639525793085e-01 9.051840594096329795e-01 9.054080223427452001e-01 9.054111220986876818e-01 9.053050249018760320e-01 9.051855665963806086e-01 9.050380348539088793e-01 9.050079162355512130e-01 9.050375931357301784e-01 9.052195233799179563e-01 9.057897404640605776e-01 9.066366637184629651e-01 9.078821298841133203e-01 9.099980978067723214e-01 9.116825833683508407e-01 9.139284448983985287e-01 9.164916792625888986e-01 9.185015038576888058e-01 9.217718790886210156e-01 9.241828524046974414e-01 9.261246258666897546e-01 9.276644939903573306e-01 9.299023920638913587e-01 9.308746690773238575e-01 9.326215290740402786e-01 9.336981289406418583e-01
-1.000000000000000000e+00 -1.000000000000000000e+00 -1.000000000000000000e+00 -1.000000000000000000e+00 -1.000000000000000000e+00 -1.000000000000000000e+00 -1.000000000000000000e+00 -1.000000000000000000e+00 -1.000000000000000000e+00 9.320132487301010515e-01 9.288660485586006654e-01 9.254328010349890388e-01 9.225148637305932153e-01 9.194039111868940184e-01 9.160845172283995641e-01 9.128717401546515564e-01 9.094784754301107332e-01 9.063048395562018911e-01 9.029570319411035495e-01 9.001361427977500052e-01 8.975835248146720735e-01 8.952426152401002923e-01 8.929984550580487568e-01 8.911272590415715289e-01 8.893737996848328775e-01 8.879702890836432827e-01 8.866232369746961384e-01 8.854561079887528496e-01 8.845657020330390807e-01 8.838350647023924811e-01 8.834454445939191602e-01 8.833662336669424464e-01 8.833581495675397743e-01 8.836660844947118454e-01 8.843341482689143218e-01 8.850688024462793901e-01 8.864832720748384576e-01 8.880754536410102595e-01 8.899778213510167735e-01 8.925002132196031557e-01 8.955422773967214312e-01 8.981552125860673419e-01 9.003626678396641214e-01 9.023036717584845823e-01 9.036432859111442895e-01 9.045301443859007362e-01 9.049062120408211118e-01 9.050197316566207517e-01 9.050348705385289350e-01 9.049360833149618921e-01 9.048012247185271972e-01 9.046937637834275847e-01 9.045515545553105552e-01 9.045848833453669080e-01 9.046263677197807773e-01 9.049432255791401980e-01 9.056112308234179897e-01 9.066856174465431906e-01 9.080716586769743692e-01 9.100816908970125185e-01 9.125476586574645665e-01 9.146853480577588069e-01 9.175209219540630956e-01 9.189096269759627900e-01 9.221847256470988574e-01 9.233538864343453501e-01 9.265954202685794394e-01 9.280521740612935888e-01 9.295103650666094453e-01 9.316067706508119883e-01
-1.000000000000000000e+00 -1.000000000000000000e+00 -1.000000000000000000e+00 -1.000000000000000000e+00 -1.000000000000000000e+00 -1.000000000000000000e+00 -1.000000000000000000e+00 -1.000000000000000000e+00 -1.000000000000000000e+00 -1.000000000000000000e+00 9.248414283547342629e-01 9.216875896355111175e-01 9.188215201144320776e-01 9.156714156009371219e-01 9.127427376161227901e-01 9.096050271255229358e-01 9.066958353516547664e-01 9.038110322898887938e-01 9.010378831286710577e-01 8.984196095762814194e-01 8.962083431046972137e-01 8.938992943700009297e-01 8.919768575117982268e-01 8.901865811633145054e-01 8.885411047502260740e-01 8.870982754915986979e-01 8.857959349865206500e-01 8.846967560694198873e-01 8.838512543460745885e-01 8.831823184870170040e-01 8.827784522776856990e-01 8.825824782514251066e-01 8.826241480414316332e-01 8.829003190489272956e-01 8.833619589175855102e-01 8.841322609596663495e-01 8.853464563524439113e-01 8.868115503927885834e-01 8.888956817369978447e-01 8.909672049740442468e-01 8.936007137087705887e-01 8.966833175782991106e-01 8.992246223373657754e-01 9.009830501626769905e-01 9.026613903535832817e-01 9.035656137931515897e-01 9.041580237333386449e-01 9.044906994459280813e-01 9.044837607856153205e-01 9.045543953715906582e-01 9.044127622488541407e-01 9.043008515767015920e-01 9.041495651272871692e-01 9.040738112068611443e-01 9.039968876672230813e-01 9.040600075955541604e-01 9.043278347906588133e-01 9.047394877042591599e-01 9.052472623252831863e-01 9.068480500602691396e-01 9.079053930300817754e-01 9.097341465782774472e-01 9.121955562307693111e-01 9.144233197119004952e-01 9.164147109655299550e-01 9.192906665443052461e-01 9.215297174955522364e-01 9.240574538739960708e-01 9.260381822251844142e-01 9.287175869328415656e-01
-1.000000000000000000e+00 -1.000000000000000000e+00 -1.000000000000000000e+00 -1.000000000000000000e+00 -1.000000000000000000e+00 -1.000000000000000000e+00 -1.000000000000000000e+00 -1.000000000000000000e+00 -1.000000000000000000e+00 -1.000000000000000000e+00 -1.000000000000000000e+00 9.182016222832053431e-01 9.153970568625130477e-01 9.125522347908688880e-01 9.097731312055700181e-01 9.070557510163952397e-01 9.042939060541188567e-01 9.017694875024527823e-01 8.991210440291177441e-01 8.968663658417367346e-01 8.947476796629705298e-01 8.926847898421781391e-01 8.909012883144322714e-01 8.891979103661636907e-01 8.876441769889131805e-01 8.862194044960899353e-01 8.850511320123392034e-01 8.839709186470930957e-01 8.831367648782856294e-01 8.824286273679832204e-01 8.820796262789905029e-01 8.818275825670541801e-01 8.818438971558351103e-01 8.820622949002202562e-01 8.825403625709322686e-01 8.833024848971360310e-01 8.842430799232784411e-01 8.856303625539827529e-01 8.874655802619997313e-01 8.896171216911189505e-01 8.922995693358110048e-01 8.946549156355754207e-01 8.973516653821086431e-01 8.996065059884574833e-01 9.012872474066708772e-01 9.022435310225466187e-01 9.029844984438222255e-01 9.034220347140790031e-01 9.036155135289222207e-01 9.038428495125888640e-01 9.038463826451768046e-01 9.037227859003711394e-01 9.036391922137082533e-01 9.034884118462283009e-01 9.034195963479972891e-01 9.033421659547495874e-01 9.033445430504812856e-01 9.036079653982794779e-01 9.036087344864061066e-01 9.042138986602454853e-01 9.054311501455416522e-01 9.063962853725189284e-01 9.078739553308897703e-01 9.099169038322789671e-01 9.121325153678271347e-01 9.143170211101210310e-01 9.167986284057604296e-01 9.195993337868226813e-01 9.224324581901682807e-01 9.244477699837853057e-01
-1.000000000000000000e+00 -1.000000000000000000e+00 -1.000000000000000000e+00 -1.000000000000000000e+00 -1.000000000000000000e+00 -1.000000000000000000e+00 -1.000000000000000000e+00 -1.000000000000000000e+00 -1.000000000000000000e+00 -1.000000000000000000e+00 -1.000000000000000000e+00 -1.000000000000000000e+00 -1.000000000000000000e+00 9.097504470088068063e-01 9.071851397776846682e-01 9.043732601788465608e-01 9.020235622266001840e-01 8.995531894175877730e-01 8.974125097653767869e-01 8.951636594723898499e-01 8.933145562462702083e-01 8.913594715740913443e-01 8.897019716701447534e-01 8.881606058266429127e-01 8.866898123536176568e-01 8.853703755737245551e-01 8.842203743479006839e-01 8.831663657148880464e-01 8.823240596305641503e-01 8.816834566051549027e-01 8.812688518459954601e-01 8.810375882814946991e-01 8.811198773267517881e-01 8.812711014381079400e-01 8.816903622693531561e-01 8.823881321654403198e-01 8.832526026476815728e-01 8.844630963228231613e-01 8.861771971756239319e-01 8.880804519308602707e-01 8.904823683478741980e-01 8.929865350876838859e-01 8.955660535859338856e-01 8.976626761826532741e-01 8.995160158813521045e-01 9.008008915837472097e-01 9.016327510768046283e-01 9.022074273882245699e-01 9.026157200305960915e-01 9.027872696478684844e-01 9.029453452652992373e-01 9.029868725917832295e-01 9.029048793566319953e-01 9.028507477882369292e-01 9.027174004011372377e-01 9.025970637889149106e-01 9.025379960455591766e-01 9.025439235274973493e-01 9.024728055928181725e-01 9.028716699116731137e-01 9.032371645122713177e-01 9.035467942246588890e-01 9.051277420385852590e-01 9.061842510426068031e-01 9.082482362445329915e-01 9.097619018111015032e-01 9.117252560659062643e-01 9.143664320483307906e-01 9.171407899685375398e-01 9.201134049364980694e-01
-1.000000000000000000e+00 -1.000000000000000000e+00 -1.000000000000000000e+00 -1.000000000000000000e+00 -1.000000000000000000e+00 -1.000000000000000000e+00 -1.000000000000000000e+00 -1.000000000000000000e+00 -1.000000000000000000e+00 -1.000000000000000000e+00 -1.000000000000000000e+00 -1.000000000000000000e+00 -1.000000000000000000e+00 -1.000000000000000000e+00 9.045077716028803172e-01 9.021761577073871274e-01 8.997955393723391371e-01 8.977857983672344888e-01 8.956598929841336210e-01 8.934710196053515796e-01 8.917998130158822923e-01 8.900870755612479979e-01 8.885220055643476833e-01 8.869542041902401808e-01 8.856118075562114944e-01 8.843627263684956663e-01 8.832866140573489844e-01 8.822785393849637003e-01 8.815258221778798919e-01 8.808827045455868143e-01 8.804873208054663225e-01 8.802292137966247765e-01 8.802664047712888129e-01 8.804359418285513383e-01 8.808374209839270330e-01 8.814064948285404988e-01 8.822981179807085628e-01 8.835222848171911947e-01 8.848510330784942202e-01 8.867164850763351591e-01 8.888805081148907217e-01 8.915242090780983730e-01 8.937137439995447297e-01 8.959272618709808178e-01 8.976786897240554008e-01 8.991205381315582335e-01 9.001276568063342198e-01 9.008829392743697984e-01 9.013866208220941978e-01 9.016274149060717891e-01 9.018066012606666959e-01 9.018799352392833368e-01 9.019655087685402028e-01 9.018602536551529880e-01 9.018824876648952049e-01 9.017611272353825980e-01 9.017227275097343675e-01 9.017151777152865311e-01 9.016424479284510518e-01 9.016408506189392824e-01 9.018127342728885498e-01 9.020623820997341058e-01 9.028086055809619870e-01 9.032710206258086627e-01 9.052868751571283568e-01 9.062918305099391114e-01 9.082432117466802124e-01 9.099603934551088180e-01 9.128522852357444650e-01 9.157083937224180792e-01
-1.000000000000000000e+00 -1.000000000000000000e+00 -1.000000000000000000e+00 -1.000000000000000000e+00 -1.000000000000000000e+00 -1.000000000000000000e+00 -1.000000000000000000e+00 -1.000000000000000000e+00 -1.000000000000000000e+00 -1.000000000000000000e+00 -1.000000000000000000e+00 -1.000000000000000000e+00 -1.000000000000000000e+00 -1.000000000000000000e+00 -1.000000000000000000e+00 8.995836425543981552e-01 8.977348312912568629e-01 8.956408464942152703e-01 8.938279206493251472e-01 8.920981061643296073e-01 8.902363039577783077e-01 8.887462487509916187e-01 8.872265109112008608e-01 8.858901319045401346e-01 8.845250410133328467e-01 8.834291036151389331e-01 8.823088996819840046e-01 8.814158782997417729e-01 8.806253434193728191e-01 8.800730670790110066e-01 8.796534773311563971e-01 8.794556437911711377e-01 8.794335006382388853e-01 8.795813669537353441e-01 8.799718280545921756e-01 8.805893822302655050e-01 8.813573160088724601e-01 8.824575659023657925e-01 8.837945791667902729e-01 8.853837710787597626e-01 8.874950720768552959e-01 8.897095581902995098e-01 8.919242863714829106e-01 8.940808237179707074e-01 8.958994904374290025e-01 8.974407401870484469e-01 8.983816248126351711e-01 8.993312554933803327e-01 8.997805336926583131e-01 9.001833238727814379e-01 9.005385377613146503e-01 9.006577700733831016e-01 9.008588821163985294e-01 9.008067580130278973e-01 9.008399997786702418e-01 9.008537077343065080e-01 9.007319555000307121e-01 9.007434495354853521e-01 9.006645013170623271e-01 9.006570073163839840e-01 9.006810765476072067e-01 9.007993446875582899e-01 9.010495508403977283e-01 9.017657989027154652e-01 9.021881838693138755e-01 9.034983847953104164e-01 9.048743625212692931e-01 9.065082292260232544e-01 9.086522789286289870e-01 9.101952024189313706e-01
-1.000000000000000000e+00 -1.000000000000000000e+00 -1.000000000000000000e+00 -1.000000000000000000e+00 -1.000000000000000000e+00 -1.000000000000000000e+00 -1.000000000000000000e+00 -1.000000000000000000e+00 -1.000000000000000000e+00 -1.000000000000000000e+00 -1.000000000000000000e+00 -1.000000000000000000e+00 -1.000000000000000000e+00 -1.000000000000000000e+00 -1.000000000000000000e+00 -1.000000000000000000e+00 8.954831561038412158e-01 8.937151652637114196e-01 8.920442054885373562e-01 8.903765680042218245e-01 8.889249145439827027e-01 8.873487623113832656e-01 8.859458618486645287e-01 8.847108141381515578e-01 8.834856632378798036e-01 8.823716277398166996e-01 8.813746961943478286e-01 8.804630645555981960e-01 8.797748839898410500e-01 8.791840871086848974e-01 8.788540756631151307e-01 8.786958108199418582e-01 8.786379549194585081e-01 8.787927993937372229e-01 8.791648370890166042e-01 8.797417164734850914e-01 8.804805376942950179e-01 8.814142669436004773e-01 8.827713024879003667e-01 8.843881009818200800e-01 8.861890351165214730e-01 8.883537729950095052e-01 8.904123144833927528e-01 8.924624958815735587e-01 8.942556935030470111e-01 8.956764470071952866e-01 8.967774883602228631e-01 8.976587213776932028e-01 8.981827115511259452e-01 8.986525914374925428e-01 8.990909227158789818e-01 8.993108478112894488e-01 8.995620900169627454e-01 8.996087411491719976e-01 8.996709299223948353e-01 8.996858370370495184e-01 8.996686243482130418e-01 8.997187951156445651e-01 8.996574029593625843e-01 8.995514095751891981e-01 8.996213884728597732e-01 8.997016770700638766e-01 8.999228064960569373e-01 9.001647396662469935e-01 9.005493273788982567e-01 9.015077899553447516e-01 9.025181045027566018e-01 9.037309313446897363e-01 9.052125435226646699e-01 9.069940745073088451e-01
-1.000000000000000000e+00 -1.000000000000000000e+00 -1.000000000000000000e+00 -1.000000000000000000e+00 -1.000000000000000000e+00 -1.000000000000000000e+00 -1.000000000000000000e+00 -1.000000000000000000e+00 -1.000000000000000000e+00 -1.000000000000000000e+00 -1.000000000000000000e+00 -1.000000000000000000e+00 -1.000000000000000000e+00 -1.000000000000000000e+00 -1.000000000000000000e+00 -1.000000000000000000e+00 -1.000000000000000000e+00 8.917533730883985266e-01 8.903727098680184193e-01 8.887509317039441470e-01 8.873950844338251986e-01 8.859864379230812936e-01 8.846601772791218288e-01 8.834786239569684119e-01 8.822674011367153124e-01 8.812338569753846995e-01 8.802771970682505831e-01 8.795185836536025814e-01 8.788688335616782199e-01 8.783260309483836847e-01 8.779420972034278625e-01 8.778361806688140812e-01 8.779112858936364283e-01 8.780501180722930510e-01 8.783828274431320082e-01 8.789492575234358895e-01 8.796907281742415430e-01 8.806595123399978409e-01 8.818507396994677006e-01 8.833520157980878640e-01 8.850769831903870788e-01 8.871496028783778520e-01 8.888529248045955455e-01 8.909707624099622025e-01 8.925244483151447694e-01 8.939670923304267047e-01 8.951557567495630474e-01 8.959985304063353695e-01 8.966214769343009428e-01 8.971563147064677279e-01 8.975596486521233430e-01 8.980315612118224822e-01 8.981645390467893897e-01 8.983260954119948183e-01 8.984000831435720036e-01 8.985675926570209082e-01 8.984625486823104579e-01 8.985240070000354295e-01 8.985286810535781932e-01 8.985158637201815512e-01 8.985804812966928790e-01 8.986291819717703300e-01 8.986565477304183647e-01 8.989452897942529219e-01 8.992687073669819453e-01 8.996831655857027155e-01 9.001841823764965556e-01 9.014094775818263239e-01 9.022073823374078261e-01 9.042272753536326757e-01
-1.000000000000000000e+00 -1.000000000000000000e+00 -1.000000000000000000e+00 -1.000000000000000000e+00 -1.000000000000000000e+00 -1.000000000000000000e+00 -1.000000000000000000e+00 -1.000000000000000000e+00 -1.000000000000000000e+00 -1.000000000000000000e+00 -1.000000000000000000e+00 -1.000000000000000000e+00 -1.000000000000000000e+00 -1.000000000000000000e+00 -1.000000000000000000e+00 -1.000000000000000000e+00 -1.000000000000000000e+00 -1.000000000000000000e+00 -1.000000000000000000e+00 8.872230467770750861e-01 8.859226202176075926e-01 8.845290929594893381e-01 8.833769815266753200e-01 8.822255865136168218e-01 8.811531303838977536e-01 8.802371508557158553e-01 8.793255421784755832e-01 8.785668745852934780e-01 8.778830400140862356e-01 8.774442340092576398e-01 8.771722366583402097e-01 8.770489813711129790e-01 8.770285330527696210e-01 8.772162633322974079e-01 8.776868482534813110e-01 8.781375609977498664e-01 8.790006903326257337e-01 8.799267931956687994e-01 8.809969968801496520e-01 8.825310985801018138e-01 8.838919806656725386e-01 8.859002889577078932e-01 8.875996743117848808e-01 8.894632791352645729e-01 8.910921438907444259e-01 8.924616942228171812e-01 8.933657194192989870e-01 8.943761948090280800e-01 8.951473768264713859e-01 8.957466858533568166e-01 8.960990962331355503e-01 8.964985495856858666e-01 8.966657982460225496e-01 8.969264046901400667e-01 8.970867092025901490e-01 8.972531166690074222e-01 8.972897971447986176e-01 8.973130550676652328e-01 8.973729304617816815e-01 8.974286417336598820e-01 8.973929829905116229e-01 8.974716916096899810e-01 8.976181212828782119e-01 8.976126123833749748e-01 8.977908547426235453e-01 8.982571634128101445e-01 8.989140587835933172e-01 8.994667802790887734e-01 9.009884184924485950e-01 9.022028930592580487e-01
-1.000000000000000000e+00 -1.000000000000000000e+00 -1.000000000000000000e+00 -1.000000000000000000e+00 -1.000000000000000000e+00 -1.000000000000000000e+00 -1.000000000000000000e+00 -1.000000000000000000e+00 -1.000000000000000000e+00 -1.000000000000000000e+00 -1.000000000000000000e+00 -1.000000000000000000e+00 -1.000000000000000000e+00 -1.000000000000000000e+00 -1.000000000000000000e+00 -1.000000000000000000e+00 -1.000000000000000000e+00 -1.000000000000000000e+00 -1.000000000000000000e+00 -1.000000000000000000e+00 8.844243908414125555e-01 8.833025646821792698e-01 8.821417850833839225e-01 8.811142163407738037e-01 8.800392186925842797e-01 8.791819868111416802e-01 8.783585732740304408e-01 8.775873761311488996e-01 8.770113002934618596e-01 8.766113920057794218e-01 8.763658160185023860e-01 8.762751711837143409e-01 8.763126214491130384e-01 8.765603028378047279e-01 8.769187899762169724e-01 8.775577737135603629e-01 8.781619357874344001e-01 8.791963540979209624e-01 8.802807112137318590e-01 8.815464067550526917e-01 8.830780679025819202e-01 8.848923354146762676e-01 8.866383193116633699e-01 8.881686080981446851e-01 8.898905060310580151e-01 8.910236991530023909e-01 8.920608134477534534e-01 8.929720994030758696e-01 8.936032283362467243e-01 8.941308563476942917e-01 8.947323516358707263e-01 8.950208956398441051e-01 8.952773791161934280e-01 8.955495326933375910e-01 8.956653568277995747e-01 8.958963971909833512e-01 8.959804859633662133e-01 8.961738799153285973e-01 8.961596427780176288e-01 8.962097935492273626e-01 8.963584941475403189e-01 8.964221537004357643e-01 8.964103936271322626e-01 8.965592686101904185e-01 8.968149004046026551e-01 8.972161066069931357e-01 8.975871224455439501e-01 8.981849961555974371e-01 8.991836000552209107e-01 9.002586231506004566e-01
-1.000000000000000000e+00 -1.000000000000000000e+00 -1.000000000000000000e+00 -1.000000000000000000e+00 -1.000000000000000000e+00 -1.000000000000000000e+00 -1.000000000000000000e+00 -1.000000000000000000e+00 -1.000000000000000000e+00 -1.000000000000000000e+00 -1.000000000000000000e+00 -1.000000000000000000e+00 -1.000000000000000000e+00 -1.000000000000000000e+00 -1.000000000000000000e+00 -1.000000000000000000e+00 -1.000000000000000000e+00 -1.000000000000000000e+00 -1.000000000000000000e+00 -1.000000000000000000e+00 -1.000000000000000000e+00 8.819486084009215965e-01 8.809611065505955629e-01 8.798842974158340713e-01 8.790043681271205722e-01 8.781195891304013346e-01 8.773494618376971310e-01 8.766853698641058346e-01 8.761744476346174926e-01 8.757818608180346631e-01 8.755252274575602289e-01 8.754630012744972767e-01 8.756225054703298261e-01 8.758950452371494499e-01 8.762671677809300563e-01 8.767970859484437440e-01 8.775456062392595902e-01 8.785239271395192118e-01 8.795149092035368099e-01 8.808439738050450885e-01 8.823389300582629158e-01 8.839466022415792823e-01 8.857143842601720163e-01 8.871914973529759774e-01 8.885001031704433672e-01 8.897829302500582793e-01 8.908302147645857927e-01 8.915764052928057959e-01 8.923050783639511208e-01 8.926687701951280252e-01 8.933441859489703596e-01 8.936007989535861284e-01 8.940231425170604984e-01 8.942931678751194768e-01 8.945053709636087147e-01 8.947070173884635880e-01 8.947257722109912548e-01 8.948530218492605215e-01 8.949913218328601205e-01 8.950772012080846496e-01 8.951883512118077313e-01 8.952475364820617898e-01 8.954919648956394251e-01 8.956379876814397623e-01 8.957037548193174104e-01 8.961304555658378135e-01 8.967158485787591893e-01 8.971550316167170580e-01 8.979490308353998973e-01 8.992972420730207528e-01
-1.000000000000000000e+00 -1.000000000000000000e+00 -1.000000000000000000e+00 -1.000000000000000000e+00 -1.000000000000000000e+00 -1.000000000000000000e+00 -1.000000000000000000e+00 -1.000000000000000000e+00 -1.000000000000000000e+00 -1.000000000000000000e+00 -1.000000000000000000e+00 -1.000000000000000000e+00 -1.000000000000000000e+00 -1.000000000000000000e+00 -1.000000000000000000e+00 -1.000000000000000000e+00 -1.000000000000000000e+00 -1.000000000000000000e+00 -1.000000000000000000e+00 -1.000000000000000000e+00 -1.000000000000000000e+00 -1.000000000000000000e+00 8.797208034206351890e-01 8.788454343045397632e-01 8.778807093619832580e-01 8.771280035397416297e-01 8.763846015559053626e-01 8.758020444312004660e-01 8.752529529418815457e-01 8.749680326553797016e-01 8.747671449178738845e-01 8.747335422406412597e-01 8.748578189647003844e-01 8.751871576892472637e-01 8.756373591442868642e-01 8.762860561452056052e-01 8.769550674736900087e-01 8.779975338819800967e-01 8.790537449784603385e-01 8.802821288436828429e-01 8.816177397945217376e-01 8.831499784200029790e-01 8.848127123754461199e-01 8.861459161883173952e-01 8.875671360459885806e-01 8.885700826396294438e-01 8.896380777149268670e-01 8.904217954804013457e-01 8.909483289726611854e-01 8.915825212966451696e-01 8.919988302440086114e-01 8.924498172193342516e-01 8.927152870123596928e-01 8.930736630250613040e-01 8.930724033945285356e-01 8.934430379198682326e-01 8.936160350343017589e-01 8.936414853448469975e-01 8.938458251017653566e-01 8.940259356657844769e-01 8.940884002249768203e-01 8.942490930719251274e-01 8.944194325254680722e-01 8.945613190589134511e-01 8.950027318564969248e-01 8.951782085571814429e-01 8.958296356763301160e-01 8.965548954511719515e-01 8.980422736362935199e-01 8.989307853122274761e-01
-1.000000000000000000e+00 -1.000000000000000000e+00 -1.000000000000000000e+00 -1.000000000000000000e+00 -1.000000000000000000e+00 -1.000000000000000000e+00 -1.000000000000000000e+00 -1.000000000000000000e+00 -1.000000000000000000e+00 -1.000000000000000000e+00 -1.000000000000000000e+00 -1.000000000000000000e+00 -1.000000000000000000e+00 -1.000000000000000000e+00 -1.000000000000000000e+00 -1.000000000000000000e+00 -1.000000000000000000e+00 -1.000000000000000000e+00 -1.000000000000000000e+00 -1.000000000000000000e+00 -1.000000000000000000e+00 -1.000000000000000000e+00 -1.000000000000000000e+00 8.777300821339252268e-01 8.768627031435908270e-01 8.762556483469324808e-01 8.754505049131554584e-01 8.749006026591006346e-01 8.745004628940225011e-01 8.742435882946546499e-01 8.740676622089103009e-01 8.741115850221830019e-01 8.742618982714881470e-01 8.746239264210302622e-01 8.751410384664412012e-01 8.757444566554005716e-01 8.765647079033328515e-01 8.775983436905061552e-01 8.785646283143244695e-01 8.798849681437440617e-01 8.812961421272689222e-01 8.826331278011670944e-01 8.840865885075971375e-01 8.853147891999801899e-01 8.866473717716973901e-01 8.877789587843156749e-01 8.885448661240215040e-01 8.893320675826272836e-01 8.899555000919073811e-01 8.905457574152808586e-01 8.908227384942081217e-01 8.912816152468466813e-01 8.916188549237966665e-01 8.918406739643364167e-01 8.919945735450917068e-01 8.923562661744651736e-01 8.925839004601929805e-01 8.926883532198622850e-01 8.928575247475937227e-01 8.930562343975803064e-01 8.931982570552788880e-01 8.934250551368952964e-01 8.936378338190706927e-01 8.939319625537588410e-01 8.943969266106677196e-01 8.951137954800437724e-01 8.957074642896960537e-01 8.967296157612076879e-01 8.979213716792526778e-01 9.004884633807341832e-01
-1.000000000000000000e+00 -1.000000000000000000e+00 -1.000000000000000000e+00 -1.000000000000000000e+00 -1.000000000000000000e+00 -1.000000000000000000e+00 -1.000000000000000000e+00 -1.000000000000000000e+00 -1.000000000000000000e+00 -1.000000000000000000e+00 -1.000000000000000000e+00 -1.000000000000000000e+00 -1.000000000000000000e+00 -1.000000000000000000e+00 -1.000000000000000000e+00 -1.000000000000000000e+00 -1.000000000000000000e+00 -1.000000000000000000e+00 -1.000000000000000000e+00 -1.000000000000000000e+00 -1.000000000000000000e+00 -1.000000000000000000e+00 -1.000000000000000000e+00 -1.000000000000000000e+00 -1.000000000000000000e+00 8.753549997243227354e-01 8.747055334772328994e-01 8.741697141197987131e-01 8.737825365552650547e-01 8.735244614846756628e-01 8.734679302125493150e-01 8.734899444352030029e-01 8.738051863263159857e-01 8.741586216133936382e-01 8.747007789868261884e-01 8.754215601493068322e-01 8.761619749174136551e-01 8.771295716960998412e-01 8.782955743018551198e-01 8.795098674242347592e-01 8.808327494463636942e-01 8.822030242762345376e-01 8.834817928474464344e-01 8.848352704852014972e-01 8.859824017966069221e-01 8.869186240491467865e-01 8.878054549411666940e-01 8.884932273828013427e-01 8.890332250085599686e-01 8.895539999810861964e-01 8.899747080840550995e-01 8.904530982418505936e-01 8.905529639608936732e-01 8.909943827678395989e-01 8.912644551289289341e-01 8.914696090727602940e-01 8.917626045825290948e-01 8.919339547475376717e-01 8.920636537096213736e-01 8.922024568185374926e-01 8.925425078253338418e-01 8.928078865763477978e-01 8.931403195683700336e-01 8.936690238722725388e-01 8.942902043727782857e-01 8.953188262325763036e-01 8.958298694365439685e-01 8.977516305024522136e-01 8.999148547838590195e-01 9.016112479981521766e-01
-1.000000000000000000e+00 -1.000000000000000000e+00 -1.000000000000000000e+00 -1.000000000000000000e+00 -1.000000000000000000e+00 -1.000000000000000000e+00 -1.000000000000000000e+00 -1.000000000000000000e+00 -1.000000000000000000e+00 -1.000000000000000000e+00 -1.000000000000000000e+00 -1.000000000000000000e+00 -1.000000000000000000e+00 -1.000000000000000000e+00 -1.000000000000000000e+00 -1.000000000000000000e+00 -1.000000000000000000e+00 -1.000000000000000000e+00 -1.000000000000000000e+00 -1.000000000000000000e+00 -1.000000000000000000e+00 -1.000000000000000000e+00 -1.000000000000000000e+00 -1.000000000000000000e+00 -1.000000000000000000e+00 -1.000000000000000000e+00 8.740055213125229594e-01 8.734989594204662922e-01 8.731688571905514840e-01 8.729891635574731357e-01 8.729253699341140704e-01 8.730744281120740302e-01 8.733722395392853333e-01 8.738288738943534861e-01 8.744213542282998075e-01 8.751068689135323986e-01 8.760091718372564618e-01 8.770755067612541200e-01 8.781832475081321476e-01 8.794238343838971517e-01 8.805522102755000136e-01 8.819666244197932325e-01 8.833196526250048919e-01 8.843467354046944395e-01 8.855123936162393461e-01 8.865265511030576695e-01 8.872637988104344897e-01 8.878377534656373138e-01 8.883392684564810349e-01 8.888741575851062393e-01 8.892960756606934636e-01 8.895960975575341045e-01 8.900239289450055935e-01 8.902880946131296325e-01 8.906172212702264668e-01 8.909034382880166580e-01 8.911368361598337451e-01 8.914551403417932951e-01 8.916007507561378720e-01 8.920781838581443024e-01 8.924114133147812433e-01 8.928008031705731984e-01 8.934499717783788153e-01 8.941838994898205772e-01 8.954515782440554128e-01 8.966513270458399409e-01 8.985605073788485164e-01 9.013986207253211758e-01 9.034638978969766754e-01 9.073247542608996463e-01
