2.659555715566517377e-312 1.950537281813173780e-271 3.345760937350220936e-240 6.439851926215101950e-209 2.083869117644558040e-187 7.352672495367420033e-166 3.280714216819423659e-146 1.593355568741478079e-130 2.113503636003284279e-116 3.301464913582113660e-104 1.457452425888502662e-92 7.324662961798972782e-84 7.375185318197479261e-74 3.934740505164718564e-66 2.146271772959534536e-58 5.726076203850438762e-51 1.140234333911279280e-44 1.674017033020618972e-39 1.048196281624288247e-33 1.453419572130989925e-29 1.109407792365016275e-25 4.358571915743804711e-22 8.450364168453355748e-19 1.912403493953410630e-16 2.096115653174431992e-13 6.205254580378795505e-12 6.674042907955937630e-10 1.553354799630977872e-08 1.711429794675094484e-07 1.360230766655377261e-06 5.596766996096650334e-06 1.298116977552051578e-05 2.746274889173050841e-05 3.998314918726996625e-05 4.042678428665316123e-05 4.733773170247925714e-05 3.307536479644372152e-05 1.532242240924837749e-05 5.311818719558508478e-06 1.046840157564320623e-06 3.918218308623942521e-07 1.216520477820292647e-08 9.084437478996862412e-10 5.450962714979598428e-11 8.801972970146443849e-12 1.206658710401097246e-13 5.777702153744070721e-15 1.380733531862614647e-16 1.738938777780920687e-17 2.498593702485553274e-18 8.383602548290102548e-20 9.362945937500951533e-21 5.033001390329012797e-22 3.447607494620838070e-23 1.060450848807867772e-23 2.787634952311901465e-24 3.696690183866945546e-25 3.456695789422514616e-26 1.302761114179725215e-27 2.100045592494022953e-27 1.218246204777292858e-27 1.367080985126309576e-29 2.947748367515738055e-30 4.298199824358927471e-31 8.936514141923156663e-32 2.584217229784956428e-32 9.333320506549804848e-33 1.806932534080241849e-33 1.133694638564050885e-34 8.822562536564308086e-35
3.571441919494038316e-310 1.550692298092645399e-271 1.527688569970521478e-239 8.936604540417566754e-208 3.532341500701331878e-186 2.827047598954457272e-165 7.149041168136880608e-148 3.773975540774787594e-129 1.154813153220067407e-114 8.051916502112877563e-102 3.810222596254294677e-92 9.234567049250718403e-83 5.171045934525516419e-72 3.335760110470581445e-64 3.453161677510565262e-57 7.339577186547424693e-51 7.594894855546393977e-44 1.125243407477401905e-38 4.910762881281737136e-34 1.884067762575012485e-29 3.353382235796375550e-24 2.587755493470405081e-21 4.838299255803811340e-18 8.950765423821386322e-16 1.524462893885241206e-13 1.316215310855573767e-11 6.282951060240539436e-10 1.918818151243079029e-08 2.199611602703919930e-07 1.774705937669257639e-06 7.890511148055289527e-06 1.634215849522091540e-05 3.363059721276980555e-05 4.987158970126677829e-05 7.093369900320862056e-05 5.085116565177571476e-05 4.181806961250295523e-05 1.851872397375806724e-05 9.255567959162416320e-06 2.258548428155404261e-06 2.485088356187878517e-07 1.632527542030026033e-08 2.400454032959222388e-09 8.164356571999426280e-11 2.160755675981806944e-12 5.160107535242743186e-14 3.328320225177877853e-15 4.254075056372538692e-16 4.216260750059025547e-17 3.484979875690918841e-18 5.814400870969789998e-20 1.436417829501811874e-20 3.325693238294474240e-22 2.463461407861441625e-22 2.201499846816177256e-24 1.508777922799423555e-24 2.337896571444245068e-24 5.276512135088532594e-26 9.186083349733432688e-27 6.366941642154683544e-28 8.206025842886136804e-29 1.474899422062705244e-28 2.930663573326106239e-29 2.977034584956099910e-30 5.107116797306590597e-32 9.174452176051521591e-33 7.839080732083985555e-33 1.884354435648886049e-33 5.563651528586676652e-34 1.185646647184600110e-34
1.163177798186580026e-313 1.476718439621424835e-274 3.731698213290231862e-238 2.872630921994005693e-205 1.126868266342471796e-184 4.669851745247319119e-164 1.304874171551370497e-141 7.028403804630345579e-128 3.524381764645902431e-114 1.663044396775677588e-102 3.883610642289891868e-92 3.723423591143167062e-81 1.776272825438388271e-72 1.235668014338303479e-64 4.604843242711411824e-56 2.857996578072211421e-50 1.407439294748521437e-44 5.979052553474576644e-38 5.458402911557197625e-33 4.965291665461887106e-29 2.738232895517097754e-25 1.686755953790241401e-21 1.510522413386925012e-18 1.109378773559400080e-15 2.022520688742607177e-13 2.958990886902215760e-11 9.917935124884310804e-10 2.465453189527729444e-08 3.847903001035752645e-07 1.810876611329330078e-06 9.398085008214005097e-06 2.266867845250863448e-05 4.220934120504889702e-05 7.306918450182904492e-05 6.912961998595331824e-05 6.263475437403003693e-05 4.361530181210160502e-05 2.740255264886984967e-05 7.443587378817443475e-06 1.923887055474128031e-06 2.977102793393624168e-07 1.251301987819635716e-07 1.634790871539223728e-09 9.630966465059681087e-11 3.391491760534334449e-12 1.184785994463303533e-13 2.127191000586065333e-14 5.936696009828986136e-16 2.901948379740064436e-17 6.359087725446036158e-18 2.073027737114090336e-19 5.223086843912856523e-20 4.206040473505954161e-21 2.516655103593532190e-22 4.648514796221182752e-23 5.974520669942232223e-24 1.806586884215656508e-24 2.057368886940304900e-25 2.138984864112413484e-26 2.350026712007599229e-27 7.351767939645724381e-28 1.055612008925927366e-28 7.460019574193268668e-29 1.972391922831777074e-30 3.183557903037947401e-31 2.733407414935383743e-31 2.698236875632623560e-32 4.018264884133017515e-33 3.219593275203217709e-33 2.120421261353701903e-34
4.288614273834273019e-306 2.243551743534129674e-272 1.752588934696438124e-237 1.843171488377713523e-206 1.254211633953923186e-181 1.187826022799411779e-163 9.057978059546079643e-145 7.200656821988969093e-129 5.343859033043697603e-115 3.978242151654647864e-103 7.469644806947460256e-91 8.851414513083060512e-81 2.312046818296909111e-72 1.877548360116161243e-64 8.886968052325255997e-56 1.755691425059083143e-48 2.600271941370454363e-43 7.970578181619236006e-38 3.132610558025247032e-32 4.033733083344322684e-28 3.647091492738956431e-24 3.852610444149677204e-21 1.420863247930036106e-17 1.545321446807380094e-15 4.412687090547858429e-13 4.679832675115770502e-11 2.233810830599230665e-09 4.653559031247432108e-08 5.446336931608530156e-07 3.375576066002209193e-06 1.361187279624368213e-05 2.769201579679728275e-05 5.907107382363554294e-05 7.428081136049524246e-05 1.182680571101672626e-04 8.963877211375006343e-05 4.679182838361512121e-05 4.416345638946696673e-05 1.015817491470338278e-05 2.724201160456519075e-06 6.636124496659998125e-07 4.082940626323400222e-08 6.192705558083544821e-09 8.381729821556754317e-10 9.977704891113150138e-12 1.807790026103617798e-13 2.034705971910319984e-14 4.010067076302632438e-15 5.984206578846879210e-17 1.854720421228302173e-17 1.186464723226880672e-19 6.448798981049022609e-20 2.999859255397333739e-20 1.118792399821839508e-21 1.151871985081256852e-22 6.092426235252940918e-24 2.192222270991142662e-24 2.179079662414778309e-25 1.029634365267821294e-25 3.652165209680136027e-27 3.921656532602949580e-28 2.686730421005661708e-28 6.711300523171769600e-29 3.085341860847692950e-30 1.395938408837560928e-30 2.282203733922500344e-31 7.123040092102460264e-32 9.928191782766998274e-33 1.272200933850454694e-33 1.292057250239449260e-33
4.454587646267305275e-306 6.180885266214527876e-268 1.375650993913132117e-233 6.084930640104500376e-208 2.711150993652206412e-182 8.625232942649725559e-160 4.555699203681967143e-142 3.436158510286348529e-128 1.903668590302112685e-113 1.651093611237300538e-102 5.247778447950944875e-89 3.788745893626555513e-81 9.626299642801377157e-72 1.444016840307420353e-63 5.653155235571473317e-55 1.289415601069053690e-48 9.557821147729741936e-43 2.225298537255537784e-36 5.091348564175281114e-33 3.589969484854575984e-28 1.669214075727215479e-23 1.485671545440815082e-20 1.016960180231775954e-17 5.382493294119206646e-15 2.669659428664844936e-12 8.135227904875301658e-11 3.361685034946786757e-09 7.265192851896958049e-08 1.074644555723059934e-06 5.238237783784162388e-06 1.862731772414829415e-05 4.314396055103025975e-05 8.158122788712299429e-05 1.019531499111862931e-04 1.067742268513947429e-04 1.007357827384466805e-04 6.632169913028529830e-05 4.423166199506049832e-05 1.328657678536998054e-05 4.666482849894973383e-06 8.993755090015815281e-07 4.548528910660645779e-08 7.567101614928926073e-09 2.077906670055159936e-10 4.401994620169133382e-11 8.330176704208142493e-13 2.250538654329664428e-14 1.617818298158503256e-15 1.311630171856055944e-16 2.831353353622493439e-17 9.673832108927915098e-19 1.943662396810571939e-19 1.461333340228810834e-20 2.284251018216290741e-21 2.911444901017323261e-22 8.513691147983009956e-23 3.434845010474930440e-24 1.244675535122047142e-24 1.538449250374420634e-25 8.328683546870428656e-27 2.724273973253407206e-27 3.642526487097865238e-27 2.130536410906737812e-29 5.023339457834486289e-30 6.470617802586069570e-30 2.742371027851728749e-30 3.137486572108533389e-30 4.273235974540368815e-32 1.024195460571421538e-32 2.232758322779294468e-33
2.498582485930920301e-311 2.152675952239295513e-270 1.790220441426037496e-235 1.967520279752891217e-205 4.497211297751893618e-185 1.868512560831595875e-160 7.134676555515090292e-142 6.618197685886993819e-126 1.180955019393528743e-112 5.503351675460892493e-101 8.110816425603696177e-90 9.876476010763891581e-80 5.640115000358775540e-70 1.174832639859497860e-60 7.544082760852699607e-55 2.665377641449286243e-48 3.922120854638561073e-41 7.636353922685423894e-37 1.684358785603699384e-31 3.539630788410592645e-27 2.712007307236772174e-23 4.264610961168664195e-20 2.466891091390382150e-17 1.421137128447885501e-14 4.951986034341071881e-12 1.699286140169462581e-10 7.707602276855766924e-09 1.074707289394446944e-07 1.693858864762346656e-06 7.643034006224058249e-06 2.534250344005405152e-05 5.679184891280394286e-05 8.461893375918796750e-05 1.103474844031775961e-04 1.442701243370811848e-04 1.228640792531541235e-04 7.239711365074272536e-05 4.859780821147303677e-05 2.132521623369871525e-05 6.724827572062339970e-06 1.388774845216373574e-06 8.001940019138028361e-08 4.683226997056321498e-09 1.305436599002752857e-09 4.197248434522310889e-11 1.498843282568745595e-12 1.093789397594716762e-13 1.746322868896775876e-15 1.242261704981607790e-16 8.009079632456015275e-17 5.474477657003982898e-18 7.051642334635379991e-20 1.700838786512736846e-20 3.746038951408957172e-21 5.777323474895295033e-22 5.386323165593459580e-23 2.132359296736678402e-23 1.513226623379248107e-24 1.124483148733023408e-25 1.356598411868195274e-25 3.987701524887967077e-27 7.794202064870474380e-28 2.053999062943003299e-28 4.446907173162523847e-28 5.529259785479798428e-30 6.517170354717312229e-30 2.630192092533442439e-31 5.917447650393045782e-32 7.224311132016430553e-33 2.615860912824149297e-33
2.439236756170429566e-306 5.930497156458303906e-268 3.716816372311634503e-232 3.805256226564976829e-204 1.094298419100499551e-179 5.660319673715025223e-159 2.089902070644567620e-141 5.439963368079220658e-126 7.419158244301277756e-113 5.954257204275460684e-97 2.685605518264675946e-90 2.506774189911257984e-79 2.569582376090748244e-70 7.046867493927272153e-61 9.130048181443171590e-55 2.287650864352983448e-47 4.448872853236534910e-41 4.572299052740815494e-36 3.436499057612619201e-31 5.390441298969119548e-27 5.847447275132887995e-23 6.750867441647964531e-20 8.761059532081837704e-17 4.058702686480748493e-14 2.183259709228476408e-12 2.421719945865433323e-10 1.124961120329897161e-08 1.806752548077346847e-07 1.649340931493437309e-06 1.176465690774753437e-05 2.740452373299268117e-05 7.039531410998619654e-05 1.329156230682760882e-04 1.419648971395119153e-04 2.100440879581264833e-04 1.656599740196061481e-04 1.230391065428134160e-04 7.932599906022066430e-05 2.318193056636154759e-05 9.413599224152320775e-06 1.980251124667781362e-06 2.069653385492539710e-07 3.059707460821718564e-08 3.634054858951025399e-09 6.442271472677440394e-11 2.209033521507345322e-12 2.374451423428326806e-13 5.378931321822472788e-15 8.974721204367271826e-16 2.262893590125258818e-17 1.987040077987951294e-17 2.173812616069932909e-18 1.878995982475162832e-19 3.030951218998651227e-20 2.301620268196276379e-21 6.668544397492406553e-23 7.637995931386175218e-23 3.069266447546521479e-24 1.990475401991953816e-25 4.373723959559002323e-25 2.902919760989825574e-26 1.190783563717657767e-26 2.691591385721539839e-27 5.291261512018178532e-28 5.923517682783930234e-29 3.547453953944621848e-30 1.117779037847881728e-30 1.667499563270849000e-31 1.663806786866129223e-31 4.309588593936937587e-33
2.079003324060180046e-302 8.189077407682219518e-269 6.864909770009424208e-224 9.081223063081777200e-206 1.981701096497021005e-177 5.986100761509928617e-161 1.257906747467578550e-141 4.863529975095032184e-124 1.327836454134348924e-111 3.920710086284029673e-98 1.000896396138040094e-87 2.511275943424580627e-78 9.431899984286049905e-69 5.504841775102812020e-62 5.377348120486995264e-54 9.758873080128888760e-47 7.581460695929069084e-41 1.165688918527284921e-35 1.441644081467107386e-31 3.134535289066137755e-26 5.796897728220525872e-23 3.091004354393650593e-19 2.017161682272417245e-16 1.114000805407448727e-13 5.124917318033240128e-12 4.199478137110948404e-10 1.888658169544715454e-08 3.411790130364573120e-07 2.684779301334549098e-06 1.295543348133219307e-05 4.229123438761062391e-05 9.437935669506134450e-05 1.598308123157849152e-04 1.975280248445215241e-04 2.217107324709449983e-04 1.868183893479761679e-04 1.914433032903847126e-04 9.012594315290749366e-05 4.684534490989911317e-05 1.130033242480283723e-05 2.932226731188900357e-06 2.813068108141477844e-07 2.436431484226515082e-08 3.094579831108610769e-09 3.987187405516445181e-11 3.060881870070096497e-12 3.304440536989688542e-13 1.020037466310872144e-14 2.068423503556821921e-15 1.190817163498860519e-16 7.737747092725840267e-18 1.373834791816252159e-18 1.919321363665074205e-19 2.268555810303978841e-20 8.648122535912943476e-21 3.476928579433078047e-21 2.472386362788679452e-23 9.510858111893735170e-24 6.242896559539135977e-25 2.718749724273740338e-25 1.434065667003965060e-25 1.274517934048938022e-26 2.706832904009921499e-27 7.225069753614206143e-28 2.269649240877921764e-29 9.196795339245224336e-30 4.635873116682256695e-30 1.992668747067021572e-30 1.432949570384392916e-31 8.821853100136489184e-32
2.968554164968334043e-308 3.189513415849581928e-269 1.352751599866495124e-235 1.114043497540678892e-202 3.184512025049195554e-179 3.974780080052411843e-158 1.324308778140362812e-138 4.623985315829852042e-126 3.421251004302962154e-109 1.186102724503792429e-98 6.431070279046793550e-87 4.096349302282009465e-78 4.408292794672309275e-68 9.044344754105783659e-60 5.925774981230757287e-53 7.887915622370977513e-47 2.500114670680395952e-39 5.966156214519027253e-35 1.841712832104140567e-30 1.352103579787056154e-25 1.109750246081469956e-21 5.965280762484170553e-19 5.703442193579706073e-16 7.849264591194212538e-14 1.330234428144484899e-11 1.083489622823095167e-09 2.631055078339121475e-08 4.301825880814724687e-07 3.996195491965965491e-06 1.983047527338481776e-05 5.743720852412467689e-05 1.308354601030016408e-04 2.051733063703809509e-04 2.649721381297956706e-04 3.159604880364519667e-04 2.665891048226442356e-04 2.067261200278969766e-04 1.082346959848443899e-04 8.062993621912479809e-05 1.318813348752268627e-05 3.855980000433523628e-06 2.459562778189644537e-07 7.869650488688635754e-08 7.159237972892337965e-09 6.592279678975953223e-11 1.696351702684584616e-11 5.760403123835774749e-13 7.184167007818191120e-14 1.696254181263446468e-15 1.673038127827549945e-16 3.666030220631001401e-17 2.700971546524691750e-18 2.988338167294727447e-19 4.929484310828397742e-20 1.915052492403320847e-20 7.717188407737760838e-22 2.817223732040950206e-22 3.533845771473359584e-23 3.232087396294872284e-24 7.489219420385814305e-25 4.300593072591796759e-26 7.009291088989820220e-27 3.505222451257585704e-26 1.704262686845428473e-27 1.235145715516404112e-28 7.096942706252493678e-29 1.878124916228265134e-29 8.118669929928075331e-31 8.485069747530356259e-31 3.232011269126651303e-32
1.332476316075271715e-295 4.431547243754813973e-268 2.187284447899925942e-232 1.518566066190431677e-204 3.198262104877151678e-177 3.531314882107282505e-155 1.718548978306457116e-138 4.486466322265021367e-124 2.835090958510129459e-109 4.592481069344540928e-98 2.924812291411863513e-87 1.276447737570430367e-76 6.055984418252164128e-67 5.915961655241588255e-60 4.173264297128242547e-52 2.677789360103828602e-46 2.586002429245454727e-40 2.352845045074774493e-34 2.769446144692341271e-30 8.340730341634996025e-26 1.773400571751157139e-21 6.243013645620118898e-19 1.351511956376315355e-15 1.614979911331161332e-13 3.741979680577559225e-11 1.362908084120337725e-09 7.341533936978820580e-08 7.375051790840253238e-07 6.082886665252378590e-06 2.830893529294783732e-05 6.767254353433141965e-05 1.650606350538787821e-04 2.488899154001137509e-04 3.186427578823281871e-04 3.623081435984611262e-04 3.228957607764118836e-04 2.434172097192395642e-04 1.533961640499295447e-04 7.019150116180159881e-05 2.445551773071569248e-05 3.957433842560071050e-06 1.000390500613149615e-06 6.692613325137014875e-08 9.302170726994787166e-09 1.586627033908341421e-10 1.860517310202321567e-11 1.028324260916193930e-12 4.141055482256133816e-14 4.031070035795192538e-15 1.079598586494912408e-15 3.767924302888328035e-17 9.579889728997212566e-18 9.382125743093547125e-19 1.932570193071779548e-19 3.609215906584498430e-21 5.527057547827880198e-21 7.508904694514570668e-22 9.699956066944607303e-23 1.021821791370368600e-23 3.175065033921064944e-24 2.438585009231282021e-25 1.837499096158696089e-26 1.416697820598433840e-26 5.666710318160256143e-27 2.068775646120317587e-28 5.683071167887446795e-28 4.286915677139890809e-29 5.723062244023082756e-30 2.911422969302637826e-30 1.280722923976346232e-31
8.242861071674433346e-296 2.211492800486321657e-259 4.906359365711254919e-226 1.114080472209470241e-200 1.060452131253044283e-173 6.830191897713685155e-156 6.235646971284787544e-140 4.847304577141141429e-123 8.195747837933309648e-109 2.536482822423750363e-97 5.025531278892375397e-87 1.015225258471854133e-76 3.800137265114589865e-68 3.904227258930055569e-59 1.689251854257324130e-51 5.776322303804997659e-45 8.848642447597600899e-39 6.460736392328479803e-33 1.207695294164883536e-28 2.812244128604807429e-25 1.023954733302778638e-21 6.961486505598669813e-18 9.648038208552722662e-16 6.591451123973152803e-13 7.402218053227799167e-11 3.365108988704022244e-09 7.398750966641167418e-08 9.484191158199629233e-07 8.869609511918490391e-06 3.280693997442994084e-05 9.862964714429205951e-05 1.840506680693229809e-04 3.408683416390089426e-04 4.356580871120643698e-04 4.759277777111138369e-04 4.190267968327102978e-04 2.918385567100409070e-04 1.884117292612914733e-04 1.043859968934939941e-04 2.700459630802237387e-05 5.485237122886932643e-06 8.487126931240272319e-07 1.028871405282780827e-07 4.234825358997200625e-09 1.157541730790662625e-09 3.408270297662097094e-11 2.232967399237754721e-12 1.080873838558800612e-13 9.647446546288960893e-15 1.602813160634483123e-15 3.197078631607485262e-16 6.042224774208777578e-18 1.170114509174243834e-18 2.798806524793145975e-19 1.968504143617394886e-20 6.806545613184046961e-21 2.847469542700193776e-21 3.806895588310160234e-22 8.353701735033251649e-23 6.444604149519221360e-24 4.071764726992094097e-25 3.014947107054593963e-25 2.147464378538032621e-25 3.546997089863654038e-27 5.548763404923759433e-28 5.549051484434809283e-28 8.411919688589624132e-29 1.434527676230319322e-30 8.680911795051511663e-31 9.371537393851794070e-31
1.352015265417775288e-297 1.165863414955797642e-266 1.617977247788439319e-230 1.946206283653001554e-202 9.548328105148812265e-177 2.844713811605415055e-155 1.167570412327977260e-135 5.538814614869822531e-120 2.340048758475567529e-108 6.541852608494784024e-97 1.195832226048185141e-84 5.376083876208290022e-76 3.759804588024499773e-67 4.298973147665972686e-59 6.923953573840057072e-50 2.862432440798564250e-44 4.979804773718037398e-39 1.750426228345477627e-33 9.111377175657049199e-29 3.289284664064531956e-24 2.121968748289753367e-21 9.530753809880463029e-18 2.412929812685986164e-15 8.326891538513143328e-13 1.001155840777012844e-10 3.518782908129049037e-09 9.077049579428061589e-08 1.941886610106577833e-06 1.126697956343067513e-05 4.418874967832253756e-05 1.214745551120380925e-04 2.811337753763713788e-04 4.250153201775601331e-04 6.253830330269746817e-04 6.227803450757638318e-04 5.669222523101062703e-04 4.019427645610443257e-04 2.515567966486897803e-04 1.095596378059919529e-04 6.454069848081055952e-05 1.181206843667593760e-05 1.568827013906412462e-06 2.582548804233550545e-07 8.688203688403555005e-09 8.072021608646138130e-10 7.442133535743478676e-11 3.088391473192601449e-12 1.868220697678916550e-12 1.258807342557061507e-14 1.761051526890027910e-15 2.384682228960669764e-16 2.601965541741314695e-17 4.846398168749983355e-18 3.356656898021473284e-19 3.083442043747753444e-20 1.161267440372299677e-20 2.244178126142486163e-21 3.344764909809879667e-22 1.322755086929103234e-22 1.165148678038694390e-23 7.126033823486703936e-25 4.818802217031282531e-25 1.114856106923346103e-25 4.774423527949277114e-27 1.384970537093037037e-27 1.985241136700318130e-27 2.679014512836283692e-28 1.247935827409298744e-29 6.898643192793892899e-30 2.236963656533642798e-30
5.563423885127060423e-289 1.897727155361355297e-261 3.375401127339334495e-228 2.050097787371427129e-200 9.686264654984092792e-177 5.029821803317923587e-155 3.221158356643874972e-136 3.853252980567799065e-118 1.610846206303193140e-107 5.890778673558265815e-94 2.567045881624900202e-83 4.941123747424186511e-74 5.355490236290368286e-64 9.300736506300136937e-57 3.106767049059879079e-50 3.660503675947332506e-44 2.519410391313683440e-38 2.022803159514770719e-33 4.462436845853670461e-28 2.157647111416239711e-24 4.468648979045348414e-21 1.167186763631640314e-17 7.880853802094478915e-15 1.616622448692400756e-12 3.537680186889406794e-10 8.031843637585628051e-09 2.572633309340676719e-07 2.523680567006162160e-06 1.470752530709267028e-05 6.107275474499832500e-05 1.763614398435939886e-04 3.185312885308417327e-04 4.988406330207890678e-04 6.832102360142419629e-04 7.459668001458854550e-04 6.469788006415910959e-04 4.520051370708476259e-04 3.250840992268901660e-04 1.428503920945428717e-04 4.973779541239423617e-05 1.345893526786397629e-05 3.052044120159951288e-06 2.405932812359247777e-07 2.524001587689325202e-08 4.515546783968745072e-09 5.856638533277743419e-11 7.278983784658193454e-12 2.417317626065507771e-13 3.852535049279951930e-14 5.666317220218933208e-15 4.701606549353969383e-16 2.313374114535321048e-17 9.204106270803202537e-18 1.548020367519532516e-18 3.655228638510648448e-19 4.793430293559616819e-20 2.000486144426440681e-21 8.431384514006762786e-22 1.718292068149698780e-22 1.776191085861927416e-23 5.147602150824843755e-24 1.633802053574564777e-24 1.137420727492821046e-25 6.393154845026405458e-26 5.571978058279116144e-27 1.753855530180701707e-27 1.948057812563218160e-27 1.356716139070277394e-29 7.659745363284471210e-30 1.239080929447364469e-29
3.189435039294492684e-296 1.619759606581393357e-260 1.632602213351731745e-224 4.365790408282216538e-197 1.681490707667487074e-169 5.249579878255943533e-154 1.095794716264216125e-133 7.137335327817793177e-120 1.298873795570873955e-105 6.905648352284239569e-95 2.839431490662400386e-83 5.476068742874598695e-73 6.463426968885730013e-65 2.786525196719791166e-57 9.127998949129758296e-50 3.233810459434404914e-43 1.196141603010694513e-37 1.532488020872652667e-32 4.484969334303312436e-27 1.067516845878180993e-23 2.957236085818369524e-20 6.999216761761094804e-17 3.970503186663114295e-14 5.944335747061378334e-12 6.652048500047324385e-10 1.379374057377667985e-08 3.130221512744389931e-07 4.900727499806213004e-06 2.934963899244363367e-05 8.861663981485701290e-05 2.455611071583545528e-04 4.538532904940683005e-04 6.443447058127942063e-04 7.608391253585488701e-04 8.567314961817949857e-04 7.935781576518715621e-04 5.655953234854895970e-04 4.161901208238097090e-04 1.967790860767586842e-04 7.815806728185313655e-05 2.193329226304574668e-05 3.085821285729774559e-06 8.447274254289609871e-07 4.139166652730866538e-08 2.710649581432847357e-09 2.652092594686682047e-10 1.269174831528004837e-11 1.044774093152605093e-12 2.485841253786714556e-13 7.771057019858830428e-15 4.933745917645840559e-16 2.479856789063306379e-16 3.138804368954924168e-17 9.288263392496901824e-18 1.151922648124397011e-19 8.716026795884376043e-20 8.382885368587911973e-21 1.241274170999271235e-21 2.398867982690544141e-22 1.242756323381141123e-22 3.328006346312090263e-24 6.416519698555484970e-24 1.123145280561738317e-24 2.236567906496916891e-25 1.147511312577521085e-26 8.227770977193768766e-27 4.077393738301766167e-28 6.233548279757554989e-28 2.122477639539832486e-28 1.717139984889900036e-28
1.672523993025960016e-294 1.987720360333726399e-260 4.711568985762995105e-225 1.418087602450634957e-198 7.499648769381815318e-174 2.155924573172149954e-152 1.054838246408108301e-133 6.655363851184678125e-121 7.464032887606674689e-105 1.878508272328695346e-91 3.400693287907757485e-82 8.509823187500373762e-72 6.038058105590487686e-63 1.044568620850632805e-56 1.551698578695569576e-49 1.703169085406310892e-42 4.707721710317161395e-37 1.392694459969677269e-31 1.237384549888752427e-27 3.206551742413788099e-23 7.273460982754697567e-20 1.597239098864763791e-16 4.365784848548834779e-14 8.842613075330357458e-12 1.100098732369602881e-09 2.965913163810312533e-08 4.858996837946726443e-07 5.882532990814379438e-06 3.562006129657704787e-05 1.095455257149928962e-04 2.766395918523868887e-04 5.635717927609584571e-04 8.858212831883209527e-04 1.132848570208168978e-03 1.074840289723534743e-03 1.070469817860522470e-03 7.514013322402585907e-04 5.048939377020447749e-04 2.803290020957784176e-04 1.165396475451571878e-04 3.250436912020012998e-05 2.793834325640108452e-06 5.814006208044504609e-07 5.716002049800540803e-08 8.500608992482841257e-09 2.747012467992613548e-10 1.924116692043185986e-11 1.781225080234547408e-12 3.918902919229300639e-13 4.491459637778160051e-14 5.638707149040569414e-15 3.441425033511325498e-16 3.023483987944379668e-17 2.106252057778747713e-18 7.580455427400829285e-19 1.239722005978576008e-19 2.166341240487754529e-20 5.262356237936336166e-21 8.887614849502927097e-22 4.466523229093140843e-22 1.221561058465853490e-22 2.361947570585413273e-23 8.615001633177901755e-25 2.905268555652616092e-25 8.830819120982723593e-26 5.618401437423561481e-27 4.869578808841903562e-27 5.500293030936664094e-28 4.574871639751966025e-29 2.188302429228595226e-29
1.512522775555093232e-290 9.486377024527387560e-259 5.992191003485872499e-226 1.762633567465990250e-192 8.064619091583087113e-174 2.781211687664545096e-151 2.397131056107277482e-133 9.913137766338444248e-119 8.721422076217579710e-103 1.816302578771017452e-93 1.859156794825873680e-82 3.625681611912549581e-71 3.553042645802775867e-63 6.278731237560512841e-55 1.738577042900037407e-48 5.661477393851373606e-42 1.937253736269083556e-36 4.244705929534341932e-31 2.007616943843221036e-26 1.259446377923176742e-22 1.098411217904651068e-19 3.570038357932170767e-16 8.947387256280787120e-14 3.127452359405817381e-11 3.471689117899603386e-09 5.440279797877757889e-08 1.106339189120803695e-06 7.832195593972852654e-06 5.397585555414803903e-05 1.648390270512356125e-04 3.876121215793458356e-04 6.967894829737309543e-04 1.171566875924929781e-03 1.523595348981911062e-03 1.496646332488689923e-03 1.469319199947289592e-03 1.246502989984949513e-03 6.672402904176152373e-04 3.458196384779396032e-04 1.348013916523866144e-04 3.494589772041255211e-05 8.591920916568597036e-06 6.031006253859098367e-07 1.027875771334844196e-07 1.021681061937862386e-08 7.297674425790744188e-10 4.377324240697505709e-11 6.044638941340931358e-12 4.583709448279524860e-13 3.427872396725174220e-14 7.635973760142168732e-15 2.728515635456597334e-16 1.449686903319668005e-16 1.414083099722442351e-17 1.056747969134567535e-18 1.764791608733880810e-18 1.683759050153268970e-19 1.797566556781124277e-20 1.471870444525907706e-21 8.013438203190438302e-22 8.645482700564743475e-23 8.888109336133829353e-24 3.098250650535785644e-24 1.370419372410709313e-23 5.315700809893343772e-25 3.011859573282841004e-26 7.450557681378783568e-27 9.213759460607642337e-27 3.102365032663396082e-28 2.036803193456346090e-28
1.620090926427340865e-294 2.930214306325479478e-253 9.335915862819247882e-222 2.693913228255703942e-193 1.186098573408930800e-169 9.863547314710837649e-150 1.237329602910506554e-133 7.452624508976366111e-117 6.198584016832882463e-103 9.307632283214947978e-91 3.965866079640181871e-80 4.730981666702067604e-71 2.718753402626271266e-62 1.799253379124250915e-54 4.174367774798902030e-47 4.875955914550191187e-41 1.709713221621494987e-35 3.534439348474091887e-31 1.232036488271231065e-25 1.113000568738362206e-22 1.454600126765697083e-18 8.738805717149440746e-16 4.036133403476237260e-13 4.698929361326231930e-11 1.763516898044816937e-09 1.380694045782567142e-07 1.653356488497177683e-06 1.636944784548915660e-05 7.448721160023148431e-05 2.622879166034033580e-04 5.065425986537718623e-04 1.094154759543745567e-03 1.929899552427812373e-03 2.286695011126084476e-03 2.529226658986768669e-03 2.550937155127485159e-03 1.987796416390968587e-03 1.184903845307055644e-03 7.385075268934035908e-04 3.050076720898474685e-04 7.446503881609077612e-05 1.801018993284835798e-05 2.217696235969979317e-06 3.591556807920277334e-07 1.999570745316612915e-08 2.131494046253974144e-09 7.575570141795425126e-11 5.815476408688765857e-12 1.386563680469620529e-12 8.429637322779382993e-14 1.634963400589528125e-14 1.140262856919198587e-15 2.215799575997492932e-16 7.286788566123590646e-17 1.232030696476438933e-17 1.030519221830030013e-18 1.103023797384211723e-19 4.270256932784561427e-20 1.110063145417794648e-20 1.830680346752558983e-20 9.516784304640719247e-22 4.951516266840002568e-23 1.943703856242529350e-23 1.111459849267944505e-23 4.988385494370048190e-24 3.468582048207765590e-25 1.941650636091031241e-26 5.710581506831068278e-26 2.672255742142600631e-27 1.076328645175587245e-27
8.503589757778542125e-300 1.262088439635218968e-249 5.216589610434744531e-222 3.473824784167358044e-193 1.216826083115727043e-168 3.449457609570011800e-149 2.820276973904200704e-129 5.520033140622077276e-113 2.312930258106475696e-101 2.595959978817624108e-91 3.282435536310135712e-80 7.175794075660194733e-70 8.183319161411210317e-62 1.614608431627369379e-53 4.257117921124622447e-47 3.146797285162032701e-40 2.372597184448513379e-35 7.658860954869708370e-30 1.463623916200866489e-25 2.938270458955690576e-21 2.442320299563127488e-18 2.521656279529924016e-15 6.478826329210050707e-13 6.825552653577343343e-11 5.527210650972403526e-09 1.806882240959969455e-07 2.313431397591297205e-06 2.794726251240474668e-05 1.109901300031654385e-04 4.598150262071786540e-04 1.086485371047012224e-03 2.440804580285902206e-03 3.899097457361795811e-03 6.064669993398282867e-03 7.784741886040833989e-03 7.058517766175330041e-03 5.936259575264374484e-03 4.200512107459242889e-03 2.265797054473242707e-03 9.491205688696440108e-04 2.691381588256934660e-04 4.411201680068476560e-05 9.848401489407886404e-06 1.398343318950017574e-06 7.031291908716437511e-08 1.643996711539907361e-08 5.760180072786662252e-10 5.984667681848099827e-11 1.403446759814164616e-11 1.069166511893307433e-12 7.060049456308108510e-14 3.093792061788973783e-14 3.742877833450935323e-15 1.310233232694079655e-16 6.436827297758090495e-17 1.408395523879478303e-17 5.358384503574033502e-18 4.943024439535401071e-19 7.821574499765206964e-20 7.557338722187542913e-20 1.714925559119264342e-20 1.876485286295498474e-21 3.062300532413553199e-22 4.212584300248264194e-22 2.430853590141582564e-22 6.403015667824148693e-23 2.882796637529965538e-24 2.996150472554967887e-24 8.728065052561103567e-25 6.293156193603741113e-25
8.230452114641739688e-289 1.135498691996447721e-252 2.037330761592080251e-221 3.517830410984269403e-189 1.177944795288283006e-168 3.974724500495101541e-148 3.268964448033263483e-129 7.079978936799665530e-116 4.927521950901560003e-100 4.983758739680129456e-89 6.667360295041499164e-79 9.948133409710832539e-69 4.047305352911341188e-60 1.029758484097987196e-53 2.036255604960130373e-45 5.872461993484501814e-40 1.315904906038721889e-34 7.724414551043274150e-29 6.221918641420968260e-25 4.167346249509923827e-21 6.936281963576299968e-18 1.471286968709417134e-14 6.741850683119596594e-13 3.129211925643594892e-10 8.246287466290263042e-09 3.286056821455638121e-07 5.839876583745828662e-06 6.270226948464762025e-05 4.010425023048155260e-04 1.430064747676447435e-03 4.816228596507495831e-03 1.556807273714659080e-02 5.330983989390079836e-02 1.065562327260023423e-01 1.391833564654900990e-01 1.479973839627095611e-01 1.386111777708073367e-01 9.362737993909658885e-02 3.457892527597410809e-02 7.551580304256393962e-03 2.840641809472842141e-03 6.563319826032724177e-04 1.423372541577763706e-04 1.678764323952054732e-05 1.467063537922021067e-06 1.179879488860015921e-07 1.427352111072953228e-08 8.494543401700213874e-10 1.394907300892148631e-10 6.630987888964409247e-11 3.173114153427458784e-12 1.439370961452097172e-12 5.920943803855225075e-13 2.396329794939016386e-14 8.176614884243991269e-15 1.507697500071378384e-15 2.935113040470605352e-16 8.357667327782786144e-17 1.219128460553328636e-17 1.297429893520652368e-17 9.702575791621360798e-19 1.458499615032417626e-19 9.193456976053464547e-20 4.875658216860905698e-20 6.879444435200470530e-21 1.018335820391932876e-21 7.877684175767621527e-22 4.634673860875487083e-23 3.218654817840332571e-22 1.519271515263520664e-23
3.006878899473858243e-288 1.254803782459296710e-251 9.639268293342805759e-219 3.113778208794342700e-193 1.032894778882750922e-167 1.894074472537739761e-146 3.395225891718404096e-129 3.713441884938544259e-112 8.188102210275771282e-97 3.805665026435663906e-88 2.017050864717662233e-76 1.918933221349917465e-67 4.648844725593477674e-60 7.923950730379573109e-53 4.629338067687164334e-45 4.704293097496847541e-39 1.888441461368531953e-33 1.086402113436911925e-28 2.802509497878514690e-24 2.191574426687075640e-20 1.545503101875810938e-17 1.703586411107405694e-14 6.543106327557517927e-12 6.612729485983053757e-10 3.735960356017421586e-08 1.803213065379913559e-06 4.277657091955307331e-05 4.414525554136635756e-04 2.952722560273470919e-03 4.397766346821377348e-02 2.079648712670180977e-01 2.911790658157533129e-01 3.269710406066388408e-01 3.462286643204294800e-01 3.556431703367421981e-01 3.594672402357455554e-01 3.545016976309985912e-01 3.406689740524235233e-01 3.198548937966348982e-01 2.785729722715461487e-01 1.978421488920332760e-01 2.623483267990835838e-02 1.947800747546657787e-03 4.947366233097055680e-04 4.543974597350046972e-05 4.976898933965620939e-06 6.586350943510581699e-07 8.772201038258881388e-08 2.164120460196044856e-08 2.265528373047590330e-09 3.442707196264659595e-10 1.259331630922969116e-10 2.172824715124894903e-11 2.254665576446275616e-12 4.860663853425766499e-13 9.771097972928845344e-14 1.561836200280795874e-14 2.742776870186200895e-15 3.590138763930096967e-15 3.815470455044079151e-16 1.521960080677428898e-16 5.454331274348152021e-17 7.489921725225541587e-18 3.068424550047270000e-18 2.478669774123284714e-18 5.526873190716233798e-19 4.238755656736530503e-19 8.008263812623600528e-20 9.928579488776513742e-21 2.333470714436593549e-21
3.163840150132287580e-296 1.703025410117708134e-244 2.201342668100366198e-218 1.352537721479863552e-188 8.366085215228282724e-165 5.955105131303323683e-144 1.250378849082240435e-126 2.774661208492280572e-112 1.752770066828701065e-98 8.433900823580317137e-87 2.358634793446735611e-76 9.808041635962740620e-68 4.241515066909355681e-59 8.966241594660261692e-52 2.114813588619240784e-44 2.801875681973293746e-38 6.142985868692458433e-33 2.107764704473437089e-28 2.802162465913653322e-24 1.668482951442647616e-20 4.690197923879351616e-17 6.362855446675461921e-14 3.771088176199241763e-11 8.459282309739845415e-09 7.360821338824690132e-07 2.532147288621626938e-05 5.658123000605262947e-04 2.511094774705403473e-02 2.983395986763789365e-01 3.897101745011754548e-01 4.304295975993470691e-01 4.470913372233380478e-01 4.601970968484506708e-01 4.613339600199971025e-01 4.655780119918474513e-01 4.672203312696674993e-01 4.672897619787354517e-01 4.593193146783004499e-01 4.507774746547200673e-01 4.384392112395385510e-01 4.148416637409903518e-01 3.708028873062924613e-01 2.990127513692518169e-01 1.238732076290089273e-01 2.589191506826206239e-03 5.006590286793322162e-04 4.969947104495557719e-05 9.814425313716187773e-06 1.253610820574192012e-06 4.022975887166765168e-07 1.167633551910631990e-07 8.465335750385757684e-09 1.865763068710675030e-09 1.219969011271148105e-09 1.612274244162794264e-10 1.878897595135616490e-11 1.157656536308043640e-11 3.451429173397482052e-12 1.237456401003042323e-12 1.636758963891907724e-13 5.303949738937942305e-14 1.943563497419891622e-14 3.984659428338018034e-15 2.835306255610481114e-15 6.178578312577094800e-16 2.885086257305328054e-16 3.090336472893713018e-17 1.634870469137888361e-17 3.119626812339159093e-18 1.758979561354179171e-17
7.591148807002110820e-288 6.399075949344464391e-250 1.319527343356415133e-209 1.941919546627866457e-191 1.830242724836315081e-158 5.220111710217597141e-144 5.081120509393309249e-126 5.238455493787754992e-112 2.917910482550009723e-99 7.119089130742374560e-87 4.011698633240245544e-75 2.232271691705912314e-67 1.239383396372991560e-58 1.720854190640394611e-50 1.142881850917694593e-43 3.120181869661393627e-37 4.100265236860847572e-32 5.905169158371038063e-27 3.015236481083217660e-23 5.693846942310276964e-19 8.593378524599807599e-16 2.014109884616009877e-12 1.737622556318380882e-09 3.250572444172204599e-07 2.746420522353507874e-05 1.191562024022230779e-03 2.808340317240990425e-01 4.519018089659690984e-01 4.974676406957687647e-01 5.190433974274607509e-01 5.282479993792572603e-01 5.316396400546491430e-01 5.346266137791380046e-01 5.389468356251618797e-01 5.424051019498375981e-01 5.389533886104540539e-01 5.389607274916291546e-01 5.393270454812434389e-01 5.327634966297367658e-01 5.225777077082263133e-01 5.054665525637170864e-01 4.873193368597631414e-01 4.650729661832314066e-01 4.352676463931803852e-01 3.907287436035663530e-01 2.967270143923276815e-01 8.394058499153439490e-02 1.981601659510050240e-03 4.680782278267929400e-04 9.457097446283373242e-05 2.915720387114290407e-05 7.860575288736984628e-06 1.854447171746691407e-06 5.127393579298034395e-07 5.621898991870699109e-08 2.071231199727243543e-08 6.555561745851243578e-09 1.475362335795431064e-09 4.381130119162308573e-10 1.837568857663922198e-10 4.163946990632429866e-11 1.717291188911943229e-11 2.521576596833709631e-12 2.933701585626909701e-12 4.224941694448975834e-13 4.261241140320600239e-13 2.891070785310747429e-13 1.842156230622069982e-14 1.238549650410527281e-14 7.994802438772997090e-15
1.075053828282561433e-286 7.485579345294963437e-246 4.269605594588618764e-214 5.494992589951664429e-185 5.037450541084988556e-163 7.677741094585343710e-143 2.235226503959555840e-123 1.476480975627587211e-109 2.903540526015176428e-98 3.140512276669940944e-83 1.963452746390300313e-75 1.134622379099553153e-65 3.838682762265850244e-57 4.210511324629952683e-50 3.143973356162265702e-43 1.145150834599462445e-36 2.411759623892635861e-31 2.829572805614071824e-25 6.991025037885302348e-21 7.405033783481633619e-17 8.782800929927454553e-13 7.588366397740448228e-10 2.924236899733893075e-07 3.359330980034052065e-05 6.946984171705310358e-03 4.666406499357906856e-01 5.476622758834529536e-01 5.680899809459576399e-01 5.782091292417217421e-01 5.863190752105281733e-01 5.897895263082304496e-01 5.890838032836118732e-01 5.920142533512091632e-01 5.934888520438373893e-01 5.968534885093718101e-01 6.003805485674785780e-01 6.000035916132736569e-01 5.965183857675527834e-01 5.973261350270713255e-01 5.913925686571711582e-01 5.746617951141006486e-01 5.546629234321536206e-01 5.352120311323551594e-01 5.260002351620494121e-01 5.149746719853290911e-01 5.000150568339143398e-01 4.797506830524203569e-01 4.467155600700715712e-01 3.996218938735819903e-01 3.269168363930491927e-01 1.611168988789252465e-01 5.939831788948417464e-03 6.781068782054842882e-04 1.372991821649637381e-04 5.816772241542527165e-05 1.726647450050051009e-05 1.403764271754553572e-05 3.949087193348470667e-06 1.074413023512414015e-06 5.403012894736628934e-07 1.578971599431076283e-07 3.079159507566327139e-08 1.217630286939282005e-08 3.046141648018386786e-09 3.893710291159527347e-09 5.865097638789282801e-10 8.303710614242092466e-10 6.704249218937558182e-11 7.233184434807477325e-11 2.003775592580994119e-11
1.300608159067603647e-284 6.603100108320619841e-251 4.109838661529516943e-206 6.688614715882294919e-184 2.299659677082278388e-160 4.454713267577762688e-141 5.495359256511078704e-125 4.754097068694040521e-108 2.702301486866699528e-95 3.730963732238611941e-83 4.186470560575576524e-74 3.261382238641627325e-64 1.864604516169686062e-55 1.587220918041857632e-47 1.385354141345209949e-40 1.102736335974557578e-34 7.496888540260207741e-28 3.460140530904201178e-23 1.274080729201371372e-18 4.026904129013655719e-14 1.507330442364520132e-10 1.371214716108257285e-07 6.509775561474170577e-05 3.150274033683701513e-01 5.727429230592725462e-01 6.138473549423274500e-01 6.216132758539082426e-01 6.286140654921498205e-01 6.333244096371337672e-01 6.344051090859914588e-01 6.372791612145841667e-01 6.375494986656313756e-01 6.383741173744786890e-01 6.419151955629349704e-01 6.483713883596957661e-01 6.513743972183132502e-01 6.533125633303898949e-01 6.546897132238029826e-01 6.542338732206213203e-01 6.517437176672203902e-01 6.410250090341910179e-01 6.201511947128659497e-01 5.968216642144468231e-01 5.782940678916755894e-01 5.709361778765287276e-01 5.626201737539744396e-01 5.595119410070363841e-01 5.523123014881147208e-01 5.457097218288452511e-01 5.425649734853648098e-01 5.323085041991226785e-01 5.183893776502845885e-01 5.007948839501126237e-01 4.784871333460492537e-01 4.410034507277733051e-01 3.954713808255740926e-01 3.223329773768420781e-01 1.897049030856968466e-01 1.605714770062828881e-02 1.181818212566856756e-03 4.917789609262144743e-04 2.741740159677747042e-04 6.261071804301888164e-05 3.997110344047684040e-05 1.914199011540244197e-05 1.314454398549098762e-05 4.264619958040229387e-06 1.558807879006627294e-06 1.154251360425135431e-06 6.744386608165902713e-07
2.782852493162529978e-285 1.025249594657606712e-246 3.825833577900221048e-211 2.018274324797134695e-181 1.255889136328279374e-158 1.852502761407219618e-140 1.157538565602881745e-122 1.891336947428329740e-108 4.222070955181841133e-94 2.860775892502439955e-83 2.051789347451328683e-72 2.931902217337877378e-61 1.061700823685168071e-51 3.661559010869438488e-44 4.619989703479992111e-37 6.572488339866881994e-30 1.853302626521305320e-25 8.053886606209046450e-20 2.570343416424322333e-15 3.166128026794098961e-11 6.928033379656017225e-08 9.507624281904394740e-05 5.319377045968547435e-01 6.491038527046136819e-01 6.619590651887248267e-01 6.600937412379378477e-01 6.616999010974283779e-01 6.687734054202462142e-01 6.729265416962385560e-01 6.760305344384989201e-01 6.759478494918335079e-01 6.766986620551883602e-01 6.789377520715182968e-01 6.825522750427284180e-01 6.878486667111681774e-01 6.939075746610474660e-01 7.003941196626620735e-01 7.032734941513025806e-01 7.072143493851108520e-01 7.086894591419597988e-01 7.028572208663710352e-01 6.877113920889406096e-01 6.657111435882741013e-01 6.402212250195064014e-01 6.214960568007670272e-01 6.097992362913872144e-01 6.054983848199588792e-01 6.013459223202981541e-01 5.955830717466480406e-01 5.941394696323996083e-01 5.946413087684578880e-01 5.919707746303460860e-01 5.929649546757632672e-01 5.918997646097073906e-01 5.913775007239086001e-01 5.872812048176451194e-01 5.850625490726754085e-01 5.828304748602209928e-01 5.754293075835138493e-01 5.662558587694033196e-01 5.606548380776994467e-01 5.522196751232584244e-01 5.395084198424011657e-01 5.257703029377872594e-01 5.048332435647890915e-01 4.870626139631487606e-01 4.435828561366382261e-01 4.034542790473906182e-01 3.464314333342817243e-01 2.652442631470083856e-01
5.532241477168638181e-284 5.898977102542031827e-242 2.836898922911254672e-212 5.286694938213122342e-184 5.336254283414692331e-158 7.452019654443141262e-137 2.477772760204720324e-119 3.376698543916120101e-103 8.333681587710309244e-90 3.495026804101507173e-78 4.667556174904750902e-67 1.633114603830225469e-55 1.010449824024706734e-47 1.457673187866792970e-40 3.883575103004748578e-34 7.864080302637225307e-27 1.113576914592293517e-21 6.569270913640627182e-16 7.631119780857375548e-12 1.927663416645297593e-07 3.723531962129546474e-04 6.573820331911949255e-01 7.038928356415520282e-01 7.021659195203963089e-01 6.957475971259181602e-01 6.938298053613246585e-01 6.976565516887669460e-01 7.061283508784065299e-01 7.091090128034424067e-01 7.082150986653343860e-01 7.081921406725096846e-01 7.101566589984632527e-01 7.141253958315006978e-01 7.197628722323745620e-01 7.241533426048415434e-01 7.321629436441294825e-01 7.392257562180888364e-01 7.470147024028269689e-01 7.537917659976718365e-01 7.573541256546152400e-01 7.603884165953305185e-01 7.563452401514167978e-01 7.414277883311145567e-01 7.138079064986952993e-01 6.895215988526306461e-01 6.768575693069561749e-01 6.623023194384154433e-01 6.565413044056852554e-01 6.501606566955636657e-01 6.419901584047673637e-01 6.376930611171032215e-01 6.344993049707364774e-01 6.329322681222259162e-01 6.321980062992333949e-01 6.320502847864553075e-01 6.285271816735553685e-01 6.304937237792667126e-01 6.339440236067732659e-01 6.320560325591138007e-01 6.324065596002271805e-01 6.349992152431835901e-01 6.342753723068259575e-01 6.345793409255119366e-01 6.347075440334538632e-01 6.372269550563963714e-01 6.386951931497059087e-01 6.402700456607508528e-01 6.381851545993991737e-01 6.371255341306339970e-01 6.375185370859086653e-01
1.267309124001506335e-279 6.822338644664695479e-239 1.233511310693417239e-210 3.671902909090055630e-179 6.954443817275227634e-157 2.006199020637379014e-133 4.446067162827217053e-116 6.600879467072408514e-99 4.303052365558586591e-85 1.836575654220286029e-72 3.855604880143707562e-60 1.258360767665976687e-53 1.011717394814825651e-43 7.874656036256570808e-36 1.246678598318909963e-29 7.160827381120468154e-23 3.404231010152388787e-17 7.349845097237045732e-12 3.524119939633102360e-07 2.977482006651096524e-01 7.345163983312386069e-01 7.446518817705213289e-01 7.353197928400714289e-01 7.270355349850681215e-01 7.182764164336474799e-01 7.226043853888549640e-01 7.329604252840437040e-01 7.404246236935969616e-01 7.410441979229717147e-01 7.387009188672750692e-01 7.372708627586674890e-01 7.402741127999727944e-01 7.452279144740552308e-01 7.507426939766386198e-01 7.567191986071385434e-01 7.643968261177315204e-01 7.714689177437512591e-01 7.811826761026295918e-01 7.910130170562176266e-01 7.981731112616606838e-01 8.074748571704797317e-01 8.128976207202930349e-01 8.082165244555067352e-01 7.965551374406429908e-01 7.794242410437967061e-01 7.623830748277871106e-01 7.439311166027752220e-01 7.320910919754669566e-01 7.267092152155714135e-01 7.175366325570630144e-01 7.110239816183047123e-01 7.032046573451031790e-01 6.953880196279405013e-01 6.931054989666241006e-01 6.867437027992657761e-01 6.823086066257159077e-01 6.821231333969650645e-01 6.801701916366140743e-01 6.781215548213247457e-01 6.780189779250083149e-01 6.745797943506285366e-01 6.769024683274824650e-01 6.756048111589169070e-01 6.755402175453721902e-01 6.767020195006954175e-01 6.760007475029068402e-01 6.763675809374170012e-01 6.784204147318539935e-01 6.786738302122342636e-01 6.813553680489961017e-01
9.162704619415085253e-281 1.958773989019900184e-236 8.848724639571758938e-204 1.582798820343553440e-174 3.983886080612364472e-147 8.156403043316361916e-130 1.757413860988082644e-108 6.811862413809215114e-93 1.418169075275332746e-80 5.510158473127098515e-67 1.789041057997004417e-57 2.177514005224427552e-47 6.292981748369939607e-40 1.892149282382662292e-31 6.783196023091014000e-24 8.736704019293780623e-17 1.616773316814546287e-11 2.528396932084326044e-06 6.621140670298825137e-01 7.855619509431629455e-01 7.783872444275027336e-01 7.645832566371686401e-01 7.557647255662911512e-01 7.461898713622303614e-01 7.451188777388680906e-01 7.533697017456832956e-01 7.640433307171792254e-01 7.698426782263425583e-01 7.677759141056652581e-01 7.647297779178100496e-01 7.653309918474447970e-01 7.674099309665602942e-01 7.720603691551716219e-01 7.763655824310553566e-01 7.837886288990427719e-01 7.898185672754861608e-01 7.968630007356917178e-01 8.058741376612177376e-01 8.165265688693801316e-01 8.270430015027753212e-01 8.381536022684960008e-01 8.485053938839199894e-01 8.536196059643784695e-01 8.550511943469629728e-01 8.485142642695265858e-01 8.438367939219739711e-01 8.285803746876609921e-01 8.230265771159913646e-01 8.148171931888461561e-01 8.113657852868869647e-01 8.068329645908963732e-01 7.978879977357772324e-01 7.931393027292844566e-01 7.878960835564660092e-01 7.794289195005339455e-01 7.758913922865301460e-01 7.681302163607224287e-01 7.675422833588488869e-01 7.582410282801544943e-01 7.569476510485343423e-01 7.551638235100375240e-01 7.521440588909780178e-01 7.510861326010421779e-01 7.512156653999406686e-01 7.477318255691214333e-01 7.469146543073185152e-01 7.465327592191780548e-01 7.407110102405776164e-01 7.397400423536799607e-01 7.376525722871138946e-01
2.105919833108555866e-268 9.120463551985606840e-229 2.390086700401233623e-198 1.014572273610877656e-167 6.350158417946377624e-143 4.880671021484257614e-121 1.643819781935211497e-101 4.506309923771876759e-90 1.674915500868180872e-74 3.218123039201132160e-62 1.152777399347430729e-50 3.008406313766360384e-42 2.699403706621613887e-33 6.206749051713682550e-25 1.086686213690511412e-17 2.225155438164995752e-11 9.030250542995080880e-06 8.000966559850091198e-01 8.228737827132461824e-01 8.071978566182630432e-01 7.913108794213515873e-01 7.820480228804012057e-01 7.751523661797690146e-01 7.697507283472874162e-01 7.761496716024225417e-01 7.835317145079305767e-01 7.940373325698657503e-01 7.964587746288545045e-01 7.924018753318746722e-01 7.894966503833417137e-01 7.889965807283993993e-01 7.898110871950347889e-01 7.928963791451475451e-01 7.980397429891223915e-01 8.044489229232538730e-01 8.122915589426877858e-01 8.180016643424123934e-01 8.268676155327577826e-01 8.366419098469618509e-01 8.477558813776757685e-01 8.580547015052099047e-01 8.677713516806055960e-01 8.774254694044782976e-01 8.839007493522827996e-01 8.883463354254879096e-01 8.875897142310692489e-01 8.875630437168322562e-01 8.832668247162110964e-01 8.791941707597999978e-01 8.813516830393808288e-01 8.767182404643203419e-01 8.762997447113357596e-01 8.754081489724380161e-01 8.763379200809962022e-01 8.702859252235757292e-01 8.700767897284703567e-01 8.671461140879207496e-01 8.639435651950657657e-01 8.580590243789055771e-01 8.604237020918057421e-01 8.603101788697351537e-01 8.518474810653017260e-01 8.469725988440369724e-01 8.494196996484580930e-01 8.502509386823543514e-01 8.463635512364492408e-01 8.424271124917145359e-01 8.422428687418622717e-01 8.358123160193584589e-01 8.386363466443355064e-01
1.666745982958154959e-264 1.461532060948648944e-225 2.767491361873819743e-191 2.389163767419021870e-159 1.029224835120246110e-134 1.113546596722214056e-115 2.867106277232423523e-98 1.716990339633859147e-81 1.946545713270619482e-67 5.808019516403096574e-56 1.423315657503855255e-44 1.059031347978497636e-34 6.969799462615322439e-25 1.392067927177619861e-17 1.437751778882571422e-10 9.977273757794166004e-04 8.628789847727178497e-01 8.549042569035053551e-01 8.333966853257727125e-01 8.176124380885468890e-01 8.081693810612304851e-01 8.034974902971671051e-01 7.932949126352567548e-01 7.931458229003527372e-01 8.022454511332751670e-01 8.127891782324609959e-01 8.184968948025929114e-01 8.172256859772688564e-01 8.134507834758256672e-01 8.100368237642940894e-01 8.086664796920061127e-01 8.107095124276912923e-01 8.131224897426531095e-01 8.182794783033568997e-01 8.242620239751166089e-01 8.298214214704399128e-01 8.367385501181973106e-01 8.439067905856613150e-01 8.527315845664169558e-01 8.613406322236122348e-01 8.712230764123802818e-01 8.820874373812639391e-01 8.898929322087483218e-01 8.978296763583984985e-01 9.064771632155177450e-01 9.101717647066640549e-01 9.137944516469201917e-01 9.160011582585609879e-01 9.163807622719053469e-01 9.164737303796156587e-01 9.169956698728578548e-01 9.173185327853675686e-01 9.171043527742650525e-01 9.213879741854044125e-01 9.217280935771511308e-01 9.233867369245969403e-01 9.236387864123928315e-01 9.244535901525511301e-01 9.262020856770561972e-01 9.252631563667651493e-01 9.217206465076610566e-01 9.237421307938318282e-01 9.223321883458801551e-01 9.222988786841379572e-01 9.196179857576134431e-01 9.211880480222660594e-01 9.216334979942861771e-01 9.227603588918865674e-01 9.205350653179658060e-01 9.158307825970647409e-01
1.910739491920238961e-256 6.845898709411193389e-210 1.078106729493564808e-181 1.433606642555121121e-151 4.709466596538424833e-128 4.838815355824122874e-106 6.540184035098776332e-89 3.063543940558445706e-72 1.805830977227609258e-59 5.877620217426557071e-47 1.783508232066442448e-35 4.313653191238736173e-26 4.635747156413688846e-17 6.253295071559006393e-09 8.071877212703222337e-01 8.992133742484705872e-01 8.804128732711474781e-01 8.593041462851404022e-01 8.437186694359923855e-01 8.318759942034803512e-01 8.301078095457765649e-01 8.194524411765200522e-01 8.147741594660993236e-01 8.210553186251295932e-01 8.289749795620492412e-01 8.365946034995983549e-01 8.396231546994783468e-01 8.376147753046687683e-01 8.322741797844824818e-01 8.277747638500597693e-01 8.259183340389003591e-01 8.287280508565234571e-01 8.320682220556602227e-01 8.360110426759305158e-01 8.397570237358644718e-01 8.460560284026665823e-01 8.516789483231879121e-01 8.577596002053589075e-01 8.645209182888989874e-01 8.739691223592480629e-01 8.823838226353013514e-01 8.906884617887945721e-01 8.974885827259014848e-01 9.060081453392860862e-01 9.121162024867658369e-01 9.188655496080772034e-01 9.241194956691322071e-01 9.282025019244135589e-01 9.309601036306140998e-01 9.334236276970233614e-01 9.346712467884704667e-01 9.358526989473756608e-01 9.372815968079475368e-01 9.393715783998007884e-01 9.405454946882384482e-01 9.422483548369996464e-01 9.435585111195121666e-01 9.459485755564811527e-01 9.486896197938371467e-01 9.497796502487902970e-01 9.508748859215908622e-01 9.529188044709198113e-01 9.525285033399202295e-01 9.547571472335725229e-01 9.547803589241190547e-01 9.564343748401870071e-01 9.559680567189030587e-01 9.558032930777217162e-01 9.565251313310657588e-01 9.575036333528654797e-01
7.173234811441465061e-246 2.008332678411775278e-204 4.167610871583530690e-173 5.205213295505890053e-146 4.440265441710215181e-118 4.423854234611398286e-95 4.101330688780727743e-79 2.034767000586033013e-62 1.923667064434993246e-48 7.837462993503815793e-37 8.350919212658573870e-25 7.960033854185889225e-16 5.962106884784595014e-07 9.265432884453832507e-01 9.234353165053611479e-01 9.015371712346740285e-01 8.814686802408555621e-01 8.661230426199840737e-01 8.564360674276905172e-01 8.529087294065114122e-01 8.452578845530522855e-01 8.342312862932000916e-01 8.376666299516527525e-01 8.470221356979064087e-01 8.546358096868650334e-01 8.590472797574612018e-01 8.592846292044958867e-01 8.542306685463232352e-01 8.476632989913495120e-01 8.448754392943261804e-01 8.428864149877804968e-01 8.464683543687706591e-01 8.480540936549768594e-01 8.506941332808061196e-01 8.544995035330025246e-01 8.603510730184558142e-01 8.644517341918174225e-01 8.705350631331213451e-01 8.762070843306474233e-01 8.829079728640215619e-01 8.921271638173993157e-01 9.000891376549606804e-01 9.058853372943408422e-01 9.106990529738727691e-01 9.163577300997688413e-01 9.224298264511642254e-01 9.284575903043169598e-01 9.328437031954847081e-01 9.361584676262207916e-01 9.390729926928929050e-01 9.417835271710442990e-01 9.435465268988871834e-01 9.457100873936132857e-01 9.470338521619166006e-01 9.485413312089235882e-01 9.497003553506142559e-01 9.508231545040342070e-01 9.530040406895401439e-01 9.548233966999947198e-01 9.558612582073754416e-01 9.576731267995736152e-01 9.593664777356633033e-01 9.606616138596383303e-01 9.620831226586437079e-01 9.638712571443104338e-01 9.654366882083670331e-01 9.662456165376163142e-01 9.673307674736627559e-01 9.683917557197641024e-01 9.691861586868423251e-01
6.454955700034561164e-235 3.498385212716710239e-193 2.343330792051321204e-162 1.797380217137829976e-132 5.363945459818826861e-106 7.993038420568138525e-86 8.291913686660216942e-68 1.754776331071812243e-49 1.766417641485339021e-35 4.519515568145652241e-24 2.157867041545884092e-13 6.248409388319313695e-01 9.555905264617150507e-01 9.394480148774138062e-01 9.196677241355474264e-01 9.025977181910970204e-01 8.890237031885565022e-01 8.781654024096418043e-01 8.761343069136445783e-01 8.688593002474923610e-01 8.559870108780496256e-01 8.537184097968402163e-01 8.596496196228078368e-01 8.687254319510395728e-01 8.742091581948081558e-01 8.772817915142334666e-01 8.744391125395730713e-01 8.675129797308555046e-01 8.624617042221287555e-01 8.582687826465719150e-01 8.573320476708641280e-01 8.595069842658777937e-01 8.624171723902128717e-01 8.654979997369607325e-01 8.683619897920878961e-01 8.731083136377258969e-01 8.773339690869977892e-01 8.820807657943553481e-01 8.869478966387769336e-01 8.930182928616589022e-01 9.000497754106500103e-01 9.072869166255140838e-01 9.137142591329918684e-01 9.185491976061251895e-01 9.216364288160516782e-01 9.259793210139684039e-01 9.298356970141897770e-01 9.350629501588711978e-01 9.390139778472428311e-01 9.420305353016189542e-01 9.449044404027935329e-01 9.469945793983483018e-01 9.488907291086026152e-01 9.508300121081285639e-01 9.520743433057758942e-01 9.535496138368025898e-01 9.553020299555551320e-01 9.568612756410609377e-01 9.576534745130550474e-01 9.588962132085092627e-01 9.601699110198970155e-01 9.614668096765083272e-01 9.625998996605934499e-01 9.639828050434053885e-01 9.645456256378467375e-01 9.660045038470284062e-01 9.668442324553737643e-01 9.682222319761641938e-01 9.694467795512012875e-01 9.702691742703603017e-01
9.580901238021872067e-220 5.830909653922546903e-180 1.019382140183148490e-144 1.489679461268860673e-116 8.485047442769922384e-91 1.199089938013212414e-69 5.351996655260672898e-53 1.552466770153631375e-35 1.625346080178762758e-20 2.988344769553805948e-09 9.724138062034515251e-01 9.680181717785814044e-01 9.524006326052544269e-01 9.348120265828020470e-01 9.192474626308444474e-01 9.085756371732557346e-01 8.970846094173354768e-01 8.943958511475438300e-01 8.904129281013404285e-01 8.776231645031137285e-01 8.718811569940196904e-01 8.749220680785972926e-01 8.806924661400892251e-01 8.883080070386653038e-01 8.908143989848315014e-01 8.915720083172515853e-01 8.872669944256474928e-01 8.802941098480778770e-01 8.746828664867545289e-01 8.717761625946510717e-01 8.720254046765170131e-01 8.736025645782673488e-01 8.760111670614749713e-01 8.776193205792517382e-01 8.814752755163910436e-01 8.841909419308425777e-01 8.883051857398153173e-01 8.914874746696915819e-01 8.966080362411683602e-01 9.014392967127836664e-01 9.074825097142155128e-01 9.146056385731473615e-01 9.203954544381255376e-01 9.245875167021776475e-01 9.273548771659789747e-01 9.304437061317168967e-01 9.334163326749870260e-01 9.363043155951866758e-01 9.403153997948020537e-01 9.441890948445017528e-01 9.469791567497168883e-01 9.491864488418181312e-01 9.510554668286714808e-01 9.525726811393567806e-01 9.544021267923230578e-01 9.562166401341138933e-01 9.574700594158342959e-01 9.583785358601575322e-01 9.597816912636695230e-01 9.609312053437398804e-01 9.621508321760645632e-01 9.630272743117149759e-01 9.641952120576381402e-01 9.650783807901951450e-01 9.656830001185118251e-01 9.666334428251169841e-01 9.677165207009970072e-01 9.685315202735699236e-01 9.694147606247071058e-01 9.699737289918796135e-01
4.648374933773044949e-205 1.501041282521978190e-164 1.796473620199111402e-131 2.068614047603777684e-101 5.882362894645559985e-74 8.407716267491550722e-53 7.074467798577242347e-33 3.941197859621397343e-18 1.861479366818695469e-02 9.863817009573508932e-01 9.758069447113014716e-01 9.613228276352658863e-01 9.476059875215384620e-01 9.360310457061412626e-01 9.243891929171056399e-01 9.161779627630991518e-01 9.097607412021344597e-01 9.103790899144104110e-01 8.994378974312936537e-01 8.887257390519646139e-01 8.889419364143087421e-01 8.945259754847713074e-01 8.992579067162108641e-01 9.038712783590359123e-01 9.051222451343868824e-01 9.040292141228977174e-01 8.986034718543876032e-01 8.905124229053958951e-01 8.852224635949694775e-01 8.842069509295247265e-01 8.849857412815078650e-01 8.859642399350688979e-01 8.875912350871310030e-01 8.900969118956389980e-01 8.927696492297555464e-01 8.954560059694358642e-01 8.987859629692465102e-01 9.019509414333715114e-01 9.052643220221575637e-01 9.098855560169013534e-01 9.144222360301619279e-01 9.205058159758413572e-01 9.263888601017438162e-01 9.306254117427719130e-01 9.336254174869450528e-01 9.357780205584017574e-01 9.373652667986094311e-01 9.399808119261298112e-01 9.423429675345578183e-01 9.460922660910020543e-01 9.480125413356988995e-01 9.511927384976726074e-01 9.529046099883472509e-01 9.551343929877493810e-01 9.565751773025936711e-01 9.580690559335159895e-01 9.589328960443640471e-01 9.600477898010777444e-01 9.613554312674317259e-01 9.620879481014810164e-01 9.636932937772824115e-01 9.644409028190925603e-01 9.655580500150452439e-01 9.663966237819590077e-01 9.675662293424832638e-01 9.683824261353157770e-01 9.690495332365517411e-01 9.698259654618824888e-01 9.705967012489683521e-01 9.711032203644893723e-01
2.032982602688486830e-187 1.341766582147418059e-144 2.067783641509594774e-106 2.924386153521990922e-77 1.002667328052112960e-53 2.098596514882428378e-30 2.049233516409655586e-12 9.944867218848643109e-01 9.908510124205293090e-01 9.815232335457239055e-01 9.700206937709948685e-01 9.585940477698328133e-01 9.489827483884861747e-01 9.397954335600993137e-01 9.336764805462594019e-01 9.262027807907462496e-01 9.253852814722807185e-01 9.188351816550410778e-01 9.064942425687123606e-01 9.042254880718428867e-01 9.072854559249464712e-01 9.117813478953192829e-01 9.157221201990076720e-01 9.182795527420180015e-01 9.165276666848555243e-01 9.131276320808365821e-01 9.066660129509694910e-01 9.017077826420842879e-01 8.980172687015832711e-01 8.964809746244454258e-01 8.965389466439981359e-01 8.976973621629757982e-01 8.989536412489909090e-01 9.013817452156978050e-01 9.035522173417855907e-01 9.061948456676611752e-01 9.082087441735596789e-01 9.120200989865331342e-01 9.139027529389743831e-01 9.170898022532433247e-01 9.212602361533027695e-01 9.274333782159133177e-01 9.319257983622247776e-01 9.367938507823594385e-01 9.396001103274501665e-01 9.418319030357825694e-01 9.433104345631009302e-01 9.443353271640007041e-01 9.461532563330892209e-01 9.479561053337123289e-01 9.501290003048410426e-01 9.524060056813714592e-01 9.551601561905534998e-01 9.568854756616917978e-01 9.587013997473528004e-01 9.601915920794908965e-01 9.611297651997362523e-01 9.623987646670392193e-01 9.630035529935381255e-01 9.640324605252197365e-01 9.647125507363280006e-01 9.658592750134269433e-01 9.662967068086999456e-01 9.673184906036021991e-01 9.682639805499841934e-01 9.689222009575432226e-01 9.700035372105170195e-01 9.707823832779376438e-01 9.711641332636089530e-01 9.724690304418521780e-01
5.113433946352477497e-160 6.014788788149912317e-119 7.651492576666664278e-86 1.557889012549016413e-56 9.942730927897674860e-27 2.342132348856630186e-05 9.978492887999592664e-01 9.935256684061046784e-01 9.858309211018719820e-01 9.771905565766250135e-01 9.695546075668036723e-01 9.608348258222855209e-01 9.528532433327221440e-01 9.483736595125215052e-01 9.402760800098874938e-01 9.384783550073390046e-01 9.347182635776667414e-01 9.250486133676671940e-01 9.189263189887508787e-01 9.197720980752931430e-01 9.235573956445390920e-01 9.261467078754035409e-01 9.286257484421552855e-01 9.287106279230926686e-01 9.270308698188360896e-01 9.213932825487797240e-01 9.159577597975275820e-01 9.111473749756966445e-01 9.083477769252463752e-01 9.078734421040092206e-01 9.080336920116428567e-01 9.088713846942123586e-01 9.097495439058896904e-01 9.119359002196975039e-01 9.139603708096922796e-01 9.164540285985822710e-01 9.179919221740225899e-01 9.200037372512775979e-01 9.228791960393635252e-01 9.258112191095060339e-01 9.285330944255520969e-01 9.333889474246873652e-01 9.377241160901491623e-01 9.420207040569673618e-01 9.450867872191358598e-01 9.475114231393517716e-01 9.491822911092280268e-01 9.492665091168823732e-01 9.507816675503478754e-01 9.524563373133245747e-01 9.536883840246881405e-01 9.548701605161568073e-01 9.570442404725187924e-01 9.591823105715043818e-01 9.603865178232592337e-01 9.619607922166362179e-01 9.637911588906221683e-01 9.646578379793578906e-01 9.653936699999416948e-01 9.664140093311801571e-01 9.672136078974065132e-01 9.677345302461211052e-01 9.681796856948081675e-01 9.689100982758275249e-01 9.695898848218547084e-01 9.697935063940551492e-01 9.708171696601510803e-01 9.715502206044044353e-01 9.722757262112935450e-01 9.728900852232605923e-01
3.060216042984639536e-127 1.392400614358000492e-87 1.437111371443016877e-51 1.246268143939659134e-19 9.995490581488191140e-01 9.988446401937142172e-01 9.956411488866161452e-01 9.901317142373319280e-01 9.841434804970244921e-01 9.772499344926099951e-01 9.705820834089862181e-01 9.648314968456909169e-01 9.608726572926941101e-01 9.536020710983739157e-01 9.504766723748735435e-01 9.487899694331384248e-01 9.416102238456511841e-01 9.323720049977924917e-01 9.311441894479212111e-01 9.339629366579126346e-01 9.369810615077169835e-01 9.386433156449661697e-01 9.391039836663028773e-01 9.385154236146336926e-01 9.358477850977988677e-01 9.297742166055442681e-01 9.261283505520765402e-01 9.206679873344929543e-01 9.184660306768226423e-01 9.192643630747879824e-01 9.182516723308233875e-01 9.205420784415552227e-01 9.208116465188695976e-01 9.222870949432545595e-01 9.243456778077484559e-01 9.256468428618055411e-01 9.276312641646512480e-01 9.296783303843833002e-01 9.310826042307096539e-01 9.336253786974341162e-01 9.349136812961821308e-01 9.393438832967249130e-01 9.433493848734604281e-01 9.470591472047038550e-01 9.508704576194443314e-01 9.527440952336200253e-01 9.540898840349650856e-01 9.544246008955716842e-01 9.565009933473838100e-01 9.566460332386343968e-01 9.572433729318935436e-01 9.580885310413274070e-01 9.599139925484269087e-01 9.614755183340067957e-01 9.628294806508423953e-01 9.640609834587251514e-01 9.661698518254482337e-01 9.670536467607192543e-01 9.676231273422365442e-01 9.688715979735907924e-01 9.698981344914964220e-01 9.703418102800356326e-01 9.707044902339608816e-01 9.712892434949014220e-01 9.718173708857335003e-01 9.720602973327532315e-01 9.726130099146945707e-01 9.728774607036941857e-01 9.734842575618087857e-01 9.740960080679043065e-01
3.148300171576471804e-85 1.057111733942296372e-44 1.479965278852545470e-09 9.999379897656197613e-01 9.994248163464124479e-01 9.974238833788986458e-01 9.937812723955518068e-01 9.895212875410046571e-01 9.847362547032729729e-01 9.795776126490362001e-01 9.751876898600059240e-01 9.706691094468984371e-01 9.662496371306265042e-01 9.616248596767128509e-01 9.608886072919140542e-01 9.564387030430736569e-01 9.484780264777408210e-01 9.434559934246650181e-01 9.449283077678214404e-01 9.463099096426113022e-01 9.480124925463883079e-01 9.490369680262263907e-01 9.488212537987497086e-01 9.481208453410010506e-01 9.424064292255834863e-01 9.387682201149252226e-01 9.331637997796560224e-01 9.302372007554279287e-01 9.299159086609007918e-01 9.289252539031134237e-01 9.292652500971521068e-01 9.303515988454990060e-01 9.310305302932351257e-01 9.317427397141345713e-01 9.327756014899967196e-01 9.352537089489987299e-01 9.363759363351932263e-01 9.372754499918507509e-01 9.400828609727496232e-01 9.413643303928926898e-01 9.428814116604352646e-01 9.453325926649811528e-01 9.491056153884193103e-01 9.518948365237621667e-01 9.556337750334400472e-01 9.588311844262517036e-01 9.596762341669513585e-01 9.609303997720057833e-01 9.617423288729900488e-01 9.622394342590586680e-01 9.627481792860294041e-01 9.629155359215365584e-01 9.638561872898783189e-01 9.648656523072615121e-01 9.657853529114465152e-01 9.664732401061304490e-01 9.681362837968059409e-01 9.695147588643573400e-01 9.705297172553215557e-01 9.716072618137516770e-01 9.727299639083278882e-01 9.727957515977527780e-01 9.734492331417679001e-01 9.740957246035404360e-01 9.743781036271119689e-01 9.751524077943349855e-01 9.754740108396017240e-01 9.757026935218141572e-01 9.757650041245706785e-01 9.762388254083481653e-01
7.422619298120683555e-37 9.999551481675962306e-01 9.999918756412871090e-01 9.998360932522207811e-01 9.990412011871784292e-01 9.971206342160412461e-01 9.941761822334838072e-01 9.908545708444679301e-01 9.872808154691348204e-01 9.842322164444323729e-01 9.798559648040021663e-01 9.771237645172307085e-01 9.719912887860383544e-01 9.701561204541551131e-01 9.679188594210014207e-01 9.632606500867570976e-01 9.572329473228236019e-01 9.549353193189972222e-01 9.566595963877181363e-01 9.578725507177557885e-01 9.584087678834699586e-01 9.590790308079347737e-01 9.586614099778675291e-01 9.563732243470988159e-01 9.519476748599160487e-01 9.475347642557828687e-01 9.431742119493669030e-01 9.410916138393231600e-01 9.396552807496948434e-01 9.399995121354690619e-01 9.410469440650283124e-01 9.403327219335800846e-01 9.411200248668813995e-01 9.419497840693858981e-01 9.442737270926060411e-01 9.450478728839230014e-01 9.466078314733437082e-01 9.470651453655101193e-01 9.482488437374264612e-01 9.501299881882779852e-01 9.503371747732554109e-01 9.525487303703201736e-01 9.555161581209876687e-01 9.589432678641768293e-01 9.612962877761321856e-01 9.643575748509503054e-01 9.653400254481041554e-01 9.661497747873147857e-01 9.672139323119117726e-01 9.678193668987663534e-01 9.678965183430329189e-01 9.684513008973126835e-01 9.687139656579786262e-01 9.694726555601886897e-01 9.703030491572661731e-01 9.710687206742235622e-01 9.721314465428300133e-01 9.724425588488767591e-01 9.734851542336202534e-01 9.747973141481872661e-01 9.755502744932659231e-01 9.759934349062907577e-01 9.769393456850438140e-01 9.772352456907238416e-01 9.776625809104855236e-01 9.778886359344329815e-01 9.786407759777201454e-01 9.791968910085986355e-01 9.791333396500131458e-01 9.790289075017687415e-01
9.999996026364340596e-01 9.999997361517655170e-01 9.999791893691901690e-01 9.997977928187792296e-01 9.990607972081366750e-01 9.979262376098473331e-01 9.958815214298546437e-01 9.934913606924421492e-01 9.906714898885810028e-01 9.886049206119613686e-01 9.863653509921402884e-01 9.830368828085466193e-01 9.798401338590067011e-01 9.794061019226871778e-01 9.762185419912284834e-01 9.703621200768314248e-01 9.670910417618505672e-01 9.675691797203785915e-01 9.681716843259423610e-01 9.682601729225371878e-01 9.688904344617936815e-01 9.686841794580671738e-01 9.678038391480543456e-01 9.646758230152842062e-01 9.615946663232646241e-01 9.564712569068564152e-01 9.541622711285422387e-01 9.527481014765153411e-01 9.520306477213141827e-01 9.527939247315257987e-01 9.521225887540286648e-01 9.523261024822231580e-01 9.526450656643254966e-01 9.526682856593559068e-01 9.547729118781648205e-01 9.549727109648307177e-01 9.557531191245787205e-01 9.572053176158300536e-01 9.580750131741301301e-01 9.587186153222931884e-01 9.605989898448791253e-01 9.613969472926544579e-01 9.631550260254573281e-01 9.643847633908759764e-01 9.683837423161811842e-01 9.697721029017069005e-01 9.717553525906845735e-01 9.721864697346064288e-01 9.728784033421915556e-01 9.732680538969576967e-01 9.743522948666912820e-01 9.746674079532523516e-01 9.747422752809519197e-01 9.750823176571663531e-01 9.752857227755403757e-01 9.757487861291388453e-01 9.759182892961573152e-01 9.772952710655403719e-01 9.775349921428221345e-01 9.780909001619059184e-01 9.786329724092410753e-01 9.795794323552778904e-01 9.802547734728717099e-01 9.804093437121549348e-01 9.815642160270030558e-01 9.816357859307723865e-01 9.820798567054100925e-01 9.825174619203769222e-01 9.825390060078831311e-01 9.826119824252804724e-01
9.999999996561975690e-01 9.999996838911701103e-01 9.999854860967174464e-01 9.998766836896593180e-01 9.995452719966798627e-01 9.988073022570664872e-01 9.977093898473021749e-01 9.962886218259729976e-01 9.946720273688206548e-01 9.923420259508940466e-01 9.915132763186391696e-01 9.886809860453158461e-01 9.865116510615501433e-01 9.855888818957522224e-01 9.830014374274071987e-01 9.786284090264595337e-01 9.768902277040555360e-01 9.776166816941177506e-01 9.778735934727361689e-01 9.777433315040581219e-01 9.776442913822552816e-01 9.768237313578806980e-01 9.749427567025205077e-01 9.724172805919562013e-01 9.686502520548906370e-01 9.657525783979088452e-01 9.633799551895095847e-01 9.624289110404505854e-01 9.615033836353820140e-01 9.617235678465639870e-01 9.616410324048015879e-01 9.622284952557946802e-01 9.628714989270633628e-01 9.618660120193176510e-01 9.636593218936391203e-01 9.636835135806923747e-01 9.636392213395765793e-01 9.644266757337690565e-01 9.660156532280440578e-01 9.665735930470918946e-01 9.679925911132994942e-01 9.679673192083261268e-01 9.694422573245479180e-01 9.709443917606312979e-01 9.732343013274309396e-01 9.756343106142107979e-01 9.765218205591503775e-01 9.769538726348058200e-01 9.771331963845329982e-01 9.783961214452220334e-01 9.788607820625875311e-01 9.792667441950160256e-01 9.790338767576238777e-01 9.792307392767548579e-01 9.791517425452777035e-01 9.801038623507084546e-01 9.801408123383077431e-01 9.805835044153898838e-01 9.807840358474840814e-01 9.811512702465650104e-01 9.820363191141848747e-01 9.819497893935831279e-01 9.828938454582498707e-01 9.833535925168929159e-01 9.835361644698448202e-01 9.838289865253961874e-01 9.841569116899141489e-01 9.847805146754881056e-01 9.846225984691535649e-01 9.850084709261374138e-01
9.999999998379673904e-01 9.999998650618930895e-01 9.999944082531784240e-01 9.999448114535298693e-01 9.997359135229683114e-01 9.992929469133666753e-01 9.985048566809543447e-01 9.975783752058219322e-01 9.964830189502147384e-01 9.949553087338210977e-01 9.936975443033562172e-01 9.912164594389357708e-01 9.906848309939138009e-01 9.895000483529741153e-01 9.864714876134559329e-01 9.831321399643373482e-01 9.826055641046885780e-01 9.825915627816167452e-01 9.828398592293888791e-01 9.828272853779449481e-01 9.820410775826243777e-01 9.815408161947370980e-01 9.795328000949885539e-01 9.769023486642810505e-01 9.734734675198173370e-01 9.703267754721062177e-01 9.692785915355283111e-01 9.686310847270577229e-01 9.682053398484734563e-01 9.676712217298548691e-01 9.673862883538824065e-01 9.671147892515449263e-01 9.677160228631845884e-01 9.680557443174057086e-01 9.679130550286267898e-01 9.691629694090143632e-01 9.688636633660399067e-01 9.692586087399764905e-01 9.706415396534187057e-01 9.704674386160487831e-01 9.710785155734464880e-01 9.720501892478210504e-01 9.725131463930857256e-01 9.736223239670903640e-01 9.758446973872620944e-01 9.769360669553368570e-01 9.782777449824470173e-01 9.800092698354867515e-01 9.805623028174015321e-01 9.808567031347915632e-01 9.809066038504156149e-01 9.813796192326639245e-01 9.814835064891415106e-01 9.816679451270979850e-01 9.816552813491221663e-01 9.817804673592495091e-01 9.822137680410539806e-01 9.818884574904852558e-01 9.826370466577266649e-01 9.827231307297961127e-01 9.830377153808771418e-01 9.836617454057215992e-01 9.842302607076894860e-01 9.845472657188139021e-01 9.847158929495144486e-01 9.852444339540689100e-01 9.857133592288167545e-01 9.860223224889704818e-01 9.861652160673881617e-01 9.863990538440751132e-01
9.999999997549321451e-01 9.999998555135219958e-01 9.999945735533002367e-01 9.999527720418960319e-01 9.997995913027396542e-01 9.994119962650540590e-01 9.988951216634270880e-01 9.979759061900285166e-01 9.968052277952439422e-01 9.958568786685899621e-01 9.943030685408733582e-01 9.928528869714452476e-01 9.921125257183449619e-01 9.904639820209885093e-01 9.867810374919564476e-01 9.850716597937438923e-01 9.848296168014181173e-01 9.852539461672278343e-01 9.851164666060672204e-01 9.849824306457889422e-01 9.843479326727385681e-01 9.826260984660147857e-01 9.809487551406886885e-01 9.774510638171444166e-01 9.745808634769370649e-01 9.725601307674884843e-01 9.716623503714624244e-01 9.712095543913434881e-01 9.701998774513186374e-01 9.700147849514163534e-01 9.700183775393261820e-01 9.700263327376046352e-01 9.701751227823977031e-01 9.704349883096456963e-01 9.702355374017859191e-01 9.711177479871083706e-01 9.713702535355659418e-01 9.718721945426411768e-01 9.723177636929957179e-01 9.728290811270265959e-01 9.736690229447634293e-01 9.737381028713760767e-01 9.745274186106657188e-01 9.751864029307486526e-01 9.764895469642120851e-01 9.780175619428872480e-01 9.795731375929564999e-01 9.806290192862417987e-01 9.811550861792961431e-01 9.815734644434508382e-01 9.822190240109031079e-01 9.821957679520303408e-01 9.823619141613547656e-01 9.827214750833158652e-01 9.827744912152410750e-01 9.828538510744585510e-01 9.828598300469891802e-01 9.831262936120742646e-01 9.830924931689802859e-01 9.834195550965759702e-01 9.837176159807817788e-01 9.839673497598534491e-01 9.844383380354586599e-01 9.846009849122085988e-01 9.848703265684551900e-01 9.854059347828136861e-01 9.859485633816998940e-01 9.861181502454682279e-01 9.864792945207631059e-01 9.863861911260303206e-01
9.999999986594070300e-01 9.999996592130371287e-01 9.999916943274422820e-01 9.999359526147849619e-01 9.997576814392610256e-01 9.993950987275789233e-01 9.987474284981753270e-01 9.979051845502260321e-01 9.967968949493326569e-01 9.957955567386727047e-01 9.941516980670861425e-01 9.930176140770935467e-01 9.920513312742329504e-01 9.896101245643430522e-01 9.869258469478972007e-01 9.860233996164899928e-01 9.859285671849449262e-01 9.857931652108465892e-01 9.856743630621644936e-01 9.852479677473320319e-01 9.843865979953714263e-01 9.825670235825172405e-01 9.797681844016867814e-01 9.770873380020539400e-01 9.745344631999135476e-01 9.733288944441901291e-01 9.723010784598392631e-01 9.716109754265790377e-01 9.712768243153313552e-01 9.709613178051069715e-01 9.707950314353688270e-01 9.706433825316408415e-01 9.707544826671803406e-01 9.709529358297596113e-01 9.712475800370504730e-01 9.716142625443413561e-01 9.719763859226502323e-01 9.725342997574152326e-01 9.730632833472585563e-01 9.733693101732389108e-01 9.739939747737663689e-01 9.743944919834115481e-01 9.746648235820241091e-01 9.752982971327299744e-01 9.763905660438286782e-01 9.775634383573797992e-01 9.788791546331360172e-01 9.799754958855618758e-01 9.809743341049924625e-01 9.817748730327288120e-01 9.820901210866896935e-01 9.825702759151679899e-01 9.826518317884573861e-01 9.829416684566818496e-01 9.829703357044373702e-01 9.831325389422864713e-01 9.832014942716414962e-01 9.831719957805548082e-01 9.834077723357318446e-01 9.835009462076679254e-01 9.837111989510718413e-01 9.838998597050936379e-01 9.842867496781797509e-01 9.843297283759180338e-01 9.848049863671800574e-01 9.851241570008903992e-01 9.853277479364940250e-01 9.858047262297986446e-01 9.861063283107811550e-01 9.863174122230339291e-01
9.999999825244132445e-01 9.999987994865435770e-01 9.999810582309396345e-01 9.998906777663173484e-01 9.996457442902695334e-01 9.991384243311708380e-01 9.984052190211666344e-01 9.974544813129008203e-01 9.964094535247522977e-01 9.950877543262101055e-01 9.936762676778425618e-01 9.928619777783269651e-01 9.912893526416005630e-01 9.885538998705393210e-01 9.867790056488721095e-01 9.861365425227318626e-01 9.860864438891112638e-01 9.859314005534541847e-01 9.855048583582864952e-01 9.848660305684150407e-01 9.837662408740179831e-01 9.815879277404335745e-01 9.784559599423606757e-01 9.761544174188384604e-01 9.742704662289108919e-01 9.732667699287324004e-01 9.724195359073433131e-01 9.717946720305419284e-01 9.713429179858871221e-01 9.710953635511245796e-01 9.709096298507217115e-01 9.708871039483956134e-01 9.708863982645743462e-01 9.711247981476200941e-01 9.713106931744528438e-01 9.716597579198635870e-01 9.720168192717997258e-01 9.724728856228057605e-01 9.731595641107714245e-01 9.737508428147995110e-01 9.740969816052906793e-01 9.745228558973900723e-01 9.749146633290926012e-01 9.752021243355240010e-01 9.758350345487890598e-01 9.767675124655670338e-01 9.778926934133340687e-01 9.792603808647741825e-01 9.800845051907022265e-01 9.812437681268534329e-01 9.819277679025879557e-01 9.821588226603515936e-01 9.825066232437693614e-01 9.827897224033093071e-01 9.829369137625060260e-01 9.830493578052947878e-01 9.831795947302542915e-01 9.832296559247583057e-01 9.833380624579602935e-01 9.834206515697876405e-01 9.835982223493405785e-01 9.836591785619318573e-01 9.838027293956355113e-01 9.840591479483149495e-01 9.843349563952471515e-01 9.846150715007211396e-01 9.847830686379847043e-01 9.851248751521697322e-01 9.853989513361225416e-01 9.857654525972253667e-01
9.999996926742500403e-01 9.999936394269376416e-01 9.999460438563962938e-01 9.997805410246837221e-01 9.993985241256361229e-01 9.988075713259395583e-01 9.980038522036469573e-01 9.967763355847827356e-01 9.958298612221946344e-01 9.941980982579766701e-01 9.931749458533721819e-01 9.921087913057522467e-01 9.897154243611540059e-01 9.875311677033820068e-01 9.864607140372942951e-01 9.861489432156653745e-01 9.859226334349728837e-01 9.855995470177426609e-01 9.850447925289702589e-01 9.840354611966849463e-01 9.821098961906900016e-01 9.797327814460571327e-01 9.770068021263503821e-01 9.752492189845088921e-01 9.738284018041938328e-01 9.728569469277550397e-01 9.721839941058988410e-01 9.716220027286329719e-01 9.711982750014094279e-01 9.709038225331074745e-01 9.707889550271350254e-01 9.707497576928461047e-01 9.707723498975816545e-01 9.709463820626753616e-01 9.712033389627587887e-01 9.715308596128271468e-01 9.719247111877370449e-01 9.725093818461523210e-01 9.730666134264240874e-01 9.736345787922400241e-01 9.741575360192981092e-01 9.745164464266458104e-01 9.748389845175799984e-01 9.750869372961948889e-01 9.755626961745070824e-01 9.762255415692872029e-01 9.771311004689980928e-01 9.783471152374879631e-01 9.793882252164272106e-01 9.802384871756703033e-01 9.810344960015038307e-01 9.814439595373326553e-01 9.820920360849151320e-01 9.824832528437589252e-01 9.826763315944609944e-01 9.827958320374936552e-01 9.830446089294566647e-01 9.831422635645459263e-01 9.832046327377609307e-01 9.833460721217065492e-01 9.834440025632165128e-01 9.835397449885638910e-01 9.836851498076677469e-01 9.837769784764589520e-01 9.838415040158058344e-01 9.841776456726525346e-01 9.843777839492396931e-01 9.845681651265735246e-01 9.847650901955603553e-01 9.850174283682291421e-01
9.999952843594920315e-01 9.999671118261702629e-01 9.998440473882690416e-01 9.995645501124426069e-01 9.990023316241311013e-01 9.982494378682559288e-01 9.971908622343782502e-01 9.961627009904776564e-01 9.946450100680201967e-01 9.935180033559072310e-01 9.924681694081015637e-01 9.906790359524472178e-01 9.883723798487746848e-01 9.868818055690170565e-01 9.862839054253518256e-01 9.859316317552367925e-01 9.856100400624405733e-01 9.850242405853930627e-01 9.841027192891590447e-01 9.828293242290351284e-01 9.804181830452889379e-01 9.781526866224854455e-01 9.759183800750113047e-01 9.744817853510402417e-01 9.733813806659165069e-01 9.725274174581466369e-01 9.719238602853358389e-01 9.714170213926566211e-01 9.710206288006072439e-01 9.707288153240958284e-01 9.705899200780570002e-01 9.705481340159353154e-01 9.706390892175552620e-01 9.707359856940505072e-01 9.709853959668228729e-01 9.713213431764883277e-01 9.717914088190037214e-01 9.723189374620061498e-01 9.729562170995633696e-01 9.735845736384936000e-01 9.740296915185584492e-01 9.744411906590574324e-01 9.747930234385904225e-01 9.750457712845079783e-01 9.754028215194663343e-01 9.757926473582477778e-01 9.764321851407310460e-01 9.774644317374970859e-01 9.782208877774501987e-01 9.792662274637716768e-01 9.802315920774336000e-01 9.807094483734035695e-01 9.814151618229317586e-01 9.818734323922689855e-01 9.822051378262474097e-01 9.825818536274603110e-01 9.828091454133813798e-01 9.829525542354975443e-01 9.831113365810615345e-01 9.832041108062785639e-01 9.833187994441068280e-01 9.833991043024754575e-01 9.834778663310739244e-01 9.835860423665035990e-01 9.836736495904996325e-01 9.838070591500066575e-01 9.838846848859884586e-01 9.840651654729501985e-01 9.842688074542441656e-01 9.843831916322720588e-01
9.999655556918620736e-01 9.998572139263485203e-01 9.995876312860326740e-01 9.991253673893556453e-01 9.983639798465149262e-01 9.973559797122841797e-01 9.963037586095589981e-01 9.949860760933817438e-01 9.938060628541608432e-01 9.926062925624479227e-01 9.909905309545331553e-01 9.888871606087923372e-01 9.873545231873317451e-01 9.864586509918015222e-01 9.859609315923840711e-01 9.855156734612238179e-01 9.849899591342560212e-01 9.840406448105861736e-01 9.828316680494058044e-01 9.807586929851439539e-01 9.785959710836157344e-01 9.766710423117517248e-01 9.750648432213495642e-01 9.738115976556097619e-01 9.730104187333215027e-01 9.722209303144563330e-01 9.716223281403271184e-01 9.710906977666017292e-01 9.707703420608500000e-01 9.705277336007963607e-01 9.703868431805016126e-01 9.703395195940820450e-01 9.703876317582944555e-01 9.705600483225825803e-01 9.707756027825555911e-01 9.711313508547543272e-01 9.715622583927012723e-01 9.721169570141222627e-01 9.727510288167623420e-01 9.734388928777449879e-01 9.739485121069257900e-01 9.744299083636613901e-01 9.748267244829064149e-01 9.750636864283372951e-01 9.752613603827788857e-01 9.755076689244038812e-01 9.760003417696593297e-01 9.763813254042098544e-01 9.773574830287832249e-01 9.781023940949581386e-01 9.787964314276834665e-01 9.797253673882204694e-01 9.806292944555270452e-01 9.810454096127084744e-01 9.817333775586369882e-01 9.820823476924153139e-01 9.823815237391445576e-01 9.826028047061022841e-01 9.827991006585020672e-01 9.829678685458610454e-01 9.831616818258369639e-01 9.832375509608647368e-01 9.833873452113055524e-01 9.834702530559271683e-01 9.835891274154652253e-01 9.836281360771340632e-01 9.837557403792456245e-01 9.838429313896130957e-01 9.839403064995086989e-01 9.840857954994091106e-01
-1.000000000000000000e+00 -1.000000000000000000e+00 9.991016838016903989e-01 9.984396916004744105e-01 9.974102497821145663e-01 9.962996001400178381e-01 9.950809202834846046e-01 9.937786757600168830e-01 9.925873511473486399e-01 9.912425025862099393e-01 9.894450330737691868e-01 9.877553575417833409e-01 9.866967779476135680e-01 9.859827024596657941e-01 9.854152376956263337e-01 9.847380884645334786e-01 9.838789936330870622e-01 9.827402729548982974e-01 9.810599413077278896e-01 9.790132994687688051e-01 9.772317111315137472e-01 9.755382000552931254e-01 9.743692583497909343e-01 9.733066279102083884e-01 9.725617826654491260e-01 9.718868178343962327e-01 9.713499000095608960e-01 9.708938351073437278e-01 9.705622118402522647e-01 9.703002534256089939e-01 9.701831801268974154e-01 9.701224328617485959e-01 9.701792447249871776e-01 9.703033822638399419e-01 9.705423884911096311e-01 9.709007778141234279e-01 9.712924404908193088e-01 9.718629915322966051e-01 9.724501755640088119e-01 9.731751414168197112e-01 9.738027670563573768e-01 9.743183543819939896e-01 9.746814906668299638e-01 9.750397346516186392e-01 9.751703376119205124e-01 9.753165095597128298e-01 9.755976557110579428e-01 9.759906186920495053e-01 9.764844482039760631e-01 9.770460004330413506e-01 9.780419968886024940e-01 9.786078655865934062e-01 9.794233988721559037e-01 9.800277260888058395e-01 9.808181637288007071e-01 9.814218249817390216e-01 9.818100814869341608e-01 9.821540200665018761e-01 9.824507332247428559e-01 9.826665665884275480e-01 9.829011424990028445e-01 9.830078019253091215e-01 9.831965659237551503e-01 9.833141223175499990e-01 9.834627719635766763e-01 9.834851321135078539e-01 9.836620057957828900e-01 9.837034246953259009e-01 9.838139629349347270e-01 9.839087143205499375e-01
-1.000000000000000000e+00 -1.000000000000000000e+00 -1.000000000000000000e+00 9.973780061498125349e-01 9.962639737452827493e-01 9.949797603306009819e-01 9.936864601335690939e-01 9.923758181685953250e-01 9.910936133592098685e-01 9.895534527794358493e-01 9.878562133248230959e-01 9.867753702494589385e-01 9.859532815457684451e-01 9.851649391755349372e-01 9.845073292860960779e-01 9.836497116435650723e-01 9.825896350178467964e-01 9.811098033658444129e-01 9.794587879878746683e-01 9.776542340805175479e-01 9.760517880294072857e-01 9.748767403262219577e-01 9.737736970902267641e-01 9.729446170504973956e-01 9.722351240383787507e-01 9.715909243076378266e-01 9.710583732431324888e-01 9.706586793228707544e-01 9.703148741410208000e-01 9.700773239613824650e-01 9.699253331649589915e-01 9.698714830206702775e-01 9.699464601185809887e-01 9.700589348225208131e-01 9.702550458188966553e-01 9.705528651177203203e-01 9.710122660500702940e-01 9.715530805973051631e-01 9.721827944520613496e-01 9.728637705971967531e-01 9.736279893101134064e-01 9.741929100237853856e-01 9.746269375841992710e-01 9.749363388402533248e-01 9.751485564476518597e-01 9.752867643042304469e-01 9.754715257201176382e-01 9.756455171383426883e-01 9.759624427802108260e-01 9.763998589791196281e-01 9.768600044196698029e-01 9.774858068709031400e-01 9.781577660520373030e-01 9.788259570258170950e-01 9.797251023134879722e-01 9.800682034783015917e-01 9.810183167051786945e-01 9.813622445343699319e-01 9.818742818138139761e-01 9.822731220880468461e-01 9.825227557313289672e-01 9.827224338217611654e-01 9.829333619819985435e-01 9.831304146670998279e-01 9.833035275596546665e-01 9.834466098033235459e-01 9.835121767190594388e-01 9.836467550889996803e-01 9.837105039920182037e-01 9.837949303127369038e-01
-1.000000000000000000e+00 -1.000000000000000000e+00 -1.000000000000000000e+00 -1.000000000000000000e+00 9.948709946126806924e-01 9.934944860430657831e-01 9.922235228997394740e-01 9.909607294837495806e-01 9.895889597278124672e-01 9.880447525828006672e-01 9.869102480445509640e-01 9.859120561114232961e-01 9.850659397092045300e-01 9.841835939327255867e-01 9.832530662971946667e-01 9.823460790700159206e-01 9.809041534870588386e-01 9.795302592173510403e-01 9.779468504889424763e-01 9.765020823930927740e-01 9.752373040310391428e-01 9.741160011102337757e-01 9.732139697668937828e-01 9.725183113816153746e-01 9.718078653183742643e-01 9.712590076157706642e-01 9.707905543411626814e-01 9.703893997453854059e-01 9.700501244574138981e-01 9.698536209716025480e-01 9.696995451510550534e-01 9.696193248819371391e-01 9.696459613832872915e-01 9.697757444201133836e-01 9.699472684764959274e-01 9.702989365741292449e-01 9.706677249681160413e-01 9.712266485874092581e-01 9.718198449458492760e-01 9.725237950640179818e-01 9.733467132157640478e-01 9.739557839034868048e-01 9.744792623062851211e-01 9.747719779993923028e-01 9.750885447782466908e-01 9.752352862374497056e-01 9.753509435656246840e-01 9.754363958574432392e-01 9.756138502972693249e-01 9.758067106347528830e-01 9.761173646912866264e-01 9.766386324781733963e-01 9.772215981441548793e-01 9.778800497585993234e-01 9.784292401168618314e-01 9.791932311035370651e-01 9.797143059612606342e-01 9.803576528158346459e-01 9.809692550061130945e-01 9.815450146937892972e-01 9.818721984515693668e-01 9.822214115808547419e-01 9.824637849917249310e-01 9.827159740198415649e-01 9.830138103237485714e-01 9.832080779023751882e-01 9.833080498042834350e-01 9.835199260767247820e-01 9.835832727536074627e-01 9.837004772914206274e-01
-1.000000000000000000e+00 -1.000000000000000000e+00 -1.000000000000000000e+00 -1.000000000000000000e+00 -1.000000000000000000e+00 9.919408541769663135e-01 9.906457161737493022e-01 9.893766074095373675e-01 9.880646899753579016e-01 9.869336271423083673e-01 9.858055680720148040e-01 9.848301400424309682e-01 9.839085589175440294e-01 9.830420732276620166e-01 9.819936316571880042e-01 9.807822028219325139e-01 9.795399493097807220e-01 9.780418418850516105e-01 9.767461074263041887e-01 9.756289669887996396e-01 9.745231576262707307e-01 9.736918768807044655e-01 9.728202090143797109e-01 9.720696441058724879e-01 9.714443118136529831e-01 9.709674748367063124e-01 9.705067879355538940e-01 9.701252393064110358e-01 9.698094367927873050e-01 9.695847167391340449e-01 9.694451196763718137e-01 9.693876046308788075e-01 9.694307126643072481e-01 9.694857485079696469e-01 9.696536246538589587e-01 9.699660562311428480e-01 9.703133423620775577e-01 9.708949472606808184e-01 9.714409256847944540e-01 9.721892319621934231e-01 9.729403394831102059e-01 9.736929296979205395e-01 9.742161243681513039e-01 9.746537039840157401e-01 9.749224491915342572e-01 9.751345043294614712e-01 9.752497560438052604e-01 9.753626991107935407e-01 9.754323644902946899e-01 9.755571387507073755e-01 9.757895329225727554e-01 9.759963133830705795e-01 9.762685646077097212e-01 9.766686734132529191e-01 9.773286999248017581e-01 9.779199766913319047e-01 9.785697088165196122e-01 9.791036233039424053e-01 9.799894258528221158e-01 9.804319601688297192e-01 9.808050090733507753e-01 9.816179853648725473e-01 9.819271097215919175e-01 9.823065013927402278e-01 9.826672409887966531e-01 9.829037105500799676e-01 9.830849274913701086e-01 9.832828065350797120e-01 9.834451566732757000e-01 9.836009430240748586e-01
-1.000000000000000000e+00 -1.000000000000000000e+00 -1.000000000000000000e+00 -1.000000000000000000e+00 -1.000000000000000000e+00 -1.000000000000000000e+00 -1.000000000000000000e+00 9.880260829791930322e-01 9.867516699792732160e-01 9.857105458880609516e-01 9.846559366659697332e-01 9.836397753621629603e-01 9.827321435847349296e-01 9.817235824496093333e-01 9.806551461570218731e-01 9.793868819599014230e-01 9.781778054417362700e-01 9.769617951146907231e-01 9.758754232209215784e-01 9.747960986878598799e-01 9.739915014490129197e-01 9.731533811413682900e-01 9.723861251215594192e-01 9.717520639087466883e-01 9.711544603579782553e-01 9.706596437895701479e-01 9.702119936520033905e-01 9.698481689368894099e-01 9.695568486275303322e-01 9.692974654408560431e-01 9.691884700695998500e-01 9.691053858736263793e-01 9.691075581611924283e-01 9.692089548253439713e-01 9.693818080501169776e-01 9.696058458262086788e-01 9.699890278722960169e-01 9.704117965768375154e-01 9.711004663657367697e-01 9.717626897628117710e-01 9.725774405399107980e-01 9.732832813887932755e-01 9.739780599131827588e-01 9.744106844744673257e-01 9.747839089356136189e-01 9.749648650683565565e-01 9.751257867081872810e-01 9.752341933454635736e-01 9.753007407646311355e-01 9.753696361590489250e-01 9.755052196508519069e-01 9.756236745376469788e-01 9.757461523973266493e-01 9.761146427734940234e-01 9.763906685509980976e-01 9.768520870092100017e-01 9.773817648368976485e-01 9.779173084945733674e-01 9.787959294957606637e-01 9.793033600929299531e-01 9.798311098194055768e-01 9.806819206937017475e-01 9.811507918920441274e-01 9.816871467181408351e-01 9.821874894285942403e-01 9.822646289841351352e-01 9.826248367808163575e-01 9.828724688398445819e-01 9.831875987974060260e-01 9.834034956639325920e-01
-1.000000000000000000e+00 -1.000000000000000000e+00 -1.000000000000000000e+00 -1.000000000000000000e+00 -1.000000000000000000e+00 -1.000000000000000000e+00 -1.000000000000000000e+00 -1.000000000000000000e+00 9.854853907907635824e-01 9.844340158276098096e-01 9.833648481063743674e-01 9.822893332032688329e-01 9.814399754434364187e-01 9.804277801098365552e-01 9.794020901217489472e-01 9.783112625174016364e-01 9.772351472556566332e-01 9.762140156546326164e-01 9.751808507906969403e-01 9.742499892487259672e-01 9.734507558199667621e-01 9.726468956609295446e-01 9.720351112860309284e-01 9.713666809125161006e-01 9.708499789324757101e-01 9.703665838112979225e-01 9.699151828888706861e-01 9.695713837793303869e-01 9.692582107444127626e-01 9.690655890508215187e-01 9.688938007435317079e-01 9.688569057551911223e-01 9.688027759331374611e-01 9.688906314235742334e-01 9.690331775910397960e-01 9.692823118314554121e-01 9.696446954516956263e-01 9.700703971222864874e-01 9.707235154630753371e-01 9.713949347905755927e-01 9.721115882144513165e-01 9.728628981830912403e-01 9.735349070857522991e-01 9.741071399239186190e-01 9.744968880966153879e-01 9.747404936834449529e-01 9.749321537395638781e-01 9.750737291011249974e-01 9.751766426192725046e-01 9.752283466945993462e-01 9.752912270051005139e-01 9.753599824317248368e-01 9.754706704092624969e-01 9.755870618205756406e-01 9.757707193941650425e-01 9.761263566829834204e-01 9.764717766803838739e-01 9.770092683168627445e-01 9.773379438558369436e-01 9.780355126949715761e-01 9.785390991479344658e-01 9.792156976183201689e-01 9.799582971296586509e-01 9.803728821387792669e-01 9.813273246581556419e-01 9.814978784972938630e-01 9.818058289181726961e-01 9.823825737102729327e-01 9.827426159561698515e-01 9.830388735660199329e-01
-1.000000000000000000e+00 -1.000000000000000000e+00 -1.000000000000000000e+00 -1.000000000000000000e+00 -1.000000000000000000e+00 -1.000000000000000000e+00 -1.000000000000000000e+00 -1.000000000000000000e+00 -1.000000000000000000e+00 9.831055932496323146e-01 9.821706721435039533e-01 9.812034458789601343e-01 9.802739792284953513e-01 9.792636968849347534e-01 9.782919288174753980e-01 9.772968185820581910e-01 9.763433050793373091e-01 9.753545529714545692e-01 9.744883954876868426e-01 9.736215322731570643e-01 9.728892209814674619e-01 9.722004377204587211e-01 9.715628493333925420e-01 9.710213761166713864e-01 9.705294236224412119e-01 9.700370037515646526e-01 9.696443833583501259e-01 9.693013152294850387e-01 9.690415662464826330e-01 9.687928201162051556e-01 9.686384949414935663e-01 9.685380795834624967e-01 9.685363040762106079e-01 9.686214742850060011e-01 9.687568464305124083e-01 9.689002441022219747e-01 9.692221466016807119e-01 9.697014449422901583e-01 9.702800209094719630e-01 9.709233082047739050e-01 9.717343245538770935e-01 9.724519595473016809e-01 9.732139447397397669e-01 9.737219062114731427e-01 9.742203032129553852e-01 9.745262442933536606e-01 9.747407958847726928e-01 9.748678465503486379e-01 9.749687629616512474e-01 9.750626262306982817e-01 9.751105086971993963e-01 9.751830617961443348e-01 9.752402203674093162e-01 9.752749980084289838e-01 9.754410800223727307e-01 9.755530358926357559e-01 9.757748926181568638e-01 9.760337281880169247e-01 9.764957037258845673e-01 9.770441479317036881e-01 9.775419188923913927e-01 9.780925067070963541e-01 9.787799196056204964e-01 9.793127095999424325e-01 9.800024854911167926e-01 9.805842081410461875e-01 9.810888374106350174e-01 9.817152798769227529e-01 9.819029207164682305e-01 9.824093408828515894e-01
-1.000000000000000000e+00 -1.000000000000000000e+00 -1.000000000000000000e+00 -1.000000000000000000e+00 -1.000000000000000000e+00 -1.000000000000000000e+00 -1.000000000000000000e+00 -1.000000000000000000e+00 -1.000000000000000000e+00 -1.000000000000000000e+00 9.810168680442241662e-01 9.800149187688985686e-01 9.791967403135858339e-01 9.781629456166516245e-01 9.773343725725821551e-01 9.764006041264182700e-01 9.754537787845599661e-01 9.746830820067474699e-01 9.738267639888625871e-01 9.730727361463349379e-01 9.723901256853402231e-01 9.717974081042944912e-01 9.711724281063583986e-01 9.706890947110132783e-01 9.701987624720750381e-01 9.697274641913584681e-01 9.693211262373798709e-01 9.690122992691037052e-01 9.687034471595981078e-01 9.685298443637976318e-01 9.683793500976335400e-01 9.682664369292366402e-01 9.682703516266151222e-01 9.683007080430445779e-01 9.684428020970340389e-01 9.686379232591308952e-01 9.689357343006240741e-01 9.693024989562681881e-01 9.698379010784444754e-01 9.705076933873106881e-01 9.712510064815621513e-01 9.719079173400405613e-01 9.727128990367869266e-01 9.733328956907157936e-01 9.738903481886864721e-01 9.742205978937176214e-01 9.744611821344102420e-01 9.746439294300616174e-01 9.747192436868529208e-01 9.748294725715334064e-01 9.749184456738326787e-01 9.749562262403749235e-01 9.750074502480300387e-01 9.750668791936680790e-01 9.751162321618865869e-01 9.752364650214500053e-01 9.753083522501074798e-01 9.755413346879607817e-01 9.757550172466160632e-01 9.761241009818196757e-01 9.764921031376324612e-01 9.768062942368413992e-01 9.773882356722882747e-01 9.781221959580455039e-01 9.787387934032265591e-01 9.792124264499096897e-01 9.800482423263500165e-01 9.805930125140414066e-01 9.811487395636934172e-01 9.815384370144657478e-01
-1.000000000000000000e+00 -1.000000000000000000e+00 -1.000000000000000000e+00 -1.000000000000000000e+00 -1.000000000000000000e+00 -1.000000000000000000e+00 -1.000000000000000000e+00 -1.000000000000000000e+00 -1.000000000000000000e+00 -1.000000000000000000e+00 -1.000000000000000000e+00 9.789257418653160014e-01 9.781228524368433819e-01 9.772726704404435250e-01 9.764024719474323488e-01 9.755875290255512366e-01 9.747427425062894502e-01 9.740338464203301960e-01 9.732603592439025286e-01 9.725865390241207331e-01 9.718743249460047862e-01 9.713502553415532814e-01 9.707717289595356736e-01 9.702819350628001382e-01 9.698209014081616841e-01 9.693975731727257905e-01 9.690474336484212747e-01 9.686975984541215112e-01 9.684218785530007700e-01 9.682095285750220715e-01 9.680530779137724862e-01 9.679810473947140226e-01 9.679706301447765782e-01 9.680165036815422397e-01 9.681224879016667728e-01 9.683185056376873989e-01 9.685862144733339285e-01 9.689135073296771816e-01 9.693954805916207285e-01 9.700509031233794932e-01 9.707117482277370923e-01 9.715511640986604913e-01 9.722864850359005384e-01 9.729043353088036028e-01 9.733685009152622802e-01 9.738131775297288462e-01 9.741074299013847693e-01 9.742970888756545822e-01 9.744739715594092910e-01 9.745775095226877349e-01 9.746535149251109864e-01 9.747447753466930154e-01 9.747961545601544486e-01 9.748232848993212407e-01 9.748581957769019146e-01 9.749357052479851182e-01 9.749938750691605760e-01 9.751179150641041682e-01 9.752433410213837695e-01 9.754163371235140545e-01 9.756302775849909903e-01 9.761433978514660881e-01 9.763281719196534869e-01 9.769033086358663853e-01 9.774791339139228263e-01 9.782239099736557142e-01 9.787538657404796227e-01 9.791216241855507096e-01 9.800834083220014703e-01 9.808038542621341227e-01
-1.000000000000000000e+00 -1.000000000000000000e+00 -1.000000000000000000e+00 -1.000000000000000000e+00 -1.000000000000000000e+00 -1.000000000000000000e+00 -1.000000000000000000e+00 -1.000000000000000000e+00 -1.000000000000000000e+00 -1.000000000000000000e+00 -1.000000000000000000e+00 -1.000000000000000000e+00 -1.000000000000000000e+00 9.763495723701440809e-01 9.755291937821721771e-01 9.747451852106177039e-01 9.740638488375021886e-01 9.732848408506259430e-01 9.725735326248493573e-01 9.720563132597264122e-01 9.714458172764011135e-01 9.708931691793518670e-01 9.703710420867900366e-01 9.698711645149385996e-01 9.695135955543598971e-01 9.690677221296297716e-01 9.686887010150836419e-01 9.683735620678206590e-01 9.681272954256299190e-01 9.679387653978576145e-01 9.677792529902009555e-01 9.677181505477002732e-01 9.676889565270575533e-01 9.677140732966392767e-01 9.678509655491219776e-01 9.680340835007031908e-01 9.682158765232478093e-01 9.685471059218048184e-01 9.690642600964035625e-01 9.695835400548936667e-01 9.703002887142977428e-01 9.710040788833769199e-01 9.717755731319126511e-01 9.723394868896784171e-01 9.728935034822079331e-01 9.733946361914703749e-01 9.737393343690843306e-01 9.739171351307108759e-01 9.741060342361542723e-01 9.742525602900883319e-01 9.743464174961016244e-01 9.744493887612424299e-01 9.745110642504055676e-01 9.745730096806557441e-01 9.746159898213805350e-01 9.746575324202213508e-01 9.746856976074976808e-01 9.747706607775518117e-01 9.747996828050832230e-01 9.748857201494002256e-01 9.750501278008222306e-01 9.753469180396182603e-01 9.755702387932000397e-01 9.758658889007598702e-01 9.765252372256746360e-01 9.769774252470172504e-01 9.774529599943387881e-01 9.779867802554724765e-01 9.788551577079779298e-01 9.790739700610872065e-01
-1.000000000000000000e+00 -1.000000000000000000e+00 -1.000000000000000000e+00 -1.000000000000000000e+00 -1.000000000000000000e+00 -1.000000000000000000e+00 -1.000000000000000000e+00 -1.000000000000000000e+00 -1.000000000000000000e+00 -1.000000000000000000e+00 -1.000000000000000000e+00 -1.000000000000000000e+00 -1.000000000000000000e+00 -1.000000000000000000e+00 9.747619416658688252e-01 9.739679762575705890e-01 9.733436559950703337e-01 9.726907711407344337e-01 9.720494212091521646e-01 9.714412030419943278e-01 9.709372255621475656e-01 9.704363463786932487e-01 9.699479374976016643e-01 9.694653620444655395e-01 9.690579709767065397e-01 9.686904800587354814e-01 9.683483878155327851e-01 9.680406646971217999e-01 9.677884472291485851e-01 9.676178505242671868e-01 9.674830151946800516e-01 9.673845192707601903e-01 9.673992302893648088e-01 9.674147135141611953e-01 9.675512880502042945e-01 9.676767266224282071e-01 9.679182200059678332e-01 9.682104468491318228e-01 9.686444438792307654e-01 9.692725755375963814e-01 9.698346821974825893e-01 9.705313239859163499e-01 9.711910756835554492e-01 9.718494972409268406e-01 9.724724334341842136e-01 9.729277093355961359e-01 9.732984097794292744e-01 9.735432591740298403e-01 9.736681711209748125e-01 9.738695643974470961e-01 9.739993878878404621e-01 9.741155503880113420e-01 9.742212714698978981e-01 9.742486369367101551e-01 9.743316164391235823e-01 9.743614239685185474e-01 9.743892184792048994e-01 9.744058237793218336e-01 9.744906476695913700e-01 9.745485691609565571e-01 9.745860971091091507e-01 9.747620900817016709e-01 9.749124069311684293e-01 9.752118152780904214e-01 9.755067564786465972e-01 9.758303319305293710e-01 9.764643623533818539e-01 9.769064155584253895e-01 9.773517677709371299e-01 9.778639090452952987e-01
-1.000000000000000000e+00 -1.000000000000000000e+00 -1.000000000000000000e+00 -1.000000000000000000e+00 -1.000000000000000000e+00 -1.000000000000000000e+00 -1.000000000000000000e+00 -1.000000000000000000e+00 -1.000000000000000000e+00 -1.000000000000000000e+00 -1.000000000000000000e+00 -1.000000000000000000e+00 -1.000000000000000000e+00 -1.000000000000000000e+00 -1.000000000000000000e+00 9.733179795174528026e-01 9.726271980970666586e-01 9.720436771665134090e-01 9.714911126176276612e-01 9.709359779989462647e-01 9.704132336989079732e-01 9.699311003109892804e-01 9.695150906525744627e-01 9.690945622325928266e-01 9.687154278123423223e-01 9.683327890462779530e-01 9.679930576337638648e-01 9.677389491226868756e-01 9.674978856176518205e-01 9.673317855358654072e-01 9.671766696865006230e-01 9.671153065977582397e-01 9.670787412384723725e-01 9.671451430159079266e-01 9.672402426476236492e-01 9.673676647924454031e-01 9.676173869660198434e-01 9.678966497487183629e-01 9.683360529468729716e-01 9.688399251113536392e-01 9.694625188824373963e-01 9.701263071384962355e-01 9.707650215161774954e-01 9.713660040187215294e-01 9.719927972247338621e-01 9.723409530039770488e-01 9.727393600753843073e-01 9.730683390031991120e-01 9.732503754304584476e-01 9.734985115425347502e-01 9.736286543148987560e-01 9.737246705542922376e-01 9.738378122924626901e-01 9.739405553936912874e-01 9.740106701381677778e-01 9.740342583144026012e-01 9.741121010128339641e-01 9.741570358903710591e-01 9.741648181916435778e-01 9.742520882289991135e-01 9.742740295517975380e-01 9.743679810171466116e-01 9.744632583171277673e-01 9.746789059215683615e-01 9.749165692022458973e-01 9.752285461803080757e-01 9.754904840896806428e-01 9.759320890924755298e-01 9.763434585272102728e-01 9.770077891116013546e-01
-1.000000000000000000e+00 -1.000000000000000000e+00 -1.000000000000000000e+00 -1.000000000000000000e+00 -1.000000000000000000e+00 -1.000000000000000000e+00 -1.000000000000000000e+00 -1.000000000000000000e+00 -1.000000000000000000e+00 -1.000000000000000000e+00 -1.000000000000000000e+00 -1.000000000000000000e+00 -1.000000000000000000e+00 -1.000000000000000000e+00 -1.000000000000000000e+00 -1.000000000000000000e+00 9.720055272604842811e-01 9.714410967422331122e-01 9.709078895139487964e-01 9.704349023847960165e-01 9.699471071486990281e-01 9.694777379795755934e-01 9.691150910230924564e-01 9.686942627990647869e-01 9.682844243404749029e-01 9.679478558263647781e-01 9.676804288706509771e-01 9.673913320127479620e-01 9.671884320789359002e-01 9.670143577977298177e-01 9.669137927257228649e-01 9.668368657850785475e-01 9.668010407073596157e-01 9.668396346977641276e-01 9.669689904907533551e-01 9.670977450946496301e-01 9.673224254914331022e-01 9.676151377734149017e-01 9.680285460365803951e-01 9.684750609277825717e-01 9.690871889457611799e-01 9.696388414128807032e-01 9.702818919224693861e-01 9.709591362550629157e-01 9.714628554327882082e-01 9.719282768442798481e-01 9.723097863565828280e-01 9.726430156739956923e-01 9.728916233462494567e-01 9.730544577901228953e-01 9.732225343011940977e-01 9.734052500212764247e-01 9.734622473767035045e-01 9.735834595583985340e-01 9.736263285032201731e-01 9.737267532947487814e-01 9.737810664533008698e-01 9.738493587988326095e-01 9.738631593033298950e-01 9.739201323200401550e-01 9.739716026838638463e-01 9.740298558033191334e-01 9.741442136250817452e-01 9.742049834551065324e-01 9.743098325037711227e-01 9.745972436094857416e-01 9.748363773649814101e-01 9.752581498181515096e-01 9.754818182186545394e-01 9.760892169118057238e-01
-1.000000000000000000e+00 -1.000000000000000000e+00 -1.000000000000000000e+00 -1.000000000000000000e+00 -1.000000000000000000e+00 -1.000000000000000000e+00 -1.000000000000000000e+00 -1.000000000000000000e+00 -1.000000000000000000e+00 -1.000000000000000000e+00 -1.000000000000000000e+00 -1.000000000000000000e+00 -1.000000000000000000e+00 -1.000000000000000000e+00 -1.000000000000000000e+00 -1.000000000000000000e+00 -1.000000000000000000e+00 9.708140755052536708e-01 9.703375584138722587e-01 9.698888447346184494e-01 9.694407612017033049e-01 9.690562368974935392e-01 9.686248857833847925e-01 9.682952410762322160e-01 9.679310110817657131e-01 9.675992108421804794e-01 9.673190436517986601e-01 9.670847437317541262e-01 9.668764199703182571e-01 9.666866790845730639e-01 9.665915392103642256e-01 9.665559095092611797e-01 9.665273397048019799e-01 9.666012480653083383e-01 9.666980791859983713e-01 9.668315638271270940e-01 9.670695533672682975e-01 9.673545007536170637e-01 9.677414261178072241e-01 9.682185580697185712e-01 9.686843792037977963e-01 9.692551038005622344e-01 9.699045637757407468e-01 9.705488727374839142e-01 9.710480490332084047e-01 9.714607854959743660e-01 9.718726778556283641e-01 9.722070867659302618e-01 9.724343397152269697e-01 9.726794764070954002e-01 9.728726005302066326e-01 9.729758983168200759e-01 9.731208556830853729e-01 9.732190180424635795e-01 9.733015775288107463e-01 9.734213899350093735e-01 9.734110878976180992e-01 9.734646548544039213e-01 9.735844555252161081e-01 9.736302334273128078e-01 9.736551669091152439e-01 9.736863459877548310e-01 9.737995029464311392e-01 9.738585604296946530e-01 9.739652252550609068e-01 9.740781979746925279e-01 9.743755308603871956e-01 9.745918941819837755e-01 9.750248364321836281e-01 9.751021079355333132e-01
-1.000000000000000000e+00 -1.000000000000000000e+00 -1.000000000000000000e+00 -1.000000000000000000e+00 -1.000000000000000000e+00 -1.000000000000000000e+00 -1.000000000000000000e+00 -1.000000000000000000e+00 -1.000000000000000000e+00 -1.000000000000000000e+00 -1.000000000000000000e+00 -1.000000000000000000e+00 -1.000000000000000000e+00 -1.000000000000000000e+00 -1.000000000000000000e+00 -1.000000000000000000e+00 -1.000000000000000000e+00 -1.000000000000000000e+00 -1.000000000000000000e+00 9.693744648274009723e-01 9.689906478949381619e-01 9.685754243241867512e-01 9.682177162946715709e-01 9.678818576279063501e-01 9.675565797334888529e-01 9.672362812266913634e-01 9.669680386387822235e-01 9.667264604862354505e-01 9.665378077494602982e-01 9.663933233842982862e-01 9.663057351057671163e-01 9.662667264272895018e-01 9.662710708427688644e-01 9.663153892739716477e-01 9.664255589901247223e-01 9.665963604803193832e-01 9.668174402415247171e-01 9.671232375165619288e-01 9.674791647304430420e-01 9.679167471570705450e-01 9.684262653470385729e-01 9.689479453606339998e-01 9.695995196270817962e-01 9.702110484949435509e-01 9.706271855468796561e-01 9.711339679485745391e-01 9.714893078223820755e-01 9.718211576978833532e-01 9.720323166126462189e-01 9.722857095882673217e-01 9.725102018397365766e-01 9.726037284299380303e-01 9.727312564091553648e-01 9.728721005672469335e-01 9.729578418278475027e-01 9.730295804682592697e-01 9.731065687553098753e-01 9.731615816386005591e-01 9.732582723976994643e-01 9.732931540316659413e-01 9.733425983373868995e-01 9.733889785781180137e-01 9.734607199030281821e-01 9.734810655527812440e-01 9.736381290884243978e-01 9.737448357321504266e-01 9.739172942590976767e-01 9.742728891391290169e-01 9.743331157629803174e-01 9.748277207214657292e-01
-1.000000000000000000e+00 -1.000000000000000000e+00 -1.000000000000000000e+00 -1.000000000000000000e+00 -1.000000000000000000e+00 -1.000000000000000000e+00 -1.000000000000000000e+00 -1.000000000000000000e+00 -1.000000000000000000e+00 -1.000000000000000000e+00 -1.000000000000000000e+00 -1.000000000000000000e+00 -1.000000000000000000e+00 -1.000000000000000000e+00 -1.000000000000000000e+00 -1.000000000000000000e+00 -1.000000000000000000e+00 -1.000000000000000000e+00 -1.000000000000000000e+00 -1.000000000000000000e+00 9.685177074921248463e-01 9.681324876460568607e-01 9.678167675823873273e-01 9.674974280684890404e-01 9.671686875590608246e-01 9.668888670948921904e-01 9.666425895130811297e-01 9.664207878566930532e-01 9.662503674967528600e-01 9.661149498093448695e-01 9.660277182089266335e-01 9.659986996581658714e-01 9.660120773326490440e-01 9.660886348015133018e-01 9.662197709466890938e-01 9.663619622218746485e-01 9.666080301969175448e-01 9.669062746070893333e-01 9.672587807718945330e-01 9.676617615876362821e-01 9.682086673768340868e-01 9.687489947292893255e-01 9.692981563874186746e-01 9.698406931563414712e-01 9.702959549807633755e-01 9.707610441121434786e-01 9.711218485810042544e-01 9.714532037178260637e-01 9.716963600526823397e-01 9.719075312657006194e-01 9.720934843472817111e-01 9.722973696572995150e-01 9.723823763655521368e-01 9.725204162669154329e-01 9.725847626224208842e-01 9.727165934636063938e-01 9.728150168271829656e-01 9.728819601802624062e-01 9.729188249365954277e-01 9.729663728528034072e-01 9.730244018759089952e-01 9.730966648705661193e-01 9.731815618704389159e-01 9.731993593102016282e-01 9.732990824960161547e-01 9.734418503164868897e-01 9.736504872043265646e-01 9.738268541130661315e-01 9.740620896090800285e-01 9.745122521549651751e-01
-1.000000000000000000e+00 -1.000000000000000000e+00 -1.000000000000000000e+00 -1.000000000000000000e+00 -1.000000000000000000e+00 -1.000000000000000000e+00 -1.000000000000000000e+00 -1.000000000000000000e+00 -1.000000000000000000e+00 -1.000000000000000000e+00 -1.000000000000000000e+00 -1.000000000000000000e+00 -1.000000000000000000e+00 -1.000000000000000000e+00 -1.000000000000000000e+00 -1.000000000000000000e+00 -1.000000000000000000e+00 -1.000000000000000000e+00 -1.000000000000000000e+00 -1.000000000000000000e+00 -1.000000000000000000e+00 9.677546055909608258e-01 9.674357806884138489e-01 9.671405939611528169e-01 9.668153265381979056e-01 9.665584136150279226e-01 9.663180537808790938e-01 9.661031874595527036e-01 9.659483367275126797e-01 9.658169154205754614e-01 9.657922995976074843e-01 9.657423933118161052e-01 9.657851180029225491e-01 9.658542951277493405e-01 9.659975470579691414e-01 9.661616034457053415e-01 9.664206590859624191e-01 9.666768624355795980e-01 9.670889881909167096e-01 9.674647178562979510e-01 9.679520753259808208e-01 9.684834740343790660e-01 9.689879535005148092e-01 9.695269646613781100e-01 9.700064312935557931e-01 9.704539543040444638e-01 9.707746835250740114e-01 9.710728758251265802e-01 9.713679181156231746e-01 9.715151798476849843e-01 9.717927555019928443e-01 9.719155291161504229e-01 9.720528448865463078e-01 9.721561127702879057e-01 9.722680064296220781e-01 9.723587921606112738e-01 9.725074516290842519e-01 9.725841696880731524e-01 9.726352967006315353e-01 9.726720696947549483e-01 9.727343200034505033e-01 9.727949102237946066e-01 9.729118159958818346e-01 9.729759020060271268e-01 9.730423722801727626e-01 9.732076009269835515e-01 9.733651629706570052e-01 9.735832921466046619e-01 9.738756630249377766e-01 9.740583604182165844e-01
-1.000000000000000000e+00 -1.000000000000000000e+00 -1.000000000000000000e+00 -1.000000000000000000e+00 -1.000000000000000000e+00 -1.000000000000000000e+00 -1.000000000000000000e+00 -1.000000000000000000e+00 -1.000000000000000000e+00 -1.000000000000000000e+00 -1.000000000000000000e+00 -1.000000000000000000e+00 -1.000000000000000000e+00 -1.000000000000000000e+00 -1.000000000000000000e+00 -1.000000000000000000e+00 -1.000000000000000000e+00 -1.000000000000000000e+00 -1.000000000000000000e+00 -1.000000000000000000e+00 -1.000000000000000000e+00 -1.000000000000000000e+00 9.670496716220879918e-01 9.667442740834584214e-01 9.664945070640160729e-01 9.662294631334060746e-01 9.660173116445313068e-01 9.658223043501988903e-01 9.656722660234168254e-01 9.655695975315107260e-01 9.655026544375410191e-01 9.655134523612254327e-01 9.655464786694222257e-01 9.656461167426073633e-01 9.657924966471185257e-01 9.659636646899367740e-01 9.662379062714805400e-01 9.665469934882815473e-01 9.668599789706852077e-01 9.673169360081967927e-01 9.677753455878520539e-01 9.683468525087817191e-01 9.688278667989043136e-01 9.693496824692879876e-01 9.698378107557344974e-01 9.702357635644119904e-01 9.705295140316588798e-01 9.707531140118775825e-01 9.710269295523498156e-01 9.713003636504776717e-01 9.714567139650468475e-01 9.716102106596715693e-01 9.718208243195166629e-01 9.719179464127057910e-01 9.719767670937906612e-01 9.720943038581650875e-01 9.722341739310970121e-01 9.722933208882209577e-01 9.723396133347962378e-01 9.724103934169578967e-01 9.724939163033441414e-01 9.725536159343537435e-01 9.726504577507544269e-01 9.727338338352281566e-01 9.729200664277262156e-01 9.730117609870386763e-01 9.731894125787736716e-01 9.733989890536021150e-01 9.736730711843533115e-01 9.741424915324703449e-01
-1.000000000000000000e+00 -1.000000000000000000e+00 -1.000000000000000000e+00 -1.000000000000000000e+00 -1.000000000000000000e+00 -1.000000000000000000e+00 -1.000000000000000000e+00 -1.000000000000000000e+00 -1.000000000000000000e+00 -1.000000000000000000e+00 -1.000000000000000000e+00 -1.000000000000000000e+00 -1.000000000000000000e+00 -1.000000000000000000e+00 -1.000000000000000000e+00 -1.000000000000000000e+00 -1.000000000000000000e+00 -1.000000000000000000e+00 -1.000000000000000000e+00 -1.000000000000000000e+00 -1.000000000000000000e+00 -1.000000000000000000e+00 -1.000000000000000000e+00 9.664508948652223985e-01 9.661626326468555348e-01 9.659433661359363432e-01 9.657578846483416690e-01 9.655612346598444473e-01 9.654108573211352962e-01 9.653298636794691578e-01 9.653018001246626012e-01 9.652943634141646356e-01 9.653574315442555731e-01 9.654760927046927010e-01 9.656302268211249817e-01 9.658142800146464202e-01 9.660845567843965309e-01 9.664027069617501242e-01 9.667767558149235052e-01 9.671831755629283212e-01 9.676809219140931617e-01 9.681166043684648059e-01 9.686329868370011642e-01 9.691057796523845358e-01 9.695389071000236614e-01 9.699287046197762052e-01 9.703282692947329258e-01 9.705742966608288391e-01 9.708343144644483447e-01 9.710184810502668906e-01 9.711985114203938174e-01 9.713849254459562266e-01 9.715240321814209157e-01 9.716459891600687238e-01 9.717579649402098285e-01 9.718638424106735840e-01 9.719728722592657633e-01 9.720663857060952706e-01 9.721228085535428276e-01 9.722517761909317269e-01 9.723196778145468677e-01 9.723936610341870068e-01 9.724980232612290276e-01 9.726094053670036876e-01 9.726801718437384503e-01 9.729235839295179433e-01 9.731617571645654330e-01 9.734070878932080673e-01 9.737935732182784188e-01 9.742947420810456061e-01
-1.000000000000000000e+00 -1.000000000000000000e+00 -1.000000000000000000e+00 -1.000000000000000000e+00 -1.000000000000000000e+00 -1.000000000000000000e+00 -1.000000000000000000e+00 -1.000000000000000000e+00 -1.000000000000000000e+00 -1.000000000000000000e+00 -1.000000000000000000e+00 -1.000000000000000000e+00 -1.000000000000000000e+00 -1.000000000000000000e+00 -1.000000000000000000e+00 -1.000000000000000000e+00 -1.000000000000000000e+00 -1.000000000000000000e+00 -1.000000000000000000e+00 -1.000000000000000000e+00 -1.000000000000000000e+00 -1.000000000000000000e+00 -1.000000000000000000e+00 -1.000000000000000000e+00 -1.000000000000000000e+00 9.656718634245241573e-01 9.654533479651959960e-01 9.652908080179629646e-01 9.651836372950480802e-01 9.651055782895689994e-01 9.650958186408123973e-01 9.651090662377420637e-01 9.651922634617687846e-01 9.653032910307207670e-01 9.654736648146651223e-01 9.657194617622830712e-01 9.659700977400555999e-01 9.663073301521521996e-01 9.666641631827411763e-01 9.671141945109408278e-01 9.675706435523399040e-01 9.680607320619956102e-01 9.686019673752060966e-01 9.690227434828881936e-01 9.694531028520255722e-01 9.698153515823799697e-01 9.701534391625682430e-01 9.704179869651067269e-01 9.706717628954059096e-01 9.708875430387512440e-01 9.709975823422563046e-01 9.711892269886468476e-01 9.713183787430039740e-01 9.715428052008688864e-01 9.716003457816707600e-01 9.716754212438553084e-01 9.717934317330536587e-01 9.719002268436013336e-01 9.720024777275403371e-01 9.720580465352944843e-01 9.721648913540704706e-01 9.723022313009793693e-01 9.724208594969964148e-01 9.725150160722630943e-01 9.727771283868902330e-01 9.729651524056457390e-01 9.731903771212521148e-01 9.738174017986999109e-01 9.741501141551327514e-01 9.749684719892189877e-01
-1.000000000000000000e+00 -1.000000000000000000e+00 -1.000000000000000000e+00 -1.000000000000000000e+00 -1.000000000000000000e+00 -1.000000000000000000e+00 -1.000000000000000000e+00 -1.000000000000000000e+00 -1.000000000000000000e+00 -1.000000000000000000e+00 -1.000000000000000000e+00 -1.000000000000000000e+00 -1.000000000000000000e+00 -1.000000000000000000e+00 -1.000000000000000000e+00 -1.000000000000000000e+00 -1.000000000000000000e+00 -1.000000000000000000e+00 -1.000000000000000000e+00 -1.000000000000000000e+00 -1.000000000000000000e+00 -1.000000000000000000e+00 -1.000000000000000000e+00 -1.000000000000000000e+00 -1.000000000000000000e+00 -1.000000000000000000e+00 9.652380087917628027e-01 9.651061935784877033e-01 9.649878523988428825e-01 9.649324257779318126e-01 9.649271473139168220e-01 9.649721400197286414e-01 9.650553797256874455e-01 9.651742347344653972e-01 9.653705564313835863e-01 9.656072398243451538e-01 9.659073492068999123e-01 9.662660441281502033e-01 9.666636942200398375e-01 9.671293255035040559e-01 9.675637990277866640e-01 9.680428669650544826e-01 9.685826265965568060e-01 9.689755747487024395e-01 9.694162887430942677e-01 9.697737906503024474e-01 9.700884337782164080e-01 9.703114334383885486e-01 9.705502004055097665e-01 9.707251408053286790e-01 9.709284257207326796e-01 9.711248639282056283e-01 9.712275258570834957e-01 9.713512772617310942e-01 9.714720133530103663e-01 9.716183883687494749e-01 9.717316820550697676e-01 9.718426987944633888e-01 9.719148132990129696e-01 9.720482435333102078e-01 9.721573803406513559e-01 9.723161127883136468e-01 9.724934959256513745e-01 9.727230234439353529e-01 9.729880549237447385e-01 9.733975232453080384e-01 9.741899703577734382e-01 9.743217089093452188e-01 9.754387755315614417e-01 9.758159115722622179e-01
