5.991034263082122090e-224 3.751262998336343148e-202 3.415377397678043060e-185 4.970204551469095648e-171 8.416311443477327032e-154 1.112372839445655411e-138 1.300287822215427846e-124 1.461324195173777639e-113 2.052001010562413978e-102 4.768365212570483151e-91 1.036902421367486428e-82 1.183046327993326449e-73 4.169234824927573554e-68 2.855051791260965360e-60 5.818466830934863775e-55 8.101275777031126187e-47 1.989121368232175104e-41 3.774558141834269654e-36 1.473756667433233739e-30 5.941411254168904930e-26 4.465162214743094771e-25 4.860266954542778284e-21 1.572765851037968787e-18 9.615560889580037901e-16 2.353109271027781503e-13 3.333559019740410069e-12 1.241699129238208444e-10 1.289488818012457638e-09 3.013612747929661418e-08 6.836431688490520388e-08 3.458202357335028593e-07 3.887236730118529942e-07 1.322323911671394363e-06 2.297997110901621424e-06 4.525403000377734119e-06 1.217956569234026869e-06 1.362586297721131493e-06 1.320249394058868266e-06 3.562487391212642630e-07 7.597828308145876283e-08 3.375115933322163317e-08 2.440140304330485210e-09 7.309726767283133788e-10 6.112304478929270715e-11 8.240158726316634822e-12 3.533771807978905859e-12 1.619879039867881809e-13 4.826503628758104927e-15 2.121299495804318308e-15 3.623079178824765176e-17 4.372343348758367539e-19 1.606093797914115798e-19 7.556734261280536249e-21 6.023452188755506739e-21 3.657609953763543272e-23 4.992751406959025878e-23 2.123732765955063066e-23 4.815023312988355377e-27 1.456747733432657605e-26 3.150929797458296565e-27 6.659388782983577238e-29 2.791436716846225503e-29 7.256384697091453641e-29 1.182318258873945436e-29 1.383899670331010625e-31 4.943419363086179196e-31 3.771967821887592481e-33 3.667664477843907554e-33 1.591425438405850159e-33 3.358695168637828879e-34
4.687198829499982670e-222 2.819246014491096593e-202 1.747833636947257071e-184 1.323106468154365676e-169 8.051728184345933313e-155 4.685379819407971963e-139 5.396480947331702836e-123 1.062434154290757061e-114 3.948190911335605353e-99 9.059088090348585173e-91 2.900289547275904750e-81 2.938567252140096980e-73 6.309369987310790260e-67 2.031564819592151415e-58 2.789153248440023334e-53 6.865628849251574750e-46 1.543455089484011441e-39 2.858322053083670005e-35 3.152506954857628920e-31 8.985430736460203311e-28 1.357659897629812765e-23 2.024702896529389872e-20 4.331231408033389022e-18 1.530109227055992272e-15 9.262551006434371685e-14 7.226300584155996713e-12 5.957855832826993218e-11 1.204601266772450260e-09 1.862635521938067125e-08 1.068309339502110172e-07 2.372731022887393002e-07 9.448036368592355131e-07 3.066246588039215490e-06 2.209278804126084610e-06 3.492624074717937190e-06 1.658588191331414485e-06 1.430871758149864029e-06 9.089070448056162404e-07 7.085272383089033788e-07 1.664951419732642473e-07 2.857500259812464286e-08 2.000587598155123276e-08 1.018159643720620734e-09 1.922102305467392606e-11 2.186033440276125988e-11 2.076174496904945613e-12 8.042927928471936488e-14 4.538162053781083518e-14 7.191791108276258710e-16 1.516976466636020500e-16 1.857687021901271974e-18 7.693489364308715210e-19 1.609245223906369411e-20 1.178390595364391394e-22 1.328500648633300869e-21 1.202477598356801975e-22 2.808709274618785921e-24 1.422613357253384954e-25 5.861175851012381818e-26 8.970785021209794187e-27 4.261147441680840524e-26 1.684936756675678862e-29 1.183584087615576623e-29 2.318718066719804084e-28 8.250682700576427362e-30 1.963045017919904769e-31 5.369540720149808020e-33 8.926989059980954143e-32 3.863304741084451784e-34 1.331594645188068268e-33
7.636922653155478544e-221 7.863753350529336260e-205 1.033547500045880529e-181 6.228695129889302501e-171 1.242208441616351497e-158 5.804854820013657339e-136 5.960408916725919665e-126 1.937020159953595158e-112 2.916793439797512122e-100 8.598837285851948801e-91 1.570348135692435251e-82 2.528298619966183820e-72 1.355533604746352566e-65 4.684437844848571307e-58 5.200278479832345920e-54 7.101429945309133960e-45 1.817446200748165821e-38 2.597430665842393498e-35 2.195906042619998983e-31 8.909046392715576635e-27 6.014348076447418006e-24 1.223928617340592801e-20 6.783560811446917517e-18 1.077826329564133912e-15 1.200174532900424711e-13 1.972180322722712289e-11 1.433965107286156114e-10 3.942766751142594735e-09 2.497694628847915450e-08 2.044719935330236002e-07 4.371393529044734152e-07 1.497764482606811643e-06 1.854381426059953360e-06 3.460885298852187572e-06 2.399607515385425948e-06 3.120325673262173072e-06 3.039547873378283846e-06 1.383582063678160860e-06 2.945425800421119148e-07 2.003684055411425077e-07 4.882303467029273737e-08 7.392129866760720015e-09 4.686491358971781282e-09 1.909388222659074123e-10 4.389799967370034534e-11 9.388666101750524192e-12 2.960588316943043186e-13 1.525256185777158606e-13 2.013517839223010685e-15 1.544043616518768637e-16 9.396115768400904802e-18 1.426913156601438517e-19 6.724122781460262351e-20 5.912765152581990104e-21 5.269952870573186801e-22 3.227005155092999532e-22 5.951137181725953345e-24 2.354702624132770047e-25 6.082775234235721718e-26 3.017230136877364467e-25 3.482026462514364099e-27 4.443575972175574102e-28 6.591949169222042749e-29 4.074602256741640802e-30 2.278213902125922572e-30 1.580805713362449047e-31 9.647959426302626462e-31 3.959008231182953799e-32 4.271397541320533320e-34 7.285321344436691799e-34
2.736068125936830421e-225 1.404982163461371449e-199 6.700702644658724193e-185 3.888206348443852274e-165 5.804852184732401435e-155 1.636949128291136856e-135 7.022322552428651019e-123 9.485859717154847364e-115 1.585818174544380545e-99 5.258330300609782130e-90 2.227606763465469769e-82 8.544862818989073653e-72 1.762765104691524979e-64 3.697337313282326525e-58 2.109535775070813050e-51 5.569991924523557584e-45 7.018963724503338123e-41 2.272366446137472620e-34 1.729853899898966904e-30 9.481413973508661867e-27 8.924328283305322155e-24 1.616413701235067975e-20 6.164033215412280561e-17 3.923785434242717038e-15 2.188421931839246061e-13 2.429047865375014058e-11 3.042854799735794555e-10 9.967443617358309026e-09 4.455465403037742034e-08 1.944760977945008192e-07 1.090834302045888562e-06 1.686208011314606877e-06 1.958218671880807345e-06 6.142023417554973814e-06 4.038561522097659235e-06 5.250013288686386850e-06 2.964146761056751028e-06 4.687813522323879947e-06 1.006125382158129352e-06 7.865707935648673728e-07 7.836024552203291389e-08 2.002994079329543877e-08 9.661452322605818656e-09 1.399411539461415118e-09 1.050768259798875853e-10 2.656135666907820463e-12 9.906791369894256773e-14 2.169587165057529590e-14 5.167021174507125899e-15 1.841283384362389562e-16 3.749406364913461942e-18 9.784387294999597526e-19 2.093128626441803971e-19 3.684152720478583549e-21 9.985322916269275195e-21 1.067366018039031236e-23 6.135865996667375344e-23 4.076211170752889723e-25 9.394199695419800029e-25 1.711847399166885648e-25 1.889287003359224830e-26 1.102253143208159935e-27 4.453124191577911828e-28 8.303067001172892285e-30 4.922412202313735174e-28 5.669362779835678113e-29 1.319717470953087710e-32 1.046091948451226889e-30 6.806940595233282940e-31 5.568166523728522001e-32
7.655837311801255809e-219 1.828307798387201522e-201 2.099618364562130902e-180 5.250205600068557092e-170 7.845563801218841963e-146 2.083436001212691363e-136 1.697580427012756639e-125 7.256919616828709941e-109 3.799908179173054390e-99 5.422776372131714411e-90 7.684590107974878176e-80 7.535417486083948531e-70 2.948474091931864223e-64 1.661653011434014356e-55 9.744044937316821402e-51 5.204135412014270250e-45 3.235149729869812146e-38 3.381995299844529920e-35 4.787258610758446040e-30 1.433114708384525396e-25 1.838719131673653251e-22 1.152175952375963029e-18 4.063812995821372687e-17 1.900972153462696001e-14 2.434407774713911176e-13 6.300758467950311296e-11 3.571398335645184250e-10 1.008596181256261813e-08 5.405462329524993584e-08 5.054125089932098859e-07 1.515659559291233746e-06 3.440330157155251329e-06 4.301914190102241395e-06 2.382764254213108840e-06 4.909272314939483095e-06 6.184613100300543938e-06 8.148138963499645208e-06 1.657194826161499605e-06 1.524101017058112527e-06 8.509735121723654183e-07 7.564288664087956170e-08 3.772617438833632237e-08 1.078876904283485883e-08 1.246274177358042910e-09 8.687680401920646642e-11 7.795330929087181998e-12 2.594595129710271637e-13 1.835010575541490940e-13 8.840992257748691657e-15 3.657023215213086244e-16 3.749375032534885671e-18 4.926187190945495472e-17 1.130419603342245309e-19 8.514080741625001122e-20 7.148511503765516429e-22 2.584225391486325091e-22 1.234179701277380598e-23 2.472428187160268641e-24 4.110789687992163980e-25 7.514523506527806315e-26 7.352964337715609057e-27 3.187456430395475695e-27 2.522715286971526380e-28 5.582283172912849689e-29 1.818214933105078444e-29 1.070970305398912623e-30 9.405036949012593838e-31 1.144217035706082431e-31 2.460362064157084631e-31 1.313668174727555346e-32
3.072323555033926501e-219 1.089655086560316144e-197 8.449669844204915807e-183 4.283526649450337280e-166 5.878211480196176994e-149 3.713753882583156324e-138 2.176198644627960748e-124 2.373473056960365313e-109 5.055979083439421358e-98 6.063714943061816752e-90 1.881960478855534898e-79 3.827187819554242494e-71 2.740564455525986280e-64 3.345167676944201561e-54 2.579921619827110303e-50 6.798662286399891856e-43 8.715641891297199333e-39 5.343343822346852808e-35 3.536611341596483281e-28 5.937754149350875244e-25 2.130144173446334560e-22 1.336055884729291012e-19 9.629590735290505538e-17 1.344820297369108545e-14 7.940555634254405354e-13 8.408046363221624676e-11 5.123113756256096074e-10 2.040841261783915477e-08 5.878873139271441314e-08 7.017885081373993588e-07 2.074840060943388949e-06 5.074398366935200890e-06 7.831704607126769704e-06 1.033264884829747557e-05 6.930376521795178036e-06 1.294533224006469259e-05 1.143162258820063007e-05 5.030218913802866136e-06 1.346723270403749777e-06 5.307398510663759257e-07 1.192292393556771634e-07 5.987589424880052176e-08 5.579824069871493362e-09 1.342619063724598062e-09 2.390417297450262673e-10 8.300421938423029959e-12 7.093551698399187383e-12 5.328281424691702208e-14 8.841912994220374478e-16 5.576477626900834385e-16 2.098118028532220203e-17 9.014677759158706267e-19 6.049889156512998458e-19 4.322047630748829821e-20 3.514796356976670920e-21 3.543540557741079547e-22 6.368244700255406449e-23 6.222654605976886056e-24 1.908239134590211855e-25 5.986900702791984213e-26 4.964292958997732847e-26 3.138823472627142638e-27 8.299832401630751858e-28 1.643807831004112059e-28 6.270365615426250650e-29 3.463441665498180910e-29 3.097106617090032738e-30 1.513614570326478999e-30 1.672597049624565528e-32 5.327026092979229910e-32
2.063046156579983087e-217 2.540892914109776118e-199 1.148038320336915487e-180 3.262757537872168211e-165 6.864264527413503122e-146 8.185120689156803290e-135 2.086377887457042746e-122 9.554515431417216776e-110 2.556400512839749647e-99 1.031004175521850434e-87 1.066514702604222938e-77 2.505083206418156107e-71 3.838914377290238674e-62 3.435582641501928761e-54 1.561285863186654592e-49 9.913864299856287000e-43 1.117679868465617808e-37 3.700349639639620452e-34 2.731400089024430048e-29 1.997892701005453182e-25 3.670755257707789105e-22 5.015825110518427364e-19 9.709575782247909503e-16 3.829614091481403999e-14 2.551519163923697325e-12 5.021215974896573488e-11 2.007843502501143790e-09 2.135465643376984170e-08 1.224970124769524261e-07 4.409524473921573787e-07 2.251525560722018858e-06 5.314293051582357577e-06 6.281129357382586538e-06 1.225484722264987793e-05 1.689440491073885054e-05 9.665590729956655085e-06 9.034392443046579258e-06 6.325356102163910865e-06 3.642273378382445158e-06 1.496978662698412459e-06 3.672840129234539396e-07 4.543707179574263858e-08 1.234362270687039348e-08 1.984906463016056719e-09 8.597021368674845550e-10 1.079699131026854335e-11 6.024124636097235607e-12 7.117481209285644170e-13 1.074125242366961873e-14 1.037553817938834615e-15 4.162943745106640409e-17 5.023273924454364531e-18 6.813811658308426646e-18 8.357990299062796935e-20 8.268752052637075301e-20 4.254979023253584443e-21 8.705458080638450749e-23 1.709999029694405384e-23 3.965829053954344448e-24 4.565333822172051070e-25 6.877461575558136330e-26 2.962638821398211972e-27 7.617533975605338432e-27 3.946334421211041077e-29 2.860431207637728466e-29 8.211924682594769001e-30 7.828522609925197630e-31 6.594123826282683789e-31 2.545179653584932036e-30 1.079153086235944910e-31
2.165790028270942743e-217 5.721669412570674815e-199 4.537378180472754619e-174 6.514952936683812268e-163 1.882705736060675994e-152 1.487522581528743371e-133 4.457264913653849679e-120 5.781081057046577014e-111 6.590358378267023456e-96 1.060374893193463798e-88 3.189675574111649670e-77 7.212429337006459115e-70 1.211246778245014673e-61 2.642978863910098938e-54 2.433171322761987446e-48 5.318455486068860380e-44 5.836560766966553300e-38 3.427448006507822374e-32 1.287099570637287911e-28 2.059866987986853372e-25 1.046799149606090513e-20 5.913017713025561714e-19 8.575680616318346156e-16 5.993116531760639565e-14 9.164121514051000400e-12 1.867542629377054547e-10 3.634782032559747505e-09 4.694757096127841505e-08 1.680745508623151521e-07 1.865551553983182371e-06 3.894456417386819115e-06 1.209172265171597736e-05 2.163771820584640469e-05 1.097734852469950455e-05 1.973853037694844488e-05 2.587119333186261772e-05 2.301628026545733772e-05 3.702649336451956616e-06 3.656075618840516185e-06 2.926826952645648765e-06 8.628050141721001545e-07 1.820685626604418195e-07 2.386179787481379853e-08 2.911552367770470267e-09 3.512061595202700651e-10 5.248609194101244241e-10 1.536286121692119770e-12 8.565234056419150322e-13 2.505103350991795501e-14 6.075979392222528913e-16 2.031617363975470792e-16 1.658853989545669759e-16 3.683739733024769635e-18 1.917567788094898954e-20 2.936003276731132363e-20 1.584562339306934788e-21 6.045883239726664822e-22 1.270435895529607369e-23 1.273466005642569570e-23 2.269056610493471374e-24 1.572624309103312648e-25 3.962740813972014875e-27 1.573194047799658177e-25 6.396593790282954261e-27 2.774746591103820980e-29 2.770131079582597491e-29 2.307359157500842540e-30 1.297880368633948178e-29 9.306562921990097320e-31 2.344701110736543116e-31
2.844613975917857169e-215 1.721184497668845476e-197 1.738258955163255780e-180 1.119439495477238796e-161 1.562497386193550627e-146 8.161951075537320385e-137 3.026267697488687172e-116 6.523338579767574161e-109 1.129511512642859344e-100 1.740297672130687492e-87 3.103329281453587216e-74 2.145741704652668252e-67 4.162484026108266302e-57 9.643058748933337712e-54 1.074347516941147727e-47 4.758357840083816892e-43 7.377322062896455492e-35 2.190696299326944927e-30 1.132215769738643158e-27 3.970712053041835536e-24 1.809373605570858246e-20 9.074426995401323745e-18 8.945003145477714668e-16 6.131187162165696781e-14 1.826648422205577415e-11 2.775907369204685746e-10 3.375598093605532822e-09 3.262995139275797691e-08 4.383281227524351944e-07 9.682097792252037248e-07 4.574543407675263569e-06 6.292742591916775875e-06 1.678821668862254975e-05 1.839749000374972399e-05 2.687814606277600903e-05 8.280594948583283680e-06 1.136174373579767457e-05 1.042647289279319676e-05 8.566464767344539804e-06 2.067167369816471561e-06 7.802223204844681500e-07 1.122332647824980377e-07 5.937198556234454077e-08 1.201769855923244150e-09 2.780225618763990285e-09 3.192509650811651240e-11 3.528048686298439529e-12 3.710645350439970409e-13 2.722655034544711036e-14 8.508742332431547644e-15 7.299099120834385261e-17 1.893954529709556909e-17 2.038671244278436881e-18 1.099470263518087533e-19 2.757192411832355902e-20 2.030743061122910699e-21 1.561129518976861527e-22 6.702219063553855840e-22 7.687067086045221189e-23 5.179843649770961275e-25 1.567018802431392704e-25 6.629820296168765469e-26 6.243738065650892609e-27 2.565681145272462756e-27 4.735223941495302519e-28 5.889527334624155751e-28 1.054042374144299804e-29 1.074204476899397316e-29 2.087964159079808356e-31 9.649396035507584103e-32
2.996410784564380612e-208 8.742995337160516185e-194 1.751210769683596991e-180 1.344936624160633934e-162 3.729511659992715401e-147 1.566045807659885517e-133 1.661686567607281046e-117 1.772957116618481954e-105 5.082744402017344446e-97 9.590873346473477350e-86 2.088483124262336551e-77 4.909625321829054207e-65 1.264046606337561356e-60 7.045665691909831936e-52 1.742683324334805587e-48 4.376698483002110860e-41 1.416736195238730935e-37 1.140623520441563398e-31 9.779667853982334977e-28 1.117100307027524194e-24 7.547738113336490893e-21 1.343746740060971282e-17 1.315220317966015284e-14 3.298446740419704195e-13 1.195017609580064763e-11 5.971771081267305425e-10 1.151593598822913697e-08 2.030578690363137769e-07 5.984637730055001572e-07 1.039445171655850000e-06 7.666148438313197968e-06 1.361154669568552803e-05 2.145054340446703636e-05 4.299119647662835833e-05 5.290042780289892549e-05 2.382838813506712254e-05 2.306641275123574294e-05 1.451998303923374964e-05 9.373406548733585107e-06 2.364356055040628902e-06 1.438181169557746880e-06 3.816553387116862082e-07 2.472390140628041371e-08 3.066389798864444774e-08 6.453782286582066223e-10 1.360448240855775687e-10 3.235148300322514481e-11 3.219546203225834324e-13 1.164411057729334409e-13 1.669555579203473796e-15 6.756120215358670975e-16 1.351272175201323188e-16 3.862654869152401120e-18 1.197486474222876068e-19 8.193123329603276562e-20 5.318821636530476077e-21 2.915017451570717958e-21 1.284063576382211892e-22 3.121810919813010890e-24 2.297656993474361889e-25 2.731941174949213110e-24 4.171150862421465510e-26 1.211968693340978558e-26 6.243495830229576521e-26 2.847861019803552622e-28 3.064398067579592714e-25 2.728363341293901872e-28 1.379129308996179506e-29 7.757224090052821577e-31 7.037430300360334401e-31
1.453348847271933686e-217 6.787981635680077618e-198 2.401453379503088980e-178 8.336253591119447552e-163 3.087237920999128513e-146 6.563522802702711010e-125 3.544891728209212858e-120 1.664086728102132185e-107 9.537489544069603729e-96 1.251225496756191046e-84 2.033254756969414441e-76 4.258559762294730389e-68 1.848215445516834765e-61 5.320929470060687427e-53 6.873062771052446930e-47 1.486162638695824403e-41 1.734714506250685647e-36 2.973521788721308920e-31 1.765268327629030640e-27 9.150783329985823187e-24 3.419487323633062455e-20 7.057736894890226501e-18 4.958977439504690446e-15 6.573156077966157585e-13 2.584178991560301806e-11 1.695651997881103706e-09 1.853818324666680953e-08 1.433691263441007808e-07 1.313702228003180238e-06 3.421642522911988379e-06 4.793107597832158448e-06 1.873190815487181703e-05 2.602381395919224779e-05 4.476871169927801807e-05 3.893326550735954847e-05 4.176722680795480437e-05 2.419052437513915301e-05 4.031486383671807275e-05 5.558580712672208673e-06 4.865420805564010456e-06 1.812438890858234368e-06 5.616666515122964327e-07 9.201317113531918087e-08 6.982671524098204709e-09 1.581707837142381536e-09 1.429037135397529371e-10 2.034666811962272355e-10 2.181018032880048057e-12 1.165840357780971628e-13 9.418694017240690062e-15 5.268051100048068332e-15 4.671036819146458466e-16 1.239426358327221556e-16 4.604847775707452855e-18 8.776929760753722581e-19 3.174053941665486002e-19 1.244454380439234733e-20 4.960996953464795553e-22 4.550380464133044753e-24 7.327201171071279115e-24 4.406227371251347726e-24 1.724188020730633165e-25 8.209509224365798237e-26 4.027720931577978656e-27 8.102430103651053028e-28 3.049654393184945299e-28 5.002231715444506246e-29 2.482211785284987844e-29 2.031495452609404333e-30 1.507594834220935829e-30
6.517434948070494600e-209 9.436373605588986180e-189 2.507955666876876255e-173 2.296588805210478673e-160 7.450521366321927095e-140 9.455987040739229321e-123 1.108656418963394365e-118 1.455336001306411254e-105 5.164875355490819809e-94 4.655381472511788065e-85 2.216633957328416758e-75 2.392983722770540152e-68 8.782206273896525519e-61 2.155162226655853154e-52 1.929155983057177521e-46 1.753699741658741219e-40 7.417125697479668203e-36 8.815839364343604131e-31 1.016485269007723559e-27 9.588776734744893267e-24 1.915898356208749402e-20 9.863071429460309355e-18 7.958013973689986210e-15 9.378177983094396052e-13 8.853628697221224467e-11 3.467239862959401916e-09 3.626208756403244544e-08 2.233713439663800970e-07 9.145458037676525291e-07 4.410968964625850898e-06 1.348490677982621751e-05 2.534458518113407591e-05 4.714281738584903892e-05 5.914312902728549836e-05 4.597015115466750640e-05 3.894317443115643873e-05 1.796532552749556565e-05 3.039938393520183241e-05 9.016481069784034689e-06 5.476586893914065440e-06 2.959091276154766346e-06 8.437964041623293683e-07 8.875700760092656245e-08 4.153761360266347561e-08 2.450287235216723814e-09 4.983335771504615328e-10 8.213622552188888801e-11 1.711401359650707654e-12 3.168101291122531002e-13 3.669391238683814163e-14 6.449402474548680238e-16 2.737637890377222669e-16 2.483102980761038436e-17 6.904676852937632260e-18 3.273629143401914615e-19 1.995849195550654263e-19 6.226266575433524131e-21 8.897353025599663121e-22 1.927563053016506661e-22 4.536511290080611356e-24 6.686968029719421128e-24 1.432080895998009547e-23 4.375498909365733398e-25 1.391640982008088243e-26 3.858616247293066485e-27 3.847224654283157447e-28 1.747721266013349060e-27 2.478807450112525379e-29 1.076131245622304467e-28 2.924701938011617515e-29
3.209802841637290755e-203 4.853705643864081681e-195 5.205973574671625201e-175 5.109758274947429424e-160 1.219130462386088422e-136 2.626481294018363700e-127 3.189334682217252877e-118 4.972654968782952759e-106 2.008347962346228906e-92 1.555517349441517556e-80 9.713361693849709242e-75 2.081252609024759465e-66 2.649075075730390139e-57 1.547036237255488365e-52 1.111309153512369243e-46 3.968399566324375097e-39 1.101208729870201851e-35 9.264885820658556236e-30 8.886979568189725773e-26 5.550217731250993743e-22 8.879320337488223822e-19 4.207732379278335875e-17 3.333078905946575339e-14 2.080594515127794784e-12 1.250214369407810486e-10 1.252473972984387850e-09 5.394353980318947481e-08 3.870782707738211569e-07 2.823079416550240223e-06 6.213606315923822663e-06 1.237068019676173561e-05 4.640052987506093206e-05 3.938349909323975769e-05 6.552821747497382041e-05 1.045956675965295279e-04 6.821857237176565515e-05 4.683438068759772995e-05 3.143549755598267479e-05 1.208498412958069089e-05 9.477284422663648103e-06 2.494820969272778877e-06 1.010163404616714631e-06 9.771265243520497685e-08 1.142976217798881728e-08 3.292185446943774617e-09 1.156409636214901329e-09 4.776800734041760429e-10 9.697431574754822444e-12 9.755302821390831918e-13 1.774781628224117348e-13 1.050574668824893998e-14 1.297315342059445241e-15 7.151506488013803610e-17 7.984076776901347028e-18 3.418212666273673104e-18 5.997644675177338478e-20 8.314140151608586475e-21 1.582872113273151310e-21 6.424244747570776892e-23 1.915499318855311240e-22 1.029639859902221467e-22 3.613023347778884991e-24 3.734202522096841301e-26 1.651276436939977086e-24 1.734792076230387392e-26 2.152894178474617650e-27 1.212202959604938573e-26 2.258657936980324752e-28 1.907605213234302186e-29 6.248556791778787049e-28
1.359581861884242999e-214 1.625821078944158902e-192 8.205270282178745574e-177 8.294812201964339750e-158 1.962792624502898654e-147 1.029470067993496765e-126 1.482576325051918625e-115 6.507386182371637329e-105 3.548040589741122394e-94 1.427063937148418619e-83 2.783743186145305780e-74 5.158363440786591631e-66 8.589343791853450928e-58 7.136484655435048848e-50 4.405256116244550904e-46 3.809849814010447752e-38 1.539279001986105216e-34 4.232268218003255620e-30 6.444816963538456562e-25 1.373589340422472152e-22 3.344532029131024670e-18 5.942790016638127132e-16 9.011436220107436312e-14 3.967536506835209117e-11 3.154299791674896863e-10 3.351907795920973856e-09 7.551386607791512046e-08 5.286471715383407038e-07 1.753577761451710323e-06 1.079103670344058032e-05 3.654060246205250107e-05 4.407207152826049512e-05 6.554576966250486849e-05 9.886444024286652912e-05 7.800915895318711105e-05 7.187158044857824401e-05 8.669985652046863667e-05 3.005756025387409282e-05 2.525925250691433396e-05 1.061597127435454117e-05 5.202473315142927948e-06 2.585607821470792942e-06 8.596443023318202619e-07 6.253925916390950598e-08 3.962208971508733879e-09 1.912976251722395785e-09 1.768818222427784073e-10 4.886138353169558395e-11 8.590747426592660388e-13 2.011185904954423754e-14 8.075723956820220299e-15 6.954318903287147861e-16 3.653031946013440818e-17 2.828063764630879617e-17 7.586209750356489619e-18 2.239857004836191627e-18 3.670773213135848105e-20 9.528543639315445242e-20 2.995408942351054286e-21 8.081635441623186181e-23 1.711788078152620220e-23 1.660294747283999743e-23 2.885040298663001892e-24 1.438855812629633962e-25 6.966331248693686287e-26 1.551752354745893971e-26 6.095180706902033636e-27 7.025040548196050059e-28 4.244577442074585555e-27 3.896719611860092107e-29
3.287588193480178860e-208 1.188891578327851024e-189 4.429075079245401850e-174 2.113294395739102204e-157 6.494327010755315409e-143 4.721483809283509844e-127 4.689834996972926252e-118 3.165118494103672630e-102 5.570909050503669764e-91 1.726536954491036605e-81 3.171454233107556921e-73 1.620283194620869408e-62 1.372075164381455368e-56 2.581690211424758629e-50 3.633653148929688399e-45 1.453984900176649405e-39 8.055009824135485209e-33 4.263400688429398418e-28 2.590472184705359505e-25 2.139594913160878951e-22 2.178946006170005366e-18 1.376357935397296899e-16 3.119924189251645311e-13 4.928291489937972529e-12 3.726171755223757554e-10 6.068663112063019476e-09 1.846818977425717712e-07 9.225908372015876709e-07 2.605065537692620194e-06 1.456256534323010443e-05 3.440661756917758204e-05 7.665766895845274066e-05 1.225414071081822802e-04 1.009800351678462815e-04 1.098889886706234671e-04 1.291058739454018238e-04 6.274941240016807019e-05 6.481469419116058926e-05 2.542217971001924689e-05 7.740711227529533260e-06 3.867994644482906732e-06 1.171174951516013091e-06 2.229697091208589166e-07 3.198616252265729079e-08 2.629691770721834106e-08 1.375436803539384837e-09 1.243148561375738815e-10 6.365718338668215214e-12 7.543328182448121730e-12 3.665016141839039779e-13 1.827423924621793270e-13 3.621567546296559798e-15 1.851639806205419828e-16 9.739166671435870623e-17 1.506036614669260655e-17 8.322877560338713040e-19 6.331056945738889671e-20 1.292159771686227602e-20 3.720826738268992020e-21 1.692115528832789940e-20 6.700767375332975760e-22 9.469698587501909615e-24 1.118221192438466399e-24 1.190868579321354461e-23 7.295540884951020693e-26 4.411390378799211301e-25 2.404979537194592396e-25 9.817506222146086295e-26 6.278649229990364935e-29 1.189606704017343048e-29
8.203908810511608298e-209 7.186559170416995171e-192 4.197908685238575539e-168 2.873014430572587748e-155 4.769609705181439920e-141 2.114060940231008955e-125 1.987131858378269180e-114 4.743531451921707638e-101 9.914899413689757362e-91 2.264564383102801852e-81 2.098695065560220946e-73 5.256605045243400564e-63 1.019523307914188997e-55 1.633184474039741313e-49 1.034878999245513216e-43 4.631803021800970885e-36 3.709650225378158037e-33 9.639710480178360475e-29 5.274868508269643228e-25 7.057188853194861015e-21 2.283115709059095681e-18 4.461442333235300552e-15 4.797999905134354587e-13 1.345060227952308393e-11 8.658727782408884543e-10 1.015036855315748977e-08 2.328788672500083101e-07 1.599105878511993518e-06 9.092476362071977677e-06 2.025259132136452236e-05 4.075662855808477277e-05 5.159062287991944920e-05 1.205607456229577967e-04 1.197396872417536039e-04 2.126369818241015549e-04 1.472957619490818505e-04 1.060733252671941458e-04 9.797268701147486623e-05 7.881475131091169911e-05 2.753482263473618676e-05 1.040678725504956675e-05 3.174445398577712240e-06 5.884514284221047315e-07 2.038709009301290970e-07 1.888044961117477204e-08 8.656360621030364449e-10 4.596864315171661459e-10 1.334399726196937717e-10 3.147892071015014400e-12 6.228887954182253809e-13 3.287344750522791119e-14 1.142026361635179131e-14 5.395294632765683332e-15 6.344882140257921157e-17 1.794220710782129397e-17 1.551186046433026354e-18 1.654408273342007220e-19 1.825423627121928900e-18 5.542801209961807455e-21 1.121936009850711215e-21 2.436406602160141109e-22 6.237054363894685561e-22 2.709541127673084762e-23 2.931507744354416201e-24 8.499703999872292922e-25 1.273241071784976194e-25 7.366861584010548667e-27 9.885581710134135114e-28 7.011579481031997650e-27 6.298059190989468389e-27
1.105087023897001940e-205 1.081845736027911468e-192 7.930147604843187822e-170 3.217349925546882973e-154 3.584502758807573466e-139 9.190779005455235052e-123 5.071014346547703831e-110 1.147821982238504086e-97 5.159310940639976192e-87 3.576568377021697738e-79 8.351710626124425737e-72 9.080681560530220613e-65 2.259804734767587619e-57 2.175669649523440146e-49 3.420792556781330759e-42 4.399845246862917867e-38 3.914211746970042641e-32 1.081322099976304364e-27 1.182919363413307815e-22 1.129104588045630266e-20 2.217551852143247084e-17 6.072213842573123279e-15 7.533118795417333204e-13 4.379337499217065279e-11 1.537294847736525583e-09 3.310441331219441990e-08 5.281012574766731688e-07 2.513679591905045750e-06 1.062144228672516687e-05 2.399996924542011808e-05 6.905356864183772312e-05 9.054215738956798698e-05 1.899447287935438747e-04 1.809370435988366102e-04 1.735977276274734899e-04 1.752833493503347211e-04 2.269797447427687666e-04 1.235874527178026526e-04 9.965281415936721684e-05 3.110394641644637564e-05 2.648963069198546024e-05 3.966377197969005713e-06 1.214771050674060999e-06 6.033009350652546897e-07 2.064712821946286898e-08 3.488058044583706391e-09 1.085005618433820249e-09 6.023226388689813108e-11 1.721167828633437917e-11 1.119405778332181944e-12 1.082053901216616602e-13 2.257306483502843995e-14 6.995723239984779143e-15 5.724356901369038283e-16 8.245674634587214618e-17 1.562684885879911481e-17 7.875440674346589284e-20 5.056132535662002302e-20 2.973357844270030389e-21 5.649186935798484672e-21 1.041527967436200752e-21 4.444291182091072294e-23 2.718322605911932786e-22 2.933123590613110017e-23 1.029569610735926093e-24 1.666754923149266969e-25 1.199678314477604046e-24 1.853996755965382442e-25 1.142327067821408737e-26 3.586155113916346317e-27
4.178001396443245448e-207 2.395243286347488534e-187 7.013882306708056572e-167 3.169324777638806887e-152 3.395648080365655421e-136 7.845961105690335277e-124 1.474817460623461896e-111 5.962875775945109855e-98 1.553192100330300112e-89 6.533421294567112985e-78 4.152706536520480641e-70 3.691849886816891530e-62 1.746314451472180486e-52 5.501001611245215041e-49 6.018439548960439176e-43 1.011474706389876722e-36 3.159468831510188547e-32 2.329758395228238609e-27 7.516999981559157806e-24 1.206367587255989002e-19 2.438038086158906185e-17 2.192755099993025851e-14 8.540972452727015669e-13 8.418574567471739781e-11 2.788757935048314997e-09 5.742761421032232324e-08 6.625313201455470623e-07 2.467513670520453806e-06 1.711790728343617061e-05 6.823511257084892315e-05 1.130128079981034239e-04 1.570628410298818270e-04 2.886280425607610969e-04 3.599848218868830830e-04 4.068422432255795751e-04 3.800829114998113497e-04 4.192295096318196762e-04 2.539613671007418709e-04 1.913367231221883348e-04 1.687001632004648415e-04 6.275438702758745772e-05 2.113515158993827463e-05 4.678933797550715298e-06 9.792106172461572569e-07 3.676250407000407265e-07 2.851020518517371835e-08 3.134103151461742225e-09 8.560489732006723378e-11 5.116156087282789606e-12 1.162709291995360773e-11 2.995345889352388793e-12 8.674815139959279105e-14 5.360649532560313201e-14 7.221108067833479373e-15 6.973855261745114298e-16 3.268116181394586213e-16 7.557525852554752055e-18 1.340121767471235531e-18 1.103814717328891096e-18 8.629818012227491539e-20 8.286870954571852401e-21 5.476120301883046221e-21 3.946435131663057114e-21 1.891107090781609828e-22 5.138688745822871357e-23 5.289132475066751668e-23 8.166814367682732125e-24 1.538915991589981322e-25 6.784916110177352961e-25 1.008054408185120618e-24
7.538521972548934365e-200 3.480247130430669352e-191 8.980201211212832024e-169 4.686305786255434974e-156 9.485345261864493783e-140 1.182745279820230346e-124 1.318977701748260634e-111 4.474894062921295707e-99 2.363150469959640225e-88 1.540219732228431838e-77 2.610172938301593439e-67 1.916504155649706650e-61 1.305507567718276251e-52 1.010022954532000147e-46 4.854242237258936812e-42 1.416372445685404469e-36 2.744772717522734802e-31 6.231906311325659042e-26 2.277261302704957902e-23 4.208315449145127586e-20 2.097439309877065181e-17 3.943397694307996150e-14 6.818052873952295840e-12 2.102785178092352523e-10 6.521382439013998835e-09 1.116914664789931616e-07 1.330567175834015803e-06 7.367535245331484681e-06 2.968307003885466681e-05 1.553040970332215346e-04 1.980369368870889995e-04 4.368646102417848625e-04 5.635170690212456743e-04 7.171332115075262350e-04 9.817715889098982667e-04 8.703404996757959028e-04 9.298643779801172302e-04 9.584601706453281175e-04 6.775810425717658991e-04 5.951178707362841155e-04 2.860760205774953453e-04 1.733669441127772893e-04 6.512145241445868127e-05 1.040997961535061968e-05 1.369605452052131979e-06 3.407588947092788675e-07 6.879970879605542759e-08 1.094865067044019007e-08 1.798452076930475477e-10 5.915223206793737104e-10 2.734574610227599518e-11 3.157299144610672135e-12 5.712249348628130898e-13 2.171233637416928234e-13 1.638868561995934652e-15 1.425723487980188533e-14 6.144182407520762761e-16 2.993113891701855510e-16 4.749766490184722341e-18 4.684827519127554245e-19 1.858847144711145518e-19 1.431352122628126531e-19 1.677560788544962830e-20 1.568456312433537382e-19 5.755414849686095341e-19 3.529656249989489601e-22 6.533481864546403403e-21 1.363671927313926078e-22 2.081241579055587788e-22 1.550816120149540118e-23
9.921392781657758389e-200 8.433205213587278594e-186 1.355851308911407528e-166 1.254169867460497956e-152 7.852399034679731530e-135 8.662294059133766713e-125 2.789390000752909412e-107 4.305482145560291023e-99 2.250779325192327021e-88 6.655814871387979616e-76 5.250795958195360605e-68 4.301312668960355056e-60 2.963798727942749586e-53 7.104939771562627022e-46 6.896336153968617332e-39 1.695502991782396469e-34 7.727816926609738411e-31 2.801455348819555396e-26 1.348187123199020893e-21 7.679109145103790070e-19 4.625982587720390786e-16 3.944545257146648514e-13 2.479832913788092285e-11 2.751669140331057912e-10 1.543030596668385968e-08 2.392582855252495897e-07 9.707058661204663128e-06 3.735634736183096247e-05 1.302776138868378070e-04 5.079262664421227208e-04 7.669448299225994827e-04 1.082579121501439732e-03 1.376831021928417000e-03 1.508127924131292489e-03 1.794998345638553275e-03 1.708990852532248214e-03 1.775376210088153855e-03 1.447340305690317545e-03 1.436859426776299379e-03 1.231601187811049184e-03 9.395590442905736714e-04 4.670360156371048299e-04 4.668079766293315152e-04 1.776590974332011160e-04 2.780831289294638734e-05 1.383824152294580501e-05 2.290237928820309535e-06 6.511402566725347583e-07 3.090020710552652959e-08 3.517620686901898735e-08 1.989019551734185896e-09 1.197605950423095092e-10 2.073864615230301591e-11 1.896205831831818357e-11 5.273489585149427696e-13 1.608483342433126991e-13 2.263150294847521677e-13 4.487649800542372931e-15 9.237721929876723328e-15 3.423672519884979856e-16 4.366855143222472281e-17 3.689857807788417574e-17 1.041141362737370521e-17 3.463079727397227195e-18 1.864913792735754358e-18 3.334950110626620983e-18 2.008802108411516370e-20 3.658313005883898536e-20 4.380870115155498444e-20 1.448089428033874747e-21
3.596227055699717720e-198 1.931555872298740171e-185 2.410449572872896364e-168 2.465006478169476095e-151 5.712554053161882592e-135 2.710138243992201750e-121 2.235041340799981949e-108 1.032818947087390504e-97 1.642558412308293709e-85 6.412474205517699507e-76 6.744576477244966425e-66 3.957562666913510086e-58 3.457515500987954368e-53 9.363798199237562717e-45 5.880176954311845201e-40 4.566397748099676908e-35 1.675578255269133043e-30 5.815738283954475102e-26 1.057833287284528537e-21 1.658507784504927128e-18 6.572484399740938725e-16 3.394619423682943076e-13 3.688148617774325606e-11 5.390509674778073780e-09 1.582517375547739486e-07 2.971637274949319757e-06 8.098363677132474953e-05 3.040815350216055147e-04 8.482734663762156154e-04 1.406725208188906381e-03 1.757748561690911180e-03 2.101036502619553752e-03 2.030721427779548852e-03 2.230568050326007298e-03 2.358713288320685164e-03 2.334661745233947497e-03 2.452691160656237344e-03 2.438957483928530338e-03 2.113195571558556998e-03 1.869217374532884364e-03 1.914384873972148869e-03 1.738220439719067754e-03 1.191736027899118009e-03 8.168151415485131774e-04 6.450213461686022092e-04 3.300691057193342205e-04 7.041920208877368488e-05 2.418531980606612657e-05 2.841229034210839710e-06 3.092180824951535336e-07 1.945609453540513843e-07 2.435855765023797528e-08 8.065886063609488603e-09 1.201386748823200255e-09 1.808855545955995747e-10 1.804365516617194149e-11 3.284596333856091551e-12 2.090904167168323727e-12 1.679594099420413830e-13 5.160043186365015117e-14 8.149256665517963411e-14 3.713959273164137577e-14 1.544167896894307260e-15 2.751227205969665704e-16 5.011345219886758740e-17 1.184462089921925737e-16 6.645296831962268297e-18 8.142658355417034082e-18 4.912323091685667617e-18 1.190968275993738812e-17
1.369304356765221323e-201 5.428600517476150806e-184 5.042028522670300824e-162 7.927398814142656381e-149 1.941305186930840793e-132 2.758295312882816087e-116 8.537284099772609876e-107 2.818853353722278879e-96 4.029477932716696168e-85 1.133478728822375809e-75 1.813932321370366776e-65 2.736651300424666601e-58 5.125447982841115446e-52 5.332234354319908525e-44 6.920262886503146019e-39 5.820953778571497699e-33 1.133441415091129840e-29 5.508838876080800430e-25 2.704439128640916339e-21 3.396847949859550628e-17 4.548340907105483859e-14 6.243228331611262137e-12 1.389246559670439989e-09 2.826874160112800923e-07 7.167646510391878247e-06 8.109992234240902286e-05 5.451897720291499876e-04 1.350995607309741576e-03 1.947891934967142325e-03 2.383062122226378785e-03 2.659048760293151147e-03 2.810674177494575012e-03 2.955650777887086980e-03 3.096839009608289960e-03 3.106593599651202332e-03 3.070266433319633961e-03 3.114863529696281462e-03 2.883130094944383760e-03 2.885136772173223316e-03 2.640978872832394457e-03 2.565843029650743175e-03 2.290507900973905945e-03 2.234478067979201506e-03 2.013351814588637458e-03 1.798349391332329907e-03 1.211745503771877262e-03 6.886547127503679731e-04 5.692329157117740138e-04 2.317297384287278494e-04 9.272974600032927225e-05 2.045776217483784119e-05 7.074695389729859813e-06 1.509461483977804297e-06 3.368453335713505236e-07 6.201841066168486508e-08 3.846163857937951677e-08 4.914801565528688216e-09 2.147153345494994686e-09 2.002305635142087740e-10 1.445175618328153311e-10 4.956260051828839138e-12 4.495185471083062477e-12 4.060015925366428159e-13 4.778804180804192245e-13 3.110034757822575202e-13 3.572288390789120124e-13 1.053806040847707087e-13 1.952007654056692957e-14 1.436434201580533218e-14 3.663567261733573302e-15
3.921450972737095447e-202 1.122121830585076515e-180 9.172558526064520915e-161 9.134223341811058824e-149 2.278109123307296697e-132 2.059064837803051569e-118 3.666723360710604632e-103 8.668210922766435564e-92 3.789707748381123098e-82 3.620206387394870504e-74 8.248392601441802475e-66 2.795638704477251123e-55 6.270188047632066221e-50 4.166188498786165207e-45 7.692198455034716422e-38 1.537459344351493680e-33 2.656993215967580686e-27 1.021691753808025027e-23 1.222302538754806271e-19 8.633581059663885665e-16 1.276052152054641344e-12 5.785474906836064796e-10 1.863114443532125032e-07 9.473965017226998789e-06 1.764628845559125720e-04 7.549326853355488786e-04 1.736553173656802318e-03 2.273568894580356090e-03 2.711187052181436141e-03 3.019629071543461496e-03 3.112242539013258379e-03 3.306227591887402929e-03 3.235251241435382289e-03 3.440590011068335799e-03 3.597300356209147572e-03 3.625803093249934175e-03 3.454630323405582897e-03 3.413125506222684791e-03 3.283998917292542050e-03 3.264478341678331806e-03 3.178516441036080206e-03 2.918531102498759730e-03 2.770197925521233288e-03 2.552053574907867713e-03 2.198670526464169359e-03 1.869945575057125210e-03 1.866600073879286963e-03 1.376916919892337814e-03 1.346285202621177665e-03 1.009420588353581155e-03 5.220922961574838870e-04 2.918866283953627534e-04 2.031271118309451612e-04 8.330232134778408563e-05 3.566318895953257836e-05 1.122168338950791425e-05 4.288892314717865077e-06 1.255411420056779165e-06 1.080070202925376878e-06 1.365250756242209245e-07 3.655352638548867012e-08 1.905870100031499313e-08 1.186840248780400940e-08 6.155545492677190398e-10 1.085878410599065760e-10 3.786185288733894648e-10 9.168341156223758169e-12 3.154289012670564842e-11 1.631765748572955432e-11 2.055377110467702964e-11
2.146591207482113609e-202 7.723799134540218879e-180 2.793418657373481223e-161 1.863302688439997772e-145 4.677574454996217484e-131 1.222309367937777273e-117 3.387525189353039398e-103 2.138159475223095444e-90 1.800610344291360411e-79 1.096331829362177086e-74 7.846426361794287837e-66 2.647198599323545127e-55 2.084715581505441333e-49 5.226117954358475396e-42 1.687446053200979709e-36 6.960181694929825964e-31 6.849708915540295280e-26 3.804221768179109822e-21 3.281148348660031258e-17 1.064578327780562314e-13 2.127147095332288301e-10 1.431190222502355287e-07 2.063251446961627332e-05 3.381604644034264689e-04 1.720756601666072368e-03 2.317675302080621745e-03 2.764214060678378635e-03 3.113305993065359784e-03 3.375085081656087165e-03 3.649983027956606521e-03 3.704558473247228454e-03 3.984558194955046921e-03 4.009912039532700923e-03 3.982544330936937764e-03 4.164581818362992488e-03 3.921970953470252721e-03 4.065144489970177848e-03 4.053900758579085870e-03 4.116474331616031684e-03 3.736583841744852124e-03 3.580109503968594009e-03 3.498555031912888545e-03 3.376500825763963879e-03 2.980848223729175295e-03 2.850926934732952653e-03 2.801166336187886456e-03 2.439421846146034526e-03 2.398053758935548337e-03 2.230473503805518749e-03 1.974043593750119795e-03 1.725366734372814391e-03 1.703822501457936825e-03 1.224634733562866536e-03 1.164837847631340064e-03 1.283911357084288564e-03 6.859251486164446611e-04 5.037300558711766936e-04 4.732588223191315719e-04 3.196458238106862464e-04 1.501632942437386192e-04 2.084575613217454391e-05 4.784194184488997317e-05 2.494076083553232765e-05 8.458018760366227008e-06 3.953934746920724814e-06 2.309892716304681508e-06 4.644307977687701896e-07 4.500364594341914625e-07 3.127201071349136358e-07 9.325627643715979878e-08
6.325041604297660868e-199 2.036472744602597771e-176 8.365798447967630761e-156 1.263956873072791916e-140 1.324375430965034968e-127 3.511105562498458366e-112 2.818282187139104696e-104 3.167575747068396580e-92 8.977639796276625338e-81 2.787097225929564887e-73 1.725873140787081123e-63 4.597165902279981207e-56 1.320403755004926169e-45 1.415244619354501483e-39 9.173805428526318519e-34 1.123575927821313409e-28 1.397744695420240577e-22 2.758346063066355078e-19 8.115006250231652303e-14 8.641721383960914100e-11 1.230102196278156470e-07 3.986054139100949153e-05 8.952036057458964908e-04 2.024699534269865792e-03 2.782964900711790927e-03 3.296837447575987068e-03 3.466547578473457448e-03 3.733815501354042186e-03 4.016793460935189596e-03 4.183099248287916287e-03 4.362025713976972439e-03 4.367773816799380877e-03 4.534913616633788960e-03 4.593571236438703971e-03 4.621147159533979705e-03 4.710916268082517878e-03 4.798643380154542400e-03 4.716989440346174879e-03 4.689925106691644405e-03 4.354320935860345881e-03 4.296225551459964369e-03 4.213740627859900896e-03 3.868880440386423831e-03 3.793117323439392820e-03 3.593674172229333920e-03 3.250432732269119621e-03 3.172825951247910080e-03 2.904004668476527565e-03 2.665617297448874459e-03 2.706373064026865172e-03 2.403485866779214719e-03 2.490685339988367615e-03 2.389226805483861838e-03 2.092423427012426659e-03 1.972059313366643363e-03 1.727298537976284772e-03 1.593904602353068403e-03 1.421098895829372467e-03 1.311672693179960752e-03 1.194527950686501225e-03 1.172796237037553469e-03 8.727601405001723543e-04 1.093892049048040107e-03 7.962110968393750713e-04 6.519724894621648208e-04 7.002233240117974617e-04 5.665793922884333972e-04 3.566129768970758402e-04 3.263490130387323410e-04 3.534122602695720047e-04
6.634194299091955952e-194 3.697156119065198814e-177 5.194317822810483466e-156 1.203213783640039239e-143 2.030010302218630009e-131 3.433888165695125569e-111 1.434064135871360615e-102 1.249296044883057606e-88 1.918229018641829538e-77 9.454517234330745184e-70 2.568969807319900978e-59 1.814403694677506188e-51 6.992761547768616000e-44 3.906072973004024881e-36 4.246527302523212832e-29 7.802708500352147613e-24 1.509420452914220730e-20 2.934141494495567345e-14 2.644722292735674918e-11 1.685452793275743862e-07 7.053776075625525202e-05 1.266144270109902841e-03 2.176737115724627566e-03 3.232750721907004174e-03 3.672261878942169929e-03 3.757845527563642186e-03 4.105114675504978328e-03 4.342871494537104728e-03 4.544815171918727310e-03 4.604563040373762378e-03 4.958495272905173550e-03 5.132983442863899883e-03 5.156823710893575392e-03 5.290595563609572574e-03 5.327693763733641966e-03 5.343676988496380564e-03 5.399739047651928164e-03 5.362215954737344775e-03 5.465277082392540862e-03 5.345883841797609975e-03 5.315721894453916130e-03 5.190504756174862608e-03 4.766358314519048879e-03 4.371260454600003550e-03 4.470520319924218590e-03 4.063876131313438542e-03 3.729736420591674758e-03 3.630122357236214951e-03 3.376966190399915795e-03 3.203011518671872344e-03 3.061628216185361545e-03 2.897616897969158660e-03 2.763776695926189846e-03 2.548463091408720814e-03 2.553370515801461557e-03 2.581322529293517912e-03 2.359558863927535294e-03 2.432493933438584222e-03 2.174305257237738129e-03 2.264934657725729480e-03 1.995077297118120086e-03 1.895207587810517156e-03 1.890943275056029783e-03 1.686739838577705573e-03 1.713605242345235882e-03 1.800625591935451969e-03 1.690582840269668234e-03 1.510576366112345754e-03 1.409729133807849973e-03 1.349134748334404089e-03
1.200390141166779548e-193 1.846179243268158432e-178 2.553985850118096015e-155 1.792471961514190026e-140 4.044553234898803279e-121 5.651243449223643231e-112 6.269708054905525768e-99 3.721492421649302793e-85 2.149938527013806238e-73 5.229011038137597909e-65 2.100035228644082466e-55 1.835302226891363629e-45 1.919219814412331710e-37 3.277932621819880705e-31 1.896231719147115676e-24 4.903172553583238393e-20 2.352048813961660103e-15 2.398664894337044020e-11 9.882129721447921963e-07 5.070122301245014217e-04 1.896359632771514678e-03 2.800487188268549997e-03 3.289858308636544812e-03 3.993492030686611634e-03 4.084937621746794097e-03 4.503796206285474828e-03 4.730357682137253938e-03 4.994652531114756808e-03 5.172423456016959215e-03 5.191039274314076385e-03 5.441863913813217712e-03 5.705274189240972481e-03 5.844592450615940411e-03 5.753492312465687680e-03 5.901405705712991709e-03 6.213929682975227568e-03 6.184845620321607895e-03 6.329831030397078256e-03 6.439456882900178834e-03 6.501805492841630611e-03 6.577073225065176686e-03 6.392194713046400918e-03 6.067442486005687231e-03 6.048157433390015034e-03 5.569078851908144598e-03 5.082676615498246502e-03 4.922745827023278058e-03 4.562833543787139096e-03 4.436363233703102468e-03 3.892885300385075329e-03 3.824007115518539973e-03 3.772965188622258523e-03 3.592305102658197111e-03 3.408167526404117485e-03 3.241562609365099528e-03 3.128911177907280333e-03 2.970660509521626247e-03 2.862165410259195387e-03 3.040716144207855891e-03 2.670175024351093950e-03 2.539302860181523458e-03 2.535997020453821700e-03 2.527120922976665469e-03 2.379687098482852203e-03 2.342735742441025195e-03 2.251637297398578329e-03 2.291064067463509813e-03 2.343566984707250254e-03 2.367667333268648304e-03 2.024233953299447910e-03
1.364038658267466577e-190 1.221798385146041516e-170 4.063008530715218934e-155 1.472555198894764369e-138 7.024877041590816770e-121 7.434379919023545802e-106 7.701245320048055796e-87 4.800291882157001017e-80 5.909890816132936068e-68 5.242494894569353415e-58 2.493376935788957724e-50 2.285979583332588709e-42 1.939048358770315127e-35 4.263227228173973641e-28 1.958586552057905481e-21 1.002965530901998347e-16 1.053948989054719077e-10 3.246214359974501280e-06 8.047078931326422709e-04 2.350565909167717880e-03 3.412479073831838593e-03 3.969515532832370089e-03 4.330398956299400838e-03 4.467822113946268853e-03 4.845929631086174326e-03 5.189981172729646319e-03 5.392156171256713183e-03 5.593539455124210691e-03 5.799991682458361525e-03 6.020313703383591182e-03 6.115823298059873056e-03 6.315334327651261730e-03 6.462963967374624370e-03 6.767331781070074631e-03 6.794072207687323027e-03 7.113912571627759029e-03 7.300139739569146136e-03 7.480661216702141902e-03 7.520738160311087224e-03 7.693033445752482831e-03 7.858534942226647751e-03 8.234173065923585180e-03 8.082284460475671825e-03 7.631688273052478384e-03 7.168415946864176505e-03 7.152209065107066957e-03 7.036176952241221527e-03 6.619123651784240489e-03 6.068521712910854814e-03 5.632019833941504655e-03 5.453593909308329657e-03 5.160377844536784102e-03 5.125717829301659582e-03 4.574985287833379689e-03 4.439517087128757797e-03 4.433828995351806954e-03 4.097964704297263686e-03 3.779846339952662275e-03 3.690868712749054148e-03 3.901724542588209249e-03 3.759884953456388724e-03 3.314412645728046208e-03 3.397764358724774877e-03 3.308305224803756873e-03 2.943840590078193424e-03 3.534530348137231420e-03 3.454328384360366450e-03 3.130529867983470205e-03 2.825852548940649238e-03 2.896183925435555969e-03
1.262282971424570219e-189 1.187111989975644380e-164 4.974367929218275067e-146 6.208010128243750454e-131 2.163219945817611474e-116 6.849527944169551128e-99 1.822863219034353712e-86 3.338450857100350592e-72 3.436042077133676783e-63 4.579699900277773422e-53 2.486423402667892165e-45 1.339879596780488209e-35 5.371649371550497661e-29 4.881018138360177193e-23 2.485087138728706613e-16 3.707081660575852831e-11 1.669206016633431919e-05 1.226600907787669037e-03 2.859191559852962243e-03 3.981530683928109077e-03 4.356973539643618949e-03 4.529498747655452164e-03 5.002863353056621887e-03 5.063754199676181143e-03 5.455972319416880004e-03 5.717777783226031182e-03 6.195525902923794230e-03 6.524661428172813353e-03 6.529704102651807084e-03 6.963259196921680640e-03 6.922946770469656091e-03 7.099991103132533704e-03 7.255063007471797450e-03 7.440278123500210748e-03 7.626797159802054665e-03 7.919411266213738018e-03 8.272162055729184726e-03 8.467184210592676105e-03 8.679548667301768133e-03 8.919852927000712986e-03 9.332039044490965038e-03 9.464331586438562080e-03 9.773702402030792769e-03 9.974994077607570592e-03 1.039587164613290163e-02 1.005756851153049095e-02 9.868768488153574839e-03 9.484261493601757464e-03 9.300000028150068321e-03 8.997362298694865784e-03 9.432576344908991800e-03 8.074064959235089517e-03 7.617207656622243528e-03 7.614678996474366288e-03 6.822106538507699894e-03 6.948243827111391310e-03 6.433565253303293735e-03 6.559406093104173073e-03 6.657391077194889720e-03 6.118959393573462219e-03 5.750437005457019989e-03 5.469784921648583945e-03 5.075102934427507331e-03 5.542384327940491628e-03 5.657853380873844630e-03 4.968110128639622800e-03 5.276095775654875142e-03 4.981144482879427265e-03 5.345781738961409395e-03 4.336619641558266472e-03
6.972612624915002438e-180 3.553179411141456526e-158 1.006562537422713006e-137 2.457233892302487610e-124 6.712241089321707422e-106 1.252698430665255798e-93 9.531813369011058705e-80 3.242503740732568256e-69 2.432695972526157307e-58 2.218044480666783052e-47 2.674178283279543130e-37 2.534886512999907110e-29 6.690579378771991104e-23 1.242983956272845227e-15 1.143262808716225353e-09 8.281069522458637069e-05 2.110082557347187169e-03 3.447660142211058428e-03 3.994348628972812197e-03 4.664193379182118501e-03 5.083517365731792144e-03 5.439695034228098254e-03 5.574964786349005837e-03 5.998172125167462732e-03 6.131984143034559069e-03 6.780360453779179196e-03 7.080933115892658510e-03 6.984509289731341206e-03 7.460992470434472251e-03 7.575322523633805372e-03 7.558115689975650198e-03 7.856758302463618532e-03 8.102634723792488669e-03 8.362252634715457850e-03 8.541198458022742843e-03 8.655928518952077724e-03 9.073077588876999819e-03 9.322976383344170823e-03 9.782188671918413958e-03 1.035154418874716098e-02 1.052089242890881689e-02 1.072632970923919661e-02 1.164510211105820522e-02 1.206210434678722972e-02 1.252271543350311385e-02 1.266126776576298463e-02 1.349980179295690898e-02 1.285183395579533872e-02 1.406347115977391385e-02 1.331508544998167773e-02 1.356100344936519639e-02 1.287763102492930217e-02 1.288859149546988346e-02 1.202965914834358031e-02 1.188680533988451839e-02 1.294384988982744469e-02 1.259994063842221484e-02 1.209581042329476060e-02 1.105629537321347125e-02 1.013178711085189858e-02 1.201411237814996313e-02 1.042139398731877463e-02 9.845200160908833265e-03 9.169840751462913012e-03 1.025836385057711173e-02 1.002459951257616590e-02 1.055573054631869442e-02 9.521723417971842199e-03 9.243238638060232229e-03 8.781183665796176568e-03
2.818596954135267370e-165 6.780814421283084556e-150 1.612930751146780089e-134 7.198283444418401086e-116 2.242391347643416406e-100 4.605383112335229110e-89 3.848582995191121228e-73 2.243319668178504071e-62 1.718504816160420663e-51 8.763212892408185471e-40 7.248417219312346411e-30 2.138829209758559143e-22 3.884665938302021880e-15 3.111269427884467938e-08 8.626528460404812642e-04 3.027868982576923870e-03 4.374806502290719615e-03 4.667582349986054008e-03 5.206273307124856774e-03 5.619158007993375024e-03 5.814837911496266269e-03 6.014540701920408593e-03 6.300904667278699710e-03 6.460050397426948289e-03 7.048461904091595648e-03 7.410694066061478125e-03 7.893996211774240851e-03 8.151344659436126835e-03 8.451303427388930090e-03 8.591442541539292058e-03 8.659656388115709660e-03 8.592819061997609975e-03 9.019216871951835426e-03 9.099638353982754738e-03 9.379960928081252161e-03 9.695641882296008457e-03 9.988105349145230683e-03 1.054233476207996033e-02 1.083181939233990310e-02 1.119932987010552501e-02 1.178688590838199678e-02 1.225878998384212319e-02 1.283867743457794801e-02 1.374199490414213833e-02 1.436327196631802597e-02 1.506936754513989001e-02 1.638045937006674113e-02 1.716222412376137291e-02 1.784242280960147281e-02 1.831647510541982091e-02 1.856370096796434999e-02 1.930917473789743252e-02 1.964050647896170565e-02 1.896443753418811801e-02 2.056910881239461253e-02 2.104136053865420658e-02 2.054096180650300321e-02 2.042387533265193136e-02 2.274683113534589629e-02 2.311267202927983280e-02 2.473093449192662746e-02 2.283012737824166236e-02 2.356680774484440008e-02 2.416296342072957876e-02 2.285574768550539815e-02 2.445214038068416196e-02 2.544704465708397256e-02 2.542863604948196118e-02 2.403161793747788516e-02 2.483385500173128022e-02
6.304169076811707556e-167 3.268532962054846165e-144 5.839519206732410194e-126 1.046472225923573045e-111 8.327158810585978474e-95 3.877251875358988242e-79 2.362283010702699581e-65 1.496308857505378799e-53 3.567906184440529115e-42 1.118273612864079466e-32 8.357402517700763862e-22 1.685617267180683526e-14 2.606147873716457988e-06 2.225699538465859394e-03 3.734503454386734530e-03 4.854739045322737159e-03 5.480658195248092231e-03 5.911752027869003265e-03 6.180397555079071049e-03 6.487988155837417711e-03 6.751103592412728734e-03 6.578308517368218304e-03 7.231724220897234670e-03 7.674909301473334736e-03 8.029203222863261213e-03 8.640624833122612092e-03 8.832326053662267057e-03 9.213297475150632881e-03 9.394556842662346238e-03 9.349672622933527522e-03 9.621452560955607441e-03 9.822628904629223875e-03 9.853044011415960229e-03 1.024227077899561057e-02 1.034094604604489376e-02 1.081702885279883612e-02 1.092438472654885112e-02 1.135967478739570262e-02 1.190699725790144228e-02 1.269587978170301848e-02 1.312803783476867124e-02 1.376663224312446067e-02 1.447751951145134254e-02 1.483492146959202417e-02 1.593166964042191588e-02 1.662122563612573184e-02 1.842097050016227103e-02 1.967922460114527802e-02 2.067161912371421120e-02 2.227588255191914959e-02 2.379702785381504482e-02 2.507215383153435506e-02 2.641562818737517790e-02 2.729426073795879551e-02 2.780722176687154892e-02 2.964300859623220444e-02 3.029763156372735147e-02 3.183078600951127352e-02 3.472981782021988123e-02 3.687318763852931447e-02 3.971099371547767015e-02 4.315910671555560352e-02 4.606813331714674359e-02 4.889599237882765598e-02 5.479608025554526252e-02 6.037284086474826311e-02 6.138638996384360169e-02 6.667349533576652498e-02 7.500001939393546868e-02 8.057014030078056555e-02
4.754809961242769338e-159 1.403498468468870658e-136 1.844261366284452109e-118 1.409724474507007993e-99 2.942313513648814883e-83 3.768326753033792906e-69 1.131319839042561113e-53 7.362230604946251528e-42 1.288557045789700962e-32 1.064051810854505133e-21 6.067652396295702526e-13 7.594112127661769207e-05 3.606367874881246955e-03 5.619122045790939449e-03 5.770490750424602314e-03 6.540726632846441228e-03 6.739927896134424203e-03 6.833507110731318161e-03 7.392231375116588808e-03 7.383741016080195424e-03 7.381700914072254240e-03 7.804650701721909528e-03 8.403616397324094670e-03 8.997860662052168182e-03 9.305488978578498396e-03 9.814156771251683273e-03 1.025017682059359628e-02 1.040483166728734844e-02 1.023907566650959430e-02 1.037933763714608652e-02 1.044664374936732192e-02 1.093182188146353366e-02 1.081665451331827697e-02 1.111405140981073549e-02 1.161876122171182774e-02 1.164290066099683135e-02 1.229089320620238394e-02 1.242097941550180523e-02 1.336159392470051901e-02 1.372804482533696545e-02 1.469361161822650523e-02 1.560666894512264223e-02 1.603985017705486515e-02 1.676305740954997861e-02 1.758491087329650676e-02 1.859485817209896932e-02 1.956711581111021322e-02 2.112395841751063888e-02 2.319709468387884735e-02 2.519872102628883254e-02 2.707771172574566232e-02 2.913900325762152840e-02 3.154617333923238898e-02 3.361925901821398444e-02 3.577062278429106457e-02 3.841258609455398126e-02 3.981070577709887315e-02 4.191080072365671594e-02 4.526747132491684006e-02 4.704052957715389865e-02 5.135376637937011379e-02 5.466752245329926929e-02 5.983737553405078097e-02 6.418799248269105306e-02 7.158877027044215080e-02 8.089905442528877444e-02 9.094412999844699030e-02 1.008864024868070114e-01 1.118357590386637318e-01 1.277741360786903146e-01
1.958230119491612913e-144 3.806942665019560071e-123 4.284808105186465371e-105 3.106947240747326620e-88 1.546297648770874801e-73 8.411070878364366138e-56 2.478899164063678252e-45 7.643231675852774658e-32 5.742074109864429456e-20 1.579952324917248257e-09 1.224099544245275126e-03 6.109426883609010012e-03 7.267317660442597013e-03 7.261977357846289248e-03 7.394059203855277845e-03 7.519982343666721525e-03 8.264521556258681845e-03 7.997090695947336320e-03 8.446961253779264323e-03 8.499440261448689554e-03 8.700892578173011205e-03 9.147499152683449125e-03 9.723886446180047063e-03 1.050792317596693434e-02 1.105634314314515171e-02 1.130212104811255912e-02 1.154204567520016045e-02 1.150672198961523972e-02 1.133130501425350101e-02 1.139558501261617694e-02 1.146832089394353958e-02 1.160518255395859809e-02 1.198297077290066785e-02 1.232695895993644354e-02 1.278174018714747263e-02 1.300213393504368216e-02 1.333410393339920334e-02 1.369527395077497524e-02 1.455736325671994069e-02 1.538921693317393292e-02 1.618756279176712665e-02 1.705257926681012434e-02 1.772436289896083331e-02 1.888686202742957329e-02 1.974661956750138267e-02 2.064401475056169485e-02 2.184357923640032131e-02 2.304913652844456720e-02 2.440299073694401910e-02 2.729086603037752037e-02 2.997561841114778497e-02 3.239437354684536474e-02 3.553309418519710883e-02 3.821808258091719673e-02 4.111660556199456251e-02 4.543722889742486670e-02 4.825553960562366934e-02 5.221373740088932486e-02 5.618774958530475816e-02 5.931135042544147251e-02 6.487039877195678594e-02 6.863698349806951482e-02 7.361795756224760734e-02 8.039784094125226876e-02 8.587683548804021794e-02 9.411270659468236321e-02 1.016130563716244328e-01 1.110607122483934506e-01 1.228248818215162547e-01 1.323523616151409676e-01
4.875489989318078129e-135 1.291785380328704646e-113 1.375611153749739923e-92 5.425452186901919366e-73 4.730620258474932586e-61 2.826579198270157748e-45 4.225771638384708284e-31 3.165918685420355875e-19 2.995864356155098680e-07 6.259136091350901883e-03 9.255928872953596634e-03 9.501565882006594507e-03 9.279556931484323271e-03 8.963000663121676106e-03 9.007371725480222899e-03 9.119901885680384637e-03 9.535422828971077541e-03 1.021596887386047765e-02 9.607771672541670985e-03 9.612457501939748045e-03 1.014900001229696903e-02 1.058945326266438544e-02 1.150304242397330937e-02 1.235370163951542317e-02 1.293831340438716428e-02 1.294101520973414340e-02 1.311353109816512999e-02 1.253714152208338685e-02 1.274579687493190318e-02 1.252390298004739042e-02 1.274374206574700914e-02 1.291514957325685421e-02 1.310800027752786860e-02 1.383803780391904686e-02 1.403701251960690760e-02 1.439174497338259473e-02 1.504637389803410545e-02 1.544938567093387741e-02 1.601360466127633650e-02 1.727373668897931938e-02 1.813197089897725447e-02 1.852537377932705898e-02 2.022366125911518805e-02 2.074745943183047697e-02 2.238670023547969720e-02 2.336089575726801176e-02 2.383173703549912661e-02 2.511225631842741238e-02 2.663541852023595946e-02 2.877496504871423014e-02 3.185280547122491812e-02 3.525593862370915432e-02 3.959162939553220045e-02 4.315514137501928055e-02 4.699361307955995243e-02 5.130932271899256436e-02 5.511303513150462435e-02 6.043701590971135851e-02 6.552244355616566873e-02 6.986250161434381933e-02 7.704585269307497042e-02 8.408747056734856840e-02 8.884126655568359843e-02 9.830668454633213760e-02 1.058681630508826327e-01 1.153454234229763370e-01 1.200576164851598626e-01 1.304163127409682099e-01 1.368916432654110893e-01 1.467123956598890833e-01
1.483586837498538408e-120 6.058456959278729633e-100 3.133795299650549420e-79 7.469756769761548586e-63 2.831291481003760734e-42 3.433100755680508992e-31 6.598351572879331592e-16 1.490665171965466836e-04 2.483660370786701377e-02 1.834019612584401188e-02 1.313015556708791755e-02 1.161172672881155207e-02 1.107154376915887861e-02 1.089348277805349610e-02 1.106566055391681666e-02 1.079237464641938891e-02 1.165425523475124327e-02 1.160671124884633809e-02 1.114684160996919603e-02 1.095007374710780731e-02 1.157144322696936935e-02 1.307239947397588475e-02 1.365252136174215092e-02 1.419905942842569595e-02 1.503839340365844754e-02 1.508628324188150335e-02 1.477335553904937648e-02 1.414384376471643050e-02 1.432068817393023462e-02 1.398748921291145114e-02 1.418343922314343510e-02 1.478972135170419228e-02 1.486999005391509594e-02 1.547110857430835339e-02 1.544013072905317703e-02 1.572339306096024597e-02 1.667358231015393308e-02 1.744215519557311411e-02 1.805306862706431911e-02 1.854694520682017428e-02 1.950037329351249349e-02 2.133879633584240612e-02 2.240460882427272940e-02 2.397867842031040087e-02 2.503375474660491165e-02 2.618480161028014647e-02 2.789090576290635670e-02 2.822701303047691485e-02 2.976453526905973798e-02 3.195505867406274458e-02 3.538753758179984804e-02 3.787987630771285502e-02 4.334070410524695771e-02 4.763399381039429975e-02 5.264866597531581149e-02 5.971397802939654165e-02 6.346068488414768893e-02 6.973122192074882042e-02 7.324011694735105271e-02 7.943759584557612274e-02 8.452948406277760451e-02 9.414542187343027946e-02 1.022711760656688645e-01 1.119489451011405345e-01 1.215661913034590536e-01 1.316766055572165528e-01 1.415606898586952711e-01 1.527179951361238852e-01 1.634879898454740521e-01 1.712742085146664872e-01
5.505996763033531578e-103 1.729005732797211566e-81 1.681747715695442292e-58 4.886284587349378008e-42 1.862028676569949934e-26 1.207098035815778337e-11 5.504802890757081596e-02 1.647932146330484959e-01 4.677511846696498499e-02 2.276538296758267785e-02 1.646588922872468594e-02 1.537774017025978976e-02 1.438958399090290927e-02 1.427472386997880559e-02 1.322554728799830125e-02 1.393267145702841749e-02 1.384507160510510017e-02 1.274744962667693354e-02 1.280620178617560868e-02 1.344880952493674245e-02 1.462525533206476824e-02 1.534253011687454482e-02 1.658005394998896681e-02 1.693792774634966802e-02 1.749139844572901795e-02 1.730006637890842136e-02 1.678283133691788748e-02 1.593700583040760094e-02 1.602024910158575399e-02 1.537495423175013962e-02 1.612138778433720374e-02 1.632329892113687508e-02 1.680524046821419565e-02 1.661519385365421361e-02 1.776817755751112365e-02 1.845452442591098696e-02 1.899195097631112966e-02 1.913449670039142278e-02 1.989246354984557097e-02 2.086484132089039267e-02 2.200149138918969932e-02 2.324977789435445780e-02 2.532888118847557296e-02 2.752628320136892015e-02 2.957451177842023923e-02 3.089834845258192242e-02 3.231383774794577279e-02 3.425425490851437965e-02 3.544606151244410891e-02 3.644909373441772987e-02 3.835199116803655883e-02 4.182469272691986817e-02 4.717639833468081217e-02 5.271117923451942855e-02 5.889762869412634022e-02 6.498884774239789552e-02 7.563219767722885456e-02 7.874813626037581449e-02 8.809191071971321507e-02 9.331036896949106152e-02 9.909158940181114761e-02 1.068791550861120376e-01 1.114877448931223397e-01 1.210363408070551650e-01 1.295080298978785738e-01 1.423206975000170516e-01 1.510923632861654042e-01 1.645843995645055735e-01 1.715337758926845646e-01 1.864952811545423361e-01
5.093120005421939137e-84 1.887837581748993168e-62 8.813832217717983299e-40 6.047615272326525682e-24 5.224418704720304632e-08 4.671266232033541299e-01 3.346713337967675006e-01 1.565890632063410004e-01 5.295321045105889218e-02 2.899549619180597990e-02 2.204174621677101181e-02 2.009229984661189614e-02 1.836586523917986200e-02 1.686083070221007854e-02 1.768888129690964275e-02 1.795629379449273713e-02 1.611463719918383372e-02 1.476506110702099743e-02 1.547022713660491100e-02 1.655388859579895455e-02 1.812036387413286723e-02 1.922286504890204084e-02 1.989196956977949335e-02 2.158259243402245106e-02 2.107687119171883575e-02 2.024966946739320886e-02 1.895175132764436235e-02 1.850133792258909157e-02 1.780625544384534242e-02 1.771428829984832490e-02 1.790323874884617097e-02 1.836039599755274337e-02 1.892571831897453885e-02 1.941109456024975657e-02 2.003497893994313911e-02 2.123633158714002475e-02 2.107139621939895999e-02 2.168066416820144809e-02 2.248229730488382136e-02 2.385336728865341052e-02 2.456642450739392192e-02 2.673565372269457244e-02 2.809134961689320822e-02 3.051530147201873128e-02 3.386674397493828065e-02 3.679010864831924049e-02 3.845579095659919927e-02 4.146118206473597967e-02 4.193434178526585926e-02 4.454615797140951128e-02 4.544001939520956462e-02 4.843328424095300760e-02 5.289456499436790554e-02 5.848743007200259830e-02 6.627107986141912710e-02 7.497354044170724541e-02 8.546767691340045880e-02 9.476465186235003002e-02 1.047954269133754140e-01 1.118465556839684655e-01 1.198413302930394220e-01 1.272365046268724154e-01 1.323387013203350948e-01 1.386198592983385880e-01 1.459718031462693411e-01 1.541989654736105608e-01 1.591002850406947333e-01 1.739693095063587769e-01 1.808730574897033094e-01 1.896607318625110339e-01
4.763629404121610717e-59 5.481352241025373011e-39 7.596077443086465361e-19 7.123475504894540011e-03 6.070558869768216681e-01 4.678809841985245299e-01 3.015426642447890382e-01 1.517033419013627538e-01 7.074333935215580682e-02 4.142346368409602353e-02 3.385983182313687112e-02 2.848583149063560818e-02 2.452469119082749047e-02 2.315610465911771554e-02 2.379629719006506536e-02 2.134946588857592614e-02 1.996637813474077053e-02 1.888934640022433761e-02 1.978318908999871298e-02 2.112972805821540165e-02 2.332885055337127408e-02 2.495514049888649527e-02 2.587252136148137857e-02 2.670719215599902038e-02 2.399359755866734695e-02 2.269061877084059195e-02 2.157554581416702699e-02 2.094392049151086108e-02 2.110693312417956727e-02 2.015456188920704272e-02 2.117084531773731973e-02 2.195418973993991732e-02 2.155169476453242666e-02 2.270830224604806699e-02 2.301738182411613640e-02 2.369626133835079848e-02 2.431962917215219760e-02 2.530669793175428089e-02 2.608009088663925182e-02 2.669631960391269376e-02 2.869131559454401667e-02 3.102428652779627705e-02 3.303116520912867393e-02 3.626543296777177960e-02 3.920136931135437958e-02 4.400452682365269680e-02 4.746494990870475661e-02 5.050136739854518136e-02 5.372294815944046037e-02 5.629664933465278881e-02 5.726933918321538974e-02 6.040604778135021113e-02 6.385958226445259678e-02 6.854705059480298290e-02 7.576200723080751820e-02 8.350716320512430180e-02 9.372089105888395388e-02 1.083608164322003159e-01 1.217864992238345129e-01 1.318438854987356856e-01 1.446572949516977125e-01 1.513523744430974594e-01 1.624703612231488403e-01 1.696987817616401051e-01 1.751365303845396904e-01 1.810090801983702535e-01 1.870327372175013270e-01 1.941453875730687062e-01 2.018073142622168192e-01 2.077445539650491779e-01
9.576176424932547659e-37 1.056093672844181964e-14 7.614436409330258559e-01 7.108568489647489885e-01 5.781453095470880932e-01 4.442980855590863420e-01 3.152849674125060009e-01 2.036145564659584961e-01 1.175384532474638977e-01 7.435672981348129262e-02 5.373028217985073574e-02 4.209511539243222106e-02 3.488034564028832246e-02 3.450926458624919979e-02 3.253186964771819650e-02 2.665438712111793673e-02 2.373029460729070977e-02 2.477998285559404948e-02 2.712053245017318273e-02 2.959974301953656114e-02 3.133742432554761925e-02 3.402422445431167730e-02 3.358269797894499614e-02 3.311143023955342296e-02 2.936866623142203592e-02 2.663261519390038370e-02 2.482609483901142972e-02 2.472230228911925440e-02 2.433293732430537315e-02 2.397420434556145688e-02 2.435407142381176837e-02 2.533170147179980222e-02 2.522541901511416926e-02 2.692993843187007144e-02 2.715484724061488150e-02 2.787326483230970556e-02 2.842654122684067086e-02 2.998027269058534464e-02 3.106233938433480835e-02 3.226377420767314458e-02 3.376934117828881560e-02 3.648774260102296413e-02 3.745352821204118304e-02 4.274273868390423420e-02 4.770777150375391656e-02 5.326258822450960495e-02 6.007681763923319873e-02 6.578711258179219257e-02 7.028661548475019505e-02 7.281498897689005212e-02 7.694862575647992697e-02 7.839386570255833797e-02 8.418320437243854981e-02 8.884331245817593536e-02 9.539493835444405601e-02 1.025742746937836625e-01 1.151778673741956360e-01 1.257084151880388800e-01 1.392671361086215975e-01 1.568741144227982498e-01 1.691005769667175418e-01 1.839391102527610233e-01 1.940959933180603780e-01 2.063134998443122980e-01 2.137546726338431791e-01 2.196369086063861553e-01 2.240541636529167491e-01 2.272823245501345013e-01 2.366281732391098402e-01 2.397391207073850117e-01
6.094742213169851428e-08 8.500956846402843992e-01 7.855247555657116632e-01 6.883029876427285698e-01 5.727949007558975625e-01 4.721098096119908383e-01 3.668293064608312282e-01 2.802454457340537441e-01 2.045929921792758177e-01 1.298752400353376801e-01 1.029012702117404893e-01 6.825234213496943203e-02 6.252586786147203146e-02 6.263072793699220320e-02 4.602639199755231836e-02 3.360862474599576877e-02 3.274080455105899540e-02 3.493890855455588501e-02 4.046895869542933843e-02 4.660631751163991920e-02 4.778050999317692837e-02 4.953042392518140075e-02 4.665777821524670632e-02 4.218699968029519104e-02 3.589641673382971271e-02 3.359733513094120133e-02 3.076433011924244523e-02 2.873585748326418221e-02 2.931937905839403571e-02 2.972580117333537691e-02 3.067062600727196026e-02 2.977735249574532672e-02 3.170648724985012518e-02 3.216478039157071034e-02 3.384432043131879037e-02 3.406732025132631902e-02 3.544291492329572357e-02 3.750539050833303495e-02 3.890250799577264079e-02 4.081378964274758742e-02 4.253765797738881527e-02 4.509977593101410775e-02 4.723065799548889498e-02 5.378156987433928976e-02 5.862989076940401667e-02 7.087618260537137393e-02 7.910535462474335699e-02 8.881828671841977829e-02 9.646673202018340998e-02 1.023738570784662738e-01 1.130902779698447075e-01 1.157996522262134398e-01 1.175325158109892659e-01 1.217769851273617920e-01 1.264243297885943029e-01 1.351214262724779180e-01 1.455509597194761529e-01 1.554131610122380380e-01 1.714703569600293243e-01 1.857633086915201071e-01 2.019910602780683462e-01 2.146751862735677696e-01 2.306748689116603079e-01 2.477889226285564517e-01 2.532708398827138718e-01 2.618475435317865752e-01 2.698669612385458660e-01 2.760218641425569164e-01 2.803171812356650139e-01 2.843004646650723055e-01
9.023571946407532574e-01 8.506375692077304818e-01 7.784311328572673938e-01 6.996416346025275956e-01 6.126963622931825837e-01 5.287146703890054367e-01 4.513966554461106839e-01 3.759068932780726402e-01 3.047328961602016606e-01 2.547667210953500905e-01 1.957930906844456698e-01 1.446521867845043385e-01 1.396048107214321876e-01 1.131602520805700396e-01 6.637517126669566225e-02 5.301617561043241861e-02 5.626146539290324128e-02 6.168531278895393599e-02 7.202340028743813016e-02 8.196061494211524801e-02 8.965031937781216265e-02 8.339235133637276642e-02 7.067937928274836690e-02 5.844717853916669981e-02 4.653165525962150995e-02 4.179347673686701486e-02 3.960111195418848651e-02 3.887007518824188435e-02 3.771085764335713186e-02 3.838722649474651111e-02 3.843225644125015938e-02 3.933298623757255918e-02 4.116591811253397099e-02 4.162566758091745117e-02 4.415548462220964671e-02 4.485611711649628575e-02 4.719559662696850427e-02 4.850571762675492254e-02 5.137247649746465999e-02 5.441893153178106041e-02 5.621663105317275394e-02 5.960027726972084994e-02 6.299619353529586907e-02 6.895830747415140904e-02 8.133857128098297140e-02 9.377876102150464743e-02 1.091987067104046305e-01 1.279139550517088830e-01 1.434755287854204142e-01 1.540049794585258425e-01 1.645093733306677575e-01 1.688048169289990685e-01 1.716142019234108695e-01 1.782742760387638348e-01 1.873926417018818569e-01 1.859079927498495100e-01 1.961850901012410497e-01 2.039461914397785181e-01 2.132121717291242113e-01 2.233863695655760040e-01 2.423759577726711523e-01 2.518503006063104177e-01 2.710951241879004381e-01 2.805328647156029032e-01 2.902051793276801406e-01 3.061712452931105166e-01 3.122252910797044256e-01 3.250208089227099029e-01 3.284657634424705819e-01 3.337466700180849455e-01
9.087855012872497751e-01 8.585455992131270087e-01 8.027077743011913347e-01 7.363572584074258298e-01 6.808008953258513074e-01 6.123420773950533080e-01 5.488610279594013930e-01 4.921409742255927200e-01 4.268940731718501858e-01 3.823654507298112071e-01 3.117810697414039600e-01 2.938463758250662861e-01 2.686875783826012110e-01 1.951764221904105923e-01 1.200329247322553666e-01 1.138800867430329600e-01 1.224668698864102984e-01 1.520653330292068006e-01 1.635206210810859484e-01 1.757564907625223660e-01 1.705637017350835616e-01 1.489231565547484426e-01 1.224981309327846796e-01 9.355660758348499639e-02 7.034713144614512803e-02 6.119718017119065573e-02 5.830552765449256714e-02 5.696514326543441337e-02 5.402576772312329273e-02 5.421141372339183251e-02 5.684162795663898204e-02 5.856534783528805771e-02 5.531848975373941657e-02 5.861088524681241918e-02 5.948823626936965842e-02 6.489562812132687597e-02 6.514283507412027552e-02 7.124624235865820165e-02 7.450633991731878125e-02 7.754182199255645058e-02 8.332065432825228046e-02 8.743918068483068351e-02 9.609821271770500883e-02 1.014764669352579834e-01 1.126726651453061612e-01 1.317804587169236485e-01 1.508934460045118775e-01 1.728366406006866529e-01 1.968265872191612420e-01 2.144646721847240367e-01 2.275112018647329482e-01 2.360411600878231653e-01 2.429397507617098162e-01 2.453465478636547292e-01 2.521702272268727119e-01 2.506876600948205747e-01 2.596440700615324504e-01 2.625712122801162063e-01 2.699101185574219741e-01 2.786921755925951261e-01 2.870647682402656664e-01 2.975471963654275909e-01 3.127814760123273086e-01 3.245986312467129542e-01 3.341267154247504201e-01 3.488294501403216841e-01 3.586080211107971483e-01 3.732531313835957820e-01 3.809913997362139315e-01 3.845402967220512558e-01
9.180299406467745671e-01 8.830074258572238044e-01 8.359517067306239113e-01 7.898272261509348136e-01 7.378743808719906427e-01 6.923857560937531908e-01 6.461471201581593382e-01 5.836039666969521367e-01 5.453984003206849840e-01 4.905312424137845406e-01 4.474039318915090102e-01 4.296399087947807005e-01 3.646322508580016053e-01 2.750891469642955944e-01 2.294502231400300241e-01 2.339895681331171373e-01 2.567622855112336455e-01 2.800423707638248216e-01 2.949125188586810831e-01 2.941158336387829086e-01 2.736514611875527914e-01 2.396621485210319313e-01 1.867411962282545246e-01 1.380877292332476081e-01 1.077846625487173388e-01 9.256954015335368269e-02 8.858712921850149524e-02 8.664365136836162107e-02 8.370417491458660708e-02 8.247243041879884218e-02 8.446966360991221834e-02 8.428580615646530383e-02 8.496370742871242610e-02 8.876877512935932302e-02 9.166914994103089742e-02 9.790787296214628621e-02 1.024630804738510953e-01 1.093620514538575922e-01 1.114771565069368753e-01 1.200325057080814106e-01 1.217944497866947223e-01 1.308978557496787709e-01 1.320630499988157680e-01 1.444942008306497883e-01 1.578321754518811904e-01 1.752458026669729829e-01 2.021461864751709636e-01 2.260027230364121398e-01 2.533001762609128904e-01 2.720970479595505864e-01 2.812660927098401542e-01 2.997342054971581238e-01 3.072429062492456620e-01 3.108258708674878079e-01 3.166111337823572236e-01 3.219080610573904488e-01 3.184737788125073243e-01 3.242976960136351727e-01 3.263818194895348745e-01 3.338280526749489718e-01 3.351464331602833635e-01 3.473898473453109204e-01 3.584351152527554540e-01 3.636400801178893971e-01 3.734501834430175582e-01 3.858866192544797569e-01 3.944575518708374195e-01 4.032914293075656187e-01 4.100133259223738835e-01 4.194112493447655909e-01
9.268346604009236600e-01 8.957030731125282808e-01 8.644843440311541505e-01 8.245743947306150012e-01 7.807697068635977011e-01 7.400440204197670235e-01 6.974545548749280233e-01 6.530865293622793999e-01 6.133511079120939069e-01 5.606366437595723395e-01 5.414812330778833172e-01 5.009788281887314065e-01 4.294450421495856762e-01 3.625378447071835319e-01 3.429307578266368450e-01 3.542560348458902442e-01 3.729961635135706777e-01 3.857083915287942699e-01 3.842388728601088266e-01 3.745945742299680581e-01 3.469722741244970488e-01 2.905570875209858017e-01 2.311292643355515597e-01 1.862765961063768128e-01 1.546317730293315651e-01 1.416183391303226513e-01 1.288413356522584430e-01 1.238405331324378272e-01 1.244564887206872777e-01 1.212271900092203730e-01 1.215504697824173752e-01 1.239970501169093686e-01 1.267350254419646050e-01 1.320206399866498403e-01 1.290352345602150674e-01 1.392326471206935257e-01 1.449336256217084729e-01 1.545026796057285268e-01 1.605080367174542277e-01 1.668974105547923747e-01 1.737456770136980577e-01 1.768818948990631135e-01 1.810344938736735965e-01 1.902646680050977812e-01 1.999091076640759634e-01 2.129540528755674844e-01 2.332982417059807356e-01 2.549096403760966467e-01 2.890095962644321226e-01 3.058723568221859423e-01 3.240387716808298402e-01 3.371637196935347025e-01 3.492041228966728528e-01 3.589700992156723003e-01 3.609650751615418596e-01 3.630648938375560242e-01 3.689495030488335048e-01 3.684150692923088277e-01 3.715928181897543148e-01 3.749225266378309884e-01 3.765062684172377772e-01 3.822731226056471088e-01 3.864594125760649757e-01 3.934182899668888234e-01 3.974395248918874968e-01 4.087508898495837428e-01 4.183614855621047846e-01 4.255096966435725769e-01 4.334797363335066156e-01 4.364756831409880578e-01
9.269408723433083530e-01 8.997141427343277043e-01 8.705343356628570950e-01 8.360265533307885688e-01 7.985777382362949650e-01 7.606940190416237035e-01 7.227020590793314936e-01 6.854875422997299683e-01 6.356690451921570562e-01 6.120937457285287042e-01 5.855159542810901563e-01 5.298861613228624812e-01 4.515016267243300296e-01 4.188197763612951929e-01 4.177475207404344748e-01 4.343369197793300329e-01 4.399663338379654620e-01 4.440476461039762901e-01 4.396440945330240546e-01 4.109736897436309655e-01 3.642773109720737756e-01 3.108820391096155933e-01 2.532325950268934367e-01 2.119219043750095455e-01 1.912170240367234153e-01 1.749365432811582355e-01 1.668642200842032075e-01 1.619670743132445578e-01 1.569250367268864854e-01 1.543377000973883972e-01 1.551361047210505217e-01 1.565492082487359160e-01 1.591446704489006825e-01 1.656967213788138327e-01 1.698639937603116656e-01 1.731330100886819823e-01 1.832327938812179091e-01 1.887902064844071692e-01 1.961217008527759431e-01 2.031149659081085690e-01 2.102390490841846704e-01 2.132063994306981625e-01 2.164949263647101274e-01 2.202043932659273340e-01 2.284074363019052423e-01 2.395462440513219937e-01 2.505532531579047206e-01 2.744269257343008306e-01 2.986948096251515472e-01 3.194389316759134179e-01 3.438398077081281090e-01 3.595833848302826263e-01 3.733406781152542875e-01 3.829315513501710955e-01 3.889325226716912054e-01 3.936491938613772001e-01 3.964578322251965381e-01 3.971922609071869004e-01 4.012071883577048581e-01 4.032040888031985792e-01 4.036828821087708463e-01 4.063007461105942464e-01 4.087302058690148177e-01 4.120599980072155444e-01 4.141165894419308602e-01 4.193390070016087545e-01 4.237418687382925042e-01 4.328779060366840792e-01 4.392930186725998998e-01 4.436975418085735146e-01
9.168935051638743561e-01 8.901652457756008552e-01 8.611724747658207058e-01 8.255383240533298306e-01 7.899625115008268583e-01 7.548380935993106444e-01 7.241534216306394489e-01 6.775641929516615924e-01 6.460227233211595088e-01 6.193881972039066985e-01 5.774535714486406235e-01 5.120268225143694840e-01 4.670229573917096810e-01 4.545114376491973252e-01 4.595979281807882622e-01 4.652635542599649621e-01 4.681892207642996961e-01 4.615733692422068213e-01 4.423269709051551590e-01 4.080502067182504300e-01 3.604548158856893392e-01 3.044922337890658692e-01 2.604478529904522000e-01 2.286892311762279695e-01 2.095178729471172396e-01 1.973452065415945977e-01 1.871169318624255062e-01 1.813544251291374365e-01 1.788350254899209457e-01 1.768242681800262506e-01 1.757771037482779020e-01 1.773681642668925862e-01 1.794755779272854679e-01 1.841002089085923277e-01 1.888301737158970539e-01 1.943884460466619724e-01 2.025629836849954235e-01 2.106172177468338402e-01 2.169667824806809919e-01 2.244960973309654273e-01 2.307982278629457928e-01 2.369378916817149738e-01 2.390797717470897477e-01 2.418656028190274976e-01 2.453002608784954353e-01 2.518460144860442118e-01 2.608577884896078336e-01 2.768912670025366896e-01 2.959640792000123311e-01 3.171154780977991638e-01 3.412772820437143806e-01 3.590588346632303529e-01 3.759763485592453325e-01 3.904819236777792857e-01 3.951279398891005545e-01 4.056221545818748941e-01 4.119643669916885909e-01 4.140255962264988709e-01 4.166483037735260186e-01 4.170907714246754883e-01 4.189075126900991264e-01 4.226029705158391714e-01 4.230197705230869798e-01 4.250192816060684997e-01 4.257764863666223532e-01 4.291196406253304230e-01 4.326798029038668170e-01 4.357252815612898122e-01 4.402506160665400348e-01 4.487571572963456878e-01
8.933491391922587788e-01 8.683674059932658951e-01 8.388457661188643000e-01 8.101993770467526002e-01 7.724503166060475712e-01 7.413386856784658363e-01 7.020081142543396213e-01 6.657389158742837987e-01 6.425869657840591609e-01 6.064474751592755508e-01 5.500772097307995434e-01 5.026967462689111432e-01 4.784603597288057952e-01 4.762926909398479403e-01 4.769811569010642960e-01 4.789143421808837453e-01 4.724846481597336223e-01 4.567035106866975669e-01 4.266925590748781305e-01 3.817495013928319803e-01 3.321203229536288104e-01 2.860431750623416147e-01 2.534970626909193725e-01 2.317334792937061350e-01 2.147890648326373497e-01 2.049211102592767009e-01 1.968638717334235400e-01 1.912839759492317993e-01 1.867861721554644472e-01 1.859790043774118551e-01 1.861956145461060030e-01 1.873383909523607671e-01 1.883730121759593645e-01 1.931354554082270192e-01 1.977544308420740859e-01 2.047866076538125413e-01 2.116828591803739668e-01 2.192302117078935297e-01 2.272451777222908864e-01 2.348091987707905670e-01 2.417889589329349220e-01 2.478555487728107132e-01 2.518169273542618103e-01 2.549276618131313676e-01 2.568053638155735618e-01 2.588140442558926058e-01 2.642128131684061687e-01 2.730802258189764520e-01 2.866318311394117635e-01 3.055717020777550808e-01 3.279298879332054883e-01 3.475750450367533495e-01 3.649149251240259018e-01 3.801862098725054540e-01 3.939552188108057518e-01 4.048648349922194245e-01 4.099174648928557430e-01 4.161829384568774826e-01 4.206845152624014150e-01 4.241328190388160002e-01 4.270494132060272396e-01 4.281155922296142058e-01 4.303623683521984322e-01 4.314421298388926296e-01 4.327714113339479196e-01 4.348593079358779034e-01 4.363060387008088625e-01 4.392598410911408569e-01 4.417259554784253583e-01 4.435502593940193750e-01
8.678621656727942835e-01 8.398215417371100999e-01 8.123705633069548959e-01 7.791969360777160070e-01 7.461427144769464670e-01 7.140468037579728033e-01 6.783911377328539771e-01 6.521317089812578294e-01 6.194911016378494839e-01 5.705274025077110567e-01 5.262756486352410112e-01 4.961872429477379720e-01 4.852543824883253643e-01 4.808419521319746148e-01 4.781216968916984222e-01 4.716354466851880867e-01 4.585253377644131212e-01 4.348852534167059747e-01 3.951319325688351092e-01 3.541490510145850479e-01 3.068195381750489781e-01 2.707050378314906358e-01 2.474170451456921827e-01 2.286294787651801386e-01 2.156329917279193320e-01 2.065171059771511441e-01 1.993332479732116413e-01 1.945542513910040738e-01 1.910685548924607458e-01 1.891292881203201492e-01 1.893725962648339367e-01 1.906192192342032188e-01 1.920396994285897274e-01 1.964688002933706601e-01 2.011948482661205240e-01 2.084440955508984339e-01 2.150461479469226722e-01 2.231510714994562883e-01 2.314105419791431251e-01 2.400157414381202392e-01 2.476370094869439209e-01 2.533008186733913258e-01 2.587367447261227360e-01 2.605940937029290194e-01 2.614942575745716202e-01 2.631346527730636375e-01 2.661233016996401579e-01 2.705879185591902880e-01 2.795467833390118950e-01 2.898054162846300241e-01 3.075112230733745289e-01 3.251619795931675605e-01 3.459792804804716071e-01 3.643995492544696568e-01 3.818756752213954275e-01 3.943993917321299558e-01 4.041686005810080640e-01 4.132967029833810590e-01 4.196906564253180538e-01 4.256537129211014348e-01 4.287959687648246754e-01 4.312848704531885291e-01 4.341188996231150621e-01 4.359259343803196796e-01 4.374807809841136930e-01 4.391287557272713915e-01 4.404217909643863282e-01 4.417029605035476258e-01 4.431571702438824034e-01 4.457190665554213171e-01
-1.000000000000000000e+00 -1.000000000000000000e+00 7.780193304309280800e-01 7.480777630762222019e-01 7.174343273232206553e-01 6.853037457860092774e-01 6.555014554825077111e-01 6.214319757657416066e-01 5.854994547784454495e-01 5.422745312321607392e-01 5.107113391235870159e-01 4.915877570161528154e-01 4.817300694741900036e-01 4.745178126241781369e-01 4.678585507536615617e-01 4.529475344348885546e-01 4.303803404004165056e-01 3.988940515596572367e-01 3.597321636453890137e-01 3.219131888374958672e-01 2.869218617411352645e-01 2.591522427684769259e-01 2.397800748114078118e-01 2.243000118635694873e-01 2.132990757127870007e-01 2.056688279711843814e-01 1.989202139961624149e-01 1.944672001394771865e-01 1.917186975028066787e-01 1.895925701858429679e-01 1.894572366162572963e-01 1.906636896278313398e-01 1.930592050090314815e-01 1.963769794198597929e-01 2.008578314841098500e-01 2.073246162551138638e-01 2.155247395467959903e-01 2.229116484199051007e-01 2.317556375328805041e-01 2.413169120456774008e-01 2.492298885526498253e-01 2.560357236151321048e-01 2.607624803075702657e-01 2.638045476500117115e-01 2.654763246299899349e-01 2.661384541460060094e-01 2.671125874481935503e-01 2.694156603401600680e-01 2.732901999763447942e-01 2.798330768663776502e-01 2.918230125230622529e-01 3.082952385026785369e-01 3.250736568595551934e-01 3.430491249286014566e-01 3.627004190953117546e-01 3.775419599073637777e-01 3.890384742462886236e-01 4.027856922849171739e-01 4.098858535886347743e-01 4.192496165301293765e-01 4.259406114871593374e-01 4.306283786094486921e-01 4.331068168074307945e-01 4.369642249403649092e-01 4.394981733400493140e-01 4.413329068676997702e-01 4.431936070474413736e-01 4.447941265779665199e-01 4.459391890361447119e-01 4.474602900305250097e-01
-1.000000000000000000e+00 -1.000000000000000000e+00 -1.000000000000000000e+00 7.126246980541313114e-01 6.820069920967603005e-01 6.510400794842098326e-01 6.207279993322329936e-01 5.883798307343612866e-01 5.502465198226583754e-01 5.207338190329175998e-01 4.974165228171241182e-01 4.820544538980265914e-01 4.704301727145363543e-01 4.592571487814098852e-01 4.448749075866575975e-01 4.256641537568103262e-01 3.969798389978976272e-01 3.645498815209953225e-01 3.275686413418862908e-01 2.968582655309796592e-01 2.702683801805682573e-01 2.497475333946305998e-01 2.323069246829589651e-01 2.203614551054779991e-01 2.104517651645064491e-01 2.029895124206491652e-01 1.973804911805026874e-01 1.932504945206085512e-01 1.906734774816784828e-01 1.886245322224349152e-01 1.887088603039514811e-01 1.902125267592220392e-01 1.917250746898547520e-01 1.949665834011664878e-01 1.998389909460210612e-01 2.055589878017992644e-01 2.131845619320886509e-01 2.211939391053409920e-01 2.303909476445858140e-01 2.400163045318308985e-01 2.485942084420895426e-01 2.566649391294777427e-01 2.619327582463287230e-01 2.655914741879006336e-01 2.680349533343454604e-01 2.686854298583263301e-01 2.684964523814269421e-01 2.688954082927393907e-01 2.697311653822274113e-01 2.741384342954735209e-01 2.802300702905824448e-01 2.898186908449790211e-01 3.061052839656913660e-01 3.168374481238964702e-01 3.366354832190355806e-01 3.527376340188426163e-01 3.708675314468209971e-01 3.845659711696975958e-01 3.983743426439096402e-01 4.068094662427746422e-01 4.167299938824902128e-01 4.246881456770911778e-01 4.296740748407775756e-01 4.366171679055690924e-01 4.386957892535344183e-01 4.428675825286894074e-01 4.444638806761739835e-01 4.468871499623876531e-01 4.487484588010316466e-01 4.504006795115145789e-01
-1.000000000000000000e+00 -1.000000000000000000e+00 -1.000000000000000000e+00 -1.000000000000000000e+00 6.490587424489101531e-01 6.188643685048322851e-01 5.885094227858945759e-01 5.586624429713799023e-01 5.281644771089881729e-01 5.009884141092670884e-01 4.807660653262966211e-01 4.655155990558172974e-01 4.501558005988336442e-01 4.355895380894056479e-01 4.170275149824063110e-01 3.922745880680618691e-01 3.659013371200564024e-01 3.350990647404182843e-01 3.039493207161603205e-01 2.803641800989808419e-01 2.571469588591462907e-01 2.408200192910094628e-01 2.274043020923065817e-01 2.157129342679182660e-01 2.070938652136689595e-01 2.003646664342329797e-01 1.946410086479442580e-01 1.914577166341994152e-01 1.885350116602084458e-01 1.870082820839163440e-01 1.868484510872720772e-01 1.872255177850986885e-01 1.891466835485806630e-01 1.925747402037782385e-01 1.975157994335491607e-01 2.029544772726742941e-01 2.097118341043981982e-01 2.179674367733639706e-01 2.269304268943296843e-01 2.372987957378633050e-01 2.460398546971423184e-01 2.547150488161792903e-01 2.610183365642718689e-01 2.659597731241706842e-01 2.687830665353055926e-01 2.700556224981710551e-01 2.700500188390864142e-01 2.695951117182530665e-01 2.695895092612121124e-01 2.706680028471901700e-01 2.727812841293492663e-01 2.787998348850227459e-01 2.861456136267030437e-01 2.990455748191382379e-01 3.134971611517465839e-01 3.262065916097847684e-01 3.441503142985372077e-01 3.601177480444002765e-01 3.775986578674060401e-01 3.930905261023560637e-01 4.041386476559972185e-01 4.122041625907437723e-01 4.223967096976308788e-01 4.299466128064806103e-01 4.348761616673819108e-01 4.404668356549956698e-01 4.446948565078548410e-01 4.475773863706213884e-01 4.500848720752783638e-01 4.528792985699846008e-01
-1.000000000000000000e+00 -1.000000000000000000e+00 -1.000000000000000000e+00 -1.000000000000000000e+00 -1.000000000000000000e+00 5.827905384403029299e-01 5.571081190362210389e-01 5.296939863152905215e-01 5.031216001320287790e-01 4.798759057522188898e-01 4.594753232134426435e-01 4.431497501577753018e-01 4.255435099930698351e-01 4.067670379077097942e-01 3.851794291459394448e-01 3.622633337919413665e-01 3.370423317824488563e-01 3.111404876852990609e-01 2.868983105513650544e-01 2.652020604166430706e-01 2.487302709283723823e-01 2.328270099192988329e-01 2.211736167183564472e-01 2.114754223533292232e-01 2.035978916193877941e-01 1.971188112775552614e-01 1.926280416956970831e-01 1.889255072694754622e-01 1.866837964622025670e-01 1.851431347821990980e-01 1.845177804402999000e-01 1.854654247523137567e-01 1.872650713841768622e-01 1.902454223515727960e-01 1.938722552576144786e-01 1.989205560821003249e-01 2.061433446924268442e-01 2.148937810891183575e-01 2.235013016655254259e-01 2.332082743690734039e-01 2.420249713528745406e-01 2.516170831996259460e-01 2.593271920947828879e-01 2.648745922441708700e-01 2.686085509228575141e-01 2.702493063044630883e-01 2.707333291385077834e-01 2.703285131642957917e-01 2.696570499563168966e-01 2.692513986497918066e-01 2.699746894215935833e-01 2.724048123126909804e-01 2.760322563623566761e-01 2.835509594174993042e-01 2.940453575818824383e-01 3.042712097182684317e-01 3.218007268955896394e-01 3.372963684072746160e-01 3.543982759150038353e-01 3.650893564910503430e-01 3.830782310490529752e-01 3.978292226293488332e-01 4.109325058431693156e-01 4.210137513420911803e-01 4.252160599680012698e-01 4.355643345367079533e-01 4.420396462147407335e-01 4.443996686802392238e-01 4.508953257351427379e-01 4.535617891761675180e-01
-1.000000000000000000e+00 -1.000000000000000000e+00 -1.000000000000000000e+00 -1.000000000000000000e+00 -1.000000000000000000e+00 -1.000000000000000000e+00 -1.000000000000000000e+00 5.008532128547790174e-01 4.756268156082240073e-01 4.544464948072465815e-01 4.345952578540253075e-01 4.164000064538426193e-01 3.979382543451704390e-01 3.794333135701669635e-01 3.581330811360277644e-01 3.358676140527332987e-01 3.141376714766405120e-01 2.917578679709035283e-01 2.721939946678594846e-01 2.539821050527605872e-01 2.396909888566566005e-01 2.265483763706863940e-01 2.163329634970208581e-01 2.075687439102610887e-01 2.003772125651530067e-01 1.947081669119420932e-01 1.899202975044215758e-01 1.864095944552135176e-01 1.842837824526623314e-01 1.825266436965690409e-01 1.823154363635126063e-01 1.827409697515900711e-01 1.844855321331013986e-01 1.868547873981835361e-01 1.912955592817757455e-01 1.960216282001671362e-01 2.025828824178599330e-01 2.089345739609901886e-01 2.184933193568018295e-01 2.280312097272088612e-01 2.371975880872445597e-01 2.464152046431480891e-01 2.554567399217794188e-01 2.615657504503619557e-01 2.669864725028290309e-01 2.692989461350502323e-01 2.704143198792157698e-01 2.704092449517718766e-01 2.697831125968838673e-01 2.688573138097302140e-01 2.681905574254576652e-01 2.680223047661102753e-01 2.696884810609982419e-01 2.737900043791747229e-01 2.798305987648584958e-01 2.884115942534541399e-01 2.977392816209649129e-01 3.128459073710929128e-01 3.253332266224402414e-01 3.429307596026462401e-01 3.616998569469497271e-01 3.734506329785391432e-01 3.921792300608952786e-01 4.044835595225378944e-01 4.123500505092139168e-01 4.223865361237528204e-01 4.339504287162776475e-01 4.380613534036120749e-01 4.473914999318956975e-01 4.509557675116215858e-01
-1.000000000000000000e+00 -1.000000000000000000e+00 -1.000000000000000000e+00 -1.000000000000000000e+00 -1.000000000000000000e+00 -1.000000000000000000e+00 -1.000000000000000000e+00 -1.000000000000000000e+00 4.501092652100768254e-01 4.268057531243000247e-01 4.084084871558552599e-01 3.901678850776348351e-01 3.716066590755993659e-01 3.529892690858171811e-01 3.342799495488162909e-01 3.145106810154094101e-01 2.951869486588802882e-01 2.773882181336870811e-01 2.609694560273044805e-01 2.459757106832519968e-01 2.333019982114318824e-01 2.207784545948943966e-01 2.113772106990763067e-01 2.038932332837481987e-01 1.971994111378781167e-01 1.914394892179497043e-01 1.873083782452265034e-01 1.841352379569112241e-01 1.819083635586628001e-01 1.806132335961926905e-01 1.798979603612671507e-01 1.804545337512624970e-01 1.813012944616940181e-01 1.835210928709314626e-01 1.872433753616843111e-01 1.918049853655516279e-01 1.975251083303522504e-01 2.048952527590569561e-01 2.129293186423035500e-01 2.213690713742391125e-01 2.320963660390009675e-01 2.415219556825429492e-01 2.498630813324592692e-01 2.578325468116704489e-01 2.629452492797055285e-01 2.667483264010491739e-01 2.687810086188536784e-01 2.693453377777522695e-01 2.690360068035080321e-01 2.683589996066613748e-01 2.671025257918787643e-01 2.663049994415549460e-01 2.661336407994083220e-01 2.669774779853146263e-01 2.702244925670118092e-01 2.740646544945081198e-01 2.840063721012549003e-01 2.913856202164132325e-01 3.039134985291391255e-01 3.191665208167979717e-01 3.355199690288573344e-01 3.448548791895673649e-01 3.660655619991327048e-01 3.787538355568693671e-01 3.972830042178565058e-01 4.087313631451366946e-01 4.206382654678184063e-01 4.305025490190347859e-01 4.387222191823962336e-01 4.455074497135179667e-01
-1.000000000000000000e+00 -1.000000000000000000e+00 -1.000000000000000000e+00 -1.000000000000000000e+00 -1.000000000000000000e+00 -1.000000000000000000e+00 -1.000000000000000000e+00 -1.000000000000000000e+00 -1.000000000000000000e+00 4.025473169080361902e-01 3.839900357217518323e-01 3.667009237355658424e-01 3.498218148496611279e-01 3.333238176950453768e-01 3.147183190301360844e-01 2.980048885034574657e-01 2.806432335300246828e-01 2.654008839568933742e-01 2.505104194736714196e-01 2.373533818453542887e-01 2.260112651001271178e-01 2.157167252464099183e-01 2.074812574438221480e-01 2.002971401246215200e-01 1.936919121423284484e-01 1.887321889334284963e-01 1.846415846589915255e-01 1.815631808670863934e-01 1.792393050919444397e-01 1.779856337036206937e-01 1.773085135848134763e-01 1.774583981120062270e-01 1.784730584222800620e-01 1.810750667437396044e-01 1.839844321018378748e-01 1.880842462750348110e-01 1.934166579409921094e-01 1.992171505786854702e-01 2.080001260911147620e-01 2.155014729745956259e-01 2.249067123909851140e-01 2.353768282204696249e-01 2.434369132163712590e-01 2.515323893656619680e-01 2.583472356626191346e-01 2.623626581130277247e-01 2.655207202210804196e-01 2.671641866337813864e-01 2.671726490470671678e-01 2.668116185642862570e-01 2.657765265224625306e-01 2.646774692672293483e-01 2.641161210674606852e-01 2.636212743842815676e-01 2.643117109027450229e-01 2.661449659270597179e-01 2.694423856243379767e-01 2.766405315730398051e-01 2.847675720360158813e-01 2.954384038080605790e-01 3.070675454233579571e-01 3.215416900884489060e-01 3.418584947745541003e-01 3.573124259512707734e-01 3.681148954754866476e-01 3.888519181643217415e-01 3.996310791826206965e-01 4.108321199447115823e-01 4.244453073891868988e-01 4.395378190375787142e-01
-1.000000000000000000e+00 -1.000000000000000000e+00 -1.000000000000000000e+00 -1.000000000000000000e+00 -1.000000000000000000e+00 -1.000000000000000000e+00 -1.000000000000000000e+00 -1.000000000000000000e+00 -1.000000000000000000e+00 -1.000000000000000000e+00 3.622105992553902309e-01 3.456686852205637095e-01 3.297786428296962113e-01 3.146327722183265285e-01 2.981893254568787621e-01 2.829025747046715056e-01 2.687512827811008309e-01 2.551263528878082720e-01 2.418824004573200959e-01 2.300656773065475336e-01 2.203430882177488948e-01 2.108754668129317889e-01 2.030771025317107681e-01 1.962053563391207567e-01 1.907022016063257552e-01 1.855954917322180930e-01 1.819402201425859011e-01 1.788872365907767936e-01 1.766974607335385639e-01 1.752474353351638758e-01 1.745663850068842060e-01 1.750449615427892014e-01 1.757137022382598834e-01 1.778001456868573416e-01 1.800248031179300656e-01 1.838789300508901770e-01 1.884532632787821460e-01 1.946772033213073072e-01 2.010980600569057253e-01 2.095164022565030870e-01 2.185032539240235328e-01 2.281753235940022773e-01 2.368283762747946108e-01 2.452564494336198220e-01 2.511266721901029286e-01 2.569620056986002266e-01 2.607212739700277004e-01 2.629881571330027201e-01 2.637752017595352827e-01 2.639908798823028535e-01 2.633487402605367844e-01 2.625031509817697395e-01 2.614276167793728733e-01 2.607315079751866271e-01 2.603404348011814085e-01 2.604962543165138533e-01 2.623601875988836318e-01 2.664022142255907943e-01 2.693809011829241817e-01 2.757705697491649732e-01 2.872350322401251987e-01 2.988379872043476770e-01 3.118780437558863472e-01 3.273081033775441240e-01 3.401904733311096884e-01 3.560789860293343545e-01 3.726719055216665688e-01 3.889857487329617669e-01 4.043339616392080949e-01 4.197867613318428393e-01
-1.000000000000000000e+00 -1.000000000000000000e+00 -1.000000000000000000e+00 -1.000000000000000000e+00 -1.000000000000000000e+00 -1.000000000000000000e+00 -1.000000000000000000e+00 -1.000000000000000000e+00 -1.000000000000000000e+00 -1.000000000000000000e+00 -1.000000000000000000e+00 3.263505098519845493e-01 3.127505704784813156e-01 2.977512493705729013e-01 2.832136830260337246e-01 2.705323910921700881e-01 2.580955440679105761e-01 2.455808959474681530e-01 2.332009781002285509e-01 2.236417506500798236e-01 2.141533806129224671e-01 2.058382173685188721e-01 1.987751773007786771e-01 1.925195165596049474e-01 1.869789539027343350e-01 1.825120287934030028e-01 1.787974243514452721e-01 1.763586865570181961e-01 1.740943549020345926e-01 1.726492970732567966e-01 1.719406264611021973e-01 1.721851174547040231e-01 1.726559753733449276e-01 1.749100012524249792e-01 1.770339974966550489e-01 1.800801937556256727e-01 1.845647089330628432e-01 1.897187579363940058e-01 1.960044613677101033e-01 2.033191480219039282e-01 2.112905414729807363e-01 2.204147244472826894e-01 2.294280515319988001e-01 2.376425497108663742e-01 2.448306773192453212e-01 2.503980429621770476e-01 2.542821948894798956e-01 2.576671441149783193e-01 2.589839891640642877e-01 2.599458296360879217e-01 2.599397343059411392e-01 2.593576105450841607e-01 2.584940640254384525e-01 2.577804383146925504e-01 2.565478822280736204e-01 2.566113407483192610e-01 2.565338916183498297e-01 2.579289963546451125e-01 2.608010992413355433e-01 2.648114684107966132e-01 2.703349678950727752e-01 2.789844693727448477e-01 2.881885417594596266e-01 2.987426925196016159e-01 3.128321485282105630e-01 3.307985936023255524e-01 3.473816182487567961e-01 3.650772539518059023e-01 3.818902747721371060e-01 3.966940321757704835e-01
-1.000000000000000000e+00 -1.000000000000000000e+00 -1.000000000000000000e+00 -1.000000000000000000e+00 -1.000000000000000000e+00 -1.000000000000000000e+00 -1.000000000000000000e+00 -1.000000000000000000e+00 -1.000000000000000000e+00 -1.000000000000000000e+00 -1.000000000000000000e+00 -1.000000000000000000e+00 -1.000000000000000000e+00 2.833149170179968257e-01 2.699752936379815060e-01 2.581604951073724341e-01 2.467981985862641170e-01 2.363261516089022185e-01 2.260929299707837570e-01 2.165676460279678250e-01 2.079342053048827132e-01 2.008165905335917434e-01 1.938235178260584168e-01 1.882691857464924290e-01 1.829904739635379585e-01 1.793649107217646366e-01 1.759577585854360804e-01 1.732055310279064231e-01 1.710465841587911762e-01 1.700479569584612272e-01 1.691609206053882597e-01 1.692169484256422773e-01 1.699327841149478047e-01 1.716917793088952870e-01 1.732434369310979216e-01 1.766705684585047342e-01 1.801233520012215650e-01 1.850598981476706539e-01 1.907200998273665127e-01 1.975363451678654458e-01 2.052811633017054271e-01 2.130507630170880573e-01 2.221602265272768217e-01 2.291477453304709422e-01 2.365557981202836002e-01 2.435895210168750324e-01 2.478988485819785537e-01 2.505932214812001679e-01 2.531519307999507973e-01 2.544641370614340037e-01 2.552816959424760723e-01 2.548355630365762292e-01 2.541851230207144430e-01 2.534799280674411293e-01 2.530032454141938336e-01 2.524355645249141133e-01 2.522607325437324910e-01 2.526837718019659396e-01 2.526903494076592205e-01 2.549838337883320039e-01 2.589395279977843578e-01 2.644612770505210819e-01 2.718474886891483200e-01 2.811200364839642196e-01 2.918285493575650813e-01 3.050329576165394241e-01 3.212042563521957383e-01 3.369107865217847442e-01 3.519494906029585479e-01 3.742084468941518915e-01
-1.000000000000000000e+00 -1.000000000000000000e+00 -1.000000000000000000e+00 -1.000000000000000000e+00 -1.000000000000000000e+00 -1.000000000000000000e+00 -1.000000000000000000e+00 -1.000000000000000000e+00 -1.000000000000000000e+00 -1.000000000000000000e+00 -1.000000000000000000e+00 -1.000000000000000000e+00 -1.000000000000000000e+00 -1.000000000000000000e+00 2.576689752920696130e-01 2.472598890535530336e-01 2.374827240381761073e-01 2.281852187486065331e-01 2.180705367500441472e-01 2.103793728120447459e-01 2.028992269573623997e-01 1.958778964968962699e-01 1.896672736315783703e-01 1.843462748399831708e-01 1.798461831993486137e-01 1.759399332067359267e-01 1.727189573880774098e-01 1.700242467716940875e-01 1.684722803623572851e-01 1.671128209297446932e-01 1.663010063403084493e-01 1.662813060087622030e-01 1.669329719355856778e-01 1.682501827696437080e-01 1.700990225719830051e-01 1.728158046811360260e-01 1.765687184424118983e-01 1.809918533313703559e-01 1.859211478067029077e-01 1.921493466808585626e-01 1.987196322301081897e-01 2.064094024039848096e-01 2.138919844651097357e-01 2.213406002821063923e-01 2.286800752539028536e-01 2.345133143721830904e-01 2.395715885589430327e-01 2.441293375397760590e-01 2.460671890909373882e-01 2.484922417512186732e-01 2.493001776630661970e-01 2.496225744278730563e-01 2.494009721903569232e-01 2.491021327772382499e-01 2.487004261973473629e-01 2.480182760242493345e-01 2.475418424991123467e-01 2.471702239623549680e-01 2.474869302822954031e-01 2.480362958626883552e-01 2.502229788423330215e-01 2.540043986182635161e-01 2.592737807926520088e-01 2.653351992030351103e-01 2.747824388338541701e-01 2.837901090000214399e-01 2.986026112667968802e-01 3.117054315947599963e-01 3.241478924476485224e-01 3.494709162187798479e-01
-1.000000000000000000e+00 -1.000000000000000000e+00 -1.000000000000000000e+00 -1.000000000000000000e+00 -1.000000000000000000e+00 -1.000000000000000000e+00 -1.000000000000000000e+00 -1.000000000000000000e+00 -1.000000000000000000e+00 -1.000000000000000000e+00 -1.000000000000000000e+00 -1.000000000000000000e+00 -1.000000000000000000e+00 -1.000000000000000000e+00 -1.000000000000000000e+00 2.358990374603849860e-01 2.275616396161509458e-01 2.188056505535531382e-01 2.109279312330719081e-01 2.033930284973196057e-01 1.967873086567484830e-01 1.907901946819855199e-01 1.850037002907396755e-01 1.800700181597708616e-01 1.759727169507308009e-01 1.722910577591249826e-01 1.694433084741761297e-01 1.671663465184203834e-01 1.652863588798229033e-01 1.642632030271196364e-01 1.637618534274329352e-01 1.635067313809865086e-01 1.641931040356687244e-01 1.652424351620989940e-01 1.670778713247194347e-01 1.696727801596610297e-01 1.724470369543333881e-01 1.769877164162222405e-01 1.815324153670623830e-01 1.870417836138864864e-01 1.932273827389315579e-01 2.000103331161598441e-01 2.070608438445072641e-01 2.136795913123127610e-01 2.208694422499872800e-01 2.272731104184369522e-01 2.318082210192541626e-01 2.360352798005484476e-01 2.391624024768574386e-01 2.408021644464724831e-01 2.424456813573405700e-01 2.435187250593640607e-01 2.436270553785278292e-01 2.437045446339299870e-01 2.434049687943324602e-01 2.430105446840066519e-01 2.425491182510766675e-01 2.423906927443059967e-01 2.421631290987547036e-01 2.423890538668620753e-01 2.439303908893284689e-01 2.456025920703621968e-01 2.492942754555825535e-01 2.527648831978286381e-01 2.599059821365817258e-01 2.687589669345747945e-01 2.797855777543537537e-01 2.911970086872944230e-01 3.087769797854341136e-01 3.229376144879573807e-01
-1.000000000000000000e+00 -1.000000000000000000e+00 -1.000000000000000000e+00 -1.000000000000000000e+00 -1.000000000000000000e+00 -1.000000000000000000e+00 -1.000000000000000000e+00 -1.000000000000000000e+00 -1.000000000000000000e+00 -1.000000000000000000e+00 -1.000000000000000000e+00 -1.000000000000000000e+00 -1.000000000000000000e+00 -1.000000000000000000e+00 -1.000000000000000000e+00 -1.000000000000000000e+00 2.184900431911233065e-01 2.108845282823595124e-01 2.036443839219035656e-01 1.972153452581757727e-01 1.907959169213728490e-01 1.852657804851509937e-01 1.806050671791712414e-01 1.759928045541412078e-01 1.721613319616445148e-01 1.688809319059567104e-01 1.661981862476768490e-01 1.638876383069814702e-01 1.624270083158723676e-01 1.613530361506756439e-01 1.609058584902349487e-01 1.609664175733764024e-01 1.613255561431295171e-01 1.627265360212943324e-01 1.642823158356180313e-01 1.663770514050980642e-01 1.695842945900039589e-01 1.733095995175329695e-01 1.774138682946223844e-01 1.824719210048509899e-01 1.882726588398055678e-01 1.947760044809225266e-01 2.009887412340827795e-01 2.068581539321899254e-01 2.135696105217868845e-01 2.192671872617402151e-01 2.238338527063693795e-01 2.282714496738109111e-01 2.308885658814870401e-01 2.336278351904266526e-01 2.348996880391048259e-01 2.362910448601587554e-01 2.368970969305358443e-01 2.371609849366518030e-01 2.377296720275766384e-01 2.371639762159983289e-01 2.371515468455109854e-01 2.370360499933966414e-01 2.368062533922005442e-01 2.372382139070496054e-01 2.377629781649233665e-01 2.386949016833796455e-01 2.406896764306065417e-01 2.441017003269168040e-01 2.510448786661740872e-01 2.566686170959020519e-01 2.668995357806271396e-01 2.750828318979324227e-01 2.860473487164771345e-01 3.015223955961977009e-01
-1.000000000000000000e+00 -1.000000000000000000e+00 -1.000000000000000000e+00 -1.000000000000000000e+00 -1.000000000000000000e+00 -1.000000000000000000e+00 -1.000000000000000000e+00 -1.000000000000000000e+00 -1.000000000000000000e+00 -1.000000000000000000e+00 -1.000000000000000000e+00 -1.000000000000000000e+00 -1.000000000000000000e+00 -1.000000000000000000e+00 -1.000000000000000000e+00 -1.000000000000000000e+00 -1.000000000000000000e+00 2.026874714337984495e-01 1.962348575662782313e-01 1.905713844087771891e-01 1.855018053735953132e-01 1.801856175683180239e-01 1.757090876528567824e-01 1.716760148599603686e-01 1.681069225030932535e-01 1.652390824746450826e-01 1.628457802033150825e-01 1.607838315606489876e-01 1.593497828450032572e-01 1.585837271651715785e-01 1.581755024805348298e-01 1.579602774214102501e-01 1.583252249607507989e-01 1.598162839706067928e-01 1.614366336013940417e-01 1.636448537812324189e-01 1.663331365294399011e-01 1.697797263276087099e-01 1.739217391363827303e-01 1.787130479995576449e-01 1.836272154919163235e-01 1.892627865203292958e-01 1.947089073441096996e-01 2.010587169696467502e-01 2.065619155323852041e-01 2.119296273135626574e-01 2.165352080087679654e-01 2.204941047586961578e-01 2.240246759563866152e-01 2.263985111911558379e-01 2.281371403237061335e-01 2.290015549559424601e-01 2.301295624279489360e-01 2.308830995076703030e-01 2.313070047404989782e-01 2.315119428387929224e-01 2.315057384689801767e-01 2.311654338682916088e-01 2.314244015395229281e-01 2.317992640738920640e-01 2.325414364150074631e-01 2.323224059058953406e-01 2.352807348195426751e-01 2.374021059871794237e-01 2.407488688840772051e-01 2.468153430040641305e-01 2.547489359159187949e-01 2.669876647400910019e-01 2.783346760675416420e-01 2.910195313190135358e-01
-1.000000000000000000e+00 -1.000000000000000000e+00 -1.000000000000000000e+00 -1.000000000000000000e+00 -1.000000000000000000e+00 -1.000000000000000000e+00 -1.000000000000000000e+00 -1.000000000000000000e+00 -1.000000000000000000e+00 -1.000000000000000000e+00 -1.000000000000000000e+00 -1.000000000000000000e+00 -1.000000000000000000e+00 -1.000000000000000000e+00 -1.000000000000000000e+00 -1.000000000000000000e+00 -1.000000000000000000e+00 -1.000000000000000000e+00 -1.000000000000000000e+00 1.845093939531581573e-01 1.799147899737502665e-01 1.751930608544597368e-01 1.713406091602473758e-01 1.677999015538940708e-01 1.645455752162033880e-01 1.619355833526081034e-01 1.595797573442424566e-01 1.579470687547427643e-01 1.565114529653722497e-01 1.556408950231472355e-01 1.556112915312924949e-01 1.557132378920264015e-01 1.562430298154167951e-01 1.571057565951717028e-01 1.589499064340326173e-01 1.612019324716737756e-01 1.636437577319669323e-01 1.671151545998270094e-01 1.704945945032926291e-01 1.748719050315565016e-01 1.798611577549134588e-01 1.846669920791143005e-01 1.900430349030419186e-01 1.948452048778631929e-01 2.006675368042087071e-01 2.054194732061024042e-01 2.097608571995858151e-01 2.137678777488047632e-01 2.165303319725040421e-01 2.192854707659042945e-01 2.208902557256738897e-01 2.228029623398306569e-01 2.236395468258970676e-01 2.243504433766002337e-01 2.248356393785296836e-01 2.250943516322291282e-01 2.256374365334682663e-01 2.252639486105247890e-01 2.257173578491361576e-01 2.262491830483973898e-01 2.272358131946961568e-01 2.276570614829653005e-01 2.293365788513703762e-01 2.319834793186331956e-01 2.348817272796820677e-01 2.396609134277678521e-01 2.457958341489081822e-01 2.546013750210684434e-01 2.668852248719134623e-01 2.751078705824754334e-01
-1.000000000000000000e+00 -1.000000000000000000e+00 -1.000000000000000000e+00 -1.000000000000000000e+00 -1.000000000000000000e+00 -1.000000000000000000e+00 -1.000000000000000000e+00 -1.000000000000000000e+00 -1.000000000000000000e+00 -1.000000000000000000e+00 -1.000000000000000000e+00 -1.000000000000000000e+00 -1.000000000000000000e+00 -1.000000000000000000e+00 -1.000000000000000000e+00 -1.000000000000000000e+00 -1.000000000000000000e+00 -1.000000000000000000e+00 -1.000000000000000000e+00 -1.000000000000000000e+00 1.745214285599562543e-01 1.705444015307051031e-01 1.668500578961454317e-01 1.635854744557632134e-01 1.609317942358984010e-01 1.585737632324855095e-01 1.566386605218267336e-01 1.550023070933737035e-01 1.537481327211460969e-01 1.532050395426432232e-01 1.529301371008539578e-01 1.532137640949003676e-01 1.537597633642375228e-01 1.550775074076931048e-01 1.564003720870212888e-01 1.586894154719093730e-01 1.612105354339355978e-01 1.643449192287293470e-01 1.680916803434904794e-01 1.718239081352331554e-01 1.766074833778164821e-01 1.810978697770803947e-01 1.854390846198913922e-01 1.906298666290651422e-01 1.956403058230633818e-01 2.000444753645602425e-01 2.036840514994512907e-01 2.077326258082315413e-01 2.099815280413879215e-01 2.128860166262966924e-01 2.150239692513274126e-01 2.160991601105472504e-01 2.170698517962562080e-01 2.180250068154748477e-01 2.190033823281574143e-01 2.194433387810472702e-01 2.199947035250166272e-01 2.205606525635313842e-01 2.208308792160162404e-01 2.213060954711789929e-01 2.219475274804516285e-01 2.233153931801589998e-01 2.241959352863720223e-01 2.268987286803603731e-01 2.309160647454857607e-01 2.348964518822511116e-01 2.422169566607313973e-01 2.494082725345747875e-01 2.606113631875796588e-01 2.727977511153807377e-01
-1.000000000000000000e+00 -1.000000000000000000e+00 -1.000000000000000000e+00 -1.000000000000000000e+00 -1.000000000000000000e+00 -1.000000000000000000e+00 -1.000000000000000000e+00 -1.000000000000000000e+00 -1.000000000000000000e+00 -1.000000000000000000e+00 -1.000000000000000000e+00 -1.000000000000000000e+00 -1.000000000000000000e+00 -1.000000000000000000e+00 -1.000000000000000000e+00 -1.000000000000000000e+00 -1.000000000000000000e+00 -1.000000000000000000e+00 -1.000000000000000000e+00 -1.000000000000000000e+00 -1.000000000000000000e+00 1.660370567126055741e-01 1.631165296965290112e-01 1.601793767354483811e-01 1.574736405102337422e-01 1.553922160943659037e-01 1.536605999946790424e-01 1.523190298001188825e-01 1.513288253154501939e-01 1.508257932174399962e-01 1.506507244086272290e-01 1.509305541283940955e-01 1.517869870293469536e-01 1.528227001767356041e-01 1.547648118417744301e-01 1.567669768417104537e-01 1.591086865473795020e-01 1.620726009427009562e-01 1.659272050162472201e-01 1.696795884525756637e-01 1.731682905509663861e-01 1.780964778043835073e-01 1.827728456524949086e-01 1.872786106699280695e-01 1.914794350354314945e-01 1.952409909412743672e-01 1.987104960051751801e-01 2.018584234182984605e-01 2.048556779738607558e-01 2.073984328074639227e-01 2.084500586685394952e-01 2.105663242994758599e-01 2.118799937792467669e-01 2.125818152983386389e-01 2.130345626440710294e-01 2.140899950621100445e-01 2.144210601648243175e-01 2.152322382134568279e-01 2.157446028753259026e-01 2.167654187828025603e-01 2.175319195082381085e-01 2.190995527799973475e-01 2.207421857421830724e-01 2.229117891503566984e-01 2.271849189961746840e-01 2.328598336789581003e-01 2.410168920138585080e-01 2.502986996293022348e-01 2.603847628158293959e-01 2.764391027074284968e-01
-1.000000000000000000e+00 -1.000000000000000000e+00 -1.000000000000000000e+00 -1.000000000000000000e+00 -1.000000000000000000e+00 -1.000000000000000000e+00 -1.000000000000000000e+00 -1.000000000000000000e+00 -1.000000000000000000e+00 -1.000000000000000000e+00 -1.000000000000000000e+00 -1.000000000000000000e+00 -1.000000000000000000e+00 -1.000000000000000000e+00 -1.000000000000000000e+00 -1.000000000000000000e+00 -1.000000000000000000e+00 -1.000000000000000000e+00 -1.000000000000000000e+00 -1.000000000000000000e+00 -1.000000000000000000e+00 -1.000000000000000000e+00 1.595363333025556218e-01 1.568694545423985343e-01 1.543640912629346829e-01 1.526651721067163459e-01 1.510205799503962221e-01 1.499949295547234884e-01 1.490263870759091502e-01 1.487183372117558133e-01 1.487607625443925774e-01 1.492850888397022902e-01 1.500834068328351367e-01 1.512945251313509154e-01 1.530194443806266180e-01 1.552830672022292302e-01 1.577768303593291843e-01 1.606021562466488362e-01 1.639068253866739766e-01 1.675696635474316631e-01 1.716851351649518187e-01 1.755714918932569646e-01 1.796015024829765439e-01 1.834117310838823678e-01 1.877021574423526074e-01 1.911229696321641580e-01 1.947438233817384012e-01 1.973511739833451739e-01 1.999629062396928170e-01 2.021467910810929580e-01 2.038568196104403041e-01 2.052156537989423268e-01 2.067280771128879591e-01 2.077687210248547189e-01 2.085902188556299774e-01 2.092558805624427365e-01 2.103289732535289502e-01 2.110243133083611611e-01 2.123350641654078719e-01 2.133189672407059256e-01 2.142742739270969143e-01 2.160146911625940302e-01 2.182571814606858174e-01 2.208816724583635704e-01 2.282690724728299592e-01 2.326500316954558945e-01 2.412864860729690974e-01 2.516099215479986606e-01 2.700160527641361496e-01 2.784734752315489170e-01
-1.000000000000000000e+00 -1.000000000000000000e+00 -1.000000000000000000e+00 -1.000000000000000000e+00 -1.000000000000000000e+00 -1.000000000000000000e+00 -1.000000000000000000e+00 -1.000000000000000000e+00 -1.000000000000000000e+00 -1.000000000000000000e+00 -1.000000000000000000e+00 -1.000000000000000000e+00 -1.000000000000000000e+00 -1.000000000000000000e+00 -1.000000000000000000e+00 -1.000000000000000000e+00 -1.000000000000000000e+00 -1.000000000000000000e+00 -1.000000000000000000e+00 -1.000000000000000000e+00 -1.000000000000000000e+00 -1.000000000000000000e+00 -1.000000000000000000e+00 1.540706338119344210e-01 1.520948895883343366e-01 1.503958916145942404e-01 1.487745863436544802e-01 1.479163008505506582e-01 1.471703902923954810e-01 1.470189632866532869e-01 1.472241787036958349e-01 1.476709204570126333e-01 1.485476758574149903e-01 1.497447842997519651e-01 1.516794975861364136e-01 1.539128908016813846e-01 1.567471942420564646e-01 1.594927998365103239e-01 1.628286313903891669e-01 1.663793891837017092e-01 1.701325633993049646e-01 1.738682152185850593e-01 1.773126004330179140e-01 1.808395515532164322e-01 1.846478493587642711e-01 1.883006144577580865e-01 1.913612207082233119e-01 1.940746746456767369e-01 1.964544082899539468e-01 1.982494684508803173e-01 2.002617418068860511e-01 2.011309519489828945e-01 2.027956797189142402e-01 2.041377588358289918e-01 2.049134285170937653e-01 2.059465476211535251e-01 2.072919511590890496e-01 2.082912984998973316e-01 2.095039895225151161e-01 2.108251856619032527e-01 2.127466234021285763e-01 2.150509385664574336e-01 2.189918253381564484e-01 2.244021179707033353e-01 2.297069069436876998e-01 2.395280693984503662e-01 2.508271794773602181e-01 2.634315895077198322e-01 2.826156098210962919e-01 3.011043759771460104e-01
-1.000000000000000000e+00 -1.000000000000000000e+00 -1.000000000000000000e+00 -1.000000000000000000e+00 -1.000000000000000000e+00 -1.000000000000000000e+00 -1.000000000000000000e+00 -1.000000000000000000e+00 -1.000000000000000000e+00 -1.000000000000000000e+00 -1.000000000000000000e+00 -1.000000000000000000e+00 -1.000000000000000000e+00 -1.000000000000000000e+00 -1.000000000000000000e+00 -1.000000000000000000e+00 -1.000000000000000000e+00 -1.000000000000000000e+00 -1.000000000000000000e+00 -1.000000000000000000e+00 -1.000000000000000000e+00 -1.000000000000000000e+00 -1.000000000000000000e+00 -1.000000000000000000e+00 -1.000000000000000000e+00 1.483391776806371187e-01 1.471163603887033211e-01 1.462056984404948856e-01 1.457889198652169149e-01 1.455910358644139091e-01 1.457890850591542220e-01 1.464761351757912500e-01 1.477367716813327292e-01 1.490212546791224446e-01 1.509885103284920593e-01 1.531575986885774232e-01 1.560269091394507757e-01 1.589215643663687560e-01 1.621008848867486751e-01 1.654167258753330705e-01 1.693880687012364050e-01 1.731774504632856426e-01 1.764414327134834481e-01 1.796209002399778987e-01 1.831656344189561136e-01 1.862468857619580809e-01 1.890594060770431628e-01 1.917025047826996786e-01 1.937898793910791118e-01 1.960512138082206868e-01 1.971177029359094945e-01 1.988743805239590601e-01 2.002477833879845737e-01 2.013798621813434053e-01 2.027853445239387598e-01 2.042992886337498537e-01 2.054632448111802512e-01 2.069826656934870279e-01 2.093703596386565502e-01 2.110407518529813231e-01 2.145121618342530068e-01 2.183466758479187253e-01 2.251996358445305380e-01 2.307873210945708964e-01 2.435688749714636225e-01 2.569291251850813196e-01 2.707984770310980505e-01 2.928675118657259602e-01 3.119325448898712105e-01 3.345867164739840804e-01
-1.000000000000000000e+00 -1.000000000000000000e+00 -1.000000000000000000e+00 -1.000000000000000000e+00 -1.000000000000000000e+00 -1.000000000000000000e+00 -1.000000000000000000e+00 -1.000000000000000000e+00 -1.000000000000000000e+00 -1.000000000000000000e+00 -1.000000000000000000e+00 -1.000000000000000000e+00 -1.000000000000000000e+00 -1.000000000000000000e+00 -1.000000000000000000e+00 -1.000000000000000000e+00 -1.000000000000000000e+00 -1.000000000000000000e+00 -1.000000000000000000e+00 -1.000000000000000000e+00 -1.000000000000000000e+00 -1.000000000000000000e+00 -1.000000000000000000e+00 -1.000000000000000000e+00 -1.000000000000000000e+00 -1.000000000000000000e+00 1.456760747550674695e-01 1.448907806448814228e-01 1.445652495211058042e-01 1.444583819229203203e-01 1.450489889114973674e-01 1.457572958867189850e-01 1.470277802898788122e-01 1.484585417412496444e-01 1.505157136535620332e-01 1.531890415043910270e-01 1.560303956055742458e-01 1.591581444319792871e-01 1.623199582076047531e-01 1.656122845071007488e-01 1.694652880074957735e-01 1.726296997957428303e-01 1.762185380413016089e-01 1.794592774654485134e-01 1.826450501762239553e-01 1.855140854440584242e-01 1.882227116286278867e-01 1.904377008636895796e-01 1.926221120492732919e-01 1.945336337699878071e-01 1.959929936651692017e-01 1.979471316515681034e-01 2.000276508459360447e-01 2.011039940488966726e-01 2.030627598223540276e-01 2.046507190427082346e-01 2.071427816162478008e-01 2.086508294968909827e-01 2.123137430777908008e-01 2.158792725985228256e-01 2.206464280595095973e-01 2.297790665112463548e-01 2.404152666752949197e-01 2.551570986838413990e-01 2.716576338087693387e-01 2.921549187063793296e-01 3.223019902093219313e-01 3.467023364044592992e-01 3.728724011793135840e-01 3.975005372339465159e-01
