7.708935909184262954e-220 1.823894299272710425e-199 1.405643595750916470e-185 1.108384109701996242e-171 4.037224011329040177e-152 3.721959975269081838e-142 2.259708990845515244e-125 1.454074930806763686e-114 2.485557399523300498e-102 2.191950899900793521e-92 1.503111987056868562e-84 2.734362456073047187e-75 3.686494789489599835e-67 1.212399435816581309e-60 8.575971027832737199e-53 2.801617461560446802e-47 1.781974591679949935e-41 1.898583231885753370e-36 1.228863357200650159e-30 1.659812228503934876e-26 4.232662812314290666e-24 1.215338317398514063e-20 1.675713175325171922e-18 9.406987813989904869e-16 3.988594414513706446e-14 9.924529027448729831e-13 5.913516249263669472e-11 2.098837351993174554e-09 1.164671856675337908e-08 6.290856309203073922e-08 1.214756291820933426e-07 7.347514613332421811e-07 7.790720228937145510e-07 1.978178244543289294e-06 1.335350318719571156e-06 2.093528378621508068e-06 1.095424080251411689e-06 1.791387605861423345e-06 2.039184140676722742e-07 1.737948790739809031e-07 4.129305648690656244e-08 5.333893241532714423e-09 1.475092939719697015e-09 4.140154119015380259e-11 1.416589674468200151e-12 8.573896596443145888e-13 8.979624906840984087e-15 3.644006714324133581e-15 6.498931936362379865e-16 2.569563481409114081e-18 8.284258793793407857e-18 5.587885827526184564e-20 4.678991283876891618e-21 7.199986665897062626e-22 1.158962066883884941e-22 1.511109272758187676e-23 1.702704975694072172e-24 1.095774905873325484e-26 5.268620614916164739e-27 2.427458620380293100e-27 3.132746788376468497e-28 8.735677259809467130e-29 3.594327648629110469e-29 9.693465074398626212e-31 1.158942077882090412e-29 2.019038069124102059e-30 3.625707706545838059e-32 8.021484446674229615e-32 2.656499323076606052e-34 3.128387576879649124e-34
5.212290016572972362e-220 5.145319248169818437e-199 3.158614050994451824e-187 2.126241363819916977e-171 1.078605764209940856e-149 9.257557668553255496e-139 1.297640615204454569e-122 2.392571733649805090e-113 1.217726664343791865e-103 7.836310811111442863e-94 1.056833750595193462e-82 1.937083023974208633e-74 4.223369677852609542e-66 1.522221356971549052e-58 1.984822328368934558e-52 4.048190864140050774e-46 2.365437295716810124e-42 2.007797621345076312e-37 9.846648646370924885e-32 5.777511542484983047e-28 4.992030298333142357e-24 3.307428876559459595e-20 3.834346328922663775e-18 1.570766992121367504e-15 1.012027815103737937e-13 7.105857947069035147e-12 2.310514317397581927e-10 3.065287356417009373e-09 1.294587101639701185e-08 9.090667200976472421e-08 3.245671060728199895e-07 1.641317574604600759e-06 1.624417032877077646e-06 2.155778342626609318e-06 2.927489982710466889e-06 3.039048174494267110e-06 2.467620120043390985e-06 5.726660907256700233e-07 3.135876040700351538e-07 1.501118604385274686e-07 2.611183297641669910e-08 3.016223464285708883e-08 8.528261359431076895e-10 1.068154855239703830e-10 1.276722229315302612e-11 1.033069156760040007e-11 1.062949938422433857e-13 4.412248516873509575e-16 2.984165855211590333e-15 3.274544338894986658e-17 3.769716514498574430e-18 6.481862993297680321e-19 4.395268220328529725e-20 1.666904324049067735e-21 6.000602784717174829e-23 9.000453543008075002e-25 2.894694299549419803e-24 6.006435049122877412e-26 3.403607186934512027e-25 2.431409906826614989e-27 2.282734643349089763e-27 1.454880099965909083e-28 1.117164259237011576e-29 9.491563339287775898e-30 1.279924499676310671e-30 2.883542143375743978e-31 6.786087486987962263e-32 4.114782640265348821e-33 2.271612618923795041e-34 5.811305623828379783e-34
3.103275662952991384e-223 3.185827909276497233e-198 5.963602535557249306e-185 1.103883081920995152e-168 2.655424303024049804e-151 1.465383985286513967e-138 4.522659067349620621e-126 1.053159846779818700e-112 1.135314840925845467e-96 6.120824644297594613e-91 2.294483469670127393e-78 2.214843891425940302e-74 4.331300615721154475e-66 6.661347595974720944e-58 1.017904427936872338e-50 1.964526083216073792e-45 1.445905943261711648e-39 3.769690816030646252e-35 8.714372932326076462e-32 9.500628946542129198e-28 1.053435952919332476e-23 3.970082163984374022e-20 7.170960041176728198e-18 2.149803707060012898e-15 2.093078921944617303e-13 2.558558049207634685e-11 6.847072004569787656e-10 2.678685761430956403e-09 5.193754646822791422e-08 2.647436583378374581e-07 9.840197660914151220e-07 1.594350932069824551e-06 4.151360983122778481e-06 3.778785802347979018e-06 4.127577456879935567e-06 3.646757513387120636e-06 1.888788868366518870e-06 1.457865721783968281e-06 1.035808826632993583e-06 2.983819494421674823e-07 8.780422629154041159e-08 9.270700911936402898e-09 1.767185125159851487e-09 1.185078855883745004e-10 2.017649869232205782e-11 1.073978706985895794e-12 9.255073357678533933e-14 4.062817381160874472e-14 4.441019289939505275e-15 6.948353618603171420e-17 1.888975062694153830e-18 5.558121035948475292e-19 9.651421107274741664e-20 1.976790865822851611e-20 1.896024735811346725e-23 3.487717910900104139e-23 4.866523081062249230e-24 7.414445895701867348e-25 2.165482927753525615e-25 1.619333314678351409e-25 6.683961134657193869e-27 2.759689950391552680e-27 8.233501738417018994e-29 5.660653697855186855e-29 8.864928610664697472e-31 1.987932491588890788e-31 1.323311135421001300e-31 7.898641618632873853e-32 9.643668687137573414e-34 1.413958667060807781e-32
2.173541019192808049e-211 3.721060347870137495e-200 5.921850814214004014e-184 2.775169765783000706e-163 1.390345853532744930e-150 6.869837996322751517e-140 1.632115156427342289e-125 4.809120117104495780e-109 1.793394152950154332e-102 2.832067625337206940e-91 3.239925445427934206e-82 4.321588030092179606e-73 1.411261079326262469e-65 5.085046201244420056e-57 6.663556260311579141e-50 6.376215456273518098e-46 4.630184649829911381e-40 5.174608301087372653e-33 4.585068152235785036e-30 2.053140857328993475e-26 2.584609964821719179e-23 2.334306624126449036e-19 3.429573620667963988e-18 4.542180250495915767e-15 3.731209427445677402e-13 2.915616112352820565e-11 1.140724273276644554e-09 6.283520863214678979e-09 7.038244941015160601e-08 3.241823581880981837e-07 1.459340899275084295e-06 2.480683502584883344e-06 4.101051049684073330e-06 3.910320128168447562e-06 6.438475032181878637e-06 6.575900180751642029e-06 5.235545637644111331e-06 2.712861014111263422e-06 1.898407963171634802e-06 3.456813318578140023e-07 3.959949861840853351e-08 2.717440855630758904e-08 1.638286940871429763e-09 2.727637995426444656e-10 3.107017093299379266e-11 1.237093611122608569e-12 2.990128699109548512e-13 7.157096509494734706e-15 6.154478303079657045e-15 6.569122804397592559e-17 1.005665915957252628e-17 1.304911631176316105e-19 4.723330459474622237e-19 2.076189258557798503e-21 7.157213688649283880e-22 3.852343210000011824e-22 6.437658226573143448e-23 8.042149267612017465e-25 4.714788749195407653e-26 2.212777836885566909e-25 4.160137967683612226e-28 3.554904773256878645e-28 3.703094471530342238e-29 3.837536147395797952e-30 1.077456796010517899e-30 9.808634121934068485e-30 9.052844413803448217e-32 1.135783217857017904e-31 2.029633957543081179e-31 3.446473625954142410e-33
8.756818427628741060e-220 7.012124274974871388e-204 7.177763730014575117e-185 2.106073942534080929e-166 2.101720683416611600e-149 1.990447258803871454e-135 1.386641406901198417e-126 1.271615442202323986e-109 8.165153549106267357e-100 1.323662280468817314e-91 1.837265909669430601e-80 4.147574481735446160e-71 1.622047816934390757e-64 6.601034315928615309e-59 4.154897659953935571e-50 3.817853341224072800e-45 3.939376172054108597e-39 2.019886871026056736e-34 7.761044680196245026e-31 1.465686203703841672e-26 4.132890736322224689e-23 4.409907926416369278e-19 2.216862607388295022e-17 4.832110873212534453e-15 2.083399864687158547e-12 2.166440471005221783e-11 1.172168455073006899e-09 8.375781793039337965e-09 5.300403963369583958e-08 2.570658263433703332e-07 1.275147083596541469e-06 2.267499203203866076e-06 6.841281150324747835e-06 7.005504444091827389e-06 1.247687372942085575e-05 6.560305273439719014e-06 7.262235429994408409e-06 1.985354417620118547e-06 1.226771812374040936e-06 7.523761837934142683e-07 2.402893661532999066e-07 3.578523726753585131e-08 6.582013792411696598e-09 1.227921469277478588e-09 3.424285586207022777e-11 6.004884662342791680e-12 4.334964085462244171e-13 3.970451293636840591e-13 1.510758685876621838e-15 7.314378834350693921e-17 2.283054312361905305e-17 5.467766455805072814e-18 2.691653151006510600e-19 2.816376360815442418e-20 1.362197155923737997e-20 6.043240845103523295e-22 3.038491628803998583e-23 3.404011258372372511e-25 9.621981953094079006e-25 2.798019401561664377e-26 1.934062027810605449e-25 1.736512831844468326e-26 1.342282565846084773e-27 1.402504672072083399e-28 2.148452007898781143e-28 6.306822565949827503e-29 1.419062105433360956e-30 4.304612159665728294e-32 4.226371862765233712e-32 3.510978372497964579e-32
3.177129248206349941e-222 1.240703915585203289e-194 1.108467881990730077e-183 2.767686781871126272e-162 5.732373796953359883e-150 7.990525811213628639e-135 3.475302814231956829e-120 3.563298190512811944e-110 2.658817363493553820e-99 1.004943912829287151e-87 7.157895819976467727e-82 1.898114512168546309e-71 5.303438625598618164e-63 3.155359441202043538e-56 2.109695489673247111e-48 7.114480766022008267e-43 9.791078195872905757e-40 6.414401731016419483e-35 4.959737265363311633e-29 1.364497852840656218e-25 3.424290176266265489e-22 2.735791420244642176e-19 3.522969601459975254e-17 1.341418188974145186e-14 7.104529451316682417e-13 4.330060096064225498e-11 1.374226217924963702e-09 1.644594485011629526e-08 1.035339092260533405e-07 4.410511048022897321e-07 1.007048811388066010e-06 5.821267632695817204e-06 6.955908695169053865e-06 1.184356738748887857e-05 9.369299168216685183e-06 1.105180664146113708e-05 1.034459216553733852e-05 2.503097359758725173e-06 3.398739605967153392e-06 7.313675146841273344e-07 1.210912972773767949e-07 8.210415090927306722e-08 6.491718981805523933e-09 1.357214736859036325e-09 7.202433051102029729e-11 9.164088617480910052e-12 1.764187823044955931e-12 9.282900753245479722e-14 5.014316360935468005e-15 1.837475462549075293e-16 5.516233200140333517e-17 1.159984610768169793e-17 1.233374652999676807e-19 5.272725354762015357e-20 8.188137329806439294e-21 1.362721500781510597e-22 1.459443375001737647e-22 3.402521372017765522e-24 1.322676912604406252e-24 1.050798087150587258e-25 1.036814697172814742e-26 1.202710364730074741e-26 3.296168341698789217e-27 1.546940424757276652e-27 7.145644612375738618e-30 1.159482700545839615e-29 2.624715623083357609e-30 1.947714522352530585e-31 1.367792201894499205e-31 1.322897450368888073e-32
1.460772292286003408e-218 1.574522443131852100e-197 6.729382811647002261e-181 9.845696575154971884e-163 6.064208114285195412e-148 6.115764622292074432e-135 6.352950403742383001e-119 4.518056195371015705e-111 2.937115155220313369e-100 7.019048916335497551e-88 1.665569661643754916e-78 1.295175043637026941e-70 1.831078551291761270e-63 7.540608293139873406e-56 9.302380483260694372e-50 1.177905268687614984e-43 1.232322198496784539e-36 3.548656235939130474e-34 1.258578883384666213e-29 1.102595235023642783e-25 3.119034436297002880e-22 2.405469277458688509e-18 1.520460030773774339e-16 3.223936258488364347e-14 5.470768693462132641e-12 2.285633526843545736e-10 2.955501106475120120e-09 2.783778831621936527e-08 1.945609512084168492e-07 5.383974382415350721e-07 1.614853052191599426e-06 4.674930324944315751e-06 1.017717092492567798e-05 1.231490056443375664e-05 1.318771331499638918e-05 1.523710179203596832e-05 1.833536180234792128e-05 4.718103487673320286e-06 6.323894015503279577e-06 1.496650405168682149e-06 1.517075685303689311e-07 6.153988767249490734e-08 2.950717678714925377e-08 9.278157482251691180e-09 2.262543492136764337e-10 3.699584048873431169e-11 1.547747594776938034e-12 1.201335633052910485e-13 6.766830767138780405e-15 2.476612491091190438e-15 2.560906773825186554e-16 4.646018727801953580e-18 1.011318708357778147e-18 1.899863043628575022e-19 6.915140292579158793e-20 1.986126195308898850e-21 1.558975901846301634e-22 7.999157068114648000e-24 4.812623924995251641e-25 3.696321346171940167e-25 1.765240436080036884e-25 1.758652362195948496e-26 7.206722235449849939e-28 9.235916267402472346e-28 6.211306880874961774e-29 8.867773486964912663e-30 3.830290602480429516e-30 5.483179769008003631e-31 2.588392322931362017e-31 6.355552420988641258e-32
4.349844865033455650e-221 1.168486420466669423e-195 1.934305868878079243e-182 2.073574727628194479e-163 2.988299085689532818e-150 5.686774987471784637e-133 1.537974484416313267e-122 2.974713591460571690e-107 5.811292728290218606e-97 2.821974070622552988e-89 1.330356176255581881e-79 1.919605166059369220e-69 4.343397070050299655e-62 5.585881390237730196e-55 4.563110289028069707e-47 2.661721179346372422e-44 1.319748247464074588e-37 1.660631405271415869e-33 6.797216950813908824e-28 6.154656066570874882e-25 3.550993248318509617e-22 6.463969166498171684e-19 4.512433140422733666e-16 8.539717594419355432e-14 1.802997830568507514e-11 2.105928323155115525e-10 3.523665557113251087e-09 1.962318998290320983e-08 1.738040657850605592e-07 9.081995185307806942e-07 3.672959139999321354e-06 8.265630070374112564e-06 1.870151071859829127e-05 2.146651078900946503e-05 1.825977523350035879e-05 1.666203746758347309e-05 1.425478421196140176e-05 7.512637490320503839e-06 4.759996385702091286e-06 1.157149058673056595e-06 5.655635764102301713e-07 2.507178321599759180e-07 1.770640422381258067e-08 3.620743728526115853e-09 3.054845036652140309e-10 1.298736912578120129e-10 8.850077928210972969e-13 7.597698196882181484e-14 1.072605751412183382e-13 3.175445196825836743e-16 1.293851180998937025e-15 1.956128192201226218e-17 1.433731410658170776e-18 3.496301644221409092e-19 6.810736047471375421e-20 3.899226874953674846e-21 2.876872373910598918e-21 2.890056629874025526e-24 5.352516504398747222e-25 5.620907161994501193e-25 1.310909274113861339e-25 3.519390336568283474e-25 2.559047295296400915e-26 1.043514493524498905e-27 3.916634708282428571e-26 1.409159063937591454e-29 7.908230183994879257e-31 1.635896689515117133e-28 6.111518807420949684e-31 1.862401159534374453e-32
6.071543860721109333e-212 5.567806410995764801e-193 1.131865443384697355e-179 1.393550019084044310e-163 8.353579128304642290e-147 2.298597468794890620e-133 7.424321119653919154e-119 1.632572107308661314e-107 2.216269768203621318e-94 4.471842650548134448e-86 5.700573492267017518e-76 3.574979445122014241e-70 5.086402636944010275e-60 8.154721518943045269e-54 8.166908755650552940e-47 7.582756994023023626e-44 1.393074774108525493e-37 1.053064501331891292e-31 3.778643839096859611e-29 5.959163364919056655e-24 9.706759686153066802e-22 3.246538121944230276e-18 4.278344426171962536e-15 1.356368420412106906e-13 6.692439681913701899e-12 4.457539923306633974e-10 1.137499178643661525e-08 6.910901832294470427e-08 2.293926314934282235e-07 1.467641726866588919e-06 4.411134577868006714e-06 9.186876129578938754e-06 1.546498823503188565e-05 3.039485832184643922e-05 2.719546230607387840e-05 2.863467892730578392e-05 1.544280758329608615e-05 1.275082707369716255e-05 2.410600544901309668e-06 4.352812786766059635e-06 7.131129204895393720e-07 3.954251566385717785e-07 6.199296762337253835e-08 1.899092577836154888e-09 1.467769976303456301e-09 1.466626865533675837e-11 1.866616782465376249e-11 2.385399143320599179e-12 3.935528250491580521e-14 2.630267139524965401e-14 1.044246438942545498e-16 6.945308878937327840e-17 2.498248474064000000e-18 3.356565492545764616e-19 2.006827670509280349e-19 3.863179245995447523e-20 7.365996821706363606e-22 3.877326841091097787e-23 5.224717503263133214e-23 3.780067729231137953e-24 1.039558061756079019e-24 4.260858782159576232e-26 5.663926859380013680e-27 1.593271689973006129e-26 6.283252486933225254e-28 3.223612204721040496e-28 6.636210527556765252e-30 2.783110355291036088e-30 4.541776496676703335e-31 3.863158732338793748e-32
2.736294944778130973e-214 2.472977844469397002e-196 2.562480724356307111e-177 5.841422703507242687e-165 1.112763834032355231e-144 6.477576721106704674e-133 5.032483870792356808e-118 2.207420309081204291e-108 1.340902157084985662e-96 2.154792840045364759e-87 4.633402483339216268e-77 1.252762964257825162e-65 2.726489022073476797e-58 3.128797635561953486e-52 1.301390476502241370e-46 3.563741823528817092e-42 1.759736340620703346e-37 1.538057839480870162e-32 1.615889620111175783e-27 2.321413213444980667e-24 6.100677568003827170e-21 3.301611959672879456e-18 1.068529413388273489e-15 1.013519749838925321e-12 4.619330416228647578e-11 2.565811349926208221e-10 8.579054795023604862e-09 7.947833726518800006e-08 7.383810310271683761e-07 1.635389125659681843e-06 6.378668934901536744e-06 1.092275147389199885e-05 1.903799465832730495e-05 3.541125107367468542e-05 3.583402355098961185e-05 3.109506427357899882e-05 2.691336814907140327e-05 1.106613153443978211e-05 5.056053022180588925e-06 4.149880388136751218e-06 5.036732659735549417e-07 3.610653437107765119e-07 1.298694292545330872e-07 7.046411212138635027e-09 3.631961056578362335e-10 8.611304920293178945e-11 1.844219601247259524e-11 5.640882761225014451e-13 2.506982466178264020e-14 4.554048641417915318e-15 3.329515045745811108e-16 8.232640581935049516e-17 6.025724331235189971e-18 2.908507816167552541e-19 3.431823784589886371e-19 1.003181768111504082e-20 3.880450423835409717e-21 4.318325709142356430e-22 1.264402887314179830e-23 6.606023656571145900e-24 2.571989377602339683e-24 3.786158379620344414e-26 6.720334249444535317e-27 4.237110266594777280e-27 8.970231956937283121e-27 6.618586865447105255e-28 2.212686157336248503e-29 1.837407145388215538e-29 2.495391861657929000e-30 5.638269615321357866e-30
3.060029020801507599e-212 5.164757552253640868e-195 1.264843121077025359e-173 6.769737731991476392e-158 8.397531400754433153e-147 2.187386275554339683e-132 1.998635552530376836e-117 1.210658211025487036e-106 3.018411568818923732e-93 5.657051075319628767e-87 2.482793511780330283e-73 3.861191734716113824e-69 1.373714284912712684e-60 2.810941974414405387e-53 5.861281140155714247e-47 1.162033821343486413e-40 2.447031317141461451e-34 1.097007424878425916e-30 9.653624297956040507e-27 1.775223573772188447e-23 5.223804709531730684e-21 4.187256085072232162e-18 4.479438847946656084e-15 3.897473620160133848e-13 6.936693486324739599e-11 7.221067185515915171e-10 1.759171927815160022e-08 3.261012891354400446e-07 8.667982817844437943e-07 3.169517224112261628e-06 1.530873514182906056e-05 2.301679139121025922e-05 4.322853321024145644e-05 3.395156026794497397e-05 4.736791897859057436e-05 2.629694613996598552e-05 2.324007607222510586e-05 2.539170839945186243e-05 5.692326145754040572e-06 4.444605843237752720e-06 1.686123035769807959e-06 2.588281244621479719e-07 6.335055579254054808e-08 1.348080273155190124e-08 2.964438559853576983e-09 1.625502261736046715e-10 3.829667550007861424e-12 6.243037161242906401e-13 4.419371614706278103e-13 9.805030858460431980e-15 1.961822828857320661e-15 1.515233521712298008e-16 2.606790914336110980e-17 7.738674896348218936e-19 3.443855083298443922e-19 5.141955053038174885e-21 2.584052426963260907e-21 8.590059547988483655e-22 1.268413847374517786e-23 7.106462380951198201e-23 2.948436243875220105e-25 2.549426600853402497e-25 9.219405425592532979e-26 1.948087447201340026e-26 8.433100460138255948e-28 1.260777903681300384e-27 1.625232142623724991e-27 1.151950753270017117e-29 8.255189327581739767e-31 2.765492447176815109e-30
1.629297530052250106e-214 4.513934970509959578e-190 9.754866681468051365e-174 1.281511302993673607e-160 3.326413503711945252e-142 5.154962122654712058e-130 6.981798285642921797e-118 5.429968956741624002e-104 1.193731016062962782e-94 1.847987987834852521e-84 8.756774714946608138e-76 5.508241837810162087e-68 2.812405499976920071e-60 5.751002273293044946e-52 1.252571993608296223e-46 1.406610938208782045e-40 3.437868777145561411e-33 7.026716441412442198e-31 3.538927364979771258e-27 5.513187027139043727e-23 6.807523882755898208e-20 5.924191042129001276e-18 1.550524163941839493e-14 7.464415093760774563e-13 3.640055497099481699e-11 2.703126613982628507e-09 5.918127656856193988e-08 4.486567151217449889e-07 1.784383596762960284e-06 4.111741276515887290e-06 8.707791026264303223e-06 2.423528156726039023e-05 4.478671009458591611e-05 4.262412532363486257e-05 6.517650706780553729e-05 6.948569524656401746e-05 4.532034134000826031e-05 2.407911211480594517e-05 1.311520006939123558e-05 8.682444032394396048e-06 2.736232368727546507e-06 3.627956806182923274e-07 8.094258912445702944e-08 1.339113837869721407e-08 5.526535572773655024e-09 1.544971992976674590e-10 9.187882907177146284e-11 1.485888214198442945e-12 4.550909204877051828e-13 1.984495544188687143e-14 7.736575323758692217e-14 1.297536522190099605e-16 9.612043069296216615e-18 4.630571925946676718e-18 1.702420328131996815e-19 5.856969852805586776e-19 2.328911861585810088e-22 7.914640339997396887e-22 1.982106623040676084e-22 6.233892867023001367e-23 2.962629584318341044e-24 9.941712388909383475e-25 3.239164083084988472e-24 3.657849729725962689e-26 2.911051696878874164e-27 3.005025085372826121e-27 2.076749061498247431e-26 1.182892448182275756e-28 2.266891922082462228e-29 6.473302626877375429e-29
2.690655712463995353e-208 3.139887749384251269e-195 4.996302120846112171e-170 6.748013324135335472e-157 1.862446065673986558e-146 5.026898072306241597e-128 1.651143588662436122e-118 4.496452704220346423e-106 8.958889397777402062e-92 2.476023129654887669e-82 9.186766166651950451e-75 5.993793660120857346e-68 3.772268369754472091e-58 3.827638151428037666e-51 3.078577691328942932e-45 1.485686912733833066e-40 1.277653678768092987e-34 3.224695819012162132e-30 2.694518988497551209e-25 1.155180380482578740e-22 3.587180195694296467e-20 3.176204771981664446e-17 1.476877949346040486e-14 3.624387600996068332e-12 2.150826517893897878e-10 4.191727794213361742e-09 4.119908161915170286e-08 3.709433112880603460e-07 1.757746512661822285e-06 9.135213213106451477e-06 1.967933876807068301e-05 2.469106891536742237e-05 7.671755566891539887e-05 7.095052587712002458e-05 6.028112428722334320e-05 9.064812790700381255e-05 7.142784781363993639e-05 4.597779725778079345e-05 1.327440874106438018e-05 1.055706991237458107e-05 1.867823212795192689e-06 1.367353092492713683e-06 3.687226008835683806e-07 3.311219853536516515e-08 3.237490502580556503e-09 8.208261173207402115e-10 6.951045686193754552e-11 6.125520768269640077e-12 1.237608000306547027e-12 4.783219807876266067e-14 9.572444532000938361e-15 4.230772138923401118e-16 2.148845923908932541e-15 6.207814269105992132e-18 1.894831778698114089e-19 7.015063791892105222e-20 2.949149953191636541e-21 9.440824507632770321e-22 3.165401632365745701e-22 4.227541569965309229e-23 1.073632941743763408e-23 1.409726598328135751e-24 2.428858689847675974e-24 1.868913315248904841e-24 1.778366063877080858e-26 2.205230852781898391e-27 4.857083266630677694e-28 6.905381510177772525e-27 3.271808298887940722e-28 7.491010933563529218e-29
6.243285428685608499e-213 8.665886448719151824e-191 1.662092824049997467e-173 1.239521675200567170e-149 1.181784224954538945e-145 2.396175903965053190e-124 4.174882019751722260e-115 1.091910092871886364e-104 9.269762769170426102e-91 7.666055031029966319e-83 3.908777276552538327e-72 5.571832507341739968e-63 2.017037017484464433e-59 6.791845035720672627e-49 2.809640387555709934e-44 2.424906644086199869e-37 1.671947990110414537e-34 4.412817985893961803e-30 8.362814152560928950e-26 2.111500635293765911e-22 4.114906562829643355e-19 3.491773833621480693e-16 1.846218897536042949e-14 2.818914281921000996e-12 5.862569983772449068e-10 7.371620216469703961e-09 1.273796896868396178e-07 6.592044444099506062e-07 4.084556089073241340e-06 1.481117001555669793e-05 2.506645682445565770e-05 4.666301882636453649e-05 5.270351343149269494e-05 8.877515225855202861e-05 8.036264930293880878e-05 8.438620845291411115e-05 4.114355005308318903e-05 4.053772781578857543e-05 3.412411534889834804e-05 7.495580220904747760e-06 7.028498995438657590e-06 1.017894106067831070e-06 8.225039947273027714e-07 5.693660925036501917e-08 8.982741673281681230e-09 9.014098429995395045e-10 1.331181915728901680e-10 4.384400341822562397e-11 7.612457452039302527e-13 1.770608852751946097e-13 2.537205216415310869e-15 1.764601266349949946e-15 5.370896800049343250e-17 9.279925525741968939e-18 2.175427846131055530e-18 1.448157022882363598e-18 2.950685729399246918e-20 2.090617210179498866e-21 4.044596380195533801e-21 2.287824529608465109e-21 3.033321775587639780e-23 4.050431060065393583e-23 4.258603241155667099e-24 3.964801902364501649e-25 2.789749306032415916e-23 8.346787211672353262e-27 1.575476176701133209e-27 1.722219117301519633e-27 7.373811429274841805e-28 2.106266840820077228e-30
2.351505027602650632e-210 6.201061353702787364e-188 3.035366601065437711e-170 1.223707399708744097e-155 1.567326744414810684e-137 6.014453641788574167e-127 5.845409536382066131e-115 3.189568464296948997e-104 4.036398853784142648e-92 2.818104118850444007e-81 1.144091843222614367e-71 9.051843172802259086e-66 3.929135718625320322e-58 4.430847194034061183e-51 7.215760454107840939e-42 7.556877518460004101e-38 1.496967724780557506e-33 2.035897127061117676e-28 7.984355939997957120e-26 3.506984074156720879e-22 1.789971208777415389e-18 7.311164286304315519e-16 1.292009656588268573e-13 5.600302604966850178e-12 1.753204849866666343e-09 7.669013461247288148e-09 2.594167451157125630e-07 1.264698751299422505e-06 2.604615193220686777e-06 1.532409723862846276e-05 3.727656338250668938e-05 6.064036461205155173e-05 6.951451428442018392e-05 1.303144129622247998e-04 1.121952368210210512e-04 1.450902905055136420e-04 9.685300404645416010e-05 6.194217187295816460e-05 1.965258862538509868e-05 2.192915476144007570e-05 7.650318143824443959e-06 1.888491436516220272e-06 6.793283809621164902e-07 8.490476134799182464e-08 1.556556906428484437e-08 1.517690205350158107e-09 3.889235893894776394e-10 3.307119807761900526e-11 5.065418436215482561e-12 2.808587708800975875e-13 2.635249520004004715e-14 3.613043468302251623e-15 5.014127894589042195e-16 6.857290129344505322e-17 2.097101648480595425e-18 2.061382984792515580e-19 1.771653598012788776e-19 1.055769537618062921e-19 3.994039446385350951e-21 1.426041075286755997e-21 1.999178570519635446e-22 1.530376814633936769e-23 8.630756545399860152e-24 1.135477433786153958e-23 4.736873851542198689e-26 3.642786437134217761e-26 6.038883930744841491e-27 3.393182695375765368e-26 5.211685349139577176e-28 9.462234832283248718e-29
2.254658262435042257e-211 3.214289755983834393e-186 4.152901058828127167e-174 1.275397857006859018e-155 1.544495896985777342e-139 2.326734817172107021e-119 6.363844928626660810e-115 1.831716845556036197e-101 2.489244357975278775e-90 1.783259480825434113e-81 3.280352892143050407e-71 3.591542514780146010e-63 4.810066951044296079e-57 4.823034982854423521e-49 2.658123441107377527e-43 1.533677627312017802e-37 1.372053197100419562e-33 5.772585289251639144e-29 4.845073133209539187e-25 1.434652974168550075e-21 1.395820103576028635e-17 3.690094995360855411e-16 5.352969531784318177e-13 2.635400055180534643e-11 9.394736122965218175e-10 2.202093153412343245e-08 2.967742473549901090e-07 4.887299813680832217e-06 1.042806788986382118e-05 2.808240172527373316e-05 4.200256908573454567e-05 8.266188691595857674e-05 1.525577007449780993e-04 1.546218749560515084e-04 1.876797479894975465e-04 1.668194290113658100e-04 1.244112444450563718e-04 7.074308509015826414e-05 7.662478819221379771e-05 3.494354944813140266e-05 5.146449726523447451e-06 2.902895333013180354e-06 1.200056704769151678e-06 1.978999012149839005e-07 3.218116599774082623e-08 2.149369467850630476e-08 2.030120893552437931e-10 3.412680886321257592e-11 5.580501153460299418e-12 3.678446083216592121e-13 8.961725541024673158e-14 2.345254721351962377e-14 1.618270794010626647e-15 1.721626404736742067e-16 3.344384095268144275e-17 1.630173109594045746e-18 1.432281385230592173e-19 5.401381673452811825e-20 4.835790883101897788e-21 2.165980886725333543e-22 3.017909101582912789e-22 7.014756112692240079e-23 1.526772921145571475e-23 2.387238805395818579e-24 8.126155456237869869e-25 1.588147077900513825e-26 3.773446837588651978e-25 9.209098569049487921e-28 1.425184691598921340e-27 1.151915041738419275e-27
9.098434499592400337e-209 9.928019222103752015e-193 2.027974693802262418e-172 1.980218953463094704e-151 1.407050252613090066e-141 3.023437934237143956e-128 4.793330768174117490e-111 4.310468037049618608e-100 1.297686255074266006e-89 2.376724094886442425e-80 4.413464050426129268e-71 1.277184111600926388e-63 1.795736958780907418e-55 1.877845851745505416e-48 9.278681679608017343e-44 3.651510247705865611e-37 2.422581965341077177e-33 1.374159490062188063e-28 1.454624595155656363e-24 4.520155553982708706e-21 4.582054939583345067e-18 2.590377508105673749e-15 1.429796020140719569e-12 1.240161918258069566e-10 1.391811122379445830e-09 2.913519117077640435e-08 2.537498819701509837e-07 2.632184123098552789e-06 1.097475524633886571e-05 2.929081688645748043e-05 7.876105208614759688e-05 1.520291698660058142e-04 2.179812018120486658e-04 2.417845292324980909e-04 3.800232356488193633e-04 2.370040569558435207e-04 1.339663543628955380e-04 1.754563509228808914e-04 6.382063199218049440e-05 3.253707108418940787e-05 1.298369624182777069e-05 5.188312717712825042e-06 2.156381775534916417e-06 2.045304151022412069e-07 6.091661235078487543e-08 4.663669739508692317e-09 4.044259623200538201e-09 5.463384261223257759e-11 2.436030168938286550e-11 1.262617324093260199e-12 9.550886515187552538e-14 8.487360200978420127e-15 3.031294871239426847e-14 1.036216709878619185e-16 1.881726703721920780e-17 2.382128939767621358e-18 1.349231035629505982e-18 3.371464681370077115e-20 1.400737532307728921e-19 2.322043017230045308e-21 4.874175909854889650e-22 3.677200896578800726e-22 4.120878985945978284e-23 1.124637868439901407e-23 3.621224205420131422e-24 3.805975293569191920e-24 2.514069250067857713e-26 5.151657446518556906e-26 3.531759653508819728e-26 1.158610384098925595e-27
2.490467989490902861e-205 3.098074072154778214e-191 3.321895267179486137e-172 3.252548157308558404e-151 1.936373778541045782e-138 9.307939173225194838e-125 5.151723415639186078e-110 3.203400383116654805e-97 1.248085559915514753e-88 3.190476020537371579e-79 5.836433148768978470e-68 1.386844290847596154e-62 1.798841457443698173e-52 4.351195169016600190e-48 6.529730429795807483e-42 2.311272594985737584e-37 3.161073285965412042e-31 1.318615137972330869e-26 2.453813443358340872e-23 1.306579693986898056e-20 1.692985788635296019e-17 3.091290841122080597e-14 1.344624873747326008e-12 1.302215314391476820e-10 3.080959379642750007e-09 5.321423948461066651e-08 9.933093424194093043e-07 2.836897878033191863e-06 2.473076019701392518e-05 5.572035231619119693e-05 1.218747928160095445e-04 2.241061460829951594e-04 3.223379774031123442e-04 3.950528997387960659e-04 4.926958196692193511e-04 5.169015529928554491e-04 5.676063390397507145e-04 3.205477545423419299e-04 2.591183917045008882e-04 8.598647629490267427e-05 9.202391732232665647e-05 2.468480098517763217e-05 3.918504007087237272e-06 1.545018735709756770e-06 4.388413583743161218e-07 5.652937515048704308e-08 4.483887125553029616e-09 1.364218561296879889e-09 2.506811229717582729e-11 8.599683323582658602e-12 8.504880388199798461e-13 8.313416237329874011e-14 9.136999957793267299e-15 2.839010766361905853e-15 3.144831629915176417e-16 1.791425828358478338e-17 7.762456320905274383e-18 1.870780318844264547e-18 3.627691806085048035e-19 9.901972793066094264e-21 4.635827244808268285e-21 1.045253316107719414e-20 2.797016635450388627e-22 4.743139759500349536e-22 5.845520233832628452e-22 9.248772702245040751e-24 3.449306429321245777e-24 1.587773958098648809e-24 7.332666869158937909e-26 1.464176995488640225e-25
1.228956226953021748e-208 4.957040507516049186e-186 7.938123414308028057e-163 1.125158373233647526e-145 2.646997151045834926e-136 5.156809196371921434e-125 7.932229828440918692e-111 3.509098392065715821e-97 7.676437365900198747e-89 1.472056475179178241e-77 4.150749848888520779e-70 2.101450237131486460e-61 1.782117731886640462e-52 5.924892755216194815e-46 7.281285797049473318e-42 2.336967844086056482e-35 3.872799736638671516e-30 2.742829775956775588e-27 1.394228720156389017e-22 6.282713547950667117e-20 5.109202571331696017e-17 1.471771033694732742e-13 2.304223899946205674e-12 3.353539208524628436e-10 6.195379352036339545e-09 1.770192763209129908e-07 1.515301607917969127e-06 1.068599889497436176e-05 4.107102562074219532e-05 1.397925248026779782e-04 2.979925722844141010e-04 6.296827069948620747e-04 7.387112373643381141e-04 1.062440367933499205e-03 1.097586875155286568e-03 1.154910878201674453e-03 9.823373553805936700e-04 1.050739014447805986e-03 8.431971317613006119e-04 4.760434898466949947e-04 2.781292146374572281e-04 1.875505398627116689e-04 4.915612661571675999e-05 1.636279543857030393e-05 2.101023875133042807e-06 3.853232422122032664e-07 3.992648509450192611e-08 1.724857374569181184e-08 1.247986720798893742e-09 9.372012451361137008e-10 1.777599891970813987e-11 1.328550614045679365e-11 3.202714194800511289e-13 1.244963715922176502e-13 3.648725053198425548e-14 8.004706731847240141e-16 4.800992451159962663e-16 1.876689379284561628e-16 5.571498004604387921e-18 6.056795325216916270e-18 5.357777662031780056e-19 4.689420955407037344e-19 1.106522052755166533e-18 4.877564734364196880e-21 1.677972612500097293e-20 8.570820240396911855e-21 3.931303344343690436e-22 5.593034623431382888e-22 9.279300037888685895e-23 8.211887541907529834e-24
2.396894124777748731e-211 1.463762759814713414e-182 1.015032896466684030e-172 2.952245575938981680e-152 1.904149796526381772e-133 2.581765722844364801e-120 3.164596189355474368e-110 1.365922000594801941e-98 1.953659866374194662e-84 2.010587226748976056e-74 9.687673652095090236e-68 5.080485221370932036e-60 1.543683118667093315e-51 6.698021418595404747e-48 1.884749225243647980e-41 1.121456731123142396e-35 1.314734985931371782e-30 3.197610127847000553e-26 3.371095723736806403e-22 2.178338401967670574e-19 5.206229509388306515e-17 1.737160748254131889e-14 1.029779070874249803e-11 1.316581282288859763e-09 2.641408121420191048e-08 1.088737917520628862e-06 6.320218302480882381e-06 6.021993703840166549e-05 2.063487657512360718e-04 4.882133826487469806e-04 1.141816219616085442e-03 1.490296659236026557e-03 2.223238614802839925e-03 2.438804014669261177e-03 2.954751525908581259e-03 2.700025977725324742e-03 2.819643251089237225e-03 2.083018879606654290e-03 2.190616728444194118e-03 1.838520951644012245e-03 1.525377564881812836e-03 9.563274636472549007e-04 3.831874186695670621e-04 1.978864230424021164e-04 7.134231425344482230e-05 1.381636981641740445e-05 3.524565873074704785e-06 3.519873609618921199e-07 1.422692566665318314e-07 9.808850123233257329e-09 4.790037012595998667e-10 5.855097068920185713e-11 1.941962748042923052e-11 1.876778131195802643e-12 4.732132575633168615e-13 1.458386960561110275e-13 4.493298173330801127e-14 3.200883241171410193e-15 1.207026796025210730e-15 2.016743626759551141e-16 3.810499780687332665e-16 3.591447369533846233e-17 3.139764779184118800e-17 3.062692219491689853e-19 4.474884165038978847e-19 3.086900019938369938e-19 5.269537939130291059e-19 9.194850353477122492e-20 7.199691950065438930e-21 8.368216704826720024e-21
1.005483369168113384e-197 1.908204639864240579e-181 3.830926979943880752e-163 2.324987351804137504e-152 7.737916261211360301e-134 1.684782440958107232e-115 1.694609412468392822e-107 4.619724037637911790e-94 1.754951006098085048e-86 5.970872907531435807e-76 1.379392062707595521e-67 6.127255425349239377e-60 3.865613652142102910e-52 3.504547312775417168e-46 2.086629804796237450e-39 1.621010128657717819e-34 1.709176720883972749e-30 7.275917354365039229e-25 2.971148100461582172e-22 6.988473532528911365e-18 8.702631395906952708e-16 1.712334182824214397e-13 1.193334791889173131e-10 6.364798903430679317e-09 2.016626830419295988e-07 6.391916517423756438e-06 7.113731625516522405e-05 4.737482623124952027e-04 1.217868886974222574e-03 2.296627872359696936e-03 3.133748198472867483e-03 3.847621611537592988e-03 4.398592761038028383e-03 5.060697701137760116e-03 4.750794431373669448e-03 4.667945272928514591e-03 4.977551938672281594e-03 4.929779692670522954e-03 4.213441223825314247e-03 4.075909867924910716e-03 3.624248089842318100e-03 2.878296980852944678e-03 2.032350077008510288e-03 1.325878344220652585e-03 8.903160960067068620e-04 3.112395772088161097e-04 9.091700395651976057e-05 3.275361026335265853e-05 9.326944992912031881e-06 4.109918311394996305e-07 4.538457584268005480e-07 2.040636172720688889e-08 9.482505230058086497e-10 7.564597385404939600e-10 6.761652678724494587e-11 1.035931686458752249e-11 2.462297938835373542e-11 7.981473137238285094e-13 7.035858793431951863e-13 1.200960539236793904e-13 6.459621299872045575e-15 3.260891254079838672e-14 1.822179796065349392e-14 3.386857611169661036e-15 2.049139095227770884e-16 2.695951833758651754e-16 5.626218372452412152e-17 1.041768905533799510e-16 9.521235099664644870e-18 9.867809697425665322e-19
1.714031914662021514e-204 7.536897611191627334e-182 2.837715390887559919e-166 3.664834881579379058e-146 2.440836910418113974e-133 9.002912203342805491e-118 1.113256820756916856e-105 5.910783921521761873e-94 1.586943432178735541e-82 1.186837276740634297e-73 3.646843076693097650e-66 1.279551610044458312e-57 1.232149956055440972e-49 6.620847745116844603e-44 3.220168367789731570e-38 1.827320915205641865e-32 7.902384252128170723e-30 3.209596030261601922e-25 1.015889023671867805e-20 8.752831846465573502e-18 9.084999630847503225e-15 1.426805424969029922e-11 6.073164887267042418e-10 1.933180757764710182e-07 8.145483956112397052e-06 1.114003663208848645e-04 7.112306053823030765e-04 2.123202352013364887e-03 4.022634445276538490e-03 5.105211929151855406e-03 5.928737624813857666e-03 6.203657997035101623e-03 6.985835298844910758e-03 7.085278155653699540e-03 7.173207570781638988e-03 7.341161410519254568e-03 7.483191318033920528e-03 7.323731967356648768e-03 7.084412383312717505e-03 6.489067148608060158e-03 5.949451480347566976e-03 4.772388236460209723e-03 4.358322165905932633e-03 3.866251503091902575e-03 2.933358135361634721e-03 2.201930804306706686e-03 1.440788096539566410e-03 8.038695508399075658e-04 2.669894727658923806e-04 1.308611489910321509e-04 3.382477978782112027e-05 3.283043556683859439e-06 9.560656475168417659e-07 8.321794442660411366e-08 7.975150630359722138e-08 3.908538030399791218e-08 2.934020237216629470e-09 7.911006765280698700e-10 6.354517130745975132e-11 3.514968812471583395e-11 4.366192974087334006e-11 4.008274958096969986e-12 1.195803957420247345e-11 1.690338147845282541e-12 3.556277925397206216e-13 6.750780253169777747e-14 3.045301393122073768e-14 2.783485859172851879e-15 2.622394689690840228e-15 1.390051195646383118e-15
2.644330009327581501e-190 2.072194518330813045e-177 3.378448180126067543e-162 1.899020370390681685e-145 2.690976323457659454e-129 7.988736047394595274e-117 2.420997519617160430e-100 1.719928146402140134e-95 1.706628817923096404e-84 1.514059040950628636e-70 3.728638848976251688e-65 1.374840996892232724e-56 4.351306637226932763e-51 1.695655880460421856e-45 1.861772395363901696e-37 8.284896328861474705e-33 1.116910754307390043e-28 8.860671327461510193e-24 1.024344829298230021e-18 1.301247254601471508e-15 1.282277236939111854e-12 8.330902634850015507e-10 1.351316240985991692e-07 1.778846071744610656e-05 2.220612507011010062e-04 2.084498607738494245e-03 3.761710555388982340e-03 5.898835219159567073e-03 6.847411868812902126e-03 8.016143700972581942e-03 9.378700316338783524e-03 9.885556203538927236e-03 1.013598512491305746e-02 1.123901332333373734e-02 1.074131085848055098e-02 1.128922011693354183e-02 1.073033938743412317e-02 1.067515866947789036e-02 1.064259318668002614e-02 9.442782778337852762e-03 8.479577814008130293e-03 7.957943892117416707e-03 6.656295066628676108e-03 6.394285606519180785e-03 5.441076179633961771e-03 4.421720224598042932e-03 4.332938080902269846e-03 3.177691598468381905e-03 2.758390897563967915e-03 1.760411011760777385e-03 1.225793665149531352e-03 4.810281935246202008e-04 2.901997878501885622e-04 8.203757328877826663e-05 1.574886692097908069e-05 9.912170317121404752e-06 5.274632969753116396e-06 1.132090228102704917e-06 1.014488815671902443e-07 1.680889090621675378e-07 2.776161966542724870e-08 5.381492251139922804e-09 2.249675027456437833e-09 4.898197850908509464e-10 7.129699524987120955e-10 2.782467439329935395e-10 1.178339597130349996e-10 9.712196210443463309e-11 2.740804397872488950e-11 7.050323564429270167e-12
1.629885841308413637e-194 9.698339349164719561e-175 4.844665077236224009e-163 9.793365858574870904e-145 1.593145401113310684e-126 5.071705135826957128e-115 2.627231651263456738e-102 2.159321941609688443e-93 4.158900529498149585e-81 2.673185828012201818e-72 6.786514940371722156e-65 2.148020279251748591e-55 1.195085193178197874e-48 5.253826566658906689e-43 1.105713213480080272e-36 1.684600360712774044e-30 8.285327548232961173e-26 2.812297520494441766e-20 2.774666814929231646e-16 1.168832661511572180e-13 1.855429332425714576e-10 4.042740489892082476e-07 1.457996648151540432e-05 6.535538028481423191e-04 2.725324353600950492e-03 5.980267329185834022e-03 8.496310951302056200e-03 1.029883183513990996e-02 1.202284782199239226e-02 1.266015123257385570e-02 1.417977391348097804e-02 1.499497333677455614e-02 1.683931901154544011e-02 1.612274112601987802e-02 1.738401726407767453e-02 1.767596482947541431e-02 1.747816381767105728e-02 1.792881378823196759e-02 1.630689851403190754e-02 1.516728892564528711e-02 1.465181621145782327e-02 1.177189821687938190e-02 1.089966696700064332e-02 9.036490554367036104e-03 7.953305746810548221e-03 7.628656541433280307e-03 6.895299435589980451e-03 5.944556812747184803e-03 5.201084508630327008e-03 4.847703679032039879e-03 4.119418554519448279e-03 3.329681954337613842e-03 2.963303917611855021e-03 1.750427405637761374e-03 1.617084771958619176e-03 9.559049354507906555e-04 8.263268318085660938e-04 5.214427588431369814e-04 2.888424875298037289e-04 1.596104372348490464e-04 1.026687161359929410e-04 5.055016185023807513e-05 1.841365339738067675e-05 4.135824878601761109e-06 2.021695170171287115e-06 1.613935117287955130e-06 5.810816398132661135e-07 5.859122122820446211e-07 1.279157779733371307e-07 6.729863559869237530e-08
1.511819708624787769e-193 2.589413082313747857e-177 1.359399475533598413e-157 2.712871436944043903e-143 2.170202641167855329e-126 2.036931331643033734e-111 1.839420153263269737e-98 3.398256701774379004e-92 1.236733733788875238e-81 9.947317499368517266e-71 4.873342163972884008e-62 6.745249716156011544e-54 8.490010095030528723e-45 1.641290396178691486e-40 4.797746753982157598e-33 1.148244464860065028e-27 2.237678026376900285e-23 3.048799527691861369e-18 1.886954583950995238e-14 8.699274072117520042e-11 1.509898052096620005e-07 2.151880646520151397e-05 1.628213314713870949e-03 6.589295769495002661e-03 9.844404389872376746e-03 1.245820002116306696e-02 1.360899492874408263e-02 1.625264995098630455e-02 1.925982251381529176e-02 2.112901778262506886e-02 2.299279653373685617e-02 2.561988014345668169e-02 2.573103347442383740e-02 3.013497203979943750e-02 3.202209975910566553e-02 3.363462150661610667e-02 3.604221099054233379e-02 3.857859659850241402e-02 3.546161951852946220e-02 3.499260124496834934e-02 3.073325457118575993e-02 2.420609005463069882e-02 2.050936969418503189e-02 1.561731446117309643e-02 1.318039830545377454e-02 1.210759389736464596e-02 1.001151284534833492e-02 9.313198620394319213e-03 8.292040957615123137e-03 7.898855544730817510e-03 6.908499498412737534e-03 6.500882444164779971e-03 5.873804330049341854e-03 5.565320088930230703e-03 4.929380477238829751e-03 5.333828319933868987e-03 3.560850621829958138e-03 3.709085085025460183e-03 3.459120016626501815e-03 3.125778187593747891e-03 2.513999704094492180e-03 1.991305812313083623e-03 1.691708912253480973e-03 1.161805888898653815e-03 1.172561253297202790e-03 1.276062419508988211e-03 8.366152414781720652e-04 3.410147438606630057e-04 3.458826764932712247e-04 3.597601382313286031e-04
1.207328671938631260e-190 1.643442386821588303e-177 6.313427055180613057e-157 2.629221100772805506e-143 9.092771000062248307e-127 1.344255637777347876e-110 2.458515656460455186e-99 1.290799235729561777e-90 5.061388302638308944e-77 4.064779565456415969e-69 4.109037757045877741e-57 2.982048619619038240e-51 6.164257669596569018e-42 3.959912345831243293e-37 9.138392621800932246e-30 9.320707941120641410e-24 1.452220610863466889e-19 1.085484682924770659e-14 2.742257029276007394e-11 8.427121832015629623e-08 8.375217283852872047e-05 3.301468587859773124e-03 1.045395143454649553e-02 1.629974653358153697e-02 1.889414609436529044e-02 2.058018365904571920e-02 2.433552257219564682e-02 2.869074968409412660e-02 3.478603391820039858e-02 4.249502099432148072e-02 4.920378204478446926e-02 5.441743435047948635e-02 5.912831790366653018e-02 6.746576376971953615e-02 7.625861601159049374e-02 8.359868508473200510e-02 9.616489988408537248e-02 1.103918216848391864e-01 1.207492046482911696e-01 1.226227522973181994e-01 1.197514019739331220e-01 1.000636792964440386e-01 8.285946900391251424e-02 5.254300409097677205e-02 3.424688724622473174e-02 2.679724536038793903e-02 2.204434623194952148e-02 1.836354046537195389e-02 1.430965511310320487e-02 1.337905543269488420e-02 1.107892970850679788e-02 1.075166141224080142e-02 9.065884385963040790e-03 8.565112612754166577e-03 8.565322365225638140e-03 8.160568547373172818e-03 7.620491507875810921e-03 6.932602475184781662e-03 7.050270092578466569e-03 6.993525360219811880e-03 6.218341755763346496e-03 5.763842401259810025e-03 5.451707154230087116e-03 5.927390579556855027e-03 4.593946725950454057e-03 4.605189476949981230e-03 4.559776913345112842e-03 3.699508246466525364e-03 3.587128196830387684e-03 3.252385392729773613e-03
3.327059744439790947e-191 1.033643795106214917e-173 2.187503629569679126e-153 1.551298301519648559e-142 2.600356432144784898e-125 1.311903444530798269e-112 6.785077416593912802e-97 3.250043998979021160e-85 3.182571918120951426e-73 1.133251942608110931e-63 6.499135715860083951e-55 6.024346999842062026e-47 4.817154537493601291e-38 2.191545408579065197e-32 5.258052246433755491e-26 6.860966058044706497e-21 1.128047006874090745e-16 2.328542712864596958e-10 7.635277234094040120e-07 5.114130714731485302e-04 7.118002052310530049e-03 2.110899216788666988e-02 2.931159100916320981e-02 3.253814711259513104e-02 3.447564833320279631e-02 3.801408290909542159e-02 5.175286482376267178e-02 6.681578891739593795e-02 8.522726769688557247e-02 9.758026071268964541e-02 1.077211200756652415e-01 1.274565403417153853e-01 1.303802857634979717e-01 1.484157170758342859e-01 1.671347937151356211e-01 1.837569898116458433e-01 2.052396864971945678e-01 2.338023388461873409e-01 2.481130352713459830e-01 2.685154120903847086e-01 2.787692941840606564e-01 2.781190300669463267e-01 2.653089946673060084e-01 2.479080396254369767e-01 2.122144811422344846e-01 1.591668278975316431e-01 1.057947412520120339e-01 8.308279322446203430e-02 5.853750675179857088e-02 4.512983717405564393e-02 3.506254195325063383e-02 2.562378091884472478e-02 2.221549407528723361e-02 2.020346693299385904e-02 1.632454118963451786e-02 1.634680096574688685e-02 1.435358385366644098e-02 1.306924454311480729e-02 1.384532621969780490e-02 1.200948387527424333e-02 1.176779172572408466e-02 1.134648268753945394e-02 1.150493248057605361e-02 1.031440063164268221e-02 9.888263035352107960e-03 9.783936916381684099e-03 9.498768006334508754e-03 9.736248176770443200e-03 9.342497908269617457e-03 9.417257980222162178e-03
2.240676437717162566e-189 4.410534239189215781e-174 3.857608284133173254e-153 6.651116217579408004e-130 1.559342538021583315e-120 3.403816673049174625e-108 8.299529678720737795e-91 1.274260848332058316e-79 3.186139488527725914e-67 7.161388966455383602e-60 3.463410708267310228e-49 5.431448296920324396e-41 8.276720168084628114e-34 3.364291110548122289e-27 3.573386897614942201e-21 4.095413470410726926e-15 1.044761958135757289e-11 2.624647338652865274e-06 1.696509655660130480e-03 2.959029816869386542e-02 5.198587122352662376e-02 6.196015133055235435e-02 6.154764541038989373e-02 6.783319430347778400e-02 7.356967252634291632e-02 9.443350544603276719e-02 1.286286186566777678e-01 1.564210426117685071e-01 1.726195101587951197e-01 1.872397336272151880e-01 2.003121684446050044e-01 2.139034538494793969e-01 2.200222650328948204e-01 2.441634276679067461e-01 2.598006970113395653e-01 2.823162906902314528e-01 3.064086688466352015e-01 3.281335434492853587e-01 3.574379923854180685e-01 3.816521970511864703e-01 4.111218696583209264e-01 4.237753694884293099e-01 4.395164346013156198e-01 4.379486924992809227e-01 4.207030424752017383e-01 4.015137377080905123e-01 3.742881129776893245e-01 3.449644844440182823e-01 3.064971011144225765e-01 2.851571368071570967e-01 2.637960530143743654e-01 2.457630469825770325e-01 1.973080824198469585e-01 1.736419715205964054e-01 1.559651689472855429e-01 1.396813811716694220e-01 1.152247666062891224e-01 9.715966885624154059e-02 8.253115270263626513e-02 6.744219322404368389e-02 5.534497372804105669e-02 4.951778196617769023e-02 4.584521734958946909e-02 4.151525565639749282e-02 4.124063267913528202e-02 3.931943359243274955e-02 3.600212255162180824e-02 3.435451050514294613e-02 2.866400622458149458e-02 2.926394781467660244e-02
7.031080047688581851e-187 6.174866526982664418e-165 1.163262247442845669e-149 2.373337328220868988e-129 1.092950437104152160e-116 2.080794100950833574e-98 4.419684283191936666e-86 4.193005260459105647e-74 7.583907776115335350e-64 4.426912757043417180e-53 2.785302032647446602e-46 1.203908713430588142e-36 6.788351464293247992e-29 3.023787869860884667e-22 3.152088040347004398e-15 8.075099234205699005e-11 7.516404091912524962e-06 1.352403450861544565e-02 1.312532227603942503e-01 1.381738337712613285e-01 1.335988549221124033e-01 1.288147066254221873e-01 1.317928684528975325e-01 1.293882987603453827e-01 1.534016819922082164e-01 1.926532183599809211e-01 2.301334519395890066e-01 2.600671287531012288e-01 2.751423566358341954e-01 2.864234169331311142e-01 2.879405829750005807e-01 2.957529763966605385e-01 3.047704804164986792e-01 3.243326735492287338e-01 3.402657197625451047e-01 3.628417510227114340e-01 3.835925979291893717e-01 4.132755222803278783e-01 4.385071474990656082e-01 4.667078239388698369e-01 4.893574876896784054e-01 5.120166919524954396e-01 5.304683876437114032e-01 5.546746085590298359e-01 5.651323937322826341e-01 5.699996098385424759e-01 5.702139788721199976e-01 5.700617068101975216e-01 5.313017515722087136e-01 5.243503243802847269e-01 5.254735801617744784e-01 5.137038941785786461e-01 5.089842594992693980e-01 4.989421757541359082e-01 4.865946747924330129e-01 4.757069302965312718e-01 4.577301275564001348e-01 4.431847462434829743e-01 4.152865725691644583e-01 4.078133170316931566e-01 3.927156570003417779e-01 3.786882538222481887e-01 3.558291917644216262e-01 3.615029636473389152e-01 3.656275770935590308e-01 3.494469472870130877e-01 3.320517960550806724e-01 3.303248627677566884e-01 3.257154686653365161e-01 3.152672671085008371e-01
9.077906339205532960e-181 1.183833268257617523e-158 6.791127654050499247e-141 2.273438523402328771e-121 1.577004305262677906e-104 1.730691831807121628e-93 6.727742259930851725e-79 1.890629210104008566e-69 1.605189642765324487e-58 2.362951041949532739e-50 5.323191844702279924e-37 3.586686226074802031e-30 2.397331896899677389e-22 6.201952109756966692e-16 1.825413235403452840e-09 2.542504168068810289e-04 2.115643136292287840e-01 2.700227843341457823e-01 2.481509906932428955e-01 2.209535355322543027e-01 2.189320179426650359e-01 2.194108285343730480e-01 2.097207983379825724e-01 2.200746152476474593e-01 2.525187464948478455e-01 2.973060124351581957e-01 3.349410784144848385e-01 3.528655989392566750e-01 3.586654546932571686e-01 3.588361718341921414e-01 3.598105153534419398e-01 3.661487486780722334e-01 3.782077512702207156e-01 3.941075429245645689e-01 4.064849473673979863e-01 4.319538126251207255e-01 4.487297072785731422e-01 4.726694801579360838e-01 4.966304753983046827e-01 5.222630601870758005e-01 5.474559159541607656e-01 5.718822513530014140e-01 5.917053143231015833e-01 6.129440365549359004e-01 6.323086781044258142e-01 6.473702168204664709e-01 6.630118493564239879e-01 6.665845749238613616e-01 6.712594827852257362e-01 6.726655046665235282e-01 6.664825644613154854e-01 6.583491494622289997e-01 6.628197365011182507e-01 6.632462601473404495e-01 6.741605822047297414e-01 6.877824277237215567e-01 6.668228912962772537e-01 6.742358770807468371e-01 6.709608832155837810e-01 6.802321726440063721e-01 6.706785653810065639e-01 6.573859846444561894e-01 6.638790442579611817e-01 6.353610552624139318e-01 6.364839528037902205e-01 6.476546552356189368e-01 6.528142887102631464e-01 6.393694067586037644e-01 6.306571796275409758e-01 6.344660393531830200e-01
1.383236821052542006e-169 1.466715360214569820e-152 1.511304293384377511e-133 2.536233090147097974e-113 2.506068253291650545e-99 2.008094117575234567e-87 1.467435782346689494e-72 4.128673105398877522e-62 8.901925773756327725e-50 2.987379529977832333e-39 1.782189725552348265e-33 3.174984042375856392e-22 3.173147011970491361e-15 2.965616222895179434e-08 4.803267999253026631e-03 3.907593900458448677e-01 3.850558543325324767e-01 3.482154886650964398e-01 3.255910042665651205e-01 3.054755088200974966e-01 3.058028813464314100e-01 2.918577841923257199e-01 2.860182246378649706e-01 3.148909648247829041e-01 3.632069301133558081e-01 3.923659853476077486e-01 4.173046392720561326e-01 4.339587429563203647e-01 4.294191127620663462e-01 4.297000769879314452e-01 4.225082823025873568e-01 4.284115048026049810e-01 4.361269975751291272e-01 4.508491377730642902e-01 4.680725807747797562e-01 4.820925173320824153e-01 5.024492781691840548e-01 5.244119399716243857e-01 5.471819555868431273e-01 5.662762215177553626e-01 5.867880336833772859e-01 6.086806000997790900e-01 6.285648317946970209e-01 6.488194617105266238e-01 6.663348909438456813e-01 6.875847081292014717e-01 7.034795336663971499e-01 7.189206051935536079e-01 7.317629692382139339e-01 7.363876981244251718e-01 7.394509713000321227e-01 7.416656224979254475e-01 7.453129368399016297e-01 7.514815219114301392e-01 7.573038943144942969e-01 7.620090567848430974e-01 7.665876598533661879e-01 7.757855128166618597e-01 7.821148960056679700e-01 7.832145359379091287e-01 7.892790686225585883e-01 7.875414775465543471e-01 7.902813373147474785e-01 7.904686398629984234e-01 7.966220476949444906e-01 8.026189970097244997e-01 7.986186323147121957e-01 7.975876484399820887e-01 7.981529329250861560e-01 7.984935575482812187e-01
9.850335088837216322e-165 6.709925683992290971e-142 6.047671641993867169e-128 3.771983556270962698e-109 2.113423529914939327e-92 6.557362300983308640e-78 4.457066980214017683e-64 2.841806729155225403e-52 1.408244992281297851e-41 3.188887290023171050e-30 1.872793438115620040e-21 3.430999411247534816e-14 4.934861595872787501e-06 4.534532114263088443e-01 5.147751204424637628e-01 4.754188976666485211e-01 4.436690159944400302e-01 4.120193897486020829e-01 3.902807331436721761e-01 4.007644091233930062e-01 3.751307257201355605e-01 3.573549352769852527e-01 3.777497353916878797e-01 4.109321789896734911e-01 4.483847697829589363e-01 4.798058989169595168e-01 4.881617206971026746e-01 4.915615244772076342e-01 4.855820921070410634e-01 4.812077608453432798e-01 4.785519234609802441e-01 4.804674795507594132e-01 4.905145116907626002e-01 4.996270747430055503e-01 5.133442599973470077e-01 5.272222220973736828e-01 5.454937534784751740e-01 5.629398166025870731e-01 5.833128329741613660e-01 6.069595564174572466e-01 6.273960845655613960e-01 6.423500492699535380e-01 6.586893629150034624e-01 6.756335239876412047e-01 6.870250145025535993e-01 7.056355370437404906e-01 7.230931460915053233e-01 7.437506655715927506e-01 7.529880933459386361e-01 7.643961285879690148e-01 7.728976890820040690e-01 7.819115842713378894e-01 7.877383970059963492e-01 7.914079417098373037e-01 7.974318818871954928e-01 8.000622656130433885e-01 8.061258456830939778e-01 8.113189494205802488e-01 8.152090542127384820e-01 8.209502847054940267e-01 8.271426283181599892e-01 8.324978329523422538e-01 8.386288155790693200e-01 8.442867954483280757e-01 8.482480875999454106e-01 8.530272872537136841e-01 8.509375515392577638e-01 8.603838939776699002e-01 8.602922920487559022e-01 8.655629037961837247e-01
1.081084161913706117e-156 3.309807967166258887e-136 7.362462236495856170e-114 4.927734926314536002e-100 3.733018192964709354e-84 8.758260846088726739e-66 7.182703528149226291e-54 9.512633481938410087e-44 1.325740153423917099e-31 1.320947877121091287e-21 1.019977788279905299e-12 1.552582323054448965e-04 6.313082948961414864e-01 6.071835223980841523e-01 5.602292945922939804e-01 5.216417170149716398e-01 4.925490233501821913e-01 4.701924526272591165e-01 4.754718344063129654e-01 4.597118179301319385e-01 4.251437384125861807e-01 4.329049231637177031e-01 4.602549011355249187e-01 4.989353071143234342e-01 5.334174281457506606e-01 5.425240036256243625e-01 5.515609503083678256e-01 5.431898377037993608e-01 5.305650620489444913e-01 5.241845283560421231e-01 5.272921489598898503e-01 5.286778169993479048e-01 5.313855069158045508e-01 5.437130769343193615e-01 5.568987852660309823e-01 5.729305830125246413e-01 5.819027350329845083e-01 5.977617471641116786e-01 6.153792457635322011e-01 6.344742291621798813e-01 6.536121631665818832e-01 6.655246151881485384e-01 6.834075176574810895e-01 6.959390233392037661e-01 7.081283426017638272e-01 7.200843185307453931e-01 7.344976643898836199e-01 7.509605304704578543e-01 7.648339763553611004e-01 7.786869888238471260e-01 7.872681446182701048e-01 7.959384251653974784e-01 8.039001632734549263e-01 8.105444474027369006e-01 8.159414068197954339e-01 8.207886871015177555e-01 8.244062107142602347e-01 8.288224813015200310e-01 8.328081028507378081e-01 8.366209102094599448e-01 8.430784349525960453e-01 8.449254426027911213e-01 8.492475125763959687e-01 8.547482885079626946e-01 8.605352545451978585e-01 8.647953808128606701e-01 8.689771202701811470e-01 8.713967110089232415e-01 8.760890530645147889e-01 8.792536882355848071e-01
1.171418793275281155e-139 2.349506993417322229e-124 2.103359141524131683e-106 6.095010747914669923e-87 4.708381650774843188e-74 5.808875524652984238e-58 4.447510096002853819e-45 1.447092237388136265e-32 1.443214982166831095e-20 1.827435411794671813e-09 5.782731004998922231e-01 7.260067840808958062e-01 6.875102421843568568e-01 6.385395004512961492e-01 5.994873037341726940e-01 5.709830311083710086e-01 5.437211598289972692e-01 5.425243392441557733e-01 5.302795741445422983e-01 5.022252423747313177e-01 4.915480283290358243e-01 5.091365456474452600e-01 5.422476657121327870e-01 5.677804150310049591e-01 5.878397057755908595e-01 5.984019436426579741e-01 5.934692604412711292e-01 5.845766632508223593e-01 5.748068480108485812e-01 5.630974515929835222e-01 5.651493681703926297e-01 5.655946443579425997e-01 5.707294988551628867e-01 5.865498411785279309e-01 5.910013579068714717e-01 6.020370293942083340e-01 6.149625697372030908e-01 6.303224875055857268e-01 6.414532284484542046e-01 6.577002136939474886e-01 6.733169044210873810e-01 6.933848480819531090e-01 7.088224372910237880e-01 7.189365738810861162e-01 7.284299585944725708e-01 7.389865598817469960e-01 7.473641873522606227e-01 7.574438899154449789e-01 7.711639742284001064e-01 7.813343228833965481e-01 7.947058270558478021e-01 8.055955966920153033e-01 8.136311513517437977e-01 8.208897127808943983e-01 8.265274904851704907e-01 8.320658302551129371e-01 8.369793536871714679e-01 8.400346671520236841e-01 8.443087691880207801e-01 8.478359456476936007e-01 8.519611236893154249e-01 8.555446371546410189e-01 8.591460265396945184e-01 8.608457427575175736e-01 8.649588335198802325e-01 8.681227485221997275e-01 8.698351688372579771e-01 8.732380145291337437e-01 8.772878491087754416e-01 8.824574009068759661e-01
6.574662085354136420e-131 4.956017920268173837e-112 7.051631374656036435e-91 5.578301236428700252e-73 2.475200126010638630e-61 8.157423929252474981e-46 2.922288881024822610e-31 1.765535253677499609e-17 2.111107572714517014e-07 7.946960967844205470e-01 7.863757052894685406e-01 7.388806974340850209e-01 6.961644356683088786e-01 6.628225743383021618e-01 6.358238236404512023e-01 6.124110381653820045e-01 6.044020782524114344e-01 6.036179079565187067e-01 5.756013995539858152e-01 5.469293368012513312e-01 5.593753136353745159e-01 5.810756281241526988e-01 6.067950214503635697e-01 6.309637754330262860e-01 6.378830497314099679e-01 6.362483182275836535e-01 6.321686965973317696e-01 6.201318295328971386e-01 6.021796774683563225e-01 5.994225514875686223e-01 5.985299960605809932e-01 6.023667225162976369e-01 6.056166498911675911e-01 6.143618749981547555e-01 6.238996554050444399e-01 6.379047518152860530e-01 6.470875004978793310e-01 6.578145776122560351e-01 6.686968413301892511e-01 6.831567368615927283e-01 6.975318020067825531e-01 7.099713169428648607e-01 7.259044393519381577e-01 7.396916222761843462e-01 7.454104191057996376e-01 7.546667915843934260e-01 7.598323044129181580e-01 7.682509697174498831e-01 7.768812925785624213e-01 7.888654074731280552e-01 8.019791195766391434e-01 8.119532910875243426e-01 8.191744423207247827e-01 8.257069466427328086e-01 8.336304755528282096e-01 8.370939967183943509e-01 8.422068636133537289e-01 8.467847784642601461e-01 8.508623047016227181e-01 8.547316521036619763e-01 8.578589837245435001e-01 8.616785840605507563e-01 8.652568958116338971e-01 8.687362737776676003e-01 8.709843059215709449e-01 8.735691349767118474e-01 8.765889031984418489e-01 8.786510321079024077e-01 8.810921373816631430e-01 8.830819332119629328e-01
2.392591417747869321e-119 1.919387312675401586e-96 2.576781136510574649e-79 4.216123577878491808e-59 1.865790749243851893e-45 6.087614116332948088e-30 3.336244965616380261e-15 1.508068394482381868e-03 8.662579066307343201e-01 8.354568242531761335e-01 7.891872814647250545e-01 7.481599820417738078e-01 7.116196119532103292e-01 6.901444179145094227e-01 6.720091400796268655e-01 6.555026070798182225e-01 6.568418324869349512e-01 6.385852232006716811e-01 5.993142874178546409e-01 5.994751767361646833e-01 6.192459081828306511e-01 6.431941281584911962e-01 6.621920600819077851e-01 6.713785936346536865e-01 6.783589402383741751e-01 6.721034397444516362e-01 6.643852443057047807e-01 6.511068834870545885e-01 6.389385073529562087e-01 6.313351740329430362e-01 6.351160130477232491e-01 6.337530228431119683e-01 6.402733315363327016e-01 6.465642641314647276e-01 6.567000475318849340e-01 6.639122605699152579e-01 6.740218600109262326e-01 6.839302138770489981e-01 6.940542648751397703e-01 7.069625252980729080e-01 7.177997300276981463e-01 7.316771263054753227e-01 7.470634803202559349e-01 7.542578841621119246e-01 7.665927768563821632e-01 7.753033811725220659e-01 7.781537809387750748e-01 7.873827104063020332e-01 7.897425568834259835e-01 7.959578791462752489e-01 8.058261794395709110e-01 8.155543244516504364e-01 8.243765709451933432e-01 8.312144895815460899e-01 8.363199584500663475e-01 8.431722028541389635e-01 8.479288002153683168e-01 8.512442132901261171e-01 8.559776742749773959e-01 8.597990185284227760e-01 8.627300073202394115e-01 8.644747137110511126e-01 8.689448594858131258e-01 8.731736049672825795e-01 8.752372395772908265e-01 8.779618554599574187e-01 8.815934675018366473e-01 8.837123484659599182e-01 8.873999581961208305e-01 8.884691184543129783e-01
2.296932508986127374e-103 4.838391778337658790e-80 4.120510945896613050e-60 3.322573602671313037e-43 2.590335935347039169e-26 9.057492545463406760e-13 8.927606280091917590e-01 9.020465198163570841e-01 8.665442267267211562e-01 8.269791265481272191e-01 7.931515415817046444e-01 7.699383624676543469e-01 7.389570380715765330e-01 7.250577569964891111e-01 7.041412533598354617e-01 7.057623369160318516e-01 6.964636303369408088e-01 6.600435436181928406e-01 6.460968910314742741e-01 6.557263929984491480e-01 6.745408504444541098e-01 6.924584193532538068e-01 7.041548656834474285e-01 7.117991350715417997e-01 7.095247118202709924e-01 7.001149720790043052e-01 6.859407248529838519e-01 6.777383551782290017e-01 6.640480246991932178e-01 6.605428199529996824e-01 6.643843870187804423e-01 6.684885533796475210e-01 6.721193643363838621e-01 6.800383221361535613e-01 6.845998557940271567e-01 6.914692116931810961e-01 6.990593538405616147e-01 7.049023220706984727e-01 7.154224456664071141e-01 7.247966087381569888e-01 7.347924717754540369e-01 7.450015784051994272e-01 7.588610458655897784e-01 7.728775535039880129e-01 7.819937711928004465e-01 7.908017230301439549e-01 7.964742407394568291e-01 7.999708247724838239e-01 8.035372213054673418e-01 8.090495465771174732e-01 8.149844304379685322e-01 8.210455300527902400e-01 8.305521768620804934e-01 8.389307191562825894e-01 8.426073804975708903e-01 8.500716139152655337e-01 8.554659242251531071e-01 8.596968923157372044e-01 8.611156304518549076e-01 8.642252378655453926e-01 8.668985984368536846e-01 8.690260691871962706e-01 8.726317911075921474e-01 8.751974003533705693e-01 8.775630418939065480e-01 8.821877899097609887e-01 8.829536717329340423e-01 8.857652661224338919e-01 8.873863848868945858e-01 8.916265967922789581e-01
6.465841907136819622e-83 2.169592840116529632e-60 1.953507783146659502e-42 1.454683478392215695e-23 1.057541745657625987e-07 9.449290617902327272e-01 9.239105016605624332e-01 8.943490772433257963e-01 8.659057033502914891e-01 8.355633732199857500e-01 8.091545217763091991e-01 7.856661036020328170e-01 7.729184690628233545e-01 7.540458605630367961e-01 7.509005510960868879e-01 7.443048990254768071e-01 7.145242388075953022e-01 6.939083591302616094e-01 6.951588181391928911e-01 7.073259914324476760e-01 7.220670483352731317e-01 7.340695364209630647e-01 7.427127826097239538e-01 7.433727965770103863e-01 7.372962378435566899e-01 7.251768802682774240e-01 7.097200078100101006e-01 7.001516804341340050e-01 6.941938505819845728e-01 6.925226276358529276e-01 6.916641717523810406e-01 6.920022960248086719e-01 7.003702133141989083e-01 7.043278863967047387e-01 7.115477899057129907e-01 7.178399756134113963e-01 7.250572634979418618e-01 7.302475539775680202e-01 7.379590511675354625e-01 7.474208238059920628e-01 7.573497203173114034e-01 7.657155394310899421e-01 7.762633787455930356e-01 7.847764526266404195e-01 7.949608519216418978e-01 8.062051788722570667e-01 8.091980958709097393e-01 8.162119057087284801e-01 8.198664653881568842e-01 8.230712589929610745e-01 8.262057761531952371e-01 8.295956549399514657e-01 8.346290604882713460e-01 8.401543512866096464e-01 8.479228299480642272e-01 8.547025167101421905e-01 8.584762280706623727e-01 8.641720801023428100e-01 8.675328514771740718e-01 8.712774759189038098e-01 8.739802047671176854e-01 8.759082767426888960e-01 8.778180193266780229e-01 8.804774711749080440e-01 8.830529752811951960e-01 8.832863206917751508e-01 8.865901305611171290e-01 8.880677255983171481e-01 8.892662370864898858e-01 8.922635356373203042e-01
1.468582851632222345e-61 5.333191942414052282e-41 6.111989504956339911e-19 8.384778580656974123e-01 9.631181731875259056e-01 9.423491707706342924e-01 9.182043692772039467e-01 8.915779546658652022e-01 8.662310118565362815e-01 8.501287510587591800e-01 8.276022764963998357e-01 8.154467801444071906e-01 7.975019104987126628e-01 7.905265169804270853e-01 7.865301039231031854e-01 7.699642959286867594e-01 7.407354178557301605e-01 7.331017526587755295e-01 7.413806661942807796e-01 7.498255716730093390e-01 7.612368359505093940e-01 7.682697227055879097e-01 7.729553781679406876e-01 7.687310710058584684e-01 7.570596430234117769e-01 7.450568238467834004e-01 7.328866732526901906e-01 7.277664063882143264e-01 7.199738252549668927e-01 7.157405994380715564e-01 7.184446627710238120e-01 7.215505847042665843e-01 7.276093625476882654e-01 7.316466352559126696e-01 7.380260041360799939e-01 7.431080908828004983e-01 7.502314679016979238e-01 7.556727790489273788e-01 7.578485599142875673e-01 7.679756838748056369e-01 7.717186574819118183e-01 7.804273868553672777e-01 7.899723109932802467e-01 7.998160801523938046e-01 8.122539548390947939e-01 8.195637502642969530e-01 8.248029287967099110e-01 8.311898762168331567e-01 8.335540124914972981e-01 8.370127671882043874e-01 8.364893895396632306e-01 8.411138248279755869e-01 8.450816173799680087e-01 8.504319290437974965e-01 8.556676634752138355e-01 8.587239745236151522e-01 8.638558383707622967e-01 8.693332319962913113e-01 8.729910077875918661e-01 8.770836281066139994e-01 8.812430333258530757e-01 8.823710810759826106e-01 8.835064040492415227e-01 8.868823418171226658e-01 8.884372344750561812e-01 8.897289905216144712e-01 8.908238794213553247e-01 8.929129821978099013e-01 8.934022238190442167e-01 8.961506612071084010e-01
1.711776528916154898e-37 1.643016208538695910e-14 9.794797083405982763e-01 9.744974560345454062e-01 9.612480554964436541e-01 9.401558541941597014e-01 9.205608141229089103e-01 9.024081154925327475e-01 8.807505812437315118e-01 8.640370371039903796e-01 8.495020895870386557e-01 8.370951825955381675e-01 8.209247913427131227e-01 8.231135049403320858e-01 8.112747352405442758e-01 7.887559168852579239e-01 7.681260223697462530e-01 7.710197654243468035e-01 7.793966328518360243e-01 7.894850664422154995e-01 7.953893650234241663e-01 8.012088690805776459e-01 7.985530212927557381e-01 7.916843203488910241e-01 7.788025026148621688e-01 7.702941063093744489e-01 7.562833010405086709e-01 7.487131587094072449e-01 7.447449127880445552e-01 7.446617528080869963e-01 7.460468532241127937e-01 7.494750314271758640e-01 7.551567896545339220e-01 7.571151224264550672e-01 7.610775020489991549e-01 7.675867538578536875e-01 7.699497620171223966e-01 7.781384873885260900e-01 7.828470660989603758e-01 7.867580374245782826e-01 7.915237036131596016e-01 7.976656270956753447e-01 8.080828375028860089e-01 8.162791806553768570e-01 8.247773654717558411e-01 8.345707999681475364e-01 8.392978630571693577e-01 8.443720431455626896e-01 8.475743259919108485e-01 8.481859661972488418e-01 8.534410567174457452e-01 8.556038805863293017e-01 8.568546002431099984e-01 8.605456770939412525e-01 8.635046489674675918e-01 8.667095352666835950e-01 8.698325826674467853e-01 8.765282665194160661e-01 8.796090857410371333e-01 8.821393884354857828e-01 8.864225672956775881e-01 8.874024146786806400e-01 8.922370235458687571e-01 8.947150220283772715e-01 8.955895285697156316e-01 8.976116817612451726e-01 8.986127797810180562e-01 8.992381563983339321e-01 9.003044814143110752e-01 9.024631863452519109e-01
1.105358680046124903e-08 9.909156371430716259e-01 9.838558372306946964e-01 9.720977934004533250e-01 9.583551809860845205e-01 9.434582155147611671e-01 9.258228558557817234e-01 9.121111851508607593e-01 9.000414906260922887e-01 8.807167459951850130e-01 8.750654873991681182e-01 8.591076352949159611e-01 8.531437907587124947e-01 8.464603029291716263e-01 8.327973589349301209e-01 8.122379919597836340e-01 8.043243343396591083e-01 8.078456879029597415e-01 8.194059644818098009e-01 8.197038533250273762e-01 8.282336609685831963e-01 8.277288033861769367e-01 8.216650139186514323e-01 8.147448278280289280e-01 7.975293247067846147e-01 7.857228645042715343e-01 7.789145830036221518e-01 7.775115857351269089e-01 7.721158363471110064e-01 7.727090778268487226e-01 7.736948954092039976e-01 7.783376953838510026e-01 7.819192237335305107e-01 7.816844499385627865e-01 7.847077711452283832e-01 7.937045484585716348e-01 7.984889475285361637e-01 7.987499613759180273e-01 8.036654034632171317e-01 8.070687656043806779e-01 8.088544624663206450e-01 8.185716694740806654e-01 8.253748260650421997e-01 8.294736920083564113e-01 8.367438960626825128e-01 8.455948337322081176e-01 8.522633138019588550e-01 8.569102082891133509e-01 8.643793785292387399e-01 8.661515002186760404e-01 8.673310448549377272e-01 8.700728959784809202e-01 8.727642021203110279e-01 8.737680851029989704e-01 8.749837048311529530e-01 8.789003784383828677e-01 8.813325907609718124e-01 8.826051792013115405e-01 8.847219273905146952e-01 8.906788427411356235e-01 8.928525828121508523e-01 8.961899360339546927e-01 8.992248218610605637e-01 9.014818513004078104e-01 9.023809174937975630e-01 9.045898205215069376e-01 9.071892876971339170e-01 9.075583069418234894e-01 9.080485446524675375e-01 9.086973168396501599e-01
9.950977364617160648e-01 9.907301198312719048e-01 9.836083679851440609e-01 9.725661649252100860e-01 9.639195007658145631e-01 9.515157423877445009e-01 9.379310104205688114e-01 9.270182330175805729e-01 9.161849555595960037e-01 9.026939174476840133e-01 8.931491982034995836e-01 8.850786829405659084e-01 8.822216716803620296e-01 8.697963695719418409e-01 8.509477916176375611e-01 8.408250049988172936e-01 8.404654061315507407e-01 8.438546499524413047e-01 8.493247645502252086e-01 8.569127956041768801e-01 8.588861228602858722e-01 8.512351032723063371e-01 8.436514200289420007e-01 8.330318467049758757e-01 8.233148538455072885e-01 8.136688178975838293e-01 8.060378339284839377e-01 8.006911089108337265e-01 7.990921091958798073e-01 8.050363116341031633e-01 8.008426414420399819e-01 8.027790459016033164e-01 8.045981191311231129e-01 8.091511667700665988e-01 8.145486604850405987e-01 8.148531997996713017e-01 8.200154935307842896e-01 8.215152249408362861e-01 8.255838791682542643e-01 8.302532960908788340e-01 8.319547432878378057e-01 8.360249181939003460e-01 8.404752686686882690e-01 8.472484320834019478e-01 8.516973766169775306e-01 8.598444334672017408e-01 8.667268537749656110e-01 8.725532801221298485e-01 8.773162837264603109e-01 8.788735557242448593e-01 8.814948884674710383e-01 8.844135135505770684e-01 8.874463873728453134e-01 8.868198186734954636e-01 8.887096914291210403e-01 8.894569621695544992e-01 8.922932826878857693e-01 8.933617579899150174e-01 8.954547565440519330e-01 8.980608033730592688e-01 9.010960061989237158e-01 9.050536523327390448e-01 9.043519179031708211e-01 9.102255310986111514e-01 9.104195318561345562e-01 9.126921961031767561e-01 9.149562491685597765e-01 9.169538347416732460e-01 9.163483691347368287e-01 9.188581905037582764e-01
9.957725427336844293e-01 9.911743234446923623e-01 9.852430343578680860e-01 9.789418775987004384e-01 9.694785935901810703e-01 9.601536875254860215e-01 9.528504269496564927e-01 9.444084780385894051e-01 9.330076064222480037e-01 9.265508659465495622e-01 9.141385543280845516e-01 9.106932805157991195e-01 9.085266985751127011e-01 8.924167189178411341e-01 8.732779863857557112e-01 8.728956581222632183e-01 8.751726092318563577e-01 8.760867115336689048e-01 8.811274536010864633e-01 8.792283542875624081e-01 8.801992320932677805e-01 8.787418703112006568e-01 8.738823740722380107e-01 8.584287580832026254e-01 8.475724201289324133e-01 8.360281575557836353e-01 8.366183349728053553e-01 8.318302839816565930e-01 8.251761975201939991e-01 8.289118774278683155e-01 8.304624455375146930e-01 8.285935467191826165e-01 8.367729094806735102e-01 8.360073975610967656e-01 8.379421768420075578e-01 8.393937642371500640e-01 8.430022406438875127e-01 8.472810876803907876e-01 8.513011003965181844e-01 8.507101355199406800e-01 8.550189765809003140e-01 8.562918297961698011e-01 8.617998683092471524e-01 8.622145520558361920e-01 8.708879155108443237e-01 8.755655109262501234e-01 8.819325397550359380e-01 8.886802499758921225e-01 8.882909200717985509e-01 8.972246455538563925e-01 8.956459187533702959e-01 9.004599494821174943e-01 8.997769284885991370e-01 9.012236779995226321e-01 9.041635096521730697e-01 9.027040659435846548e-01 9.032294602662466199e-01 9.045430037933325229e-01 9.068642763588034006e-01 9.079887630482871286e-01 9.105892584211774388e-01 9.119032307070109589e-01 9.148698601084143123e-01 9.164321573319175185e-01 9.173214205987224590e-01 9.185851119438418477e-01 9.213323929808576729e-01 9.245524072057609288e-01 9.248280324386563001e-01 9.258040969272318677e-01
9.964740415770920734e-01 9.929526726210158305e-01 9.897413105875398909e-01 9.843297872066321119e-01 9.788168429405390558e-01 9.720276780313497067e-01 9.649545693308969607e-01 9.566769381325173072e-01 9.515437376889930299e-01 9.417156439693696868e-01 9.371504660056126923e-01 9.309130047827446353e-01 9.238364795007267816e-01 9.101463448116510202e-01 9.059283010585581497e-01 8.994053023163732785e-01 9.030093671360425178e-01 9.048870727780479184e-01 9.069151146449361267e-01 9.047543232807723212e-01 9.040095995832384546e-01 8.960162340341696341e-01 8.846854855388346373e-01 8.754716933639845600e-01 8.653542003556871087e-01 8.584069810236881759e-01 8.579975012791862810e-01 8.557294824242850373e-01 8.521717365853644921e-01 8.564507862106962577e-01 8.558830746260348565e-01 8.528238522661509835e-01 8.539503637944146908e-01 8.569454653308783421e-01 8.601685458054721956e-01 8.632787097611211991e-01 8.644540879128471689e-01 8.670903143435110261e-01 8.680996341366631341e-01 8.704109558848454054e-01 8.719761704634902966e-01 8.764827165630655337e-01 8.773468843461825761e-01 8.788219608817232631e-01 8.818408087983062860e-01 8.857600661975547629e-01 8.909263992538010157e-01 8.978643120473742689e-01 9.028312826201755348e-01 9.065630142922889156e-01 9.098021595575133125e-01 9.094583011168261288e-01 9.133454105567281323e-01 9.144090384816264683e-01 9.146836348094431468e-01 9.142830057446419412e-01 9.141336729105352665e-01 9.168539461976693561e-01 9.162139703242615507e-01 9.161178627361312721e-01 9.187406303413352404e-01 9.194320145753165363e-01 9.196626073696387849e-01 9.234054638996520570e-01 9.235521240752645467e-01 9.248636110934093102e-01 9.260264460949091392e-01 9.288206076145023582e-01 9.296271996523743919e-01 9.301913022976440182e-01
9.968760970144837641e-01 9.948720790502331157e-01 9.913234839511811947e-01 9.879901310381420387e-01 9.827845849529995848e-01 9.787180101674846089e-01 9.728801885259354965e-01 9.656346387930091479e-01 9.601703366258325101e-01 9.537569553898681551e-01 9.510586815150487983e-01 9.465896827674201708e-01 9.331123665044399607e-01 9.240795710332128099e-01 9.190295362744522745e-01 9.223964433581021138e-01 9.237525749576644962e-01 9.221441360963513745e-01 9.237375312958933105e-01 9.195120846680401305e-01 9.162293010275726068e-01 9.081369110166439551e-01 8.982761624288773117e-01 8.858847170603325605e-01 8.827625352698957872e-01 8.774437080058422600e-01 8.762918299940892775e-01 8.732566408978805761e-01 8.717167461632470138e-01 8.728616099049854027e-01 8.713185616909554509e-01 8.686352673551854808e-01 8.748719715726283042e-01 8.748842423243086142e-01 8.756933767872419061e-01 8.753389481904987335e-01 8.793538264877789334e-01 8.796185316280111799e-01 8.807149001473858485e-01 8.828683176323730564e-01 8.873751643633508435e-01 8.850686882476033190e-01 8.882070740706299317e-01 8.907450636130099797e-01 8.918931567689576401e-01 8.946352448218790610e-01 8.985979071351424263e-01 9.037828494110449196e-01 9.090803222438849085e-01 9.115218629023547070e-01 9.159702902978208439e-01 9.183958595113693724e-01 9.195982156880817548e-01 9.209211541706562310e-01 9.208584767354139888e-01 9.218955498584778807e-01 9.232286209537700072e-01 9.219990769167984990e-01 9.241976673095326777e-01 9.239101238079399092e-01 9.241668702840922789e-01 9.254417314496835578e-01 9.256505424076750810e-01 9.273647791370572824e-01 9.282459662481731266e-01 9.289078684002932684e-01 9.305199631501220869e-01 9.315401893601940042e-01 9.335301821794578236e-01 9.338384508584874899e-01
9.971131570292856017e-01 9.950552607653628812e-01 9.918416374351001208e-01 9.889801578476273836e-01 9.850196011755126824e-01 9.803613260728087919e-01 9.758239071218232086e-01 9.699392663313944896e-01 9.628170684033052762e-01 9.600154454801186343e-01 9.570479278706470749e-01 9.468742500293373388e-01 9.380096242554287755e-01 9.326187795416723825e-01 9.317751745906294181e-01 9.327473172043536653e-01 9.324263848419868106e-01 9.327838719600618500e-01 9.298556666663243542e-01 9.261669959660490115e-01 9.203237431136142011e-01 9.119132230086148816e-01 9.015558589030550074e-01 8.969713940299504085e-01 8.889048557608255630e-01 8.873614946779520007e-01 8.849835220600026364e-01 8.816703408588728585e-01 8.836720789492085171e-01 8.816722483465725402e-01 8.821969733771627409e-01 8.814242069825378723e-01 8.831262624097261371e-01 8.839838955354982764e-01 8.854366513795890459e-01 8.862039039866315138e-01 8.885861718099636875e-01 8.885058018409376368e-01 8.902592048261690483e-01 8.928434484221988710e-01 8.950101280085581701e-01 8.940729840666491457e-01 8.961327519420420051e-01 8.969341077621857394e-01 8.995850815732389094e-01 9.006204115836698998e-01 9.056937084156809759e-01 9.072894930094488330e-01 9.107495602603228324e-01 9.152471333356765326e-01 9.191739299057054557e-01 9.220576719689580480e-01 9.234094644863714008e-01 9.242513480574003903e-01 9.261023367657890137e-01 9.260799599830963347e-01 9.274037479961492192e-01 9.275418480466210980e-01 9.277940846091540239e-01 9.277152177965449775e-01 9.290570742223166478e-01 9.291638377115418734e-01 9.291539322464215100e-01 9.300705038552260495e-01 9.307587572394122599e-01 9.312717159541042955e-01 9.316964894939043784e-01 9.338026737308813274e-01 9.345166165924244650e-01 9.359134853672016474e-01
9.958304229624577175e-01 9.941094985693100794e-01 9.911653840693290807e-01 9.879400644614769744e-01 9.843875020819699007e-01 9.798021008765024353e-01 9.752728749732358926e-01 9.698980415357492113e-01 9.657254874422485091e-01 9.619291380218822907e-01 9.558863468197443813e-01 9.463625411999836423e-01 9.406431513574018410e-01 9.374801043161322678e-01 9.380864525278550525e-01 9.372453812259214923e-01 9.371803198962488368e-01 9.348349904758481710e-01 9.322636725886858100e-01 9.271373809678954414e-01 9.196950792711464651e-01 9.104665151187614214e-01 9.032298451970410813e-01 8.980466545769073550e-01 8.943641878251162858e-01 8.927957492345710566e-01 8.900677836363071194e-01 8.891394587364869206e-01 8.874994088681843474e-01 8.869648230375746234e-01 8.871947019277303115e-01 8.866956997149962882e-01 8.880339775245339462e-01 8.874847457520448346e-01 8.904817674721551279e-01 8.907097749780190643e-01 8.928352742369254358e-01 8.940625935716267625e-01 8.956317723984207335e-01 8.973683032086143818e-01 8.985764782139404883e-01 8.998212038748932828e-01 9.006484060577947259e-01 9.011748719682203257e-01 9.015093206218238731e-01 9.039271263892185715e-01 9.059205823868344831e-01 9.069409360121567509e-01 9.119186072417169164e-01 9.149641214767340047e-01 9.177768079602807161e-01 9.215413066022760669e-01 9.231568498702046321e-01 9.261540921551446592e-01 9.270864232190954013e-01 9.275473137032085313e-01 9.293769949031126520e-01 9.294546571597112061e-01 9.306221599596729011e-01 9.301889128897187220e-01 9.310369610545408126e-01 9.309206784667063417e-01 9.313100760345501827e-01 9.321583168282943088e-01 9.318272593936215431e-01 9.328300773101119159e-01 9.334454517319668021e-01 9.337338689827039406e-01 9.343775752513258093e-01 9.354977531308716898e-01
9.944378024876734390e-01 9.919618437746936523e-01 9.894581290051560618e-01 9.854646231244432730e-01 9.814692570337764099e-01 9.774597665112321199e-01 9.729253772843907688e-01 9.679315758970156169e-01 9.650058248306941922e-01 9.597996914295142679e-01 9.518993593902445038e-01 9.451433688483591444e-01 9.417842507436402499e-01 9.402544789134431591e-01 9.394680808784846571e-01 9.389741406777132315e-01 9.367532525132620247e-01 9.346558108671252363e-01 9.297436020662070977e-01 9.228635403046439034e-01 9.163093713123670048e-01 9.084984332726826484e-01 9.030191177566467831e-01 8.989842698254711939e-01 8.955202381760500874e-01 8.932321641225492437e-01 8.922976807508338215e-01 8.906983424620011913e-01 8.900146397707574542e-01 8.895826032647763393e-01 8.891111531503065324e-01 8.892325463679923159e-01 8.901074745342368866e-01 8.901446195404594253e-01 8.916342650187452090e-01 8.928783176681198697e-01 8.938518078800786748e-01 8.954510048664190425e-01 8.973783776388005728e-01 8.989418123866680377e-01 9.006770771143259857e-01 9.018054720002730562e-01 9.022702107016568052e-01 9.029829419917698718e-01 9.037515616535278795e-01 9.046820518840574810e-01 9.053586606333964282e-01 9.076781583751564186e-01 9.104263813932119698e-01 9.128974983832862655e-01 9.156683514539495361e-01 9.191215563715307013e-01 9.222152417947380165e-01 9.242110343346703338e-01 9.264613204116253220e-01 9.279642874275118025e-01 9.294511162740638488e-01 9.299406491497536065e-01 9.309833948621532018e-01 9.314260485247245480e-01 9.318994112402515517e-01 9.321432860311555935e-01 9.323840923243011947e-01 9.325450936916186429e-01 9.332161022825889996e-01 9.333338842125064039e-01 9.335266882108896880e-01 9.343299181976019163e-01 9.351059108547243870e-01 9.352823753767298687e-01
9.916671534378139752e-01 9.894875095350054162e-01 9.861539713658536987e-01 9.823086366620262799e-01 9.787901217635843754e-01 9.742580039673127690e-01 9.701086652690421586e-01 9.660626920425257058e-01 9.614868601397087433e-01 9.554332026940663969e-01 9.486148249014801914e-01 9.444067040666115354e-01 9.417025209303855338e-01 9.405129517019809038e-01 9.392119213187289928e-01 9.374871602651900782e-01 9.352535661276034640e-01 9.309760953608282597e-01 9.252846757765115226e-01 9.190964719556881102e-01 9.120222531269782662e-01 9.061251932389634556e-01 9.020545946326896658e-01 8.985757652257364558e-01 8.965396414288115956e-01 8.939077236915796698e-01 8.921909226737519960e-01 8.914246252015091132e-01 8.906839272390620899e-01 8.900429692904875401e-01 8.900711092070153763e-01 8.898542382750371793e-01 8.905430217654777270e-01 8.909806928469230503e-01 8.918799003115263080e-01 8.933491372281723297e-01 8.950443599219235491e-01 8.965344153703885821e-01 8.983025929922007213e-01 8.995619060046875504e-01 9.012499566375784532e-01 9.025772242584584326e-01 9.034423477579247574e-01 9.042453159238905691e-01 9.045350590288694370e-01 9.052124750990631075e-01 9.059755532588087412e-01 9.070468662757967815e-01 9.087681750526654945e-01 9.101582832529256928e-01 9.133454480906136874e-01 9.167815872722484549e-01 9.202162623133192110e-01 9.215158341046415513e-01 9.233927779331758678e-01 9.264866358897043686e-01 9.290022325595336250e-01 9.298301337387474552e-01 9.305773486423405405e-01 9.308651285613707138e-01 9.317406898621336531e-01 9.323057335909431531e-01 9.328670617271507259e-01 9.331920527346295735e-01 9.333278478295098379e-01 9.338144095962882529e-01 9.341644263273644055e-01 9.342006069462623907e-01 9.348551056219460698e-01 9.352013295736053555e-01
-1.000000000000000000e+00 -1.000000000000000000e+00 9.826463792342813308e-01 9.790951795169599015e-01 9.750242650502187747e-01 9.707894262958719489e-01 9.666661484430179030e-01 9.623524676787678089e-01 9.573969887206242868e-01 9.502950030196840592e-01 9.462737154663208861e-01 9.431391050747921501e-01 9.408788769791380791e-01 9.391974159440958925e-01 9.374398085347006582e-01 9.344072345781083699e-01 9.314147921168356437e-01 9.266428670886297514e-01 9.212911373133884085e-01 9.145068542158236724e-01 9.092256755133989454e-01 9.041968590761638724e-01 9.002004276475719102e-01 8.980129779073107166e-01 8.956521328148777661e-01 8.935989894394663624e-01 8.922600809717274872e-01 8.914525070758729797e-01 8.904935412035659414e-01 8.901635768683202610e-01 8.902280509512637829e-01 8.900908296993097490e-01 8.906382004823573117e-01 8.913377155235422400e-01 8.926143276767939394e-01 8.935389693099332620e-01 8.948304589013398314e-01 8.961804519104891176e-01 8.982129544517918340e-01 8.997294389529517655e-01 9.012155945623361308e-01 9.027259648647271151e-01 9.037633630498919102e-01 9.044203685092199185e-01 9.051427673193407353e-01 9.053972800779276353e-01 9.057950940074921409e-01 9.064736482702648868e-01 9.075484823025747882e-01 9.083775273289748098e-01 9.104587640367455270e-01 9.134718617311925470e-01 9.158559280942858427e-01 9.195610954913393531e-01 9.220598934880122055e-01 9.237280500732856225e-01 9.252516273362491050e-01 9.277572386026330387e-01 9.297586911632289564e-01 9.301888170990124660e-01 9.313140398758116278e-01 9.319915226698600730e-01 9.328038019482643994e-01 9.332049450669070989e-01 9.336079904675693708e-01 9.338992350894557148e-01 9.343205811761307045e-01 9.345480878051624085e-01 9.348027560055791607e-01 9.351186720931896623e-01
-1.000000000000000000e+00 -1.000000000000000000e+00 -1.000000000000000000e+00 9.745799159358303765e-01 9.698734358229891273e-01 9.662261408574409627e-01 9.617090748043671811e-01 9.565834352897845116e-01 9.523842551741663609e-01 9.473500105866472509e-01 9.442040985651689589e-01 9.410484061445878456e-01 9.389220293983514543e-01 9.363262449367949491e-01 9.338717091526392844e-01 9.306501498064526645e-01 9.265458005088703652e-01 9.208339293690879224e-01 9.154075862118588036e-01 9.100551564028485085e-01 9.057911223746252238e-01 9.020275912631047222e-01 8.994259933664175977e-01 8.968334817679491922e-01 8.949061971257076253e-01 8.930104299242669352e-01 8.920101811519295376e-01 8.908882535874492747e-01 8.904090283076093737e-01 8.898707341979048557e-01 8.898327355273544237e-01 8.899176621614081073e-01 8.900941487046215572e-01 8.909739603953513720e-01 8.919734092582608520e-01 8.928743629916043867e-01 8.942708683356271893e-01 8.961183690322261919e-01 8.976736524627807468e-01 8.990648715337520303e-01 9.011084500116908202e-01 9.026418656246814054e-01 9.037194274460744747e-01 9.045184133610020272e-01 9.051942169423483620e-01 9.054639583253952795e-01 9.057705417428940642e-01 9.060701137183252429e-01 9.066113256260607267e-01 9.077349705431966287e-01 9.089319030002581679e-01 9.109425210611221679e-01 9.129568114793067402e-01 9.156907908684530639e-01 9.178168876992465197e-01 9.212269239305593826e-01 9.230476964173797150e-01 9.248551547922225780e-01 9.269131759748925337e-01 9.285709755009710076e-01 9.300983739985253518e-01 9.308952307103197654e-01 9.320161941337286038e-01 9.328467223913945450e-01 9.331780909205484864e-01 9.337863386642707431e-01 9.342618557623929565e-01 9.346097647315642076e-01 9.348298292091388184e-01 9.351036730774920924e-01
-1.000000000000000000e+00 -1.000000000000000000e+00 -1.000000000000000000e+00 -1.000000000000000000e+00 9.654062871368743748e-01 9.614657803855702900e-01 9.564829317060494773e-01 9.530316491424805081e-01 9.483599142551342176e-01 9.444439143266076808e-01 9.413038256923589309e-01 9.382022596792715108e-01 9.357407941265160067e-01 9.327417517855348672e-01 9.295552020293924578e-01 9.261450375805242441e-01 9.214390770678339004e-01 9.162380292034350004e-01 9.122069678712042551e-01 9.080379478969412554e-01 9.033321344504930961e-01 9.005294263721389525e-01 8.981440723968290296e-01 8.961229514915863836e-01 8.937638829905012461e-01 8.922771037208447886e-01 8.912780137258879964e-01 8.903032669543273769e-01 8.895565183399547493e-01 8.893036575221593409e-01 8.891736596294946837e-01 8.894403927005987143e-01 8.893972055891469219e-01 8.902837975704106510e-01 8.909227350337159956e-01 8.920385007706924663e-01 8.934826497950305590e-01 8.953352340495157602e-01 8.971174246351228954e-01 8.984417994649159800e-01 9.004071390588566093e-01 9.022082329052907301e-01 9.032521261940159585e-01 9.043754805617301162e-01 9.050360490187391305e-01 9.055191794224689561e-01 9.058344459381706404e-01 9.059994427250083193e-01 9.062901970153205422e-01 9.067010324883733041e-01 9.072966329700224986e-01 9.087285999366986333e-01 9.098499072761069284e-01 9.125601041819660919e-01 9.148697304473444314e-01 9.165776608993827512e-01 9.189101505810808312e-01 9.230311202202741150e-01 9.244250889539198379e-01 9.258838751076022833e-01 9.276392441913355880e-01 9.292954358346490196e-01 9.308042433962443463e-01 9.319036166675346289e-01 9.323971377690466467e-01 9.334501291875416662e-01 9.339424259365062264e-01 9.344877337680097540e-01 9.348600582955027827e-01 9.350981773906222871e-01
-1.000000000000000000e+00 -1.000000000000000000e+00 -1.000000000000000000e+00 -1.000000000000000000e+00 -1.000000000000000000e+00 9.568621905018752649e-01 9.523166672753166084e-01 9.484032913394744302e-01 9.447070963279874389e-01 9.409113448504753396e-01 9.378540007095305109e-01 9.343799026320187551e-01 9.317763570397133988e-01 9.285083871617341167e-01 9.251607145303033519e-01 9.209609337216876357e-01 9.169833787007966031e-01 9.128021976568467810e-01 9.085959929969968929e-01 9.051011494587909434e-01 9.019232581745435517e-01 8.990579544555528102e-01 8.968084390458134214e-01 8.947481406139227156e-01 8.930753306362841926e-01 8.916382608503418128e-01 8.905212967102119626e-01 8.896154777878729769e-01 8.890671484784660183e-01 8.888150034191488746e-01 8.885511436417619091e-01 8.884901274405287985e-01 8.889043560966433111e-01 8.893003651393884823e-01 8.902839070416211920e-01 8.914339995831828123e-01 8.926072725135146824e-01 8.941874099265815223e-01 8.957931098206911580e-01 8.979722521200249608e-01 8.995176597569529697e-01 9.014231430571721937e-01 9.026661959888936382e-01 9.038305655886438306e-01 9.046218954304495741e-01 9.053315630227579680e-01 9.057410335617789299e-01 9.058648126805988188e-01 9.061004888293248127e-01 9.062019093072205544e-01 9.065750092984817821e-01 9.072092026362315043e-01 9.080793698517717338e-01 9.097404349604596430e-01 9.110812963843084589e-01 9.132085235598483841e-01 9.155807457130288318e-01 9.176923988002886334e-01 9.203453740441249753e-01 9.235077100615036727e-01 9.250411243325561417e-01 9.275641382616164332e-01 9.288823750702560611e-01 9.298671640309885689e-01 9.308152087965982924e-01 9.322785710734929898e-01 9.335822625554101029e-01 9.341000973754937098e-01 9.346182416772150781e-01 9.351670618586892525e-01
-1.000000000000000000e+00 -1.000000000000000000e+00 -1.000000000000000000e+00 -1.000000000000000000e+00 -1.000000000000000000e+00 -1.000000000000000000e+00 -1.000000000000000000e+00 9.439268915855667519e-01 9.405921926129314770e-01 9.369029074778940647e-01 9.336574533383157348e-01 9.306635707203794183e-01 9.266756839783831801e-01 9.240196473744779482e-01 9.208061596462147058e-01 9.172175796880343013e-01 9.131536896561373018e-01 9.092465597173631231e-01 9.062443558571774416e-01 9.031007760354036185e-01 9.000861026560715850e-01 8.978226618186572194e-01 8.955296130146886968e-01 8.936322982458215769e-01 8.925149182261686853e-01 8.909723518627438166e-01 8.896523623441053852e-01 8.890045413364606741e-01 8.884004135635207300e-01 8.880612389216796521e-01 8.877663957026943331e-01 8.877430290016964376e-01 8.881350548309785431e-01 8.883832198779982869e-01 8.891898089444705278e-01 8.903687234205182044e-01 8.916850001696370320e-01 8.931631463437429419e-01 8.949575802784390799e-01 8.963876481603163526e-01 8.986282998703651881e-01 9.002985435438475292e-01 9.017832313258038468e-01 9.032074021211062842e-01 9.040720647607211058e-01 9.049403525833007444e-01 9.053751520227711902e-01 9.056678350887664708e-01 9.057358701051941852e-01 9.059240190450131847e-01 9.060852953947570176e-01 9.062531344968832725e-01 9.068614563192064493e-01 9.078172582095764831e-01 9.092041455127483074e-01 9.101014295161852230e-01 9.111232739476372577e-01 9.141216092545465521e-01 9.162773443025586939e-01 9.180867602536092464e-01 9.203571350622339331e-01 9.237991543200279043e-01 9.253972058646925403e-01 9.275782770471816541e-01 9.288502501515968346e-01 9.303748341534614497e-01 9.322258706036625764e-01 9.334088470424457551e-01 9.339955174658728376e-01 9.347797422340171636e-01
-1.000000000000000000e+00 -1.000000000000000000e+00 -1.000000000000000000e+00 -1.000000000000000000e+00 -1.000000000000000000e+00 -1.000000000000000000e+00 -1.000000000000000000e+00 -1.000000000000000000e+00 9.357882990048228544e-01 9.328117065229277749e-01 9.294677675192444255e-01 9.266649401328171942e-01 9.229426231163506689e-01 9.203622756066937027e-01 9.168039705407911022e-01 9.135483801158641448e-01 9.101590693068060123e-01 9.073872811040631925e-01 9.039981859599188763e-01 9.013050035709713192e-01 8.986169239318120283e-01 8.964483873516470025e-01 8.942658258265113735e-01 8.926865303691535747e-01 8.911537190137898135e-01 8.900007674372772959e-01 8.891876599945208737e-01 8.880889414147169481e-01 8.876004096941537691e-01 8.872539307357557581e-01 8.870666348764453257e-01 8.868828794464684862e-01 8.873413054837432368e-01 8.877631386702425909e-01 8.885962516267558176e-01 8.894841369111782248e-01 8.906547667970016180e-01 8.917683050772354791e-01 8.937654453920705899e-01 8.955272219901182496e-01 8.972695334817708535e-01 8.990561692180787379e-01 9.008840729653234680e-01 9.023417407450241567e-01 9.034766759269245995e-01 9.044232582851748914e-01 9.048466017333550715e-01 9.052167098211290064e-01 9.054962141837045175e-01 9.054864714777487444e-01 9.057058940411083503e-01 9.056952088514190757e-01 9.059085985072098390e-01 9.060159313524086544e-01 9.069155335026837239e-01 9.077610404543878797e-01 9.088012583153743940e-01 9.104292868877352785e-01 9.129442902935406279e-01 9.147129337136149507e-01 9.183852063502594421e-01 9.188922006853130764e-01 9.221962119718202233e-01 9.247588029504599794e-01 9.259047620469506024e-01 9.277032027012943605e-01 9.293189021539909334e-01 9.313299369880396750e-01 9.331663948662128893e-01 9.338320677741385190e-01
-1.000000000000000000e+00 -1.000000000000000000e+00 -1.000000000000000000e+00 -1.000000000000000000e+00 -1.000000000000000000e+00 -1.000000000000000000e+00 -1.000000000000000000e+00 -1.000000000000000000e+00 -1.000000000000000000e+00 9.287323587758609111e-01 9.254367216947356756e-01 9.221251919413782083e-01 9.192268944306201117e-01 9.170232935874083058e-01 9.133934676042330114e-01 9.107948618176868738e-01 9.074842087504744192e-01 9.049107430096624549e-01 9.019473951481421503e-01 8.996356545183660236e-01 8.971909304495997439e-01 8.953212598901217900e-01 8.933920325065043411e-01 8.918938874346393764e-01 8.903965317716822092e-01 8.891330091547322567e-01 8.882644009289422105e-01 8.874878344476829772e-01 8.868993952098158662e-01 8.864283555320390251e-01 8.862943046315248097e-01 8.863671961631846008e-01 8.865845574212618541e-01 8.870216038116687240e-01 8.875625845657290069e-01 8.882300577663029273e-01 8.893121796973411097e-01 8.906818903710124191e-01 8.922569904358631510e-01 8.944132244331226556e-01 8.962297729449413275e-01 8.979574497683940892e-01 8.994800197075963899e-01 9.007252014818659669e-01 9.025034684542697638e-01 9.035148662908982775e-01 9.042163652722806644e-01 9.046552530433016326e-01 9.048780770314506228e-01 9.050941152764778730e-01 9.051651023313695976e-01 9.051765639330707769e-01 9.051795023214541658e-01 9.052625756964713943e-01 9.056150239232555466e-01 9.061503670564896584e-01 9.067219928330766399e-01 9.084785346505105386e-01 9.096741273465406286e-01 9.111254944643093490e-01 9.128805298610321861e-01 9.154755011980252322e-01 9.167117629229929454e-01 9.196101139289969417e-01 9.228754060015502692e-01 9.258986956561382486e-01 9.275829743958118323e-01 9.288654847604441711e-01 9.301452122809107381e-01 9.317820473991363928e-01
-1.000000000000000000e+00 -1.000000000000000000e+00 -1.000000000000000000e+00 -1.000000000000000000e+00 -1.000000000000000000e+00 -1.000000000000000000e+00 -1.000000000000000000e+00 -1.000000000000000000e+00 -1.000000000000000000e+00 -1.000000000000000000e+00 9.219092830508930358e-01 9.190248550141627559e-01 9.163563302148403089e-01 9.133845990206420629e-01 9.111038651516421005e-01 9.077839025900835690e-01 9.049896725419273036e-01 9.026452229792517601e-01 9.001430790209640209e-01 8.981257650220532129e-01 8.958983062407835929e-01 8.941077312283465250e-01 8.920640378089825795e-01 8.906589419978109268e-01 8.896089782476149788e-01 8.884346800750434481e-01 8.872697733389998120e-01 8.867265815991179911e-01 8.861601543768421463e-01 8.856898685034643171e-01 8.854639961843665530e-01 8.855375658369852854e-01 8.857875074802483706e-01 8.859782253458653445e-01 8.865974474859982246e-01 8.872007807008543967e-01 8.883176144825419840e-01 8.897274966339586699e-01 8.912411998730379592e-01 8.927445569152503424e-01 8.941956913064355028e-01 8.961522301358287868e-01 8.982729721593025740e-01 8.997781221493925674e-01 9.011432025985165462e-01 9.023076713140375515e-01 9.029933743769181786e-01 9.035415722535500294e-01 9.040328415652709726e-01 9.042719071180317369e-01 9.046038762011535672e-01 9.046178742535050388e-01 9.045387368700741337e-01 9.045820743098967887e-01 9.047172503356892825e-01 9.048584109331193615e-01 9.053051972996100094e-01 9.063253341160165677e-01 9.062832029699093850e-01 9.080892189053902941e-01 9.090418652982356074e-01 9.117103246077343792e-01 9.139709176509507316e-01 9.166621707385710360e-01 9.174395924444567196e-01 9.212691462043420820e-01 9.241079115037130753e-01 9.262512642521052442e-01 9.273270460744988952e-01 9.284974915399251127e-01
-1.000000000000000000e+00 -1.000000000000000000e+00 -1.000000000000000000e+00 -1.000000000000000000e+00 -1.000000000000000000e+00 -1.000000000000000000e+00 -1.000000000000000000e+00 -1.000000000000000000e+00 -1.000000000000000000e+00 -1.000000000000000000e+00 -1.000000000000000000e+00 9.157667419884349957e-01 9.133355609389433027e-01 9.106262049579133544e-01 9.077426957357225268e-01 9.053396223815617372e-01 9.029683384046556238e-01 9.009253207693671550e-01 8.983659652388982231e-01 8.963898163329976354e-01 8.946911217363103797e-01 8.926245709752370638e-01 8.912835493185965463e-01 8.897958310842282170e-01 8.885209365130765091e-01 8.875282334886710478e-01 8.863441518458526902e-01 8.857715385509830064e-01 8.852267380067041502e-01 8.849613507249942668e-01 8.847470561358942165e-01 8.845211063201973145e-01 8.847090039683135343e-01 8.851271324035473453e-01 8.856233493196300488e-01 8.864641697189770131e-01 8.874540346701065285e-01 8.884165393682998957e-01 8.900823054258524269e-01 8.912817541062932891e-01 8.931257602216292613e-01 8.948425938693822523e-01 8.964925078023211480e-01 8.985494987138745726e-01 8.998600765925277578e-01 9.009762287949067971e-01 9.019486821143223310e-01 9.027026865798157829e-01 9.030353397162811380e-01 9.035300314715746239e-01 9.036403321333682515e-01 9.038440883023906025e-01 9.038812628987037412e-01 9.039521257721770953e-01 9.040491037882879555e-01 9.041504758304500511e-01 9.041955148305429457e-01 9.044461469298004097e-01 9.051018250223595851e-01 9.058518881594306293e-01 9.072119161744160998e-01 9.080292858635571340e-01 9.100585428690660672e-01 9.124477900666859709e-01 9.144815860477145675e-01 9.169580293979224805e-01 9.198613358146849883e-01 9.203181071589796591e-01 9.242088578904698037e-01 9.262514492713083136e-01
-1.000000000000000000e+00 -1.000000000000000000e+00 -1.000000000000000000e+00 -1.000000000000000000e+00 -1.000000000000000000e+00 -1.000000000000000000e+00 -1.000000000000000000e+00 -1.000000000000000000e+00 -1.000000000000000000e+00 -1.000000000000000000e+00 -1.000000000000000000e+00 -1.000000000000000000e+00 -1.000000000000000000e+00 9.079660948356398364e-01 9.055265684220619171e-01 9.033088976745637932e-01 9.008807418804679612e-01 8.991483002064099006e-01 8.969031305647428010e-01 8.948353607229617701e-01 8.931913886866260643e-01 8.914162901404248940e-01 8.899944024062073078e-01 8.886350184736209190e-01 8.874450595284435472e-01 8.864267079456266130e-01 8.856456143408196757e-01 8.850459294632689877e-01 8.843570392687311044e-01 8.841972743390645872e-01 8.838812973177967436e-01 8.838346826750306251e-01 8.838441164566500641e-01 8.844655660474501913e-01 8.846662175616447632e-01 8.855431142859196969e-01 8.864072437821077788e-01 8.872950308999664193e-01 8.889586783641386658e-01 8.901607790802075204e-01 8.917320935510459901e-01 8.933049474880034868e-01 8.949225706289910542e-01 8.968472024545931509e-01 8.981972759698962916e-01 8.992603246414681006e-01 9.006301537264668200e-01 9.012236074020357757e-01 9.020405166837538458e-01 9.024277706171617286e-01 9.027777511840157088e-01 9.029238032229774946e-01 9.029058873924187267e-01 9.032134418071432469e-01 9.030358063288769221e-01 9.030502973450291737e-01 9.032439664659834833e-01 9.035149347200759351e-01 9.038001931290495783e-01 9.041937520126737127e-01 9.049612966291293858e-01 9.064124718337385200e-01 9.076713618601583988e-01 9.082610598326302798e-01 9.104330804443518943e-01 9.120210273698370340e-01 9.150306881932115388e-01 9.158275074800281690e-01 9.207493481847377481e-01 9.235606423558623268e-01
-1.000000000000000000e+00 -1.000000000000000000e+00 -1.000000000000000000e+00 -1.000000000000000000e+00 -1.000000000000000000e+00 -1.000000000000000000e+00 -1.000000000000000000e+00 -1.000000000000000000e+00 -1.000000000000000000e+00 -1.000000000000000000e+00 -1.000000000000000000e+00 -1.000000000000000000e+00 -1.000000000000000000e+00 -1.000000000000000000e+00 9.032425692189764987e-01 9.008479783593162926e-01 8.988212827760162504e-01 8.969206895896881804e-01 8.953139049458234133e-01 8.933373874347391164e-01 8.918677979145722690e-01 8.902435477545013187e-01 8.889620838292361382e-01 8.874065839641560594e-01 8.864892365527143880e-01 8.855758901914643211e-01 8.847420607681485416e-01 8.841230433678749501e-01 8.836378756884786245e-01 8.830560479777036509e-01 8.829288953826115449e-01 8.829136747013422992e-01 8.829881083268033004e-01 8.832950288776684200e-01 8.837168794645530179e-01 8.846160301898225997e-01 8.852844474242412831e-01 8.863963506095305922e-01 8.873336725873728348e-01 8.887769799653993941e-01 8.904210816552992069e-01 8.919180340192891521e-01 8.936859166089797801e-01 8.952368826177052874e-01 8.965981322486719085e-01 8.982347631012510547e-01 8.987979279545749156e-01 8.998636219106869172e-01 9.004975799765085887e-01 9.011004435086457098e-01 9.014758092189315564e-01 9.017594029143835010e-01 9.019765924152671754e-01 9.021186051662695160e-01 9.022395566909587883e-01 9.022967920273960996e-01 9.023173533679577085e-01 9.023096411682737239e-01 9.026973346019024902e-01 9.028777952489481784e-01 9.032486269144097690e-01 9.044972179418617753e-01 9.050016190335314903e-01 9.065936478170872892e-01 9.078140990622938222e-01 9.096404728972681264e-01 9.116702265591896115e-01 9.148815840670544430e-01 9.160656397026334385e-01 9.197138913093241275e-01
-1.000000000000000000e+00 -1.000000000000000000e+00 -1.000000000000000000e+00 -1.000000000000000000e+00 -1.000000000000000000e+00 -1.000000000000000000e+00 -1.000000000000000000e+00 -1.000000000000000000e+00 -1.000000000000000000e+00 -1.000000000000000000e+00 -1.000000000000000000e+00 -1.000000000000000000e+00 -1.000000000000000000e+00 -1.000000000000000000e+00 -1.000000000000000000e+00 8.987230262508546508e-01 8.969461917124356143e-01 8.952041327499808965e-01 8.934465043662569439e-01 8.917925145015263011e-01 8.904296870330681291e-01 8.889405033728804417e-01 8.875643020542374195e-01 8.865119499728068009e-01 8.856030672730307307e-01 8.845761672657355135e-01 8.836932331462920009e-01 8.832032860577075928e-01 8.827198092173302868e-01 8.823134182933752845e-01 8.820727772385124066e-01 8.820791745887659463e-01 8.822007619811117474e-01 8.824573374101312151e-01 8.829949544488971958e-01 8.834962391566459905e-01 8.843445242075520518e-01 8.851953886963244145e-01 8.865523419099764491e-01 8.877928410448409080e-01 8.894783292393024787e-01 8.903998757179852896e-01 8.922707313295410447e-01 8.939800266924941008e-01 8.953855941245992822e-01 8.963303309548127373e-01 8.973791048153771932e-01 8.986025730262647837e-01 8.995342779190260707e-01 8.998300532249413619e-01 9.004421708839017713e-01 9.004886582904265691e-01 9.009941915646157984e-01 9.009278252223441585e-01 9.009970442016493886e-01 9.013059307941256870e-01 9.012197524889097311e-01 9.013914287200941455e-01 9.014521292158831356e-01 9.019033891845331663e-01 9.020685023818182380e-01 9.021559697431255076e-01 9.026095934323248304e-01 9.037086999914963892e-01 9.049209525574108959e-01 9.061082304178433855e-01 9.081263698731191214e-01 9.119713513009932715e-01 9.128117150939624169e-01 9.159438606883499867e-01
-1.000000000000000000e+00 -1.000000000000000000e+00 -1.000000000000000000e+00 -1.000000000000000000e+00 -1.000000000000000000e+00 -1.000000000000000000e+00 -1.000000000000000000e+00 -1.000000000000000000e+00 -1.000000000000000000e+00 -1.000000000000000000e+00 -1.000000000000000000e+00 -1.000000000000000000e+00 -1.000000000000000000e+00 -1.000000000000000000e+00 -1.000000000000000000e+00 -1.000000000000000000e+00 8.950116336164218867e-01 8.932316065631598079e-01 8.918860960597458920e-01 8.904273325151897955e-01 8.889611159866005474e-01 8.875820821378694880e-01 8.864553570067711386e-01 8.853930037862559610e-01 8.843329292479498172e-01 8.835955445255809781e-01 8.827447175502789456e-01 8.823191809597255020e-01 8.818019909791453559e-01 8.815901651008141160e-01 8.813443605545886461e-01 8.812514888924387613e-01 8.813815781599894095e-01 8.817232632929564717e-01 8.822385500771476874e-01 8.827820253506603043e-01 8.834682810706930844e-01 8.845626541129416598e-01 8.853832894274448195e-01 8.864993992255661981e-01 8.881911963651066833e-01 8.894463407581839620e-01 8.910751933725116203e-01 8.926164448940479001e-01 8.937308460229487217e-01 8.950450301984573809e-01 8.961069064330011713e-01 8.972194746535119281e-01 8.977269510853093104e-01 8.983580726733219057e-01 8.990888004090414887e-01 8.994882520619433830e-01 8.997462713245613086e-01 8.998167877181721952e-01 9.000373584606283783e-01 9.002313024385845130e-01 9.002050516493943499e-01 9.004759407499679513e-01 9.003959458447570174e-01 9.005185237805418685e-01 9.008056260007101246e-01 9.014968580983367952e-01 9.019712710750128482e-01 9.028977845778155542e-01 9.035937557552055077e-01 9.039682954147445493e-01 9.053211689857962874e-01 9.079455168774090978e-01 9.096088074584113281e-01 9.113387201691398598e-01
-1.000000000000000000e+00 -1.000000000000000000e+00 -1.000000000000000000e+00 -1.000000000000000000e+00 -1.000000000000000000e+00 -1.000000000000000000e+00 -1.000000000000000000e+00 -1.000000000000000000e+00 -1.000000000000000000e+00 -1.000000000000000000e+00 -1.000000000000000000e+00 -1.000000000000000000e+00 -1.000000000000000000e+00 -1.000000000000000000e+00 -1.000000000000000000e+00 -1.000000000000000000e+00 -1.000000000000000000e+00 8.915948668860121940e-01 8.901844503235507577e-01 8.887695097634434882e-01 8.876033020560688547e-01 8.864105735873014646e-01 8.850756175158086547e-01 8.842051811865173638e-01 8.832435862687509909e-01 8.825347309321918132e-01 8.817849259119087124e-01 8.813066076248405878e-01 8.808419313759743297e-01 8.806160433307919089e-01 8.805708442931836633e-01 8.804534686133047572e-01 8.806188712867345503e-01 8.808747638838877458e-01 8.812713334282555877e-01 8.818189969958284413e-01 8.826506614947235985e-01 8.836355140512466289e-01 8.848058644609813062e-01 8.859330779099673370e-01 8.870692190440899738e-01 8.884096607641110976e-01 8.897586664548136071e-01 8.910118061961185276e-01 8.920303063195941240e-01 8.937246454696823328e-01 8.946446437029579313e-01 8.956887207353857461e-01 8.964397591635396845e-01 8.973092019631011551e-01 8.974700001225467405e-01 8.977996477665927122e-01 8.981659857473890396e-01 8.986478021626954638e-01 8.988922098632647906e-01 8.989255516087003572e-01 8.992801420510693200e-01 8.994092049907393971e-01 8.993219005592735238e-01 8.994496970286559590e-01 8.998990153229832201e-01 9.000451734385749303e-01 9.003940946170669868e-01 9.011091378469112678e-01 9.016350958884382649e-01 9.030156025300463130e-01 9.041553765703809198e-01 9.051503223429159251e-01 9.074299555358568137e-01 9.104159866773402499e-01
-1.000000000000000000e+00 -1.000000000000000000e+00 -1.000000000000000000e+00 -1.000000000000000000e+00 -1.000000000000000000e+00 -1.000000000000000000e+00 -1.000000000000000000e+00 -1.000000000000000000e+00 -1.000000000000000000e+00 -1.000000000000000000e+00 -1.000000000000000000e+00 -1.000000000000000000e+00 -1.000000000000000000e+00 -1.000000000000000000e+00 -1.000000000000000000e+00 -1.000000000000000000e+00 -1.000000000000000000e+00 -1.000000000000000000e+00 -1.000000000000000000e+00 8.872748453680534553e-01 8.861891483024276761e-01 8.850490297510412718e-01 8.839855207823681393e-01 8.830725563859587179e-01 8.821962135415895023e-01 8.814390656253514589e-01 8.809336361049420194e-01 8.804150602814624360e-01 8.800984216904806923e-01 8.798483838419051128e-01 8.797007757479932133e-01 8.797646657737951958e-01 8.799052091787428198e-01 8.802527656848925242e-01 8.804655497491615801e-01 8.811940023115756304e-01 8.820007060582680802e-01 8.827879087943368841e-01 8.836298693218634925e-01 8.848463103007748742e-01 8.860386346817458181e-01 8.874806851756277259e-01 8.886008215041033553e-01 8.898686321866365878e-01 8.912399772653161190e-01 8.923755652783353920e-01 8.934903129427337332e-01 8.945266306382605448e-01 8.950157827846821901e-01 8.956857647313903881e-01 8.964889940287207315e-01 8.968215480187456956e-01 8.971117002440087695e-01 8.973574838839671886e-01 8.977165578607544383e-01 8.979390682018100200e-01 8.981541432006285852e-01 8.983157115920434865e-01 8.984704047923330883e-01 8.985587451030373485e-01 8.988520343832652193e-01 8.990774889804211689e-01 8.990557684297906249e-01 8.998085459727641622e-01 9.007143531036857498e-01 9.010290756495838993e-01 9.028028437025479302e-01 9.038229770444564659e-01 9.070236255894079669e-01 9.078431044352019974e-01
-1.000000000000000000e+00 -1.000000000000000000e+00 -1.000000000000000000e+00 -1.000000000000000000e+00 -1.000000000000000000e+00 -1.000000000000000000e+00 -1.000000000000000000e+00 -1.000000000000000000e+00 -1.000000000000000000e+00 -1.000000000000000000e+00 -1.000000000000000000e+00 -1.000000000000000000e+00 -1.000000000000000000e+00 -1.000000000000000000e+00 -1.000000000000000000e+00 -1.000000000000000000e+00 -1.000000000000000000e+00 -1.000000000000000000e+00 -1.000000000000000000e+00 -1.000000000000000000e+00 8.848201601011431716e-01 8.837860157453215626e-01 8.828452434712494856e-01 8.819908539982067586e-01 8.813006078297661583e-01 8.805301852475073687e-01 8.799682718853014673e-01 8.795230850346066331e-01 8.790891011447791170e-01 8.789982481424816196e-01 8.789016995747164218e-01 8.789589882628332518e-01 8.789661203227097097e-01 8.794545745892904387e-01 8.798857296993327637e-01 8.805873260741321484e-01 8.812988908199401727e-01 8.821770200090076619e-01 8.831576012134328968e-01 8.841109269576887808e-01 8.853577893885299366e-01 8.867482162338787832e-01 8.875950997959315414e-01 8.889640813035629696e-01 8.903820064621671415e-01 8.911305611128078619e-01 8.921796095331121501e-01 8.928708581876785289e-01 8.937291705105000483e-01 8.947823853248698667e-01 8.952261051728290786e-01 8.954606841338825785e-01 8.959875184145744687e-01 8.963425830239108993e-01 8.966180386448158179e-01 8.969090119495138902e-01 8.970605324401805802e-01 8.972066587395753912e-01 8.973333568396004711e-01 8.976362863731335295e-01 8.980090736945878227e-01 8.981636987111569770e-01 8.986503315978014994e-01 8.989353600288282342e-01 8.995351668113190646e-01 9.008032776832849420e-01 9.013174034114254107e-01 9.040844207803817589e-01 9.051116530096371404e-01 9.074969162176221849e-01
-1.000000000000000000e+00 -1.000000000000000000e+00 -1.000000000000000000e+00 -1.000000000000000000e+00 -1.000000000000000000e+00 -1.000000000000000000e+00 -1.000000000000000000e+00 -1.000000000000000000e+00 -1.000000000000000000e+00 -1.000000000000000000e+00 -1.000000000000000000e+00 -1.000000000000000000e+00 -1.000000000000000000e+00 -1.000000000000000000e+00 -1.000000000000000000e+00 -1.000000000000000000e+00 -1.000000000000000000e+00 -1.000000000000000000e+00 -1.000000000000000000e+00 -1.000000000000000000e+00 -1.000000000000000000e+00 8.826489091520529628e-01 8.816862400223743901e-01 8.809349965794641690e-01 8.804442774908798341e-01 8.796507229155628993e-01 8.791221598698042428e-01 8.788305434134892069e-01 8.784970890878398553e-01 8.783254143707673878e-01 8.782816836235408653e-01 8.783224380135962184e-01 8.784958410575161025e-01 8.789025899999742819e-01 8.794473810670166980e-01 8.799445147571840486e-01 8.807864590708019970e-01 8.816371994096950937e-01 8.824362490833010941e-01 8.834596790209827688e-01 8.846685141188209700e-01 8.857816214953178058e-01 8.869678588404731334e-01 8.879654357663554487e-01 8.892152513919374668e-01 8.902883756794015557e-01 8.912243615207660064e-01 8.919499632449098270e-01 8.931469073690649907e-01 8.935360779484303739e-01 8.941631796346324323e-01 8.944081717580372182e-01 8.949202135319337392e-01 8.952551695439031620e-01 8.954061200939226195e-01 8.959874981227431423e-01 8.959944936005617144e-01 8.964126971653492149e-01 8.963232045397270253e-01 8.967840016276417137e-01 8.969849562304534896e-01 8.972824182793928127e-01 8.976816440149469889e-01 8.985667292223588065e-01 8.990989168719804026e-01 9.003838543846196529e-01 9.027604095811413432e-01 9.030585266323163385e-01 9.049566185932941265e-01 9.079869465065787404e-01
-1.000000000000000000e+00 -1.000000000000000000e+00 -1.000000000000000000e+00 -1.000000000000000000e+00 -1.000000000000000000e+00 -1.000000000000000000e+00 -1.000000000000000000e+00 -1.000000000000000000e+00 -1.000000000000000000e+00 -1.000000000000000000e+00 -1.000000000000000000e+00 -1.000000000000000000e+00 -1.000000000000000000e+00 -1.000000000000000000e+00 -1.000000000000000000e+00 -1.000000000000000000e+00 -1.000000000000000000e+00 -1.000000000000000000e+00 -1.000000000000000000e+00 -1.000000000000000000e+00 -1.000000000000000000e+00 -1.000000000000000000e+00 8.807766677156381174e-01 8.800461585820864574e-01 8.794043511017558545e-01 8.788510413453413106e-01 8.782763879244489535e-01 8.780892526219798988e-01 8.777482271100746081e-01 8.776705345302421302e-01 8.776682382338396593e-01 8.777072043362464937e-01 8.779338871063525618e-01 8.784721366733455605e-01 8.789707624815386033e-01 8.795033771412631429e-01 8.801949508156095003e-01 8.810111882301563391e-01 8.820125522202098001e-01 8.830257956171827516e-01 8.842427136944543964e-01 8.852101182538372193e-01 8.864045479106885672e-01 8.876148418844710397e-01 8.885510613448995842e-01 8.894732172498645006e-01 8.902675416226366600e-01 8.910888968127301801e-01 8.920221548148840052e-01 8.926439637286958106e-01 8.931580748902824274e-01 8.935640307809507021e-01 8.939902599718818621e-01 8.943391075897871856e-01 8.947558796296578576e-01 8.948769423591401706e-01 8.953416112437566632e-01 8.956131560458240326e-01 8.957253706609491495e-01 8.961977951839384948e-01 8.966786818704194362e-01 8.968510327082828137e-01 8.977603280389433449e-01 8.981203353933419065e-01 8.993106955343187492e-01 9.004247090797905528e-01 9.016884496961007356e-01 9.040121507756692099e-01 9.062255596568142835e-01 9.080846481773279244e-01
-1.000000000000000000e+00 -1.000000000000000000e+00 -1.000000000000000000e+00 -1.000000000000000000e+00 -1.000000000000000000e+00 -1.000000000000000000e+00 -1.000000000000000000e+00 -1.000000000000000000e+00 -1.000000000000000000e+00 -1.000000000000000000e+00 -1.000000000000000000e+00 -1.000000000000000000e+00 -1.000000000000000000e+00 -1.000000000000000000e+00 -1.000000000000000000e+00 -1.000000000000000000e+00 -1.000000000000000000e+00 -1.000000000000000000e+00 -1.000000000000000000e+00 -1.000000000000000000e+00 -1.000000000000000000e+00 -1.000000000000000000e+00 -1.000000000000000000e+00 8.792421103110807934e-01 8.786008629211772281e-01 8.780056239016218456e-01 8.777542156120736738e-01 8.774118200616398688e-01 8.772533952717490591e-01 8.770899182368993019e-01 8.770805715557872251e-01 8.773753484139387160e-01 8.775604056389465502e-01 8.781387363380906974e-01 8.783336748010561745e-01 8.791647498082794110e-01 8.801060917423547680e-01 8.807719856305689099e-01 8.817127207814405843e-01 8.827494051234949790e-01 8.837648107867415170e-01 8.848300204604088171e-01 8.859052022827303974e-01 8.871429658614248259e-01 8.879810887803021302e-01 8.888350256722856724e-01 8.897958804720008663e-01 8.904158863495694742e-01 8.915044823579020283e-01 8.919428534613750292e-01 8.924523353780837720e-01 8.928743210896795679e-01 8.932517166015848664e-01 8.936594304518983289e-01 8.940461044792926693e-01 8.944578647662871917e-01 8.948479220436257320e-01 8.951659691882567493e-01 8.955503932154359470e-01 8.957584309649405663e-01 8.962389779172114102e-01 8.968376439498607633e-01 8.973675163050509607e-01 8.985088098515552346e-01 8.995580391039187385e-01 9.020841309579449296e-01 9.030760033613642879e-01 9.059900544905975517e-01 9.090871148521257883e-01 9.116362038386909283e-01
-1.000000000000000000e+00 -1.000000000000000000e+00 -1.000000000000000000e+00 -1.000000000000000000e+00 -1.000000000000000000e+00 -1.000000000000000000e+00 -1.000000000000000000e+00 -1.000000000000000000e+00 -1.000000000000000000e+00 -1.000000000000000000e+00 -1.000000000000000000e+00 -1.000000000000000000e+00 -1.000000000000000000e+00 -1.000000000000000000e+00 -1.000000000000000000e+00 -1.000000000000000000e+00 -1.000000000000000000e+00 -1.000000000000000000e+00 -1.000000000000000000e+00 -1.000000000000000000e+00 -1.000000000000000000e+00 -1.000000000000000000e+00 -1.000000000000000000e+00 -1.000000000000000000e+00 -1.000000000000000000e+00 8.775125153903093889e-01 8.771448251491438253e-01 8.768636541577772281e-01 8.766863011320308319e-01 8.766534333518465338e-01 8.767290061713953753e-01 8.769445389356824716e-01 8.772869307637849445e-01 8.777369124807107292e-01 8.782401848334043803e-01 8.789045254933244289e-01 8.797552267963685280e-01 8.805402219841108602e-01 8.815374233856642094e-01 8.825494060033145516e-01 8.837066762030945100e-01 8.847876533886975814e-01 8.857771458696254152e-01 8.869467242418868080e-01 8.879469302842039058e-01 8.886652957720014845e-01 8.895622198079312648e-01 8.903974673989016875e-01 8.909185809207038620e-01 8.917572923460305168e-01 8.919930490669689682e-01 8.926114664335688120e-01 8.928965952765631764e-01 8.934044558039334616e-01 8.938379611950529879e-01 8.942527623495607481e-01 8.945440149539375385e-01 8.949782579081859701e-01 8.954650169062372544e-01 8.955715549059690694e-01 8.965284117110884354e-01 8.972775953772175184e-01 8.990083302167379831e-01 8.994723318607082962e-01 9.020492986092464305e-01 9.038562949269018931e-01 9.062639298294445922e-01 9.099651610994271556e-01 9.155098486976784855e-01 9.186219079400981258e-01
-1.000000000000000000e+00 -1.000000000000000000e+00 -1.000000000000000000e+00 -1.000000000000000000e+00 -1.000000000000000000e+00 -1.000000000000000000e+00 -1.000000000000000000e+00 -1.000000000000000000e+00 -1.000000000000000000e+00 -1.000000000000000000e+00 -1.000000000000000000e+00 -1.000000000000000000e+00 -1.000000000000000000e+00 -1.000000000000000000e+00 -1.000000000000000000e+00 -1.000000000000000000e+00 -1.000000000000000000e+00 -1.000000000000000000e+00 -1.000000000000000000e+00 -1.000000000000000000e+00 -1.000000000000000000e+00 -1.000000000000000000e+00 -1.000000000000000000e+00 -1.000000000000000000e+00 -1.000000000000000000e+00 -1.000000000000000000e+00 8.767608674542956004e-01 8.765006833563953048e-01 8.763319721247814220e-01 8.762933456356705175e-01 8.764692665072737476e-01 8.767238261211968142e-01 8.771055710072723777e-01 8.776669989196144162e-01 8.781744638187408691e-01 8.789384566433651180e-01 8.798687978135870669e-01 8.807440937920277824e-01 8.815906535644463249e-01 8.828346897157726136e-01 8.837620347985042368e-01 8.848214459733504400e-01 8.858431813706993951e-01 8.868190946891452153e-01 8.876404566241755667e-01 8.886321122445262066e-01 8.893253483250238567e-01 8.902142140015634197e-01 8.907186990523815462e-01 8.914067234859526234e-01 8.919300746768612509e-01 8.925531381745990256e-01 8.930460019216812650e-01 8.934809765463368469e-01 8.937851502566360740e-01 8.942970224700558246e-01 8.947872532495816378e-01 8.952724308254715879e-01 8.960753245711526871e-01 8.969462107113562732e-01 8.984204268893521972e-01 9.003149000740203745e-01 9.013985615608445245e-01 9.036372703114886606e-01 9.083250401934113150e-01 9.094073383937266719e-01 9.125426309576474271e-01 9.171674112219011521e-01 9.210999899960413684e-01 9.254703266119852501e-01
