4.479476276122316353e-229 2.258817831352825491e-202 6.128170422588404442e-186 2.496961316239277702e-167 4.051193972990577244e-151 8.808925318577727706e-138 1.346220618062019201e-123 1.067819490238010492e-114 5.577802299683266372e-102 1.167813839909891166e-92 1.472746155374706589e-82 2.481028782472084917e-74 2.006252607173362193e-67 1.254567490815938774e-58 1.858099498308795533e-51 5.746550429362255045e-48 9.496843019551337937e-41 2.866659063673459325e-36 1.115488540663026760e-30 4.947169933144626800e-29 2.958479490158951755e-24 8.355632106393951800e-22 2.123789738197113800e-18 3.739223694839168292e-16 1.283418048254434674e-13 1.063309649469584205e-11 7.107925859464381832e-11 8.731045412408573320e-10 1.565135100510715377e-08 4.504044354401048767e-08 4.141220594580285760e-07 5.984832135467388611e-07 1.467327656771320555e-06 1.927042934571705766e-06 1.801632828012784594e-06 2.578982015526359276e-06 2.679966953192807615e-06 6.543089641232183473e-07 2.258324180401679049e-07 1.078037444488163963e-07 3.655228803579331725e-08 1.096592030343616597e-08 4.237156154045580203e-09 5.423494469761592756e-11 7.218688870896260417e-12 9.624185278919470234e-13 1.511415926428121477e-14 7.463136397344333562e-15 1.392944331682716356e-15 3.364552988442500586e-18 2.391995915861819836e-19 2.774428395630806793e-19 2.251564145487157576e-20 2.069274604943851651e-21 1.164397848240205415e-23 1.028762138454892302e-22 1.008138344679273828e-24 1.401945040876930767e-25 8.198208107799851553e-26 4.425751360201249468e-25 6.555639209489384801e-27 1.285181866915717361e-29 2.089955260458275825e-29 3.453774551597092180e-30 1.356978788772001026e-31 5.805694715267389236e-30 1.054456282422386626e-31 1.795717270001724887e-33 5.329921333271815540e-34 4.009058230273447981e-34
5.385247615572081564e-228 5.207494170007123350e-208 2.407540737876588227e-185 3.566065719790846459e-169 1.281558674888134645e-153 2.592548523042881552e-137 9.163763160326156407e-124 1.267304583097610232e-112 2.945304207021912898e-100 6.872258352291113237e-91 2.029124126346078282e-81 2.127008632416427602e-72 2.493918864469365121e-66 2.843240806359074292e-59 3.228535067954290851e-51 3.276961564531271089e-47 6.918397094682038912e-41 9.762160082808917419e-35 1.036502598030214330e-29 1.351037137855601691e-28 7.245474719937118764e-24 2.078665994446385149e-20 4.361431142537770156e-18 2.384382376578663188e-15 2.274525827699696503e-13 2.807108801957048195e-12 1.169816720983361636e-10 3.917528310896942476e-09 3.159504606787475594e-08 1.165087149445985392e-07 7.019104798151955270e-07 1.031100425147389154e-06 1.988694315456751861e-06 1.863164353766747330e-06 3.023987210216246405e-06 2.953555712005731285e-06 3.432300895410468051e-06 1.083131560231886048e-06 3.430555807432648037e-07 1.781191241128839037e-07 3.592801123184139730e-08 2.374294332670535787e-09 2.616552392175446261e-09 4.721059216831609227e-10 1.449510932518271809e-11 7.391225406075097925e-13 2.362913223565075526e-14 4.847397343989015905e-15 7.021115859239439621e-16 3.442023839410082387e-17 8.873000680323747793e-18 2.064167669951070352e-19 3.412837003264845370e-20 4.225128084422970569e-21 3.665983532386760584e-22 1.352694733635825344e-22 4.715274817472863271e-23 5.022623145185516824e-26 1.109706127178916375e-24 5.624119799628897042e-27 1.906733997871581027e-27 5.162594319051492800e-29 3.364472724193795477e-28 2.361576430779295164e-30 1.182343365065290262e-31 1.043148579653023195e-31 4.583609628878176342e-33 6.244460862467436619e-32 3.890719354656734340e-32 3.401970752529387485e-35
4.293603859332677550e-227 7.384045656231405379e-202 1.448141055875423154e-189 9.221021731922896062e-166 5.371343919293423482e-155 4.421806806634200833e-139 4.855150543694315442e-122 7.597292103995602089e-113 3.242530585284601230e-101 6.669242022258601176e-91 1.175139013880220519e-82 1.739295766083225153e-73 3.719080210838873658e-66 6.412365037493800052e-58 2.038298950740726518e-51 1.037442473432967798e-45 2.101774899238944706e-40 5.976580796051057407e-35 2.957210895812208115e-31 4.005605508676619472e-27 3.744542378630074664e-24 4.933308014162513808e-20 4.740461625034100497e-18 3.825701680316626991e-15 1.451325220624346136e-13 1.368049690656977129e-11 1.832198835344960704e-10 3.630824979743973471e-09 2.572839645323643545e-08 2.392387673595250313e-07 6.243673972899158785e-07 1.300461568476503476e-06 2.072649483720331534e-06 3.139480397336916364e-06 5.685510983332995498e-06 4.238129164960486702e-06 2.151707758287965853e-06 3.013122602554228097e-06 7.768704743923997321e-07 2.854174464432651235e-07 3.523597500304397897e-08 4.601381377358857418e-08 1.720423322582758184e-09 3.278550155585038360e-10 1.195329207640017872e-11 3.088192968333138825e-12 1.615574244347140773e-12 1.073207738799145001e-14 7.731785676052318849e-17 1.375421180771225779e-16 1.190806040091244727e-18 2.751164807723197218e-19 1.376599379205164105e-19 2.932876878353532484e-21 1.711723702707583159e-22 7.642520797569891235e-24 3.216447639045574370e-24 4.304270750326840354e-24 4.298622964674650151e-26 2.086782992604112315e-25 1.415728305911141287e-25 2.462183185463157303e-28 6.715329655321255811e-28 7.392112381275547526e-30 8.184409612276446171e-31 4.170917039757444500e-31 8.611976483284989882e-33 7.677250555259277748e-33 9.838736013028498539e-32 1.728731014479123955e-34
7.733472019125560128e-223 3.567603785586204288e-198 1.106441705957222793e-178 6.605266086515044314e-163 9.937694774382410331e-152 3.717288409337060279e-135 1.085042925819907894e-123 3.196238361185597938e-113 2.501601154005720081e-101 9.345448805695705805e-90 1.696380694052672561e-77 6.916968907520112407e-72 7.379735934683563717e-66 3.037989445027267862e-57 1.242669243098292505e-50 2.613953054474222827e-45 3.614981117776349696e-40 1.221675573753859735e-34 5.117900502368342642e-31 4.832867620075822392e-27 3.104775839076508917e-23 6.269991558389583950e-20 1.005797316315645180e-17 8.428840201130211152e-15 7.384825277177457690e-13 1.211829541672935221e-11 7.337910747027826712e-10 2.704277533599003754e-09 5.063541948024918633e-08 2.041086196565266736e-07 6.067253650394895782e-07 2.140301923404691546e-06 5.194644046555912064e-06 5.600068188228829527e-06 5.333833917175432989e-06 7.245926818309992067e-06 4.129193946359635848e-06 1.648857036419340817e-06 7.516783935322134710e-07 2.637499780285622047e-07 5.491604790682364506e-08 1.415321673447453113e-08 1.211902381895764970e-08 7.157278607894203076e-11 3.883863889774456722e-11 2.124034074332455671e-12 8.172563040822195842e-12 1.625902564585609340e-14 1.404355970849137118e-15 7.951370261962016406e-17 3.339890600635922236e-17 3.178402079678649751e-18 3.035330600345046052e-19 3.186517994760903261e-21 3.189477498509833134e-22 5.577468799608873219e-23 5.879885658235748650e-23 4.141888269789075791e-24 1.051355859429115481e-24 6.679377882370327180e-25 8.094324940792590812e-27 1.255056049681138652e-27 2.543597191150858620e-28 6.022691850328287641e-29 1.206983335433694145e-29 5.740641874367820589e-31 3.637167384209558089e-32 2.805098118692664760e-33 2.013618120122930117e-31 2.123222136725828792e-33
1.213580424236085302e-219 3.659045409871455704e-206 4.261873817758164871e-181 2.740466388632974134e-165 1.506658903222599061e-149 4.778051083390602746e-137 8.311736867509714951e-126 8.433637762323846417e-111 1.156790571027471464e-97 1.116843321665647374e-90 2.421075749354011848e-80 9.873923757397056225e-73 7.605510331740934813e-63 6.981545334333067390e-57 1.533633537637369570e-49 2.179623405560018177e-44 4.421147073548223839e-39 1.352560728689111080e-34 1.402219554091242945e-29 2.655485685633125713e-26 1.548279777019333882e-22 6.012643680866408879e-20 1.361431857188766118e-17 1.537929240431146035e-14 6.121029535342548532e-13 3.727152666315494904e-11 4.506709258185285526e-10 6.995837722866053731e-09 7.175140818578680650e-08 3.487122946994617691e-07 1.770132191792684762e-06 3.149636287940092973e-06 3.432572726533524375e-06 6.546025906214577419e-06 1.034605630225949619e-05 9.029669778743895230e-06 2.841817931446649345e-06 1.775797434261280034e-06 1.094782562125865856e-06 2.957870849889123297e-07 1.758987255379091606e-07 4.708118721605183350e-08 1.883379036969051198e-08 1.437744771545784661e-09 1.795302837877179076e-10 2.308707119198164757e-11 1.355945327461565174e-13 4.535519837989938412e-14 6.804372684930115676e-15 4.391444030986178965e-16 1.446544738777406919e-17 3.752409077901169562e-18 8.671623254920988678e-20 6.813898803696598846e-21 1.564122376552387553e-20 1.183641886939814505e-22 1.273773831053061930e-23 2.312700956336252625e-24 7.716377378389666976e-25 2.007343518687455483e-25 1.572169401244067940e-26 9.484148158621678877e-27 2.485073656382374420e-27 6.872610440820922869e-29 7.221016941314729931e-29 1.169268495619274578e-29 3.572225360070468648e-31 1.112800384522963778e-31 2.771518879775092140e-31 6.691325065263290574e-33
9.155489661501159032e-221 2.763381292896467394e-200 5.727430640462070926e-177 7.450293257627399309e-159 7.415054369573793402e-148 1.988059707611390022e-131 1.071125056524721072e-122 1.131211948205160093e-108 1.161403181459671959e-101 1.943821812499776502e-87 1.331606216967381595e-78 9.293643138978737733e-71 4.474061020481637658e-63 7.796386321638779631e-56 1.028289641503803864e-49 2.474315344916740839e-43 1.103730788289051861e-38 3.578770108701195918e-34 1.048767204518436866e-28 1.847133035462033481e-25 1.132789615882172794e-21 5.613445603201039897e-19 6.920300796162681640e-17 5.559338758850936561e-14 2.558208623482956689e-12 3.789737778577096003e-11 8.693191347702092527e-10 1.893416594086072143e-08 9.442672222395428023e-08 9.041988107736480059e-07 1.282341331851203834e-06 3.884215386691180289e-06 5.645232688696575924e-06 9.267179862636391080e-06 1.045542938744538673e-05 4.326616066798928937e-06 6.336200686675657588e-06 5.116640831387500474e-06 3.298727689969268517e-06 4.624803667919338249e-07 2.006902486549753787e-07 2.095609382116806073e-08 4.536355007641661482e-09 9.929695723921365197e-10 5.504237781082352979e-11 3.484394600735951890e-11 1.343588752970352284e-12 1.220064341891992135e-13 4.842917753916863826e-15 8.281834517958188254e-16 2.948693788490558198e-17 5.539377776544816598e-17 2.056811501526997704e-18 1.357095901647868834e-19 5.453124333504808672e-21 5.946318117254320636e-21 7.114685156074626813e-24 1.390631397652718382e-23 3.566146359446832609e-24 1.431682242460371469e-25 4.235838020158661566e-26 1.079480438398669952e-25 4.647912125780792048e-28 2.076493968223903665e-28 1.025390512104144174e-29 2.535362157115759857e-29 1.339588589330663285e-29 3.299993672935630615e-29 2.623961974115736708e-33 1.172129149340766482e-31
6.600996440362598937e-217 5.728781187012436625e-200 2.071118813763752236e-185 4.358721195389325243e-162 1.488955647270358444e-148 2.671521499178781791e-134 3.477282256538960075e-125 1.176827047384973725e-107 4.286306095919377449e-98 1.273474486296671647e-87 1.228621799595717003e-76 1.988110717652256057e-69 2.868740128379825301e-62 5.864258577013725631e-57 4.020548691461268598e-48 1.769391915009433599e-42 3.747420238881312769e-37 8.104706150890869022e-34 1.119483552125801668e-29 1.665156567621829755e-25 1.400422426888578628e-21 2.449680084727293805e-18 1.072526099848527522e-16 1.633941426998674655e-14 3.193916800527639405e-12 7.835821119727577383e-11 3.315038174478513493e-09 1.705492293191628724e-08 1.115528654980527191e-07 6.206876790597075966e-07 2.292419109309861626e-06 4.965149739203208518e-06 1.267461651378732372e-05 1.394373922073841577e-05 1.086806944494259593e-05 1.617473945381995773e-05 1.797711738618524904e-05 3.703612180752391126e-06 4.233592237066692948e-06 5.603486538305656167e-07 5.817429463037622270e-07 4.468085499467449704e-08 6.848772786983813631e-09 1.445186131325096169e-09 4.454475937713819007e-10 3.058046766127642611e-11 2.422932537069700794e-12 4.808784262598526476e-14 1.175047304592358854e-14 2.342773980436339948e-15 3.868465705178165848e-17 5.291917203626457305e-18 5.652078715412682428e-19 1.162914423821903337e-20 1.377835040796774526e-20 2.639029750346228346e-21 2.769406278434989597e-23 1.900403264765220121e-23 1.802953608452316551e-22 3.765189864364348649e-25 1.673248488701482638e-25 7.244143395447315934e-27 1.144196048329932365e-27 1.751700971997573376e-28 1.338134749126473327e-28 5.623211309876993105e-29 5.709766321520887803e-30 7.326100421296096072e-31 8.277042198719412712e-32 1.956517254589009489e-32
1.691156547749584619e-218 1.108166619977345232e-198 1.077699581971693489e-179 3.082121080694307123e-162 4.018946607756320734e-146 5.034627860086460758e-133 5.013989123741367130e-121 1.023610674226400502e-105 1.294083539801779989e-98 1.491228719555018579e-89 3.960093327518896166e-79 1.420631688834634725e-71 1.110242534410301420e-63 2.609926777443862380e-54 1.241290064621302128e-48 1.435452725022979740e-42 4.592245553515134759e-38 2.354171610639039841e-32 4.590146637035734808e-29 1.312890625581735330e-24 1.327484500301580952e-21 1.485731483003257083e-17 9.185454226054258784e-16 1.010861494914672928e-13 4.482269911024688636e-12 1.245590222518662586e-10 7.904840205407584722e-09 4.419079624203357293e-08 3.153301881219536852e-07 1.505304122763585945e-06 2.729608419940917475e-06 8.535988357789120565e-06 1.309573466982362446e-05 1.196771772854361784e-05 1.491886534566219890e-05 1.299692385796402647e-05 1.839935282482534673e-05 8.327672952046775745e-06 2.676841876085654734e-06 2.489037905511543502e-06 1.904922944995960900e-07 1.611150357082115446e-07 1.744062950653595751e-08 3.494819805750530742e-09 2.808526453197048544e-10 5.919870702380674571e-11 2.370100900681584266e-11 7.404027968125146983e-13 1.264059794020944880e-14 8.916982111314505755e-16 1.063233581452260651e-15 5.659861347100989999e-17 9.151941573344973180e-18 1.034892346988331682e-19 9.631994589624868801e-20 1.811788340360996590e-21 8.021180279686030389e-23 9.825540773888993052e-23 1.083297064527102004e-24 1.129341105768743648e-24 1.258975996849203515e-24 6.705317251707388271e-26 5.429442521840122957e-28 4.648632852818273065e-27 1.083201308956494240e-28 1.153002550338584886e-28 8.747338862495274364e-30 8.964278021188838857e-30 7.117308313723454155e-30 1.916222689991412387e-32
9.232774325911916921e-221 9.694710024026403783e-197 2.111531521586121363e-179 3.341400557571696309e-161 8.517880681574389514e-152 4.011354276060129702e-128 5.975538945397292857e-120 5.592018189820458077e-107 2.520756186799137762e-96 3.477695011168292994e-83 1.914831647738747699e-77 9.351289285979307563e-66 2.691688948491656191e-62 1.869045468865077461e-53 2.194153979053657513e-48 6.166368681125776249e-42 1.745486681683027871e-36 3.762354350557331306e-32 3.240838026050947051e-28 4.857011109621857474e-25 4.605872573036849941e-20 1.039596136201177900e-17 1.236719936730431989e-15 4.827574037220272705e-13 1.261698656253633534e-11 6.451339564429203814e-10 9.981000716496728049e-09 5.622756904014374735e-08 4.170364042678737057e-07 2.454345895789204833e-06 5.776962100916224604e-06 1.121568341408343890e-05 2.057721694608602081e-05 2.358158645172821346e-05 1.694117674240140745e-05 2.059658312149159796e-05 3.153539267293488060e-05 5.705233355985082379e-06 4.569564647702158575e-06 3.414490169152850803e-06 3.493050224067545292e-07 1.461016217308518653e-07 6.461011949680275922e-08 3.395206376288289122e-09 3.264913922254101846e-10 8.985780161804473623e-11 1.218942452884138169e-11 2.971355830849012778e-13 7.818601995429410869e-14 1.384634312187270680e-15 5.702508309043209494e-16 2.359084897657086967e-17 2.481791218426905261e-17 1.139439232198242394e-19 8.123236693636875275e-20 2.760560904566578834e-21 5.969872078326435467e-23 8.490800265778406659e-22 4.596132158090003296e-24 1.076966025910895756e-23 3.735121940133228509e-25 4.268237215085655711e-26 2.760649145132835201e-27 2.112646051065262717e-26 2.126509607413041247e-28 4.044857162667719710e-29 6.806900416236202533e-30 2.503394244395895017e-30 1.241939449876374593e-30 1.704039526174745749e-30
3.989471440305759679e-211 2.683851152444853141e-194 5.946749147128024771e-177 1.361881050896606034e-157 1.405164557511545129e-146 2.171142507451268572e-133 1.992918657597829542e-114 4.983641453241904248e-103 1.407839452779510744e-95 6.890557393416916829e-88 1.025374413304857619e-75 3.114022035846944925e-67 4.436722407438501244e-61 1.597695296070261064e-55 3.032093754183410120e-48 3.782159267207476567e-42 9.996632837646184213e-38 1.045783131863541464e-32 2.367875045566942435e-27 1.815262989389127254e-24 1.086815972477908647e-20 7.786882118257997394e-18 3.281706702765237159e-15 6.456415729529381757e-13 2.262392968243236596e-11 3.022306045228994964e-10 7.350004164139034743e-09 1.540985177027848284e-07 7.942659941480518876e-07 3.106717902960215371e-06 7.529297225119047570e-06 1.900027858358629835e-05 3.263673437399187185e-05 2.310261196358956117e-05 2.761001855015276883e-05 2.472027230389358280e-05 2.896793951851794506e-05 1.224444251624545203e-05 4.845826690317574131e-06 1.915866638112796462e-06 1.551070284728634738e-06 9.673711152728941177e-08 4.288196434210141528e-08 1.692291564822885326e-08 9.404712246120290673e-10 1.887500268177607280e-10 7.287345863667229875e-12 1.832859710337203975e-12 1.671309894132214810e-13 1.678955988588537314e-14 1.045144575120851936e-15 4.533262870991670440e-17 6.501345519355581343e-17 1.083235699909059903e-18 2.328335077080252828e-19 3.187758571493448645e-20 2.580703342464082400e-22 5.470872277077766914e-23 1.326671672508936676e-23 1.498780768701988342e-23 4.194914117681536503e-25 8.893531156577115570e-26 6.108091316716251080e-26 4.504669344433963368e-26 1.664468607114018174e-28 5.685279122551801434e-28 1.556745054828547059e-29 1.942839832913317910e-29 4.827354791956662127e-31 6.619418426347359723e-31
5.668933029751600937e-213 1.763204528545992253e-190 2.517555287553487381e-179 1.456896150572131903e-160 1.247022410319528334e-148 7.860448802589186129e-128 1.631747102061582404e-115 3.386986243167991468e-106 1.247028632979773584e-93 1.242820248953909957e-87 2.449195917501387832e-75 3.060046359540516549e-66 3.172699142232697343e-57 4.213109437877887181e-53 2.824083484284074919e-46 7.081792558290524989e-42 1.411926738639079743e-35 9.824137257405879014e-31 4.173049127315221996e-27 1.654323171465181832e-23 4.419872883706940296e-20 4.584917190054545763e-17 3.416829787413739624e-15 4.746450696078481751e-13 7.177430407261956035e-11 1.048578350972280503e-09 1.748296196898214936e-08 1.564612618164364573e-07 9.952439865332217625e-07 3.451383661874840640e-06 8.930567017019084276e-06 1.802091478129548983e-05 4.154523071957284423e-05 4.932739158105501351e-05 5.391747944744266336e-05 3.232765508325196382e-05 3.003334526546219482e-05 1.953152496702363449e-05 1.013266465683527539e-05 2.344026885557339562e-06 1.122106541110223266e-06 3.683721914272458697e-07 2.746372494544212675e-08 6.666898524117751233e-09 9.856936177525626121e-10 1.223253621860479678e-10 2.000975770809127682e-11 3.267622951004220540e-13 1.214054375372978498e-13 3.095244805502960935e-14 1.301792780468017262e-15 2.646735661706377514e-16 4.962911402798645197e-17 1.631669312155874654e-18 2.155117736244900530e-19 2.427103576423736123e-19 9.424313247023394915e-21 2.761680703407758768e-22 5.944186909798016512e-23 3.058654959702742872e-24 7.919550293625672029e-25 8.622678806575739672e-25 2.657702098390258932e-25 1.326491354181055504e-25 1.010628087278048696e-27 2.025232868371689674e-27 5.036701979765936290e-29 6.395851924886756892e-30 9.222010057279848575e-29 1.369489302412878938e-29
1.006369602804009692e-212 3.925552075139450616e-191 1.580873270881385635e-177 1.617451238658193389e-159 3.473394671834438440e-142 1.653211075729443252e-127 8.789186014464366667e-118 5.690793138047805804e-106 7.237456540690967614e-94 4.282095208156639472e-84 3.312174640106572996e-75 7.011416706551709493e-66 5.594429598832477235e-60 2.718012790177955403e-52 3.174283331092467735e-45 1.581407840536433516e-39 2.096259665283569667e-35 1.435361627913215099e-30 8.281317661017616960e-27 4.133175101251219915e-23 2.123340562806202926e-20 8.607372377484288793e-17 2.202543399319509996e-14 1.423303968633874094e-12 4.462243206980013518e-11 9.097822044176386223e-10 1.673957377981558485e-08 2.343877700998265720e-07 1.168849908088282563e-06 6.219614217378570295e-06 1.360191561952535457e-05 2.762547106380867484e-05 3.568865758906111975e-05 5.723402787149767289e-05 6.896461231567849312e-05 6.638574077825824241e-05 5.891591580348503579e-05 2.760394998622968225e-05 1.224264517029447657e-05 6.047911402152569911e-06 1.882288798063297485e-06 3.985747074187824890e-07 2.089652014902088634e-07 2.117962303220553996e-08 2.825802489592951069e-09 3.548261209582539854e-09 1.127040889064391237e-11 3.326598596447739484e-12 4.420757118046638884e-13 7.348634564261940263e-14 6.008094117393230655e-15 7.478606504894272218e-16 4.909997962027635176e-17 1.105640716984490604e-18 3.779037422759390094e-19 6.063484957519860851e-20 6.582467858854024132e-21 1.770524472223271778e-21 1.829538079832371484e-22 1.104682105968492234e-23 6.040816375629149848e-23 2.904809070917009324e-24 4.313128293820668315e-25 1.553621475785166760e-26 5.215194655383613564e-27 5.757484848462954278e-27 1.074407266154091755e-28 2.222459157976381437e-28 1.655494462359960240e-29 8.238950510356189441e-30
3.219725915579398288e-208 4.941152739228170689e-192 1.703680885338745583e-170 1.228481594029237333e-159 4.934920511158620433e-143 7.394912290596916233e-124 1.159867107003129364e-117 3.184238447967236642e-103 2.532533233600534325e-95 2.942568045691626038e-83 2.646253684191912456e-74 1.095346188513700433e-66 2.746459170021500869e-59 1.727796879645099345e-50 6.772712063270744890e-44 5.765788339475654766e-40 3.366021522376488813e-35 3.242455549223311314e-30 6.518101702198387406e-26 2.036779971547743213e-22 1.217665006908092718e-18 1.166754258201468478e-16 2.105082781475389683e-14 5.684268399885329924e-12 1.335244363752111387e-10 1.903018045620742582e-09 5.875026127112597585e-08 3.912024493427968267e-07 1.668803944439734323e-06 9.785835398657987316e-06 1.847882770856188877e-05 3.273226254838826728e-05 6.627286385348221459e-05 5.021531279344510255e-05 1.074268980619927160e-04 5.747764276921284719e-05 4.605252947369632422e-05 7.498974752233608730e-05 1.678927550922863570e-05 7.529416283697404738e-06 2.386271328842840656e-06 1.159941392929293309e-06 2.838290727069094942e-07 1.477017837793546062e-07 5.056422682380872453e-09 4.594298611931638120e-10 8.859147029590875189e-11 4.709439118839701710e-12 6.554776894157540023e-12 1.260655169103120485e-13 2.990188962148561570e-14 3.240690039885470907e-16 1.163225168060930988e-16 9.889036007115444924e-18 1.385804488384507824e-18 3.892442700163675638e-20 7.397691108257348151e-21 6.731824010085790798e-21 4.539886142964588483e-20 3.849855012564083442e-23 2.296051311245823280e-22 1.103877277507935590e-23 7.786754500396322587e-25 4.004162896069311491e-26 1.024692982624046669e-26 2.101243053951818091e-26 1.312912823979264322e-27 5.273275717884980333e-28 3.704297964110760846e-29 6.537378478877896316e-29
1.154105363265295520e-209 1.667277670748584361e-188 2.974013868249013703e-177 8.753602336211365158e-157 3.655345765605716095e-141 1.517490002737568501e-126 2.141281293545229409e-114 2.977890638021307316e-100 9.481444169478423716e-95 5.206997079978481331e-83 1.263545849728774105e-74 7.053671566076105166e-63 2.714562150170297343e-56 1.033448865074550265e-49 5.921317155693412931e-45 3.232026775069310822e-39 3.398036233501325797e-33 6.249780164304488459e-29 2.266802458779261799e-24 5.577231784220818337e-22 2.513064236714066612e-19 9.866261625864454203e-17 3.753374245466495612e-14 1.203326003525770035e-11 2.955965180437100447e-10 3.917204512317810646e-09 1.151929837555946247e-07 8.631898788492320265e-07 2.543550422143884671e-06 1.301916641965310312e-05 2.841388836954163651e-05 7.010292707974634591e-05 9.794752856153522745e-05 9.559250532523382146e-05 6.975341205711086594e-05 5.836104019953188731e-05 6.313771605606783557e-05 3.553403072489696708e-05 4.924395305415764975e-05 8.093888165841523711e-06 6.630577097603958973e-06 2.964574897538889408e-06 2.037166781401247071e-07 3.010725793024808986e-08 4.211129757500789875e-09 2.606681659855473649e-09 4.493586916955589745e-11 4.727152499655153266e-12 3.330162574170677211e-13 9.883160731223998270e-14 1.217133638444559501e-14 3.298475370504691171e-16 5.691807220921924184e-16 6.117286462008251029e-17 1.183922732552307473e-18 7.833670411479099724e-19 2.135339940352589660e-19 2.812635859533644166e-21 6.641567681495529934e-22 3.749214845768588786e-22 2.770310973082299890e-24 1.893357933297817596e-23 1.838057755723613120e-23 2.374286795045515684e-25 4.758299261191293820e-24 6.362372845671396498e-26 4.422043636689479910e-26 3.002436680648176769e-28 4.367052176774136382e-27 1.032156486530491394e-29
1.348455593628458716e-205 4.471188750318031143e-193 1.800558479593722218e-166 2.026011438729158500e-158 1.713867383302205920e-141 3.107404692484453707e-130 8.296693233569155235e-114 3.526147958518391375e-100 2.090639734703684204e-90 2.309625408620114611e-82 6.417450811654209800e-73 1.715186203439694667e-64 1.125586533072811038e-57 9.812726441960838020e-48 2.476367343053011532e-44 3.435163090187941137e-39 7.998469181999869841e-34 2.437477716921514952e-28 1.915646435103838779e-23 1.245265224486056893e-21 2.385200233279775048e-18 1.407174177344025420e-15 1.053405058204891785e-13 1.669188213424777845e-11 4.192624152466215859e-10 5.751551108710591521e-09 1.458045181679730651e-07 1.197933691519926110e-06 3.971012509484550415e-06 2.262803550703172665e-05 3.824156548243258296e-05 4.170304732254582195e-05 8.235551414559050254e-05 1.578117158049047945e-04 1.176793688351894778e-04 1.161895006704122962e-04 7.690354091025250753e-05 6.052770777146587765e-05 2.514926735823296063e-05 1.641923327244913398e-05 9.254119518376547560e-06 1.922147948589874655e-06 6.262032155998516319e-07 1.764558253207034316e-07 1.457453644928197426e-08 1.437239048430004372e-09 2.629743957046817892e-10 8.249559921940896462e-12 1.009479774063844933e-12 3.791917412170580757e-13 5.013012796761708226e-14 8.566911112860682197e-16 1.389396600385695126e-16 1.689442889574277894e-17 6.409348021674689001e-18 4.877931515482561505e-19 6.081741245614734409e-19 3.168532972558717390e-19 1.993169218608154836e-21 5.903165053489062686e-22 2.184107799284738015e-22 1.489598937633322566e-22 6.129118816231818739e-25 1.722687425225966645e-24 1.186966845990163326e-24 1.488587032937828815e-24 3.936743880721848540e-27 9.453274439542670650e-28 6.194044854847150407e-28 9.104450267422856727e-28
6.198752961030524050e-211 2.422005195754627130e-187 1.840370557349640358e-176 3.898658762716986874e-155 3.205918492678504292e-142 1.429120794569876269e-124 1.876137121684106220e-113 2.736021183780332983e-98 3.870392119122930460e-90 7.773371930037160612e-78 7.019704858449644925e-70 5.689570591235088235e-64 4.487721699350394344e-55 1.673778561650038870e-49 2.433923195254829293e-42 2.014166211391656199e-37 4.786553406975292433e-32 2.005669274728873007e-27 7.679740198434953170e-24 6.070570125957907733e-21 2.438316438465031038e-18 5.221634058898965207e-15 1.688494849562433301e-13 2.822906453487735184e-11 1.440914641824483255e-09 3.141664907396371101e-08 2.074799704765259124e-07 1.445661511062471874e-06 6.741470294781133555e-06 1.862681460177140734e-05 3.769484546228210885e-05 1.058893182302490934e-04 1.213737050470680421e-04 1.981536493988349300e-04 2.349771443873903192e-04 1.597883170032647117e-04 1.688468174882017006e-04 1.162230902142004509e-04 7.399243748427332813e-05 3.866216623564414334e-05 8.779825670339128633e-06 2.946677582550964740e-06 1.344990562884980132e-06 1.231737167193673114e-07 2.049137085182785532e-08 1.912233326863668885e-09 1.061210076851766970e-09 4.590749379966560626e-11 1.517702561289675215e-11 5.264212653996705446e-13 1.887818866694762287e-14 1.536445836218381537e-14 1.008604240574564835e-14 9.846566189856693628e-16 1.389065086792027024e-16 1.495817462985619898e-18 1.271610954852137294e-19 1.937905955317888754e-20 1.461644060778819683e-21 3.729379481573367309e-22 1.651800750265205536e-21 3.930574227568006890e-23 6.652413286415836223e-22 7.446559233112804564e-24 4.753099720357045763e-24 2.338983683021019442e-25 4.154989199122695944e-26 4.071865205447178711e-27 2.559651549132098992e-27 6.802754748384580906e-28
1.161678642445368974e-205 1.501106285383257389e-192 1.086731979978997461e-170 4.242976627410909602e-153 4.750762955185552287e-140 2.812511755855765746e-126 5.926174317603425967e-111 3.990833650018540713e-98 1.255683474199457960e-90 5.272524088251100704e-79 8.489690458607267355e-71 2.192158971921416339e-63 1.047085724598281396e-54 7.616855080173697827e-49 6.101323741353748104e-42 1.601397233120067809e-36 1.998333245752068205e-31 2.743685446157444636e-27 5.354141553314049169e-25 3.917581313154024148e-20 1.933879933043339330e-17 2.331253431959028319e-15 1.680364574793906957e-12 2.327777627367846514e-11 4.960866078820695595e-09 4.017093690679279156e-08 2.735230025958408939e-07 1.472893659883257887e-06 1.000613752571279460e-05 3.253586035953385305e-05 6.448909650905177966e-05 1.381465118999122040e-04 2.047572803711221706e-04 2.944385650123000782e-04 3.603847326647162744e-04 2.483764370282946516e-04 2.114201052442415496e-04 7.845852727131670957e-05 8.657981440179242209e-05 2.407057894952041976e-05 1.739273031444975924e-05 5.455223883846126845e-06 1.187821338377857362e-06 2.261029421552835305e-07 9.790001556441268646e-08 6.645920320087129745e-09 4.773296378002924459e-10 6.681269174310420027e-11 1.470215932083523613e-11 2.274096985942840223e-12 3.255289549114122152e-14 1.973909537500580150e-13 8.104082183981739269e-15 1.920742122602517740e-15 3.326653644795380095e-17 9.180732028380143680e-18 3.645429000700649337e-19 2.324982519336148406e-19 2.457365421291472555e-21 6.572564010268650475e-22 4.945061068738149827e-22 4.646344810589775050e-22 2.458633398179958688e-23 2.134538130043284213e-23 1.050729021119457391e-23 4.184270315023781310e-25 6.254476379775347940e-26 5.548008519877137887e-27 1.721596993866193619e-26 6.628884043904490546e-27
2.835170249530127082e-204 1.263685749291599274e-190 1.556290244012761192e-172 2.595085367472198779e-152 1.138541823029988755e-130 2.244374649505616703e-125 5.004899688284548699e-111 4.249541933744632190e-101 1.769872149159372233e-86 4.109038389949175233e-78 3.808939339970360560e-70 1.197487003978841682e-62 1.947905054551949134e-53 3.312116816147549609e-47 8.212858626627786773e-42 2.479163589069104370e-36 6.677468455774956974e-31 1.160931707036319046e-27 1.255992457275849805e-23 1.062894095683325503e-19 2.541120791716524925e-17 5.983685590706206126e-14 2.563225257371392825e-12 4.574505759716578235e-11 6.849280060943265907e-09 5.719270131474170227e-08 9.129316412618334283e-07 3.808908627114288171e-06 1.761390730340415918e-05 4.884388269461827152e-05 1.244767353024690511e-04 2.377303851060468670e-04 4.489988572402023662e-04 4.983004973257199087e-04 3.870593619420652221e-04 3.986713184761189765e-04 4.329768236909196260e-04 3.563365558319057415e-04 1.441642920316814271e-04 1.464530691120258916e-04 4.930167628814002606e-05 3.584250634998928825e-05 1.232970711713090827e-05 7.457208865284105666e-07 1.431270869366880258e-07 3.548788376819745239e-08 2.649406710208492404e-09 1.054915053175162339e-09 5.170345827435132895e-11 4.137824399534723616e-11 1.135125541794142431e-12 1.585960623812968555e-13 1.200451890450129384e-14 2.491960357532956147e-15 2.863640096381651821e-16 1.963824463643654871e-17 8.211975507878921936e-18 3.455149107733070083e-19 6.369026020131279812e-19 2.470182255641009080e-20 3.572823782606087755e-20 4.028634187153798213e-22 1.583679170234079994e-21 5.701993509908407991e-21 6.322950800214066354e-23 1.448018604288593290e-23 8.266895098172384668e-24 3.339464299833133666e-24 3.391250588452345559e-25 3.010576216655575799e-24
3.991937159074307717e-207 7.595609833129462699e-189 2.561426764127740479e-165 3.118467131899782779e-149 1.612025644266041074e-137 1.123061070140701060e-121 2.473541151593512836e-105 1.590782501600768380e-97 7.508031502233083102e-89 2.993454672221168093e-78 1.627699224765362520e-68 1.389180527324738554e-60 4.572733185857947312e-54 4.505535678835749172e-48 6.414313464917640111e-42 7.318132377725559714e-36 2.850342421386382871e-33 1.547034816852684526e-26 4.148511563583069523e-23 5.201868891569169560e-19 3.745965200780612362e-17 6.511210536978315094e-15 3.670260122736851843e-12 4.389882430395824547e-10 3.983634490357722289e-09 2.259506005339568787e-07 1.942666804968369482e-06 9.352565732453333548e-06 3.530388137397473010e-05 1.263276074119980849e-04 2.973136436996533173e-04 6.052155260078056565e-04 6.710018181330313280e-04 9.894543251228219653e-04 1.214391010162294395e-03 1.239842070384557455e-03 1.094155785608545099e-03 9.780988845772648974e-04 8.003109321523150122e-04 5.222086590089722010e-04 2.471355145352547330e-04 6.755398839488734736e-05 4.579263286235743362e-05 2.974719718932809001e-05 2.065654213803713360e-06 9.166364313312642673e-07 9.499731360504894597e-08 5.829381915285667999e-09 6.775060825630147664e-10 3.908922099548730095e-10 1.795750141939313372e-11 6.250732545578604335e-13 1.368394500091025371e-12 2.578505897412787295e-13 8.018414511386636077e-15 9.807336513859127631e-15 6.968852683840983409e-15 2.729275487180648665e-16 7.526524943502149529e-18 6.253838130145789631e-18 3.953369568274641344e-18 2.144445157329173403e-19 6.951088813994711311e-21 1.252262290064006492e-19 3.360611369952957689e-20 1.214528590645970958e-21 2.556994917046385148e-22 1.241962478458874544e-22 6.667365900811789618e-23 8.751124748187646670e-23
1.656960529026879038e-204 7.156801416331685160e-183 1.584232200974035287e-164 4.033069887084049676e-147 3.683697041784696593e-136 4.627426407886289112e-122 2.147970125222034071e-112 6.651498487600131692e-98 2.036739441080565399e-87 3.235510668701275529e-76 4.803683928167528700e-66 1.609586134264036225e-59 1.576769744813611401e-54 9.966567253292122569e-46 2.298391214356532258e-39 6.116190350032212547e-35 2.633483331488866612e-31 9.123089916885886719e-28 4.604475222897609873e-22 5.314125745386233602e-19 2.038364072189374442e-16 1.791157414786471237e-13 4.867985560056916410e-12 9.977144624072098119e-10 1.477266613223455227e-08 9.733113203790068466e-07 5.267219193463519090e-06 6.367756803448315931e-05 2.389181097872460720e-04 6.025470261815285599e-04 9.349743732220236903e-04 1.868221306554323363e-03 2.240703052636973912e-03 2.502296893479215301e-03 2.235992759260551146e-03 2.938835644816567647e-03 2.427261844338183573e-03 2.407734594552284058e-03 2.364441028585471775e-03 1.680415488065817352e-03 1.481331308426235300e-03 9.321567761164897175e-04 3.873594835078965782e-04 1.185066631843157385e-04 1.631245894806841875e-04 6.389398336993789953e-06 1.852789369944246227e-06 1.857881003089677492e-07 1.980468320885279058e-08 5.017480931921783892e-09 2.025729501144932573e-09 5.226254893713891115e-10 6.205285074098044291e-11 7.992724598331806648e-12 1.776488194488278289e-12 7.211731419851356876e-14 9.404639825622388284e-14 3.011494752165035030e-14 1.209137120861154768e-15 1.695928245671537665e-16 1.742587815370584648e-16 2.388280606716845238e-16 1.542171077353892138e-17 3.850621986482493404e-18 1.295804196903215489e-18 4.030575876505346502e-19 1.916187570351707045e-19 1.182540250628715315e-19 1.121372355554424987e-20 8.347802318483982469e-21
1.309544353764152484e-194 1.388294121315568815e-180 5.687117999928196459e-166 9.460637829480643662e-149 4.006398413961327436e-132 2.495979080449797550e-121 2.662982222159482312e-107 1.366307499352412808e-95 3.261342723470702579e-85 8.332087671477065069e-75 1.161405667491721467e-66 2.043558715712015522e-59 1.591711164401404153e-53 1.364272046295740459e-46 2.979332634937473336e-39 2.575361396285135985e-35 5.329655092570420198e-31 9.938102422174665673e-25 3.826182168011220591e-21 1.407391412125216009e-18 2.234505582515598741e-16 7.512514779327369267e-14 5.014640410562300377e-11 3.265250516965493207e-09 1.681298777445291637e-07 4.577220289153018405e-06 3.685361723487603819e-05 3.920243389806532118e-04 1.242030912120909705e-03 1.899026182460001157e-03 3.088717399393333448e-03 4.056174139588678354e-03 4.160602064177322534e-03 5.036563119957364332e-03 5.192193856141592845e-03 4.969503232605812330e-03 4.833914014995978337e-03 4.473936580798329107e-03 4.235226970100314237e-03 4.084618926516589074e-03 3.440855983261701268e-03 2.926456531452134927e-03 2.405434024703842835e-03 1.258419014138456669e-03 8.521357437205062538e-04 2.882847267676437670e-04 9.267091206757817931e-05 1.239786735976100001e-05 2.378255748316082782e-06 6.228780965521209086e-07 2.995029932620598638e-08 5.746679538313733457e-09 2.198077891815097134e-09 1.708323538101468088e-09 9.281964216063159244e-10 2.660882853752592229e-11 1.103968665986758603e-11 1.182930784955121956e-11 7.060035191432553476e-13 1.352071010556421558e-13 1.177390448683855695e-14 7.408309745970572570e-15 2.389283083187439309e-14 4.725441573849435560e-15 8.389985969600182829e-16 2.928206980334439808e-17 3.522513938576124113e-17 1.188038792477454614e-17 1.340023707372816760e-17 4.648698664179048855e-19
2.641504902281059449e-198 1.627821318929433183e-182 4.625276577049869212e-162 4.802233407450050625e-149 1.033817171126798657e-132 1.883250483212685543e-118 1.359901075586417480e-104 7.399717507163264033e-96 1.918833060365613028e-81 1.304279551472340691e-73 1.424238047738558583e-67 1.601779904847129442e-56 5.232070313449955149e-50 5.478377420369740604e-44 8.013636485739485710e-39 2.071305917963402751e-33 3.288538645811801144e-30 1.154789384110741655e-25 2.001860283725412425e-21 9.466596400826392561e-18 2.915310164923028243e-14 1.551252311518219009e-12 4.260850548251151168e-09 1.450461943871934009e-07 3.774431510536720708e-06 1.443405626231564144e-04 7.968928533726720061e-04 2.376077153532250592e-03 3.592234991352521480e-03 4.932909169091358181e-03 5.989545981464883956e-03 6.982088922698191299e-03 6.838898322829512627e-03 7.594576253151016226e-03 7.490388650679929809e-03 7.492683696886090483e-03 7.396727982827267130e-03 6.800087774264080599e-03 6.644208651638738167e-03 6.510242410340206544e-03 5.665005029531106594e-03 4.799057149149948270e-03 4.493551530221867422e-03 3.847138305949304466e-03 3.589682311829679555e-03 2.256921475596130027e-03 1.236448655178897264e-03 7.313971678149095964e-04 2.292575050398349757e-04 6.155443220455210970e-05 2.584426569848585547e-05 1.175909810485956702e-05 9.187938264816520961e-07 1.352706377946239492e-07 2.599634403291005941e-08 5.758753993928052409e-09 7.849604746835701350e-09 5.173306630262877871e-10 1.020898233842541840e-09 4.791169131796353536e-11 2.665010676993376511e-11 4.341479461150820244e-12 1.425973317496504039e-12 5.744541586456588584e-13 3.934564869177454272e-14 9.718716232844064138e-14 6.682825391364628992e-14 2.279701380794700147e-15 3.116917980321143835e-15 3.771812851580560357e-16
3.127031645327107441e-199 2.850909447151124482e-178 1.895033093676487685e-162 6.854809007735614625e-145 1.016694507225620985e-127 1.868912616356355991e-116 3.267024296479073831e-102 2.022121435040941592e-93 5.211466124811792670e-84 7.024371173490198181e-73 3.563141951804594995e-65 3.361480508503413116e-59 1.052065148969024554e-49 4.603932787977869655e-43 1.144776970362180875e-39 1.272522344538503341e-32 1.894071492536116677e-28 1.098106693700851835e-23 2.423405713998776853e-19 2.299461122722222109e-16 6.803805022604296146e-13 3.514840360198326772e-10 4.203354146059348171e-08 1.555133392654191909e-05 2.865467460592593918e-04 1.740608137681068628e-03 4.059761389136314590e-03 5.855095881965961466e-03 6.990712218239702840e-03 8.182163327042194650e-03 9.061941730469823958e-03 9.935599289675535115e-03 1.087834400562863631e-02 1.082069230927399164e-02 1.043910751010300973e-02 1.110697939267278438e-02 1.082567589920952617e-02 1.082364125442143547e-02 1.029080994721673012e-02 9.393706455718488918e-03 8.571673940333522992e-03 7.189506016209650831e-03 7.020288664312983491e-03 5.964372668959507483e-03 5.056111424817496570e-03 4.689216374575110903e-03 3.973286305218821923e-03 3.404877541862507285e-03 2.327376576054313983e-03 1.579849672913348664e-03 8.411506628909087586e-04 6.962928042032356284e-04 2.487921212987008056e-04 9.082373849383943906e-05 5.099453706842548543e-05 7.114083624374171819e-06 4.711409114365898046e-06 2.120915000908242178e-06 4.577342129445347403e-07 8.652230685057992127e-08 2.691573093576151880e-08 3.729041057204667553e-09 6.846311031443722934e-09 1.422132762229667430e-09 4.603034810288889622e-10 6.822781624866897115e-10 1.403227516873409267e-10 6.044688971611304350e-12 2.358142550318732708e-11 6.968756971790770409e-12
1.260244304137581280e-199 1.254888050060976331e-180 4.200448689208269675e-161 8.574111344199210440e-146 1.145168529003687198e-131 2.292171502674528747e-117 1.365612461670203114e-103 3.696312750156017556e-93 1.775003104477157966e-83 2.008158284858904679e-73 1.756100078496804480e-61 7.121567897952184472e-56 1.272838664526522202e-47 1.675887477668805656e-44 4.069091509810334100e-36 3.686652838834157842e-31 1.755418507167544265e-25 3.552954656116897007e-20 7.161204449996427767e-17 1.186338511877292459e-12 8.957699393397661908e-10 5.714133783931592802e-08 2.546007287596356133e-05 7.045308867937460527e-04 3.404934486214764282e-03 6.242953099292399693e-03 8.550953970366047957e-03 1.050614299198709620e-02 1.092927900894811143e-02 1.284601921118529687e-02 1.463334087113033269e-02 1.456860093207472395e-02 1.505413167178995017e-02 1.690051483773395702e-02 1.745221107024712628e-02 1.801662629247641548e-02 1.787666759710396930e-02 1.753693098686212939e-02 1.737445391346886109e-02 1.567605402544397508e-02 1.373502316381631887e-02 1.221385768065560984e-02 1.022668826014584871e-02 8.978082112784141477e-03 8.230798592914242984e-03 7.532404510560078079e-03 6.930781108992216735e-03 5.623383267780428935e-03 5.752453991304541311e-03 4.866240706178597344e-03 3.891199212186209708e-03 3.470382494227666325e-03 2.769844197132575059e-03 2.811682709436748740e-03 1.730650308159233835e-03 1.239958460547711284e-03 6.827294188588121926e-04 6.091485096165939360e-04 3.988559403417667355e-04 2.068497829559687469e-04 9.660189953536625759e-05 4.392049060360674387e-05 2.012648789055185237e-05 8.866818854669329203e-06 2.735493392916441436e-06 1.034926632075053130e-06 1.070393793019476874e-06 2.978233534929181606e-07 1.292335632818216596e-07 1.797243706592195583e-07
5.625137660125510801e-195 1.288078067526071383e-176 6.184412484777077254e-159 6.916992013806281685e-144 3.227591916633934139e-130 2.493655567924831349e-114 5.057428974607222416e-104 1.936774114020700041e-91 1.016129820303884384e-81 2.401064634552556953e-72 4.223235308240691333e-62 7.201864907675983490e-54 8.889545764549442684e-47 5.883215538778049536e-40 6.672307018817422054e-33 9.034138405021881462e-29 2.634143960349970262e-22 2.317094294154938695e-18 3.147722673722560095e-14 3.005333486888097771e-10 7.801642241014098705e-08 2.806503259875193116e-05 1.414709526589351006e-03 5.764972336569001120e-03 9.936332321627756523e-03 1.254945810981490835e-02 1.454555283670835690e-02 1.571596763424722848e-02 1.804648065549986635e-02 2.150394966265775643e-02 2.382876603967698514e-02 2.590984973813958980e-02 2.690287038822438206e-02 3.023744592954278124e-02 3.383824185768841836e-02 3.277905822618856074e-02 3.690391233807127636e-02 3.774603820998761322e-02 3.696734646769631039e-02 3.328720318898350378e-02 2.977452523114146321e-02 2.462709868854653233e-02 2.022143571377480950e-02 1.581309351099284555e-02 1.303300811487563722e-02 1.137796023945567697e-02 9.877013970634954815e-03 9.551319076760326349e-03 7.985768775717957610e-03 7.845624772851948064e-03 6.954843418065223548e-03 6.398549835224367002e-03 6.131897670341395976e-03 5.575773162200069362e-03 4.903707253705601003e-03 4.449506579157160371e-03 4.359003751090758348e-03 3.745781749486372814e-03 3.307360033604127801e-03 2.731960075528616205e-03 2.214094871461295706e-03 2.405042040392490164e-03 1.635972539489119471e-03 1.339935949705917855e-03 1.597881777318607482e-03 7.717936997518800310e-04 1.059177989282611681e-03 5.345061518844246556e-04 2.949015238211915831e-04 2.964199276580075618e-04
3.039006634537953634e-201 2.872843941928609283e-173 6.428490065899528194e-161 9.870046336857884907e-141 3.267102455958632967e-127 9.136471032552971142e-114 1.313734517789956267e-100 1.453774205121053790e-89 1.051484841914050700e-78 3.511504806529288514e-69 1.094161056656754690e-57 5.973120244300229958e-51 4.421801777899909139e-43 2.107515140264931053e-36 1.292580074074485401e-29 3.042175804036661907e-24 2.284271141350094814e-19 4.659071050427183960e-15 9.081763822140451622e-11 1.919646264080761006e-07 1.889140178449098362e-04 3.923455326245601886e-03 9.908835883380606030e-03 1.557493764648387909e-02 1.872329994826131550e-02 2.038996220365072581e-02 2.463030196958142237e-02 2.980350419698635928e-02 3.670567507011656544e-02 4.044534696333144247e-02 4.959042119507638818e-02 5.334045463021221817e-02 5.902086494142410461e-02 6.881804351080531013e-02 7.740805679821427532e-02 8.723848315316148905e-02 1.015447133188909362e-01 1.100566241689075048e-01 1.219140490056331988e-01 1.235494521487620484e-01 1.201069318050298346e-01 1.127117001527620926e-01 7.847140362001885083e-02 5.193641416870043576e-02 3.330309870249689719e-02 2.686579775136909570e-02 1.981565712756588882e-02 1.639157397688902756e-02 1.499441343675383780e-02 1.227337618976181814e-02 1.188148849254061501e-02 1.009271509916619645e-02 1.004695187431122252e-02 9.262957991832250493e-03 8.478854408763395606e-03 8.275994091761051941e-03 8.044161880241360030e-03 7.147372933225640788e-03 7.122151431508330979e-03 6.432227611860815049e-03 6.507675772261504836e-03 5.641828857668636406e-03 5.560139400997687713e-03 5.521343292823099706e-03 5.030523125502544407e-03 4.858683769278738726e-03 4.608506510467999528e-03 4.701318422995554719e-03 4.524281234242303294e-03 4.295614623091680365e-03
8.587636701151467292e-194 4.962817383362881182e-176 2.588016623718722314e-158 1.605818621148144152e-141 2.511941175965688475e-125 1.085842627181095966e-111 5.926114744232628690e-99 4.025051157093163144e-86 6.073712775799115560e-72 8.018806826102948733e-65 7.068415663788443804e-55 2.527148784922544229e-46 2.616977819954049304e-39 1.454166005909503217e-32 6.945638525094012110e-26 3.014673928136490221e-20 4.599864333754251145e-15 1.579026058688363911e-11 2.124127349789303755e-07 5.871908119398673576e-04 9.537124652544408387e-03 2.046907630004075190e-02 2.505207563269733206e-02 3.389727343840724660e-02 3.280423931744628346e-02 3.906798040450059489e-02 5.213548377784732457e-02 6.872206804813878189e-02 8.838306370183925120e-02 9.725951719003562979e-02 1.064383095689823977e-01 1.180485607491813804e-01 1.313047030764209755e-01 1.455925219791823488e-01 1.661693572351551351e-01 1.841390733216231312e-01 2.078019394669050890e-01 2.291240788605986567e-01 2.460190477463419789e-01 2.640387364415626159e-01 2.783852480783272632e-01 2.808166529620779173e-01 2.798083311611291313e-01 2.519525404186776507e-01 2.049918766823752014e-01 1.671274614977625306e-01 1.075674199469931480e-01 7.848576107800360468e-02 5.924656354639777633e-02 4.505787326543584520e-02 3.352664021868447669e-02 2.776199823211758164e-02 2.235532159357329213e-02 1.944398794940487701e-02 1.609209266784662057e-02 1.608260785700568046e-02 1.430757870675788274e-02 1.311523148719510520e-02 1.287626497604845224e-02 1.182338656544444123e-02 1.092938041409518245e-02 1.169145172789986219e-02 1.064995239232548359e-02 1.108577889403179403e-02 1.027036868239976884e-02 9.977854822403755750e-03 9.433813771758569472e-03 9.821774435940205938e-03 7.769544348918776440e-03 9.470695023866732704e-03
7.100344570541388420e-185 1.082099326863026840e-172 5.863620976088521038e-153 8.883990274413916024e-134 3.388189800519510224e-119 6.763809369003064144e-106 1.772669668244188699e-90 3.044505064146519686e-79 1.552751899576738966e-69 1.035334428160971424e-58 6.114002057112844361e-51 1.127936466689717060e-41 7.844210240466170405e-35 1.537318124096184143e-26 5.905663553402625963e-21 4.718020368386188669e-17 3.389649910141644249e-11 6.350339421487670494e-06 2.156843923790036088e-03 2.702978162469780316e-02 5.416822975452514899e-02 6.111324021532108658e-02 6.496314319676106674e-02 6.521042210635541458e-02 7.214716269411394767e-02 9.158926458224742051e-02 1.256600873039110944e-01 1.545024785987062221e-01 1.759792376090610622e-01 1.933379727665809900e-01 1.997923903399945189e-01 2.060921643450648877e-01 2.265114366397311396e-01 2.419337085872983739e-01 2.589064307479346239e-01 2.803923600592677090e-01 3.096644957258766206e-01 3.280729294911988725e-01 3.531470458086209407e-01 3.823974933162827550e-01 4.040977117216751902e-01 4.243020851337246935e-01 4.349143382148905057e-01 4.351762106553444531e-01 4.408284758488598132e-01 4.119198383901566674e-01 3.742476857680509528e-01 3.503582733837612984e-01 3.141306297383972823e-01 2.865028217222835294e-01 2.729090594572531892e-01 2.346760762791176014e-01 1.984371482193114933e-01 1.802091259725554506e-01 1.445207063244694501e-01 1.218696609000888692e-01 1.016194522079090223e-01 8.791898385022781093e-02 7.770979371926056700e-02 6.512732666562665029e-02 5.579310511053078847e-02 5.710039312206706408e-02 4.631241275068496976e-02 4.344186688949792929e-02 3.625959426887900849e-02 3.515516840242688401e-02 3.117440307420673434e-02 3.349646367227659960e-02 3.171229239206819345e-02 2.954508088635604893e-02
1.127229365420798410e-182 4.453047909697367268e-166 7.045808685123492324e-147 8.793584007880427726e-125 3.795443123296720418e-114 2.347515335004710764e-98 2.308125094824141857e-88 3.606459136724688891e-73 2.165290003294176203e-64 1.112545020495206880e-54 2.082905654556341271e-42 3.364491063717628903e-37 1.542326221455161887e-28 7.345244783555979963e-23 1.683102651446386125e-15 8.531040930892690832e-11 6.574068036936998825e-06 1.186622852723592629e-02 1.280407351949347516e-01 1.441509491919613639e-01 1.310772805419216924e-01 1.317122168234238777e-01 1.336502760082348140e-01 1.311506755855794404e-01 1.474776023897255983e-01 1.867433388590898635e-01 2.288849505786054450e-01 2.592903147374766570e-01 2.741547819749514114e-01 2.815500846358439113e-01 2.904550859548282737e-01 2.975448321444020827e-01 3.018968213272063550e-01 3.242786037076534900e-01 3.388573798461719799e-01 3.614417763120263971e-01 3.869696973665372464e-01 4.087679514587095331e-01 4.395286048598554540e-01 4.618017305382985382e-01 4.892037816895142277e-01 5.149748238991694871e-01 5.356639920438029945e-01 5.515787491866975811e-01 5.625735635262837375e-01 5.706958623896715155e-01 5.624199504864846322e-01 5.526094614644800895e-01 5.358758807977402894e-01 5.363708153575941218e-01 5.246935101216585462e-01 5.034699057034327518e-01 5.125635040389213692e-01 5.038582771409333416e-01 4.847581551395822586e-01 4.832006267251256482e-01 4.597435390707446112e-01 4.313417436248165315e-01 4.237902156955986044e-01 4.050713583505465287e-01 3.993441540499644837e-01 3.745444653382433708e-01 3.905214402184896128e-01 3.556860473262984934e-01 3.451083115683664659e-01 3.453370332149823807e-01 3.601443529525683585e-01 3.369260611599572131e-01 3.417148709549506225e-01 3.222692542273096761e-01
2.920864182824523494e-178 1.230755900478700112e-159 3.615134519578581419e-140 2.448355916345314481e-121 1.235519000253142017e-107 1.605907594118208644e-92 1.231648844780832980e-81 5.463488786450632964e-69 3.777848461002248100e-59 3.429732529707936378e-48 8.553977601921617403e-38 1.035019063293297422e-29 9.821856761737737316e-23 7.552858435538797631e-16 2.731096967591760173e-09 1.264616321641489846e-04 2.046882001033955012e-01 2.657638331369320261e-01 2.435450684625394546e-01 2.250140229492676724e-01 2.167750166982986559e-01 2.208774014847188771e-01 2.060485911891108135e-01 2.209275955502244815e-01 2.579439982230120609e-01 2.958735253265924459e-01 3.319560913016885162e-01 3.517588627994581163e-01 3.559569615660098663e-01 3.623287012239050364e-01 3.635325164281073551e-01 3.648636312458338748e-01 3.774419601397208113e-01 3.889260025238958085e-01 4.094391652374207990e-01 4.305887602333859920e-01 4.495410713403477643e-01 4.741882595869426065e-01 4.942219105594691242e-01 5.214315106201243832e-01 5.471902825122224590e-01 5.692639173683163856e-01 5.927263288507677030e-01 6.119095808327006392e-01 6.353250139677114605e-01 6.531217759726951622e-01 6.639897809322751199e-01 6.710475885075888325e-01 6.702521396084222260e-01 6.708172456679190043e-01 6.720675028762428393e-01 6.661608385934234544e-01 6.602819840882214741e-01 6.708374507659322639e-01 6.732490957431896961e-01 6.805725460466124366e-01 6.778858296449269405e-01 6.752404256250550407e-01 6.729931395210095868e-01 6.738546851009992178e-01 6.650084557010712549e-01 6.768008023657162697e-01 6.512226998488943597e-01 6.595276001768765051e-01 6.439502737347309047e-01 6.576177929106786779e-01 6.452203202842147212e-01 6.354023977810454582e-01 6.248012741632366085e-01 6.295728497379745603e-01
1.399535238197553074e-168 2.016605444600113813e-152 2.415453560213418239e-136 1.550694298546187487e-117 2.396643686567814285e-103 7.745365576276165397e-88 1.535694332939807251e-74 1.941469954243878975e-62 1.969654029440565426e-50 1.976827583800009474e-40 1.013997054321573049e-31 1.887625999591274478e-23 1.600091758831439251e-15 2.678978365349875730e-08 9.572669268022547528e-03 3.833518702903335740e-01 3.787441363538572858e-01 3.498489452930362842e-01 3.226457612151570897e-01 3.076044824625536189e-01 3.093530749263150859e-01 2.917250786911482208e-01 2.909884185707141135e-01 3.248235163252223279e-01 3.591924387862158730e-01 3.952521345306609368e-01 4.211848894857654346e-01 4.250879255215530561e-01 4.286645719324018722e-01 4.251933647212636225e-01 4.243135663175442440e-01 4.275448814812129461e-01 4.402752540768825606e-01 4.449393863187564024e-01 4.662669317699246196e-01 4.820274751670328706e-01 5.043075211764499466e-01 5.225490742073807260e-01 5.452985509031377243e-01 5.695785993431462524e-01 5.894945761052146072e-01 6.084239414432257576e-01 6.292251318610004862e-01 6.472392533630040301e-01 6.698694627642460819e-01 6.892930917169918237e-01 7.052185139470877884e-01 7.194197426016905039e-01 7.310359077649997150e-01 7.360142290853272096e-01 7.455776983298925131e-01 7.426318897726774670e-01 7.473179457278216198e-01 7.555900236297442563e-01 7.552973184591970091e-01 7.628239648141814655e-01 7.719409264376895230e-01 7.783421745015710602e-01 7.775491823453422047e-01 7.851639389551282600e-01 7.874528128327622500e-01 7.928837185465079651e-01 7.932946633017935456e-01 7.984020778468535751e-01 7.987760277390738572e-01 7.979788386741072381e-01 7.920308757800138544e-01 7.940186844073352512e-01 7.974446941820028112e-01 7.928638980481699239e-01
2.423056999390752941e-164 1.327101931982131692e-146 3.074789289530430083e-123 5.260385145175027009e-109 2.567036161132532721e-91 1.161677784576758358e-80 1.973478527599549479e-66 1.879170037526585770e-55 3.951012592933846313e-42 4.179744872349309469e-31 2.917025670411238299e-24 2.488123868855082369e-15 2.252440179205510924e-06 4.402390105868208559e-01 5.207696455785838507e-01 4.771593646170893543e-01 4.426779523695197893e-01 4.091778197199876788e-01 3.941125914765626348e-01 3.975557141429193475e-01 3.810741986007166182e-01 3.593428516539092787e-01 3.773977627460151085e-01 4.172204343059809362e-01 4.524664950529415641e-01 4.737863054598923096e-01 4.912855243200806576e-01 4.984844854587175411e-01 4.900485063785199880e-01 4.811522797039998744e-01 4.797614986569710416e-01 4.829481072594498658e-01 4.870564643569761376e-01 4.986333343911060756e-01 5.109768651731692035e-01 5.261046984249591052e-01 5.426094518501298758e-01 5.625199497069316434e-01 5.865690780015698769e-01 6.054061641995701626e-01 6.251823174481033751e-01 6.434197780511509146e-01 6.574060939577823781e-01 6.750313822072763204e-01 6.892563741700508118e-01 7.077285781080510096e-01 7.203370081531531577e-01 7.399931541469305651e-01 7.522773108399360975e-01 7.651253464242516733e-01 7.743729152542470073e-01 7.801093974643313889e-01 7.879846241238811499e-01 7.924688093729661542e-01 7.941185236653102164e-01 7.995822013352260615e-01 8.029323919481073935e-01 8.084491972985773378e-01 8.173249188577939028e-01 8.195904908293073499e-01 8.295670513944247704e-01 8.324064363143111045e-01 8.370149412979750458e-01 8.415816382488802150e-01 8.465249812925000894e-01 8.539495237420577922e-01 8.569229981314038236e-01 8.564863717407935617e-01 8.600582225271465875e-01 8.621992901188684222e-01
4.420438039645328779e-160 6.928844259308416397e-136 5.311142468280187837e-117 1.263056637081762526e-100 2.611128131320675374e-85 1.005000047825769886e-67 8.873253661946328356e-54 1.185715771521829815e-43 3.337954290740360984e-30 1.330274177654162093e-21 1.019124531257520552e-12 1.456076092880151591e-04 6.215826115357810933e-01 6.115695535798152394e-01 5.653861873605318111e-01 5.202795880750692437e-01 4.988586852670964245e-01 4.773138934412569090e-01 4.705657870665488907e-01 4.607978731339100187e-01 4.303716657503912080e-01 4.333974092452944071e-01 4.623555772207395553e-01 4.918585584697645063e-01 5.233859167568034598e-01 5.478621491387445364e-01 5.443516148299659685e-01 5.422414188992255024e-01 5.338267773519471682e-01 5.284919320664723807e-01 5.225513183392024308e-01 5.298368820886768527e-01 5.321527276111543969e-01 5.427541714827827102e-01 5.530756668008589561e-01 5.691913999077277131e-01 5.814639540998104428e-01 5.989860223956580132e-01 6.150500134063030533e-01 6.338133152699251260e-01 6.531433505286190488e-01 6.725616374073641879e-01 6.845917489690230839e-01 6.978002326756972407e-01 7.095194488551751499e-01 7.193742530557641901e-01 7.363326338477699240e-01 7.480655859762892490e-01 7.633348707110265696e-01 7.775630852028346807e-01 7.884792006808011289e-01 7.978708671979671818e-01 8.055993416653787209e-01 8.110067030155014844e-01 8.163618771460937618e-01 8.215578202426809806e-01 8.241590745718987421e-01 8.292657141470599624e-01 8.332460147920007776e-01 8.368686954686285207e-01 8.426856094193793112e-01 8.455039428552527658e-01 8.490198333204951320e-01 8.569322452243464117e-01 8.576200951561157027e-01 8.631921872027260578e-01 8.694855884137243640e-01 8.712906481466049513e-01 8.775236112957160994e-01 8.790401153684244129e-01
1.595235991888291954e-144 1.578619345316538888e-122 1.520850722802853477e-104 6.928075085872441666e-89 1.003233680758644944e-70 3.263671450832481744e-55 9.935073205481973649e-43 1.343449269217257010e-30 2.804038882344009444e-20 3.184205026294371576e-10 5.907287280189641443e-01 7.226664808991235533e-01 6.826487286371594188e-01 6.365461517067012576e-01 5.948717904729962092e-01 5.733980262768113567e-01 5.452274434279911208e-01 5.413208081926430548e-01 5.352066576521585795e-01 5.033496296038546536e-01 4.909442547417332547e-01 5.129504457137878948e-01 5.393799320338505954e-01 5.691939352405256392e-01 5.924581140428024639e-01 5.972077419044135027e-01 5.937213304062245456e-01 5.845224424944317487e-01 5.722631037900717255e-01 5.622137380207614665e-01 5.655775557025291000e-01 5.708996411151848749e-01 5.705802130733012012e-01 5.792588777772611497e-01 5.899721014391171581e-01 6.018070812610564202e-01 6.163418157272694264e-01 6.287803787028526381e-01 6.454817214586697771e-01 6.589307714997866272e-01 6.800121406965662363e-01 6.931961357987677097e-01 7.084929990283701517e-01 7.173626124519072444e-01 7.282266744196330688e-01 7.389470553777220951e-01 7.484097323839243865e-01 7.573855228311655585e-01 7.706649588912671822e-01 7.857595540918240751e-01 7.942216231627550194e-01 8.077431707255011695e-01 8.118933144260788159e-01 8.205278136341364048e-01 8.269469694522884051e-01 8.308872260773714213e-01 8.379333000240049012e-01 8.409219674168820768e-01 8.453830109594571152e-01 8.480394305139791200e-01 8.527871200828150977e-01 8.555788608984364885e-01 8.580772009732013927e-01 8.611189428130474610e-01 8.654018228602969875e-01 8.676419599269679095e-01 8.707154440934778972e-01 8.737263856675742124e-01 8.779339183157349735e-01 8.798603667567782560e-01
7.342653000488143318e-129 1.662075512098535694e-112 1.868536121983355830e-92 6.266051194694649349e-75 9.153312282975782512e-61 2.307632836323362580e-43 1.677415641372839476e-30 1.787238582467048425e-18 1.630065535867245205e-07 8.015711665265873309e-01 7.852059010884214763e-01 7.414589241478096726e-01 6.995360341851238895e-01 6.621169111899860571e-01 6.362855976945750447e-01 6.062689655797335320e-01 6.062420966852546389e-01 6.027917322520629506e-01 5.690342844418757595e-01 5.444439928534148265e-01 5.582771217539629349e-01 5.837538342920547407e-01 6.094692463450571696e-01 6.319883524356416649e-01 6.374154946307710734e-01 6.430821713690145769e-01 6.333500582145544788e-01 6.150506771342687529e-01 6.028047424091054207e-01 5.947877491938811101e-01 6.015876234139432288e-01 6.024586426727964739e-01 6.099966590303281810e-01 6.165357559885249472e-01 6.274863831843089379e-01 6.351481420189234450e-01 6.447649692631158835e-01 6.572544917483867932e-01 6.697475345683165937e-01 6.807125265156701577e-01 6.983127236209425437e-01 7.154108060056663110e-01 7.263549120731288555e-01 7.398385910334803750e-01 7.478095791272416637e-01 7.562544917718314608e-01 7.625538906922043614e-01 7.685439998789661553e-01 7.788038319258265840e-01 7.917928076904332535e-01 8.000925774977314386e-01 8.113666994650229336e-01 8.188174965638106428e-01 8.280686017383732667e-01 8.310217711084637582e-01 8.367732360541417780e-01 8.432285008503399570e-01 8.452496584006380376e-01 8.502757351992628054e-01 8.545170254952690891e-01 8.581132244283372623e-01 8.631824291221383838e-01 8.640034539764365196e-01 8.678607946793325256e-01 8.703346242855639625e-01 8.736815779261569714e-01 8.767884735723956435e-01 8.792755888939335351e-01 8.812855151999005043e-01 8.843150316617220952e-01
5.153751294789847049e-116 1.633844466582570209e-99 2.275154153722605464e-78 6.425143700070526777e-57 7.588122511854229807e-44 4.145685127639074592e-30 1.004281822427754628e-15 1.782371158824189086e-03 8.639578914908182528e-01 8.311397335783740070e-01 7.888850273099581312e-01 7.437752667516631666e-01 7.188334276752926799e-01 6.937574446829958275e-01 6.750985279174885889e-01 6.566428608566390324e-01 6.596697762094710926e-01 6.364584017445783504e-01 6.030444087432805800e-01 6.009773006536370810e-01 6.188892014990500234e-01 6.401053622759621531e-01 6.596233299338671863e-01 6.745147123691287439e-01 6.761559954456569654e-01 6.720868747739939808e-01 6.599707576687944277e-01 6.480313837189140003e-01 6.350313128533410234e-01 6.337840358605953961e-01 6.314091877659817609e-01 6.355463021818635871e-01 6.401389623082059943e-01 6.495222624959905433e-01 6.587724138611421587e-01 6.634967351820756365e-01 6.733689766754912265e-01 6.816990026747470344e-01 6.923656364478618652e-01 7.046277917440042504e-01 7.163023980566106674e-01 7.313690968032413586e-01 7.439281053590428572e-01 7.570962282016411304e-01 7.677633946055701930e-01 7.704363431898568759e-01 7.795980078092475951e-01 7.854318655469723076e-01 7.892879772692640294e-01 7.967392379671907054e-01 8.069624006302847929e-01 8.143654076630605365e-01 8.254108505729643719e-01 8.295747228311775023e-01 8.388646129774353088e-01 8.434036137348364104e-01 8.474867759441605530e-01 8.509773637708656358e-01 8.550562758953357267e-01 8.587768082542716064e-01 8.621522713434504048e-01 8.658512009336882809e-01 8.700717149542317452e-01 8.726418651101787161e-01 8.740868236967018756e-01 8.784439370647511014e-01 8.799971484012498735e-01 8.835046019329617639e-01 8.870773723464888683e-01 8.872745852972498959e-01
4.359097718266497302e-102 2.530049684053364461e-81 6.309887972354175835e-63 1.882935023542286699e-44 4.519862134832496128e-27 4.121193898293290078e-12 8.919216084164561797e-01 9.010271791953075038e-01 8.649186798366140794e-01 8.319255890876701143e-01 7.926827592946568135e-01 7.707881908187602660e-01 7.410075223966624547e-01 7.229196473341317208e-01 7.059577272850132701e-01 7.088504928381532677e-01 6.978685609180385052e-01 6.612552417667828530e-01 6.450024201510531352e-01 6.555195952114004632e-01 6.725575933897631753e-01 6.916893379168045364e-01 7.067945450200796564e-01 7.096095693334242283e-01 7.127820970790078592e-01 7.051217568477848863e-01 6.867208992275836144e-01 6.764147242467867249e-01 6.645301706696594701e-01 6.632087823656626080e-01 6.628471403890937586e-01 6.673692491017659822e-01 6.712940853140529907e-01 6.763886875082075756e-01 6.819619981170134126e-01 6.919592167264110305e-01 6.998811457332843045e-01 7.092191109887303613e-01 7.168349726954675871e-01 7.245211544857474983e-01 7.364301961474878366e-01 7.493602585609672184e-01 7.598261639972978543e-01 7.703359899802547650e-01 7.811450061203790707e-01 7.922835863389252609e-01 7.955331450146547745e-01 8.006597209428443218e-01 8.060630403510646858e-01 8.080879125174325051e-01 8.145299006366415462e-01 8.215312679841527688e-01 8.280115010839180778e-01 8.357163710062145423e-01 8.425297210133508852e-01 8.498942965308231567e-01 8.544945891780233449e-01 8.584405540140684909e-01 8.614074271476561684e-01 8.650815911605783670e-01 8.677849844265218549e-01 8.709949958717682073e-01 8.715462199228717344e-01 8.745913944090758507e-01 8.766045712595338379e-01 8.808161120045907566e-01 8.837459170490931104e-01 8.855030373915868669e-01 8.903608941501421903e-01 8.917951215524612119e-01
1.772407113853952277e-78 2.662112438338308387e-63 1.786628694547718305e-39 5.345696285441077416e-24 1.001186599251500366e-07 9.439100318682958068e-01 9.247879715717396421e-01 8.950145242723525074e-01 8.636741025231627900e-01 8.338798916241163539e-01 8.104631992475460622e-01 7.869426244767377954e-01 7.724711397788150968e-01 7.547224957409861545e-01 7.459616833450107842e-01 7.473972052089857820e-01 7.172624175084864051e-01 6.924610878700501182e-01 6.935495290631061849e-01 7.083215278874520626e-01 7.216617739819044530e-01 7.338797321008000418e-01 7.452255247642383118e-01 7.403737548095636889e-01 7.354735154574625344e-01 7.287798099345647040e-01 7.127709620713268412e-01 6.968105059263765000e-01 6.938255027432489452e-01 6.905973766762762978e-01 6.926418895340840098e-01 6.969977150645435549e-01 7.003755951642725019e-01 7.058424065872315190e-01 7.103418478360057353e-01 7.155498531152811870e-01 7.238708326231549917e-01 7.310461735821529583e-01 7.386433482736296519e-01 7.475560993933594300e-01 7.559857359584969405e-01 7.624000427955922587e-01 7.761316703866327771e-01 7.878040757861685117e-01 7.960847013570596653e-01 8.066683086609890418e-01 8.104926523057596199e-01 8.154738987723851862e-01 8.188446762915708721e-01 8.225333430529179202e-01 8.254981500208322664e-01 8.272287930648384302e-01 8.353104311514986113e-01 8.415230558380406567e-01 8.483144900199861560e-01 8.529121723763540830e-01 8.600400583051750480e-01 8.642776932630975573e-01 8.680375812115799228e-01 8.711258617967557738e-01 8.737842637749682062e-01 8.751639642301314304e-01 8.792877840161845704e-01 8.805299677437937733e-01 8.823047759065856255e-01 8.840748386826293714e-01 8.835395782801226394e-01 8.884106910250256783e-01 8.897036808614480208e-01 8.944571051958803976e-01
4.273844127946757846e-61 9.044883335532233046e-41 2.508101715555571904e-21 8.658651066081421988e-01 9.640469251606371692e-01 9.443142671176597558e-01 9.192941515252920359e-01 8.942667334080264263e-01 8.709980994367987339e-01 8.483831324492795423e-01 8.286121177381653435e-01 8.144958479594447409e-01 7.960771579096340700e-01 7.848733312555131736e-01 7.864249334716071349e-01 7.674392062485142496e-01 7.389404657858565928e-01 7.315475141719441909e-01 7.411276060705922486e-01 7.534296487714225998e-01 7.629032043735695101e-01 7.713030578342651156e-01 7.716949845366999350e-01 7.673421619264892968e-01 7.598514264607263424e-01 7.458088133786441309e-01 7.303708070460538382e-01 7.241002201560065021e-01 7.204705067007958208e-01 7.165777637079769891e-01 7.199904537746191213e-01 7.225596437551807805e-01 7.271395458307604587e-01 7.321043918582386123e-01 7.361739037986528844e-01 7.402321502610358372e-01 7.476206050551457150e-01 7.539579227009775009e-01 7.602057583558523568e-01 7.632453882026456471e-01 7.708914705176738158e-01 7.815637052946117214e-01 7.879194392817943093e-01 8.004162323522471256e-01 8.096619173425135818e-01 8.198422551390621704e-01 8.251715421850928101e-01 8.283164462292076369e-01 8.326862034700880377e-01 8.369997040491776730e-01 8.384549101718821174e-01 8.421943846936201794e-01 8.465236840558788556e-01 8.480246469679201260e-01 8.555321199123752107e-01 8.595820022250028059e-01 8.645050240419052123e-01 8.685010538524599033e-01 8.722086689968669981e-01 8.771161995516977283e-01 8.804942748594636326e-01 8.831211120881020671e-01 8.850156149665601157e-01 8.866711674496243756e-01 8.887024128876549467e-01 8.896706878259348361e-01 8.912224886290712744e-01 8.923438794078646374e-01 8.939097482942460760e-01 8.956931895495686691e-01
2.001467418123449451e-34 8.558667487878286684e-14 9.798798389461392810e-01 9.759158886870207272e-01 9.608646935430232849e-01 9.401723358929398033e-01 9.187798855744807591e-01 9.005070895554243560e-01 8.830493546986369902e-01 8.655060898393970303e-01 8.480161196293746206e-01 8.387962422278231189e-01 8.211536617717808406e-01 8.185562469851442868e-01 8.128378450267716993e-01 7.864632769816863878e-01 7.691503622620796676e-01 7.744596470189044624e-01 7.820500899064315448e-01 7.892503768166531097e-01 7.986163524871753294e-01 8.009191873881551516e-01 7.992012629338358654e-01 7.929567244394080117e-01 7.812250821772772635e-01 7.678431618545357162e-01 7.535489645406840964e-01 7.481039442354968649e-01 7.477737584843965335e-01 7.444672486226310282e-01 7.469341605563639686e-01 7.479128702469766132e-01 7.508273557371237805e-01 7.600901223203058166e-01 7.603473135597270671e-01 7.647324999633589027e-01 7.745316649317691704e-01 7.775691960897791466e-01 7.830621123503190839e-01 7.893008560412564378e-01 7.928098496065099088e-01 7.984775629683132925e-01 8.048746957388505097e-01 8.154770482219302341e-01 8.249270947092560702e-01 8.349885401369907534e-01 8.400180160043722033e-01 8.457112447332715277e-01 8.480302165586464103e-01 8.501472707856516653e-01 8.525327057187066515e-01 8.562783029253130396e-01 8.586516309414866654e-01 8.606866316494358182e-01 8.631683253481327034e-01 8.668444578468068595e-01 8.698504314734933907e-01 8.752626245734712596e-01 8.796236364566575316e-01 8.835287435235384956e-01 8.851878528350123343e-01 8.887790793786081167e-01 8.929505621752049649e-01 8.937498443289672023e-01 8.955632039089705954e-01 8.980877431312124237e-01 8.978483069779792380e-01 8.996449976753913003e-01 8.996364622997655713e-01 9.017380736031471722e-01
5.375420059479298792e-09 9.907766197620370141e-01 9.842810292876157385e-01 9.734028303795595471e-01 9.580136820100649819e-01 9.419302362687113073e-01 9.281857591517911343e-01 9.102131866696010487e-01 8.986158350603714595e-01 8.832030955333972644e-01 8.760378290285241176e-01 8.582485409311627622e-01 8.523818178170625703e-01 8.470076000372102065e-01 8.320795533519422804e-01 8.129839649278697289e-01 8.050736312921938920e-01 8.085833361463726776e-01 8.153286325293735981e-01 8.249682583519338808e-01 8.288031442116957637e-01 8.278980143913750034e-01 8.246223451094113477e-01 8.126172321717117786e-01 8.036412108789690034e-01 7.890733777253031711e-01 7.788970650650594019e-01 7.763424529132130214e-01 7.706411482436542615e-01 7.737038850753784613e-01 7.747012043690535421e-01 7.760264179698682652e-01 7.814245259336484173e-01 7.803525491035331330e-01 7.853236512029733163e-01 7.895328861928351261e-01 7.937542134658294168e-01 8.002026108091357948e-01 8.049031716073464793e-01 8.094501793965583891e-01 8.102726137045421773e-01 8.197960596782511988e-01 8.242403596704349633e-01 8.293919073321487367e-01 8.378345216569000886e-01 8.433199395896068262e-01 8.532460721967016770e-01 8.593162422657335542e-01 8.634805854037691519e-01 8.665896230730634198e-01 8.663866094244140337e-01 8.703044930205862117e-01 8.707708916400268562e-01 8.763323426444619146e-01 8.744119384777042647e-01 8.772803152317568687e-01 8.794700001878194007e-01 8.842741683925305907e-01 8.860510672444719127e-01 8.896570908804577460e-01 8.886664633162153493e-01 8.948049535992541603e-01 8.988286199247732533e-01 9.014767622283199611e-01 9.025028170401293570e-01 9.046261501727553833e-01 9.067436410452553996e-01 9.079863195416585375e-01 9.074275542948893047e-01 9.097149361826043501e-01
9.953683389871250675e-01 9.904606222682867944e-01 9.833678184898327901e-01 9.740067055666740137e-01 9.611848297456436763e-01 9.511537935627467633e-01 9.373619965972219692e-01 9.278249749852065520e-01 9.167527547957097234e-01 9.064856075474136965e-01 8.931537496488664019e-01 8.837313118470369044e-01 8.787973968040873052e-01 8.715332415055002668e-01 8.533680194501074290e-01 8.402722952800765199e-01 8.383209928007006040e-01 8.473041077260183851e-01 8.524440008749374353e-01 8.579349231835341483e-01 8.551707242224526606e-01 8.543011900178472118e-01 8.445870837766769057e-01 8.307491796620564140e-01 8.229985353778939139e-01 8.131062361491431245e-01 8.053817737634322294e-01 8.027647832458829624e-01 7.998421389895370437e-01 8.037195435464274951e-01 8.046824345966610004e-01 8.056780394810471035e-01 8.058534896850096940e-01 8.096429213454722218e-01 8.135002050294333209e-01 8.124253456350186697e-01 8.174922516931498739e-01 8.232453944193249828e-01 8.245802101477232027e-01 8.293967632323799855e-01 8.344668890543134321e-01 8.386343435692527049e-01 8.454027978674688582e-01 8.457462251722952518e-01 8.521246624205994769e-01 8.606194739935504323e-01 8.650772994734295951e-01 8.721129830252014603e-01 8.760189543173998450e-01 8.799436167826222288e-01 8.832071232071986300e-01 8.840105205468347105e-01 8.862144655695396445e-01 8.861848988933002103e-01 8.889475935967079412e-01 8.897390123463103651e-01 8.922599669149154922e-01 8.941762624358775557e-01 8.970239417999509302e-01 8.990245922024571179e-01 9.009978469551148672e-01 9.052599374317763514e-01 9.061234488184916058e-01 9.084773910634014182e-01 9.088756477426079838e-01 9.130495465064003557e-01 9.135740622148509349e-01 9.142864422944597669e-01 9.170751534804887362e-01 9.170645169863874679e-01
9.960451661013522973e-01 9.917656366356998321e-01 9.853529326598716720e-01 9.789244953521591963e-01 9.691448965445309538e-01 9.608397726492842184e-01 9.494757921909151577e-01 9.429026586477790017e-01 9.326114870202071305e-01 9.257544430175072003e-01 9.163232702414030317e-01 9.118076451640393376e-01 9.045898851704451404e-01 8.929741753895991119e-01 8.752081181107053132e-01 8.745971597996372582e-01 8.744532120213502902e-01 8.770728089606538713e-01 8.855240607427888877e-01 8.809729015789738993e-01 8.820903800052687371e-01 8.769672575190470276e-01 8.700715344811775775e-01 8.568704180742688914e-01 8.445199781353999180e-01 8.387675824401187308e-01 8.332376639046357170e-01 8.298992118568577769e-01 8.309608198218424446e-01 8.285619694089606524e-01 8.326589663345220771e-01 8.314027563112984520e-01 8.331589089938840065e-01 8.327492639310145606e-01 8.345727204227049167e-01 8.382540111552866380e-01 8.438819819828115021e-01 8.477033320786090398e-01 8.499065039591388038e-01 8.538564185097465842e-01 8.570624814568017502e-01 8.564504164223353255e-01 8.610699856146215581e-01 8.628205479631185781e-01 8.666019801732955941e-01 8.759698410563643289e-01 8.810407926418234448e-01 8.866726542452824100e-01 8.912897165960925738e-01 8.946382476433211162e-01 8.971021652648470956e-01 8.991684466548240939e-01 9.018593724526777766e-01 9.014068757258655307e-01 9.029063600402802425e-01 9.046146002097323890e-01 9.040932071777946222e-01 9.051866798127828906e-01 9.059832910617073853e-01 9.086180667274287304e-01 9.103022318157139026e-01 9.118264418343398070e-01 9.115079872082304524e-01 9.153348156170878491e-01 9.182588980268259204e-01 9.183576250032968735e-01 9.214769314291925140e-01 9.211484216382428425e-01 9.231689861210704562e-01 9.246091030799540311e-01
9.961899176940393064e-01 9.931843082937271694e-01 9.894708853645308722e-01 9.847389691747980844e-01 9.781485670127222365e-01 9.716726998771810786e-01 9.650090699875869538e-01 9.559216561581287408e-01 9.531932620002333545e-01 9.406751875757091153e-01 9.356849414961044831e-01 9.323273087288033167e-01 9.234995430214276713e-01 9.083057588018278450e-01 9.004822991663203879e-01 8.993330549858407075e-01 9.015221727712467992e-01 9.053428139818207043e-01 9.060865954880961137e-01 9.066973018950467145e-01 9.049614972315027650e-01 8.981405946485963021e-01 8.873611004032337934e-01 8.735236765212267551e-01 8.669766415610112853e-01 8.592761515875035894e-01 8.577684416106925447e-01 8.508301397321388349e-01 8.551975122294356302e-01 8.544027459989188555e-01 8.551880390932893317e-01 8.539078332013475547e-01 8.560571972336782354e-01 8.557633056121840553e-01 8.576930204747224007e-01 8.614400591548211361e-01 8.632002068570207021e-01 8.676534549531846885e-01 8.674059890198964062e-01 8.714987810721273043e-01 8.738156045244188652e-01 8.765616095778084871e-01 8.766845398508333886e-01 8.781139734150461562e-01 8.822038000974643523e-01 8.880334547383382793e-01 8.911129261819269454e-01 8.983849791682372299e-01 9.022486030684455649e-01 9.059861347957656186e-01 9.080304144214220718e-01 9.095456663196440639e-01 9.115184457489544645e-01 9.115258664902222696e-01 9.118121884264378529e-01 9.140233483602753228e-01 9.151589035128185889e-01 9.153102664441065128e-01 9.153625230806885504e-01 9.170644087546871992e-01 9.181202476534982004e-01 9.184345810080118966e-01 9.196467790173148416e-01 9.229732703663482418e-01 9.248723772949494215e-01 9.256209816472114049e-01 9.268831715442288344e-01 9.291448033429321463e-01 9.297245063233023910e-01 9.305930046412479451e-01
9.972388445019165770e-01 9.949217940193884058e-01 9.916970334664924058e-01 9.874821157868720611e-01 9.830931800517376251e-01 9.787830024208639124e-01 9.712576031973886304e-01 9.677541276099682621e-01 9.593931756836112656e-01 9.523216624157527788e-01 9.490658179121789217e-01 9.459382447372797209e-01 9.346168555301097580e-01 9.241858595403177334e-01 9.232689343729066911e-01 9.207106786986098967e-01 9.231464301621116197e-01 9.231340765144564475e-01 9.205274031368102516e-01 9.188557098692767822e-01 9.163831142713156908e-01 9.074008452181694384e-01 8.993322630772769832e-01 8.871629189648794211e-01 8.811989211101650676e-01 8.754229784569751427e-01 8.722885423071941036e-01 8.747779887104694119e-01 8.722921474413835030e-01 8.713101826818169249e-01 8.700889671878299092e-01 8.733941594504452954e-01 8.739493608676859315e-01 8.737990575398461024e-01 8.758573948818495492e-01 8.769616688137789051e-01 8.794280730019811143e-01 8.806066821250319032e-01 8.833775694124956779e-01 8.840090749047682106e-01 8.859429545781617454e-01 8.876462409273795373e-01 8.880856837786873514e-01 8.909106402570988736e-01 8.927681391717501302e-01 8.956575313544304917e-01 8.982148987709948074e-01 9.045121489600610465e-01 9.100352279031684866e-01 9.122122781069491593e-01 9.150032184744956165e-01 9.186872099865652785e-01 9.185939085800257642e-01 9.203381581420371216e-01 9.202068264125753405e-01 9.226812032305747868e-01 9.221030727487495859e-01 9.232010299824362498e-01 9.233552867307905920e-01 9.242211205810647590e-01 9.252554095384349919e-01 9.252678206458165855e-01 9.253412898780273288e-01 9.267232031483225718e-01 9.289592164366420324e-01 9.293825192346482078e-01 9.315589224097270415e-01 9.319067702126435648e-01 9.347738017565281332e-01 9.348669583349289436e-01
9.969625178538059629e-01 9.949261236824682442e-01 9.918459069614041779e-01 9.884771455878431645e-01 9.845300636278805362e-01 9.803191714176554550e-01 9.754309895136651365e-01 9.697789457353671594e-01 9.641756476741807358e-01 9.604405677882679182e-01 9.560230565433041061e-01 9.484178135095544526e-01 9.387680374260193306e-01 9.326972244015053759e-01 9.320690387668894017e-01 9.321718126320003295e-01 9.325396099827183427e-01 9.327271925152255116e-01 9.309528100420979557e-01 9.260187277993251476e-01 9.204402203996022713e-01 9.108865179703746762e-01 9.011081561065639178e-01 8.941713321773155920e-01 8.891801539242718544e-01 8.868863703094820305e-01 8.858581068624322707e-01 8.831538916700849562e-01 8.813326710049195212e-01 8.817499632136714949e-01 8.825631386853423077e-01 8.821595597347317019e-01 8.825520107654502011e-01 8.847164117220149837e-01 8.845430918710212032e-01 8.862686530862043943e-01 8.883935941400137315e-01 8.895531154978805199e-01 8.915225264909010239e-01 8.924942432775483381e-01 8.931669539018541881e-01 8.955687558979473772e-01 8.946777489855224363e-01 8.972447140441552893e-01 8.983754356315931666e-01 9.005810953726181012e-01 9.024005036371787192e-01 9.075593858927732960e-01 9.106980332891747576e-01 9.153163735225330333e-01 9.186041726151130682e-01 9.218848159407769804e-01 9.237413276621347924e-01 9.242167071559030944e-01 9.264398972427798640e-01 9.262277585646648825e-01 9.267359786700339885e-01 9.273042984976371805e-01 9.279755895859402859e-01 9.281536083443941987e-01 9.285303191068376982e-01 9.288976926704053394e-01 9.303980306517064536e-01 9.294607765900103624e-01 9.305758040895762973e-01 9.316362470996319978e-01 9.330026203732467716e-01 9.331362117119271771e-01 9.353885239821980724e-01 9.353225687922988030e-01
9.963667288783594200e-01 9.940276538725300037e-01 9.910726347740514974e-01 9.877468655666103992e-01 9.839086925434693542e-01 9.798084686942615251e-01 9.755818587561887467e-01 9.700609248369707061e-01 9.649604793035262418e-01 9.606879799217188376e-01 9.555393966639406100e-01 9.462436166664297543e-01 9.402516069487423245e-01 9.377470642277933033e-01 9.376042513899688347e-01 9.369730148099749689e-01 9.371504320281883738e-01 9.351049147936835171e-01 9.316611830705595620e-01 9.264628206973352098e-01 9.203114020757401370e-01 9.109395732860168238e-01 9.040064862789191080e-01 8.996433201092052245e-01 8.951582438722527346e-01 8.914421191748470585e-01 8.897794107646064266e-01 8.883901869869601509e-01 8.880009253668632585e-01 8.871873930484256432e-01 8.865054830856474721e-01 8.873456751458659308e-01 8.879837330246507232e-01 8.891420188098499988e-01 8.905140766520368567e-01 8.903943237848840342e-01 8.926321656390592274e-01 8.929556569652248310e-01 8.951774318106239248e-01 8.972288472588606512e-01 8.981649653707080017e-01 8.992665029210413774e-01 9.003204263344795066e-01 9.016700803820068000e-01 9.019902018194334570e-01 9.035352521419551808e-01 9.051019044079979814e-01 9.079212130492374522e-01 9.109575847550307470e-01 9.144055650429753213e-01 9.167098761882186420e-01 9.205439528388265069e-01 9.233889233512895256e-01 9.252432330143557371e-01 9.272100992628284910e-01 9.286459451931455833e-01 9.292176926813626725e-01 9.299136844116813183e-01 9.302052654114466579e-01 9.307438255305546804e-01 9.307593894070983476e-01 9.311790505308200627e-01 9.316997324460412067e-01 9.317444831713670439e-01 9.322848472340619086e-01 9.329888136872679372e-01 9.336346095948058199e-01 9.338471540844049956e-01 9.347033615402331463e-01 9.356918032698692267e-01
9.945005366719004147e-01 9.922357953418463605e-01 9.894507609915801361e-01 9.859401247281872616e-01 9.815263105319450565e-01 9.771826484882113473e-01 9.731482350290517891e-01 9.684034651012496386e-01 9.645528674832477556e-01 9.601549649566680777e-01 9.530042987673739141e-01 9.448123668955642485e-01 9.416938088567037290e-01 9.402482652026574739e-01 9.394963861708731656e-01 9.386697713568060708e-01 9.369626661824179692e-01 9.345297191584636121e-01 9.305496432528018724e-01 9.243641482055733327e-01 9.158014435629747707e-01 9.093824854844604344e-01 9.027358433658703163e-01 8.987996708147514280e-01 8.957399596874638936e-01 8.940206398176729907e-01 8.922221293653437302e-01 8.908228899317947036e-01 8.899795861194819135e-01 8.896896907514789676e-01 8.892940333735985803e-01 8.893426444454928248e-01 8.900917693616481330e-01 8.907382209998780942e-01 8.916502950036208075e-01 8.929765684130216430e-01 8.949133743354648063e-01 8.961541524455689522e-01 8.974498986722113658e-01 8.992336969577116035e-01 9.003949643223819743e-01 9.016762918795433457e-01 9.018203484014382099e-01 9.031002575576010383e-01 9.035540761448311864e-01 9.046483144511100472e-01 9.058443814565783070e-01 9.076292145615217910e-01 9.100192171332172064e-01 9.136703277983545535e-01 9.160798608420739342e-01 9.200654558268319683e-01 9.224029535788433876e-01 9.242841032985937844e-01 9.268688480861198009e-01 9.278691734118950096e-01 9.293302359838129245e-01 9.298058219817800785e-01 9.307505365744460635e-01 9.311545279520949681e-01 9.322698924986457802e-01 9.320924891648451061e-01 9.324261757556975283e-01 9.326805744637116646e-01 9.329824526626565584e-01 9.334375256056958170e-01 9.339320579689368573e-01 9.340452481448503486e-01 9.343570838236456844e-01 9.351131266046924795e-01
9.921201241994465070e-01 9.894865155798422407e-01 9.861521159741222231e-01 9.827021214127521498e-01 9.786416455945521342e-01 9.747472890305248772e-01 9.701340219787910613e-01 9.662242623024017707e-01 9.611740101160637373e-01 9.551023955008145494e-01 9.485330400410466600e-01 9.443383863783988419e-01 9.418825066409874935e-01 9.405687758324781100e-01 9.393026773821312458e-01 9.383571830517741796e-01 9.354131041441456906e-01 9.309908790955697677e-01 9.255890098795958032e-01 9.189462335465128362e-01 9.125512203602408334e-01 9.062943667190841435e-01 9.018346384369685387e-01 8.989322189160788845e-01 8.963397673816341227e-01 8.940066237021996320e-01 8.924476769639950735e-01 8.916592466209209977e-01 8.909372706865247293e-01 8.900213972551288544e-01 8.901569768798108795e-01 8.901092772210311699e-01 8.906560374870536867e-01 8.912484692517137486e-01 8.922959000908721183e-01 8.933371682926609658e-01 8.952384390736187747e-01 8.962450263720349586e-01 8.984926156301713540e-01 8.995155048754231997e-01 9.012631279510318061e-01 9.022066169123635904e-01 9.034143688417054507e-01 9.041444577792905335e-01 9.047531066268562627e-01 9.052263997990985800e-01 9.058663671013633678e-01 9.069967690412650274e-01 9.080882475062292958e-01 9.107031882744380802e-01 9.131382692451585070e-01 9.166792504741698711e-01 9.194376648367955651e-01 9.212537120873118823e-01 9.240555924046778280e-01 9.264534862966969930e-01 9.278684335166315078e-01 9.297792893398370007e-01 9.302703716163412961e-01 9.311839957266996315e-01 9.320423077425743497e-01 9.324290345285356496e-01 9.330605806661093071e-01 9.332778932726080168e-01 9.336157843896292219e-01 9.338588089272448212e-01 9.338569227913912085e-01 9.343426874502083201e-01 9.346729150146766418e-01 9.347914292668116909e-01
-1.000000000000000000e+00 -1.000000000000000000e+00 9.828187773720487019e-01 9.788711119086038748e-01 9.750627227185179047e-01 9.707520567669518652e-01 9.656113480359806989e-01 9.621420800087494563e-01 9.573235615564554823e-01 9.504108528635019093e-01 9.459878064546740628e-01 9.427063348868381931e-01 9.407970867472102983e-01 9.390824085438456148e-01 9.373074243931763805e-01 9.349885886077672348e-01 9.317377371696045074e-01 9.266732643295365612e-01 9.211488805528007529e-01 9.142142077684735080e-01 9.088149894027952591e-01 9.043802535519464003e-01 9.006984600098825178e-01 8.975622654718330429e-01 8.958865041897227099e-01 8.937189380861290111e-01 8.923746349654541055e-01 8.913373308416221441e-01 8.906058893196950876e-01 8.901361721741386512e-01 8.899753754167407660e-01 8.904099337727792163e-01 8.906153788332459298e-01 8.914239795560318091e-01 8.919674683017988492e-01 8.936103426372085101e-01 8.950914739274935528e-01 8.963930154242232273e-01 8.981777016191351271e-01 8.996788853147036358e-01 9.012219748341748771e-01 9.026607337745744530e-01 9.037445164127120290e-01 9.045142620380829390e-01 9.050829006324624393e-01 9.054169443817829954e-01 9.058243249409961839e-01 9.066515736919715795e-01 9.074661469965896732e-01 9.088532857213040828e-01 9.109938909314241329e-01 9.132179667064235229e-01 9.159745620454322612e-01 9.188856473044824114e-01 9.216801625342943005e-01 9.247858716402753698e-01 9.264554475116039134e-01 9.275644256767531237e-01 9.297653988454214202e-01 9.302304005772712436e-01 9.315235414265234937e-01 9.321328910989801209e-01 9.328658551977475621e-01 9.332451171512717858e-01 9.337269090372767311e-01 9.339859825576293240e-01 9.344066757009498181e-01 9.344351270724479130e-01 9.349895833177624960e-01 9.350354141171626221e-01
-1.000000000000000000e+00 -1.000000000000000000e+00 -1.000000000000000000e+00 9.747661008741742572e-01 9.711440358869124490e-01 9.658858931585476704e-01 9.625387993086007565e-01 9.572686533480266879e-01 9.516644578249650044e-01 9.471958856662106019e-01 9.440294648329704552e-01 9.410632400433540656e-01 9.390022108757812846e-01 9.365832656212014218e-01 9.339144079881318561e-01 9.302357938380266811e-01 9.264969674051984905e-01 9.212137340095358784e-01 9.164513714523319088e-01 9.108136050016680807e-01 9.063707030028992362e-01 9.019048081678600060e-01 8.994210582112798225e-01 8.964792577179115929e-01 8.948631307719717709e-01 8.929913405872587084e-01 8.918127111466542800e-01 8.908795827513449339e-01 8.901531681367098603e-01 8.896620259744127956e-01 8.894326580264794169e-01 8.898961011645678543e-01 8.901135873735095405e-01 8.909903267919412340e-01 8.918252793481066254e-01 8.928877968314768987e-01 8.947045660594701300e-01 8.955130153690246120e-01 8.978314351334328869e-01 8.994795325368655226e-01 9.009965482961397321e-01 9.024371349280925214e-01 9.037387436552615227e-01 9.043990797423734351e-01 9.050707749243822597e-01 9.055815973964664867e-01 9.058759109188435632e-01 9.062137474077718302e-01 9.066271128853794492e-01 9.075534407023105876e-01 9.092025647108195052e-01 9.098260712668164718e-01 9.129590047733223690e-01 9.157826444656456122e-01 9.177075308609330406e-01 9.208102675167939566e-01 9.228189970858718949e-01 9.262571499187591817e-01 9.266111568970872847e-01 9.285105137854019475e-01 9.296931374164505435e-01 9.310956685504425678e-01 9.319500009234144011e-01 9.327550448831757324e-01 9.332703109434632438e-01 9.336680630412077520e-01 9.341443440780070606e-01 9.346335289876117614e-01 9.350072706980760984e-01 9.352435994115743112e-01
-1.000000000000000000e+00 -1.000000000000000000e+00 -1.000000000000000000e+00 -1.000000000000000000e+00 9.656369085578860867e-01 9.619493316053048249e-01 9.571048161365651730e-01 9.526096735027129725e-01 9.487695563888105532e-01 9.442332890076730045e-01 9.410293858107928733e-01 9.383840261837157470e-01 9.353206112233708458e-01 9.327331584711373580e-01 9.297087356827726801e-01 9.257399141121921415e-01 9.215260228910739926e-01 9.172425192977550212e-01 9.116057678873764614e-01 9.077711391062718294e-01 9.039031365465687307e-01 9.005931433005462949e-01 8.976449122437016870e-01 8.957159179998779308e-01 8.937542222504630818e-01 8.923149858565788684e-01 8.910814222076726132e-01 8.904765669497092251e-01 8.897680907988857468e-01 8.894177524566198034e-01 8.893431731529446438e-01 8.890671322859678982e-01 8.893473263872974099e-01 8.903125784098876450e-01 8.909826874312690714e-01 8.922717077457711365e-01 8.936030556107513734e-01 8.950475092190864901e-01 8.967341223910503256e-01 8.986501557638414406e-01 9.003636132779568868e-01 9.021914818692229332e-01 9.032586536511346686e-01 9.044524862891172301e-01 9.051042550492131022e-01 9.055938645175051205e-01 9.057712924040079994e-01 9.060515789493852612e-01 9.063463858666125361e-01 9.067331304033899864e-01 9.071205143263808557e-01 9.087032850065061007e-01 9.102446444584986196e-01 9.117497479460773269e-01 9.133865866479441431e-01 9.165243549558720337e-01 9.192569058251702785e-01 9.217733046213029136e-01 9.247684105618914074e-01 9.261929265337186523e-01 9.280494981172913160e-01 9.291976554709945324e-01 9.310875785354331136e-01 9.317422062621830703e-01 9.326125644862095498e-01 9.336155164287265329e-01 9.341063891958812926e-01 9.345257249660964272e-01 9.349414658632965169e-01 9.352959623095684627e-01
-1.000000000000000000e+00 -1.000000000000000000e+00 -1.000000000000000000e+00 -1.000000000000000000e+00 -1.000000000000000000e+00 9.565290772257565299e-01 9.526306113293926403e-01 9.481762415367438468e-01 9.449011541808601811e-01 9.408430393058380137e-01 9.377616938217323561e-01 9.351138600458933636e-01 9.320831978226781223e-01 9.280064812945150177e-01 9.253974226016118410e-01 9.211839692138550362e-01 9.174000236206739656e-01 9.127406249003050531e-01 9.087361152592365876e-01 9.048837823146109738e-01 9.017353910845590237e-01 8.994866216596912878e-01 8.966676119635046405e-01 8.946505297081435160e-01 8.931041281550116118e-01 8.917087034703694570e-01 8.905846551064716676e-01 8.896286190065940680e-01 8.891622252242971092e-01 8.887767202348014761e-01 8.885279979879510126e-01 8.884452767512353022e-01 8.890211716550313614e-01 8.894157036995130605e-01 8.902464962472965704e-01 8.911350966145188401e-01 8.925719470384371190e-01 8.940889554187199106e-01 8.957566350313063142e-01 8.975507036730533406e-01 8.995424048653244409e-01 9.014832871957650928e-01 9.027432855864125916e-01 9.037305261670505185e-01 9.047276648978714864e-01 9.053974456090972955e-01 9.057355718499023878e-01 9.059521356563176031e-01 9.060253462046671258e-01 9.061849740602143655e-01 9.065457982505310541e-01 9.069990642254734947e-01 9.078557587455449163e-01 9.095619310911989830e-01 9.109379036228844040e-01 9.131416793347618688e-01 9.160807807697948224e-01 9.185342503815608906e-01 9.212770149942763886e-01 9.239173399300999456e-01 9.251538730959477652e-01 9.277327569665794194e-01 9.282667356524961777e-01 9.302559879276183219e-01 9.313395909335887568e-01 9.324179574500102152e-01 9.332455049419985382e-01 9.338279202910761967e-01 9.346628539955523784e-01 9.350361512713138978e-01
-1.000000000000000000e+00 -1.000000000000000000e+00 -1.000000000000000000e+00 -1.000000000000000000e+00 -1.000000000000000000e+00 -1.000000000000000000e+00 -1.000000000000000000e+00 9.440740018779019138e-01 9.400531868396169166e-01 9.366774945923675988e-01 9.336861323190454032e-01 9.307855587871253222e-01 9.273254710781407839e-01 9.239429077046714678e-01 9.206131775606536394e-01 9.175582684074320428e-01 9.136961897021561585e-01 9.103112490488098896e-01 9.059720354722690105e-01 9.031344048174081429e-01 8.999632910734284286e-01 8.975408536313426167e-01 8.957043116662954940e-01 8.939108176176601139e-01 8.919972461213828696e-01 8.908261616195430888e-01 8.897484762472435138e-01 8.889074329622997928e-01 8.883271248577597756e-01 8.879038654726075785e-01 8.877399187361429966e-01 8.877501325616443673e-01 8.880902776380208419e-01 8.885987191120061635e-01 8.892812944325358959e-01 8.905877164923459155e-01 8.918929875799809226e-01 8.930654964498893067e-01 8.948900186544904711e-01 8.964096128107529315e-01 8.984195072518358360e-01 9.004397806266315474e-01 9.017184921281915511e-01 9.029662946850272043e-01 9.042338980484605493e-01 9.048977272557914286e-01 9.053449589123995223e-01 9.056785942668635903e-01 9.058300646385729626e-01 9.058521403895904989e-01 9.060404761170346433e-01 9.061900027760676490e-01 9.069231646317751361e-01 9.074043524698039986e-01 9.084363031288087420e-01 9.095801645715616557e-01 9.122734927969963215e-01 9.138931317131248067e-01 9.154423767732310369e-01 9.184670349648607068e-01 9.208261019703585237e-01 9.239728557354437433e-01 9.258712135587714442e-01 9.278448438553692501e-01 9.298973649785385875e-01 9.308074107217556570e-01 9.322373117253148767e-01 9.329832379199410886e-01 9.341354044686919211e-01 9.344312677354815744e-01
-1.000000000000000000e+00 -1.000000000000000000e+00 -1.000000000000000000e+00 -1.000000000000000000e+00 -1.000000000000000000e+00 -1.000000000000000000e+00 -1.000000000000000000e+00 -1.000000000000000000e+00 9.357550197042113771e-01 9.328049412891662451e-01 9.295773223261710738e-01 9.264858819289982783e-01 9.236486714444830382e-01 9.198323626155529009e-01 9.177091616357326842e-01 9.134500660152450324e-01 9.102225526461227290e-01 9.071258017598059498e-01 9.041077056093818065e-01 9.014092861505734744e-01 8.985810325537223475e-01 8.965478553820277474e-01 8.942589815498490635e-01 8.927216262495136778e-01 8.914092765660374118e-01 8.900477992283274409e-01 8.890758886842110575e-01 8.883638686184223143e-01 8.876103880241833499e-01 8.873105273741099808e-01 8.871494778400637049e-01 8.870137253359311469e-01 8.871867964884928570e-01 8.877105309058987981e-01 8.885301928377778991e-01 8.894615800679466222e-01 8.905285579373903859e-01 8.917237978282539501e-01 8.937797029418903527e-01 8.951304709569252172e-01 8.975467640823386883e-01 8.990785603208498733e-01 9.006990858997838689e-01 9.023129632327526739e-01 9.035996149081626516e-01 9.044375717306166740e-01 9.048065682390392661e-01 9.053163284751685191e-01 9.055342843625229232e-01 9.055329300402868986e-01 9.056501371562977187e-01 9.055282169540548320e-01 9.059537602971320380e-01 9.065983005432937114e-01 9.067718836385008085e-01 9.077314302736469998e-01 9.092344544938252282e-01 9.101887653845721626e-01 9.135625347257118056e-01 9.142659545807754196e-01 9.190369428584961309e-01 9.206102237624607110e-01 9.212350701150239241e-01 9.257178317037286774e-01 9.254009112325829456e-01 9.283633992173975225e-01 9.308590860229344344e-01 9.309810781768157462e-01 9.322907235244691782e-01 9.339240418374645802e-01
-1.000000000000000000e+00 -1.000000000000000000e+00 -1.000000000000000000e+00 -1.000000000000000000e+00 -1.000000000000000000e+00 -1.000000000000000000e+00 -1.000000000000000000e+00 -1.000000000000000000e+00 -1.000000000000000000e+00 9.289677417026257489e-01 9.255517968446633770e-01 9.225195680253668318e-01 9.196874304058578753e-01 9.166896407341708075e-01 9.136956429057979667e-01 9.107073557997439339e-01 9.074570609678008770e-01 9.046795572055378321e-01 9.018898967960394808e-01 8.996634701822520119e-01 8.972751974146625509e-01 8.950839710510096747e-01 8.933773414140309121e-01 8.917512310285494737e-01 8.904050448414762009e-01 8.894330447511676896e-01 8.880358992643108129e-01 8.874847102074832073e-01 8.868803068316420957e-01 8.865742786753298965e-01 8.863836252707990582e-01 8.863783817393647846e-01 8.865435972893103145e-01 8.869428703923654123e-01 8.873515911392264588e-01 8.884808960958535673e-01 8.896020118459583292e-01 8.909221104925515444e-01 8.924260838718304223e-01 8.940620365998983576e-01 8.962926451929010829e-01 8.976282062470842815e-01 8.997326847016271500e-01 9.012516271463110185e-01 9.025404699860505309e-01 9.033758792370772950e-01 9.041120015037253932e-01 9.045594758114641198e-01 9.049871920192867902e-01 9.050880017967438684e-01 9.051756387738886245e-01 9.051066852969432697e-01 9.052458319132380415e-01 9.052742947919770744e-01 9.055713071822283355e-01 9.064063359844015677e-01 9.067692664003811354e-01 9.085673916924315030e-01 9.103512464604496257e-01 9.112265568774050584e-01 9.129356726772419606e-01 9.162480272238898715e-01 9.183064734599941659e-01 9.195398260538608648e-01 9.229827836140359620e-01 9.257817628635762741e-01 9.267941747044026179e-01 9.286620197503175911e-01 9.313698231515903370e-01 9.319981081424675295e-01
-1.000000000000000000e+00 -1.000000000000000000e+00 -1.000000000000000000e+00 -1.000000000000000000e+00 -1.000000000000000000e+00 -1.000000000000000000e+00 -1.000000000000000000e+00 -1.000000000000000000e+00 -1.000000000000000000e+00 -1.000000000000000000e+00 9.216039681788320559e-01 9.187253606033447539e-01 9.163518100887192430e-01 9.136017974217874871e-01 9.103052576658581252e-01 9.080237957028751694e-01 9.050729971099052973e-01 9.028172307925701467e-01 9.003084363196879325e-01 8.979273897300452667e-01 8.960607889742426835e-01 8.937904375045273575e-01 8.921504002352461660e-01 8.908381063047262627e-01 8.894051487015450785e-01 8.883287450496561988e-01 8.874515866819895349e-01 8.865507882115607474e-01 8.861024022494884411e-01 8.856955154813521691e-01 8.854878824319725172e-01 8.853733046885436941e-01 8.855380167947584091e-01 8.861620442608549864e-01 8.863705402419370660e-01 8.874491684833127891e-01 8.883122115392508844e-01 8.895020381556801858e-01 8.912530488646838167e-01 8.927229304555841516e-01 8.944333399200862234e-01 8.960795984698877170e-01 8.982647607179164995e-01 8.998282409763375123e-01 9.011862088100803803e-01 9.023759120710125314e-01 9.031764744947016199e-01 9.037569558030561501e-01 9.041601301168847860e-01 9.042998491137086425e-01 9.044663954058758115e-01 9.044883129947022260e-01 9.045232279647440476e-01 9.045192804946455833e-01 9.047377541593787376e-01 9.047800908432330758e-01 9.053316809046220159e-01 9.062608403165944848e-01 9.071634529862356855e-01 9.082076690721563317e-01 9.091788885650032848e-01 9.111603525153635363e-01 9.139872183323829447e-01 9.164590891213184598e-01 9.185423302557651493e-01 9.216573143488246966e-01 9.228178394651508354e-01 9.256750138332094924e-01 9.279080930010702444e-01 9.290516544221359974e-01
-1.000000000000000000e+00 -1.000000000000000000e+00 -1.000000000000000000e+00 -1.000000000000000000e+00 -1.000000000000000000e+00 -1.000000000000000000e+00 -1.000000000000000000e+00 -1.000000000000000000e+00 -1.000000000000000000e+00 -1.000000000000000000e+00 -1.000000000000000000e+00 9.157144597718842594e-01 9.127760775138380467e-01 9.104546542179385860e-01 9.077526604821307687e-01 9.054063924842828959e-01 9.032137397206065899e-01 9.006392593830661042e-01 8.987544464552318368e-01 8.964081044714637958e-01 8.947515151609981565e-01 8.927743058154165023e-01 8.911353686320480083e-01 8.895243625776561025e-01 8.885578361541207615e-01 8.875151404079132389e-01 8.865951086740627707e-01 8.859567111500197267e-01 8.851657968864198311e-01 8.847861377088613866e-01 8.847160892833949575e-01 8.846291806548305381e-01 8.847073788185223497e-01 8.851160461594062001e-01 8.856983324939966540e-01 8.863641392584854506e-01 8.874553153501760772e-01 8.885507902190433738e-01 8.897444826969889142e-01 8.912261409198619644e-01 8.928845719818555571e-01 8.951235141567832621e-01 8.967330420813234282e-01 8.982733421361543957e-01 8.998821959883435140e-01 9.010224721161722572e-01 9.019607229317909702e-01 9.027726928963917263e-01 9.030212960470559436e-01 9.033466815752912993e-01 9.037558544942115857e-01 9.038012228833706141e-01 9.038579724689128625e-01 9.038334918394195228e-01 9.039264899839818401e-01 9.039413223122049201e-01 9.042210341723380118e-01 9.046197190929822218e-01 9.049997745993406673e-01 9.056563502357172224e-01 9.069691499168456295e-01 9.082883385089766115e-01 9.103382192943587636e-01 9.124988604698778261e-01 9.151171063119266647e-01 9.181186213501046911e-01 9.194612266712460791e-01 9.204448269442861985e-01 9.245757293155519863e-01 9.265856714561463425e-01
-1.000000000000000000e+00 -1.000000000000000000e+00 -1.000000000000000000e+00 -1.000000000000000000e+00 -1.000000000000000000e+00 -1.000000000000000000e+00 -1.000000000000000000e+00 -1.000000000000000000e+00 -1.000000000000000000e+00 -1.000000000000000000e+00 -1.000000000000000000e+00 -1.000000000000000000e+00 -1.000000000000000000e+00 9.076875463765403662e-01 9.052104919442024444e-01 9.031899020451739091e-01 9.010951045701791617e-01 8.988605307229668995e-01 8.969974547626259342e-01 8.949681833636865536e-01 8.932255009483217600e-01 8.914950203982570098e-01 8.900778064338250584e-01 8.886660226166487320e-01 8.874123697629192620e-01 8.865874874726823451e-01 8.857401515147406146e-01 8.849478344976078326e-01 8.845146821002287663e-01 8.840439477717576544e-01 8.837918254336726287e-01 8.837738144388682660e-01 8.839253244452252023e-01 8.841686564236145296e-01 8.847221891144055883e-01 8.855195677905488560e-01 8.864764607179225209e-01 8.874359019081815569e-01 8.886895311158143906e-01 8.904255904485343098e-01 8.917349192613934772e-01 8.935512520847569418e-01 8.949336575857996801e-01 8.966992651064545905e-01 8.985233298665614710e-01 8.998021495953328897e-01 9.004720688847379639e-01 9.013804209612188423e-01 9.019148358946327271e-01 9.025226718028352968e-01 9.028065595521101994e-01 9.029151166697975128e-01 9.030617307108919078e-01 9.030210305951700267e-01 9.031145082633904586e-01 9.032581997918239791e-01 9.032050544513274826e-01 9.035538070836300895e-01 9.036178131342124109e-01 9.041684678935565378e-01 9.049465606823809960e-01 9.058825178461304972e-01 9.071007124665130261e-01 9.090430465555313644e-01 9.109465804911490716e-01 9.128438749192533397e-01 9.147761815996653390e-01 9.179158648958029021e-01 9.201980447589486189e-01 9.229886447858260956e-01
-1.000000000000000000e+00 -1.000000000000000000e+00 -1.000000000000000000e+00 -1.000000000000000000e+00 -1.000000000000000000e+00 -1.000000000000000000e+00 -1.000000000000000000e+00 -1.000000000000000000e+00 -1.000000000000000000e+00 -1.000000000000000000e+00 -1.000000000000000000e+00 -1.000000000000000000e+00 -1.000000000000000000e+00 -1.000000000000000000e+00 9.030941044130194051e-01 9.011988201597560533e-01 8.987766212687529066e-01 8.969998514778070309e-01 8.948784038930657214e-01 8.933110560937023159e-01 8.915851783179783441e-01 8.902743052556132408e-01 8.886864241425787014e-01 8.874897120488466351e-01 8.865050512607391964e-01 8.855867132990117296e-01 8.847390666245565916e-01 8.840298906054250283e-01 8.836821844821295402e-01 8.832364393616336518e-01 8.829362077740895431e-01 8.829396960805697692e-01 8.830704643137476939e-01 8.833496513930120253e-01 8.840283552627593577e-01 8.844542638659868006e-01 8.855251403135723232e-01 8.864128713879043664e-01 8.877404028927028401e-01 8.886937053320341784e-01 8.901896875542985033e-01 8.921854788724291607e-01 8.936166748832593543e-01 8.952298659807688130e-01 8.967721746801542437e-01 8.981984109320118037e-01 8.990360047007132094e-01 9.000392778186384612e-01 9.007682430370950177e-01 9.011743412660994101e-01 9.016253516767561704e-01 9.018163255546022272e-01 9.021148150682820610e-01 9.020902630061108374e-01 9.021473309106071703e-01 9.023433741800775953e-01 9.023140209795283972e-01 9.024430202212012642e-01 9.025607539800082346e-01 9.029418107630792223e-01 9.034491077509229084e-01 9.040093962344444289e-01 9.047972465997560221e-01 9.065946767570898235e-01 9.082254683182389154e-01 9.084256349263839514e-01 9.116598998458376180e-01 9.135481428206142507e-01 9.150252870392735494e-01 9.195839506882131920e-01
-1.000000000000000000e+00 -1.000000000000000000e+00 -1.000000000000000000e+00 -1.000000000000000000e+00 -1.000000000000000000e+00 -1.000000000000000000e+00 -1.000000000000000000e+00 -1.000000000000000000e+00 -1.000000000000000000e+00 -1.000000000000000000e+00 -1.000000000000000000e+00 -1.000000000000000000e+00 -1.000000000000000000e+00 -1.000000000000000000e+00 -1.000000000000000000e+00 8.988497301783140436e-01 8.969729596148730000e-01 8.952129834077300341e-01 8.935327637967107606e-01 8.919635710463823530e-01 8.901724057231252818e-01 8.889730048503617921e-01 8.876626808320992046e-01 8.863755330591722714e-01 8.854381753130757815e-01 8.845520632401495664e-01 8.836976789747601480e-01 8.831948228830975856e-01 8.826812354895305912e-01 8.823771187442687181e-01 8.822388533960862089e-01 8.821873078103557031e-01 8.822574535372603721e-01 8.824279949894168196e-01 8.829479832458366761e-01 8.836662724173325323e-01 8.844424867452453931e-01 8.854067853081485362e-01 8.863008194015022934e-01 8.879129258772293642e-01 8.892019928860401823e-01 8.905790477438690900e-01 8.921507010453082476e-01 8.935164994455719878e-01 8.952313383418204484e-01 8.966925763550938067e-01 8.974911688703014478e-01 8.985218548851351406e-01 8.991355143001309447e-01 9.000406246021276369e-01 9.003948676183980426e-01 9.005532936917760578e-01 9.008595671368647695e-01 9.010626338595852935e-01 9.010769249621742860e-01 9.013180683484076638e-01 9.013121521561897609e-01 9.015999086405676044e-01 9.014732917872528839e-01 9.018883640950220437e-01 9.021655466953519831e-01 9.024008372507095199e-01 9.028864629037320899e-01 9.044991347338636745e-01 9.052067571192607964e-01 9.068698607637178943e-01 9.080760892273217477e-01 9.114518092083403467e-01 9.123663884041269823e-01 9.149960153872055413e-01
-1.000000000000000000e+00 -1.000000000000000000e+00 -1.000000000000000000e+00 -1.000000000000000000e+00 -1.000000000000000000e+00 -1.000000000000000000e+00 -1.000000000000000000e+00 -1.000000000000000000e+00 -1.000000000000000000e+00 -1.000000000000000000e+00 -1.000000000000000000e+00 -1.000000000000000000e+00 -1.000000000000000000e+00 -1.000000000000000000e+00 -1.000000000000000000e+00 -1.000000000000000000e+00 8.949834832844527632e-01 8.935865510080198693e-01 8.915541306597298821e-01 8.903732682625060679e-01 8.890099166050088320e-01 8.875357279262993115e-01 8.863083260480234538e-01 8.855190052038329762e-01 8.841911489948734992e-01 8.834452432858819204e-01 8.828130046082786064e-01 8.822661367976208924e-01 8.818321579420493883e-01 8.815328479917363680e-01 8.812081564995698502e-01 8.812292182575225397e-01 8.814373072766713557e-01 8.816499305878389148e-01 8.821797855173051373e-01 8.825582750885804240e-01 8.835638359201640757e-01 8.845242910350173959e-01 8.855106540148706129e-01 8.866189288652844835e-01 8.879510861183179671e-01 8.898087328579602495e-01 8.909075127544493489e-01 8.921341312018057357e-01 8.936439156338243928e-01 8.951949583391165532e-01 8.960813929438413705e-01 8.969816549078954981e-01 8.980436984182654792e-01 8.984094254769161569e-01 8.989018277791037681e-01 8.994095510837082363e-01 8.997586084025634978e-01 8.996417346114178315e-01 9.000460901997384688e-01 9.000365859103358623e-01 9.003507896248544862e-01 9.004354451008904636e-01 9.004650559320312997e-01 9.008874005468164858e-01 9.008551808359857027e-01 9.010556718514090013e-01 9.015668675854042746e-01 9.020661704900747591e-01 9.039049250892783327e-01 9.042988927940348587e-01 9.054629213292890721e-01 9.079763864068932655e-01 9.099878171918212022e-01 9.117263891294341560e-01
-1.000000000000000000e+00 -1.000000000000000000e+00 -1.000000000000000000e+00 -1.000000000000000000e+00 -1.000000000000000000e+00 -1.000000000000000000e+00 -1.000000000000000000e+00 -1.000000000000000000e+00 -1.000000000000000000e+00 -1.000000000000000000e+00 -1.000000000000000000e+00 -1.000000000000000000e+00 -1.000000000000000000e+00 -1.000000000000000000e+00 -1.000000000000000000e+00 -1.000000000000000000e+00 -1.000000000000000000e+00 8.916830332492772238e-01 8.902105734572067774e-01 8.887562816565205415e-01 8.873944230396341171e-01 8.863915083053391930e-01 8.852434690402731787e-01 8.841651996707673433e-01 8.832329544437833579e-01 8.825466316807405454e-01 8.818896742011802514e-01 8.812588245909589446e-01 8.810000583857823253e-01 8.805292862040546842e-01 8.805691989652255636e-01 8.804396505218011759e-01 8.805947150561559411e-01 8.809961651916764502e-01 8.813684629651806768e-01 8.819508213774452932e-01 8.826923241755297855e-01 8.835547995041990177e-01 8.846076719226615426e-01 8.856860046793972874e-01 8.870965118311150421e-01 8.882728946782585400e-01 8.893851544195156000e-01 8.910610083038205120e-01 8.924870356840106655e-01 8.937467011473234635e-01 8.950568807745626909e-01 8.957073539152451414e-01 8.963894562082278528e-01 8.970823136703101053e-01 8.975243947319894167e-01 8.980933491074164499e-01 8.983276918425359137e-01 8.985710895851926061e-01 8.986947790915326140e-01 8.991533011001351383e-01 8.992509488034788889e-01 8.992785469083875993e-01 8.994855746868175572e-01 8.994786037599820094e-01 8.997882934213758954e-01 9.001194787889054139e-01 9.003836037248731383e-01 9.013623815549687279e-01 9.014925953072474574e-01 9.028183291254515686e-01 9.042551115344299451e-01 9.049702257183617204e-01 9.077991509395917369e-01 9.100154023036877149e-01
-1.000000000000000000e+00 -1.000000000000000000e+00 -1.000000000000000000e+00 -1.000000000000000000e+00 -1.000000000000000000e+00 -1.000000000000000000e+00 -1.000000000000000000e+00 -1.000000000000000000e+00 -1.000000000000000000e+00 -1.000000000000000000e+00 -1.000000000000000000e+00 -1.000000000000000000e+00 -1.000000000000000000e+00 -1.000000000000000000e+00 -1.000000000000000000e+00 -1.000000000000000000e+00 -1.000000000000000000e+00 -1.000000000000000000e+00 -1.000000000000000000e+00 8.872193347748201786e-01 8.860625216419975025e-01 8.851790020231595779e-01 8.839998808819204967e-01 8.830521992802533582e-01 8.821752864103964420e-01 8.814891405131402013e-01 8.808001247579497761e-01 8.803983370881443005e-01 8.800061630525749523e-01 8.798351457139292897e-01 8.797760326885406545e-01 8.797060466803038326e-01 8.798822507356075517e-01 8.802400102702787610e-01 8.806000357801632150e-01 8.811602733989634118e-01 8.818840988171913198e-01 8.827782715248260192e-01 8.836869585917213055e-01 8.849120024978774923e-01 8.861818003993721105e-01 8.872899714248169145e-01 8.885692469882691125e-01 8.899224456495762325e-01 8.914120931581079876e-01 8.925311334993567547e-01 8.935930688528497257e-01 8.942231704881249410e-01 8.952495431767996115e-01 8.957664017741917561e-01 8.963917080360885858e-01 8.967731897014676878e-01 8.970537006032178740e-01 8.974794601400791771e-01 8.977803849988967855e-01 8.978415867168962894e-01 8.979798830464500448e-01 8.982717070065721066e-01 8.984173488286448794e-01 8.984958826197024795e-01 8.985815688618467023e-01 8.989912725390993842e-01 8.993652613738348789e-01 8.997255605941709700e-01 9.005522804293237815e-01 9.012038575685136221e-01 9.027326715188577211e-01 9.043621504139960354e-01 9.066278913403561512e-01 9.076107240717050662e-01
-1.000000000000000000e+00 -1.000000000000000000e+00 -1.000000000000000000e+00 -1.000000000000000000e+00 -1.000000000000000000e+00 -1.000000000000000000e+00 -1.000000000000000000e+00 -1.000000000000000000e+00 -1.000000000000000000e+00 -1.000000000000000000e+00 -1.000000000000000000e+00 -1.000000000000000000e+00 -1.000000000000000000e+00 -1.000000000000000000e+00 -1.000000000000000000e+00 -1.000000000000000000e+00 -1.000000000000000000e+00 -1.000000000000000000e+00 -1.000000000000000000e+00 -1.000000000000000000e+00 8.849750447044498758e-01 8.837518481078333599e-01 8.827793230471755459e-01 8.819961776501099582e-01 8.812021140661466800e-01 8.804854194555038482e-01 8.798878603284212563e-01 8.795370351740283699e-01 8.792043173429683334e-01 8.790738595110967335e-01 8.788856225870304018e-01 8.789971364989472846e-01 8.791564647118383924e-01 8.794342653100695184e-01 8.800208770713074946e-01 8.804376517189939078e-01 8.812098940009074344e-01 8.821202104252292564e-01 8.830556713789271539e-01 8.843134749056453803e-01 8.852555901735602584e-01 8.864096633502656086e-01 8.876282487697902956e-01 8.889177309154544515e-01 8.901284559787042694e-01 8.912507297549954188e-01 8.922302186189775552e-01 8.930565775301338993e-01 8.941763270837664868e-01 8.943635984987809984e-01 8.950841977941993433e-01 8.954526682573098473e-01 8.961378937006551082e-01 8.964639870797084242e-01 8.965794414394125944e-01 8.967278840485636282e-01 8.969873798153098488e-01 8.973030730407851596e-01 8.973861678598052949e-01 8.976045412661856071e-01 8.977399475614245006e-01 8.980868729569768671e-01 8.983218872261674592e-01 8.991061746322395187e-01 8.996997206429465654e-01 9.004027812736481451e-01 9.020237999258593486e-01 9.039253109615243975e-01 9.054644524447885701e-01 9.079523061455423427e-01
-1.000000000000000000e+00 -1.000000000000000000e+00 -1.000000000000000000e+00 -1.000000000000000000e+00 -1.000000000000000000e+00 -1.000000000000000000e+00 -1.000000000000000000e+00 -1.000000000000000000e+00 -1.000000000000000000e+00 -1.000000000000000000e+00 -1.000000000000000000e+00 -1.000000000000000000e+00 -1.000000000000000000e+00 -1.000000000000000000e+00 -1.000000000000000000e+00 -1.000000000000000000e+00 -1.000000000000000000e+00 -1.000000000000000000e+00 -1.000000000000000000e+00 -1.000000000000000000e+00 -1.000000000000000000e+00 8.825218102645617790e-01 8.817143336155843780e-01 8.809714172045999270e-01 8.802969602546817374e-01 8.795489252526285107e-01 8.792690613708412650e-01 8.787798613188336772e-01 8.783960711404464883e-01 8.782863608502672337e-01 8.782849399567627113e-01 8.783541963959192733e-01 8.786445101338281605e-01 8.789442439759834746e-01 8.793824549939418533e-01 8.800911964638744589e-01 8.807494747341128027e-01 8.816421963790209704e-01 8.824544017378146421e-01 8.835550759082438921e-01 8.846657707172452811e-01 8.857491216431138126e-01 8.870000158606881069e-01 8.879378856648065810e-01 8.891584913375611965e-01 8.902072537531846574e-01 8.911586429285029975e-01 8.920950281246150526e-01 8.928111163614717016e-01 8.936595667177171798e-01 8.941444197694794482e-01 8.946626200551874852e-01 8.947321097062611583e-01 8.951510446089423478e-01 8.955045060046956662e-01 8.958264504238552250e-01 8.961342449539353439e-01 8.961961169789866011e-01 8.967173314121817951e-01 8.967740090160134514e-01 8.972098290907941642e-01 8.974249976505250803e-01 8.976024556103492369e-01 8.982758884039513392e-01 8.992550326360277957e-01 9.001826232879377443e-01 9.021551214050317347e-01 9.033767817872144779e-01 9.052136265103600810e-01 9.065223696164019795e-01
-1.000000000000000000e+00 -1.000000000000000000e+00 -1.000000000000000000e+00 -1.000000000000000000e+00 -1.000000000000000000e+00 -1.000000000000000000e+00 -1.000000000000000000e+00 -1.000000000000000000e+00 -1.000000000000000000e+00 -1.000000000000000000e+00 -1.000000000000000000e+00 -1.000000000000000000e+00 -1.000000000000000000e+00 -1.000000000000000000e+00 -1.000000000000000000e+00 -1.000000000000000000e+00 -1.000000000000000000e+00 -1.000000000000000000e+00 -1.000000000000000000e+00 -1.000000000000000000e+00 -1.000000000000000000e+00 -1.000000000000000000e+00 8.807466006579126594e-01 8.799991533593058968e-01 8.794182605044993384e-01 8.789079172078845259e-01 8.784254133859937808e-01 8.779872325374822317e-01 8.777276159349733931e-01 8.776606111698855850e-01 8.776744483450347190e-01 8.777399521840864027e-01 8.779666277626122506e-01 8.784166576911494051e-01 8.788940486065873747e-01 8.795130937475288402e-01 8.802381220176628274e-01 8.811643303103617875e-01 8.819879270913881797e-01 8.829864263253736079e-01 8.841295273061319238e-01 8.852707945919922050e-01 8.865369387170249915e-01 8.875096469497337770e-01 8.886182642015474364e-01 8.895913627344090857e-01 8.905098081969878843e-01 8.910386336000275520e-01 8.920188851174339906e-01 8.927009558251449706e-01 8.931486277062955503e-01 8.934727305314891233e-01 8.939233947703100203e-01 8.944133846185279291e-01 8.946826042262984169e-01 8.949314718991432382e-01 8.952968342554297188e-01 8.956252736738702369e-01 8.959952554859437202e-01 8.961160419239747599e-01 8.963836316289579553e-01 8.969004352373105560e-01 8.975200529460676258e-01 8.982180054674940850e-01 8.993303385715328835e-01 9.005820882078461320e-01 9.022799283043222429e-01 9.039898008995965739e-01 9.074129200466618528e-01 9.097903298613200240e-01
-1.000000000000000000e+00 -1.000000000000000000e+00 -1.000000000000000000e+00 -1.000000000000000000e+00 -1.000000000000000000e+00 -1.000000000000000000e+00 -1.000000000000000000e+00 -1.000000000000000000e+00 -1.000000000000000000e+00 -1.000000000000000000e+00 -1.000000000000000000e+00 -1.000000000000000000e+00 -1.000000000000000000e+00 -1.000000000000000000e+00 -1.000000000000000000e+00 -1.000000000000000000e+00 -1.000000000000000000e+00 -1.000000000000000000e+00 -1.000000000000000000e+00 -1.000000000000000000e+00 -1.000000000000000000e+00 -1.000000000000000000e+00 -1.000000000000000000e+00 8.791521831718233093e-01 8.786021002805471936e-01 8.781077205018652521e-01 8.777076295217364210e-01 8.772630478894317685e-01 8.771352042267909210e-01 8.770994305587765938e-01 8.770991547646931341e-01 8.772990816034778039e-01 8.775874212590339951e-01 8.779435769892208752e-01 8.783506213067110435e-01 8.791016878669297707e-01 8.799782553176971334e-01 8.808769256488211408e-01 8.820175439148586483e-01 8.827332127356419811e-01 8.836429967355512449e-01 8.848850766507210253e-01 8.859111691454173432e-01 8.870064213327106817e-01 8.880900695444615689e-01 8.889267307750909897e-01 8.898129441464178724e-01 8.906909733210554014e-01 8.913025779251367853e-01 8.919799160779426916e-01 8.925066943985817680e-01 8.929984952416143429e-01 8.933961235702844172e-01 8.939157869969412973e-01 8.940070836478127836e-01 8.944245172705456159e-01 8.946819331432540601e-01 8.951787142651197460e-01 8.954241547994662431e-01 8.958965407567200945e-01 8.961505157658619103e-01 8.968778136974369097e-01 8.977672930939476492e-01 8.987223747101147353e-01 9.003851731351841803e-01 9.014502416645930882e-01 9.024398493358173345e-01 9.061196625626699586e-01 9.083812708151246529e-01 9.115614863179332117e-01
-1.000000000000000000e+00 -1.000000000000000000e+00 -1.000000000000000000e+00 -1.000000000000000000e+00 -1.000000000000000000e+00 -1.000000000000000000e+00 -1.000000000000000000e+00 -1.000000000000000000e+00 -1.000000000000000000e+00 -1.000000000000000000e+00 -1.000000000000000000e+00 -1.000000000000000000e+00 -1.000000000000000000e+00 -1.000000000000000000e+00 -1.000000000000000000e+00 -1.000000000000000000e+00 -1.000000000000000000e+00 -1.000000000000000000e+00 -1.000000000000000000e+00 -1.000000000000000000e+00 -1.000000000000000000e+00 -1.000000000000000000e+00 -1.000000000000000000e+00 -1.000000000000000000e+00 -1.000000000000000000e+00 8.774617274456396609e-01 8.771470038316756535e-01 8.769552458458387267e-01 8.767695076708138524e-01 8.767166645107982159e-01 8.766906103439362496e-01 8.769851754105819630e-01 8.772669624391128407e-01 8.778017857303599403e-01 8.783775796544309733e-01 8.789914384211248155e-01 8.797605430366582935e-01 8.805544717815448896e-01 8.817552859984885139e-01 8.825233713991256224e-01 8.837461996724473856e-01 8.847181535531227770e-01 8.858528748844906042e-01 8.867616238660187555e-01 8.877827938815761044e-01 8.886442016706392888e-01 8.895288791609992085e-01 8.902648233079979434e-01 8.910244795343194024e-01 8.914967063979933881e-01 8.920561048724610087e-01 8.926598333615293202e-01 8.931031753110570959e-01 8.934090515466474036e-01 8.938576078612761044e-01 8.942205256922697298e-01 8.946874954409846925e-01 8.949677082086628932e-01 8.955000551433607292e-01 8.959633758542140392e-01 8.961899640293850000e-01 8.974341139157414604e-01 8.987284679335105775e-01 8.998139768341282263e-01 9.017394584152111925e-01 9.038946352862854416e-01 9.062964391148136123e-01 9.109298034682492551e-01 9.138200878022091356e-01 9.157980946633523800e-01
-1.000000000000000000e+00 -1.000000000000000000e+00 -1.000000000000000000e+00 -1.000000000000000000e+00 -1.000000000000000000e+00 -1.000000000000000000e+00 -1.000000000000000000e+00 -1.000000000000000000e+00 -1.000000000000000000e+00 -1.000000000000000000e+00 -1.000000000000000000e+00 -1.000000000000000000e+00 -1.000000000000000000e+00 -1.000000000000000000e+00 -1.000000000000000000e+00 -1.000000000000000000e+00 -1.000000000000000000e+00 -1.000000000000000000e+00 -1.000000000000000000e+00 -1.000000000000000000e+00 -1.000000000000000000e+00 -1.000000000000000000e+00 -1.000000000000000000e+00 -1.000000000000000000e+00 -1.000000000000000000e+00 -1.000000000000000000e+00 8.766996842101797416e-01 8.764886915952451174e-01 8.763980931644079764e-01 8.763065786201044149e-01 8.764894847327393546e-01 8.766898290894373780e-01 8.770159561141069871e-01 8.776333539492374713e-01 8.782471378351793811e-01 8.788478692151825422e-01 8.797437575576413371e-01 8.807585723038079406e-01 8.816924755190500562e-01 8.828424433605562838e-01 8.836992755604194949e-01 8.846792560586658194e-01 8.858711463249110407e-01 8.868683273424793345e-01 8.878500215639668625e-01 8.885536669680520472e-01 8.894694781777686687e-01 8.900612946081351007e-01 8.907926195904319888e-01 8.912800563874703208e-01 8.918779467853423792e-01 8.925675342106160759e-01 8.930323664358247315e-01 8.934330341699593392e-01 8.937941236107702636e-01 8.943558688573968185e-01 8.948726630969604523e-01 8.954132728475334702e-01 8.962237826863541645e-01 8.969408753246664867e-01 8.979694510468720914e-01 8.996900632695967737e-01 9.017207322811646719e-01 9.037936913562549801e-01 9.063506255568668513e-01 9.109171382120395677e-01 9.131006700367484408e-01 9.164104330371939389e-01 9.204609675207270358e-01 9.234713962009328814e-01
