2.068168176180039766e-224 3.649090551239618368e-205 2.175400205927264015e-190 6.727943400613021370e-171 3.211355530693478742e-152 2.536863586354445438e-139 3.914939593523482646e-127 4.904776586239490273e-114 3.826987192810103849e-104 2.549586704828978524e-92 5.251772725058219861e-85 6.785991894152337312e-76 2.836657106390833838e-66 1.246503687157479056e-58 2.657417708171647517e-53 4.774935845850260453e-46 6.057327630771511898e-40 1.026772399966890210e-36 4.054592744761161392e-31 4.871991453154746214e-28 9.653569181386513079e-24 5.195422975292706681e-21 1.184761331805858182e-18 1.810247901995420272e-16 1.446257751922086685e-13 2.811419226271366208e-12 6.730356958114436172e-11 1.669193145660033417e-09 1.050518569387046931e-08 7.938336061166559847e-08 2.718329609750281589e-07 5.467444024236364524e-07 1.244929510649972678e-06 1.935531536758936843e-06 2.747297656739598581e-06 2.473353209100530419e-06 1.231849434281918155e-06 3.615377744097307133e-07 1.243116441178808480e-07 8.830341823598372410e-08 4.517392664561893582e-08 1.066407373902239171e-08 1.607890363057917636e-09 5.416348029029966669e-10 1.730985205637505611e-12 1.940015474640976109e-13 1.230757491499774208e-13 8.631900239224676401e-15 2.020540477415945495e-15 5.268251113006088788e-18 1.043991712745667129e-17 4.555592206247994233e-19 3.686272566562659968e-20 8.975842159711685892e-22 7.168514273463001253e-23 6.542740709792424048e-24 5.979915079982960958e-25 2.747280623284548498e-24 7.218426537711431044e-25 5.512041837036649462e-27 9.252023901589485441e-28 1.313486457487315339e-28 1.097167275364638334e-29 2.675985470090035876e-28 4.437153045980803529e-31 3.315236296588210688e-30 2.196402483708043694e-31 2.988287258753337014e-32 2.137543660388004112e-33 2.052193574746611904e-33
1.376969876849413716e-221 2.809728192006345099e-205 8.245296319991119072e-183 2.205794059395179181e-169 1.581304627052855781e-151 9.752040766054114609e-132 6.138783149010724844e-129 2.153993759507077909e-115 9.075218827705465468e-99 1.704038018664784320e-93 2.083630808342268744e-82 1.985612013914674001e-76 1.207107547000573649e-66 1.520273236292871080e-58 9.698514920186144510e-52 1.181175701299296024e-47 2.253673789282977848e-40 4.009143705362960369e-36 1.651672170967815768e-31 4.986625122076904029e-28 2.163027273550565389e-24 7.807747188368838899e-22 8.848642894091257158e-19 1.310025330384590756e-15 1.179705216656740291e-13 1.158147687752371619e-12 1.327009446171724509e-10 2.058863785412750582e-09 1.853235805017458070e-08 9.649286654075311884e-08 2.576453368685398581e-07 9.407144059735420847e-07 1.930982982364103162e-06 2.640820235602429748e-06 4.053181686503362309e-06 2.740007227544246709e-06 1.347789456532754408e-06 1.560650092704318647e-06 4.437185551015471320e-07 2.009961705539175300e-07 5.174905105801043650e-08 1.498383436042372278e-08 1.821316023023283024e-09 9.105209909937050104e-11 1.317471416149298847e-11 1.357074261800338921e-12 4.260272414748835252e-13 2.083305247736179425e-15 6.614021893704650944e-16 1.635469588772672951e-16 4.109864072765937595e-19 1.035579352078822214e-17 6.582248996093472500e-21 6.073017800290328998e-22 1.250706104407587204e-22 1.305408340717086846e-23 1.207518694922933579e-24 1.858504903538952706e-24 1.843410231966056769e-25 1.182134024997291677e-27 1.812744087030667487e-27 2.941155111622451646e-29 7.685588841260358707e-28 1.727783329975125499e-29 1.739776165359700675e-31 4.528841094527546715e-32 4.553872885051059695e-32 2.198144812115538853e-33 3.982162760170893686e-32 2.784747573479955005e-34
3.739474176371469752e-216 8.298780413161317557e-208 2.607219410735783512e-177 4.631952659474429445e-170 4.472379064336897665e-148 9.287114305838516148e-135 1.322388178852370515e-123 1.130205189145014480e-114 3.259225172806804546e-100 2.968209698787041621e-90 1.294878246259222396e-79 1.888196538250459216e-72 3.948259817118193385e-65 6.762974215804617724e-59 3.338827738496528817e-52 1.226269334044020737e-46 1.047320341202614518e-39 3.447819697212432348e-35 1.139667075623162589e-30 2.503989276619638338e-27 9.196308819128874538e-24 5.418963232896467655e-21 3.715839324685795626e-18 9.571682470229492368e-16 2.994663630254215059e-13 1.313308353943673601e-11 2.948917697836563679e-10 4.159831882497546331e-09 3.689949271255524012e-08 1.102741306928215006e-07 4.670460476130553923e-07 6.688338095026625845e-07 3.676341119178270828e-06 3.771314376436206567e-06 3.811048209696207175e-06 4.666381887936034043e-06 1.466346497544836205e-06 3.014740268439744858e-06 1.046441056696090734e-06 1.732574343392125684e-07 6.673304115675657183e-08 1.096814477663822831e-08 1.226997433215745209e-09 7.742601953612755655e-11 1.993886469022661066e-11 4.927738034699236968e-12 3.402087356280865878e-13 9.739753677946800047e-15 1.150306572066930722e-15 7.589888716760797388e-17 3.321693212367458343e-18 9.410411298769220341e-19 7.944260986173190743e-20 8.916374862566849445e-21 3.678265383018729692e-21 1.469047295650637582e-24 9.274168175911537861e-24 6.402973419813059743e-25 7.213312427580109204e-26 1.118376688563655067e-26 4.689120323881224377e-29 2.412851890588535971e-28 8.825915242271555150e-29 5.134354184856324806e-30 2.860358876118147815e-30 2.427456194205421293e-30 2.876102761801401939e-32 2.554427891979190411e-32 2.578939209590084085e-33 2.214395066570849715e-34
1.027402278102643016e-214 4.372892140297388450e-196 7.953603469152993308e-184 8.783782232206248335e-167 5.172934016761541674e-149 2.755220144572652573e-138 7.968266973110179879e-126 8.632170892530960096e-109 4.782661704964427324e-101 1.126481499676190369e-89 4.969985941894712635e-83 2.744094855538361553e-73 3.084441135187115221e-64 1.217752274290854362e-57 1.093229165804602524e-51 7.175528650650829359e-44 2.191133691656693092e-40 2.837204516426732068e-35 4.450634023018385049e-30 6.595460300690450072e-26 3.647754162823627147e-23 1.624898733597619114e-20 1.326478463869017458e-17 6.612884885802787645e-15 9.020545567924365187e-14 3.137780918933266701e-11 1.834233747155544445e-10 4.853965698505412654e-09 3.420896036350348054e-08 2.117571937201180768e-07 1.370264556361700432e-06 2.333489110823806318e-06 4.284451479593138294e-06 5.485388136193255842e-06 4.511497910560110027e-06 3.945652822042628988e-06 4.418657230235040426e-06 1.835031951190514198e-06 1.684813611896009749e-06 4.471657899326729787e-07 3.037632215595310251e-08 1.863400303080909392e-08 2.643753105453140885e-09 4.242690320069707892e-10 2.818615852490108395e-11 1.122272112007874298e-11 5.123124402430881872e-13 1.299481687970194052e-14 1.882303329143121959e-15 1.250888530106397336e-16 2.081137158739206114e-17 3.582479453868732077e-19 4.572394789261950470e-20 3.034590876630892395e-21 1.523225229345014539e-22 2.837897380744364363e-22 6.213341938037423963e-23 2.160463113858667766e-25 6.369180751258407379e-25 4.921623646422501428e-27 5.302429302827069066e-28 1.009585778242116949e-27 1.217853983236659126e-28 4.046335005239895684e-29 2.336527459326374481e-30 3.829320919066073543e-29 7.005304072300741761e-32 1.557763822563095908e-32 6.617465082095432503e-34 9.441764552107944411e-34
5.585077184984762488e-225 6.848562487472673223e-199 1.744658519582797218e-180 3.799715118950520765e-165 1.622418175146593897e-148 5.492167247494312624e-131 2.483017050203353889e-124 4.065393092953729213e-106 6.652078438714771896e-98 2.678697744779948635e-90 2.406939759691704090e-82 3.701012143218190918e-72 3.175836230812005243e-63 3.123608760033233988e-58 1.905248574859845399e-50 3.496732099409446267e-46 1.987469424498361130e-38 3.836892630163149473e-34 5.613371782165419487e-30 6.125014834726805231e-27 1.309181320473493846e-22 5.482903980752574532e-20 1.847093827958749270e-17 3.822689835058648485e-15 1.322319942580109667e-12 2.532070596180058279e-11 4.954827091347842836e-10 5.570589989698985718e-09 1.013782388545029831e-07 2.362648587854526125e-07 9.215663514052917237e-07 2.050537605814257468e-06 3.668547406359941911e-06 9.165372421193843664e-06 8.141218256416178864e-06 1.375208237179628521e-05 5.340279807069851049e-06 3.221878997442078734e-06 1.245991310266296613e-06 4.415036730990478629e-07 1.327095905860686841e-07 4.662461839966211961e-08 5.819627757825227649e-09 1.091902008319212984e-08 4.039927058638406723e-11 3.833004882030152200e-12 2.497049849225219605e-13 5.443176649397138810e-14 8.899592869277939241e-15 3.121495787960536314e-16 7.196680600245771306e-17 6.171094301576514035e-19 1.470037325335052795e-19 3.902645506522180339e-20 2.358249116670074411e-22 2.960391845956602765e-22 1.700815178203778338e-22 1.533528190037583096e-23 6.366613023484841190e-26 1.428670240605025620e-26 2.619542407721340854e-27 5.502577965577261549e-28 5.685751092917759496e-27 2.318347375528131499e-29 1.142066707356142583e-29 4.233901100741740967e-29 3.697264660077019137e-31 2.761245558471237338e-32 5.111153579387884302e-33 1.619714767747767604e-33
5.993046075876009796e-220 3.577225685642651330e-201 5.437650305821506976e-178 5.475070126357626373e-165 1.993058881121511202e-148 3.087780664301891499e-131 9.677949925447076899e-122 1.216592333895050945e-108 1.401316943500826650e-99 1.851112243405809645e-89 5.799113771799919216e-80 4.978515219474088529e-69 5.599536721627269365e-64 1.021074699339118963e-53 1.297680090609772457e-50 5.647958931324855957e-44 2.160018358223402183e-38 2.480184492821571991e-33 1.416792929858036710e-30 5.305720223366354310e-26 2.598865376634718572e-22 1.260739905838282526e-19 1.035902032096083751e-16 6.312165481959120794e-14 1.306287391133837739e-12 8.474174261681901234e-11 3.487556231086080139e-09 2.622244575837599495e-08 2.139407123420726781e-07 5.620027456924465572e-07 1.890744500250688103e-06 4.204195925656037878e-06 3.068403527394115440e-06 7.784895745724698432e-06 7.777556059659879146e-06 1.680926562989649447e-05 7.277855704065987740e-06 4.911968369050243106e-06 1.439156273032454501e-06 8.141553710322454551e-07 5.101728578931478652e-07 1.564153682767835264e-07 1.049378459824024474e-08 1.103014223897016694e-09 5.327783437140454020e-11 8.116349719760074652e-12 3.741971759446287948e-13 1.152350975802930387e-13 3.942456621750459066e-15 6.648291587296854277e-17 3.544190788247900453e-16 5.844459061752119262e-19 1.435633717537007285e-18 7.654126474402210162e-21 1.944601522929165059e-20 2.581778928562212338e-21 8.345925539088556995e-24 2.537213190745693189e-24 3.363610681542028679e-25 6.855407020208452390e-26 4.294767158731626118e-25 2.927267202056388084e-27 4.938520260604993388e-27 1.974677375562782774e-28 3.407228030097189959e-29 6.744105884525802275e-30 8.738482068866561347e-31 1.640049047737004666e-31 2.289014498247949908e-32 1.137033765943482832e-32
1.145764921254861575e-217 5.656169765141794926e-197 1.314421318733472042e-178 4.630000515131265701e-159 4.327416523681931415e-141 3.220643032928226561e-134 6.166359271054962467e-122 2.451618673811162976e-109 9.244843677491464890e-97 4.297089878320610945e-90 5.630400539272459642e-78 1.036351656495187912e-68 1.959829054817507438e-63 2.771012603636671347e-55 1.501761033560445364e-48 1.991453160241066393e-43 1.121370734827203200e-38 4.047186537900924817e-34 2.926631783101848319e-28 7.054361637507640406e-25 1.349386876433387099e-22 1.086095622091983257e-18 1.119547652226741587e-15 2.537907379299803998e-14 1.307742260331625726e-12 1.059699093364270627e-10 1.245806102228708148e-09 4.740665690247847175e-08 1.269451638167205615e-07 4.017160379505188772e-07 1.692179964559128597e-06 3.708462316947879247e-06 1.033336650647560760e-05 2.034628739957186841e-05 1.569978682930229123e-05 1.551773325593970484e-05 7.506050541386865424e-06 7.982135430930033043e-06 3.977032607860552875e-06 1.535705817737829435e-06 2.473825244566766285e-07 9.526320166244669226e-08 2.125088564826428750e-08 3.165346494676428278e-09 7.054979892180565863e-10 9.503998008718624566e-12 5.700998396383839323e-13 3.332279090068541298e-13 1.091334826316166068e-13 1.592796464169257299e-15 3.123278917865832729e-17 1.242872872008276713e-16 4.468871849267910033e-19 1.851426752165033475e-20 5.160790616980261184e-21 3.531186038231972314e-22 1.723195594507260059e-22 1.567365528545401611e-23 4.949115726419270188e-24 1.068843536001383769e-25 9.803163761813453928e-25 6.382340382743646040e-27 6.430640322240680373e-27 3.198611058818701048e-28 7.515809017828468389e-29 1.838611755734295263e-27 7.216909043216443856e-30 3.607190563500183035e-31 8.981206452966758720e-32 2.026133082771114166e-32
1.294096816977941713e-216 1.963345791913577116e-198 6.230860158127367382e-178 5.782110446531291436e-165 5.552273601084202477e-143 3.822341444329198501e-135 2.051863686160482632e-123 2.962903462002866965e-108 5.729434559115940452e-98 7.965799786752892066e-86 1.413180417728335165e-79 1.352896552556050417e-70 2.191326763257808309e-62 1.044087424410066445e-54 6.387120892863299544e-50 6.728324407424823485e-42 6.250377843588953130e-37 1.395391267897858234e-32 2.656015642096695402e-28 1.988482122836508843e-25 1.393933741708636697e-21 2.793759528979468110e-18 1.031914380549524736e-16 3.841935179309388749e-14 4.524376333799577702e-12 2.156151801337847387e-10 3.115041248868109225e-09 5.469556331245935534e-08 2.897177971838063932e-07 8.812956295965831552e-07 3.416659647313028318e-06 1.008024797414599653e-05 9.743469594728592753e-06 1.908854213907789054e-05 2.022484877305821371e-05 1.482649188990535705e-05 2.108111222487811645e-05 4.995808841475425065e-06 3.168940715794667940e-06 1.414989340956860809e-06 2.538937886348007249e-07 1.759624722432800278e-07 4.509352063942040651e-08 4.022094468384611774e-09 4.449887046294220532e-10 2.704668446449716435e-11 1.373851113408013126e-11 2.287913918648107780e-13 1.211247224584823745e-14 1.630146802379516541e-15 1.749954449278576501e-16 4.462992488750070675e-18 1.474301719945905240e-18 6.011763048195637618e-20 1.100176095420316753e-20 5.686552658426247001e-20 6.589717020497392840e-23 2.461897167500313564e-23 4.753021654598042639e-25 8.943911563462504923e-25 3.501798726638844966e-26 1.676915944834500790e-26 2.164267875489823055e-27 1.805711836903836119e-28 1.770835466601098140e-28 9.123937831149502489e-29 2.835726616057892050e-27 6.067383598027073809e-31 3.255130513178067781e-31 5.310724651392095372e-32
3.924496858408347020e-218 1.520033927599895489e-192 2.536573007290288947e-178 4.895375582827006418e-165 4.254932185475609855e-141 4.190844786156169136e-132 4.725964240748298939e-121 6.308045516678285292e-106 1.254260541867089305e-93 5.141147776379310584e-86 2.146278175317781075e-77 8.323188451078917520e-70 1.058302297186461479e-60 5.008706937681193605e-55 1.626635800291506499e-46 1.824615035581840616e-42 2.966578172230988849e-36 2.151467321375577156e-31 4.508892737191375230e-28 4.951174574207117877e-24 3.998059168371015913e-21 3.631135380445411443e-18 1.034008315817151115e-14 9.005774007497363065e-14 3.564320805824423899e-11 2.065933744511741138e-10 8.159393132947153090e-09 1.075039350575332142e-07 4.516199965172390832e-07 2.144661831326726138e-06 4.605642945834103660e-06 9.150161201018312265e-06 2.933887212850726952e-05 2.511109850302126835e-05 3.250670096650130490e-05 4.002080206265238460e-05 1.192401510347144153e-05 8.565494085140888705e-06 4.153520542093139213e-06 4.216150705196594422e-06 1.207940860286605137e-06 1.902837759089476307e-07 3.237992701081090252e-08 3.327477804934604150e-09 7.863947776635742874e-10 4.513617695470590512e-11 3.987983770460313947e-12 1.091738634212333267e-12 6.660461726590456082e-14 1.123506443830028990e-15 2.458684686983656707e-16 4.742785396744755100e-18 1.617339075715662862e-18 1.177031868841661063e-18 1.264467828072174128e-19 4.220216657314942391e-21 2.117940332201301095e-22 1.356071429116351864e-22 2.597796013152344357e-24 2.359535720505697610e-23 4.009362730404284464e-25 2.925025978516044239e-26 3.252824441782491939e-26 2.264414298079400628e-26 2.296136371764903607e-28 1.602033063090725565e-28 6.958485936898018466e-29 4.951047347980525866e-29 4.963559572687101830e-31 1.267506633435819023e-31
1.881533891896394530e-218 7.232373426528686181e-200 1.488995944480248035e-173 2.547501089792878826e-162 1.172139348509397046e-148 6.470462171924517021e-130 5.363236021632243508e-117 1.305117787405048277e-107 1.069753971161924051e-97 4.606579757544287419e-84 2.597091011125352453e-75 5.454364897786307765e-66 4.126089015688510921e-62 2.123543337708844673e-53 5.104082783971831790e-48 1.296589088685340216e-41 2.288885593638065835e-36 1.023015351819552779e-31 7.780722822076810647e-29 2.995205606631113823e-24 2.018954588222242864e-21 1.508189316136419310e-17 2.323359177728779228e-15 2.855242156686690064e-13 6.824733068153961535e-12 2.757893529884650371e-10 1.371748473366156942e-08 8.201180281942649230e-08 5.249593375183968038e-07 4.505449144739380631e-06 7.096789065321519313e-06 1.195923515034417026e-05 2.423430102575965304e-05 2.673498678830034579e-05 5.141322896671442780e-05 1.922505760315037842e-05 1.937553005979781199e-05 1.580820875825432028e-05 4.975883714236135929e-06 3.343264965563860197e-06 1.041345880047981109e-06 1.588646087293734213e-07 4.959250054017450869e-08 6.471216362141708571e-09 8.780711526142346391e-10 6.404869473501403366e-10 6.607087061749236853e-12 5.516588361063029844e-13 1.218573847057893476e-13 6.914764770041054984e-15 2.926341463491719220e-16 3.964636117096611911e-16 5.093418587880118085e-19 2.619318455859517831e-18 1.253597912137931627e-19 1.082526453428865982e-20 3.190621568315341934e-21 5.319973749683460557e-22 4.313594119142713701e-24 7.340150872595014030e-23 1.849882198772834970e-24 3.668574679471903553e-25 8.014603389393119686e-27 1.893183128212701317e-27 9.174727914545523119e-27 4.511753737089664005e-28 9.788970435058963259e-28 3.501635823606097371e-30 2.560468029471323744e-30 2.205624215181283468e-29
2.093695300658948531e-217 5.478123510705149402e-195 3.579301284079817696e-174 2.476676798598776262e-161 1.268221329241904999e-145 2.461738052490159049e-129 1.943868760355502633e-118 1.955514546402990449e-107 1.295861694525972315e-94 1.855405267618457787e-85 1.638662341835413783e-76 2.084142793429925610e-67 3.971498680451100619e-61 1.251636813262876537e-50 2.200853074648604510e-47 2.294409959414512151e-42 2.049571805451692576e-35 1.808281409719792962e-31 4.253621590750009248e-28 6.445624465366152734e-24 4.777263554771247507e-21 5.795599765930662264e-18 1.477917226037308258e-14 6.747112855535871458e-12 6.619885282486644346e-11 5.024793092054716526e-10 2.233246815564554795e-08 1.430501869943575071e-07 1.316696249556073825e-06 2.146643397859999008e-06 5.074089351722675233e-06 1.870736668840641075e-05 3.057382969063842499e-05 3.160499432641236249e-05 3.842092280535417970e-05 4.647199260428968589e-05 3.068140416790629587e-05 1.139387553738114023e-05 7.899172016496331481e-06 3.728125276465340137e-06 1.920137137784249572e-06 1.108860910610030968e-06 2.068298165411364753e-07 2.411192573071475694e-08 7.127463536242967335e-10 3.326272657020112648e-10 1.403088209844195936e-11 4.158210561621520388e-13 3.423783787871832471e-13 8.862511634654887296e-14 3.590227478862113528e-15 9.045501648910675246e-17 5.970379893384264564e-18 2.686664426480700391e-19 1.392870596537157886e-19 6.302788478572522150e-20 4.932405369969234460e-21 4.914644415386782528e-22 2.929325135336487612e-22 1.379798327262190509e-22 4.683413422316199862e-24 3.577279217194634836e-24 2.911929545380509862e-25 1.624076525640103527e-26 3.067740139911714267e-27 5.357894593027435797e-27 4.180853351205618419e-28 3.907519669205135193e-29 2.189352841849460302e-30 4.902525407297246480e-31
1.762965106837601632e-214 4.706038428296597351e-194 6.245828726920532948e-180 2.731815305414658337e-159 1.662816599916568225e-146 1.305663300646630152e-128 7.272522801905002601e-115 7.601319147177823940e-103 1.756044953159369441e-93 4.367570895134252180e-85 5.270582785040239560e-73 1.014688850628974595e-66 2.239720079361813393e-58 2.668826953271830390e-52 2.042624908941298871e-47 3.251392500686971435e-38 8.039861937181410993e-36 4.186992464976664539e-30 9.577926349421860904e-27 6.259159123533906145e-24 1.012445952958656232e-19 1.665375795499874135e-17 2.794491816278483365e-14 2.187799700339472274e-12 4.898460075507166076e-11 1.296801401187672480e-09 3.726371560582444077e-08 1.136564604067286212e-07 1.280013164882729167e-06 4.649270964789885987e-06 8.958597289889058370e-06 1.991035951231893636e-05 4.166775568655173165e-05 3.815504684982092801e-05 3.890038639219444154e-05 5.562581806025162313e-05 3.508304590661188185e-05 3.562261731241694201e-05 9.128130918554497024e-06 6.333790841568191765e-06 3.206704693506255623e-06 1.147490891339095151e-06 1.054143960813236736e-07 9.545397128940370857e-09 1.448303672962923798e-09 7.856655028392495275e-10 2.676387114489081898e-11 1.140906789856383510e-12 1.832682689177549504e-12 8.949066306519864033e-14 6.519155679853208763e-15 6.212659112674766043e-16 2.005605726573634409e-17 6.379493679432720625e-18 6.085295238169008302e-20 5.876845431186689036e-19 1.157279379986149965e-20 4.718462217560270095e-22 7.095890008682029790e-22 4.739257057072239347e-24 5.888674712173245436e-24 1.255380347113760156e-24 1.237302223423026099e-26 4.783746914700844661e-27 3.281260329310775354e-26 2.741375401970856273e-28 1.858934201520378740e-27 2.650121910826124223e-28 1.736644808693308181e-28 3.444148706930856392e-30
7.239324534550415348e-205 6.271395670294986744e-192 4.775700505397879669e-174 3.207703975609443298e-159 2.185390506501448547e-141 2.664457523356658601e-129 2.587805848144558816e-112 6.718492837121231055e-106 2.714782498110434847e-91 6.227413320505824467e-85 1.322279762471642679e-75 3.651845278485481046e-66 5.274363050409051641e-59 5.776878944903879403e-51 4.567204609109957490e-46 1.827788217715352892e-40 1.556913454905630509e-34 9.037237331565954291e-30 7.354489893349645610e-27 5.781333551432245426e-23 1.395370854454766300e-19 1.671254822587958592e-16 1.864820607807753579e-14 5.920340731507527025e-12 1.253068747180811216e-10 2.525436298132702195e-09 5.426206372316088698e-08 4.134994724461019527e-07 1.772769571972278035e-06 8.462337396358421974e-06 1.765628894564618944e-05 2.459687555059346216e-05 5.023008117639809437e-05 4.963676641495061155e-05 5.957942715768781546e-05 8.976336864937789809e-05 5.476503354760851335e-05 2.484144927503179084e-05 2.189223964017201463e-05 6.257975190939132586e-06 4.413002735054435636e-06 5.220183470311895507e-07 2.022540476471767583e-07 3.395618591257893010e-08 9.331142431612801569e-09 4.803687912739337824e-10 7.115156004137498314e-11 8.163551464686146595e-12 8.107734316964710883e-13 1.409356850886591470e-13 8.012824751027811451e-15 8.909082667166139684e-17 1.395930402358935744e-17 8.967070978026596856e-17 3.077910251143580909e-19 1.707089203677071237e-19 1.143784662374945288e-20 7.922358058077402409e-22 6.385302958547249858e-23 5.345998145646904201e-22 4.471625107483315325e-22 1.286035958910828397e-23 3.664100172972894272e-24 2.859130980225545601e-25 3.817404789753544768e-26 1.163816877041581623e-27 1.298744268014451319e-27 1.495761020507520602e-28 1.681134684088892482e-28 8.848972038218220326e-30
2.999671354109903746e-209 1.597265538294408737e-197 6.011698193283979202e-170 1.631916379647816768e-155 7.343217299343796607e-142 1.560032413689939768e-126 5.484515982416058309e-113 7.732722496233660000e-104 1.493082630605146528e-94 3.714973101304816401e-80 1.854576473974312358e-75 1.640194479535567476e-66 1.062643119042271860e-55 8.985002338568147179e-51 2.117070485795093576e-46 6.096354092010316007e-39 1.471227470623644116e-34 4.236078516589211983e-30 2.580426885455765151e-25 8.454358559111716118e-23 2.822247655105345670e-19 2.824582501949264234e-16 1.186005657042065249e-13 1.872081033788472690e-11 3.317088980360409390e-10 1.034628681904347042e-08 8.209135207383310590e-08 6.553367359545074046e-07 2.831599477281517997e-06 7.737331675799268165e-06 1.853427048916273423e-05 4.443977616801970715e-05 9.644304781900386804e-05 1.105441546625289903e-04 9.821971789942735335e-05 7.906149632616501621e-05 4.881571433888068996e-05 4.270445560701943390e-05 2.583983518201700446e-05 9.665213227483383950e-06 3.131638063940605435e-06 6.054390545777702358e-07 1.293216320833621107e-07 4.651386762312904819e-08 6.544444948363658203e-09 1.647482417983036924e-09 7.411432092222041032e-11 7.584967902025618040e-12 5.755151357939088618e-13 1.204079524561289215e-13 2.642710298286783922e-14 1.745987388543405291e-15 5.962016814961119291e-17 7.206334341057992046e-17 1.227618838533117539e-18 3.350060097067245905e-20 3.040097059984960942e-20 2.150671161951270119e-21 2.101947999033027646e-22 3.874173929794306103e-22 1.020224259298014838e-23 3.825473806298649724e-23 2.467921314144858301e-25 7.507980825086230520e-24 3.939611817958549943e-25 4.177497185138618852e-27 6.075088536039412464e-28 1.806661767700450252e-27 1.963761684759905959e-27 5.338235862016401597e-29
4.256247888405323264e-209 6.906992171152912362e-193 1.743886496346670724e-174 5.231172473537354943e-163 2.252849136436656607e-142 1.930021101019507752e-127 2.573999196661939332e-115 1.117671476509804284e-101 2.039125220734631841e-89 1.104347349231965808e-83 5.514275576074234601e-72 2.566705627666506523e-62 3.519299274423340012e-57 3.206644060194717332e-49 1.434337451256835729e-44 1.184571744116840154e-39 8.469983806684877590e-34 2.124095480034899091e-29 7.934829299375742181e-25 6.337701993738332194e-22 1.335288597936279584e-18 9.986120322901118207e-16 4.859060575935444288e-14 1.120479255937291905e-11 1.587091188666774560e-09 1.601723065910119233e-08 9.131909047119698482e-08 1.472153834047762383e-06 4.850898839011668015e-06 1.882789475542132298e-05 2.808658013295599535e-05 6.572304462868756674e-05 1.204119568584956728e-04 1.058788478019610454e-04 1.000665998788623370e-04 1.042990609353143966e-04 8.242221191010509589e-05 5.357464448673096330e-05 5.279079860656337402e-05 1.548361573580649594e-05 3.713308434776366239e-06 1.994374055492132419e-06 2.964889629525887869e-07 1.728433678610018862e-07 1.660508149679682907e-08 2.017768826315806323e-09 2.131590235696584811e-10 4.017855131926692128e-11 1.236034334066424183e-12 1.458450121331686761e-13 9.267409082430488947e-15 1.366204609608817634e-15 1.529078855943205681e-15 2.620514987166565403e-16 8.623396212591459934e-18 1.738210627739778237e-19 1.062386139236514242e-19 1.783698216538799333e-19 5.440794560219458806e-21 5.279052262071673856e-22 6.671008150150038643e-23 1.370610181937513051e-22 1.111244094136873144e-23 3.130133774347573116e-24 1.027463801884986538e-25 1.892147443045593762e-26 1.607766260331178105e-27 2.394900248083099707e-27 2.560454677859996483e-28 2.196807972188764293e-28
9.717671281536469490e-212 1.102470519392656788e-191 3.842120817181059897e-175 8.114342911599927406e-153 2.145701428867679248e-140 1.336417754522372314e-124 2.539854511918682951e-111 9.042855767265855728e-101 5.271160202472992577e-88 3.386353947429808677e-80 3.718918029313877300e-72 2.055583619691403829e-63 8.213567315234240733e-55 8.373224232770532581e-50 3.002834110073530107e-44 2.965765600910855903e-39 4.869314153588637641e-32 5.578778218980580416e-29 6.952531404517884747e-25 6.996286973366808155e-22 3.155775093026274402e-18 1.380079924756648389e-15 1.000646243415788473e-13 2.171089055690517179e-11 1.326684323743467720e-09 2.476311466661286624e-08 1.297670037587342467e-07 2.633768627440604835e-06 7.650016979209333493e-06 1.459826828238904434e-05 4.457467697903779369e-05 8.615132817118942396e-05 8.490890461319243996e-05 1.408719157463483667e-04 1.963202658611980646e-04 9.981931311634009436e-05 1.360382770407730002e-04 8.881597503628307271e-05 4.293881951925080878e-05 2.475179438927572849e-05 1.098694263685630528e-05 5.837284738847629587e-06 6.013764275547544995e-07 9.417253428164594190e-08 5.631261273713693868e-09 2.080240847783607296e-09 5.283017839150977390e-10 9.842899177766805818e-11 3.759399998677974253e-12 6.493889360388477644e-13 2.319114108122111420e-13 2.514546842592375990e-15 1.298814548157152872e-14 6.816566612329340559e-17 7.177623209623189230e-18 7.379885140961061848e-19 1.671753780802571726e-18 8.190800637462659645e-20 4.176834775715841800e-21 1.984065101634672770e-21 2.355873525360957245e-22 5.324552387785250104e-24 2.377346488362478583e-23 7.025159130445886431e-25 9.872367500739503992e-25 1.765825520722920737e-26 1.810500264535582863e-25 1.175940539783835915e-27 9.577363253966775780e-26 1.235229574683806250e-27
5.921146289778237644e-207 1.835959993723380545e-188 1.018424147589023697e-165 5.157611906873771523e-154 5.660595642848769136e-137 1.208492552732549191e-124 1.470462688253744897e-114 1.426283357768798694e-100 2.563733847493749350e-89 4.304775848833960042e-81 2.262873093138142843e-70 3.703313456991483696e-63 6.351443155072878553e-57 6.451520974659684082e-47 2.039954332208874921e-44 1.068305116691007837e-35 2.542833896835201125e-31 2.392421111399158904e-28 1.730217764129505423e-24 8.037367994172408538e-21 1.154028970698647643e-17 1.413457599621896458e-14 1.613380720143430926e-12 7.083581799271711478e-11 9.472727791637404127e-10 2.892196288879852753e-08 4.506228325241886660e-07 1.869605222000644542e-06 1.238393126412178983e-05 4.659648774269678875e-05 6.888393142976187563e-05 1.152155799906270592e-04 1.714020733933682022e-04 1.787628761057588026e-04 1.993686879622573449e-04 1.765648223317609121e-04 1.565875831311611393e-04 1.342951952021687609e-04 8.322361146489241760e-05 2.104437857654086765e-05 1.675133055907363980e-05 3.373284855950253412e-06 1.080143617842288690e-06 3.584215047660428918e-07 3.685917465698537778e-08 3.818003167992371965e-09 1.201181149642239150e-09 3.552046882311818888e-11 9.467689576970961956e-12 2.889229899409904115e-12 6.900940065886571094e-14 3.181304720044041495e-15 7.207965542864832264e-15 4.992272083945445007e-15 7.929288371900017721e-18 6.541278445434935408e-18 5.787299637311828610e-19 1.828100396662886431e-19 3.258111616223722761e-21 8.943750117962527241e-22 4.411400815039541413e-21 6.767059168533971364e-23 5.254964641295551994e-23 8.449863539029157790e-24 1.044097995117382006e-23 2.204800556699529228e-25 3.571264196566587495e-26 8.385149852625439743e-26 1.581359238369331042e-26 7.845995546650595528e-28
3.506417722150761274e-204 2.499360149692907159e-187 6.081041282043100760e-165 7.271043106835619997e-154 7.730499965764074092e-138 2.771717005772260745e-124 1.356673266160218192e-110 5.141506079966387144e-101 8.211609607151151152e-91 4.021068380588076878e-77 2.768499310917868768e-68 4.208674433873222441e-60 2.962483402396711596e-53 7.058686385810479881e-49 4.161603876201512581e-42 4.129745894979943316e-37 1.849885078127244020e-32 7.466742297946499938e-28 3.625526419342553502e-24 7.434120591670743999e-21 9.202769252622162911e-18 5.279527974629301237e-15 8.482607793919847362e-13 1.935386067738143004e-10 4.363577139316903930e-09 5.709986161380042722e-08 5.366356004835318748e-07 3.865384492823155456e-06 1.186331748342937411e-05 5.277139608323191380e-05 1.024399472509747206e-04 2.143063688341072899e-04 3.048587894390170062e-04 3.881320204871428151e-04 3.204457377538064361e-04 2.868296119517738693e-04 3.323460262942072281e-04 3.882142624376461117e-04 1.908741473304156108e-04 8.742942060137198789e-05 3.579704484845095834e-05 3.034275579388655327e-05 6.267189656802806460e-06 1.947919532393572309e-06 2.967200068251524398e-07 6.647086739481764152e-08 3.289059126272190489e-09 1.009981588132120826e-09 5.685054631300087085e-10 1.931398081594910821e-11 1.105009583973405293e-13 1.276137594578504109e-13 3.176239961720513251e-15 1.418971831898118384e-15 4.267171851784051080e-16 5.595049152624556724e-17 3.623836648538174941e-17 1.776588025326061902e-18 4.117100111291594917e-19 1.144322599904063432e-19 1.037760687015333562e-20 5.305598659382747500e-21 9.863593628764711361e-23 1.798214420378450451e-22 1.064271631370433927e-22 3.059344622965059152e-23 5.519956596894629718e-23 6.753706309171623998e-25 2.149173488298191472e-25 7.629723408365697619e-26
1.845553817642734594e-206 1.682813651821225012e-182 2.499682384010541209e-164 1.461709179229760956e-146 4.426116542943782692e-137 5.237895611936368309e-125 1.323065834707661031e-111 2.789011443807641735e-101 7.571331990640062319e-89 1.885360418792983322e-78 1.165352019876571005e-68 7.522611340224537249e-62 2.417985108896180192e-52 3.453820415005486110e-46 4.813711211078043436e-41 6.341837264219277337e-35 1.481882593077127107e-30 1.429863922993361000e-27 3.903699825942482957e-23 4.136206253631718054e-20 5.537689745596570150e-17 1.284035747810916580e-14 5.652171405637731999e-12 1.926669155771466365e-10 1.682141676994028324e-09 1.640662872069124576e-07 1.456766189057644014e-06 8.316822205234092498e-06 5.140708532161219297e-05 1.361034764797458985e-04 3.502189197041773584e-04 3.719195597221334028e-04 6.358909516134748268e-04 7.645362123027317231e-04 7.444047043976603686e-04 7.692647832194611556e-04 9.753157517761293404e-04 7.203317080771452557e-04 5.743450933691935387e-04 4.124632609709432719e-04 2.098282583544712639e-04 9.206082757634139542e-05 4.560694809228279964e-05 1.135093408060320264e-05 3.258621172831511236e-06 4.434137737622176321e-07 1.598425050294226308e-07 1.111098033660381549e-08 7.123763524978163572e-10 2.126459473965624349e-10 8.565953974005496804e-12 2.602942914015136670e-12 3.553533545986088947e-13 4.638486509487171465e-14 1.628533712993008267e-14 2.193546167752749670e-15 1.559383719678253593e-16 1.865897066081673741e-16 7.817503268757689213e-18 1.550548316000047338e-18 9.241595916750245479e-19 1.505932320096411134e-19 5.980797272112100143e-21 2.456233534159680493e-20 2.068565892694442835e-20 1.237569540481234202e-21 8.026087551254532134e-22 5.147604490556271934e-22 7.639167580444465895e-22 1.468553403622689179e-22
7.494968238934182794e-200 1.060603393753165633e-186 3.554653135440886088e-168 6.710268971128084015e-148 3.813609983344608411e-134 1.498536346919002008e-123 1.435361111629354948e-107 4.523016425928676884e-98 1.016710965542290359e-87 1.222052333452586534e-77 1.302379581810002457e-67 2.708625342794671740e-61 2.802959570874535171e-51 2.767671048583808289e-46 5.234569175352390339e-40 9.918461446316946317e-34 1.459759887130506976e-30 9.351584595409565147e-27 7.088753217531840789e-22 6.149043262169423283e-19 1.045796306290030971e-15 9.068494899369149541e-14 6.607421676372154391e-12 3.823547127701526188e-10 2.542218712377847074e-08 3.136771584555130384e-07 8.763112448406155955e-06 3.736044760414458015e-05 1.928859862668790730e-04 4.041422137649051580e-04 7.492372937196719934e-04 1.069173736582118301e-03 1.340001067154283389e-03 1.420587100159835135e-03 1.601406953461786400e-03 1.809109111404996490e-03 1.586333705873196800e-03 1.549471058826821417e-03 1.512103259879235420e-03 1.303597212872641912e-03 7.911012985110402141e-04 5.811411612424292102e-04 3.313557379306075442e-04 1.400504365612468855e-04 1.158782501168174797e-04 6.585943404614088958e-06 8.983920286396749782e-07 4.751238306120615661e-07 6.155220063202648973e-08 1.428992523214764350e-08 3.942791911508411532e-10 9.439289051337664260e-11 2.102088864862328362e-11 4.208007647324288233e-12 1.196923675052713391e-12 4.929402657726733172e-13 2.985379285583703800e-14 7.479408644986280361e-16 1.197450920590381721e-15 1.942008214138967544e-16 8.276334922688332975e-17 9.003100251555856871e-18 9.428377427603258823e-19 5.623506158648229881e-18 1.182159424460019477e-18 1.936393076518179593e-18 1.199742952909193515e-20 9.100961585952062943e-21 3.590370587056365102e-21 7.986426605553668195e-22
4.109329764447677974e-204 1.346995940585850165e-176 4.630460110075525628e-166 1.957265375240297637e-150 7.081750835793363222e-135 1.627655537910532141e-120 6.527525689574024796e-109 8.989085828298345580e-97 2.635264381759114949e-85 7.191091601203718709e-75 1.540261826211907268e-67 2.779122076632902772e-59 2.733405085862772802e-52 2.820859759990084987e-46 7.703965131591086019e-40 5.688018851611092029e-35 6.861277676077387714e-30 1.781242815619990622e-25 5.366532937980704066e-22 3.371585491263362763e-18 4.053342163719951711e-16 2.755996690079148722e-13 7.522568634170611308e-11 5.879635134682174167e-09 8.227896754569285453e-08 5.576564867302592178e-06 6.745291450903726784e-05 2.177809465901106491e-04 8.076627570237019781e-04 1.233414536405742041e-03 1.743638711192788300e-03 2.068216364170231188e-03 2.253785544648273433e-03 2.328808797015006864e-03 2.355048126363622034e-03 2.543697532224276081e-03 2.328515140437084022e-03 2.254692482287780006e-03 2.180537410614987945e-03 2.010808064670667906e-03 1.947918877980943028e-03 1.776368864631422189e-03 1.182319819338668778e-03 1.114972691169392217e-03 5.921832794411192565e-04 3.119377955773584734e-04 5.590864510800891678e-05 2.022215897103636444e-05 4.366141960166841101e-06 6.341276054950126937e-07 1.336207856246974826e-07 1.974684793089286412e-08 1.494987435881152983e-09 2.093726370203478704e-09 1.939438914474330133e-10 6.649026853981890224e-11 9.270350696256787579e-12 7.089278795101419826e-13 2.970460467787494492e-13 2.830579382403235530e-14 1.047639278886423053e-14 2.202322944458005031e-14 1.161914094958959386e-14 1.678605843046640804e-15 1.554963417338816887e-16 8.262425325050681888e-17 1.137624729237353013e-16 1.413364451533737142e-18 1.114469674972841937e-17 1.207822148384922591e-18
8.922331580416741220e-204 6.981893972142313988e-182 1.293271619438245060e-163 1.489994828804321206e-146 1.092101601622187654e-135 4.647257178487084928e-117 6.018859340725404870e-108 9.512621399345725958e-95 3.622129185231112378e-84 2.344034673089853123e-76 1.356165487292145695e-65 2.966025089768456584e-59 3.818441927794873360e-52 7.712469670590718403e-45 4.495226151947585935e-39 1.303680819706517989e-34 1.949298575140041642e-29 1.317696253011591078e-24 1.016388648985590065e-21 6.479213526682554250e-18 1.363645041360352536e-14 6.792733424792640436e-12 1.846907339788787625e-09 3.748518497229399556e-07 4.959097464691523411e-06 1.046063690564863745e-04 5.100303548663531750e-04 1.218317516455319710e-03 1.667823070443422932e-03 2.331708503605114252e-03 2.558502234732815909e-03 2.690409457729055990e-03 2.899671500210665356e-03 2.959223777109905047e-03 3.059418265298936412e-03 3.024876851081263751e-03 3.001835020987466546e-03 2.876527167072711819e-03 2.921341503860122070e-03 2.719967953797023785e-03 2.500293645799768483e-03 2.338297531130577919e-03 2.219433552916598180e-03 1.772756691095909781e-03 1.689441497287354167e-03 1.173943057790494604e-03 9.348708270259989796e-04 4.942401732844565109e-04 1.776072458835723552e-04 9.755702575119024392e-05 1.694044160370514210e-05 5.482761699592829384e-06 4.994462127558732092e-07 4.122711378670297741e-07 5.925396877649962580e-08 1.071818131674141626e-08 1.271615311992767631e-08 8.103041494185649900e-10 1.029035613090044286e-10 1.447120650982904117e-11 3.519806878675895663e-12 6.986665627454122956e-12 5.297490666601365704e-12 2.946821578392227968e-12 1.708706581693701813e-13 2.911555293947358584e-13 3.055345489299772925e-14 1.383016314457312933e-14 1.521057230247748409e-14 3.001600022929172379e-15
5.299788031753838727e-203 3.369271948210271107e-179 3.009234979490039299e-164 7.693802721636573826e-143 4.318306031329768876e-132 1.546344615914764491e-114 4.148540564250720313e-106 5.270481331940475720e-94 9.914750512103958376e-83 2.349690797325386980e-72 1.386084839153826281e-65 7.515588455069700203e-57 3.624018468843962220e-51 4.273669060509726530e-43 8.179667802493518555e-37 5.153827860608157308e-32 6.490919044604941329e-29 1.156086391276262682e-23 2.373201140675747350e-19 4.377091672328805735e-15 2.821031162974574289e-12 7.264005147528162157e-10 6.951787014992573737e-08 1.619770705016388129e-05 1.998490117803479276e-04 9.796260196461427198e-04 1.787107535118240970e-03 2.448346656667777996e-03 2.885735136036743885e-03 3.000213491015797304e-03 3.132849259015214275e-03 3.376192454056128715e-03 3.536355157295265929e-03 3.428283113937429221e-03 3.530287193994210461e-03 3.567791482175680737e-03 3.469453496051333637e-03 3.591846283849555073e-03 3.237056205197230609e-03 3.256436543686376875e-03 3.030386433971281584e-03 2.930006875717799247e-03 2.645078773051661673e-03 2.545623338898045374e-03 2.516826308059080634e-03 2.279116303383389892e-03 1.887361207536141210e-03 1.600498552312849213e-03 1.457746214723187579e-03 9.477944713972882417e-04 6.616745235044404344e-04 4.382492796713083946e-04 2.054254692170032160e-04 8.961021895868294916e-05 3.286358718304745131e-05 1.633648980744045054e-05 6.553380193366502105e-06 2.443039812596320245e-06 3.630685701200299506e-07 2.438232603647155944e-07 3.435640994790884196e-08 6.865738691359120269e-09 3.796814260814641584e-09 1.565547602784779939e-09 9.148640892454602211e-10 1.081132725163630603e-09 6.425789924618601261e-11 9.625985565663527903e-11 4.550973285681976066e-11 1.653012782993134256e-11
1.224350106770486519e-203 2.338437693450381306e-180 1.629967592151092879e-159 4.766197176050352567e-141 2.856347832490911938e-133 7.148411064827801202e-114 1.787816543199013595e-104 9.107552362578590605e-94 5.476228074193413831e-84 1.310909116750306004e-73 2.388057350328442794e-65 5.630341080460081480e-57 7.730794658487040607e-48 6.420749840088455974e-42 1.207636318358631797e-35 1.335318173851018218e-31 2.160079738252717057e-25 4.341341501875356714e-21 5.877019184216049106e-17 1.024791231464863292e-13 1.428838498696411318e-10 2.056996474828656492e-07 1.231500073621458305e-05 3.369785367736790379e-04 1.475178420814696840e-03 2.265650081212849075e-03 2.765805279398438933e-03 3.153504652581336741e-03 3.446174589385168907e-03 3.611021141154307709e-03 3.645160420290526927e-03 3.906512529402577337e-03 4.088896512903435719e-03 4.227132138151140466e-03 4.109185481138573869e-03 4.149620973678339042e-03 4.066545989490398007e-03 4.093937639164466763e-03 3.884670178455946858e-03 3.824022077315491954e-03 3.601674620616230303e-03 3.514253780845296576e-03 3.066797882702523934e-03 2.901102498201167841e-03 2.879399824397433933e-03 2.758483580162184728e-03 2.542932920657751776e-03 2.447567138326706745e-03 2.223434779516321978e-03 1.933105387854007441e-03 1.482321962946559282e-03 1.585293902913489190e-03 1.350226347134247072e-03 9.847596837299446050e-04 1.092915818187095408e-03 6.928594994014001043e-04 5.358420856117898168e-04 4.139757281798753046e-04 2.787651668120172074e-04 1.834680911100447737e-04 4.448929109776064960e-05 2.231292654403621320e-05 4.302822817869641218e-05 6.721658639519481863e-06 9.059119905216837793e-06 1.754444605401699877e-06 4.878163744310963718e-07 6.583033105073616726e-07 9.197980450140662987e-08 1.006837436400887139e-07
1.096062045657535496e-196 3.257094575556758162e-178 1.136234318758265758e-158 4.286306157293599834e-145 1.548113108885848312e-128 1.168039547431615800e-113 4.625486196827982813e-102 3.765045529974280988e-91 1.128582888551027295e-80 7.013320250329487047e-70 6.199368977571949153e-62 2.045920650544696970e-54 4.347267721585149947e-46 8.092487176554674030e-40 8.121809093854295607e-33 3.626056983985732648e-28 1.540400188005964369e-22 3.461456101601623341e-18 3.092689684389367847e-15 1.387109067321834182e-11 3.052004546653660446e-07 4.059391905646663460e-05 7.676197897972973161e-04 1.952190715023696633e-03 2.606414097306549577e-03 3.220211741047801415e-03 3.480265040926119012e-03 3.829235025437395523e-03 3.920892040297390031e-03 4.157409525951775986e-03 4.247599489621649987e-03 4.588470739801281742e-03 4.506035436922753434e-03 4.499195740547725676e-03 4.679499883693542112e-03 4.696941793361252178e-03 4.751310163522416870e-03 4.870153477501452770e-03 4.729714031749753314e-03 4.668526936965481863e-03 4.423470070402991255e-03 4.250708556330317495e-03 3.993412878240838564e-03 3.730400755997984302e-03 3.564985789729375326e-03 3.350669010651696235e-03 3.145189153027850432e-03 2.917065735171896386e-03 2.709618085034658577e-03 2.659415578693676788e-03 2.422376373744173153e-03 2.428667671057687955e-03 2.167646556521819149e-03 1.818996758631537605e-03 1.766354110598877640e-03 1.696681376739137947e-03 1.653133346187814516e-03 1.590945001445116889e-03 1.371107594417508586e-03 1.215021929884059233e-03 1.143551276079423891e-03 7.973792036126120921e-04 1.213654896022049734e-03 7.219441723133166898e-04 7.902556354588148157e-04 4.257349007523039490e-04 4.775440678886682050e-04 3.377825926713713569e-04 2.714229980036662578e-04 2.129080790441716141e-04
2.694390095748466595e-197 1.006881981770531069e-173 3.290586074028159444e-156 1.734497668280872905e-138 9.640105655752209992e-128 1.523485386427792912e-114 1.422152072346518002e-99 1.695021911091384546e-90 2.606449698962279981e-80 5.012189262808348904e-68 1.991075538618822982e-57 5.643714790439015966e-51 2.162595485518203239e-43 7.773913635862714691e-37 2.445977151960542992e-29 4.292066627865778107e-24 9.033746099337897630e-20 3.289101013195218339e-14 4.196843899007637424e-11 1.142022687345645464e-07 9.902779011482993926e-05 1.482454141778008841e-03 2.523646679259587862e-03 3.076076407729240198e-03 3.596712512829323451e-03 3.871751065655617760e-03 4.052403442316221405e-03 4.335246020823306685e-03 4.524248784347938840e-03 4.837046629629147658e-03 4.844521469298797810e-03 5.031690645382128936e-03 4.886844026768803750e-03 5.312541408828238242e-03 5.545604245252576045e-03 5.443909592654571500e-03 5.505113761611802117e-03 5.558542246151615233e-03 5.511398550470476311e-03 5.518320969692166143e-03 5.443716087922579293e-03 5.076627271230469730e-03 4.759217358265802056e-03 4.806900599447623719e-03 4.324419946065349678e-03 3.898820474138710822e-03 3.790998016686834490e-03 3.512416538486583424e-03 3.362103269696399728e-03 3.167488239388578392e-03 3.029245750164690637e-03 3.020025321976057327e-03 2.885139577972763072e-03 2.465899499839051354e-03 2.623987164447505026e-03 2.521836770199870417e-03 2.501752296402284977e-03 2.366095893158801176e-03 2.122670935899367665e-03 2.176217496991261768e-03 2.141412814649083524e-03 2.063601200852212443e-03 1.793994484438381698e-03 1.907906723650937362e-03 1.458826491760460350e-03 1.607290371206200911e-03 1.517605841232497720e-03 1.476458919614924946e-03 1.139258513523003832e-03 1.514594919448545912e-03
1.965734294319313958e-193 1.766742431649432233e-172 1.250492522845369202e-154 5.924920712383829794e-142 1.259678989603884722e-123 3.510102477264499913e-110 1.713884394328804056e-96 3.575654242801600778e-84 1.833310750746502094e-73 4.084898107135093692e-64 1.107442041193059462e-53 7.629858892578084512e-46 1.905097707294325712e-39 5.690959167368783319e-32 3.172556805068486136e-25 1.050412410454084986e-20 1.898988099682978798e-14 1.746208159981815917e-10 4.099330451630061966e-07 2.921115106027999593e-04 1.670481980440587577e-03 2.841272130821662252e-03 3.393615190946478680e-03 3.949508024281552475e-03 4.128216368588762467e-03 4.362229055559106380e-03 4.709688305277881168e-03 4.804316512464502573e-03 5.104269625888989761e-03 5.351195240223090982e-03 5.536397365132799189e-03 5.766104514361759976e-03 5.759015494916759625e-03 5.819985493302638063e-03 6.112278050085452781e-03 6.335897294602299210e-03 6.170975555639707406e-03 6.442512269048698316e-03 6.612681684000194619e-03 6.296423140866360887e-03 6.470080788055817232e-03 6.589650883974174957e-03 6.404733265045897683e-03 6.211187581751104712e-03 5.738987998174983722e-03 5.386919128762586093e-03 5.084888006275553943e-03 4.502480320671027603e-03 4.446721956867270148e-03 4.107103200041507633e-03 3.737978154580611639e-03 3.838905922408509478e-03 3.626387417195225862e-03 3.436655481366596154e-03 3.282365238523527514e-03 3.154817671309520857e-03 3.078398666217699916e-03 2.976839651675330239e-03 2.780269710560976520e-03 2.678836754727478408e-03 2.571034284641574019e-03 2.892389845362147455e-03 2.438727399226986448e-03 2.553884413890080817e-03 2.332250093651633445e-03 2.271409335272314527e-03 2.293529603797467200e-03 2.455675139500204836e-03 2.285155027005259225e-03 1.992158950677503683e-03
1.751623453180150805e-189 1.413761498642632405e-173 4.143284080596435451e-148 4.318840921884179318e-137 1.782494908115926722e-119 2.420721686789065087e-103 8.562788426250671998e-93 2.396740702936031314e-80 7.204730642208765057e-68 2.992149756735322137e-58 3.293447710339065743e-48 1.531443723745707647e-42 1.684774778797828407e-33 1.827804272962237213e-27 1.609797798588434150e-21 6.983094287494854316e-15 5.294887520152030517e-11 2.947805287119664348e-06 8.952281977486053338e-04 2.546212250492058040e-03 3.280149653882243055e-03 3.808985347217149538e-03 4.454290207394717357e-03 4.521369115201462861e-03 4.725928444468891279e-03 5.233408171313252803e-03 5.324039426971800826e-03 5.516609284359401053e-03 5.935489965581083362e-03 6.065125661643343616e-03 6.270691316634323040e-03 6.382659421828539709e-03 6.504629124445474378e-03 6.724298080290984012e-03 6.809710160109942734e-03 6.795266000428029467e-03 7.040245012074529407e-03 7.385204268188777857e-03 7.536170766123140644e-03 7.677212561543605984e-03 8.159508949160409336e-03 7.994489498980664535e-03 8.276046959332122865e-03 7.785776672932902438e-03 7.709687525574733698e-03 7.004632213350518027e-03 6.636001063421290667e-03 6.759667657652465057e-03 5.937632156147468199e-03 6.033524491650858225e-03 5.464904120096211217e-03 4.740050518303321261e-03 5.068286658441099359e-03 4.499356766268646120e-03 4.442235523237128211e-03 4.224552180406701204e-03 3.954101910619229991e-03 4.045510891747553829e-03 3.619590947902483723e-03 3.937673776597323816e-03 3.560318875308615336e-03 3.422760817119288850e-03 3.284564613915201027e-03 3.489426762895990637e-03 3.401351972064010389e-03 3.309364696772612233e-03 3.273372178919357282e-03 3.067907610577908038e-03 3.049171568138094555e-03 3.005673525491544314e-03
2.259639959960656373e-187 1.080566734133816634e-164 3.391973461848430049e-144 5.600862393039994183e-132 5.296870634721236044e-114 1.242242310433317887e-98 1.934771493592789799e-84 3.001397316317586901e-75 9.858487315491981177e-65 1.224994463770231224e-54 1.584412664629006025e-44 1.070699068459753668e-34 8.452938855136085082e-27 5.137451854516821430e-22 1.820627455935059539e-16 4.125673831597133234e-10 1.384755211079749964e-05 1.004581560972931786e-03 2.665051130033813023e-03 3.665781742510845678e-03 4.078999634177290362e-03 4.659075536460619352e-03 4.931701692662550721e-03 5.371196250788846244e-03 5.586397744665645010e-03 5.614246685914009438e-03 6.126364389793585892e-03 6.214003172736147496e-03 6.592875603840944905e-03 6.690262552923838431e-03 6.871769689443237537e-03 7.135459954183932633e-03 7.420559891125421033e-03 7.482014560264335298e-03 7.760068153138344194e-03 7.832927626851383246e-03 8.043925094812965151e-03 8.198496626499317264e-03 8.618832590974068175e-03 9.127933945869476026e-03 9.201015126654964182e-03 9.689201628592202312e-03 9.758659732765337380e-03 1.019569832836451050e-02 9.906532343043152056e-03 1.020919524140684494e-02 1.000654695647435269e-02 9.299408231174624909e-03 9.169782421198200903e-03 8.392148630857467276e-03 7.958269722982332442e-03 7.568268214542220318e-03 7.930145018518635833e-03 7.506344078320995386e-03 7.263515521645035229e-03 7.113532630246550796e-03 6.404850114187144242e-03 6.708282752918699916e-03 6.494829816369710254e-03 5.753203760797032280e-03 6.406111610347453057e-03 5.826844663410555951e-03 5.419804654382344607e-03 5.616863309315843489e-03 5.071157232719549109e-03 5.050509944357055997e-03 4.718335938025723653e-03 4.952122906783306203e-03 5.013715540919089220e-03 4.503275710430567833e-03
4.357829021548590957e-177 2.760989337737273655e-158 1.982526938167382303e-141 2.611438243455968496e-124 7.573787311928411768e-108 1.684595051230656161e-94 2.186978345933855161e-81 1.154283405379058841e-66 3.907034402423265224e-58 7.161605473981873057e-48 2.151046695372384831e-37 3.952668163735822193e-32 3.755409653729552955e-23 4.103120991063926568e-15 2.340350208462039624e-09 1.643709637042702477e-04 2.332740297332844791e-03 3.296107828266461003e-03 4.294384549380471719e-03 4.583153185435035783e-03 4.997853169508326664e-03 5.542385610360672094e-03 5.630096468847357871e-03 6.003333764995658420e-03 6.197354654194916525e-03 6.662026348785591266e-03 6.950829885871946494e-03 7.059035623075625779e-03 7.312317893893812738e-03 7.567781481107269462e-03 7.637037846800009619e-03 7.996557292664326425e-03 8.099220830237801108e-03 8.178958481122346885e-03 8.465625598908033470e-03 8.704433741960485374e-03 9.171802535866661540e-03 9.430590171511878464e-03 9.662861500186407937e-03 1.002061543069539436e-02 1.046083950049382302e-02 1.097770092637649457e-02 1.156354421324763161e-02 1.240846714356559979e-02 1.241892229466198469e-02 1.283470841019268040e-02 1.342783538366381854e-02 1.368588572709996537e-02 1.355051545831309663e-02 1.372692553261722556e-02 1.252057332396842512e-02 1.294718520926522141e-02 1.366023587857140807e-02 1.333509714683448963e-02 1.188216314488206062e-02 1.314373534605334584e-02 1.260158280422491936e-02 1.175257449595016115e-02 1.190386074567863391e-02 1.201172348478343754e-02 1.140223632411306066e-02 1.014694499320002372e-02 9.885906326045775308e-03 9.795719805433001151e-03 9.594691741245000086e-03 1.015710857659070550e-02 1.061434285336201357e-02 9.537488280394038065e-03 9.017077009677351013e-03 9.676909201040390096e-03
1.389018183512441963e-171 2.011152845991506091e-148 8.653181675697995180e-135 5.469720548152060501e-117 2.122475413320862650e-97 1.168568088018505956e-85 6.615805708573953355e-74 4.210093999387367039e-61 1.079982721146811964e-50 1.148901694475705300e-40 5.829318848619362671e-30 1.138163521317152695e-22 6.032411068151909077e-15 4.391399207285414863e-09 7.365192591531488512e-04 3.050734604621260435e-03 4.058406407694620764e-03 4.667953107453123515e-03 5.117262203098848529e-03 5.488575597614698057e-03 5.980450319110712683e-03 6.256007002189154301e-03 6.348863812225623293e-03 6.811999448823019554e-03 7.184928633325666364e-03 7.388692665925161024e-03 7.884343322592699335e-03 7.999082883307225347e-03 8.366764100531817738e-03 8.435687745942709384e-03 8.582081245061129460e-03 8.603103280693970636e-03 8.903106561829779789e-03 9.287434223274807291e-03 9.554799527228933359e-03 9.665952796862652477e-03 1.000464829738789176e-02 1.069343867518292128e-02 1.082053723072851949e-02 1.141020757658938942e-02 1.184412443526773259e-02 1.240390801251976989e-02 1.282736610975607379e-02 1.365135479176308834e-02 1.440721694582409139e-02 1.506811664192497617e-02 1.648030272741049865e-02 1.700398187223835234e-02 1.763627387932818411e-02 1.807455184587469441e-02 1.883465693369028651e-02 1.963349281283202977e-02 1.944513893358692375e-02 1.939974644830949266e-02 2.048179939160042762e-02 2.031969057930853306e-02 2.074277629930345451e-02 2.197367968080917930e-02 2.225751125508498157e-02 2.442465131922087057e-02 2.339484453867884603e-02 2.317533035962372756e-02 2.480962701987620561e-02 2.362365385220023192e-02 2.478272605521227370e-02 2.373329455441749655e-02 2.365791240862639977e-02 2.253669662331881859e-02 2.214137248847596398e-02 2.506261123585961856e-02
5.651325909875267731e-163 2.725790154933868610e-146 3.723034388338185111e-125 2.243793317830715795e-105 1.562431562802103513e-92 1.243595126547089622e-79 4.867970780532323559e-65 7.600224300817226048e-53 2.050459581757223857e-43 1.609467059945653700e-31 1.246002560321849639e-22 4.551828415918982664e-15 7.002143369063931225e-07 2.341762454046549761e-03 4.515261245617820801e-03 5.169031386959942534e-03 5.327863802567136403e-03 6.077358661270714987e-03 6.185741392355083995e-03 6.664459418617377055e-03 6.955997622388061449e-03 6.995870017599246232e-03 7.133861488426327183e-03 7.734670451757416111e-03 8.060144537415428120e-03 8.283737190557763364e-03 8.809268236753370687e-03 9.295939761407310056e-03 9.071982213349550836e-03 9.270573875998335336e-03 9.318733421431918060e-03 9.781421374783919390e-03 1.006290221352525854e-02 1.034211186642406549e-02 1.031832909507012820e-02 1.093558767727552221e-02 1.101716626831935990e-02 1.138799490232089533e-02 1.209042089505912507e-02 1.262315566362404683e-02 1.301595910137623262e-02 1.389727098659081922e-02 1.468503007719279899e-02 1.497626787733508970e-02 1.582533035408694583e-02 1.735410628239786660e-02 1.810772576601127684e-02 1.965153856883044767e-02 2.138737134631582201e-02 2.279443415666450659e-02 2.365315228453101007e-02 2.485858459015713451e-02 2.644682189115674445e-02 2.723915400027989570e-02 2.802872356848519486e-02 2.890796397120817818e-02 3.070307679286521721e-02 3.172254348423299286e-02 3.386936288976282600e-02 3.498985104288271364e-02 3.820565056522140512e-02 4.122156304627380002e-02 4.678050466204614066e-02 5.048191067710567498e-02 5.380948447601027751e-02 5.705182199145308886e-02 6.454382766155790374e-02 7.255209801369189027e-02 7.659901438816263397e-02 7.419949893020831577e-02
2.244245304239333075e-155 3.756151282515696779e-134 3.065198830409449728e-116 2.821529901909720889e-98 2.083223376073321631e-82 5.785924610696950313e-68 4.149659661938817556e-55 2.814873975396003739e-43 1.006239344356371778e-32 4.896895437010967440e-21 1.634878924301512638e-11 7.331804232955523070e-05 3.331299684121775094e-03 5.655240810050617475e-03 5.879280877575666399e-03 6.174327341841091311e-03 6.516419296008451982e-03 6.877756733640593215e-03 7.092910750124916189e-03 7.282184291387998505e-03 7.669323740567791578e-03 7.852051191024328816e-03 8.509681059973203329e-03 9.017309327355317594e-03 9.444589274782429211e-03 9.769569890216560706e-03 9.937100884127208003e-03 1.013100905182633474e-02 1.038214316741101033e-02 1.057646976889960004e-02 1.045586690878962804e-02 1.067212811862818488e-02 1.106472728057082862e-02 1.109516796796646346e-02 1.147722793311185992e-02 1.169969776226930692e-02 1.214479861823273242e-02 1.272721582496350902e-02 1.307591391251677719e-02 1.370910238691535991e-02 1.458070422365618547e-02 1.571960658168801081e-02 1.616604775968359664e-02 1.697496445386897229e-02 1.726577705351857103e-02 1.870735666104198641e-02 1.966243245843152590e-02 2.168987842948275416e-02 2.333581673983825891e-02 2.521670334569217978e-02 2.778475774802501366e-02 2.911284826447948365e-02 3.149961041079258478e-02 3.381506866632421476e-02 3.604663610577062138e-02 3.772628960726139014e-02 4.024211483241940668e-02 4.309392406306110368e-02 4.447561949962387101e-02 4.698122625330336533e-02 4.974434299632560230e-02 5.464718791439278356e-02 5.898343770043483481e-02 6.387580140117329885e-02 7.399609721328495593e-02 8.235576204555929147e-02 9.019742171397709951e-02 1.030446248771603873e-01 1.140533626021204977e-01 1.231293792176082758e-01
1.402392097223383802e-145 9.925955518325324819e-123 1.773999248411315000e-106 9.084105177746214372e-86 4.608288171386444578e-69 4.721059240164945011e-58 1.423086272917177256e-45 5.523680223623953050e-31 4.208997162280832731e-20 5.773247574101228194e-11 1.323785280044051165e-03 4.774324427446959701e-03 7.278447776426532831e-03 7.974344753101214600e-03 7.533713590907742917e-03 8.005639004053479932e-03 7.676410193229445296e-03 8.195738971888143903e-03 8.454411183770787000e-03 8.505902639012579911e-03 8.655901543203265922e-03 9.337329041440280142e-03 9.944594499369562371e-03 1.055944060779013399e-02 1.085513775272384240e-02 1.144017192591050176e-02 1.148891792457263500e-02 1.123274662723639655e-02 1.155096790533963365e-02 1.144681483925163307e-02 1.159592424951058631e-02 1.187228920230228892e-02 1.187696733047803252e-02 1.243058984073376443e-02 1.264269621356468691e-02 1.300764019132187414e-02 1.351619031758664879e-02 1.416548192449669161e-02 1.432445477719500662e-02 1.499371749048577368e-02 1.611345765864683616e-02 1.713081737885286879e-02 1.794799918036271702e-02 1.898460381162849278e-02 1.970811914182636279e-02 2.071788831320178423e-02 2.159716678879267798e-02 2.265301267002320026e-02 2.476130301635236924e-02 2.737667824872171488e-02 2.976979182588934333e-02 3.322259539333183992e-02 3.565279272067373856e-02 3.873570579008555476e-02 4.175714204736180601e-02 4.402333756217412936e-02 4.867256996780197631e-02 5.158793998117192081e-02 5.597435162177936963e-02 6.113096379188980023e-02 6.421967594481002573e-02 6.905304434204895259e-02 7.528754566114390090e-02 8.079534308092553574e-02 8.626906876968463977e-02 9.341780366345456277e-02 1.020570642762289038e-01 1.090776338741688001e-01 1.213975047749483865e-01 1.317597113621104543e-01
4.622543545380123828e-134 1.796103894728013614e-112 1.468808559436321254e-94 1.337853922700520237e-73 2.451080759813409452e-59 4.055821550419755735e-45 7.071036892188946582e-29 4.855753312506600517e-19 6.344807026477744615e-08 5.378112144556610602e-03 9.170024869803471146e-03 9.815236388353036981e-03 9.299307790400496501e-03 9.118394090839547841e-03 9.137933518327878007e-03 9.413702426275821419e-03 9.614611441837244213e-03 1.008073610295725196e-02 9.632752550111488982e-03 9.302664496587663770e-03 1.014062022499659550e-02 1.031715181729896298e-02 1.159094756427863152e-02 1.245383277435656473e-02 1.280837841142582791e-02 1.307131400520608958e-02 1.305961488407148159e-02 1.269640848190244781e-02 1.285350624622676532e-02 1.271885516520505043e-02 1.278324228214548081e-02 1.316510111013360906e-02 1.340310026610769256e-02 1.348766508553366980e-02 1.418940898233986454e-02 1.465199492746918110e-02 1.464394463698146312e-02 1.551060297020427636e-02 1.595884307121610279e-02 1.668739733549282414e-02 1.831300402430898269e-02 1.888870917952341355e-02 2.015733619606090848e-02 2.132713615137617896e-02 2.239443812085497448e-02 2.331235513214273067e-02 2.385720110110856398e-02 2.582713019786803121e-02 2.700427932346301935e-02 2.980695275437762748e-02 3.304084225252466173e-02 3.642965611288537242e-02 4.001322859829575807e-02 4.311087762841238347e-02 4.726706977458636910e-02 5.127029077434383519e-02 5.516066057308766091e-02 6.028954238549216055e-02 6.524143854424563349e-02 7.086678055299817924e-02 7.568521999888888629e-02 8.250434609249616968e-02 8.989188175977462503e-02 9.727886293009814500e-02 1.047924681551607312e-01 1.160822472834681374e-01 1.208534707543196529e-01 1.286693702589806754e-01 1.376395073377272849e-01 1.453895328042133228e-01
9.225940367780999249e-121 2.298158111953160327e-96 4.694779368120574861e-77 2.011454104146683568e-60 1.665976663544096816e-44 2.926914140992628798e-30 6.889070770883570166e-16 1.094863623078096506e-04 2.395461217562925779e-02 1.821554324182475884e-02 1.402684555641640386e-02 1.182141976556500690e-02 1.141131287957673421e-02 1.130329920569946717e-02 1.117402202544951623e-02 1.096740873963561631e-02 1.228512256653272947e-02 1.168730313941362953e-02 1.115208614794181187e-02 1.133271433928317168e-02 1.201257352696409424e-02 1.272504882850338838e-02 1.359884594296875693e-02 1.441231384408564985e-02 1.553582954547681402e-02 1.517047273926398765e-02 1.454164596451731038e-02 1.416971372213010269e-02 1.418290598071983780e-02 1.393504828759252988e-02 1.414334752245136051e-02 1.444171676676804343e-02 1.504983841407940212e-02 1.506621355934085679e-02 1.537099678654568584e-02 1.612313173962762886e-02 1.652777319212759416e-02 1.723112324071775919e-02 1.819601347532056809e-02 1.850566534290995144e-02 1.948953070679027705e-02 2.107957097885567593e-02 2.240252363055669077e-02 2.383983917017759926e-02 2.538473108702926639e-02 2.677432730160961977e-02 2.755580556648314777e-02 2.829091161008346136e-02 2.985486704686137263e-02 3.194703601699088596e-02 3.454767255716539864e-02 3.865589952910838956e-02 4.279895760592780651e-02 4.909619915418604597e-02 5.303883980325069247e-02 5.816149623292313914e-02 6.495144535918398465e-02 6.833565236001773457e-02 7.453703546728226992e-02 8.086457213578809866e-02 8.599400408969536114e-02 9.390665594523073256e-02 1.018946441751927556e-01 1.096129005623506653e-01 1.205387951562645055e-01 1.277439275376456573e-01 1.410388077849206168e-01 1.529606093365940001e-01 1.611158632353207054e-01 1.728459751770952402e-01
3.976525453449375001e-99 1.030435496737634370e-81 1.558014219478855011e-61 1.003879516895949927e-42 1.886268677937348692e-25 8.167439531480598521e-12 8.793286283463289110e-02 1.688916680895006794e-01 4.354233625623075976e-02 2.064181805024963359e-02 1.861560484720593822e-02 1.554909976521436608e-02 1.427754531262716113e-02 1.417539358003134728e-02 1.306947451186030867e-02 1.442939681473010861e-02 1.404463973452788582e-02 1.305782365171411809e-02 1.271672106919840249e-02 1.353214503414219318e-02 1.431936658671946125e-02 1.523594140061107147e-02 1.625726280727211176e-02 1.747873809102458084e-02 1.778236395121838773e-02 1.740656957851057299e-02 1.613319542045976371e-02 1.645558519815490742e-02 1.576694736132992769e-02 1.588782885470753012e-02 1.564842252126487018e-02 1.621692783119535464e-02 1.652430470037398805e-02 1.732243925437892615e-02 1.756194882969957377e-02 1.821034393691747452e-02 1.882425120815485464e-02 1.914020267003993178e-02 1.957720133350597871e-02 2.067797418315497904e-02 2.160706748527990023e-02 2.366614238419566599e-02 2.522618495619402545e-02 2.738902270641496023e-02 2.901004348720150061e-02 3.142634991907374692e-02 3.274239888954616484e-02 3.393968261220550731e-02 3.519036537318515762e-02 3.619726280798497842e-02 3.940412374326265205e-02 4.274607689584590531e-02 4.677201690143967944e-02 5.296014653698667696e-02 5.934028507105103267e-02 6.683393851933887297e-02 7.429251946128787032e-02 7.977449073669727608e-02 8.910776148031981925e-02 9.293939365834193167e-02 9.948578261657037292e-02 1.059219413467095278e-01 1.116768210778141396e-01 1.216058072853143934e-01 1.312439365661723090e-01 1.391506407496081732e-01 1.504129591124425680e-01 1.627472539069568236e-01 1.748553070397211306e-01 1.883161638443435759e-01
1.052607214634583721e-82 8.739095173964835386e-61 1.165822808018805314e-41 4.256470267261032305e-23 8.869546561210027989e-08 4.672669017913348988e-01 3.322849202304444804e-01 1.505874631712633693e-01 5.336781845795891821e-02 3.021041946972639197e-02 2.301259646410621154e-02 2.049605737003073677e-02 1.920479456880177724e-02 1.776222290746728300e-02 1.676135152374379905e-02 1.755442620109694610e-02 1.634921657513431839e-02 1.514529062343232882e-02 1.533344594101292147e-02 1.642277445366904440e-02 1.796587435515186251e-02 1.943228518079917130e-02 2.092469442053761924e-02 2.061207184943929585e-02 2.081044968593018935e-02 2.014569662540285216e-02 1.843253042708119932e-02 1.851692313127629649e-02 1.788532846534475820e-02 1.756913101763755286e-02 1.825353388441654234e-02 1.834789486792316390e-02 1.876730741732087621e-02 1.945224094071973733e-02 2.002231559465929289e-02 2.057978593156940469e-02 2.095348612049677609e-02 2.202984227905044681e-02 2.250444445303370275e-02 2.346031992508293418e-02 2.493558383766904946e-02 2.634108686798261600e-02 2.809125284911496642e-02 3.099849144024801467e-02 3.268060260983800258e-02 3.642787064682109083e-02 3.934140798552991647e-02 4.091254337675296476e-02 4.198986236894835383e-02 4.506180768265864722e-02 4.649565638804517564e-02 4.843138669962115256e-02 5.255421000739859960e-02 5.686213837586327063e-02 6.716129000236280289e-02 7.366202693003606750e-02 8.317788219178273712e-02 9.331066829231537962e-02 1.004993344913988201e-01 1.122994840307201397e-01 1.188044516894497110e-01 1.274750132467261099e-01 1.345625517339062716e-01 1.383857090539255263e-01 1.475060413129037351e-01 1.544354449949320585e-01 1.635280192023302603e-01 1.713231047384793371e-01 1.818772573281818017e-01 1.936561230037979198e-01
1.369499889966199734e-58 2.130472942622787807e-39 2.008023807903813690e-18 3.601734929602687894e-03 6.117911974000578290e-01 4.635070010241786886e-01 2.994750443880426771e-01 1.526646765665581607e-01 6.888584068504999269e-02 4.400450229290119725e-02 3.153274124592835015e-02 2.941304006256769896e-02 2.430540799217325090e-02 2.315961651455048301e-02 2.369548978468069209e-02 2.140390682940558620e-02 1.863637686033655858e-02 1.860111178630292905e-02 1.980019074654275693e-02 2.178275255062399329e-02 2.352268930319258156e-02 2.539729320459493261e-02 2.629044210921816990e-02 2.569939364730463444e-02 2.477768172652520390e-02 2.289197393408162404e-02 2.185604687061685689e-02 2.094784243617841407e-02 2.076164243907429111e-02 2.033467099104605338e-02 2.092416746849781045e-02 2.144912900959150201e-02 2.139966524740605572e-02 2.241160222475720165e-02 2.258473228490131060e-02 2.386082515138012242e-02 2.487345877438925171e-02 2.534285360092868034e-02 2.608735519270408143e-02 2.735215212807210264e-02 2.919112752127075647e-02 3.083538416495322509e-02 3.324761111142376935e-02 3.550838356320930311e-02 4.039945166114664726e-02 4.373104590995832708e-02 4.737682254936414344e-02 5.018859982512854923e-02 5.401007372864542744e-02 5.553216601910371253e-02 5.825337009122865534e-02 5.972811980883770133e-02 6.486148192286006475e-02 6.842865617302038017e-02 7.622965708324119793e-02 8.527906112756011847e-02 9.601701771217498182e-02 1.083305701225747292e-01 1.215921677676138624e-01 1.308309946958727543e-01 1.451100541806043531e-01 1.530621763492427123e-01 1.632910284366981823e-01 1.693193668323520196e-01 1.745013600044245661e-01 1.824688287767535777e-01 1.859666928946413778e-01 1.919698600843331993e-01 1.999793779569443986e-01 2.082704158087830548e-01
9.518281736520210264e-35 9.386560271056087353e-14 7.578234276121261770e-01 7.079297134221582688e-01 5.796129044823803422e-01 4.471465206210494259e-01 3.093328172907189311e-01 2.003630278005734677e-01 1.180995087261771798e-01 7.008933411456914897e-02 5.210695698888397759e-02 4.171472742925510374e-02 3.485223996327298929e-02 3.418606657799425075e-02 3.276900240966255234e-02 2.650015196799384437e-02 2.401426838878816319e-02 2.477998037521945973e-02 2.642568056539385674e-02 2.911789214433982073e-02 3.147939667868931979e-02 3.413019314046874392e-02 3.353528713550502777e-02 3.165886376964107546e-02 3.019905843383658556e-02 2.684244650715914352e-02 2.571768227502658002e-02 2.447377728780681869e-02 2.395396754031669032e-02 2.425002142571563990e-02 2.430637884630561241e-02 2.531617563757543321e-02 2.615659005179599497e-02 2.669894750561251431e-02 2.705496215935943027e-02 2.819855952559955498e-02 2.909316701152120030e-02 2.956407248004137497e-02 3.112694050149783509e-02 3.310147220994797551e-02 3.332449439606820912e-02 3.657715049142552799e-02 3.812406054449028053e-02 4.313016324064883333e-02 4.776808509864235996e-02 5.402008331448181211e-02 6.017397147324913403e-02 6.459479783771374106e-02 7.087402214605895145e-02 7.384189641958910366e-02 7.617662914759161519e-02 8.154471891646677961e-02 8.260809786206999017e-02 8.808387447624535516e-02 9.424551451790255663e-02 1.048387995367547620e-01 1.141783944137193113e-01 1.294002791454972323e-01 1.421494509206912282e-01 1.569832581491893420e-01 1.707714353835193821e-01 1.808110023021104740e-01 1.949731929574479994e-01 2.034819696381262311e-01 2.087759741346223996e-01 2.209069041258061028e-01 2.253347582410320793e-01 2.307931220274093143e-01 2.321698776884122406e-01 2.396963496232533408e-01
9.846462124828791592e-09 8.492304701196611294e-01 7.816138645794404871e-01 6.817432001731146274e-01 5.795389605104133146e-01 4.648917992468691307e-01 3.739646062836183837e-01 2.740354849577757435e-01 1.976265972778202540e-01 1.360931804484298291e-01 1.028441832249748361e-01 7.211166615912106836e-02 6.369824546972094326e-02 5.977567601862503188e-02 4.522509005470962129e-02 3.605575705390628299e-02 3.215718995168035527e-02 3.627255294133958918e-02 4.217159642659760316e-02 4.393672543771268146e-02 4.916177473712470686e-02 4.983007498242793265e-02 4.617633801755242212e-02 4.199027461439153175e-02 3.687450821770166254e-02 3.283847056695329142e-02 3.042214146589015261e-02 2.949658500085527990e-02 2.958473236594603983e-02 2.994790568835022093e-02 3.000674477247865929e-02 3.072382459531795146e-02 3.146299236015805134e-02 3.204724317150969837e-02 3.277497276317267033e-02 3.499660206193656864e-02 3.681852495570947514e-02 3.668056788876574575e-02 3.895441702043818399e-02 4.078823899615188070e-02 4.104044817991836513e-02 4.333318309936600582e-02 4.843317804313354569e-02 5.273447146238160327e-02 5.913351526013272547e-02 6.951768362697043069e-02 7.629365123918015190e-02 9.003673759818628386e-02 9.619582148453312276e-02 1.043284675722095378e-01 1.098269997582260321e-01 1.155085159224729097e-01 1.199876978641648134e-01 1.201115746750358731e-01 1.256162189379047001e-01 1.361360975842828558e-01 1.449155543452060879e-01 1.557414068903608950e-01 1.700617798668725422e-01 1.866517279785929462e-01 2.016393448274226841e-01 2.158499325699771432e-01 2.281997937248894937e-01 2.411538655445198409e-01 2.568673936159488469e-01 2.629609906361399241e-01 2.716891549385294646e-01 2.776944592069431339e-01 2.809626984718235354e-01 2.851059218434617848e-01
9.027365304455352568e-01 8.493031608327386017e-01 7.804140545919266980e-01 6.967846864741701340e-01 6.099380883282631283e-01 5.285539617384095168e-01 4.492685806011130767e-01 3.753179878156731042e-01 3.012782067487260740e-01 2.542114803259314382e-01 1.951074439410692141e-01 1.475626213198549808e-01 1.424330275688754366e-01 1.120203447866692098e-01 6.600851250657882585e-02 5.203792844004680174e-02 5.539833241279900483e-02 6.064771343420734956e-02 7.578353545626943799e-02 8.114820801163014075e-02 9.068695263158417508e-02 8.176049526863927996e-02 7.527608540808439219e-02 5.883906277126103868e-02 4.809892861014123527e-02 4.258980920818552368e-02 3.887862675803056139e-02 3.778860964815608514e-02 3.855442307589133921e-02 3.838224709525497186e-02 3.921448729734956090e-02 4.005046275587453852e-02 3.961153469305689345e-02 4.284529741559314070e-02 4.158588210059564749e-02 4.442425064776033689e-02 4.731725037923255328e-02 4.813321079463495078e-02 5.386247201641520405e-02 5.393616284589480142e-02 5.606368654448598554e-02 5.891510989531665438e-02 6.309438209808916620e-02 6.869213332766722913e-02 7.872436342725155911e-02 9.153103103836295051e-02 1.081705124504668131e-01 1.268015876844664491e-01 1.357360391963326196e-01 1.527586197339772245e-01 1.608202993890460453e-01 1.717598505121542551e-01 1.758335892304311865e-01 1.755423039089045179e-01 1.823585230232611654e-01 1.846864556778574362e-01 1.963338089458443181e-01 2.053227902046414199e-01 2.142828378326841199e-01 2.275458097606335717e-01 2.389763052981802582e-01 2.547645463985525049e-01 2.696187573800709614e-01 2.844469761519214379e-01 2.949887498415018072e-01 3.057908281126188732e-01 3.223945060321589673e-01 3.247400673822724015e-01 3.328470626962830581e-01 3.374673502654843005e-01
9.048033521430941528e-01 8.594536949087039357e-01 8.004936779551509174e-01 7.384551738248742447e-01 6.715013374386872291e-01 6.089633306255083367e-01 5.420301568706004103e-01 4.957001502258442938e-01 4.268576220107833663e-01 3.750138176387109445e-01 3.133995234717419920e-01 2.933604180873125022e-01 2.718890396164971301e-01 1.835077036954545771e-01 1.223380999944673059e-01 1.076649058258776631e-01 1.233571719793869065e-01 1.508789621389391988e-01 1.645548879710603540e-01 1.698895489112403900e-01 1.666396203551696042e-01 1.571112329397474638e-01 1.201071937592352451e-01 8.599656740399608257e-02 7.221881354173932677e-02 6.155828938575363257e-02 5.788062014063898725e-02 5.581301059191085684e-02 5.500662360247719762e-02 5.463747357824497164e-02 5.437649678628140443e-02 5.778307477991693336e-02 5.871813033276387234e-02 6.061417248127406315e-02 6.226536385755058328e-02 6.627264590637955977e-02 6.859120970788011584e-02 7.198388594273240348e-02 7.475722717407357054e-02 7.807959245986155483e-02 8.223209239277361193e-02 8.688687760125365922e-02 9.349448795463620454e-02 1.010192852050615930e-01 1.156216808699852688e-01 1.281076055502994027e-01 1.533412579271752341e-01 1.757686951044813428e-01 1.984767353350263275e-01 2.137721078595785917e-01 2.296342515214969959e-01 2.340634973871861813e-01 2.436706846994538822e-01 2.479301407786705658e-01 2.499860770837158130e-01 2.566107192236352086e-01 2.607466759469267426e-01 2.656830089723673516e-01 2.677048253376740350e-01 2.754762333073850766e-01 2.871935523692978887e-01 3.000563278801486877e-01 3.125540585372031388e-01 3.274780653217477799e-01 3.346098553684182519e-01 3.493131012482517117e-01 3.621474305466790278e-01 3.663680213593744628e-01 3.765854009091920140e-01 3.839998447654773828e-01
9.161466133907598675e-01 8.811023758836535880e-01 8.354725029931040492e-01 7.894780742344920110e-01 7.425716963042330310e-01 6.839728143532644022e-01 6.424999043245817054e-01 5.904284904481862384e-01 5.426023954675255334e-01 4.863411002159954144e-01 4.515087110460860309e-01 4.275774137117291929e-01 3.689605569813247388e-01 2.752107151519750383e-01 2.279834827599252489e-01 2.356849920375375662e-01 2.613724429745135636e-01 2.764325223457033132e-01 2.935069277011558841e-01 2.869498112251942512e-01 2.790669765428404059e-01 2.383120997406448505e-01 1.768868341874219874e-01 1.386032997847728987e-01 1.069716478736913723e-01 9.710490896767247360e-02 8.374489788246583521e-02 8.495609221617811402e-02 8.505358704978520368e-02 8.156864819404531508e-02 8.305182946748046469e-02 8.608581780657938165e-02 8.869668986437581615e-02 9.000177201910451730e-02 9.818047296779670863e-02 9.740313859709856525e-02 1.019226961304486589e-01 1.069587584121752255e-01 1.132963401669652981e-01 1.207787307170091889e-01 1.226155965302939826e-01 1.302717502213210365e-01 1.349540336983036104e-01 1.464489424717236032e-01 1.544495785368355523e-01 1.740828695197964848e-01 1.973069540778727982e-01 2.258498770673416367e-01 2.495155156634530358e-01 2.695538655995761701e-01 2.905808052189646773e-01 2.999498936800739091e-01 3.050014655253294182e-01 3.111404502734521071e-01 3.164285694046399255e-01 3.213554649857873757e-01 3.218987500080988107e-01 3.250113376576561630e-01 3.284808721152407407e-01 3.343747300903879838e-01 3.397334711978134414e-01 3.510070508212303486e-01 3.499459095967739630e-01 3.665766600054774504e-01 3.708613539432448203e-01 3.844204563259465135e-01 3.927330958633233893e-01 4.008789365337886434e-01 4.137880956640135333e-01 4.192137369010341397e-01
9.290138493646922235e-01 8.981730612063240082e-01 8.624769865685424364e-01 8.213536375154062430e-01 7.820416593586017040e-01 7.427611994096332548e-01 6.885704553390955551e-01 6.557895517209755276e-01 6.075875121647749122e-01 5.617336723434144252e-01 5.428826204377069642e-01 5.096147294685803297e-01 4.296832581869950984e-01 3.572047602554840884e-01 3.410817121283754028e-01 3.551801445666480928e-01 3.739933430955456606e-01 3.879272899434956234e-01 3.835780939535077816e-01 3.730291803175699861e-01 3.417453563164369879e-01 2.915019913113302552e-01 2.289200610425763116e-01 1.834080345146067992e-01 1.561239478187577412e-01 1.349379039254843815e-01 1.322030503535375767e-01 1.236462124976870636e-01 1.220079015781663501e-01 1.234393186980213969e-01 1.230627915894435959e-01 1.214930547157458823e-01 1.275866671883822134e-01 1.302657666277159121e-01 1.364009501815678094e-01 1.423132562682354607e-01 1.463221790189940530e-01 1.507761025139176259e-01 1.620431432955976581e-01 1.681038498370804324e-01 1.743766359804454769e-01 1.780541559982926902e-01 1.862117482556826242e-01 1.919676244013614752e-01 1.960768910368798912e-01 2.147058790425352415e-01 2.395733393370559905e-01 2.559052064327502762e-01 2.832527638839669182e-01 3.044645972024709324e-01 3.286148531372251047e-01 3.415346797074694796e-01 3.469383820806179464e-01 3.567811370166144025e-01 3.606029400561009401e-01 3.665606095857205093e-01 3.700614320740988616e-01 3.703259266950563178e-01 3.725426438993622580e-01 3.748334150040243395e-01 3.766786629607318804e-01 3.796358912053063306e-01 3.866941612003309547e-01 3.940857727682752221e-01 4.025233075913340342e-01 4.065126433003627415e-01 4.150015119266960428e-01 4.240186776034325367e-01 4.308469409802507810e-01 4.415320901782895935e-01
9.303255308416705782e-01 9.017894131916698308e-01 8.705488883833759628e-01 8.339487066600833609e-01 7.968986790057845937e-01 7.572561491391069932e-01 7.207203683739420441e-01 6.877643648543267929e-01 6.358587921611691396e-01 6.083794345211100962e-01 5.859348031073394747e-01 5.248963348568962406e-01 4.519689465846125631e-01 4.188951767984256391e-01 4.180247738977348471e-01 4.319701822632242560e-01 4.381715465039666135e-01 4.392185058090128380e-01 4.277882642320357531e-01 4.096926965004130117e-01 3.731990521359005442e-01 3.128849183327518380e-01 2.572720692372438278e-01 2.161677000132848359e-01 1.893184012054563437e-01 1.749680022519575495e-01 1.679820441120312702e-01 1.594504666907651524e-01 1.595053418544853663e-01 1.561833462182238008e-01 1.535150549286288524e-01 1.560832292583496650e-01 1.593802693688309846e-01 1.604600922835437149e-01 1.685394119547908853e-01 1.732766708365266195e-01 1.801495568468554354e-01 1.881830827227133074e-01 1.940286146823779478e-01 2.033958416919421641e-01 2.092772763966385674e-01 2.152292175734776269e-01 2.164780880857117007e-01 2.213739298447059967e-01 2.299244221958895162e-01 2.374991910065042955e-01 2.521518736558328033e-01 2.733714835979909052e-01 2.937006344081076192e-01 3.247044637760058694e-01 3.399499749914692837e-01 3.586565188799955561e-01 3.723348867430186226e-01 3.838025901161830622e-01 3.890995357690431034e-01 3.935905128171287570e-01 3.960390478006342030e-01 3.994173213049423965e-01 3.992434121662993274e-01 4.005508807718848874e-01 4.043553007242312036e-01 4.047106998664353195e-01 4.088829313273334431e-01 4.128737219523447854e-01 4.144239187628447896e-01 4.219594941744188588e-01 4.277970920700177593e-01 4.326932476464369626e-01 4.400893217955827996e-01 4.464518643940851295e-01
9.147133185935533151e-01 8.909462796136181639e-01 8.597311251125350218e-01 8.270482705261666956e-01 7.904469280010852916e-01 7.578645310523791645e-01 7.234740488414115323e-01 6.831800735141471126e-01 6.483938969180002010e-01 6.245045211572026744e-01 5.783789502871673482e-01 5.110103239166720046e-01 4.663451463918901752e-01 4.564325186457116046e-01 4.628978176514615961e-01 4.667582741639176303e-01 4.704886487773993209e-01 4.623585164762265554e-01 4.432518130760084163e-01 4.055983703993982781e-01 3.541725188660412860e-01 3.063714386553001989e-01 2.587285181527873013e-01 2.279185790952790447e-01 2.069725737437051183e-01 1.973531217955824257e-01 1.874955343713312350e-01 1.825230039506675617e-01 1.783588323714023205e-01 1.774432393150959797e-01 1.768308892491032014e-01 1.770859602560327650e-01 1.786745043369266095e-01 1.816293172044586846e-01 1.896272691215350470e-01 1.949665170520257229e-01 2.026631110509440059e-01 2.094798444507649238e-01 2.193476429300147412e-01 2.243273109432293577e-01 2.311358114647085182e-01 2.350393586552749214e-01 2.396742107765177099e-01 2.436941928732477836e-01 2.466490128260980519e-01 2.525262261670233599e-01 2.618823104291347348e-01 2.787393587406663542e-01 2.975882859183767715e-01 3.176268699793046713e-01 3.389628641027581102e-01 3.570806583970811965e-01 3.762946679360833491e-01 3.873635725446429312e-01 3.968813956342966409e-01 4.045602706093262557e-01 4.100907441155043354e-01 4.133557139287529214e-01 4.168917565758318289e-01 4.182123899553736313e-01 4.203186230405623336e-01 4.203529515296131613e-01 4.233744320303983733e-01 4.250849956635569526e-01 4.261115360541052333e-01 4.286861061236587611e-01 4.323488060440171532e-01 4.355047085167059184e-01 4.393072207376452210e-01 4.457806398147479698e-01
8.936248230817417371e-01 8.679169012080573120e-01 8.375735294352885107e-01 8.067145257826466853e-01 7.726037714120489452e-01 7.425156569440620746e-01 7.045669295879752880e-01 6.652785146552470108e-01 6.402417497214275555e-01 6.052506623145050835e-01 5.513191041282117233e-01 5.038996946073696082e-01 4.803516890305429277e-01 4.743506635262216831e-01 4.777371726808681829e-01 4.776489239334694159e-01 4.728525672216333797e-01 4.579469915353947540e-01 4.285716939331781217e-01 3.833578535262861520e-01 3.328176616413645039e-01 2.866496014440317319e-01 2.526774510303184673e-01 2.309609007232100164e-01 2.139636615419596710e-01 2.042932896151684607e-01 1.963122798096220700e-01 1.915943268740153416e-01 1.886575478416550877e-01 1.854299059927724813e-01 1.858487290593517360e-01 1.864764092676881035e-01 1.894982545320602896e-01 1.924759552718947608e-01 1.968188519156621741e-01 2.050381974520207595e-01 2.120229581788340145e-01 2.192053706538725222e-01 2.286131985922496834e-01 2.351073727176558048e-01 2.418920749084181032e-01 2.476581352675638614e-01 2.530656590241219250e-01 2.532395636198886968e-01 2.557586676158111749e-01 2.588101216816485195e-01 2.645515172604891441e-01 2.742296952769990304e-01 2.862403764842169629e-01 3.053680089175345724e-01 3.274217346463310085e-01 3.496143587461365554e-01 3.645241096003157821e-01 3.819221819276895635e-01 3.950322651575617905e-01 4.040210953730013488e-01 4.113136362797343293e-01 4.167541792388265165e-01 4.222341729179301395e-01 4.238808448777226512e-01 4.266840119800420772e-01 4.286727756168691728e-01 4.305246710894546358e-01 4.309859296255551531e-01 4.325917659187312747e-01 4.348502407507864875e-01 4.370397447570684712e-01 4.395696769744477650e-01 4.412932261905575526e-01 4.452041547457734061e-01
8.681243150363563421e-01 8.420907418105156861e-01 8.119280783518298961e-01 7.797877770340391201e-01 7.506193424359931532e-01 7.144925596903412002e-01 6.782578642423953141e-01 6.514904382000022975e-01 6.195857325675090399e-01 5.740594372442141546e-01 5.277954193445042463e-01 4.972631664934187290e-01 4.841466356018176431e-01 4.809696368692065183e-01 4.776322886825521419e-01 4.722052247382624302e-01 4.562163985267205235e-01 4.322040320331622665e-01 3.966824899854929365e-01 3.532321264775217240e-01 3.077225521871039815e-01 2.726242192680951582e-01 2.461409009577048279e-01 2.295874941322205987e-01 2.151600977239209456e-01 2.069733281661971513e-01 1.995749166438546829e-01 1.949195645427569401e-01 1.912025338262610119e-01 1.906076052990827163e-01 1.893859994830915106e-01 1.903124783943019316e-01 1.924647738722892742e-01 1.965631247792813119e-01 2.015607684864276772e-01 2.072828051012755857e-01 2.146420261619657877e-01 2.230688941409620651e-01 2.321761315905230272e-01 2.403041967014827307e-01 2.469645638971221524e-01 2.538603822361770734e-01 2.576772530585870746e-01 2.611542485171783889e-01 2.617870114086908173e-01 2.631500677039061431e-01 2.656956872759696497e-01 2.711227127228140743e-01 2.799789855334344213e-01 2.919373179981262223e-01 3.083255334966307215e-01 3.270949544801952658e-01 3.478742958385343531e-01 3.651477666260306010e-01 3.806407329795303829e-01 3.932267477927198773e-01 4.038091886531429697e-01 4.129593222801488106e-01 4.185187640689370103e-01 4.247011396432588404e-01 4.287178355578589173e-01 4.317119669979240792e-01 4.334508971842381819e-01 4.351640677782829814e-01 4.369931013846051204e-01 4.392854128857728857e-01 4.399493982426569416e-01 4.415552912314771872e-01 4.437394622446340642e-01 4.456850896889071878e-01
-1.000000000000000000e+00 -1.000000000000000000e+00 7.814360780213217561e-01 7.506356145083080689e-01 7.170267336206307407e-01 6.859581954001486848e-01 6.545977426164604207e-01 6.237563637233508596e-01 5.816207283737716560e-01 5.437788785199507702e-01 5.105384070187412027e-01 4.925348296967826944e-01 4.823340751591574938e-01 4.748868809299183757e-01 4.668895779683305824e-01 4.542924326932498702e-01 4.307374500926449690e-01 3.996222911561244096e-01 3.619363120965231606e-01 3.202566838198359078e-01 2.866513026664813113e-01 2.610958453174397897e-01 2.402180120546510145e-01 2.248827916268535954e-01 2.137229481042575985e-01 2.051756343028384721e-01 1.990536269862111796e-01 1.943176885882612615e-01 1.911646041926357564e-01 1.897163360245990027e-01 1.895988341952212775e-01 1.906917926296069210e-01 1.928737333530483045e-01 1.963802384385060218e-01 2.015417036273387530e-01 2.078944712960711649e-01 2.152480750030130729e-01 2.236571669732961010e-01 2.318866500655529517e-01 2.415444050263308995e-01 2.496000673368622413e-01 2.560558169479097423e-01 2.609318157934352178e-01 2.641063744528433510e-01 2.656372032268956018e-01 2.663217839305802581e-01 2.666292519237032366e-01 2.689738913560993927e-01 2.728286013750629291e-01 2.796900232773531503e-01 2.919931644254170067e-01 3.081319186917843567e-01 3.253925203503061914e-01 3.428978832200467175e-01 3.627304978278335645e-01 3.754087655149042635e-01 3.882703384743067532e-01 4.015351263115967129e-01 4.113926555664234042e-01 4.209223722625675679e-01 4.252021289562251671e-01 4.303597598212819397e-01 4.341589297815498516e-01 4.375730975245139542e-01 4.399624548878336427e-01 4.413472202309886572e-01 4.431167407020933924e-01 4.448043098356164737e-01 4.462761326320877076e-01 4.474300299792256519e-01
-1.000000000000000000e+00 -1.000000000000000000e+00 -1.000000000000000000e+00 7.147134125962210094e-01 6.800119261277345339e-01 6.514766647739338445e-01 6.227878298423380476e-01 5.907509384232623173e-01 5.537139728236702974e-01 5.215896428618344016e-01 4.972017136417608563e-01 4.831834879000905247e-01 4.702249660528537434e-01 4.590060728247403743e-01 4.451052513555031065e-01 4.241784990588400861e-01 3.998235921418359373e-01 3.650791526352811789e-01 3.306486036077994628e-01 2.972718694033655296e-01 2.697169898259356158e-01 2.488133251999391782e-01 2.319502889589000194e-01 2.198178182453377483e-01 2.101872078469103067e-01 2.028230151530981962e-01 1.970673651657745273e-01 1.930962755563508659e-01 1.902705635205979295e-01 1.884031219795592460e-01 1.886849703576642112e-01 1.892346367452821532e-01 1.915559668530479043e-01 1.955859843605787796e-01 2.002719828653486966e-01 2.057989496896525106e-01 2.129939090763514897e-01 2.217445451849003879e-01 2.299690389582459416e-01 2.393254570457482300e-01 2.487563874296324917e-01 2.561370808713970271e-01 2.620544116489748609e-01 2.657758502162830272e-01 2.677979958154009243e-01 2.687972402391365367e-01 2.685007421242692205e-01 2.683413447660480400e-01 2.706885013250804883e-01 2.735252693699756765e-01 2.805397722739185196e-01 2.898134776397592871e-01 3.056984175734678844e-01 3.173537911538029110e-01 3.370161029000344199e-01 3.565563921495460975e-01 3.724466974280553622e-01 3.840193837715333292e-01 3.967712048542001990e-01 4.087044934968216969e-01 4.170646264859827479e-01 4.251862632730067371e-01 4.310546800882937291e-01 4.357352403692771325e-01 4.391348315956079551e-01 4.422607971272504157e-01 4.452609470760232613e-01 4.470086768633678709e-01 4.490897365312150891e-01 4.507663851193442484e-01
-1.000000000000000000e+00 -1.000000000000000000e+00 -1.000000000000000000e+00 -1.000000000000000000e+00 6.463467751313852760e-01 6.220200536743522024e-01 5.891715239340329369e-01 5.574647460299446688e-01 5.271794682072227234e-01 5.029402944013728893e-01 4.826205235382404757e-01 4.657564219391689964e-01 4.513704914370821886e-01 4.340862386568883902e-01 4.155965704329925292e-01 3.926290739884314984e-01 3.648126745613585742e-01 3.360717787696509418e-01 3.063651111879895361e-01 2.783977012704437204e-01 2.577506889105223853e-01 2.409326440020993498e-01 2.263198681713458615e-01 2.156914067803019919e-01 2.072050693644199859e-01 2.001706589324070140e-01 1.946130460839091136e-01 1.912252696140746555e-01 1.886532557015837552e-01 1.872019613108054925e-01 1.872522331062912992e-01 1.876991592392256158e-01 1.896571394988527670e-01 1.926174652101332319e-01 1.973577966542183204e-01 2.024189511457418489e-01 2.100399793642123425e-01 2.189105557533932156e-01 2.264421233845386183e-01 2.367601944952374138e-01 2.462496537736199032e-01 2.543674442669629499e-01 2.612877187414516800e-01 2.661538569274426447e-01 2.687088503636388404e-01 2.700977787115448892e-01 2.699995481340233261e-01 2.696775028228322602e-01 2.690976846008757417e-01 2.707941498485390008e-01 2.739173168603904474e-01 2.791526087863040462e-01 2.872359578075888709e-01 2.993882112212367663e-01 3.106754808595098005e-01 3.283041267256323059e-01 3.437968187726644365e-01 3.641045750112951729e-01 3.745731380727273518e-01 3.948355347575712160e-01 4.045419145682916384e-01 4.130604944252515009e-01 4.233160823537520656e-01 4.286468986396459457e-01 4.359013551006682419e-01 4.403746274918847736e-01 4.448663225512978769e-01 4.473817962996832209e-01 4.505298683009389404e-01 4.525721321577185763e-01
-1.000000000000000000e+00 -1.000000000000000000e+00 -1.000000000000000000e+00 -1.000000000000000000e+00 -1.000000000000000000e+00 5.872931422242374522e-01 5.595864298552065685e-01 5.301015239503774623e-01 5.020087620173782073e-01 4.794468023092293696e-01 4.608413419735315486e-01 4.414198078114593971e-01 4.258923283672637061e-01 4.067001430351935842e-01 3.873902042086052044e-01 3.619397115112202856e-01 3.363474667539506635e-01 3.100340892271729043e-01 2.858208221501504775e-01 2.664587892850743822e-01 2.477580461090008457e-01 2.330293620984623948e-01 2.212858955993483590e-01 2.119532957580949895e-01 2.034660769195809626e-01 1.971898869533652843e-01 1.924186305826307009e-01 1.889045386073912036e-01 1.861176839543249029e-01 1.848804850205224559e-01 1.845730041215463135e-01 1.850577614077797417e-01 1.872872446667232238e-01 1.901828072143738058e-01 1.941753134020626770e-01 1.995912937299731682e-01 2.059246115131566912e-01 2.147005084170727218e-01 2.228391478347184207e-01 2.326915587911928263e-01 2.422231684693193776e-01 2.514113963425696485e-01 2.589923312751756801e-01 2.642759900459509814e-01 2.684489313639052410e-01 2.702594019752231347e-01 2.707638399960331510e-01 2.703924523757750276e-01 2.697297961393126386e-01 2.690969244665267213e-01 2.699600708292587692e-01 2.722073560557536909e-01 2.763733911589636438e-01 2.834337004423440054e-01 2.957362367568246997e-01 3.067961816648444584e-01 3.223495784350928206e-01 3.379403800017476422e-01 3.551700881030822599e-01 3.680827577243920845e-01 3.865372196165549057e-01 3.959538254492015463e-01 4.070197775881798097e-01 4.199710791653679665e-01 4.279260327740008751e-01 4.347557490664951674e-01 4.413799863071440344e-01 4.460130365133029295e-01 4.497511274212973031e-01 4.535004171184274790e-01
-1.000000000000000000e+00 -1.000000000000000000e+00 -1.000000000000000000e+00 -1.000000000000000000e+00 -1.000000000000000000e+00 -1.000000000000000000e+00 -1.000000000000000000e+00 5.004663744594318731e-01 4.760413099544658633e-01 4.555775856545992708e-01 4.339276877861448778e-01 4.157444085214359042e-01 3.989052235960675596e-01 3.789038307094771407e-01 3.573284851642681836e-01 3.356762718794416012e-01 3.149326323013784124e-01 2.921009699606035293e-01 2.721558733153776055e-01 2.543830651883087213e-01 2.395433469764603196e-01 2.270672827437020258e-01 2.165805062141840653e-01 2.074633685559649776e-01 2.003107043273876786e-01 1.944149664333649774e-01 1.898734627749079917e-01 1.864874369089782602e-01 1.845577441379641082e-01 1.829738244106613176e-01 1.826212385680477945e-01 1.831039046967167239e-01 1.847477173821849561e-01 1.871505946177902668e-01 1.911308806269651495e-01 1.957413533532968986e-01 2.023976251738961174e-01 2.099941065365368287e-01 2.180972222696274387e-01 2.274707229557375032e-01 2.373881505125809976e-01 2.473169858392820220e-01 2.551808147801099547e-01 2.618942468713780780e-01 2.662947110264280992e-01 2.694350212419231450e-01 2.704286162727038700e-01 2.704826213280046021e-01 2.697543201556811265e-01 2.688275146133668470e-01 2.680743861563815722e-01 2.683569038752468550e-01 2.701492341997704383e-01 2.738351781903157200e-01 2.786621022977945339e-01 2.884151901078381153e-01 2.986157951800487154e-01 3.156367829985325946e-01 3.284183225580568077e-01 3.483397945772564452e-01 3.599783636548364862e-01 3.771004576541103215e-01 3.888661049730054997e-01 4.009769572371038593e-01 4.129461349578835705e-01 4.261055574392574874e-01 4.324670799643196006e-01 4.400639084202330187e-01 4.462606841989416040e-01 4.511167488363425071e-01
-1.000000000000000000e+00 -1.000000000000000000e+00 -1.000000000000000000e+00 -1.000000000000000000e+00 -1.000000000000000000e+00 -1.000000000000000000e+00 -1.000000000000000000e+00 -1.000000000000000000e+00 4.482797933844079319e-01 4.282087131289401549e-01 4.083681973747284588e-01 3.916229714019478503e-01 3.728622845823164056e-01 3.533879739157566036e-01 3.348444049991519678e-01 3.137844615555090977e-01 2.963402705513261126e-01 2.784227840818204180e-01 2.611375820786447366e-01 2.459679489298335353e-01 2.331410117084788125e-01 2.211454197173689795e-01 2.114490636534413492e-01 2.039793784020577927e-01 1.971374395448691197e-01 1.917813318482385898e-01 1.875404237789233264e-01 1.840116714502585127e-01 1.816579594662402486e-01 1.807557025832158826e-01 1.798224976231906636e-01 1.801403224232399902e-01 1.817387235745694940e-01 1.838331347877075195e-01 1.879195322918516264e-01 1.917973899318117792e-01 1.973820534981539643e-01 2.039608774226582544e-01 2.133448572503072738e-01 2.222726449731638743e-01 2.313920639520667677e-01 2.416871869805288786e-01 2.503337461100404449e-01 2.571720550063802957e-01 2.630087383804263768e-01 2.669622567872538266e-01 2.686753605405684531e-01 2.694920432001941535e-01 2.690170829751080683e-01 2.681737595938419316e-01 2.671264968970770148e-01 2.664651211580794099e-01 2.664010607206029335e-01 2.671331703416633951e-01 2.698124670438779016e-01 2.744106527586908095e-01 2.839154725763322062e-01 2.916366853837630835e-01 3.016120830704224209e-01 3.171123129194978740e-01 3.356055700849721601e-01 3.530293100151424834e-01 3.663536777978524950e-01 3.801818732705353199e-01 3.947461105673404913e-01 4.094980229462431010e-01 4.191604858370390763e-01 4.307034127583324601e-01 4.380577605498130467e-01 4.450763593399722495e-01
-1.000000000000000000e+00 -1.000000000000000000e+00 -1.000000000000000000e+00 -1.000000000000000000e+00 -1.000000000000000000e+00 -1.000000000000000000e+00 -1.000000000000000000e+00 -1.000000000000000000e+00 -1.000000000000000000e+00 4.021329891660316846e-01 3.839095778551145366e-01 3.670884117513213973e-01 3.499682523884394270e-01 3.320268422276175246e-01 3.145886689127396774e-01 2.977737030792611539e-01 2.805675979909714179e-01 2.655475880433298408e-01 2.505909338302316214e-01 2.372759221682087527e-01 2.262668007475364118e-01 2.158431814172913077e-01 2.067864909929618689e-01 1.999011774703548239e-01 1.939250262312519346e-01 1.886680284205197733e-01 1.847031129081826983e-01 1.814830056767587629e-01 1.792433733347657543e-01 1.777549380610563279e-01 1.773641144452692275e-01 1.776137881897182635e-01 1.784370997792036617e-01 1.807725681654349104e-01 1.839209685046570841e-01 1.880854531239489758e-01 1.933456335844226937e-01 1.998826370035893529e-01 2.074577289331449859e-01 2.159550512232056296e-01 2.252545805582298055e-01 2.347896711610116260e-01 2.441509883509140055e-01 2.524484247983010965e-01 2.585012328494040168e-01 2.622203579487057401e-01 2.653651522826733777e-01 2.669279247410730194e-01 2.671779460489620006e-01 2.667582112316900234e-01 2.657561215632223139e-01 2.647040826185818596e-01 2.641687751524685046e-01 2.635498348231978816e-01 2.644504878616843468e-01 2.665201858820309133e-01 2.698959865912917144e-01 2.755664561749441854e-01 2.835330864251307537e-01 2.959002550521350194e-01 3.057449086968179741e-01 3.220103863918422626e-01 3.370430050597754690e-01 3.556481326309271496e-01 3.715304545110274526e-01 3.821725437039992235e-01 4.003824653194814065e-01 4.114558767205999668e-01 4.227191388961459850e-01 4.345903864088475621e-01
-1.000000000000000000e+00 -1.000000000000000000e+00 -1.000000000000000000e+00 -1.000000000000000000e+00 -1.000000000000000000e+00 -1.000000000000000000e+00 -1.000000000000000000e+00 -1.000000000000000000e+00 -1.000000000000000000e+00 -1.000000000000000000e+00 3.627857662504934133e-01 3.460960051610676991e-01 3.294381462236061764e-01 3.141585969515004462e-01 2.982481552199468533e-01 2.831485434441813887e-01 2.690800314377691516e-01 2.553781830301760092e-01 2.424038320692916693e-01 2.306052297486561042e-01 2.203237442946365532e-01 2.108363548214141070e-01 2.027470624435994961e-01 1.958352241171110175e-01 1.902735665308366575e-01 1.862995636286403078e-01 1.821528667308242033e-01 1.785742362508781489e-01 1.765513599604441042e-01 1.754347168023251968e-01 1.748424310612265720e-01 1.744591026893880514e-01 1.755128563072273218e-01 1.774300723255627099e-01 1.801083969205782287e-01 1.837250313995685558e-01 1.888415163429653931e-01 1.943964282187812254e-01 2.021850378461800268e-01 2.093026645732242730e-01 2.187499038972124943e-01 2.269472697179191478e-01 2.364080564489718372e-01 2.444722658808674565e-01 2.518242452260806008e-01 2.574594976718884154e-01 2.610154242032434180e-01 2.627879020035687740e-01 2.641326249968517503e-01 2.638719006154756075e-01 2.634067590232847533e-01 2.625574085135575775e-01 2.615419978133803336e-01 2.605988741167991618e-01 2.604174240388061334e-01 2.604878488778488155e-01 2.622556101309690413e-01 2.654061549361847461e-01 2.694401804489316987e-01 2.768159815051978723e-01 2.870226281956861913e-01 3.020071311803009806e-01 3.098076076891210229e-01 3.258936623198663840e-01 3.419839252223721426e-01 3.580449421639549379e-01 3.809010496007603219e-01 3.859906628610013657e-01 4.089004969659576494e-01 4.157495633953352532e-01
-1.000000000000000000e+00 -1.000000000000000000e+00 -1.000000000000000000e+00 -1.000000000000000000e+00 -1.000000000000000000e+00 -1.000000000000000000e+00 -1.000000000000000000e+00 -1.000000000000000000e+00 -1.000000000000000000e+00 -1.000000000000000000e+00 -1.000000000000000000e+00 3.269906846908653408e-01 3.113122629017360810e-01 2.977497275865956805e-01 2.842137875625065924e-01 2.700330810229528145e-01 2.580969325353248411e-01 2.447296148244529901e-01 2.332729780845303469e-01 2.232969347827784556e-01 2.141695362981929363e-01 2.059029249178714882e-01 1.983741616706307942e-01 1.924269770891609277e-01 1.872327253612290909e-01 1.825581620763466195e-01 1.786657648190301262e-01 1.761427296032329337e-01 1.740654805329438226e-01 1.725405065778753688e-01 1.718872308318574182e-01 1.720370108856976443e-01 1.727022362945442036e-01 1.743081758282807869e-01 1.766538645554461828e-01 1.806366220770638520e-01 1.845257338601871133e-01 1.901841681027650610e-01 1.959754631918708134e-01 2.035966110215482183e-01 2.116645718145331867e-01 2.210405654658647023e-01 2.299513464720330802e-01 2.366521861205242994e-01 2.448480625706490332e-01 2.504002137071662526e-01 2.547449409274040732e-01 2.573028958119424892e-01 2.589186630950389700e-01 2.597538536978437618e-01 2.597242367644059247e-01 2.592810769067430132e-01 2.584665016519625547e-01 2.576246490359415109e-01 2.568484295488314695e-01 2.565297485184263593e-01 2.566881964669291971e-01 2.578552044096379947e-01 2.604018265266984655e-01 2.641935359415138462e-01 2.698905307758436845e-01 2.792532895186505271e-01 2.891001085631749734e-01 2.983149853299780774e-01 3.181450466130890664e-01 3.326555086471718048e-01 3.505490505170242854e-01 3.681284400727331541e-01 3.823526401157074095e-01 4.013354181525510267e-01
-1.000000000000000000e+00 -1.000000000000000000e+00 -1.000000000000000000e+00 -1.000000000000000000e+00 -1.000000000000000000e+00 -1.000000000000000000e+00 -1.000000000000000000e+00 -1.000000000000000000e+00 -1.000000000000000000e+00 -1.000000000000000000e+00 -1.000000000000000000e+00 -1.000000000000000000e+00 -1.000000000000000000e+00 2.825044944474146003e-01 2.703041814530651177e-01 2.587695218651951401e-01 2.472846696301934377e-01 2.364191253611774013e-01 2.257268588952758837e-01 2.164504952102930813e-01 2.082998515239594672e-01 2.014992201366490043e-01 1.942669014766500168e-01 1.881407194054702248e-01 1.834808805044338964e-01 1.794752736650093439e-01 1.759214543646027418e-01 1.732170198089302282e-01 1.711878485916021042e-01 1.697361913854994186e-01 1.690674087485785626e-01 1.691493301793668413e-01 1.694929464297766364e-01 1.712371256650916662e-01 1.737270867844702693e-01 1.763700664284986730e-01 1.803626679297291036e-01 1.855298692812116512e-01 1.909933153817624241e-01 1.976012319456227351e-01 2.053438003193494288e-01 2.136626177551942118e-01 2.214740333860354682e-01 2.293612181633127856e-01 2.371893579799813634e-01 2.430789477701027490e-01 2.473020229902859468e-01 2.510203874001282198e-01 2.536872634631934798e-01 2.545553251734178346e-01 2.548006020182878584e-01 2.549809512518889654e-01 2.546689576765845953e-01 2.535729413311669789e-01 2.531479857724761584e-01 2.523598052743271092e-01 2.522780884196470508e-01 2.521765325906968336e-01 2.532547717997613024e-01 2.548572634664653114e-01 2.583797779859161592e-01 2.649026272556974093e-01 2.697866253786932456e-01 2.788004541630040856e-01 2.901509828428852078e-01 3.062101212408442352e-01 3.203498590862499107e-01 3.375075232492831256e-01 3.512794050456520822e-01 3.704679618441171773e-01
-1.000000000000000000e+00 -1.000000000000000000e+00 -1.000000000000000000e+00 -1.000000000000000000e+00 -1.000000000000000000e+00 -1.000000000000000000e+00 -1.000000000000000000e+00 -1.000000000000000000e+00 -1.000000000000000000e+00 -1.000000000000000000e+00 -1.000000000000000000e+00 -1.000000000000000000e+00 -1.000000000000000000e+00 -1.000000000000000000e+00 2.580244625218251486e-01 2.476209259391604633e-01 2.372725689011862538e-01 2.278441086061244458e-01 2.189131015079010256e-01 2.100460581966323015e-01 2.027090545574492531e-01 1.954383208781650672e-01 1.897814965129835385e-01 1.842819648016663647e-01 1.798568697700720642e-01 1.758456570749279690e-01 1.728170474311637450e-01 1.702526503512674649e-01 1.680698247180551219e-01 1.672340617008061525e-01 1.663773826091870800e-01 1.663659558014617956e-01 1.668742287757285503e-01 1.681701786988268055e-01 1.700422330653137137e-01 1.730713722750889527e-01 1.763345728951459801e-01 1.810674564118970320e-01 1.862131553277016072e-01 1.917259049541607530e-01 1.987941191432674448e-01 2.060039830289143170e-01 2.139969450491299996e-01 2.219512605696574992e-01 2.284066367762051797e-01 2.349178241206752449e-01 2.403762229819296770e-01 2.438543772788185349e-01 2.465419346829097469e-01 2.480269081855045188e-01 2.489529047034019782e-01 2.489890794044404554e-01 2.495153567890478208e-01 2.489408523236362192e-01 2.482678487283806745e-01 2.480048533614025441e-01 2.477067028003248905e-01 2.473267304332121275e-01 2.477622030374520834e-01 2.486048366648160868e-01 2.513158192857365969e-01 2.535615174859227605e-01 2.585514333668249565e-01 2.645691365298097897e-01 2.726966398948919013e-01 2.854227387362143209e-01 2.977939613077555392e-01 3.132981463061762506e-01 3.281661757433250726e-01 3.456818004114152743e-01
-1.000000000000000000e+00 -1.000000000000000000e+00 -1.000000000000000000e+00 -1.000000000000000000e+00 -1.000000000000000000e+00 -1.000000000000000000e+00 -1.000000000000000000e+00 -1.000000000000000000e+00 -1.000000000000000000e+00 -1.000000000000000000e+00 -1.000000000000000000e+00 -1.000000000000000000e+00 -1.000000000000000000e+00 -1.000000000000000000e+00 -1.000000000000000000e+00 2.369766157529788198e-01 2.272797062453965344e-01 2.189807129072764702e-01 2.111571034269754399e-01 2.031337002830588268e-01 1.969954128100986357e-01 1.904609099060063648e-01 1.849065295709766410e-01 1.802554288104953328e-01 1.760498729812891294e-01 1.722356768411438810e-01 1.694511137604609863e-01 1.670058611087565925e-01 1.653517313999632865e-01 1.639299345734381019e-01 1.633729345186760717e-01 1.634110819951044291e-01 1.643513922831767449e-01 1.653525325764987897e-01 1.672999703079726674e-01 1.694754006787783651e-01 1.727503725331402673e-01 1.769585099403515327e-01 1.818784828440136725e-01 1.875160076521666386e-01 1.933177568711511862e-01 2.002041311162413295e-01 2.076367370223140829e-01 2.145418544822492446e-01 2.211365211993400193e-01 2.271927922848382408e-01 2.318560884146891876e-01 2.360140770777026664e-01 2.392309862967230139e-01 2.411473023683842198e-01 2.423933807382314676e-01 2.433667120210265267e-01 2.434201984761676651e-01 2.435054831105369910e-01 2.430895974515293323e-01 2.426736462283213547e-01 2.426054629677390773e-01 2.420412978774409141e-01 2.420833740660072175e-01 2.422461962620954257e-01 2.434496102961950514e-01 2.461230304842514649e-01 2.494861875001618823e-01 2.537357910119754645e-01 2.570260204837958029e-01 2.684518917163633556e-01 2.799878424400549237e-01 2.932912286968070159e-01 3.023258510654709408e-01 3.225617588049230489e-01
-1.000000000000000000e+00 -1.000000000000000000e+00 -1.000000000000000000e+00 -1.000000000000000000e+00 -1.000000000000000000e+00 -1.000000000000000000e+00 -1.000000000000000000e+00 -1.000000000000000000e+00 -1.000000000000000000e+00 -1.000000000000000000e+00 -1.000000000000000000e+00 -1.000000000000000000e+00 -1.000000000000000000e+00 -1.000000000000000000e+00 -1.000000000000000000e+00 -1.000000000000000000e+00 2.181606454390882799e-01 2.110009626961425189e-01 2.040802154084464803e-01 1.969680251196481158e-01 1.913122669192587055e-01 1.852706789017634637e-01 1.802197326704562952e-01 1.759234800926848807e-01 1.721509814331880495e-01 1.687233247110891399e-01 1.662115169490147593e-01 1.641024566890951497e-01 1.622220824977749221e-01 1.613077912192368568e-01 1.608156314841159285e-01 1.606784906187772033e-01 1.615116546363359329e-01 1.624791333937591065e-01 1.643733171258714987e-01 1.666329401314945446e-01 1.696168270241569243e-01 1.731868895726331459e-01 1.773673170942576816e-01 1.826685705074852506e-01 1.886407014437367080e-01 1.940069156408641415e-01 2.005470145552899763e-01 2.069792997499811382e-01 2.129011969851621611e-01 2.191383231076411697e-01 2.244742112199095418e-01 2.284605943442955533e-01 2.311286454786324884e-01 2.333587171866661758e-01 2.352569811450871406e-01 2.365343721091692497e-01 2.369625761672069231e-01 2.368008607432674772e-01 2.371966612876175995e-01 2.372886532016008077e-01 2.371498094022111147e-01 2.370447038752740432e-01 2.366775342220222011e-01 2.371954236939943228e-01 2.373897310137922656e-01 2.387946548412943903e-01 2.414733653859673368e-01 2.444654640628320663e-01 2.498464549150516412e-01 2.565672157039222134e-01 2.638985544866190303e-01 2.751781545134608375e-01 2.907967411922197654e-01 2.992590894716334882e-01
-1.000000000000000000e+00 -1.000000000000000000e+00 -1.000000000000000000e+00 -1.000000000000000000e+00 -1.000000000000000000e+00 -1.000000000000000000e+00 -1.000000000000000000e+00 -1.000000000000000000e+00 -1.000000000000000000e+00 -1.000000000000000000e+00 -1.000000000000000000e+00 -1.000000000000000000e+00 -1.000000000000000000e+00 -1.000000000000000000e+00 -1.000000000000000000e+00 -1.000000000000000000e+00 -1.000000000000000000e+00 2.028483549222737103e-01 1.966131679821213896e-01 1.907279824561076698e-01 1.850019121058601168e-01 1.802381982481277567e-01 1.759893062859761714e-01 1.717988951231743944e-01 1.681840479338765626e-01 1.652641983124291947e-01 1.630554259776849368e-01 1.608247956330851880e-01 1.593026540170595917e-01 1.583199688445520448e-01 1.581509017693553676e-01 1.581427053137401117e-01 1.588357056391336009e-01 1.600518047688129497e-01 1.613581442334307836e-01 1.638336675598812131e-01 1.665394886902248905e-01 1.700003627785890425e-01 1.739007619494227497e-01 1.787700734819484272e-01 1.831294406146892206e-01 1.891559133161227479e-01 1.948292399284274889e-01 2.009754369013004027e-01 2.067138673557487594e-01 2.114966286972241316e-01 2.166389864122864051e-01 2.206496674522750445e-01 2.237978147316260213e-01 2.260207562777581669e-01 2.279029175376804939e-01 2.290405382222590880e-01 2.302692183329800024e-01 2.311352484294489362e-01 2.314487433719218112e-01 2.311285370023670183e-01 2.312659276835257183e-01 2.313510961588408910e-01 2.312647365975216140e-01 2.321996370088526551e-01 2.319905554344162679e-01 2.335214193882418909e-01 2.349907904222773292e-01 2.381346379790672541e-01 2.412200779058329414e-01 2.453406026577270027e-01 2.525879182173409454e-01 2.612841693563002221e-01 2.755433932297530752e-01 2.915415558422666531e-01
-1.000000000000000000e+00 -1.000000000000000000e+00 -1.000000000000000000e+00 -1.000000000000000000e+00 -1.000000000000000000e+00 -1.000000000000000000e+00 -1.000000000000000000e+00 -1.000000000000000000e+00 -1.000000000000000000e+00 -1.000000000000000000e+00 -1.000000000000000000e+00 -1.000000000000000000e+00 -1.000000000000000000e+00 -1.000000000000000000e+00 -1.000000000000000000e+00 -1.000000000000000000e+00 -1.000000000000000000e+00 -1.000000000000000000e+00 -1.000000000000000000e+00 1.845941750069773624e-01 1.797743970601521912e-01 1.754607730202276394e-01 1.712995344146773513e-01 1.676859899438910562e-01 1.646661255245779609e-01 1.617586657346576362e-01 1.596276802016779739e-01 1.578153635781714414e-01 1.565194964991791504e-01 1.558653725528935940e-01 1.553390815584778095e-01 1.556609446372765326e-01 1.563756330773553027e-01 1.571750708670052732e-01 1.589618911829923098e-01 1.607549313545352521e-01 1.634596630035248244e-01 1.669392615151516490e-01 1.706968525581177842e-01 1.748831291866737025e-01 1.797328272871218657e-01 1.846904010039360222e-01 1.900581480074198526e-01 1.959208496006491496e-01 2.001681500081585741e-01 2.055587094921558777e-01 2.096986923864894714e-01 2.135881350398708967e-01 2.165320327090730079e-01 2.197621189029164424e-01 2.213639379650954864e-01 2.226671847640512014e-01 2.232598610791216298e-01 2.246317183792239380e-01 2.246471281758286864e-01 2.251616398705475752e-01 2.257137107555585442e-01 2.258559639599249103e-01 2.259245382248406819e-01 2.262204027442079601e-01 2.264760499702581920e-01 2.281449131556944343e-01 2.288485506015383864e-01 2.309110133245063923e-01 2.355244707610395782e-01 2.399684364161441819e-01 2.473156563978047284e-01 2.556245109159491213e-01 2.673799648181477417e-01 2.781427687311194274e-01
-1.000000000000000000e+00 -1.000000000000000000e+00 -1.000000000000000000e+00 -1.000000000000000000e+00 -1.000000000000000000e+00 -1.000000000000000000e+00 -1.000000000000000000e+00 -1.000000000000000000e+00 -1.000000000000000000e+00 -1.000000000000000000e+00 -1.000000000000000000e+00 -1.000000000000000000e+00 -1.000000000000000000e+00 -1.000000000000000000e+00 -1.000000000000000000e+00 -1.000000000000000000e+00 -1.000000000000000000e+00 -1.000000000000000000e+00 -1.000000000000000000e+00 -1.000000000000000000e+00 1.746659623733375633e-01 1.704499239016377954e-01 1.668156123021346249e-01 1.636559753041094967e-01 1.609601646791110618e-01 1.583329059032544672e-01 1.563850482994575408e-01 1.547469253221599172e-01 1.538032361069162079e-01 1.532783962868966010e-01 1.529979317471427680e-01 1.531178697410459644e-01 1.538187502017027142e-01 1.548072104713393293e-01 1.567522165384535038e-01 1.590050336532827790e-01 1.612496936147729820e-01 1.644391070234564600e-01 1.680660263814635069e-01 1.721185387708988046e-01 1.762701043030382997e-01 1.808466154531333803e-01 1.854327733350237817e-01 1.899039937963973856e-01 1.950455262590695127e-01 1.999360276136106229e-01 2.038070771007144399e-01 2.076585315792277842e-01 2.102497518041422653e-01 2.125559048208518209e-01 2.139763929638861251e-01 2.158183799438403161e-01 2.173752036908941365e-01 2.186151217865113239e-01 2.188519004916456290e-01 2.192521637502295728e-01 2.202542447349390142e-01 2.204992369023055510e-01 2.204504249049616393e-01 2.216237874730240254e-01 2.218502014739072714e-01 2.229135998293422793e-01 2.250241217763243595e-01 2.272137145473257513e-01 2.302933010932988467e-01 2.355261196302359528e-01 2.416252123254797046e-01 2.521801573677281971e-01 2.607738593104501068e-01 2.732855275777650306e-01
-1.000000000000000000e+00 -1.000000000000000000e+00 -1.000000000000000000e+00 -1.000000000000000000e+00 -1.000000000000000000e+00 -1.000000000000000000e+00 -1.000000000000000000e+00 -1.000000000000000000e+00 -1.000000000000000000e+00 -1.000000000000000000e+00 -1.000000000000000000e+00 -1.000000000000000000e+00 -1.000000000000000000e+00 -1.000000000000000000e+00 -1.000000000000000000e+00 -1.000000000000000000e+00 -1.000000000000000000e+00 -1.000000000000000000e+00 -1.000000000000000000e+00 -1.000000000000000000e+00 -1.000000000000000000e+00 1.662222883788059824e-01 1.629324997813779430e-01 1.602481046921209462e-01 1.576965920967158541e-01 1.552777578094349797e-01 1.536150124028899111e-01 1.523219334400676139e-01 1.512413033690432063e-01 1.509225324532088575e-01 1.506710893231938686e-01 1.510576844538445429e-01 1.517779411717927185e-01 1.528518532853944123e-01 1.546727570733312518e-01 1.568906083152451780e-01 1.590983841452053293e-01 1.626112737174632283e-01 1.655316753877326130e-01 1.697526755474093318e-01 1.731029415567232332e-01 1.778371403270687934e-01 1.824070904265086279e-01 1.861661041287034635e-01 1.913032757007013529e-01 1.953886649307203516e-01 1.986923678225672174e-01 2.019997038687857960e-01 2.043964078950371854e-01 2.069340765051871089e-01 2.084644317013824300e-01 2.106767326759111381e-01 2.116222114505922069e-01 2.125869009798871945e-01 2.133993968328524726e-01 2.145244775642136115e-01 2.148200751248319773e-01 2.152351736982813790e-01 2.159600815522646489e-01 2.171694332040707553e-01 2.172731536753135517e-01 2.192310711976611648e-01 2.208443949619625646e-01 2.231761722024904193e-01 2.267924385620669336e-01 2.325939730185793142e-01 2.396298380639892422e-01 2.517117302139545432e-01 2.606423882095854627e-01 2.765119716454499388e-01
-1.000000000000000000e+00 -1.000000000000000000e+00 -1.000000000000000000e+00 -1.000000000000000000e+00 -1.000000000000000000e+00 -1.000000000000000000e+00 -1.000000000000000000e+00 -1.000000000000000000e+00 -1.000000000000000000e+00 -1.000000000000000000e+00 -1.000000000000000000e+00 -1.000000000000000000e+00 -1.000000000000000000e+00 -1.000000000000000000e+00 -1.000000000000000000e+00 -1.000000000000000000e+00 -1.000000000000000000e+00 -1.000000000000000000e+00 -1.000000000000000000e+00 -1.000000000000000000e+00 -1.000000000000000000e+00 -1.000000000000000000e+00 1.594467543184479585e-01 1.569551945792225789e-01 1.546167924152498374e-01 1.525139992017871537e-01 1.510209281039404106e-01 1.497952606658836949e-01 1.490762199993688752e-01 1.486280778819642490e-01 1.487357836231330277e-01 1.489710951771414382e-01 1.502724939701772233e-01 1.512032935595094829e-01 1.531322895006445028e-01 1.553159313085727689e-01 1.579324827226014083e-01 1.604447721500707469e-01 1.639874765096242248e-01 1.678943275257049894e-01 1.714392317378999331e-01 1.754351298778366874e-01 1.795607512767373459e-01 1.836331871125302106e-01 1.871586236353064703e-01 1.911855014904333683e-01 1.945792493871954798e-01 1.972241410967974506e-01 1.998508821878824115e-01 2.020901218683122114e-01 2.038099356275882290e-01 2.052978540310219924e-01 2.064939856647937388e-01 2.079700129060912117e-01 2.088594370570333314e-01 2.098302591879979973e-01 2.104539589701561186e-01 2.115931134260934932e-01 2.124414710799978623e-01 2.129588375446004045e-01 2.141393393120466226e-01 2.163594145041562444e-01 2.185009998599566905e-01 2.215209492988090834e-01 2.265298510705921475e-01 2.337297488930902833e-01 2.421756665329256319e-01 2.526428510059361421e-01 2.674324564208397370e-01 2.802614121777861067e-01
-1.000000000000000000e+00 -1.000000000000000000e+00 -1.000000000000000000e+00 -1.000000000000000000e+00 -1.000000000000000000e+00 -1.000000000000000000e+00 -1.000000000000000000e+00 -1.000000000000000000e+00 -1.000000000000000000e+00 -1.000000000000000000e+00 -1.000000000000000000e+00 -1.000000000000000000e+00 -1.000000000000000000e+00 -1.000000000000000000e+00 -1.000000000000000000e+00 -1.000000000000000000e+00 -1.000000000000000000e+00 -1.000000000000000000e+00 -1.000000000000000000e+00 -1.000000000000000000e+00 -1.000000000000000000e+00 -1.000000000000000000e+00 -1.000000000000000000e+00 1.540668390653622544e-01 1.520353270386194111e-01 1.501212752289566577e-01 1.489130029451040671e-01 1.480933643085623475e-01 1.472833024177630235e-01 1.468961325686854447e-01 1.471427900576709746e-01 1.475292775756911201e-01 1.485352393877530375e-01 1.501281100703423799e-01 1.516861736831146279e-01 1.537834065684393348e-01 1.565032087585750409e-01 1.596279141715424010e-01 1.630467935018325432e-01 1.663542973303092365e-01 1.699784726545491842e-01 1.735932161366185167e-01 1.774444369395369869e-01 1.812219873013619365e-01 1.845439775149384787e-01 1.883384117731922158e-01 1.910961113468184480e-01 1.938900912276970423e-01 1.963526430475257545e-01 1.983379101181537152e-01 1.999787868472274743e-01 2.014016908957326213e-01 2.029354907839623634e-01 2.036583476686426586e-01 2.051205924807015524e-01 2.063514044025751837e-01 2.074803286706264072e-01 2.082942140543449783e-01 2.099476788590024789e-01 2.111952678432146291e-01 2.129490560718845515e-01 2.151138227001214154e-01 2.195244148654935390e-01 2.239238704246659661e-01 2.331267245157165324e-01 2.408477542144748240e-01 2.528177867658997768e-01 2.657815599010213137e-01 2.832205105100108478e-01 3.052440764973624598e-01
-1.000000000000000000e+00 -1.000000000000000000e+00 -1.000000000000000000e+00 -1.000000000000000000e+00 -1.000000000000000000e+00 -1.000000000000000000e+00 -1.000000000000000000e+00 -1.000000000000000000e+00 -1.000000000000000000e+00 -1.000000000000000000e+00 -1.000000000000000000e+00 -1.000000000000000000e+00 -1.000000000000000000e+00 -1.000000000000000000e+00 -1.000000000000000000e+00 -1.000000000000000000e+00 -1.000000000000000000e+00 -1.000000000000000000e+00 -1.000000000000000000e+00 -1.000000000000000000e+00 -1.000000000000000000e+00 -1.000000000000000000e+00 -1.000000000000000000e+00 -1.000000000000000000e+00 -1.000000000000000000e+00 1.482160452141421392e-01 1.470591293080491246e-01 1.462393577147003410e-01 1.456138832710150155e-01 1.453636286473499184e-01 1.458629232924906760e-01 1.462592327549362969e-01 1.475615941661320707e-01 1.490948444393289385e-01 1.509998277180192028e-01 1.531329495900427828e-01 1.558404215820149152e-01 1.592694787656558364e-01 1.621624868914138817e-01 1.657755559686039659e-01 1.689850240369095424e-01 1.723902000798140932e-01 1.767796374118812130e-01 1.799713767497002903e-01 1.833818343178793275e-01 1.865615021289557529e-01 1.889570190052482501e-01 1.913735386203541389e-01 1.936779846489767865e-01 1.958815039827310200e-01 1.978623413281558607e-01 1.995972435642694442e-01 2.007126856838067352e-01 2.019729826952916252e-01 2.029615754680730300e-01 2.044860305247270804e-01 2.055528441902694514e-01 2.069684495605061958e-01 2.095112513940021182e-01 2.116928872541179174e-01 2.136764591301396898e-01 2.188158335214732408e-01 2.247052673407080314e-01 2.327876648803848814e-01 2.428643904851436053e-01 2.572384268959644893e-01 2.749949272874817607e-01 2.947735407821374110e-01 3.178339426692136094e-01 3.407651243276634823e-01
-1.000000000000000000e+00 -1.000000000000000000e+00 -1.000000000000000000e+00 -1.000000000000000000e+00 -1.000000000000000000e+00 -1.000000000000000000e+00 -1.000000000000000000e+00 -1.000000000000000000e+00 -1.000000000000000000e+00 -1.000000000000000000e+00 -1.000000000000000000e+00 -1.000000000000000000e+00 -1.000000000000000000e+00 -1.000000000000000000e+00 -1.000000000000000000e+00 -1.000000000000000000e+00 -1.000000000000000000e+00 -1.000000000000000000e+00 -1.000000000000000000e+00 -1.000000000000000000e+00 -1.000000000000000000e+00 -1.000000000000000000e+00 -1.000000000000000000e+00 -1.000000000000000000e+00 -1.000000000000000000e+00 -1.000000000000000000e+00 1.457339838436857160e-01 1.448823240276647939e-01 1.445751672883899830e-01 1.445718298791829337e-01 1.449613143452077868e-01 1.458798176815133685e-01 1.471142123670206026e-01 1.484765961968599612e-01 1.507225961525011093e-01 1.531769433414320036e-01 1.559218095179152330e-01 1.594031500343652541e-01 1.621135243006969762e-01 1.657347426457619344e-01 1.692853026050294418e-01 1.726088210702806103e-01 1.762857406791742410e-01 1.795939454730779705e-01 1.826944005378330627e-01 1.854362871342621066e-01 1.883795806865413702e-01 1.905975138917799516e-01 1.922405466046365474e-01 1.947646669915794049e-01 1.960818532814473381e-01 1.975254804581116908e-01 1.997352447362216732e-01 2.012739338564186187e-01 2.029850999261552935e-01 2.044782371861660064e-01 2.063195574682158695e-01 2.083036203692496535e-01 2.112357928382671834e-01 2.164068798701518082e-01 2.222197122526695934e-01 2.305123231445810883e-01 2.376006855256601324e-01 2.546586893697300735e-01 2.654321810255009795e-01 2.932147892958028024e-01 3.130413297283118901e-01 3.424824621084639475e-01 3.691659376095531298e-01 3.905567417344547598e-01
