4.110771690227757544e-312 1.337290846705528173e-271 3.239362997196393877e-241 6.841140311655758327e-206 3.988030388322896874e-187 4.937697203238295174e-162 6.677029609701257429e-145 4.896208133594716098e-131 4.380801321697879248e-116 1.584857882901428673e-103 1.487005313053893514e-93 2.168625234700671665e-82 1.266762628100633961e-73 3.093265052960823476e-65 2.126160719549842891e-59 5.973690775645897551e-51 2.916114659428801389e-44 1.466115471722835453e-39 2.611645130816470567e-34 2.448605047498154281e-29 4.569791479761951414e-25 5.774374485453396060e-22 6.094637157828919662e-19 2.889702371945820940e-16 1.272831071967097153e-13 8.185826861557955054e-12 5.424987290009774404e-10 9.156925084820577144e-09 1.426716804445792176e-07 9.923030402308438226e-07 5.216460484798416818e-06 1.062317656258513427e-05 1.583209527307270561e-05 3.390025512333379919e-05 3.416452112520565779e-05 2.557157853299253853e-05 3.211775446570887900e-05 1.585794614472240468e-05 4.849871003148419537e-06 1.004051885342412966e-06 3.361790969665662762e-07 8.334148156443285787e-09 4.650230676254654408e-10 1.939941690309623879e-11 3.078876828350388531e-12 5.804856561363980470e-14 1.159189469856118974e-15 1.088150551554786435e-16 1.271047538641800796e-17 1.304145983303561088e-18 1.268756062851511841e-19 1.241186362790462085e-20 1.058377539317025271e-21 2.623731016496310800e-22 3.230029807384883154e-24 1.375495704578299135e-24 1.229927558391225472e-25 8.415948253351877748e-26 4.591178182879684351e-27 2.336398407767357916e-28 1.008925745887134733e-28 3.740008087957428160e-30 4.278042677627685735e-30 1.547039374190489332e-30 1.495850502846019531e-32 3.006771596763357238e-32 3.425030196630443810e-33 1.943792586274589209e-33 6.312599692652735524e-34 6.017698473492006223e-35
5.051936909968450521e-308 3.864652692145046120e-271 4.630034103131963803e-233 1.855210552721977777e-208 1.669212854501625342e-185 2.874064728842553607e-164 6.966427319952303998e-147 7.402432587212339318e-130 4.802190623984810428e-116 4.784415707049189009e-103 4.586394402074896854e-92 1.216442908247430484e-83 1.670403005654965338e-73 1.966283383705881740e-63 6.771550688204596670e-57 1.220057245879292571e-50 9.455176428183693466e-44 4.287749899097157656e-39 7.130757777671715288e-34 3.819902449699384990e-29 9.886050667690873124e-25 7.645524979219432056e-22 2.473248278146168061e-18 4.716190182455876830e-16 3.117559590542844630e-13 2.273843608812763738e-11 4.759085603579242146e-10 2.167711242294013598e-08 3.031650636248724763e-07 2.023847273952057689e-06 5.897708896972904122e-06 1.787766355617954843e-05 2.771538724925001916e-05 4.925892363025171684e-05 5.077847504400917570e-05 4.931952934201888047e-05 2.168503177491811190e-05 1.835338827128087509e-05 7.762924795068353953e-06 1.686187080352073250e-06 2.027296027944611079e-07 3.066531983244002813e-08 1.149745764309300817e-09 6.584603037871325022e-11 5.138345976922615242e-12 7.335089596269362497e-13 5.523913076928628144e-15 1.279873464074817517e-16 1.858946582162160037e-17 2.828950374530213577e-18 1.689379518758259075e-19 4.789922922032110126e-20 8.938880504284575203e-21 1.429254270777894050e-22 4.875872493203253083e-23 1.046597622694390498e-23 2.047098882727214194e-25 2.885762340780946908e-26 1.100796535503893321e-26 8.186396283008850361e-27 6.733577501412202268e-28 1.645222095403965078e-28 9.672178719644144194e-30 4.625579151541626170e-31 5.989222870916392545e-31 1.184089791880248351e-31 1.173959101132106195e-33 1.046579310987814926e-33 6.001459934542799554e-34 8.510708878619359679e-35
2.740933288156163520e-306 1.486051645746874355e-274 2.226739436773785048e-243 4.132171033552273605e-212 1.083462822994542597e-184 7.053078814079467319e-165 4.246522021610059621e-144 8.343595717722775773e-129 7.221542471194929994e-115 3.633116184121598582e-103 5.055648413521296276e-92 4.330011310456819944e-80 2.571285169726955125e-73 2.741394871162434607e-64 3.812412818912752600e-57 7.797283277523044562e-50 4.448448850922000454e-44 5.055169634712723364e-38 1.241331236638411046e-33 2.534862434356632988e-28 7.801184045392275380e-25 1.520059408376556004e-21 1.238761520153330053e-17 3.610808508162420572e-15 1.589896644561436819e-13 3.302953684583354016e-11 1.224884892740897371e-09 2.644186603831904239e-08 4.073363620370103420e-07 1.921906841795748396e-06 7.480108960961190187e-06 2.154890049287489201e-05 3.144038102147780726e-05 5.319370691734095943e-05 5.716714945848622642e-05 6.272100978479241333e-05 3.709359219063871526e-05 2.194707280890380866e-05 8.166050047478899936e-06 1.995926257358692705e-06 4.548937742924304994e-07 2.611433372469902110e-08 4.534108122280068424e-09 4.887590479675465966e-10 5.336081976182272475e-12 2.242670698926796996e-13 1.124802782739340426e-14 1.471709848685351699e-15 6.759316223063840495e-17 2.387653232929201115e-18 3.017969871146191278e-19 2.955011722133738836e-20 2.185750932417441598e-21 3.794114741148790649e-22 4.865189199459016734e-23 1.075817246184274998e-23 1.246495289510283625e-24 5.278048585906847097e-26 1.852357306060197188e-26 2.195132983807707628e-27 7.120374377534607827e-28 8.698310090661175329e-29 1.597727494205938634e-29 1.541397393090501337e-30 6.702643359592057894e-30 7.481239435680934813e-32 4.042564999538034623e-32 7.665636039140482102e-33 8.731428715724772232e-34 4.263077650182453347e-34
2.819465342397896935e-308 1.286185110715442327e-272 4.595305050722645693e-232 2.454648546203926340e-208 3.302383664659291842e-180 3.171002606655339058e-163 1.154615015650140462e-143 7.197040648725546542e-128 6.440335335059581313e-115 4.044540820961059491e-100 3.546418812713175359e-92 7.655785560213500963e-82 7.700269391211682019e-70 5.566229572087469638e-63 2.527207404366034795e-57 6.829605711401210893e-49 1.806592791096585647e-43 3.713133677062103632e-38 3.079389831858562686e-32 2.182526920022712270e-28 2.325056059873143543e-24 3.191025752465814366e-21 1.086755064322198461e-17 4.244711354096082208e-15 6.843548351310971726e-13 4.299130976699434164e-11 1.755278349821208274e-09 3.873484868385645085e-08 5.621020376048131441e-07 3.665390426459202698e-06 1.110910159579274410e-05 2.751623155317418267e-05 4.980741830443665449e-05 7.010052609160393855e-05 6.304263752924743548e-05 6.733966456782009978e-05 5.609810695478935550e-05 1.693027604442411729e-05 1.263921738297498722e-05 1.998784084990243878e-06 3.884109920131783707e-07 2.571497670846179942e-08 3.830141778204566677e-09 2.656160086847302161e-10 1.635085798605891578e-11 1.164293887956360252e-12 2.048349706132718568e-14 1.854859752349941276e-15 3.127988739080662094e-17 1.178073414346987052e-17 2.719507488815671209e-19 6.909239819770463980e-20 5.404781970688446749e-21 6.024736859436972217e-22 3.892842303647678853e-23 1.349666929341697689e-23 7.466133736805770207e-24 6.737404623395348961e-26 3.322855239324663940e-26 2.857162201358032826e-26 5.458746058730317906e-28 7.432588354684403700e-28 3.029307975123906175e-29 3.805173152781074817e-29 1.136939641564536526e-29 5.397125196780402212e-31 5.970164559936883550e-32 1.386111527767873756e-32 3.462074018077107774e-33 2.060018727378404600e-34
1.307564811948920791e-307 2.508063032886856447e-270 4.276214102849121404e-237 8.237803791848295649e-207 2.235102596537298010e-185 3.241939707777548300e-161 3.094862595401838258e-144 1.385811834104631184e-126 8.118538343183822433e-114 1.176847588029264445e-101 5.342398222615392212e-91 3.657442961544976560e-80 1.543024074853322851e-71 9.094730066231656700e-63 2.900706125192923550e-56 2.030697031765898108e-49 3.699251285756505058e-42 1.360976782566546854e-37 8.216148032036620045e-33 2.587146011217331091e-28 5.432011136736788060e-24 2.687577638546897782e-20 1.640841780724497490e-17 9.227994429238612244e-15 1.420912193249589157e-12 7.411557875144209934e-11 3.556326307158437069e-09 5.225349090472002237e-08 8.058812944564439227e-07 4.349856002778090306e-06 1.391224901946541286e-05 3.024830479723930636e-05 6.710802214484263607e-05 7.091883653798160031e-05 8.201532998724159944e-05 8.042812896954319832e-05 6.725982534743299044e-05 4.015674234378399800e-05 1.227092227401741311e-05 3.462726014798799958e-06 6.625127529463869457e-07 1.736787689149310902e-07 6.004397854060840355e-09 3.413327582897563552e-10 2.961163430448888782e-11 1.433307065605418378e-12 4.455839963681675623e-14 3.675451268379132197e-15 1.057787529579342711e-15 3.471994232511524856e-17 1.599349904295860752e-18 1.117285977988713562e-18 5.741976586099715599e-20 1.120396780068942336e-20 2.534571269331493451e-22 2.361676620716029821e-22 9.551444946652785020e-24 3.201483050430814475e-24 1.280261925315497036e-25 1.229834606772548825e-26 2.446644182422819590e-27 4.453612108199245941e-28 1.003959750765805585e-28 1.097635596508470952e-27 3.788698712407666453e-30 1.589534904979938918e-31 1.436109549161656368e-31 5.607954342548964756e-32 1.734802538526020671e-32 3.787385889248810302e-33
3.271017910995197584e-312 6.048170421665429159e-264 1.718397091107502604e-236 4.678939510162170230e-203 5.563555762621467327e-184 4.877736118672032664e-159 3.174395482795456947e-142 5.747428374265862612e-127 5.346314703127348816e-111 9.395630036772269464e-101 2.629315739163012397e-89 2.066922361551679193e-79 9.688613792653541502e-70 6.721654688124422364e-63 6.921798054858124326e-55 5.610834976494304479e-48 1.268273787224311942e-41 1.662180918066954974e-36 9.090196189617371434e-32 1.266809747024419118e-27 1.089690547775806024e-23 4.755066304461458608e-20 3.961634171177160956e-17 1.333571950484139614e-14 2.125721490108728939e-12 1.425635490669653340e-10 4.748480449221330081e-09 8.304456180960159104e-08 1.020199683695498546e-06 5.395789243506978989e-06 2.389126525860402452e-05 4.246278151086891212e-05 8.299915752741195488e-05 1.201583006686097441e-04 1.283078016235066456e-04 1.085989164006444073e-04 8.366526282091735222e-05 4.163429359641425810e-05 2.479625905091947669e-05 5.195823702729078617e-06 2.056439217434034269e-06 1.061611877546918078e-07 1.124343161256852676e-08 1.139766537560233449e-09 2.807461342998321997e-11 8.954644695817370307e-13 3.822278650200072568e-13 2.260978214741695224e-15 2.376951965944881362e-16 3.739008440042634947e-16 4.346303007119602766e-18 8.396244886721109207e-20 1.735163855999700298e-20 7.483394403478240728e-21 1.119331920162504070e-21 1.689223594503935412e-22 7.311659264809923331e-24 3.076878958103519740e-24 4.582197488331239366e-25 2.301227563602238166e-25 6.280098811758951618e-27 1.124330754811845552e-27 1.379488825400020666e-28 1.540199581787554284e-28 3.030057304905252637e-30 1.468175947050777352e-30 5.512179754910610664e-31 9.920789425281525996e-32 2.059743939869443143e-32 3.188784285182988799e-33
8.331688210242929531e-303 1.172822524461340024e-264 3.582742929298666189e-234 1.175933892159612041e-207 5.665350947495696388e-180 2.209570259295068970e-160 2.156234030999242138e-142 3.089026397408315540e-125 4.165803402109264250e-111 3.674113652315619735e-99 1.981754188501067708e-88 1.220908121627514813e-76 7.468013247083782805e-72 7.687075237374948393e-62 4.456911003138521828e-54 8.437449513054091309e-48 2.676603905715041204e-41 2.198956350770456175e-36 5.190606981484238380e-31 7.913391248531302083e-27 1.128067462760453253e-22 1.153821000351996034e-19 1.965611789221119396e-17 2.740238608456288020e-14 3.556483210644274867e-12 2.745373703009443689e-10 9.832477353399531091e-09 1.273978469092428164e-07 1.739861347581038906e-06 5.672358542041297790e-06 2.267078831260445522e-05 4.876134653737953080e-05 8.236270674296125463e-05 1.046705461829520144e-04 1.301917283503271677e-04 1.051400934918923010e-04 1.040938067634852756e-04 6.614232631955325201e-05 1.827589732909837245e-05 6.830105675137478093e-06 1.973422255172728202e-06 1.466676893076134981e-07 1.526531441861298224e-08 8.214148494409968789e-10 5.470164908619484142e-11 2.499612387971690711e-12 9.609376136796952911e-14 5.251416445942553388e-15 1.099927318058635792e-15 3.702375146781724528e-17 3.772229582132910360e-18 8.101781186697499602e-19 9.545577706327509407e-20 1.436384347662639114e-20 6.796591554250276423e-22 1.936290357287470058e-22 5.767639893579686050e-23 4.107648593838069075e-24 1.339186280656106918e-24 5.216677943318948330e-26 2.821729902165695692e-26 8.493667445850749346e-28 1.309230211346388576e-27 1.467700795731939827e-27 1.719663933945357323e-28 9.856089123070363665e-30 2.500570641748415556e-30 1.911746952800796620e-31 1.262923844509390730e-32 1.182290415285874327e-33
2.533992053810260218e-297 1.298204396872703701e-268 2.699142938965643933e-231 3.792518374775771745e-203 1.711539417068497345e-177 7.620461353756655381e-160 4.563099315411218529e-142 1.417011087272613851e-127 2.438015972287331724e-111 7.011282139805493303e-98 1.493164096102243751e-87 1.890768597779915246e-77 9.064566380717766624e-69 4.178069994855185008e-61 9.571445720300265584e-53 5.915159472803322438e-47 5.128608798986463588e-41 9.071690722393504261e-36 4.100174025690492504e-31 3.182309687946596628e-26 3.577402808745807751e-23 9.201293875577341858e-20 1.318125732186308586e-16 3.600067946242512761e-14 6.762946869825398194e-12 3.424533889090473579e-10 1.268951153922495223e-08 2.377467853863659318e-07 2.260830613085801476e-06 1.213270658344355786e-05 2.968735309517419522e-05 6.702620435996610188e-05 1.077880430331722595e-04 1.479893898694727334e-04 1.844200345050759878e-04 1.527644954361944871e-04 1.315297902981508624e-04 8.381609640740232345e-05 2.422022762596841991e-05 1.275642108929430087e-05 1.878345050359093714e-06 1.901958775842030393e-07 2.188993644748127464e-08 2.104672616458340201e-09 1.172293713907606617e-10 1.346581795785331019e-11 2.383309943307019172e-13 3.048415079754243678e-14 1.279007599398476884e-15 3.849453939500189509e-16 1.061685267345756637e-17 9.024264803039220578e-19 6.101301698071376966e-19 1.222643670689857669e-20 1.754753574449672245e-21 3.793465939427713826e-22 1.349698600554401178e-23 3.857600162013894614e-24 3.783456951744372880e-25 3.692560174247144376e-25 1.383376819621872545e-25 3.548631764174912926e-27 9.883801882503791387e-28 6.434786688577467207e-28 1.500498409841418781e-28 8.613944977189534967e-30 3.101045225908024086e-30 2.798695745074840317e-31 1.885913910318670621e-31 4.252447021895499985e-32
1.987516159244029390e-300 4.547848567567092615e-266 6.841025286936010916e-228 1.227762883350606599e-204 4.635902685579589871e-179 6.172071028143432849e-157 4.653482699542068411e-137 6.278318584126441483e-125 2.028631798542613801e-110 5.215322784072480520e-98 3.038584160146205153e-87 6.384532628955996213e-77 1.100088561335261131e-69 2.152706383509154923e-60 6.594763224509389845e-54 1.136940513333579299e-46 2.037121686364912865e-40 7.564868720873963766e-35 2.222908294296453082e-30 1.521053337638417382e-26 4.159155774491116450e-22 3.046598393654543818e-19 9.228980946886585075e-16 1.733988546160461843e-13 1.060615940217708017e-11 7.570452155205368717e-10 1.873747673858161196e-08 4.401177264792325103e-07 3.370301980051221068e-06 1.517808791272896564e-05 4.136000529027583026e-05 9.218743952081045676e-05 1.370284975751854845e-04 1.882552266198642512e-04 2.390686872746196161e-04 2.132030590676396123e-04 1.652764042604584229e-04 9.115974144187598000e-05 5.830267262512569388e-05 1.287616148844969457e-05 2.564938171727018834e-06 5.558392046851798310e-07 3.910131509738524244e-08 1.350964222571306689e-09 1.889819688294243416e-10 1.071010666219220398e-11 2.683765584155977134e-13 7.954150188338738974e-14 3.722301711330067850e-15 3.711847223620627762e-16 2.858668689057391218e-17 2.773350306567641867e-18 4.099437012848672976e-19 1.982709475507061572e-20 1.449651219807083696e-20 4.635360684486571525e-22 8.948906341937119198e-22 2.793973440405246838e-23 1.080199444362827439e-24 7.088074803023085817e-25 1.893426745428653704e-25 5.597353962314720065e-27 1.996668638214937978e-27 5.999256909870119016e-28 5.093101120074058553e-29 4.738896657373847089e-28 3.526595312515621005e-29 2.466668795113370056e-30 1.034996721693756880e-30 1.535720930630678358e-32
1.806152933950428208e-301 3.046334754074558030e-265 8.880853344730454384e-232 3.657897894443399010e-201 1.095535172736751392e-180 4.220617790345230172e-156 6.357825423645885239e-138 3.957728759425633616e-124 2.189127170834947095e-108 9.658385578316133466e-98 1.481096214852050554e-85 1.508621808485436266e-76 1.799221904812878813e-67 6.837216063504496516e-60 7.697578842139060316e-52 1.830830500247558831e-45 5.902862253875245270e-40 1.615912460759908929e-34 7.155462901302755977e-30 1.407035866885482038e-25 9.354453181584575500e-22 1.301732645105824074e-18 5.571263855554523490e-16 1.455198240917942796e-13 3.166081424713290183e-11 1.266309574304670956e-09 4.873009578976625483e-08 7.244092426992896121e-07 4.123630270875599670e-06 1.919498907637802974e-05 6.225624353834126247e-05 1.359248101958874524e-04 1.817290525317341381e-04 2.415626300749801076e-04 2.518005958079632908e-04 2.421849700044560142e-04 2.090301239657753579e-04 1.093871422045535676e-04 4.813447667126096520e-05 1.449668350216818869e-05 2.596783394920803554e-06 5.493273798243787114e-07 4.716214128349496358e-08 1.142612982937133321e-08 4.406014678495210639e-10 4.567970601072998249e-11 2.524659624092892307e-12 4.587284633966619803e-14 1.647182811232541248e-14 3.043448685829717118e-16 1.145668323014052131e-16 1.749647530537109548e-17 3.724860917840532678e-19 6.125009864629285464e-20 6.815950470393180582e-21 1.452745481470075615e-21 1.108249902934150744e-21 2.141621260955286665e-22 5.183156627338653216e-24 7.793834576217441902e-24 9.139961081858834584e-25 1.490891742532619851e-25 7.139626981305711105e-27 2.745503361739497885e-27 1.054496273874730447e-27 3.509108934447370102e-29 6.886714121552523427e-29 1.623311465342678607e-29 4.266775022724931134e-31 4.704815988650688716e-31
1.703289039487876428e-305 5.901921540351312161e-261 1.545565820885556752e-229 1.611572904893132877e-198 1.118096675052900002e-177 1.216101583035548862e-154 4.761344092849065370e-138 3.001589502800532521e-123 1.690932549115453334e-109 5.195213537920953107e-97 3.627615101270030083e-85 6.570792805322304593e-76 1.810775608745444668e-68 3.199391449041303166e-59 4.571202743766848081e-51 8.289246106235404971e-45 4.371838674239613514e-39 1.615274215814982302e-34 7.011006200534707256e-29 4.461447840865888656e-25 3.051300690095528461e-21 4.620543690848509181e-18 3.324044436097125523e-15 4.169921922072771358e-13 4.832686143561132770e-11 2.567886593857539229e-09 6.835929798410719285e-08 9.977296248216881206e-07 6.204909095112909643e-06 3.065045200686710217e-05 6.561836689079082730e-05 1.224828468347364055e-04 2.231041901432735057e-04 2.672178816003340624e-04 3.061276799733703667e-04 2.835406343732571437e-04 2.251994668587413190e-04 1.602248548347861711e-04 6.050634459436424634e-05 1.992376138842065334e-05 2.923414724031021610e-06 7.407957320226198483e-07 1.079336709165016923e-07 7.205470318534979295e-09 2.951171425957041242e-10 1.887244934446465482e-11 3.747428644648213679e-12 2.132319262406069788e-13 3.674975829669749745e-14 5.094218673013172574e-16 3.095381447077985109e-16 1.339747084468325336e-17 2.925849289929502903e-18 9.991404345827279192e-20 1.013956070464780713e-20 9.380901525998223871e-21 2.222704016156148093e-21 2.037509385534232818e-22 3.096751544927750357e-23 5.462138923924456086e-24 7.144475111431222221e-25 8.589409322588451801e-26 2.723494322743889775e-26 2.064517932732531417e-27 4.064935042523839315e-27 3.541629789273416247e-28 5.427242172349406021e-29 6.883428831517592954e-30 6.632332762157609537e-30 5.685304876510944357e-31
1.307754209463425073e-296 6.085932161680027732e-262 3.434979749692172346e-227 3.664510250060322949e-198 1.363197155701006869e-176 2.981326233884491801e-152 1.009680881434935046e-136 7.190127078016735237e-123 4.094913308448545306e-107 5.272573820706610114e-95 3.549808094256685994e-85 4.806250835489007568e-76 1.166367611981592415e-65 6.274195999416116430e-59 1.329431177991976358e-51 6.102690452027287319e-44 7.813560121569298235e-39 1.394389946152295208e-33 9.817915015870478271e-29 9.136544728455544362e-25 4.516708054673905025e-21 1.111497656950228932e-17 6.602893072762983480e-15 1.072505772229249108e-12 8.838237944946962028e-11 6.271942258922352709e-09 1.018033257753454812e-07 1.333095659027409584e-06 7.773753142143046573e-06 4.670205489420947264e-05 9.856508763136234696e-05 1.727634851666729897e-04 2.970227316855028523e-04 3.406384457029607449e-04 4.265252657041799849e-04 3.501834428741548884e-04 2.478435410393569575e-04 1.928683609164435792e-04 8.424484637208605204e-05 3.296273330304729974e-05 8.887341057042606374e-06 1.456614838676550830e-06 1.536791419017288734e-07 1.126046693195260188e-08 3.592688661339455070e-10 3.250199482719260507e-11 3.970702339241115599e-12 4.555837556546436314e-13 4.301572910279313392e-14 3.268048858626581461e-15 1.939696135526227317e-16 1.183990173129234697e-17 3.377979502184037343e-18 4.599707505679682836e-19 8.974619017227792197e-20 2.012320117986688956e-20 3.284636603305389000e-21 3.365163448782611627e-22 3.908086465099539880e-23 2.426209439565694999e-23 1.371519541352424286e-24 1.847510000335277469e-25 1.854415866749267966e-25 4.443860374346583396e-26 1.666033830003941911e-27 6.342721758355437762e-28 1.266649532596660515e-28 1.002502115920008036e-29 7.395692312335225647e-30 8.120064554766934731e-31
6.571832698801201732e-308 1.643796563496230811e-260 3.601671609222521349e-228 1.864732891093869652e-199 1.022032686002568294e-176 1.471348885711333442e-154 2.414716616090542620e-137 6.339017973101071123e-121 2.709533683514080615e-107 6.843164545612641309e-96 3.874065330110806104e-84 1.050578984856381568e-75 6.851285911998760153e-66 4.210448521509153013e-57 9.404514211685007037e-51 2.549401391386727385e-43 2.923449329263076484e-38 1.079500455681183851e-32 9.571592707755977895e-29 7.483874687908373370e-25 9.178863525472445623e-21 9.126442792334385101e-18 1.883000163590803333e-14 1.842046790624888400e-12 2.014918419512599954e-10 1.113114472084861288e-08 1.874470812889374705e-07 2.391524454931750933e-06 1.125436627939420273e-05 5.332361434451454122e-05 1.185798296749638133e-04 1.915029438457498448e-04 3.106928472660840058e-04 4.107984711153468541e-04 4.115868002515804687e-04 4.144846391099609828e-04 3.614929756680337653e-04 1.938128937188020827e-04 1.065648885939772945e-04 3.866252925471650603e-05 9.648154782333132859e-06 9.408134616974130209e-07 1.219038940705560348e-07 3.025240096330635798e-08 1.932171178234428314e-09 9.307495924584344957e-11 1.300018601482812314e-11 1.167662627773555774e-12 4.484340728671006348e-14 3.678783403749781261e-15 6.191469664474324261e-16 7.903868155685035245e-17 4.209661658901012057e-18 6.647453201128585851e-19 5.440374127261541458e-20 2.993183789457616391e-19 2.730738573404864565e-21 9.402502310752412863e-22 5.405571599907011334e-23 1.718099802272372551e-23 3.053004103855583988e-24 1.080122510048946226e-24 3.773797758249733318e-25 2.141915792509444711e-26 8.502351249295467946e-27 4.233465543478078764e-27 4.892817651069367540e-28 9.442013049563986116e-29 1.534617905166686461e-29 3.277448500171962336e-30
9.434669030053183382e-309 1.793115636079224441e-263 5.606402771472548390e-225 2.898100214256108526e-198 1.409380550481139919e-173 1.176894263001177623e-151 5.845738323851343637e-133 4.313966497274590419e-120 1.146976741404425528e-105 1.350551253217075133e-94 1.593856340608965998e-83 1.754886657727843266e-73 4.502533289277607396e-64 1.014843514190077185e-57 5.755206289859455949e-50 1.102801077691614797e-42 1.651273352535263628e-37 2.648893542002772726e-32 1.933760262192073051e-27 1.207362835663853869e-23 5.776775053981587535e-20 1.001757181147042333e-16 1.075441785317785804e-14 4.296378474781198453e-12 3.474049302877131656e-10 1.258302855794333527e-08 2.760975872846761525e-07 3.375564812137426614e-06 1.922633701007559964e-05 8.255275990327018323e-05 2.026516236369978999e-04 2.678172313523887989e-04 4.332040200081725494e-04 5.338520135556753783e-04 5.450033290924903052e-04 5.280127535995317485e-04 3.962170657300739763e-04 2.669627755708896657e-04 1.534736907724016265e-04 3.915887303430969454e-05 1.203061683511459237e-05 2.837123521208560685e-06 2.806671639924685210e-07 3.971562428685580965e-08 2.326599444059813817e-09 1.509301329576952775e-10 2.477888204806198358e-11 7.726320361682558497e-13 1.285990437270954230e-13 1.071704636122609410e-14 1.456393533665648228e-15 7.367532730030714577e-17 2.071651861721976326e-17 5.116238935686299711e-18 3.636401242515113944e-19 2.891434290657572353e-20 1.480919242811438214e-20 1.077985344134757854e-21 4.968627979627004307e-22 4.009656725383068179e-23 1.551019806606954186e-23 8.831102280283343746e-25 3.802693854394666795e-25 1.354014812624283294e-25 1.886733208105558253e-26 5.969590525841732418e-27 1.090631712832971743e-27 4.004108182562496786e-28 1.843324274605562868e-28 3.216032593950007952e-29
3.921653128334714841e-292 7.212381776027928363e-251 4.093865348810528051e-226 1.462478077478418595e-197 8.334172361731542535e-173 1.436750534858132870e-152 3.339887023538042100e-133 7.487303329192741999e-120 7.223524084480250950e-105 2.214925190615435173e-93 1.285349465213304573e-83 1.120122322121112911e-73 6.287405920453979301e-64 6.757055636503685629e-56 4.610951127159060726e-49 1.160525243891516634e-42 6.327465904306323483e-37 8.936964351943930677e-32 6.250981985360435770e-27 2.910830179974463110e-23 1.334724875754175053e-19 6.760932910841185322e-17 7.382916752383969312e-14 6.404701561527654497e-12 6.673796270838888301e-10 2.869614800811412088e-08 6.990428472638092542e-07 3.542186903982069665e-06 2.717302811264017145e-05 8.179591563236422562e-05 2.081172477561066324e-04 3.678502981093539036e-04 5.132259472780171692e-04 5.064694350328119172e-04 6.429967399086965489e-04 6.944938754961958510e-04 4.622057850324481562e-04 3.113464554558623121e-04 1.729024193666264732e-04 6.799111901485892868e-05 2.004996470007797336e-05 4.564383794058974832e-06 7.892717225398904617e-07 7.508377884908644752e-08 3.209532571192269031e-09 2.614625911292567910e-10 3.547362837050278667e-11 1.374659114229310144e-12 2.167974885293015780e-13 3.188748322739497050e-14 2.187285082400923200e-15 4.085972058749331079e-16 3.935228548434297831e-17 1.063812061761136061e-17 7.706504888211691741e-19 6.948834503438796367e-20 3.669128960917912084e-20 7.114191454597773653e-21 8.797271069400308033e-22 1.309450867869497092e-22 1.868316743645480497e-22 8.682626843078618350e-24 1.552072437526407794e-24 1.500800582546408455e-25 2.171599220128334999e-25 3.364789886818034421e-27 9.654458318577012827e-27 6.061260228364508802e-27 2.948308166256738174e-28 4.156966837965025755e-29
1.080821451348308695e-297 1.310106846213246058e-253 1.050088530278124017e-224 1.314938255689839788e-197 1.088049488203528893e-172 5.514602114455374550e-149 3.549563663332594447e-134 1.401574207440987207e-118 1.026890241482971408e-103 2.783314341582331965e-93 1.098055377503816980e-81 1.089556363488971700e-71 1.123366383836804807e-63 1.217481658764037673e-53 6.611749938332990421e-49 4.888360172494432441e-42 1.024309107424195187e-35 5.130105099253622835e-31 6.042061064278090254e-27 2.959450938887494510e-22 3.256959203799081153e-19 4.812312054750482033e-16 1.254381979914935323e-13 2.440464351618861899e-11 1.716501004517397444e-09 4.637562234463772463e-08 9.385893597691850540e-07 6.107194471796551168e-06 4.928548971762206527e-05 1.427091793745840663e-04 2.766666107675478758e-04 4.517735951787125071e-04 5.763832289166467880e-04 7.222391509280648133e-04 7.532127673103700388e-04 6.853276962255629937e-04 6.079868353374937593e-04 3.694656843689188763e-04 2.699485826027948356e-04 1.057009202606573991e-04 2.474689740673986495e-05 1.145577089323796189e-05 1.136673541401526341e-06 5.159139028883799723e-08 4.611723988817619000e-09 8.701740480024948438e-10 2.279234606937213541e-11 5.795779700653364840e-12 2.970290093981245865e-13 5.689381248519997484e-14 1.458276250504148765e-14 7.257044627969459051e-16 7.730056092324545985e-17 3.654978477862730037e-17 5.517635109980953308e-18 3.371260777239577582e-19 3.106885368543730106e-19 7.759243217400982017e-20 3.889963175914719700e-21 2.542508040659023253e-22 1.492961995354225420e-22 1.935775280270706969e-23 8.662994668099543840e-25 1.679533401681199929e-24 4.219117049182818561e-26 9.122502616151575089e-26 6.115931505510111484e-27 2.143134458985794402e-26 1.256959413740286628e-27 5.993468975646483760e-29
4.977079925787024787e-292 1.120109365619361157e-252 2.330230832607261425e-217 8.500509702916844407e-195 2.429124508116226346e-171 6.589648422766096203e-150 2.298682410913338360e-132 2.557055098689264751e-115 1.508648112912069174e-102 1.328452174912714938e-92 4.836553919703946111e-80 3.166126383797267410e-69 2.384680488631721198e-62 1.057958751541656284e-54 5.718546158909043496e-47 1.777234379217983354e-41 7.125777311284825724e-35 1.880488305219753475e-30 5.175776494383692461e-26 3.357614328991465808e-22 8.861955866570799824e-19 1.470814281426965906e-15 1.672675552215154696e-13 3.967758899188451465e-11 2.761362232647138716e-09 1.014260094591912025e-07 1.277321364567759862e-06 1.242183658713358987e-05 5.699768766759440034e-05 1.712141157629455256e-04 3.573341640812904428e-04 5.814589435231782904e-04 7.460684777714056762e-04 8.968995130670382289e-04 9.658726785847685610e-04 1.005315636794367569e-03 8.926970470355237181e-04 7.195669214528041839e-04 3.717039921649907650e-04 1.887144496996263421e-04 5.439624774428885494e-05 1.597488469438665772e-05 1.419362034334932754e-06 1.462576934361392596e-07 2.648420211495465853e-08 1.149249298006240491e-09 1.961868823999807228e-10 1.006328537792983756e-11 1.062078640395020542e-12 3.198748558252902693e-13 2.401250327428701627e-14 2.204855304093400968e-15 6.868840474411100464e-16 5.896356397701888425e-17 9.271826091328466805e-18 1.749836994813159974e-18 9.453275948129699192e-20 6.408160059361696978e-20 4.419035671636325383e-20 5.226214189508688859e-21 2.975043234260775344e-22 1.064886383756227350e-22 1.638129849317081901e-23 1.724229600265964902e-24 7.830158576915269219e-25 1.202921690604289267e-25 4.896083659287898165e-26 2.047721987147374290e-26 8.788695546767255556e-27 1.078169615375705090e-27
2.045971432148513195e-290 9.657745595791292062e-260 4.943936449979434583e-223 1.803767636292754896e-193 4.577464198788796501e-172 1.243466972637370182e-148 1.691001482429843218e-130 4.061436290717355015e-116 2.594164043482677568e-102 2.065604110562072180e-89 5.952732339149307604e-80 6.762598777885088310e-71 1.409198364615745947e-61 4.417769114365542016e-54 6.179677724390710743e-46 2.198569804002785484e-40 5.628947441616034341e-35 6.219613366757419207e-29 8.750965520037587220e-26 7.205301624000452711e-22 1.415831971701733149e-18 1.711779542325922324e-15 7.469040743200090767e-13 1.245411663138358188e-10 5.950430026037455408e-09 1.341903431065166556e-07 2.428500870338605339e-06 1.788378548925555320e-05 8.504974839597312841e-05 2.879869435933763984e-04 5.904754054678206963e-04 8.794651199041985052e-04 1.094542965133048565e-03 1.276819929863725299e-03 1.375473584864965590e-03 1.434038084012091881e-03 1.286604544645311926e-03 1.168107503906883927e-03 7.986859354684867863e-04 5.497271617520849965e-04 1.917301023506201758e-04 4.761045062868798997e-05 1.231393481376659609e-05 9.219674897092561961e-07 8.283927750085621030e-08 6.823397586818417328e-09 5.134251625119696787e-10 1.062280559326843456e-10 8.191053934264579334e-12 1.000610445557055584e-12 6.494538764295709957e-14 1.173007466758635548e-14 2.618048148629662178e-15 3.381662855393235021e-16 7.453828052673684864e-17 2.063840988498625942e-17 2.967761694823165107e-18 1.429597472394609333e-18 1.922071143689540853e-19 2.217698299061641870e-20 3.152462581578021219e-21 2.345267713475818079e-21 1.590527572844437355e-21 2.835463060716493918e-23 3.459834249358907310e-23 9.724778689621537591e-23 7.554556433298090463e-24 8.658790285118306658e-25 3.781919792237637224e-25 1.487107186415512820e-25
5.340631925320207477e-291 1.894794641135197476e-253 8.209450948565650222e-219 1.929787247159325065e-193 6.991212281386929099e-171 8.008098095504682667e-144 1.716188954663724477e-129 1.565574852699632564e-114 8.498968798759051733e-101 2.662989771881793480e-89 1.157723242044370715e-77 6.581501087766098781e-69 9.078146597073423108e-61 2.824609139755372386e-53 1.128290873461511710e-45 3.209182114178410978e-40 2.967345741087954823e-34 2.401238197757537497e-29 1.192198673271956420e-25 6.799539838439790950e-21 1.048434272454129622e-17 8.778527704094639230e-15 1.104484711494697926e-12 2.845489021988224391e-10 1.245422856380668447e-08 3.710831128392283039e-07 6.375568849808392543e-06 4.558450088429979861e-05 2.082740098179711619e-04 6.329822678738522557e-04 1.098812879756411393e-03 1.521963671419624851e-03 1.848364247638046047e-03 1.937997138834326094e-03 2.076629503781281423e-03 2.107511233895922875e-03 2.022920814086991061e-03 1.882541556766581786e-03 1.652868884156152201e-03 1.227684849050315885e-03 8.338487291935209843e-04 3.185740263632381606e-04 1.006241474517429314e-04 1.110505622010783301e-05 1.725221267877508110e-06 1.184169314779228511e-07 9.393807890529822168e-09 1.511582103306826669e-09 2.603198140054233531e-10 3.483191824860921038e-11 1.083040962145312171e-11 4.946469525243502256e-13 2.075425139239046408e-13 1.292219717210463725e-14 4.467683387516380535e-15 8.431369571893243745e-16 7.098990011559718631e-16 7.391749883516456820e-17 1.200038296301668652e-17 3.344602296982614526e-18 4.340152302809050722e-18 2.524853495316772120e-19 8.184211842590858928e-20 6.660834486353708857e-21 1.453450873694699259e-20 6.320749823910836406e-21 1.009783495719380260e-21 1.435830493139218598e-22 1.123610008058911656e-22 9.035899808474047739e-24
3.707076882631639509e-283 3.383967383186170820e-258 1.297438555119982353e-215 3.517323392013939146e-193 1.905636978629904791e-165 7.464534556690499642e-146 1.098963032317639485e-126 1.273081156610373684e-114 5.519376189784240214e-99 6.111425557686063229e-88 1.941967856429154211e-76 2.600006186467893459e-67 7.700385518563174773e-60 3.468515799201678127e-52 2.276430143729789765e-45 4.078440959245923426e-39 9.501793180701978857e-34 1.143319721104004073e-28 3.298211849282272894e-24 6.101342074367444209e-21 8.482434932468491662e-18 1.381383192178389961e-14 3.769317014847254063e-12 3.225622616737203611e-10 2.542718828542882187e-08 1.592500065314529509e-06 2.923428328827905345e-05 2.347419918938916826e-04 7.297423358177712897e-04 1.400412506972675613e-03 2.038122435284092041e-03 2.380967959438760970e-03 2.645423158238872571e-03 2.650876886580862905e-03 2.741498602655170758e-03 2.824607508672630305e-03 2.748084462769913132e-03 2.656432112249185878e-03 2.388505196336288341e-03 2.216928169298957620e-03 1.792901336539324143e-03 1.255954368782703475e-03 4.920555773724791769e-04 2.416963953524123862e-04 5.758327274531129506e-05 4.253614689373020233e-06 1.304306879457388704e-06 1.528282475786012114e-07 1.733399836402063880e-08 1.896446839532194195e-09 3.052476288141850946e-10 3.487779580595932647e-11 7.800433577779739396e-12 5.599483774103259925e-12 2.461515465036063059e-13 3.591331670972250967e-13 2.345181037787332515e-14 2.682395517167792905e-15 8.565927514458651690e-16 5.870675664323504605e-16 1.683194521750638462e-16 3.455135849667070998e-17 3.269684876010132122e-17 4.585278960121584429e-18 1.332634767529345316e-18 3.283260357875566915e-19 3.845261268255875603e-19 1.798017691491987102e-19 7.985793208135936193e-21 1.075622659026729422e-21
4.168631160097954879e-290 1.753497903049708571e-252 4.772494517546021007e-215 1.105868268415656272e-191 2.172671722726037381e-166 9.094231628720595635e-146 1.158540858595487022e-126 2.260044570995682428e-111 9.067999716983117816e-99 5.217759023833191111e-87 6.020656012868356839e-77 3.614670932284898629e-67 1.563602777058783383e-58 9.103760728100013469e-52 4.598051819607947680e-45 2.456248732910376489e-38 5.085835127262220997e-33 1.774317403285864902e-28 6.621972278981400477e-24 7.077737357489030920e-20 6.526807162871354611e-17 4.819646513225350709e-14 3.328501026934477124e-11 4.380868036780866944e-09 7.018075242700989816e-07 1.775112937579499263e-05 2.789478835934635173e-04 1.152380851696192246e-03 1.927102456838947295e-03 2.587984999683357566e-03 2.898082741694910959e-03 3.086122174741765065e-03 3.266769604841123029e-03 3.333411732975060521e-03 3.382864785157244959e-03 3.314297021848424882e-03 3.288247273165143935e-03 3.217623591507168517e-03 2.995181931903513096e-03 2.901245905760027523e-03 2.687460088060198479e-03 2.165060123463062591e-03 1.767294822626013515e-03 1.361376958219101150e-03 5.525869863075264128e-04 2.161476195002929451e-04 5.359273569761338271e-05 8.101361520199799209e-06 1.187369271621426648e-06 2.244841166922813091e-07 4.386004568668071131e-08 3.882563878078826909e-09 1.414829114794289954e-09 5.217828051531984156e-10 8.752589138244627780e-11 2.889464571375883098e-11 7.482983352185011728e-12 1.489943181915408065e-12 2.455080566592175377e-13 1.301885765919267179e-13 6.387767900124953954e-14 3.329623761276444757e-14 3.192492590865583408e-15 3.228595848268670012e-15 5.098268219898276028e-16 1.259523427869017868e-16 5.729239132717491905e-17 7.462776831629108977e-17 3.118715983382378891e-17 1.608339205182010292e-17
2.043856182634522341e-290 1.122456186655745647e-254 9.130686119060860515e-211 5.848232406364557156e-182 3.114538986525018644e-165 1.427430853450838078e-142 4.367529834330983844e-125 2.721257710025840284e-112 1.636394465310035877e-95 5.054799299578673774e-87 8.358588601801483801e-76 1.541720090694198070e-67 1.432436317048780526e-57 9.740462505346428797e-51 2.975268910562437817e-43 6.424407221619501852e-38 2.210152815990231274e-32 2.481127341988481672e-27 1.142788918513786663e-23 1.952861118806645891e-19 1.759481992813778874e-15 2.115165854382029069e-12 1.304000519359197123e-09 2.205670195610865176e-07 1.471098090013913873e-05 3.348814591946922339e-04 1.381643622204107354e-03 2.447601678991728497e-03 2.905453468751067591e-03 3.296935929713992394e-03 3.489741873260364391e-03 3.719241697389858402e-03 3.727382236574566798e-03 3.815499621568397854e-03 3.829565283150817949e-03 3.898155424211139676e-03 3.812998349771312342e-03 3.734927053372986017e-03 3.592106164356418090e-03 3.346899710123162931e-03 3.199215609500398547e-03 2.918335374304391067e-03 2.580204588892659901e-03 2.259576200901269264e-03 1.914002188987774800e-03 1.374062002048731740e-03 8.579559142288370379e-04 4.814982264285877023e-04 1.902891655145059438e-04 5.105220615393117752e-05 1.039430061568119995e-05 2.224953182651634811e-06 1.448259050851057275e-06 2.389344307170366423e-07 1.822066420446717070e-07 3.026655417423684686e-08 3.752406113546283461e-09 1.681279065637594415e-09 1.304610642345825966e-09 1.240467253885145752e-10 2.082381629564461448e-11 1.532616086534751139e-11 8.997752165550505927e-13 1.527113518706344164e-12 8.763414600117868134e-13 1.425144914477510845e-13 9.829237350658817061e-14 9.141798315870218530e-14 3.961107080810239432e-14 4.443014716506450918e-15
2.754718794970607037e-290 3.068715167003173679e-249 9.907154915382658224e-216 4.063321251069980260e-191 4.411849374582533987e-162 5.602963279447913263e-143 1.817011701290042196e-126 1.315145116033208880e-111 1.102989088934412949e-97 1.040278472965441250e-85 2.351701059693675590e-75 6.318947651322710410e-65 1.388779867008200781e-57 6.661020449604873069e-49 1.791807217046077495e-42 1.263765696808395772e-36 6.322186456629258645e-31 9.210679292254853502e-26 1.260059044031006626e-20 7.007397923460545943e-17 4.321253543436533198e-13 5.386637772054713865e-10 1.469345264226856795e-07 1.814562713953059398e-05 5.239748822420316763e-04 1.832473542474156135e-03 2.743729575860348862e-03 3.412346248550033549e-03 3.695192056612802475e-03 3.957325429527539656e-03 4.085434947171015865e-03 4.200164283177207532e-03 4.199962295978176656e-03 4.321941506177547944e-03 4.394965381408380382e-03 4.446966238372850218e-03 4.404248082566610163e-03 4.323423969683664811e-03 4.107091524883880497e-03 3.976169780821732676e-03 3.749712754914620062e-03 3.389178742306042658e-03 3.179624273015869713e-03 2.920702069843755192e-03 2.486739375738233459e-03 2.437548347239825754e-03 2.008906652643560262e-03 1.722892617757547330e-03 1.508618826099568724e-03 1.140472414387700383e-03 8.107069190939542773e-04 6.004993203622815143e-04 2.082297894039786962e-04 1.370080137678796181e-04 5.235430041229574127e-05 1.891934393794886059e-05 5.651019319008332335e-06 3.727186419540604847e-06 1.166704552809640870e-06 3.896947939805291117e-07 1.876990597844421303e-07 6.838704501337395538e-08 3.272022850233264226e-08 2.341174542396774903e-09 3.848265344263931092e-09 1.409791290862287922e-09 6.257742226339795221e-10 1.609130012768277119e-10 5.587454632209781415e-11 3.251339845255534982e-11
1.819127878218622880e-278 3.124258643571599811e-242 4.256802166837754493e-212 8.600015287944734988e-184 2.193094788743120136e-161 3.247444775635291800e-141 7.386305049731499765e-121 1.868731061447875238e-108 6.182651434969907286e-96 3.073082432754934505e-83 9.492742229673753098e-75 5.970491511272052562e-65 4.235384103956037173e-55 5.993186604513312357e-48 4.121761586065211365e-40 2.120681080117965302e-33 4.669917095351883941e-28 2.058797572294631709e-23 2.948528140128105843e-18 3.093319816382861231e-14 3.910732614603957932e-11 1.508468679470197286e-07 1.964412966269429842e-05 8.909447696835021135e-04 2.303174298368637803e-03 3.218026983692283578e-03 3.689327727689183708e-03 4.107278869664094008e-03 4.273626713937930463e-03 4.485336367226543802e-03 4.554758261414589525e-03 4.723792233877916261e-03 4.869177948277307946e-03 4.855191382021593199e-03 4.993681513046330060e-03 4.943482393386206333e-03 4.939348012690135056e-03 4.883815453168658532e-03 4.826607524619766151e-03 4.619962157107591720e-03 4.382982124581135883e-03 3.994542960754434574e-03 3.835839766884798028e-03 3.525577131815531805e-03 3.179346937683489877e-03 3.012729566310935227e-03 2.845525300475768189e-03 2.554927555007119495e-03 2.435626869097482546e-03 2.246118824548696755e-03 2.088274268586751570e-03 1.831813949371714984e-03 1.663575001361052800e-03 1.380626037878678524e-03 1.336470922523960627e-03 1.034531659308031339e-03 1.039704413062071979e-03 6.213847067028443550e-04 4.978026294336942818e-04 3.288646329529661366e-04 2.737314817577812765e-04 1.646397216326926280e-04 6.806382063787230145e-05 2.229776289344239870e-05 1.795985658890828301e-05 7.606029201441045022e-06 6.177349484276934521e-06 2.614815213167222472e-06 1.149546751794206083e-06 4.250329994037787676e-07
5.842684163248554283e-279 5.539087775268917430e-246 1.417372557598691201e-210 2.170573761862332165e-183 4.350779567757041548e-161 1.870728482715702226e-140 9.366192464161403888e-122 2.190709527439508821e-107 5.027177983826337169e-94 2.378630652333160062e-83 1.208809473808988335e-71 1.243679004601021148e-61 2.168120622128483113e-52 6.063079510881994257e-44 3.715763016575037891e-37 2.107372222166763018e-30 4.322835154881095931e-25 6.298026496286931901e-20 2.637530726001913257e-15 4.679984079293453450e-11 1.387026286355421034e-07 5.176195036168953979e-05 1.407361926302762994e-03 2.733414727605004441e-03 3.618458786681010876e-03 4.010896540230663061e-03 4.394152574616458709e-03 4.599202793202302603e-03 4.841416913921427548e-03 5.050816727645981302e-03 5.156768791523483851e-03 5.292790607737211592e-03 5.330114902483601251e-03 5.510151289880131642e-03 5.613304280345753940e-03 5.650322179996885609e-03 5.630002579064380917e-03 5.665052336791482138e-03 5.631782760831284367e-03 5.383042381308372239e-03 5.194755903737497717e-03 4.860233686835641574e-03 4.492413282153486995e-03 4.017891088355226778e-03 3.793213125026884819e-03 3.520692386703246860e-03 3.401243445542740697e-03 3.168470429466681889e-03 3.037664049725013853e-03 2.943141574572494864e-03 2.806763313466995730e-03 2.712503574227348186e-03 2.467764017708860315e-03 2.496244191876004562e-03 2.237347689079895782e-03 2.189606653646750199e-03 2.024678856651882051e-03 1.901243842553413483e-03 1.883377504213564228e-03 1.736395811346097030e-03 1.562452860433454936e-03 1.471459132649000122e-03 1.273231854815450731e-03 1.265394066916430710e-03 1.157206292385032885e-03 1.125369871707534910e-03 8.209679210371110831e-04 7.832331193621499795e-04 6.735172672429987767e-04 5.652513277085066115e-04
4.204453918938916880e-283 1.124207349644953748e-241 5.022820113204781061e-209 2.867829609866360400e-184 5.127837067758637990e-156 5.492532330564266755e-135 5.565009136377387693e-120 1.014302234938757706e-104 4.033821258495412827e-92 3.734167100949118888e-78 1.786413989473591467e-66 6.936138583936416592e-56 5.581310314492572629e-48 1.587511490186240559e-40 1.327607107362864989e-33 4.027233824152447972e-27 3.495410661360242183e-21 3.617247798895327663e-16 1.325904894944821069e-11 1.788350883881833689e-07 2.099104311398693309e-04 2.033523306276203372e-03 3.383019152370105812e-03 4.060264056621724731e-03 4.358982802820992805e-03 4.725608736692000870e-03 4.954415005242995482e-03 5.233283941495401638e-03 5.468199071966808357e-03 5.630853902766439628e-03 5.699080785935742299e-03 5.834978328650606942e-03 6.023828485278626479e-03 6.151912388837303333e-03 6.215661500571939731e-03 6.290193669879099586e-03 6.388454791477738391e-03 6.439998086992240398e-03 6.533613452190461905e-03 6.410595770965756349e-03 6.380122406882480189e-03 6.096070484032985008e-03 5.602913084315063776e-03 5.217230928784667883e-03 4.446025691665752601e-03 4.352202627602164142e-03 4.143636991200141083e-03 3.832338946488200119e-03 3.706705364732987545e-03 3.522645078689210126e-03 3.457051623262046621e-03 3.179085145272683537e-03 3.124562063314212813e-03 3.148610708064277820e-03 3.044091962212330717e-03 2.831253003999333138e-03 2.883013330411111474e-03 2.761381570464633249e-03 2.568665754713172090e-03 2.621129230069352712e-03 2.468701430986658049e-03 2.350502942122186228e-03 2.370305752823609509e-03 2.214137167863589484e-03 2.251151078696088121e-03 2.250435006791475651e-03 2.042579130712424487e-03 1.897646556311414481e-03 1.937164989822839477e-03 1.858876563858125530e-03
1.298277240847432067e-280 2.030475566280943586e-244 9.628414250253985170e-209 7.787992088192879118e-181 2.117575007262620635e-155 7.144575934301119219e-134 5.771380408075402764e-116 2.384420615195314736e-97 1.806324928090132292e-85 8.460254174957173075e-73 3.206888051601248238e-62 1.571456939136049963e-51 1.353729614614113196e-43 4.452658796117679715e-37 8.801204708702600285e-29 8.207833799830043947e-23 3.175788495028896472e-17 1.151447854457339104e-11 2.049943307462520094e-07 4.459686607385858438e-04 2.706622459330897644e-03 3.713757724414824823e-03 4.504507775721445888e-03 4.725479803570896767e-03 4.965656554963883591e-03 5.338074296753271206e-03 5.596580034584306210e-03 5.905915698088126664e-03 6.102430829795837779e-03 6.201257788900922836e-03 6.378322671206271624e-03 6.470516478426787711e-03 6.655274256422323564e-03 6.854863335710301674e-03 6.941678776362695223e-03 7.101713734393529445e-03 7.172246314753264428e-03 7.488280948365060898e-03 7.622052913765667119e-03 7.657183895208316028e-03 7.756440636718675910e-03 7.858706053113527490e-03 7.365399161461437007e-03 6.916606291167773542e-03 6.383564403931312435e-03 5.883760227619870900e-03 5.388109222775156262e-03 5.007364119297840963e-03 4.679294721771544083e-03 4.615997775688311482e-03 4.399674744960252459e-03 4.062984936114836208e-03 3.991510225198246532e-03 3.762376545682331788e-03 3.862361705906726655e-03 3.720495035747849871e-03 3.486317043198741087e-03 3.493731016862971876e-03 3.346686177786960693e-03 3.419556131585671423e-03 3.250900588997725736e-03 3.109662028041781153e-03 3.135278839435571424e-03 2.973392785203692480e-03 3.041685295631883258e-03 2.922395160571588085e-03 2.908970025680921237e-03 2.876284801665183674e-03 2.832971281499062442e-03 2.689507279697189290e-03
6.206113250980622163e-276 2.030637139416289279e-237 1.597846620882858280e-204 1.039948558319396205e-173 2.992463750513698628e-149 1.452762848813889773e-126 5.926100240530179417e-108 7.862677475655844042e-91 2.176254684982157262e-80 3.673285539155555340e-67 5.669853207915388857e-58 7.290688548628744263e-47 4.694448106919939674e-39 5.637311212095299151e-31 1.184184326976705444e-23 3.540614745906602825e-17 1.266187167981735954e-11 8.093939172892247912e-07 1.271029914536753527e-03 3.530237515243898200e-03 4.398528955165445509e-03 4.834431610447072376e-03 5.268596953959581858e-03 5.468206661495498763e-03 5.678204672488667247e-03 5.991232816547855354e-03 6.294596810471134174e-03 6.698945344955872447e-03 6.786486938012592507e-03 6.903908138833449344e-03 7.027851455377772706e-03 7.169272923631596524e-03 7.443897724390290474e-03 7.532776500736420786e-03 7.715933035205963485e-03 7.959756683904726376e-03 8.098586206890929368e-03 8.380634616494997066e-03 8.589016375330557965e-03 9.012799098993261662e-03 9.350751139913709986e-03 9.592598457215741753e-03 9.801712042203805306e-03 9.702196133335075356e-03 9.183666380224060621e-03 8.420985585068473459e-03 7.753775534199132922e-03 7.227281473664051888e-03 7.029512060751807144e-03 6.604065077429681699e-03 6.460432691257329482e-03 6.020403414403000322e-03 6.195552125752164761e-03 5.535514829988871094e-03 5.238419084730063478e-03 4.910624672129741339e-03 4.899989206963403440e-03 4.857697087519260298e-03 4.971534425710542882e-03 4.469734829577234544e-03 4.154560554659974050e-03 4.568060366849873918e-03 4.247804928368242514e-03 4.016768630952139048e-03 4.042051690390877777e-03 3.841790950787137698e-03 3.748048293781619609e-03 3.838630037921143216e-03 3.797407269454594527e-03 3.722804993585735953e-03
1.043892993312479274e-269 9.293198102746689352e-233 2.046532329243851879e-197 5.885330273847601449e-165 2.184749221835374155e-143 7.771659885963432669e-122 2.113663437340316517e-103 1.188191130337194744e-86 5.249117752204391675e-75 6.216524713651502619e-62 7.807037473011048130e-52 7.077975445351678540e-42 1.094554984806174638e-32 7.551055461135267214e-25 2.427321067575771807e-18 2.912322712562803653e-11 9.347712607592711283e-06 2.111006090712611374e-03 4.337872426740690956e-03 4.937393031899185540e-03 5.551320559396707988e-03 5.718693327202381028e-03 6.051934372809139595e-03 6.214741835663613150e-03 6.548650050695618320e-03 6.970201681343417104e-03 7.181565064104935767e-03 7.457127487689486911e-03 7.638747262583621932e-03 7.680258522990078898e-03 7.718462073521312888e-03 8.062442901508599935e-03 8.136648726370473983e-03 8.210171614408057900e-03 8.592675058482128134e-03 8.832901675403874095e-03 9.011015912823404361e-03 9.323203895873348121e-03 9.629468711681930804e-03 1.020722040734209878e-02 1.058597460904759681e-02 1.136410241942928737e-02 1.204116119115788974e-02 1.244074688304173081e-02 1.231519939734772306e-02 1.244257608308460897e-02 1.214830556198212563e-02 1.174024301992197469e-02 1.113672216457063137e-02 1.070685941356551950e-02 1.033631058719592169e-02 1.012323824411529537e-02 9.948126884399005262e-03 9.689127982103442477e-03 8.881982217580497094e-03 8.898199603838597913e-03 8.751007623837214408e-03 8.273694000045862459e-03 8.581530883315317132e-03 7.775279217210131349e-03 7.327104135514817332e-03 7.414104348778041524e-03 7.189821798247123669e-03 6.839811090552776543e-03 6.338245081603404753e-03 6.828754838114979575e-03 6.415370375548130021e-03 6.469439191013877898e-03 6.255872489029635358e-03 6.448394917249467874e-03
2.653791133088100672e-260 5.190394559822700930e-224 1.734377640817542348e-190 1.834517702872238023e-159 1.457510073904714237e-134 2.320286408878210277e-115 1.549357523429088440e-96 1.433867605976466231e-79 2.496978063100762032e-67 4.082302801117829467e-55 1.181467582474461912e-43 5.605479488540303790e-34 3.651519023973159854e-26 1.122156748189479032e-17 8.971775489612523506e-11 1.538671583009084288e-04 3.659029938867123209e-03 5.078173240852941819e-03 5.664941601397305813e-03 6.068676083016455967e-03 6.415389638834185712e-03 6.622100053809448772e-03 6.763861974189174127e-03 6.970220905487023964e-03 7.467412668375166505e-03 7.778885555470172602e-03 8.234801797388684522e-03 8.462940415471499611e-03 8.322144239949313960e-03 8.577659302921458381e-03 8.600070498357779980e-03 8.767196710195513179e-03 8.973731557223132635e-03 9.280022245448774770e-03 9.466570065634144493e-03 9.724469407244440769e-03 1.004556728185131663e-02 1.044624149380105581e-02 1.073951670403692875e-02 1.137758231904354572e-02 1.203952160684688966e-02 1.277783015717056520e-02 1.359175083593645167e-02 1.454942693595821963e-02 1.570779070698410940e-02 1.653168758698190730e-02 1.680416473638488006e-02 1.734330765170534819e-02 1.711157392517829307e-02 1.737643892223569159e-02 1.674480013187119865e-02 1.712727424406531099e-02 1.649039051460759325e-02 1.701837088960892960e-02 1.725672899556666626e-02 1.755382535806668948e-02 1.747715056795810101e-02 1.710903963233973563e-02 1.777500872828041006e-02 1.764978747101924456e-02 1.690344935926957337e-02 1.635666552998029169e-02 1.587346442036322025e-02 1.528019796047825826e-02 1.422607027570961177e-02 1.538408380937499216e-02 1.498802677833139391e-02 1.452795432092894579e-02 1.507082697137131916e-02 1.471074318685068778e-02
1.599443532597803867e-256 1.555555320903142568e-215 2.191658545665098497e-181 8.617916100545848480e-155 5.359972019645596530e-129 6.795073071940670756e-106 8.017392199716965072e-89 5.902886350988994456e-73 1.437722977857689135e-59 1.224234312539577891e-45 1.393505719398676959e-35 1.384111626905681663e-26 1.446589699842902908e-17 6.856745500194689921e-09 1.243484737946782236e-03 5.331062423960086782e-03 6.403674424017032248e-03 6.734192380842395770e-03 6.823591105380680255e-03 7.113793156627964270e-03 7.409172252935189613e-03 7.580466282882651445e-03 7.648329179016721303e-03 8.107470595304267988e-03 8.534389475851169096e-03 9.011672471962989608e-03 9.335872684674945479e-03 9.543924257103821376e-03 9.331714504198694582e-03 9.368681175542832237e-03 9.593282978330503266e-03 9.697877777577509906e-03 9.829154995070605444e-03 1.016076154081372966e-02 1.039893974019667072e-02 1.073684578397221361e-02 1.106225133503102934e-02 1.136864259201244773e-02 1.196253019919347148e-02 1.258827737261003499e-02 1.344425730910950127e-02 1.435979767931757321e-02 1.536867394405281272e-02 1.624658397540488727e-02 1.747981350833443040e-02 1.893394131017402462e-02 2.046060433752279820e-02 2.202310096649553670e-02 2.319896126090290750e-02 2.382775718206204055e-02 2.471242064191921800e-02 2.483015668734419104e-02 2.601846805958736228e-02 2.649794356661733241e-02 2.758012902689140067e-02 2.896529227150594979e-02 2.998030577047149439e-02 3.297329288311398598e-02 3.396620809307687727e-02 3.792265846659197831e-02 3.934115167960794412e-02 4.039522507940426777e-02 4.291870149758079955e-02 4.340582016613777488e-02 4.551970204195807806e-02 4.817961671705667942e-02 5.138398632289050555e-02 4.910922477780442497e-02 5.117757479123141717e-02 5.153418154032676779e-02
8.676626000877257511e-249 1.996994269950140648e-207 1.077122064895005233e-172 8.025871201302281829e-143 2.039628239055033670e-119 6.607648990424097466e-96 3.259503197150139490e-78 2.074876573328633752e-62 6.749969406717127853e-49 1.206583829662002927e-36 8.500005568580498318e-26 1.545670417906659426e-15 5.625905134636296431e-07 4.495305602347332390e-03 8.023528449682850242e-03 8.093796674218006401e-03 8.098089241795771928e-03 7.974347027068501639e-03 8.067781008208846361e-03 8.394724402138457192e-03 8.534816091384398937e-03 8.451772081126743968e-03 8.874353344069912941e-03 9.414668054675657399e-03 9.956757759415350156e-03 1.052964513344408978e-02 1.070899506161512166e-02 1.060070316651705140e-02 1.046364148956854291e-02 1.041994439255843584e-02 1.040379189251922944e-02 1.065002577885523945e-02 1.095484249897277218e-02 1.103985837894421763e-02 1.144687374178817579e-02 1.189652210831886742e-02 1.222781732527494954e-02 1.262582958892106630e-02 1.313915472403194389e-02 1.393795424259618686e-02 1.504058414473987380e-02 1.593125861711612926e-02 1.704295266901105846e-02 1.821909325761326970e-02 1.928958492817901132e-02 2.073716249497028694e-02 2.288514240972478950e-02 2.513471052877922288e-02 2.729913450796565833e-02 2.925255692875222344e-02 3.088935873536631169e-02 3.283781769245364135e-02 3.407412580159758370e-02 3.591501696381888681e-02 3.766558563990750341e-02 3.953497358429533537e-02 4.179432031740729081e-02 4.469822493002165165e-02 4.734332086127070877e-02 5.251285996363985048e-02 5.720733784546757489e-02 6.337104654446047702e-02 7.097343581768419951e-02 7.921855649948672529e-02 9.110191136162341941e-02 1.023275919508913334e-01 1.139205754574488805e-01 1.261445776050764411e-01 1.381352898376521088e-01 1.483466034153993196e-01
4.361691839299618174e-239 1.965888738279568777e-195 2.725908358488492165e-159 3.701282950730433673e-134 1.847149981342648003e-107 5.750441502942909951e-86 3.288319879943454723e-67 2.403969998526473808e-50 5.015165254529547253e-37 1.231953518964357440e-23 6.890322472356638009e-13 2.455338266634718696e-04 1.554915048509602528e-02 1.252572966308596568e-02 1.057387916725364800e-02 9.743901406207211222e-03 9.615155903783680069e-03 9.646078274127644833e-03 9.828711469104512571e-03 9.730500531299448447e-03 9.435309732276459319e-03 9.663751918799760171e-03 1.033798067858778154e-02 1.104582554528867923e-02 1.191672464924812408e-02 1.238638787750425546e-02 1.231180673145290845e-02 1.191692047035351580e-02 1.177384480122215665e-02 1.172301205468117245e-02 1.169487159706303521e-02 1.173107563878453448e-02 1.211067967534910743e-02 1.246732497689365810e-02 1.272937855899580924e-02 1.313134553694187204e-02 1.347348372137626218e-02 1.409953380422914598e-02 1.442922821268616956e-02 1.523882438543362403e-02 1.632008069978047038e-02 1.783825739760985102e-02 1.905736755581632566e-02 2.004141877803642530e-02 2.120815266495158086e-02 2.235069470865084715e-02 2.473169051335561905e-02 2.677255438656728562e-02 3.003276958114496631e-02 3.271026343479119941e-02 3.549972724051466549e-02 3.866410162503376713e-02 4.099339591033692581e-02 4.423303384175310965e-02 4.725632913645872596e-02 5.034362027194608930e-02 5.391091868203665149e-02 5.789126632677035061e-02 6.171143650908771094e-02 6.602969856192039688e-02 7.132511310573896868e-02 7.802094711570024821e-02 8.409169726918806764e-02 9.170606981577518468e-02 1.007177911458011915e-01 1.101421406686159121e-01 1.219226611840265734e-01 1.352072453015580877e-01 1.513708621140113231e-01 1.661720381960120618e-01
2.256223471733209730e-223 4.302652467786879791e-182 4.951866736409767246e-147 2.608099415829007814e-118 6.237934972301173394e-92 2.100410701890314072e-70 7.726423205332107870e-53 2.384181582063996174e-36 7.616661762625319055e-22 3.357368905670978349e-10 8.865710306222002179e-02 5.711716730296164529e-02 2.010179444209408972e-02 1.454305896929787741e-02 1.237679614443646867e-02 1.214229557319240413e-02 1.136019856181655525e-02 1.164280593727641533e-02 1.176540329174565261e-02 1.102760889916714303e-02 1.088177837370866638e-02 1.144335073990533982e-02 1.246320860164690236e-02 1.364398244138781760e-02 1.447091800298985244e-02 1.474256927018523927e-02 1.415738834485172869e-02 1.340909799375655798e-02 1.298720448736950979e-02 1.288494440211534857e-02 1.295441546029921925e-02 1.316941315592109335e-02 1.345477966694246658e-02 1.368459942261029440e-02 1.413215854806828403e-02 1.464437791096654534e-02 1.509465237308529537e-02 1.545816748309957779e-02 1.609045303278018244e-02 1.696229383280237896e-02 1.835414376078605206e-02 1.985413889021489173e-02 2.187860779494512839e-02 2.313262512654881350e-02 2.432176329822513874e-02 2.521974277693112346e-02 2.683106624719207994e-02 2.895979650322474952e-02 3.220546216792030680e-02 3.571159825064738197e-02 3.948748125406422588e-02 4.398936552995821869e-02 4.770268794271415730e-02 5.132106806680583611e-02 5.521037649353727900e-02 6.021790691812139995e-02 6.459703573743286187e-02 6.936861200188194909e-02 7.548298221931772078e-02 8.204928754522965162e-02 9.009065580868121093e-02 9.694141146597642922e-02 1.047026138575200549e-01 1.124574474951233471e-01 1.204268256023124234e-01 1.279066018719574871e-01 1.371276623187311361e-01 1.453793351740635953e-01 1.569904220094558711e-01 1.674846588590459262e-01
2.812983431832965436e-204 1.939016693885050378e-165 1.766205139147336922e-130 1.689573522272534530e-98 9.958497898620473364e-75 2.531790763356655922e-53 1.110513582300070024e-33 4.080819836106520396e-18 7.848331351421984831e-05 4.179779090331580127e-01 1.843448021641812262e-01 4.151463790866929959e-02 2.177992367881520161e-02 1.753057143623266978e-02 1.598145493441308768e-02 1.444225435927221080e-02 1.416883126924847573e-02 1.482192912362341464e-02 1.345329828834206098e-02 1.269182978090849581e-02 1.315145238895787556e-02 1.395385449494452278e-02 1.542062303975230871e-02 1.642257563354585642e-02 1.728525122793632407e-02 1.701194273874133758e-02 1.627088610857222589e-02 1.505202933582391357e-02 1.472193989324182585e-02 1.458750695360238811e-02 1.467277988108545150e-02 1.477673932846512890e-02 1.519829280153221947e-02 1.551483409522605786e-02 1.591101732078393366e-02 1.661728950189908863e-02 1.712096370879733279e-02 1.747180428569137731e-02 1.821655180643167588e-02 1.921171407406366965e-02 2.033567937435068126e-02 2.210629575019969553e-02 2.501978151258753280e-02 2.710815541323904898e-02 2.892532072964025189e-02 2.961406876212574479e-02 3.073399549513819787e-02 3.253570265003335321e-02 3.528868416681984338e-02 3.861610610186681780e-02 4.343695559631023662e-02 4.822080876993570936e-02 5.485548766106759094e-02 6.038863387325807408e-02 6.502409621634763770e-02 7.045935718901569222e-02 7.500514817734343920e-02 8.134036339976959129e-02 8.653971655969044940e-02 9.446949139175876697e-02 1.023955661661656857e-01 1.126464406275551888e-01 1.215533001777456545e-01 1.328976130925919874e-01 1.424278446287320088e-01 1.532432103439111959e-01 1.631607934448648378e-01 1.729339120972810118e-01 1.847354687139274865e-01 1.924245011736279709e-01
7.117242575883575725e-185 1.265893590624970737e-147 1.440205712519073201e-107 1.616436919625579027e-78 1.568156540699536428e-53 2.200344045140738309e-32 3.840724608293699700e-13 6.835677103676900401e-01 5.462044858135418623e-01 3.156886152241271670e-01 1.176296165114456421e-01 4.287112165878070869e-02 2.821400339946521577e-02 2.249496082972603922e-02 1.997991120437109594e-02 1.819599654581493045e-02 1.903208050890100797e-02 1.743415771698919245e-02 1.524414766752512154e-02 1.512829047348003900e-02 1.649465636729667561e-02 1.771941284882437920e-02 1.970524029291115947e-02 2.088010064267213639e-02 2.161797610460897481e-02 2.060774796576837764e-02 1.817569131938898477e-02 1.736226161517400932e-02 1.679910708951052808e-02 1.660082331635556741e-02 1.660568465838685795e-02 1.684651181849373611e-02 1.735386556641196551e-02 1.792956805099131870e-02 1.820891356102142741e-02 1.864994528622213044e-02 1.913678471397627090e-02 2.025636291824992052e-02 2.085095067268111224e-02 2.172399920533960374e-02 2.291242895606280042e-02 2.533648540174866445e-02 2.809205434845380572e-02 3.188322416479302812e-02 3.455607334444676937e-02 3.569969052708030222e-02 3.721573846427406879e-02 3.856981271121779492e-02 4.028759226979959640e-02 4.327413701166788612e-02 4.808138883382313822e-02 5.311638734931378031e-02 5.979991596684531424e-02 6.789982065309092818e-02 7.670078918616581032e-02 8.495432854508061515e-02 9.252418302020355700e-02 9.974330311679437122e-02 1.049146629354192894e-01 1.112951685625537812e-01 1.172669427888961835e-01 1.245712638204930084e-01 1.328181489912406421e-01 1.428214347716193211e-01 1.526705418327737873e-01 1.669663951531892010e-01 1.782524453592236879e-01 1.900865546758050695e-01 2.029094715720349551e-01 2.157202935309392444e-01
3.904873641296357258e-159 3.158932735946730263e-117 4.897918876059902091e-84 1.735844655404678020e-52 1.157222246296674394e-25 8.264210925419751555e-06 7.985144467333755713e-01 6.292853632728936386e-01 4.334217238792094640e-01 2.507979005826971308e-01 1.195723079057626759e-01 5.969014456602236146e-02 3.918634320310462882e-02 3.278927557788691854e-02 2.627471288995385235e-02 2.696195655569341362e-02 2.498171760743815931e-02 2.023327466470871069e-02 1.883733902989244424e-02 1.987404437579920122e-02 2.113486236161378137e-02 2.407887288797895542e-02 2.618421398487596682e-02 2.738083181549107528e-02 2.667021466903131063e-02 2.396720320319680950e-02 2.167219402061657668e-02 1.994482551429101538e-02 1.921132522121756642e-02 1.942581075980931091e-02 1.921812828111607238e-02 1.958092248782611691e-02 2.003616809081823144e-02 2.062287786490710553e-02 2.114076070607241731e-02 2.219039698338522507e-02 2.260304677687481612e-02 2.327987644863969627e-02 2.401167340193232497e-02 2.494095787516833335e-02 2.664446658946622443e-02 2.953039713212866207e-02 3.315889783596001616e-02 3.706932067353096300e-02 4.249385435176689790e-02 4.566235238475582769e-02 4.719527295296389868e-02 4.878250251239756030e-02 5.075218756809066201e-02 5.252460150501037789e-02 5.572169331826393179e-02 6.125552282823933797e-02 6.821917496877583087e-02 7.748685830688380183e-02 8.894677049897407872e-02 1.006673709252955823e-01 1.127950120484817048e-01 1.217791572970391700e-01 1.330196648431211104e-01 1.404024930603622323e-01 1.467326666920885925e-01 1.528535532371140815e-01 1.596753639068813069e-01 1.650849547042294863e-01 1.717216777365299096e-01 1.790234817807462853e-01 1.896337745774695216e-01 2.009767497728768559e-01 2.128534251872257477e-01 2.222747204983901714e-01
2.512030531714748578e-127 9.720070773305918130e-86 7.462514370421346040e-50 8.055585727901293695e-19 9.304568211347522544e-01 8.506208410067205294e-01 7.123822525480908441e-01 5.522590027801556056e-01 4.034495933532010192e-01 2.693631427702338210e-01 1.671822805147847590e-01 9.415332451682513482e-02 6.839508201086075267e-02 4.521994909958145653e-02 4.184412324835883046e-02 4.005348558418794086e-02 3.090244851093294776e-02 2.420634563762398203e-02 2.498207158568442957e-02 2.715687920590682120e-02 3.055845794374207475e-02 3.445145483753869059e-02 3.638600467839277208e-02 3.647875021098755111e-02 3.367450264220801098e-02 2.853886015344139770e-02 2.520043801755660062e-02 2.357512473006833156e-02 2.266241753597508443e-02 2.275150883504678534e-02 2.274357546099347108e-02 2.328459373932662349e-02 2.384633020654711513e-02 2.438318078358378549e-02 2.536648927692137026e-02 2.598962213290099271e-02 2.654399303079897979e-02 2.833263232440204338e-02 2.872959882387944239e-02 3.032607028344797354e-02 3.165233765702998164e-02 3.449932946341634915e-02 4.006847048844242032e-02 4.584705613503773508e-02 5.287010597440885279e-02 6.080710571637367584e-02 6.397414226521200287e-02 6.604774336853234951e-02 6.763148994120440904e-02 7.011051808432991472e-02 7.328460651389102909e-02 7.872136135711058080e-02 8.424859313303025010e-02 9.077826469485217320e-02 1.035708264825921932e-01 1.176967628301081176e-01 1.330657959500833598e-01 1.483078930091755177e-01 1.621738451031616290e-01 1.732228234873378070e-01 1.852696482824429669e-01 1.933278668021940205e-01 1.996208542444516953e-01 2.044332346815032064e-01 2.104605123530577104e-01 2.148011033629564914e-01 2.188321030488185048e-01 2.244214858525895306e-01 2.320420177609249235e-01 2.398593631646040447e-01
1.086981742755174228e-86 2.682576128756010938e-45 4.348843031256970840e-10 9.662420317178921358e-01 9.007277285369148512e-01 7.916635225711124990e-01 6.665146450765231378e-01 5.487954919013993127e-01 4.356436936412693139e-01 3.329327022846855777e-01 2.471582243090382214e-01 1.737322913242177191e-01 1.216878665598508658e-01 8.461476650643925956e-02 8.232874072828558210e-02 6.349027223484166038e-02 3.963860145787981987e-02 3.391729973625830230e-02 3.662201363095041878e-02 4.185230084379983756e-02 4.964492348747356204e-02 5.438056731400046917e-02 5.585463792220304174e-02 5.339493838035813678e-02 4.377475243234522917e-02 3.654973028950883607e-02 3.036585341154380766e-02 2.884289386950433104e-02 2.812362227386435917e-02 2.780519958234379044e-02 2.783285360713192921e-02 2.837157245231986674e-02 2.925327751603463977e-02 3.007083127771326136e-02 3.066760478140027890e-02 3.213740280237860347e-02 3.293801356687062892e-02 3.461396950793293320e-02 3.597891128191402915e-02 3.796865201386220162e-02 3.986652327114144356e-02 4.289565243925715782e-02 4.784483402151212816e-02 5.783955222718983186e-02 7.116600308670392727e-02 8.170130773565567606e-02 9.113586491166748849e-02 9.651609793877335974e-02 9.865199710655234155e-02 1.043830754240712977e-01 1.058036784409671083e-01 1.095185118777981526e-01 1.153850499895817394e-01 1.242225970256664452e-01 1.337204872742164263e-01 1.474969601936433616e-01 1.621014967879481350e-01 1.779044982313158774e-01 1.972876738035853339e-01 2.096318831241118508e-01 2.257893073666970007e-01 2.378435529609750354e-01 2.477696624076271836e-01 2.573315098510619015e-01 2.629435421475538881e-01 2.675656911954684691e-01 2.694085204329266237e-01 2.734240501966668235e-01 2.760084300029715942e-01 2.798810286364025735e-01
2.134457408291014740e-38 9.945654048875097741e-01 9.856675756703465741e-01 9.423688681155037994e-01 8.708540609370154506e-01 7.811411955629183890e-01 6.847423372825485188e-01 5.943123842269217860e-01 5.025814765214441371e-01 4.324910507536482429e-01 3.398406262924493215e-01 2.976203526283978107e-01 2.076212539773448218e-01 1.889502515025509588e-01 1.748675285626191400e-01 9.838218506930468399e-02 5.947176512514145558e-02 5.766382599708633899e-02 6.787690942443500020e-02 8.277774662982330389e-02 9.601115544190148843e-02 1.061557865325190309e-01 1.048592030241226047e-01 8.626504537981607990e-02 6.451161139554582868e-02 4.767526812348308468e-02 4.118214525230907974e-02 3.841411739959241928e-02 3.637350525438206444e-02 3.712519896311744505e-02 3.708600238032021268e-02 3.795668259714100878e-02 3.818516213063304771e-02 3.927363592332966391e-02 4.128555124636886647e-02 4.294810589359988190e-02 4.543229176112119350e-02 4.763747092970937319e-02 4.978217212285259569e-02 5.095009267714943613e-02 5.478118530078524007e-02 5.970205225944614363e-02 6.600986519293888799e-02 7.846865776524694636e-02 1.021915631146623066e-01 1.283062310565124264e-01 1.418679242785867711e-01 1.530676508751931675e-01 1.589664677486565258e-01 1.648673404876203619e-01 1.695071014123345765e-01 1.714712599319982989e-01 1.753794833689822086e-01 1.830330304113808315e-01 1.881154190070634946e-01 1.963024345164346984e-01 2.124728409528404138e-01 2.281184643177068261e-01 2.435469864908763882e-01 2.613264217920026056e-01 2.755846196570716500e-01 2.916324139556802919e-01 3.054073367952093720e-01 3.177750684836238015e-01 3.247431516880258662e-01 3.302501880098834830e-01 3.339155564027456724e-01 3.388752907200712761e-01 3.420377699227391544e-01 3.419780003832317283e-01
9.997857471580609001e-01 9.966667009304759350e-01 9.790141915478569601e-01 9.397764984544018096e-01 8.829496951224484746e-01 8.156128106740280215e-01 7.424751666214332024e-01 6.728930378599417006e-01 6.044033344332836455e-01 5.297168566369802045e-01 4.804920936285463906e-01 4.242778914034740501e-01 3.539582015196838238e-01 3.474841982530322282e-01 3.041659700799698163e-01 1.794296448655434695e-01 1.257652370944549458e-01 1.393859062554304862e-01 1.753502848873747799e-01 2.000065137569833340e-01 2.211356123229754611e-01 2.263051062267417979e-01 2.122953802101154863e-01 1.641525890141739552e-01 1.090320746074044944e-01 7.368662945629132766e-02 6.409195148404411846e-02 5.838336946653947812e-02 5.742629953911516233e-02 5.512755083414708906e-02 5.683368897323889252e-02 5.607060291736691571e-02 5.844083790919080146e-02 5.933365796804900699e-02 6.360633075754698607e-02 6.476971870733230774e-02 6.831663891366070163e-02 7.279066383700452669e-02 7.756833305397076161e-02 8.166963662894158316e-02 8.665066910238108933e-02 9.298282167131169396e-02 1.057229242380813145e-01 1.289761427277009154e-01 1.632410002143026284e-01 2.004670059577726149e-01 2.250081621357541417e-01 2.378192636948640859e-01 2.485368436894054289e-01 2.590867456281998327e-01 2.585085360815871924e-01 2.633507246442172156e-01 2.695266463332056661e-01 2.732437603266230086e-01 2.732768704230492673e-01 2.771426318758370422e-01 2.875684492888203048e-01 2.971801998344971718e-01 3.115605390413413445e-01 3.231656883721664153e-01 3.393995413750400258e-01 3.577553493798318884e-01 3.674216249615227525e-01 3.774162093426194353e-01 3.912987649621662567e-01 4.029422040190656640e-01 4.049510960427806783e-01 4.160309408532441577e-01 4.164580600284989442e-01 4.148426038261900373e-01
9.998048848975638059e-01 9.965413622404110106e-01 9.840029332397496331e-01 9.566540204668908531e-01 9.161384604492766037e-01 8.659549519925379135e-01 8.111440874687252389e-01 7.569494369075595586e-01 7.119119759739397368e-01 6.397833434428379373e-01 6.069120299981234368e-01 5.350190366005945775e-01 5.112424616121078458e-01 5.040320814684976503e-01 4.092083881748397323e-01 2.958985467961556814e-01 2.710843977365406388e-01 2.998701509451218716e-01 3.422587078916219938e-01 3.672673515345230566e-01 3.743473338744728873e-01 3.587854953023451587e-01 3.340876756884362253e-01 2.631459360497955813e-01 1.885772629682664070e-01 1.390163682898772346e-01 1.116710898509066657e-01 1.021007512677892248e-01 9.525844837988509117e-02 9.490129504696437346e-02 9.173050232706582430e-02 9.666468412296368162e-02 1.006565464884050798e-01 1.046125568318296423e-01 1.040270547686437119e-01 1.128749734250085318e-01 1.166794529861735347e-01 1.248111033649452750e-01 1.358893830338664122e-01 1.396709710004029048e-01 1.472652244143120015e-01 1.535009653733788726e-01 1.665513226453796125e-01 1.919559998841213755e-01 2.278857261423161140e-01 2.665282806733957899e-01 3.029988006161803415e-01 3.203738305168576384e-01 3.351126575279310127e-01 3.416253202571712388e-01 3.456834723987858848e-01 3.496414700659806751e-01 3.461224453421660741e-01 3.492897977398408127e-01 3.515646653857247284e-01 3.538987992044557163e-01 3.563019519810468605e-01 3.642807258400718728e-01 3.697082633178317423e-01 3.765180400248750447e-01 3.933953462160189596e-01 4.065685014116143803e-01 4.149852511016347001e-01 4.320103705605130018e-01 4.411129520240305024e-01 4.527797397713235195e-01 4.590071436613711864e-01 4.667599601086314109e-01 4.674828549247657117e-01 4.720249016399865050e-01
9.998094446627648901e-01 9.974522780792501875e-01 9.880850063291591878e-01 9.672302953404914305e-01 9.381771978161008718e-01 8.980469427370987301e-01 8.559443538440805188e-01 8.033147905104829345e-01 7.669288823948776646e-01 7.148162400544998407e-01 6.748964693460282049e-01 6.210681806015155848e-01 6.097375370550555118e-01 5.788166539300072522e-01 4.710821944155716978e-01 3.922628907211225258e-01 3.885011408312751269e-01 4.211798948387398545e-01 4.536085493493876020e-01 4.616878641450421483e-01 4.631852980692430788e-01 4.462710619994531558e-01 3.968027698153866467e-01 3.207800960538897406e-01 2.396837919474826273e-01 1.912668363301841812e-01 1.658506910428027836e-01 1.555158398697600031e-01 1.442146158231926156e-01 1.434354208954512766e-01 1.402370711639250034e-01 1.430176633079963122e-01 1.441208542187656094e-01 1.483597460273356761e-01 1.523534212431567891e-01 1.609493897389440431e-01 1.674156728076694189e-01 1.769569938660454089e-01 1.864826706062347739e-01 1.925628404127821269e-01 2.004663641458010737e-01 2.028619091132869423e-01 2.137114759013833409e-01 2.349988514946005358e-01 2.680352483039799005e-01 3.072023387446140563e-01 3.400254555529094724e-01 3.674699597434090137e-01 3.789626346754208508e-01 3.920296644510939399e-01 3.979461897065157960e-01 3.995311137885014796e-01 3.990043015724006326e-01 3.996580650781701438e-01 4.002869652389521304e-01 4.007881887180097524e-01 4.007622718577947829e-01 4.048042315341826569e-01 4.093702672991489933e-01 4.156757378762728772e-01 4.190739116559467625e-01 4.337342354341711670e-01 4.431037212460475216e-01 4.515849046970361602e-01 4.604893601185239271e-01 4.714314397087138730e-01 4.793310950702812101e-01 4.891285268161841837e-01 4.940293969329411783e-01 5.002458866265951931e-01
9.997689560703130196e-01 9.974786835982120126e-01 9.893083790442323000e-01 9.706046604107884113e-01 9.424784534847153727e-01 9.050173899123026278e-01 8.677446501464732842e-01 8.258953588261354062e-01 7.751992010088381013e-01 7.466740829404987512e-01 6.921327736972865408e-01 6.581556611438132975e-01 6.439537785764810618e-01 5.875061366914019478e-01 4.880616377725631727e-01 4.399511492978773197e-01 4.548025188742134683e-01 4.794696821511483797e-01 4.983859507650152398e-01 5.073818508667753413e-01 4.954596936780699123e-01 4.673164468567397312e-01 4.058965154239315698e-01 3.238402862766354140e-01 2.570129879702303666e-01 2.173447873644488992e-01 1.946325503338639518e-01 1.830591949348737979e-01 1.741964046845852210e-01 1.722250155251610904e-01 1.695138054145436390e-01 1.678882557977700585e-01 1.723620235217532548e-01 1.748361998011111196e-01 1.814086791594747283e-01 1.873601028425301018e-01 1.960940402846207686e-01 2.059115204682809008e-01 2.159156073604194814e-01 2.219437083738799998e-01 2.286997562430383157e-01 2.325475191099628802e-01 2.377453438250846096e-01 2.517362036911951484e-01 2.762181594252124395e-01 3.105428917210710238e-01 3.446829787739226769e-01 3.738413720885311320e-01 3.945616997211991439e-01 4.078034936598457505e-01 4.131208213376907912e-01 4.181150536879814084e-01 4.210028423865512792e-01 4.232539309951015016e-01 4.224756335809226049e-01 4.208221453896505704e-01 4.216630203289349899e-01 4.216945221332015770e-01 4.243384260791928653e-01 4.274875887539710817e-01 4.326377250179245793e-01 4.373777023573521272e-01 4.459804754007898331e-01 4.558641494548724693e-01 4.655629510418811123e-01 4.738702602909132255e-01 4.806712744497528278e-01 4.919295875473740365e-01 4.995347591637925300e-01 5.061042537110087558e-01
9.995305770014267788e-01 9.961434495656923405e-01 9.860161558259720183e-01 9.654214357519079748e-01 9.374149246718254114e-01 9.018737398617031609e-01 8.596069684697291713e-01 8.231914779483847644e-01 7.744117800153379472e-01 7.430291959422403725e-01 6.853119791818352846e-01 6.681407076138848877e-01 6.407747605945242064e-01 5.628181503321451062e-01 4.787665515024240315e-01 4.657608942647683548e-01 4.830245945401673291e-01 5.026750550789241823e-01 5.157964307202794751e-01 5.128888839203916694e-01 4.955992717039541251e-01 4.524597616493600261e-01 3.801694360326578481e-01 3.041781265267356482e-01 2.495631223482965566e-01 2.199870534040067327e-01 2.047442217402896392e-01 1.927831081772366784e-01 1.837131121758199814e-01 1.814937412308786358e-01 1.783906108520116329e-01 1.801465974422323257e-01 1.824199437560403980e-01 1.854563591294578762e-01 1.911333101614215435e-01 1.989924932980337291e-01 2.067260353319829713e-01 2.170631624709075946e-01 2.270578040821761290e-01 2.345312314982141988e-01 2.412365265126035496e-01 2.439447876959387196e-01 2.463823607265764326e-01 2.526957441542188598e-01 2.697115601591693057e-01 2.980893689659185330e-01 3.323227275997925889e-01 3.616014604791327192e-01 3.841205828974438297e-01 4.025440138146035296e-01 4.135003744252672142e-01 4.209877894867290471e-01 4.250593132905761684e-01 4.279846747370225080e-01 4.288264246934688217e-01 4.293019562157407987e-01 4.301702032802403042e-01 4.293772925920255057e-01 4.300094628834390531e-01 4.315703356091941667e-01 4.334497972213379735e-01 4.366602727679328999e-01 4.418202897364742476e-01 4.485770345793808622e-01 4.543512525556518411e-01 4.644202756259301346e-01 4.727065026963727656e-01 4.782208531894316383e-01 4.886253691972978208e-01 4.966472485211399501e-01
9.986304059101188679e-01 9.935507785612849307e-01 9.799323849363152927e-01 9.558096415593185791e-01 9.237057949152571723e-01 8.846269431731975663e-01 8.462959356721466708e-01 7.995039696440113808e-01 7.661464011569582011e-01 7.181530519782566291e-01 6.772171091766886475e-01 6.614372508575180332e-01 6.116117622676564558e-01 5.216433420577469837e-01 4.755033755041910837e-01 4.801951234032248439e-01 4.979519516620468655e-01 5.117502526580646194e-01 5.146889811095007872e-01 5.040592561684462680e-01 4.744987744090019555e-01 4.169529673596301667e-01 3.422826533353294787e-01 2.798045565117507349e-01 2.402468312777729653e-01 2.180087559758536464e-01 2.035235371366591883e-01 1.934282042481347275e-01 1.869936718468996062e-01 1.831379205289362655e-01 1.815241899283150107e-01 1.814360374319839431e-01 1.841047192781332109e-01 1.882575065968122852e-01 1.941710662650137365e-01 2.010257173475402115e-01 2.092731702741494060e-01 2.196095531114346799e-01 2.305932401621696437e-01 2.390576092900051075e-01 2.456907353402803529e-01 2.489652700284068487e-01 2.500047030927490255e-01 2.533963874444127296e-01 2.618524834451071981e-01 2.816156317440036694e-01 3.092380107340204631e-01 3.387374182507870146e-01 3.653437085296209474e-01 3.877041908147804139e-01 4.016087710612588624e-01 4.138477454158265290e-01 4.213553574792708312e-01 4.257899924349443643e-01 4.286737952008974895e-01 4.303264663759624464e-01 4.310990107169399566e-01 4.318526045461035245e-01 4.320927015628449053e-01 4.325635955127677956e-01 4.332618585622330931e-01 4.352875687974926966e-01 4.372972746956697021e-01 4.407435431519436397e-01 4.453647083396005679e-01 4.518618337484403558e-01 4.568072891129885682e-01 4.640459971792191274e-01 4.728622654564988981e-01 4.792267761780907853e-01
9.959718560071683102e-01 9.869309807136896762e-01 9.677088441907036875e-01 9.395146430951274441e-01 9.054992719681559388e-01 8.634826500671798355e-01 8.269563273645810231e-01 7.776853404418456739e-01 7.436486772381813992e-01 6.899094944881501990e-01 6.687055757292090785e-01 6.372714115676346713e-01 5.657249960037410430e-01 4.951635665999566949e-01 4.800177287271121251e-01 4.907041201639206207e-01 5.033156338302666732e-01 5.094874524548111960e-01 5.039549023727245558e-01 4.823541104693267467e-01 4.380143351028523702e-01 3.721402861262870232e-01 3.050273856800564953e-01 2.581122873191164513e-01 2.304382079132407390e-01 2.123220458030684599e-01 2.004319911656136377e-01 1.915617145658701781e-01 1.855470025000000023e-01 1.820974681330449763e-01 1.806926202719248142e-01 1.812255474155622104e-01 1.834138933299304386e-01 1.873589982406973498e-01 1.929894595645570976e-01 2.004988570154248029e-01 2.093239399337623319e-01 2.198989648524296570e-01 2.309460245806684020e-01 2.411004766457772730e-01 2.487066237513067546e-01 2.526147955868720540e-01 2.534211384509744702e-01 2.537929916109507023e-01 2.577116508871560296e-01 2.687823238797880654e-01 2.877480034819229204e-01 3.125648763362838811e-01 3.412280193618701385e-01 3.649996971418879022e-01 3.845150267632392316e-01 3.990783398397913517e-01 4.113554988333374962e-01 4.183563942548331194e-01 4.237653434025205335e-01 4.279645428476633873e-01 4.304970167420923421e-01 4.319114299875767560e-01 4.328639322456992455e-01 4.334360600220923398e-01 4.339789777659257553e-01 4.347239311651239224e-01 4.358253141874908754e-01 4.375098528082518312e-01 4.397824983012664779e-01 4.436371984359046006e-01 4.475457760856349498e-01 4.514936290112717132e-01 4.571177161493502061e-01 4.633248770689108453e-01
9.890245079577826282e-01 9.735236910009866795e-01 9.493863798205154358e-01 9.163590720650569565e-01 8.786398664908671163e-01 8.377825225254645902e-01 7.914300095555099057e-01 7.566878342644511868e-01 7.067702024089688173e-01 6.735724066421082679e-01 6.492553873176376555e-01 5.951462146069053105e-01 5.215230317021398720e-01 4.876774366090845247e-01 4.875101734680978849e-01 4.963870160626224770e-01 5.022024674508489550e-01 4.992468060003005803e-01 4.827736077859069441e-01 4.467830908451851935e-01 3.914607762551009507e-01 3.286127808381689164e-01 2.763635295950718773e-01 2.440072523587393516e-01 2.220059657351970139e-01 2.076435216514757320e-01 1.965379981642105534e-01 1.888233167086553477e-01 1.835661813634748007e-01 1.804893082185585473e-01 1.792404737025042050e-01 1.798895901999286173e-01 1.821632021375063359e-01 1.861977410968581048e-01 1.918959825319114798e-01 1.988079930375006021e-01 2.085823298042093765e-01 2.191332848548316059e-01 2.309636638658811025e-01 2.420789630338619214e-01 2.511207677409383887e-01 2.559829177115646726e-01 2.571903824092793833e-01 2.565012978307995573e-01 2.566236076390331911e-01 2.615391223717960512e-01 2.721282173661689341e-01 2.898860338268222647e-01 3.127953934635142041e-01 3.369655082672673441e-01 3.602760907912415655e-01 3.784148597938005176e-01 3.943514594800756057e-01 4.059047791461747323e-01 4.149248493876781518e-01 4.220263179597082415e-01 4.265038054398420653e-01 4.298052234096272906e-01 4.321301210915422519e-01 4.338106856182316062e-01 4.349621244735899506e-01 4.357432499833848727e-01 4.365038277257623500e-01 4.373880590497105092e-01 4.384908090866727615e-01 4.400466366266324592e-01 4.419645322858190006e-01 4.441643788216305122e-01 4.487813247896521585e-01 4.519412298605672285e-01
9.735928267349369669e-01 9.514402584298516929e-01 9.209617501192091105e-01 8.839104552845187257e-01 8.430849466130784231e-01 7.997967073703809993e-01 7.618734941611173817e-01 7.176160220204992335e-01 6.779416623969924949e-01 6.533319381734066233e-01 6.083593540809432154e-01 5.439434968314470487e-01 5.003771080138479377e-01 4.894375442717746050e-01 4.914527097863435889e-01 4.941939212108814039e-01 4.911534249094737237e-01 4.774193975119819244e-01 4.478396156866094602e-01 4.020999708872652900e-01 3.439679942977697524e-01 2.929235339420597772e-01 2.573313181857157517e-01 2.322905824401277630e-01 2.158115923771664335e-01 2.034198201564720310e-01 1.935534516251285475e-01 1.866633258647463767e-01 1.816841649198982223e-01 1.788239857718363079e-01 1.778161412216217874e-01 1.784855522409986017e-01 1.805642840246069192e-01 1.845190197134763954e-01 1.899183889053913388e-01 1.970774769996897213e-01 2.060131139017370716e-01 2.175454968855365101e-01 2.300590004252176246e-01 2.418884052663042572e-01 2.521936830210031455e-01 2.587943464327797094e-01 2.610306275416630073e-01 2.602290337893236050e-01 2.587333725770635251e-01 2.590962945726026367e-01 2.636578134107379623e-01 2.736414525543350851e-01 2.880599452062220789e-01 3.086690296850738702e-01 3.301798962351750188e-01 3.511090343804502134e-01 3.697885936746311830e-01 3.863689317852169181e-01 3.999956667693557733e-01 4.102661867671284490e-01 4.182035166577404706e-01 4.240323224293475191e-01 4.289396847676686941e-01 4.324142402457212819e-01 4.345916384221920059e-01 4.365845786562249087e-01 4.379859492576134716e-01 4.389637470338023650e-01 4.399373225425743938e-01 4.408582878467414701e-01 4.418352842982455342e-01 4.431185169745312513e-01 4.449083873717690207e-01 4.465596113221333985e-01
-1.000000000000000000e+00 -1.000000000000000000e+00 8.844173056271930067e-01 8.446411257568122721e-01 8.009524149723977748e-01 7.624809053128900338e-01 7.184316675379988082e-01 6.801514888467464770e-01 6.497395194178544608e-01 6.100875033900188260e-01 5.574398931983488570e-01 5.135435018101521809e-01 4.945230201834491801e-01 4.887348888111456846e-01 4.863651021717645961e-01 4.810741530061312110e-01 4.683360699032036445e-01 4.431118760123666234e-01 4.050141328353856762e-01 3.540550152702754971e-01 3.068441142618932305e-01 2.695768755832471109e-01 2.438374205713151055e-01 2.246817357814295535e-01 2.105031802461840296e-01 1.993826874250808345e-01 1.909424746876067502e-01 1.843552399075641390e-01 1.798158197208692965e-01 1.770695417662207505e-01 1.762767926363303095e-01 1.767796626755480938e-01 1.789327272406621983e-01 1.826261571078123813e-01 1.874833039281219582e-01 1.947634247111227623e-01 2.032538427037062223e-01 2.142967204352527466e-01 2.274544319422900918e-01 2.413475098505177829e-01 2.526382772653212316e-01 2.605004162342691720e-01 2.644328571948353912e-01 2.644494942909962343e-01 2.625493920626932320e-01 2.607623438036678620e-01 2.611619419039509227e-01 2.645912308567504034e-01 2.730470485278995718e-01 2.857921998566569921e-01 3.010524403231016333e-01 3.210871218248182446e-01 3.394555140676973060e-01 3.588984966351402850e-01 3.767584753180011625e-01 3.917053547750401488e-01 4.043055698164956802e-01 4.138024435759786734e-01 4.207884013087344610e-01 4.270757203817470704e-01 4.317056280675533042e-01 4.351791970693448253e-01 4.381898468052061735e-01 4.400026024406509806e-01 4.418174743802769089e-01 4.430944888228749434e-01 4.442909023411349412e-01 4.452407143164971437e-01 4.461763251454769486e-01 4.471695590635998974e-01
-1.000000000000000000e+00 -1.000000000000000000e+00 -1.000000000000000000e+00 7.985750901030498339e-01 7.589113584423182735e-01 7.165785019653935217e-01 6.791906335788373550e-01 6.443454568032377372e-01 6.079354145097052298e-01 5.635997401511334548e-01 5.245325077481032272e-01 5.003904638298415364e-01 4.872252886631087687e-01 4.791222738501492717e-01 4.697770181435815817e-01 4.569515865873550742e-01 4.341786505374703453e-01 4.001486053036719115e-01 3.587102584436571151e-01 3.177108429439566839e-01 2.811643252851174779e-01 2.541519343688549704e-01 2.336637037015389939e-01 2.181205397817426173e-01 2.056566081143186009e-01 1.960276113162000289e-01 1.881496920347703883e-01 1.821416401404727103e-01 1.779377926632954576e-01 1.755606622298504504e-01 1.744453518734728481e-01 1.751376821580138132e-01 1.769738839310033562e-01 1.800568863628941862e-01 1.848946295191863098e-01 1.915742357316335687e-01 2.002986139053186954e-01 2.107650436480158207e-01 2.238687995181435353e-01 2.379666205363734910e-01 2.515353897795452598e-01 2.610995857090482875e-01 2.666790801478893802e-01 2.680700283861507383e-01 2.667895732651772711e-01 2.643082391888964544e-01 2.624439756064146367e-01 2.622139666130695601e-01 2.647928632214217592e-01 2.705993425171455136e-01 2.813076445892043753e-01 2.945178993689074320e-01 3.115989829255454424e-01 3.293612189874235430e-01 3.480775400545784160e-01 3.658860023828751640e-01 3.820607782427891674e-01 3.957745686995663981e-01 4.055528943015881960e-01 4.169367582350211321e-01 4.223836800808864478e-01 4.296772024130803835e-01 4.349540063064665785e-01 4.387189458540264875e-01 4.419136286279445880e-01 4.440104062401411533e-01 4.461343699899322779e-01 4.478524252849349629e-01 4.492755699913735246e-01 4.504432249542628108e-01
-1.000000000000000000e+00 -1.000000000000000000e+00 -1.000000000000000000e+00 -1.000000000000000000e+00 7.110868650352402121e-01 6.735755469720487998e-01 6.390564138068278721e-01 6.031458485183880391e-01 5.666000822365125922e-01 5.308825995901785832e-01 5.047331757241659833e-01 4.863807524978888686e-01 4.718231878363353116e-01 4.591684357684109874e-01 4.438121391223322498e-01 4.233719246413208404e-01 3.946542397355121135e-01 3.593695192220600076e-01 3.243173529500871233e-01 2.908578181304331545e-01 2.642594208137183376e-01 2.430200970835012242e-01 2.262934470804620901e-01 2.127589954222507407e-01 2.019040752530354976e-01 1.929413520763685885e-01 1.855115790880825233e-01 1.802680348485137252e-01 1.762353482873267041e-01 1.737279752979173364e-01 1.726456130338138717e-01 1.729747132622388994e-01 1.745225065921861829e-01 1.775284527970378001e-01 1.820873284204404252e-01 1.879262617784280553e-01 1.962626121571827698e-01 2.069614903422526686e-01 2.200822419027002319e-01 2.346179198547391487e-01 2.480225183476725825e-01 2.596255246323059818e-01 2.670878752188794447e-01 2.704359441160825717e-01 2.702447046635918504e-01 2.681225264550650689e-01 2.656147559596139240e-01 2.637474908189043621e-01 2.629420399230060212e-01 2.644133935244986633e-01 2.680452401514334948e-01 2.765585589211236872e-01 2.871897217281816350e-01 3.021445203929342127e-01 3.183465684106869253e-01 3.346212892532457461e-01 3.508238733706344759e-01 3.687608730763290432e-01 3.842119059263531256e-01 3.975023179760452385e-01 4.096314190600040539e-01 4.193663138062307394e-01 4.266471546484787991e-01 4.324483362298476297e-01 4.382514469236279409e-01 4.426236368262462806e-01 4.466403123500063410e-01 4.492122829081114377e-01 4.513591721949050117e-01 4.533345673682272481e-01
-1.000000000000000000e+00 -1.000000000000000000e+00 -1.000000000000000000e+00 -1.000000000000000000e+00 -1.000000000000000000e+00 6.302324889888345494e-01 5.983008640979471382e-01 5.662591128774331350e-01 5.346685415220114868e-01 5.057455552154419554e-01 4.829405074846465085e-01 4.652148650932138585e-01 4.483150567739507819e-01 4.314604891171970324e-01 4.108651509709599359e-01 3.867830282698869748e-01 3.582660814297817242e-01 3.288787659117597406e-01 2.990585632127961135e-01 2.730512629374086675e-01 2.517746130979581221e-01 2.340370615023645573e-01 2.200336756479276956e-01 2.081470375629037584e-01 1.984142942545873423e-01 1.902823367099134577e-01 1.834714233129379202e-01 1.783205198860181862e-01 1.745699938541873109e-01 1.720026893917900590e-01 1.710779331767524059e-01 1.711908919949005903e-01 1.725492530073460817e-01 1.751140376058585857e-01 1.791995570325487230e-01 1.845324994053930689e-01 1.923566487900796318e-01 2.023160856832555421e-01 2.144845509299729280e-01 2.297181731307403052e-01 2.439997505137625478e-01 2.568318634078587959e-01 2.658639571495305942e-01 2.708032633675582779e-01 2.721436519346537297e-01 2.710184161721403417e-01 2.688056348264030171e-01 2.662609932398083412e-01 2.640851224823004828e-01 2.630323582214273426e-01 2.633035127551542898e-01 2.661512315032824594e-01 2.720805037916350089e-01 2.799253867757015013e-01 2.928491447400827785e-01 3.061577459370416476e-01 3.225796571102637067e-01 3.377445169349221343e-01 3.555485283001810215e-01 3.716452471331229135e-01 3.877621410286281045e-01 4.000727599497569398e-01 4.130812864466794077e-01 4.211240896629631636e-01 4.290755275311476935e-01 4.372003338463359423e-01 4.431557737956329235e-01 4.476027751946815014e-01 4.510980079475167548e-01 4.545562824487507925e-01
-1.000000000000000000e+00 -1.000000000000000000e+00 -1.000000000000000000e+00 -1.000000000000000000e+00 -1.000000000000000000e+00 -1.000000000000000000e+00 -1.000000000000000000e+00 5.320129513108760033e-01 5.037994298370331858e-01 4.791819740001526107e-01 4.570527695114635636e-01 4.384667568961222450e-01 4.198784723115534523e-01 4.013207652837505468e-01 3.795169892120496824e-01 3.557168835789568662e-01 3.300283304709346610e-01 3.041850139356357396e-01 2.805319251776330347e-01 2.597828313734745209e-01 2.418965720709135570e-01 2.272788525230027556e-01 2.148855175330819101e-01 2.040423439464598421e-01 1.950678622474871782e-01 1.875131592290145144e-01 1.812946270747107791e-01 1.763085389678239467e-01 1.726841991844302870e-01 1.703719783372348306e-01 1.691041698727072384e-01 1.690145487165304605e-01 1.701741548814663385e-01 1.726595929948615826e-01 1.761061086276203835e-01 1.812609588023898488e-01 1.877411038961479539e-01 1.970527267451219200e-01 2.087302475694550463e-01 2.222566477719393752e-01 2.376575479567338833e-01 2.517381417627531093e-01 2.629325935164522621e-01 2.692184656036997192e-01 2.722086383507738572e-01 2.723700541151756194e-01 2.708449422015595798e-01 2.685493498142526025e-01 2.661655226948718700e-01 2.639218872671420524e-01 2.624094637080206516e-01 2.621402997464480911e-01 2.637358845141892227e-01 2.671567709876175312e-01 2.734827135141780219e-01 2.823566141506075322e-01 2.949079802063263034e-01 3.090281135192627926e-01 3.238971222669310701e-01 3.398805867493856492e-01 3.605664280793999255e-01 3.743694874104902537e-01 3.896508927836022096e-01 4.043338858015998460e-01 4.152950892656284143e-01 4.257591051416094730e-01 4.336570447529204952e-01 4.411461042628782581e-01 4.472041133222935394e-01 4.527461290258322779e-01
-1.000000000000000000e+00 -1.000000000000000000e+00 -1.000000000000000000e+00 -1.000000000000000000e+00 -1.000000000000000000e+00 -1.000000000000000000e+00 -1.000000000000000000e+00 -1.000000000000000000e+00 4.746074145653711440e-01 4.516231054730965311e-01 4.304324356427325360e-01 4.116659218389457364e-01 3.919574751779311139e-01 3.724832331379345218e-01 3.526800912403297850e-01 3.303668402852649733e-01 3.082665752415175153e-01 2.863797620551783440e-01 2.667249084211900656e-01 2.490007231137409405e-01 2.342747383097204816e-01 2.207517660056659003e-01 2.100288062714307791e-01 2.002548490985952279e-01 1.919793461116213740e-01 1.850355592671980576e-01 1.791243603593522526e-01 1.744761077556006013e-01 1.708837203004095751e-01 1.685510352358340069e-01 1.672868143566188237e-01 1.670068573900382325e-01 1.680602749629721560e-01 1.700418928940521657e-01 1.730345215309365692e-01 1.773729661542088609e-01 1.835381322793836756e-01 1.918531369379757046e-01 2.026211713153457383e-01 2.158472094465810065e-01 2.308593636025091655e-01 2.459066041925189461e-01 2.571235373547539060e-01 2.658853619157640069e-01 2.701373802245166100e-01 2.717866263266076055e-01 2.712601811516787143e-01 2.696983598470096277e-01 2.675663976634438113e-01 2.651163065843172295e-01 2.630800860022231014e-01 2.614320572252983865e-01 2.604415242316897028e-01 2.609147566961481646e-01 2.629105165530915555e-01 2.678628748136600013e-01 2.745117516935648982e-01 2.856507411130708718e-01 2.983219057687412357e-01 3.128096398064932893e-01 3.270761904564481459e-01 3.451890879302964010e-01 3.596357358391533143e-01 3.785018414777510110e-01 3.936281204647147369e-01 4.065870533474697512e-01 4.180871648914093464e-01 4.293269622592493784e-01 4.376027918592201305e-01 4.456353437429706466e-01
-1.000000000000000000e+00 -1.000000000000000000e+00 -1.000000000000000000e+00 -1.000000000000000000e+00 -1.000000000000000000e+00 -1.000000000000000000e+00 -1.000000000000000000e+00 -1.000000000000000000e+00 -1.000000000000000000e+00 4.248640635358360007e-01 4.046311561217193487e-01 3.860168627477746361e-01 3.673718269020353477e-01 3.483299634339945827e-01 3.298125428371366241e-01 3.099805786440359423e-01 2.906828989388157147e-01 2.724784759385624477e-01 2.555929324939956726e-01 2.406009647374913185e-01 2.271043416541312365e-01 2.153322934613967066e-01 2.055528642512205462e-01 1.965716456085091213e-01 1.892153946820527566e-01 1.824832669108093219e-01 1.769183197974132093e-01 1.725005185690713927e-01 1.690461452216112381e-01 1.666795266521249597e-01 1.653365187061513475e-01 1.650260395469881625e-01 1.656922839896767530e-01 1.673081507233558918e-01 1.700081266964231785e-01 1.738846408230293739e-01 1.794280069370918496e-01 1.863997017440901793e-01 1.968225187670217813e-01 2.091627926725359299e-01 2.234951798982747206e-01 2.377014931287619592e-01 2.506500508109223424e-01 2.604093341807581230e-01 2.660895258022206722e-01 2.691382729382672534e-01 2.698388906816803767e-01 2.690769431771919962e-01 2.675670759079478711e-01 2.655180820335807379e-01 2.633876691449844598e-01 2.612001092276157177e-01 2.595470192416788335e-01 2.583844642486671228e-01 2.582859346821997359e-01 2.595327048948687931e-01 2.629255620846125407e-01 2.679758466847095288e-01 2.758654801205631113e-01 2.858213193487463277e-01 2.999202266153323526e-01 3.135357886057549281e-01 3.316320667095389307e-01 3.454604183593546485e-01 3.627123930570764210e-01 3.821698522307410140e-01 3.945871365113214901e-01 4.081675719326429697e-01 4.194700745054531499e-01 4.325976064538751831e-01
-1.000000000000000000e+00 -1.000000000000000000e+00 -1.000000000000000000e+00 -1.000000000000000000e+00 -1.000000000000000000e+00 -1.000000000000000000e+00 -1.000000000000000000e+00 -1.000000000000000000e+00 -1.000000000000000000e+00 -1.000000000000000000e+00 3.801448865561555812e-01 3.620443689566519296e-01 3.447138967730243864e-01 3.282109962465118436e-01 3.111385844610528029e-01 2.930651827418798705e-01 2.765835118353009991e-01 2.609086342808467074e-01 2.455539692419672904e-01 2.323664213522287358e-01 2.208009014010198223e-01 2.102706836099416943e-01 2.012012102016998982e-01 1.932246929906342447e-01 1.861271420446951874e-01 1.798474904931732510e-01 1.747170573137993010e-01 1.704102912757008981e-01 1.670358645536074715e-01 1.647296650798346085e-01 1.632866499982327246e-01 1.629025988285398296e-01 1.632894931123144433e-01 1.646875043999110055e-01 1.669590648364382979e-01 1.705433458057615537e-01 1.755079038973298700e-01 1.818574953540877115e-01 1.907013884598646736e-01 2.021891997410862618e-01 2.149487191579748935e-01 2.295280170728084268e-01 2.425455681884584047e-01 2.530732655542011766e-01 2.602194454926540224e-01 2.643628351075301142e-01 2.662196249607801657e-01 2.665767041400506354e-01 2.657526333158699572e-01 2.643023462614539909e-01 2.625628421415477365e-01 2.606120953460485112e-01 2.587605029854318506e-01 2.569209312574015636e-01 2.556694868056356151e-01 2.549902924809208105e-01 2.551739289520867371e-01 2.572485348982374020e-01 2.607033674428256287e-01 2.661864486827141829e-01 2.760301428276272229e-01 2.868933669311797274e-01 2.996399853761959609e-01 3.113913829314471360e-01 3.328946206590194246e-01 3.478699242004428260e-01 3.637870920081071047e-01 3.804955547421006168e-01 3.965987173276550593e-01 4.098142547028754690e-01
-1.000000000000000000e+00 -1.000000000000000000e+00 -1.000000000000000000e+00 -1.000000000000000000e+00 -1.000000000000000000e+00 -1.000000000000000000e+00 -1.000000000000000000e+00 -1.000000000000000000e+00 -1.000000000000000000e+00 -1.000000000000000000e+00 -1.000000000000000000e+00 3.419543649203760083e-01 3.255371602672845754e-01 3.093777727398411281e-01 2.935020328445771542e-01 2.782599644291035568e-01 2.640910767146961158e-01 2.496814526046029215e-01 2.371945750966298616e-01 2.253018818279078350e-01 2.149470041966946021e-01 2.052336023829972045e-01 1.969448540445594142e-01 1.896269689289694083e-01 1.828822725485174938e-01 1.771040421154760069e-01 1.723540111190847157e-01 1.681374912306702329e-01 1.649152652540366859e-01 1.626421379511300558e-01 1.611528425207472415e-01 1.605660379194276954e-01 1.609386771496846280e-01 1.620838707971335169e-01 1.642385151842531699e-01 1.673016541561174186e-01 1.716778115937601101e-01 1.772284026177799732e-01 1.849609638420509072e-01 1.948210812356370170e-01 2.074581336796423869e-01 2.209562482033995690e-01 2.337427569729779442e-01 2.444672181011878775e-01 2.523245992730070442e-01 2.580294914724967636e-01 2.607392943915613492e-01 2.622212571520353697e-01 2.620955630534860803e-01 2.615014290726501156e-01 2.602232835521849363e-01 2.587585880619999723e-01 2.569200360473076206e-01 2.552057217001310607e-01 2.533775813255542131e-01 2.521544036672627720e-01 2.512717030318486477e-01 2.509897542340042143e-01 2.525649869232843292e-01 2.550915721987574991e-01 2.597350722581984739e-01 2.657919791622644357e-01 2.767792265181300837e-01 2.866934042088118417e-01 3.008742541757638556e-01 3.150037157280224376e-01 3.346804888095897268e-01 3.457006855020968161e-01 3.655207122321511015e-01 3.837553260534578570e-01
-1.000000000000000000e+00 -1.000000000000000000e+00 -1.000000000000000000e+00 -1.000000000000000000e+00 -1.000000000000000000e+00 -1.000000000000000000e+00 -1.000000000000000000e+00 -1.000000000000000000e+00 -1.000000000000000000e+00 -1.000000000000000000e+00 -1.000000000000000000e+00 -1.000000000000000000e+00 -1.000000000000000000e+00 2.921634074296010630e-01 2.787011868017096883e-01 2.652432287272465383e-01 2.522131330068059785e-01 2.397841154629064553e-01 2.285280125371817184e-01 2.180889965241024075e-01 2.088064674952595512e-01 2.002146419663134724e-01 1.926292578978041348e-01 1.856353586352448015e-01 1.797093494901278732e-01 1.743593151888698511e-01 1.695912067346453944e-01 1.658023927784355311e-01 1.626586162166408778e-01 1.603650074871432185e-01 1.588819771483345744e-01 1.584376061674163394e-01 1.584674790860106375e-01 1.594554022716743180e-01 1.612365578241970188e-01 1.640404506855272504e-01 1.678121667640168901e-01 1.731182447354491505e-01 1.802617141054759231e-01 1.888699203741228128e-01 1.996985048440776955e-01 2.121967158020339472e-01 2.241788022684708392e-01 2.352593011632683750e-01 2.439898548833600300e-01 2.498069055680084138e-01 2.535599611672665343e-01 2.561132096753167553e-01 2.567057590697996439e-01 2.567965660381934523e-01 2.564002120078898161e-01 2.551781083855881871e-01 2.538445747099762340e-01 2.524641795522334919e-01 2.508226055922674336e-01 2.494164415983252947e-01 2.480283346203240036e-01 2.471646871520214450e-01 2.468758169636929012e-01 2.471869859878443043e-01 2.489259821823955332e-01 2.530670644791537249e-01 2.576226601436759633e-01 2.651708222295017792e-01 2.755301721083217581e-01 2.872762056875729497e-01 3.025149235170545015e-01 3.166740764566813859e-01 3.340027986890660716e-01 3.501781497496763707e-01
-1.000000000000000000e+00 -1.000000000000000000e+00 -1.000000000000000000e+00 -1.000000000000000000e+00 -1.000000000000000000e+00 -1.000000000000000000e+00 -1.000000000000000000e+00 -1.000000000000000000e+00 -1.000000000000000000e+00 -1.000000000000000000e+00 -1.000000000000000000e+00 -1.000000000000000000e+00 -1.000000000000000000e+00 -1.000000000000000000e+00 2.646649272540838038e-01 2.526224916927786723e-01 2.413168033075152874e-01 2.303929515788509241e-01 2.205853072844726204e-01 2.111732352611808694e-01 2.026508954115224803e-01 1.950868342212817297e-01 1.879792170832109699e-01 1.817369907398478923e-01 1.760647471917876350e-01 1.710217027928989109e-01 1.666210587387319253e-01 1.630198893933405280e-01 1.600554975242644007e-01 1.578677045792040712e-01 1.565498048736323755e-01 1.560030121418112814e-01 1.561583282659268213e-01 1.570910234188781507e-01 1.585342627553675554e-01 1.609391468091594946e-01 1.644945395751667150e-01 1.690469478627708855e-01 1.753896205667286878e-01 1.829746568262129447e-01 1.928749227738333627e-01 2.044446092175567498e-01 2.153067752120853273e-01 2.252376156636588522e-01 2.343288102345100210e-01 2.409879133597997436e-01 2.455648014426748960e-01 2.482405770140153067e-01 2.498955893686224394e-01 2.505453961456229339e-01 2.506864963225527432e-01 2.502313544846267446e-01 2.494668551078164931e-01 2.482741384170662202e-01 2.470064980586259562e-01 2.457160151853492458e-01 2.443982238173004473e-01 2.431789252288332481e-01 2.425495259384025659e-01 2.419331787096549169e-01 2.422538955583967701e-01 2.436509064474897124e-01 2.459208546255405303e-01 2.505387144017658385e-01 2.565644342068950090e-01 2.636153640040777013e-01 2.744625334242716819e-01 2.885170761324365452e-01 3.036016397214166829e-01 3.204400485522865827e-01
-1.000000000000000000e+00 -1.000000000000000000e+00 -1.000000000000000000e+00 -1.000000000000000000e+00 -1.000000000000000000e+00 -1.000000000000000000e+00 -1.000000000000000000e+00 -1.000000000000000000e+00 -1.000000000000000000e+00 -1.000000000000000000e+00 -1.000000000000000000e+00 -1.000000000000000000e+00 -1.000000000000000000e+00 -1.000000000000000000e+00 -1.000000000000000000e+00 2.407243121700844146e-01 2.306724427278303291e-01 2.211048236667617628e-01 2.125171776904680454e-01 2.041085242864977556e-01 1.965516774609088468e-01 1.895535927294425826e-01 1.833640180318948099e-01 1.774217253631222013e-01 1.722675130153142609e-01 1.677621231274051272e-01 1.636737378363717632e-01 1.602477466901096881e-01 1.575434109323446685e-01 1.555295497192929199e-01 1.541586594401984089e-01 1.535257498911760388e-01 1.536605944994159922e-01 1.544870741508249934e-01 1.558685886532556741e-01 1.582930361737311387e-01 1.611618643701937248e-01 1.655000315817636569e-01 1.709127886793868623e-01 1.778369482353338860e-01 1.864011845067280182e-01 1.962890389133140623e-01 2.072940366556215441e-01 2.169279754302321783e-01 2.252259067904126000e-01 2.318514260603597443e-01 2.363321300586935791e-01 2.400223242291674719e-01 2.418992781164749362e-01 2.430630736151526139e-01 2.437219957609423338e-01 2.438046831540491288e-01 2.435354024954429208e-01 2.428826018153855681e-01 2.419312425151203538e-01 2.410876980886030863e-01 2.400353723797371275e-01 2.389800286300313714e-01 2.380365580067833053e-01 2.370985333313164467e-01 2.367058981644679094e-01 2.368921147187759979e-01 2.378192220923825428e-01 2.399801041884235542e-01 2.437576959527849030e-01 2.489641931232387806e-01 2.563544782814441980e-01 2.657157920925080630e-01 2.768153653880754406e-01 2.912349997030298510e-01
-1.000000000000000000e+00 -1.000000000000000000e+00 -1.000000000000000000e+00 -1.000000000000000000e+00 -1.000000000000000000e+00 -1.000000000000000000e+00 -1.000000000000000000e+00 -1.000000000000000000e+00 -1.000000000000000000e+00 -1.000000000000000000e+00 -1.000000000000000000e+00 -1.000000000000000000e+00 -1.000000000000000000e+00 -1.000000000000000000e+00 -1.000000000000000000e+00 -1.000000000000000000e+00 2.205584857128096710e-01 2.122583668558897796e-01 2.045976275202330275e-01 1.970553732158481230e-01 1.902801833179372792e-01 1.841952232272299206e-01 1.782580553418804670e-01 1.731881764157103543e-01 1.684687469831236128e-01 1.641739609809702294e-01 1.604195888457972952e-01 1.572859669999347454e-01 1.546717076936712232e-01 1.527689519269541107e-01 1.516354084992726226e-01 1.511031956345043892e-01 1.511505935077111507e-01 1.519847603949922576e-01 1.532178362257344550e-01 1.554527027363035718e-01 1.583036737299944041e-01 1.618241572694865404e-01 1.671495385870541694e-01 1.729862867036862928e-01 1.810399000820224480e-01 1.897951297828506800e-01 1.987789596629523925e-01 2.078076931495088653e-01 2.158117838597500004e-01 2.226693891278899717e-01 2.275029427893661693e-01 2.311864033881999014e-01 2.333511231906798822e-01 2.350108653694946703e-01 2.361580693249008267e-01 2.366380691949384607e-01 2.365560350705595005e-01 2.365300250729322762e-01 2.359340276431743377e-01 2.353006174543176565e-01 2.345042479815114822e-01 2.336860878368842431e-01 2.327862382429445043e-01 2.320564690443451261e-01 2.314040719402410962e-01 2.311717930639767826e-01 2.314367871351385997e-01 2.324299048821981961e-01 2.347226618192011505e-01 2.378591957881657781e-01 2.421672531543730689e-01 2.505617333686894210e-01 2.595807431408511112e-01 2.723711938983431891e-01
-1.000000000000000000e+00 -1.000000000000000000e+00 -1.000000000000000000e+00 -1.000000000000000000e+00 -1.000000000000000000e+00 -1.000000000000000000e+00 -1.000000000000000000e+00 -1.000000000000000000e+00 -1.000000000000000000e+00 -1.000000000000000000e+00 -1.000000000000000000e+00 -1.000000000000000000e+00 -1.000000000000000000e+00 -1.000000000000000000e+00 -1.000000000000000000e+00 -1.000000000000000000e+00 -1.000000000000000000e+00 2.038656724837185352e-01 1.970260227057072655e-01 1.905518968524302359e-01 1.844733493665078328e-01 1.786252772980977122e-01 1.736460309797937251e-01 1.687957979194461278e-01 1.644634103415326953e-01 1.604354714796719372e-01 1.570696388815342459e-01 1.542010286057201029e-01 1.518952314589917252e-01 1.501788432447232202e-01 1.491874582298540475e-01 1.486297826950430390e-01 1.487026222077261206e-01 1.495765704811344299e-01 1.508039520361859620e-01 1.527634553460590350e-01 1.553865243597166990e-01 1.588060665793518123e-01 1.636193491330007743e-01 1.691628252836726021e-01 1.760511290501815818e-01 1.840275396842462607e-01 1.924551966651586732e-01 2.007181933455836065e-01 2.081517315005432245e-01 2.141568132659656953e-01 2.189399597152794641e-01 2.222634006492818226e-01 2.253590586857348310e-01 2.269334788609769782e-01 2.279410922655758787e-01 2.289829707986992535e-01 2.293929387404700648e-01 2.295373106411211228e-01 2.293202089058954118e-01 2.289512888677597002e-01 2.283707515659492149e-01 2.279008110703848455e-01 2.271617747254537911e-01 2.265249835189423466e-01 2.260491870930670666e-01 2.256777480798705660e-01 2.255816420870322414e-01 2.262867491879108073e-01 2.270773257210608187e-01 2.293745770713112309e-01 2.333777321353633916e-01 2.377573399554883671e-01 2.445773565678620309e-01 2.553854713308263413e-01
-1.000000000000000000e+00 -1.000000000000000000e+00 -1.000000000000000000e+00 -1.000000000000000000e+00 -1.000000000000000000e+00 -1.000000000000000000e+00 -1.000000000000000000e+00 -1.000000000000000000e+00 -1.000000000000000000e+00 -1.000000000000000000e+00 -1.000000000000000000e+00 -1.000000000000000000e+00 -1.000000000000000000e+00 -1.000000000000000000e+00 -1.000000000000000000e+00 -1.000000000000000000e+00 -1.000000000000000000e+00 -1.000000000000000000e+00 -1.000000000000000000e+00 1.838872646525431809e-01 1.785311483824032486e-01 1.735215871256079734e-01 1.688468941323617023e-01 1.645548658040678625e-01 1.606462739765390502e-01 1.570535324118280673e-01 1.539108245309434575e-01 1.512339794326280074e-01 1.490127849512378755e-01 1.475726620742389139e-01 1.465376860099697753e-01 1.462294706451489346e-01 1.464061734190670039e-01 1.471532420511398598e-01 1.484270661838185956e-01 1.503580179698545682e-01 1.529726546028600254e-01 1.563732511345985454e-01 1.603118635751024368e-01 1.656387993922029955e-01 1.716584975671037738e-01 1.791234770095013751e-01 1.864320203362751505e-01 1.937616265815486072e-01 2.007722909887519336e-01 2.062394759620696794e-01 2.107603473790337079e-01 2.141530418856494034e-01 2.168378578167201587e-01 2.188003561182711998e-01 2.201195683016610449e-01 2.210403165929242242e-01 2.220040516709327894e-01 2.223580040641725264e-01 2.224322926006821466e-01 2.221485160653768887e-01 2.219458171226671994e-01 2.215017058387558080e-01 2.211805959285353673e-01 2.208186415538098690e-01 2.202798146877065211e-01 2.200091537365771732e-01 2.199128033010183392e-01 2.200443483651745025e-01 2.211093321389166477e-01 2.231512437247438752e-01 2.257881176318271288e-01 2.296268038439590042e-01 2.349229059985671053e-01 2.417205630139953321e-01
-1.000000000000000000e+00 -1.000000000000000000e+00 -1.000000000000000000e+00 -1.000000000000000000e+00 -1.000000000000000000e+00 -1.000000000000000000e+00 -1.000000000000000000e+00 -1.000000000000000000e+00 -1.000000000000000000e+00 -1.000000000000000000e+00 -1.000000000000000000e+00 -1.000000000000000000e+00 -1.000000000000000000e+00 -1.000000000000000000e+00 -1.000000000000000000e+00 -1.000000000000000000e+00 -1.000000000000000000e+00 -1.000000000000000000e+00 -1.000000000000000000e+00 -1.000000000000000000e+00 1.730099955848644344e-01 1.683993597880424631e-01 1.642879635471274358e-01 1.602571294571835947e-01 1.567521812944648874e-01 1.534700496294888195e-01 1.506851385751385719e-01 1.482335950911030931e-01 1.462777828655530132e-01 1.448769396616629568e-01 1.440766562515935489e-01 1.437904886650362701e-01 1.441090392544266130e-01 1.449238899289522209e-01 1.462215713130321226e-01 1.481071462611959766e-01 1.506298645709129302e-01 1.538917689905633379e-01 1.576799517136555639e-01 1.625768359192610590e-01 1.682924820896745666e-01 1.745929193496864873e-01 1.811885285706876791e-01 1.877424840054175148e-01 1.940390234018778415e-01 1.994021697883334998e-01 2.033553446813714805e-01 2.065647802921602161e-01 2.089498043019714091e-01 2.112426814199337977e-01 2.124720663639565466e-01 2.136931063959759958e-01 2.143626184181472438e-01 2.149541867138748674e-01 2.153105197193201370e-01 2.153529274095207502e-01 2.155436063689430970e-01 2.150885946333299659e-01 2.148106163149218206e-01 2.146585362774114103e-01 2.144704509627746447e-01 2.139872842191069824e-01 2.143438340987217916e-01 2.143119999365204753e-01 2.152563964145568220e-01 2.161296631639454124e-01 2.186397417303954926e-01 2.224655530857841956e-01 2.269585189535234249e-01 2.334964586414711440e-01
-1.000000000000000000e+00 -1.000000000000000000e+00 -1.000000000000000000e+00 -1.000000000000000000e+00 -1.000000000000000000e+00 -1.000000000000000000e+00 -1.000000000000000000e+00 -1.000000000000000000e+00 -1.000000000000000000e+00 -1.000000000000000000e+00 -1.000000000000000000e+00 -1.000000000000000000e+00 -1.000000000000000000e+00 -1.000000000000000000e+00 -1.000000000000000000e+00 -1.000000000000000000e+00 -1.000000000000000000e+00 -1.000000000000000000e+00 -1.000000000000000000e+00 -1.000000000000000000e+00 -1.000000000000000000e+00 1.636112526621493202e-01 1.599364303673866117e-01 1.564264470410113572e-01 1.530463621174515954e-01 1.500248898469671022e-01 1.475388619399772838e-01 1.453538129790635791e-01 1.436236643489079423e-01 1.423859501868927624e-01 1.416691859454745350e-01 1.414445545235138435e-01 1.418648001375959478e-01 1.428607024441921891e-01 1.441112534328563011e-01 1.460605731880631752e-01 1.484634099021988063e-01 1.515785358625303114e-01 1.553200279893316993e-01 1.598507395728367142e-01 1.649146958312076860e-01 1.708481451291982978e-01 1.766950052181075204e-01 1.828497157614114021e-01 1.880380840804062315e-01 1.926957084444763380e-01 1.966580548557908537e-01 1.998639271226905767e-01 2.018963173443517611e-01 2.039791442874121785e-01 2.056502415558094099e-01 2.065378397359635965e-01 2.075806163530214965e-01 2.078354667128283206e-01 2.085284145612681661e-01 2.086960480747727942e-01 2.087163579082227660e-01 2.088474264616132503e-01 2.087693395941575270e-01 2.085437312415142075e-01 2.087461631360423009e-01 2.086053663076982423e-01 2.088273981571475701e-01 2.092031013099086290e-01 2.100521382984734953e-01 2.114112361291212161e-01 2.135477666702792765e-01 2.177206732154184088e-01 2.221288020925965556e-01 2.289513227910335014e-01
-1.000000000000000000e+00 -1.000000000000000000e+00 -1.000000000000000000e+00 -1.000000000000000000e+00 -1.000000000000000000e+00 -1.000000000000000000e+00 -1.000000000000000000e+00 -1.000000000000000000e+00 -1.000000000000000000e+00 -1.000000000000000000e+00 -1.000000000000000000e+00 -1.000000000000000000e+00 -1.000000000000000000e+00 -1.000000000000000000e+00 -1.000000000000000000e+00 -1.000000000000000000e+00 -1.000000000000000000e+00 -1.000000000000000000e+00 -1.000000000000000000e+00 -1.000000000000000000e+00 -1.000000000000000000e+00 -1.000000000000000000e+00 1.558062013635702625e-01 1.526767771777220728e-01 1.496212357101445178e-01 1.469896258069160466e-01 1.445576155648505556e-01 1.425670915623661050e-01 1.411520917492232741e-01 1.400607033140586766e-01 1.394501137117132028e-01 1.394209560805647063e-01 1.399231136256857688e-01 1.409442365300117295e-01 1.422906174819297265e-01 1.442320524148278660e-01 1.467178210607139599e-01 1.494916790771166348e-01 1.534042998787585876e-01 1.574719175320958842e-01 1.624803566685238398e-01 1.673290907522719251e-01 1.729989347448626369e-01 1.782099036809471626e-01 1.832677505352797442e-01 1.872353453236836052e-01 1.904576440501639656e-01 1.934740288279700737e-01 1.954863048168947182e-01 1.973927999629132568e-01 1.988258365880928302e-01 2.001919177123814564e-01 2.008581306516878384e-01 2.012411458937997666e-01 2.018134389001614848e-01 2.023334511647618961e-01 2.026492030476410300e-01 2.028731536705499494e-01 2.028259003180437614e-01 2.030039378033607067e-01 2.031157091181443608e-01 2.032080917924336261e-01 2.037485522942600880e-01 2.044375160317216111e-01 2.054318893549787195e-01 2.070298154354886788e-01 2.097475039948537845e-01 2.136683653771904168e-01 2.207382027707938121e-01 2.267066549865967007e-01
-1.000000000000000000e+00 -1.000000000000000000e+00 -1.000000000000000000e+00 -1.000000000000000000e+00 -1.000000000000000000e+00 -1.000000000000000000e+00 -1.000000000000000000e+00 -1.000000000000000000e+00 -1.000000000000000000e+00 -1.000000000000000000e+00 -1.000000000000000000e+00 -1.000000000000000000e+00 -1.000000000000000000e+00 -1.000000000000000000e+00 -1.000000000000000000e+00 -1.000000000000000000e+00 -1.000000000000000000e+00 -1.000000000000000000e+00 -1.000000000000000000e+00 -1.000000000000000000e+00 -1.000000000000000000e+00 -1.000000000000000000e+00 -1.000000000000000000e+00 1.490084803315103457e-01 1.464096916336389276e-01 1.439751474897379979e-01 1.418633210538647604e-01 1.399975480010474116e-01 1.386409973296261477e-01 1.378052349420884615e-01 1.373794191490408656e-01 1.375057645996492495e-01 1.380544547594801941e-01 1.391356501631696718e-01 1.406338523077010350e-01 1.427252947253479232e-01 1.452089464753947845e-01 1.482037135726858301e-01 1.516338277003061175e-01 1.556444188396464701e-01 1.600433399316092131e-01 1.647613859910682654e-01 1.696477383189602950e-01 1.749114898892836778e-01 1.789380694501624403e-01 1.826001644980251304e-01 1.854631777980866314e-01 1.884173369823450572e-01 1.901446624473014657e-01 1.916127693224686790e-01 1.930065225567901277e-01 1.939851183650020128e-01 1.947402484585686877e-01 1.953702581845888075e-01 1.960975012624389113e-01 1.965283552606745532e-01 1.969670542783252265e-01 1.972782208699281614e-01 1.976950905380285284e-01 1.980499867545977566e-01 1.984206596549704937e-01 1.987274458485008000e-01 1.994621422064230265e-01 2.007649183739044774e-01 2.019322410155360847e-01 2.047542048069367626e-01 2.084192171462682930e-01 2.133344993725540817e-01 2.199405833223329887e-01 2.299687056773129790e-01
-1.000000000000000000e+00 -1.000000000000000000e+00 -1.000000000000000000e+00 -1.000000000000000000e+00 -1.000000000000000000e+00 -1.000000000000000000e+00 -1.000000000000000000e+00 -1.000000000000000000e+00 -1.000000000000000000e+00 -1.000000000000000000e+00 -1.000000000000000000e+00 -1.000000000000000000e+00 -1.000000000000000000e+00 -1.000000000000000000e+00 -1.000000000000000000e+00 -1.000000000000000000e+00 -1.000000000000000000e+00 -1.000000000000000000e+00 -1.000000000000000000e+00 -1.000000000000000000e+00 -1.000000000000000000e+00 -1.000000000000000000e+00 -1.000000000000000000e+00 -1.000000000000000000e+00 -1.000000000000000000e+00 1.412784347403715224e-01 1.393126662925368853e-01 1.377156383956127939e-01 1.365515586241223267e-01 1.358245964337217448e-01 1.355760173819766379e-01 1.358649236637315960e-01 1.365807235316004731e-01 1.377769878761779254e-01 1.394095101487001220e-01 1.414830081701299314e-01 1.440728339187369311e-01 1.470899828420948741e-01 1.504422560681693832e-01 1.542042506995127127e-01 1.584578074946730308e-01 1.632365941637480278e-01 1.673609930805813883e-01 1.717805046125234769e-01 1.755258766063114428e-01 1.787665565750955754e-01 1.813128368443984173e-01 1.833881826386853653e-01 1.856087719288224136e-01 1.868613238218825301e-01 1.881066096350903771e-01 1.888408672913106934e-01 1.897860537851480123e-01 1.906203452267842546e-01 1.913010212093582407e-01 1.918999131650070411e-01 1.922541999679064917e-01 1.929122875916479130e-01 1.932937541810066107e-01 1.940530681602981866e-01 1.945542237208796876e-01 1.957129715358834621e-01 1.968585510620007584e-01 1.989474990987988023e-01 2.015958087908968355e-01 2.051003880178754735e-01 2.115666231298677924e-01 2.189694110999199916e-01 2.305158284418554748e-01 2.414859344248327100e-01
-1.000000000000000000e+00 -1.000000000000000000e+00 -1.000000000000000000e+00 -1.000000000000000000e+00 -1.000000000000000000e+00 -1.000000000000000000e+00 -1.000000000000000000e+00 -1.000000000000000000e+00 -1.000000000000000000e+00 -1.000000000000000000e+00 -1.000000000000000000e+00 -1.000000000000000000e+00 -1.000000000000000000e+00 -1.000000000000000000e+00 -1.000000000000000000e+00 -1.000000000000000000e+00 -1.000000000000000000e+00 -1.000000000000000000e+00 -1.000000000000000000e+00 -1.000000000000000000e+00 -1.000000000000000000e+00 -1.000000000000000000e+00 -1.000000000000000000e+00 -1.000000000000000000e+00 -1.000000000000000000e+00 -1.000000000000000000e+00 1.371193247739272980e-01 1.357072175007025538e-01 1.347618922073023917e-01 1.342007112597849161e-01 1.341224837212708354e-01 1.344840529794410489e-01 1.354011051466994242e-01 1.367388270331332534e-01 1.385022909891283349e-01 1.406947322319351823e-01 1.433271814639091590e-01 1.465454579156594828e-01 1.499198947570489493e-01 1.538564295463282494e-01 1.578846880421943266e-01 1.618680597304499591e-01 1.660046809610856156e-01 1.695072013074870598e-01 1.732119006706482334e-01 1.757836878316442475e-01 1.783194238469111015e-01 1.800361050207437974e-01 1.816908708598085898e-01 1.829225851259746460e-01 1.842727531436242627e-01 1.854491936444752631e-01 1.860608219596521229e-01 1.869182452001060257e-01 1.876759077496386874e-01 1.883306926104223178e-01 1.889800330821088670e-01 1.899619661496319001e-01 1.908241696826390721e-01 1.918704339664021041e-01 1.932925808193000639e-01 1.949373389768643550e-01 1.976921481027622829e-01 2.022261512980603748e-01 2.069325847534578822e-01 2.147663618944357644e-01 2.247957921917666246e-01 2.389369539296592460e-01 2.550283637988339236e-01 2.773275355344123616e-01
