5.952182055436188097e-175 2.105248364208299008e-159 2.405118017117201719e-153 3.414796340151328339e-133 1.454144948949421943e-127 9.669156951987470369e-115 1.033519957280292571e-102 1.493483323560735216e-96 1.080273603589201854e-89 4.497521837072866800e-79 2.832661992735024658e-71 2.209057767872874200e-63 1.942767348796924496e-61 4.329371914617177289e-54 9.874683764540325068e-48 6.639736449172809470e-43 7.225553795204242180e-36 1.646645818355947071e-32 2.906777332275036144e-31 1.079862438256823314e-26 4.641884035077877792e-23 8.858178638926701947e-21 7.547487782930122291e-19 6.949478677120261601e-17 9.005420146861662314e-15 1.921065835887614690e-13 8.104040427470125809e-13 6.986606338175580378e-11 8.836140647351290132e-11 8.887662082552684599e-10 7.809746307278023378e-09 1.761016454028459012e-09 9.666299034182034127e-09 1.397207463758365582e-08 2.061556715869272618e-08 3.889165925282580434e-08 1.074203915126331944e-08 4.631796771146450776e-08 2.723414286942239030e-08 1.968743821166686994e-09 6.738078658582344973e-10 1.101650610960138568e-10 2.918933638820024429e-10 1.215562339497686580e-10 3.252848216929647092e-12 3.981127830528451504e-12 7.273544049882352278e-14 2.641209571267684897e-14 5.771813661137134257e-16 1.667566815361939076e-16 1.440597562164632426e-17 8.113907524604524081e-19 7.251976770242829683e-19 4.194486823999567293e-21 1.335405238500562751e-20 2.642943078353966959e-22 3.865825834105386896e-24 1.473746667360763200e-25 4.506072028368789952e-26 5.180259405507394492e-26 8.081909398733225231e-27 8.592280554263258351e-28 2.174203811347714224e-29 8.290930011637226060e-30 5.822129613568321027e-30 3.986428588407022870e-30 3.885488635441776759e-31 4.518701080962738481e-32 1.829779958696745525e-33 1.939393659331576225e-34
1.352683499115822762e-173 2.152401053177106160e-155 2.107040892796454472e-148 2.924270477287988621e-135 2.001559255748619865e-124 2.051624830397420658e-115 1.225890769471311558e-102 9.441503320635712681e-96 7.795698405192511352e-86 1.045593436279386248e-80 1.524007883408100899e-67 3.661870401688693300e-59 5.564246388425524682e-59 8.796655770781934328e-50 2.899324488573195885e-47 3.999464242836912904e-40 5.283419075633687970e-38 1.940412108747239105e-32 7.737383048572620416e-29 2.795637983082921810e-26 1.019082579267859873e-23 7.632451278536212174e-21 3.144501022613647040e-19 6.219902452874727280e-17 8.780579625568570367e-15 1.288619716647291591e-13 8.708616995829736013e-13 1.374077726253232626e-11 1.463474779460683314e-09 1.226713702853365868e-09 3.484978014982478705e-09 1.005883828439298683e-08 3.175105214179736617e-08 2.032511925442495056e-08 2.135666460576901523e-07 2.506896393399130752e-08 1.313389408522137413e-08 2.057615062598125015e-08 1.690187251645957281e-08 3.061663444722480382e-09 5.591589694402181381e-09 6.797972375392282319e-10 1.549990828185964499e-10 1.084197645506602778e-10 5.945377759507099569e-12 4.626288796035313009e-13 6.277263631461334123e-14 3.969828160430793544e-14 4.345933581398069137e-15 5.338155976865624176e-17 3.351237889408480155e-17 6.065815001503048605e-19 9.354078491814000137e-20 5.843596163411748649e-20 4.039314777554238045e-22 5.457871868458146514e-24 9.376061741120782341e-23 7.754177988616354683e-25 1.810923443995485254e-26 1.246309120063005687e-26 1.304194544003863928e-27 9.785910899847647738e-28 1.126126125224666564e-29 5.099130067389019463e-31 9.787770865280070282e-29 8.211012928097193791e-31 5.300869183576211922e-31 8.985994406643393057e-32 1.198553644144578096e-34 1.262917350198363625e-34
3.983246717144827086e-174 2.555603396574337287e-163 4.952860093888019120e-147 4.849182617246173115e-140 4.925489314189340502e-124 4.942957208416004440e-111 4.173840641200969861e-104 1.377318808279422938e-95 1.956215559678357583e-80 1.404026543181414144e-78 2.298158038432690868e-73 1.563504718866447270e-65 6.311940821211159324e-55 9.715141661135289554e-52 2.305013716717075162e-45 1.028232254427958027e-41 9.137049322297934050e-34 6.168600736780838799e-34 7.395358363021319000e-30 2.903953176083347973e-25 7.232181586050851376e-24 1.085409834181786543e-20 7.083437448897307818e-19 8.591871847110546258e-16 5.958163085917170713e-15 2.622969539815515941e-13 4.141544715484079783e-11 9.804432644144063198e-11 2.090623025535175978e-10 1.181771966291009227e-09 1.127619552761718066e-08 2.044194447116213054e-08 3.239974881446345644e-08 2.750653962043671619e-08 6.284015952330045539e-08 5.544147279351349955e-08 6.319394686358455927e-08 2.101191934633781641e-08 1.985847923143864570e-08 4.071980796860359389e-08 9.192990285472415713e-09 1.421229656106565079e-09 1.092469916331328286e-10 4.261105352991727399e-11 1.123400511402542182e-10 4.651632253366227788e-12 4.118851197636779927e-14 4.338358974615813701e-13 1.672129569802403848e-15 5.544815125357830590e-15 5.691914167883679135e-16 2.447505821715342583e-17 5.220338434771442487e-18 2.121259226833903602e-19 3.836796236475181771e-21 7.980538975462908667e-21 3.012472543427801853e-23 4.360706346899940731e-23 6.141496026132143221e-25 2.388598879634786744e-25 1.321229067139996598e-25 2.471828404484852437e-27 5.947606071854513621e-29 3.638913093963277545e-27 1.443329468964562608e-31 1.174443035764682066e-29 4.481950681118280978e-32 7.773403120258722107e-32 1.172991989283693001e-33 1.287515830580537184e-33
6.365989763846565792e-173 2.801595535813592015e-159 1.044448855911630291e-145 5.890716763514078863e-135 8.891573244749857610e-124 6.500802726930933689e-112 3.349488342918039027e-101 5.230722170917476222e-90 1.022786538710313461e-83 2.710765627501241566e-73 7.177770296909920653e-69 7.458249065357860564e-64 1.740491206281522937e-55 1.255413225594237103e-48 5.714530066907099458e-46 9.343436115652462368e-41 4.571421596195356526e-35 6.757603641303749860e-33 2.168816500121381091e-28 3.580562372235050670e-26 1.327129014569031381e-21 6.500379820359393423e-21 1.400649134880650182e-18 2.984626401880565909e-16 1.891375976782698949e-14 2.042826844220084597e-13 7.463063616320058983e-12 1.068331381790999537e-10 1.213939419846934518e-09 3.322954759855885383e-09 2.588249718440017378e-08 4.454964289095286644e-08 1.584016705550027400e-08 3.812313662623538029e-08 1.013767743338710552e-07 9.251532284473266550e-08 3.148117468661534772e-08 2.942660956660448266e-08 8.700657920676264259e-09 1.429116073681818493e-08 2.881936982612873578e-09 2.591118238612604762e-09 2.446354820647150026e-10 7.768541188465977697e-11 6.272894023740853235e-12 1.906451266910895927e-12 8.877516041037897783e-13 2.401698076578412731e-13 5.442310879547147018e-14 2.546890400539672310e-14 3.028161503946552889e-16 2.503914813809376609e-18 1.819009106278057354e-17 3.610635919753147838e-19 4.426499398623069446e-21 1.899995565569302652e-22 6.461096791046182655e-23 3.911102333922052035e-24 5.377600039499059872e-26 5.962561589985794108e-26 1.536528496060231568e-25 2.508319563580350522e-28 5.882124633350081181e-29 1.086590284090965517e-28 3.906423116097432093e-30 1.388698774322890360e-30 1.236667352433619289e-31 2.806554066735993036e-33 4.789699256444329072e-32 6.439638004150051672e-31
2.431524285179214151e-167 1.872153958848602476e-160 1.238142670311365206e-140 3.457616956499652372e-136 2.200389371159917452e-123 3.046111219156030015e-109 3.497453447330879809e-103 3.262593138132935680e-92 3.941140534063259883e-86 5.359437688036643255e-80 7.763011825296041521e-69 1.735577642742241309e-59 1.623199634810244720e-55 3.591563712413396444e-50 8.732730798973020421e-46 1.421549859377047234e-41 2.680820353579125731e-35 2.601549621867805296e-31 8.180822956006596943e-27 2.938331662563727325e-25 1.207245943522758437e-22 1.360400682709930971e-20 4.637025382368064656e-18 1.158825354115662457e-15 3.869820496296996968e-14 7.424955384426565866e-13 5.719497699717481368e-12 1.173039020970990503e-10 6.869362917587788436e-10 2.060147146026776156e-09 2.070006291650503116e-08 4.167943483502046321e-08 1.383803623074932508e-07 3.318565587511889488e-08 9.895129140137273669e-08 4.837192891416911103e-08 1.431813556474457343e-07 1.076477478820375178e-07 2.856138148478330222e-08 2.119626473911467788e-08 3.078639289508024788e-09 6.227323605503435965e-09 5.873678651054136133e-09 3.366108645897938090e-10 1.194213874413891767e-10 6.977123564932472112e-12 2.376126150004358140e-12 1.034591161764237210e-13 2.650385835220232158e-14 8.084566669916860519e-15 5.671869178125355879e-17 2.627247257029847191e-17 1.436444633303893181e-18 6.252302124236707805e-20 1.966960312621236983e-20 6.269566114293820257e-22 6.794088095813156502e-22 1.504800671942053798e-23 1.422371691193207137e-24 1.662607514949847909e-25 1.005259049406087703e-26 3.930034689848715460e-26 1.166847858888815215e-27 7.163910109444257887e-29 2.544479431053416511e-28 2.178811709015473290e-30 1.074949600264106055e-30 1.174171594849195391e-31 1.510512918284627051e-32 4.879219001279600692e-30
2.183187720810173134e-165 8.511690067734929409e-155 1.771447698121739967e-140 2.974943726761353611e-131 2.437848350240552936e-122 1.468661115291149816e-111 3.337829939659832987e-102 4.596731152849519291e-93 3.125736633295411187e-82 1.507935880887906336e-74 1.103831449600087977e-68 9.117983765113212393e-59 2.812170774623593682e-53 4.257534535792828016e-52 1.994513677713677350e-43 2.189345492916846682e-39 2.673278302392564530e-36 8.284158368624497340e-31 1.634214554202212077e-29 1.770809058059894254e-25 2.260937596265970153e-20 1.274541657151246399e-19 2.133080970238869760e-17 2.521542192519263143e-15 2.904129440505136254e-14 2.009812261658243953e-12 1.456496739335918482e-11 1.406716579512002051e-09 3.017834007552650486e-09 4.565449035899741857e-09 9.124486896029078976e-09 4.481321569920053649e-08 9.647562180650399377e-08 2.985596577578871446e-07 3.012054736029794334e-07 7.071331636609971081e-08 1.967486794773802887e-07 1.716294066869707705e-07 5.549669964063225727e-08 6.231467793465292094e-09 1.075045489544147851e-08 5.380305444114504684e-09 1.752145864409054600e-09 1.085558353935349674e-10 2.755424071285250094e-10 1.946595487246383865e-11 3.235531102705113526e-12 1.113876827936695173e-13 6.440981765201489738e-15 1.863825764182222737e-15 1.171078699634937781e-15 6.205729354895785985e-17 2.223362311432542212e-18 5.347403534146802022e-19 3.418774976209456268e-21 8.268647176680839906e-21 6.418596178103399077e-19 2.332777068165989157e-23 1.394913252223618408e-23 2.342271270236722817e-24 1.035245439365194634e-24 1.587202596140812315e-26 1.842542259698912526e-27 5.423981080312415761e-27 1.267776066146700036e-29 2.988166236742572724e-29 6.874960723011262747e-31 7.824136773743129468e-29 3.184659061295400399e-32 6.477132181516329057e-33
5.360568851145369643e-167 2.722297338345646253e-160 9.892327530179047320e-143 7.550717938860528754e-131 5.436191982004266729e-119 1.333716348513964147e-110 1.529009172153927308e-98 3.650548361554817667e-91 3.568823015170781136e-85 3.704169230817285738e-75 1.305176032869471730e-68 5.954198580397434328e-63 4.037183078708346630e-56 5.294930713338180237e-49 4.433597171404440187e-44 2.253209294564978099e-39 3.462544852503334079e-34 1.880088308705260254e-31 6.991725634152618355e-27 2.293936992770558846e-25 1.962879706625375101e-21 2.308780471973844993e-18 1.763771488639266896e-16 1.031445155940735948e-14 1.596360971035442456e-13 4.404748745942609901e-12 6.580528495423222812e-11 1.746368716069579535e-10 3.021438040264713737e-09 9.973372799432544924e-09 1.742296142373674923e-08 6.782155673256250685e-08 1.829681863300984414e-07 2.825911772096918198e-07 1.600482039848866330e-07 2.602679576907657326e-07 2.782121771001990844e-07 6.562601057190095407e-08 5.270129948530225558e-08 6.719772153791097075e-08 2.817780506255701941e-08 6.550535770221133482e-09 1.273461773590631735e-08 4.311402655541839862e-10 1.950396247296279414e-10 1.151713752347868129e-11 3.998014389351644159e-12 1.287637085249768931e-12 1.131612404040879228e-14 2.207327199112544919e-14 6.236204437041141142e-15 1.302150295399249125e-16 1.053806797387652871e-17 3.877910228074587481e-19 1.326639623698535887e-19 1.306532250967245727e-21 4.170826645137136736e-20 8.297731977591114617e-24 7.837017381803476864e-23 3.068888595695348057e-24 6.607930902870103707e-25 8.359856261676129465e-26 1.831709747301432058e-27 8.406387971447100878e-28 2.846422837828678830e-28 1.016135463470459540e-28 2.604538745883103447e-28 1.271172463935364863e-30 3.449464119605315130e-31 3.770559889012469665e-31
4.756523953046959411e-172 4.127817782873385333e-154 2.833375963427749242e-144 3.977375564261137633e-133 2.201761814446433648e-121 2.965164156583690444e-112 7.448020418595134185e-99 1.921851410821280753e-91 2.516331053878864040e-83 2.145990512687905319e-77 5.654108937376188161e-68 1.003574579826300041e-60 3.913064739144568487e-54 2.623983976819378649e-46 1.349339315096334573e-42 1.001451332913984010e-40 2.300310340793587216e-34 3.637648555275298482e-31 2.106968704406471720e-26 2.095407892074042343e-23 2.063409156836710621e-20 9.555724566124734175e-18 8.599977132559481141e-17 2.779461499741470059e-14 1.055415183984583380e-12 1.502102137876165890e-12 1.158261144625367106e-10 9.439862275697840183e-10 3.123459945632223189e-09 2.735990001749974639e-08 4.032980823466572290e-08 1.704766011870879327e-07 1.536229429898197528e-07 1.701592192182230923e-07 1.195302076814166510e-06 1.549067642210025852e-07 2.467781837834503298e-07 6.171979511075746399e-07 7.222128487332161386e-08 4.281719882897414769e-08 4.447443604110665956e-08 6.119353450709411012e-09 2.270901513902342818e-09 1.925611907882094164e-09 1.099685504315400343e-10 1.556286709095740615e-10 6.194172375578786320e-12 3.246468369352454428e-13 1.093460738593487441e-14 3.253754937234162677e-14 3.548625839740121804e-16 4.601688664171586674e-15 1.155417672985547990e-17 1.114766425504098819e-19 5.889757616365328568e-19 3.789553451148668100e-20 1.122034201747204997e-21 7.580224589003465429e-21 1.184200120186030624e-23 4.243621379678567731e-24 8.944268194949159933e-24 4.649509183972516574e-25 2.563659883476177581e-27 1.081557923407841106e-27 4.159163324767150577e-27 4.229786023727229066e-28 4.276486573507371310e-29 1.580362011785568067e-30 9.541464482900732460e-31 4.633530740045951763e-32
1.225095195819374508e-173 1.019110345467518050e-154 5.799550292979839174e-141 3.622837836581291760e-127 2.487256074920138853e-117 3.041216159789148489e-106 3.030603876149503437e-93 1.269285272257226461e-89 4.233840304619263178e-76 2.192805146501573573e-73 6.413191382162669905e-67 2.230732617410679086e-61 4.697670718502826363e-53 7.169802124313458365e-48 1.068422020207181746e-40 2.267623156149402676e-38 6.120707514325881164e-34 4.929075084239300868e-30 5.138800258572492429e-26 2.063393519308911091e-21 1.467173363626504615e-19 2.294814578859186976e-18 2.882174666916975585e-16 4.433401545680786976e-14 1.440535547667314822e-13 1.464454500338126290e-11 1.943462255847888451e-10 2.655307449912017781e-09 1.495260797128331238e-08 1.480322167016715860e-07 1.288566219292672753e-07 2.537310205076551982e-07 3.446348897566330744e-07 2.647805254326727587e-07 6.570179785680904000e-07 1.035722854109834752e-06 2.338421839800101709e-07 1.630684668852453939e-07 1.324787343141303403e-07 1.065743663445601944e-07 2.021463804330178319e-08 2.744532093091939254e-08 8.954770774104895372e-09 4.315801042227269833e-09 5.464496450668984187e-10 1.055483787218263474e-10 9.507314114925556652e-12 2.847710100555753338e-12 4.931402200536322096e-14 7.396414724850438042e-15 1.411057560640607260e-14 3.285160234165974714e-15 3.367644157018208080e-17 1.325319160109859554e-18 7.442212040275748210e-20 4.093003042487823967e-19 3.289641017254154017e-21 1.978724032013724703e-21 6.374706466309735456e-21 1.000511682839087548e-24 1.072068892989119427e-23 7.195180119971635192e-24 6.684787859325361692e-26 5.744889722176352744e-27 1.308461089610832038e-28 2.188103162963479990e-27 9.215758718402378101e-30 2.522287425802211120e-29 4.847193132631459258e-30 2.693199281194061903e-30
3.709103485752379522e-162 2.155195668355059750e-155 7.711257904637452551e-136 1.282278352239691920e-129 8.257100018087770924e-120 2.710876715066272443e-106 7.775944784340429716e-99 8.176111887378565975e-92 3.050444500572062817e-77 4.276451789285718516e-70 2.141210839031409414e-65 4.341714114516184994e-61 1.500620369981993986e-53 2.701636805145541420e-46 1.430723057607683224e-41 3.566317215712366642e-36 9.278814599854736630e-35 6.262960889419193032e-29 2.498161186976950453e-25 2.916216614275876853e-22 9.527326813670132156e-20 1.480346536017668074e-18 8.934983955702820603e-16 2.164502622114022320e-14 6.713237555362759715e-13 2.399613235597338746e-11 4.185622515531650282e-10 2.215042439733260667e-09 8.222161015261813976e-09 7.563939939408807214e-08 8.160811329880045243e-08 1.780864918480332717e-07 2.989450386730666868e-07 8.081186730802315067e-07 3.666170528329121397e-06 7.761656521222959916e-07 6.575411517213630529e-07 2.665327917417625326e-07 3.501120506614480563e-07 4.202943818948324694e-07 1.619726628028547349e-07 1.556390254728020779e-08 1.611052221194791566e-09 4.458698826502402312e-09 1.791656915829721715e-10 2.089502036868132136e-10 4.158418351623761018e-12 1.187070513934996403e-12 4.474909779666662851e-12 7.809087042689207214e-14 6.338727355223085170e-15 8.555398120139974183e-16 9.338495400744119305e-16 5.290721077125460879e-19 1.372718690575113708e-18 1.182531043998818321e-17 2.191908143625380465e-20 4.472851170438345394e-21 5.991889881358049977e-23 9.454776895453668009e-24 4.553196085872025449e-23 3.331049850019927386e-26 7.989745463135383909e-25 5.460703992020542241e-26 1.518474429330647443e-27 8.123111786705207837e-29 1.051809919064673460e-28 8.471346394041544407e-31 3.127652261936380823e-30 8.354082195574088640e-31
6.541569016254661696e-165 1.246666006524491849e-154 5.659331633387633265e-140 1.181380806622649288e-131 3.900673243650901642e-116 3.592777690371176656e-109 9.511677761219248575e-100 5.060004753938018595e-90 1.592865086157945234e-81 1.335336147698895541e-71 8.949097881911649698e-64 1.327819637117606803e-57 2.843432542206060511e-51 1.504756530767233305e-47 6.993338314672583620e-42 2.336392539451016824e-38 5.905496547177097660e-33 7.077691547179041238e-30 3.414650318192739604e-25 2.628014195381815833e-22 1.142059212259427200e-19 7.222766168400515805e-17 1.506333127105736385e-16 6.653626380551543235e-13 2.422075212974910903e-12 4.744942840246948429e-11 2.762045729660044892e-10 2.695147754072669913e-09 3.313665644311836821e-08 3.497122478621146313e-08 1.717897307528886283e-07 7.462790434945008577e-07 5.325416548162314351e-07 7.715931053513460138e-07 3.425628675978664635e-06 2.177036968539440904e-06 1.203491731227251070e-06 7.270976497988724944e-07 3.562987444135989661e-07 8.165545812994693826e-07 1.017072712403049701e-07 2.321468806627728035e-08 2.123558739724961027e-09 3.581947689791148755e-09 2.760523818057131365e-09 9.620766371186038881e-11 1.094814487095919634e-09 1.036400657508114329e-12 7.206341780785305226e-12 5.710514997974456195e-14 1.486801991674214702e-14 2.471377324562079868e-16 9.381387059478388669e-17 5.691071348825535469e-18 5.034585353521369994e-18 2.112237417654861688e-19 1.566242286089500822e-21 9.188100899434205990e-22 1.618596618270712146e-22 4.322125942114524900e-22 2.455519391704525601e-24 2.332756200103226171e-25 5.280375162069487497e-24 4.372194240997883543e-26 5.954637126755808232e-27 7.840027900473943425e-27 1.764530077750326463e-28 5.729587055906884342e-28 3.647747342179603623e-29 2.308444144028510748e-30
1.153859244873431402e-162 2.859519468725002419e-150 1.972124044540691331e-137 6.485446395517388267e-129 2.438125820808767574e-116 6.694993847631061647e-105 4.669562217563337098e-98 6.253534822030643052e-85 6.802644675765145009e-78 4.584254770820263123e-71 1.344101845030258357e-64 4.754971882951044811e-60 5.930838514916361860e-52 6.350927565227220123e-46 5.668406859048427251e-40 2.996201271419418425e-36 4.023391999886873508e-32 2.309392344617813384e-28 3.119426485002865083e-25 8.636678694781349890e-23 4.931245878890916104e-20 5.118824056177216566e-17 4.752534744861847452e-14 4.724025470336933106e-13 6.945025126399104069e-12 3.461263625582159392e-10 3.468053114057370051e-10 7.925654014195411782e-09 7.035716435669240193e-08 2.919895100068541165e-07 6.422738291809916837e-07 6.892768837193308830e-07 8.500481386960390942e-07 2.560327537264129136e-06 9.626743935641687077e-07 1.041331506766361772e-06 8.988213341603082572e-07 3.823467352181385595e-07 6.511074683303193296e-07 3.424457576785635600e-07 1.437976706267294142e-07 4.374348495182554617e-08 3.065590630564255788e-08 4.445169294654965314e-09 2.746207473957245566e-09 2.101703995250972391e-10 1.156057544334009525e-10 2.660926238926627478e-11 7.257411602919520831e-13 2.328670952232568708e-13 2.002392181684265389e-14 1.706668007843217944e-15 1.225503732035076864e-17 3.536165956416188088e-17 2.844337347104331106e-18 1.304560465915953706e-19 6.586494132482453628e-20 9.399234425046947425e-21 1.562736955314902652e-22 3.070950821580832869e-22 2.419298102523575150e-23 3.396166981948707263e-23 3.709203028934743600e-25 3.568019656345901671e-25 1.948590066546217436e-25 3.199845119051597360e-28 1.814175898665819117e-27 9.716887267172576111e-29 7.448116097465936449e-30 4.088256186698189559e-30
2.903251735512481891e-164 2.680395470768838236e-149 3.900723076477653631e-137 3.987484664110322757e-124 5.084140333995081259e-118 3.098846819459324573e-107 1.512302942984389513e-91 5.368645282251959024e-85 7.286120697392750489e-79 2.108792655262829496e-66 2.507438557334001255e-64 5.442379677157365638e-56 4.599653887403527670e-52 4.932939838445917677e-44 1.605382989132826942e-39 7.124718593937778814e-36 1.790826318661476221e-32 1.556769114187538294e-27 2.456930923151146512e-24 1.319128777294329412e-22 3.941168378964690208e-19 1.976999080522355831e-15 1.186483973055827586e-14 2.016474880241264987e-13 1.410363406762864145e-11 6.079168049901994769e-11 3.705850227879437268e-09 8.127049872967274300e-09 3.878283527673247415e-08 2.981405109486802811e-07 6.126685881542975924e-07 1.811615049812497302e-06 1.407415191441180510e-06 1.884905622867862344e-06 1.716470944965750385e-06 3.890839156513990002e-06 4.021471927833897027e-06 1.026423783577419833e-06 1.860507860380478248e-06 3.568148659658376255e-07 1.387187476382796078e-07 8.221101578566698079e-08 2.010486760953673851e-08 1.218744798834430461e-08 7.981565289891265953e-09 1.135206064239661990e-09 1.284843569030698190e-10 2.099135389970922950e-11 1.603050614748474885e-12 9.346941305343789511e-14 1.782791152200555139e-14 8.682292818211031894e-15 1.630918468659340716e-15 3.006953577362607180e-16 5.232805543703474402e-17 6.740099892708467586e-19 9.479074812788280854e-20 3.470733335862400998e-19 1.816765100930646014e-21 2.658386049882177544e-22 1.847234240966127338e-23 1.118027430122700617e-23 2.942729108858379547e-24 9.549250541918684830e-25 4.180846351150484948e-26 4.370027449697067218e-27 1.826551675580920263e-27 3.154904955447553041e-27 2.521634529287200969e-29 2.305785217059762141e-29
3.951112527833335719e-161 4.845665029407154197e-148 1.688968569404873211e-136 4.224929277730598622e-121 2.308103148663513736e-117 4.079573173001753802e-104 6.272888107955416613e-95 9.113632202301147459e-88 2.422556726945163796e-77 5.997326236737617101e-71 8.829748017081427679e-62 1.563367200348917460e-55 4.986507176425307191e-50 3.346906495532742916e-46 3.144993293940619460e-39 2.153954088591136697e-33 9.824021991519716259e-30 7.172855397006875794e-27 6.345601788312193172e-24 9.889245634101433540e-21 1.101418279918575502e-18 8.301256221099846449e-17 3.654161340973665886e-14 3.614242889376368148e-13 9.219721644527832662e-12 1.405518141179173579e-10 2.032810260261452409e-09 1.211643438243803935e-08 1.378294169936637834e-07 1.177162371201809979e-07 1.177168371274772478e-06 2.506074033747375880e-06 2.213078393422493161e-06 4.684367568275817303e-06 3.740176205919512044e-06 2.722871554387981484e-06 2.259966349012778522e-06 1.329598863259082761e-06 3.901524401953622450e-06 5.551870733871220160e-07 7.669656052190522329e-07 2.386591854153444082e-07 6.685025210046282643e-08 2.204514362927816960e-08 2.479216610738338148e-09 8.949797945420142503e-10 3.998360914420335687e-10 6.470906759864299090e-11 8.335354160372124928e-13 1.294829596070515627e-13 5.779989287705139969e-14 3.416602526000847592e-13 2.479264028097420973e-15 3.621990468232511907e-16 9.384858748108389887e-17 3.150772308570636798e-18 1.231223418168586481e-18 6.505557958197065581e-21 6.517324134576722361e-21 7.913182031091381143e-20 7.443313614215144481e-23 1.268640289639602015e-23 7.038547262509780184e-24 4.153620659467669777e-24 6.624793469129125740e-26 1.100804863959224878e-26 2.668104526294187651e-27 2.885969485142393572e-27 9.041387148314564172e-29 3.631870533552085863e-30
1.281169832019087923e-156 3.451929941638695498e-146 7.669712557564859709e-133 4.776253095602586145e-123 3.788723489634711138e-113 9.561585618597191397e-102 1.941480703134652161e-91 1.297138777401079959e-87 5.489901069926808439e-74 7.968935993138408674e-70 2.733622873696006295e-62 1.908849514543408976e-56 1.052797249011794722e-47 1.416451042389706088e-42 6.866604912504456334e-40 2.922983879343391324e-32 3.316153877753060611e-31 7.159586150897984620e-27 4.148786011371779358e-23 1.187339190808428002e-19 1.593111371419733263e-18 9.125879892987283636e-16 1.064758107484376795e-13 2.744199702522904390e-13 7.928477055393659045e-11 4.162677163662292021e-10 8.676965824406008204e-09 1.855151153503751232e-08 1.974154616294399001e-07 9.817546655339109605e-07 1.559118874498015661e-06 1.739286807077671562e-06 4.762427302062171017e-06 5.821775890924108177e-06 3.017827988844695585e-06 1.783929528911820111e-06 2.240452854076675386e-06 2.561507186024261117e-06 1.650496422316889697e-06 1.409824065308666836e-06 4.483294427540118742e-07 6.058401159235693861e-07 1.472102474750468896e-07 3.166502472584611082e-08 1.078058137668354833e-08 1.832228010638416359e-09 3.437385962861959980e-10 1.079597166177894036e-10 2.583860179829087644e-12 8.179172108168636119e-12 2.234833641727461980e-13 1.007627803017573541e-13 2.487005111364464555e-15 1.986929585645631967e-15 3.467004502244292867e-17 9.257029324664345098e-17 3.699485175831705329e-18 2.787611530421935977e-20 1.265035268895494108e-19 1.121655688963341007e-21 1.917029419129444893e-21 1.322917913809958666e-22 1.046540920331682315e-23 1.643597069112783501e-24 2.701240239061559878e-24 6.762568807280450974e-26 1.028326177758892181e-25 3.379300021339770603e-26 3.151346407109104654e-27 1.931009945836903303e-27
6.512246296488897491e-162 2.453038328360593954e-137 2.131629701238215773e-131 1.491620565470765373e-118 1.549195858203192674e-114 9.142013609109689067e-102 5.713401894327997469e-91 8.697571187112835102e-85 9.895144857984142249e-77 1.954070943710638561e-68 7.870386902003520153e-61 3.308094069421095416e-55 4.099416417397480156e-50 3.190278779734463004e-45 3.832304707579541153e-37 7.310778659887296115e-34 1.062853595528890582e-29 2.006508078188571086e-26 1.674637511074336140e-22 1.748535306476577424e-19 5.916921291952253593e-18 2.144929855611676784e-15 4.529727002356442948e-14 1.524903028806208565e-11 3.401384078732301635e-10 1.358048342435724849e-09 1.864380593571961502e-08 6.210695902364252759e-08 1.499453394470431008e-07 1.381507792775446935e-06 2.556231066145657496e-06 5.010565727662383806e-06 7.178613634319923799e-06 6.602779796679983329e-06 5.119138252375025628e-06 6.832384914051341338e-06 4.294985978890841619e-06 4.982674617501045711e-06 9.746075081976781753e-06 2.376581925165574412e-06 8.700871209451386454e-07 4.202179134885909841e-07 4.978984879533795706e-07 6.615082714974278807e-08 4.621219964910397357e-09 5.472352937786685429e-10 9.834694906462012692e-10 4.948693106276589702e-11 5.636601280161701578e-11 7.608007004376507504e-12 1.813733585702684343e-13 1.266495641128351785e-13 1.607969644510002441e-15 2.617024758327256348e-15 8.601438881619089284e-16 1.189709952155903920e-17 1.894728932222570665e-18 1.102304749425188916e-19 7.035782028887060724e-20 6.299739455705856170e-21 1.546802254462194131e-21 4.005918771009973177e-22 1.210966733438181387e-22 6.517455220836927833e-24 2.544531922472205939e-24 1.778231325388225526e-24 1.932106932784944486e-25 1.230594855392773173e-23 1.115527511700127864e-26 8.785216566749064238e-28
5.133421782679215814e-152 1.894076185957315982e-150 2.080549023589392547e-133 2.709619151177683167e-122 1.321321063580887355e-109 1.102112796161680356e-101 7.727488762914915612e-89 3.656833875519530618e-85 7.303103068989668353e-71 3.985668934817654070e-68 7.039193702853154602e-62 5.409779653225314442e-52 3.112380976708871050e-49 1.518793320646653473e-42 6.593444081708631094e-40 2.448160098330730969e-32 3.844625544849835082e-30 3.094602844497712238e-26 6.781619660129672457e-23 1.605545371360448027e-20 3.334426674421758435e-17 2.991290169242520088e-15 1.924587166081684892e-13 1.296000036480896595e-11 1.078500148749386660e-09 1.901853175881401249e-09 1.268666246141177263e-08 6.820302805494718709e-08 3.007537778974359399e-07 7.519164787826691451e-07 2.548294903855509267e-06 1.229330586474577332e-05 1.186578766800876310e-05 1.335932824924120070e-05 1.054496225520860879e-05 8.664656792532729715e-06 9.010026478903794997e-06 7.199209084218277805e-06 9.161438044426800854e-06 1.758756672642569946e-06 1.650827358960636230e-06 2.971383573088630417e-07 8.930386677789459145e-08 8.011949911888421731e-07 4.427809684623255935e-08 3.320420025959228421e-09 8.502986476312117038e-10 3.771638610325887889e-10 4.836273195671565144e-10 5.676055645790062922e-12 1.050240857516004840e-12 8.987562968441006917e-14 1.505445123951219019e-14 1.876254665532344260e-14 9.924742446327286307e-17 3.347859503730263413e-16 1.284674589834832232e-17 4.908666534102338977e-19 4.019163367764315314e-19 3.191436094848770644e-19 7.816071441876849698e-22 1.536503926178569110e-22 4.872923287700067522e-22 3.150683585904300282e-24 1.885596704961715803e-24 1.268284977195723391e-25 3.580159947055631530e-25 5.731737851636749118e-25 2.349224444088029060e-26 1.396655282719865207e-27
3.848626003393696402e-156 2.066442426186726463e-142 1.018958069116106314e-129 1.069497636002567424e-121 4.157154601332476588e-109 3.692934626757863932e-98 1.356878914650880863e-91 1.493694780359330536e-82 7.311538032543448871e-77 7.183688090555451757e-66 7.288828400166244302e-61 2.035931591247087673e-52 2.676054171790977077e-47 1.462210396770205504e-42 1.437351572163855556e-39 1.040512378228938664e-32 6.443623321387252554e-30 1.068319945203113526e-24 1.087214248513450275e-19 2.179849290974892363e-19 3.211594997423413317e-16 1.013704717433460118e-14 5.892280733868549311e-13 1.329670312610535510e-11 2.554614436730232545e-10 4.222834672033200749e-09 3.126932986926962935e-08 3.868653580523010736e-07 1.214205236226898416e-06 8.090058634912116554e-07 5.616580107972192742e-06 1.228911762014582833e-05 7.526460717667975660e-06 2.482847632314640556e-05 2.465406479064521841e-05 3.401258352672197700e-05 2.485341382802277725e-05 3.363264449485413142e-05 1.666429695524514142e-05 1.335756964109064111e-05 7.437357420137820154e-06 2.895525610616088142e-06 2.627464763526011500e-07 2.399835017705704922e-07 1.572784212508412956e-07 7.797088654923512916e-08 2.250418474985557943e-09 1.581057048934043993e-09 1.976484788214716422e-10 6.722003068425081383e-11 1.954517276845143323e-11 5.503670421921271077e-13 4.123857244091868950e-14 2.594274672665488617e-15 3.196498737853311083e-15 2.958017686234954761e-16 6.680502451378374776e-17 6.007535834827076032e-19 7.524977918203358415e-19 2.009337444957229046e-19 1.154577058661533035e-20 2.389478066506917903e-20 1.835689245006421424e-22 2.619934036594091079e-22 1.162736730778362996e-22 3.336399333695278597e-23 7.986099726002525471e-25 4.198430173684633182e-25 1.562819262530179509e-25 9.114234393609701128e-27
1.130212972066755216e-155 2.060048604856624521e-145 4.604098405252725387e-132 1.987788571261016009e-122 1.954333500837144797e-109 1.570831609101529709e-98 1.357957726492104265e-89 1.408008789274798098e-79 1.563434399831145165e-72 2.559431013173645674e-64 1.895365952784300007e-58 1.700414042007532655e-51 7.831115155953884323e-46 1.913667006281443960e-42 2.044720470603357068e-35 2.025617906004905558e-31 2.790080605891035869e-28 3.865307449634429144e-25 3.665867759240623884e-21 1.791104597279513824e-17 2.916707631943797990e-16 1.604884485890780136e-13 8.774296575171231966e-13 3.617003508312443027e-11 7.869717981051315426e-10 1.848779626502832846e-08 3.302836808046001157e-08 4.356562894048099194e-07 7.036030932825134637e-07 4.679248951369049113e-06 1.187839479098091287e-05 1.558772535009314537e-05 3.170185160624328785e-05 6.238473549961756767e-05 7.504535369407444633e-05 6.591535348806437601e-05 6.554209237878192806e-05 4.642866624477957758e-05 7.535811214542305369e-05 4.811010176558255867e-05 2.040965132216305029e-05 6.778881922416617259e-06 6.917265632536559464e-06 4.549691583579565668e-07 6.362145655243420280e-07 1.133810018308896794e-06 2.696477631892262811e-07 1.007204791331898215e-08 5.418159071352536902e-10 5.310659158782368552e-09 1.007105321643321859e-11 7.784377771833689056e-12 3.690698868222453012e-12 6.232098686290512423e-14 1.626366035579881154e-13 2.910297247258690684e-15 2.000897010355508429e-15 1.734971567067919319e-16 2.530637665082364106e-17 4.013254663215869412e-17 1.108195796036014987e-17 5.170146530013219593e-18 5.080245612584362234e-20 7.639265491890095001e-19 1.330696746671083505e-21 4.725427253179933321e-21 2.502121716276644530e-22 6.171613216616413932e-22 3.045445598417769112e-22 3.815817658579959294e-23
1.907397030422848625e-147 3.382053344634385710e-140 3.345522935601255262e-130 1.101428531049150612e-120 1.058431130741133500e-109 1.775668909696823030e-101 9.248063637639488583e-88 3.969046079676131895e-78 8.027279016823846707e-71 3.098508160653881549e-64 2.763293497037854117e-56 2.357492539998834227e-50 2.176686037487319258e-45 5.469261414077750907e-39 1.320687408933155465e-35 2.134156714494947300e-30 4.166328203492850239e-25 2.864128257213312675e-22 1.804787020547923699e-20 4.051831184004719311e-17 5.362428376101705337e-16 1.092872259729571554e-13 2.480640220533044098e-12 1.703370285258846951e-10 5.285586021112678069e-09 1.331475486924815790e-08 3.398377653251712335e-07 2.351033930414677756e-06 5.548610406305869913e-06 3.867135507887526827e-05 5.837357566532847404e-05 4.641587255045787329e-05 1.460375316430104426e-04 2.400932615030029879e-04 3.085290218103968452e-04 2.872315737814222112e-04 4.936664570428308000e-04 2.674758682837174236e-04 2.827205572606464584e-04 1.151609005291719318e-04 2.997861757416132845e-04 1.205148877050958919e-04 1.121857136787829249e-04 3.449103133841663576e-05 1.802970837726708192e-05 8.702512199307714364e-06 8.198986008402497818e-07 3.768385172171607704e-07 2.926861246002531184e-08 2.632294433958754788e-08 7.435286404918905163e-09 4.302707005732528320e-10 5.359264394717752605e-11 2.447157627737183710e-11 2.220675929088857625e-13 3.343704045413991732e-13 4.121341743398857572e-14 1.341223939423674681e-14 2.198252856517535405e-14 5.761404882120664213e-16 1.785708652093982735e-16 7.302003536118661643e-17 1.754062210508628640e-18 3.039038612623602074e-19 9.743168920485527076e-19 9.013857005438622830e-19 3.364942359025157179e-21 5.208302059536065551e-21 2.392782596571860917e-20 1.827229385688297751e-22
2.921959084584452737e-154 5.793084245786081084e-136 6.543388085965946336e-131 2.574754026904467263e-121 6.224081957654103069e-106 3.763955588036735757e-98 1.594047799919702809e-86 1.583990508629071698e-78 1.811596427822520319e-69 1.979267759575372302e-63 1.205989991566321465e-54 1.103950661903189842e-47 2.461960011898843188e-45 2.409856726489035596e-39 1.812244803490732380e-35 5.287217640119768968e-29 3.190429738358319381e-26 7.061667878157919105e-23 3.063604957945808492e-21 3.363109865383408078e-17 2.752455061814473033e-16 2.547065028937983063e-13 2.196749529214477096e-11 2.278698085006787275e-10 1.001102848302627229e-08 4.864622225183239350e-08 2.027928724513232197e-06 1.175958806292265449e-05 5.145423794830907244e-05 2.229630658451436139e-04 4.517423204454540115e-04 5.776697001075411153e-04 7.024693781922739921e-04 7.936248662799340065e-04 1.011424009495351037e-03 9.456182003518188604e-04 1.205475845725746068e-03 9.280131083920999764e-04 9.272273392773626921e-04 1.100229893587964134e-03 6.699704465928802821e-04 6.450114447550596257e-04 3.246453077479118229e-04 3.736303261782792772e-04 1.270994357597590436e-04 1.851807611488999971e-04 6.918137029048317230e-05 6.924517157952123292e-06 6.359349991552076605e-06 1.371554453995645066e-06 3.610347302728905666e-08 1.649968959921840283e-08 2.748380558815703749e-08 2.068514004321720458e-09 8.210099031879476807e-10 5.002850073021328516e-12 6.802563521356967397e-12 5.129920014340727504e-13 1.660088324728625679e-12 1.256471508519516986e-13 8.009328694481569058e-15 9.383920674683529200e-14 2.980839640740702527e-16 3.226887145877651127e-16 1.409659181151740250e-17 5.677280048998485397e-18 2.705099275721697916e-17 3.742237450851315716e-18 7.012318484823398619e-19 4.854667981005601108e-20
2.055916603514882769e-152 1.709056417862053368e-138 2.362898223191877070e-126 4.025225898320467197e-113 2.165690055376039379e-105 1.118701757235677269e-87 5.890015472344792078e-83 2.445923274945524139e-78 3.691989604007873626e-68 1.169163432689417585e-60 3.045883415333133553e-54 8.584584086721997283e-49 1.594562017615761136e-43 1.185758210338332872e-37 2.612407064475343710e-33 1.201529697042470353e-29 2.792209743325202764e-26 3.127008386431335679e-24 2.344438001830344748e-19 2.395375495582137497e-17 3.089054287387099717e-14 1.314124780793857746e-12 1.448472383477342874e-10 3.097544660775337351e-08 2.424539616068376166e-07 1.990716230932646442e-06 5.381451622464162313e-05 1.272674198716323350e-04 5.684900918560820398e-04 8.645362233905386565e-04 1.012648901446312885e-03 1.333123711960052188e-03 1.665310918223951442e-03 1.722842199845892259e-03 1.915846768763369064e-03 1.738030463975847760e-03 1.805969220342684570e-03 2.215781876383113216e-03 1.840500429642475799e-03 1.615255055203353943e-03 1.595534707366898361e-03 1.543099024519158004e-03 1.367251329864746295e-03 1.257018319119559708e-03 8.936208379784066347e-04 5.956821340563052750e-04 5.652413132331166002e-04 2.210705520006715405e-04 1.667190716545425297e-04 5.890517311042296826e-05 2.680393159197759891e-05 4.804347565967687244e-06 4.082787325571797615e-07 1.441345833456274888e-07 5.718155176981833161e-08 3.660255242928869518e-08 1.197171590286980142e-09 9.275361390399777526e-10 1.380100017367061990e-10 1.474169716797369691e-12 2.489598574217399696e-12 1.878921780538382238e-13 1.343686682472511760e-12 1.274820953309975144e-13 8.174689275727851854e-13 3.906077905570576449e-14 6.771216954045785335e-15 1.446355308493587424e-15 3.907040369458514744e-16 1.220893811845811366e-16
1.702876578324271263e-151 2.831284752636013267e-141 3.667274532599992263e-119 2.901059698304436360e-115 5.362259979756998384e-105 7.191525620788365384e-93 2.991065494942572140e-83 5.444223359592546433e-77 3.546385699546210383e-66 5.069524073310411338e-61 4.763748863734547867e-55 8.702354833542655480e-49 1.976828923266897519e-42 5.364843950239447246e-37 1.456709773968658740e-33 1.667734263010971272e-29 1.732898505990357028e-24 1.265807599764184001e-22 2.654239891890278969e-18 2.843085032316153524e-15 4.908059940326720263e-13 1.386573587576601170e-10 4.209572139775825029e-08 1.567365163962979173e-07 3.096236994514977230e-06 7.312688512155958724e-05 5.242897154441539470e-04 1.001855386265724547e-03 1.351411149833350650e-03 1.774809603238524259e-03 2.109440378445875085e-03 2.304111044814710282e-03 2.387485407077482788e-03 2.313040194015704258e-03 2.404439282599595169e-03 2.697222914181782345e-03 2.602260531184598380e-03 2.540695831205797266e-03 2.701861019646477000e-03 2.608913306948600682e-03 2.403287596038369313e-03 2.325504472869977489e-03 2.136976923168901633e-03 1.945734573791418204e-03 1.747188599026675915e-03 1.543099960611170720e-03 1.299198590185704884e-03 1.374539088188786061e-03 1.110849212217749791e-03 8.104406111594490572e-04 4.623632997715620974e-04 2.524759264589402155e-04 1.085247936820075466e-04 1.510405972388792462e-04 1.723580087725786299e-05 2.987753080910477891e-06 1.039676142962203842e-06 4.580401021983505954e-07 1.335464825103696687e-07 2.265367384162642451e-07 1.328350932498886900e-08 4.713079594602430919e-09 3.850325887222593000e-10 3.973140049034925286e-10 1.309232776982052384e-10 7.074424189590297661e-11 1.143963963139697019e-10 1.354807371460821213e-11 8.148093809859344891e-13 1.540204745384337287e-13
4.056338887637985132e-146 1.200927017602931509e-133 8.045967002930390606e-123 2.000366788499747625e-113 1.811573892596258598e-104 4.224745278003282857e-93 2.687203346473035753e-82 6.067292949105078754e-76 2.068679648699867373e-64 2.313899097571063370e-60 8.072255557342712049e-52 2.861338298969690213e-46 1.613172166113784217e-40 2.714186063506421303e-37 1.487460317994459360e-30 4.350472305996805135e-28 2.921175072108493326e-23 1.193507013796014431e-20 6.190613709071145029e-16 5.461541692091064784e-13 3.276894640542938047e-11 2.643043390075862399e-08 1.724406899656776743e-06 5.174741639237913831e-05 4.073278032579237431e-04 8.382646874940685331e-04 1.411604295349791829e-03 1.835158847533823650e-03 2.152552747566666841e-03 2.397502048958675795e-03 2.699274410202098622e-03 2.855942000029666143e-03 2.934975994986203061e-03 3.058925462567346504e-03 3.165786447562455273e-03 3.206876920988662935e-03 3.072311496427232967e-03 3.189535404947593106e-03 3.202165676741607504e-03 3.182945745652157165e-03 2.814337452376906856e-03 2.891355871895203572e-03 2.709553659009448535e-03 2.609516418714668932e-03 2.430760107732068184e-03 2.131094043558652389e-03 2.165692501814815273e-03 1.961404654861770205e-03 1.872016870998454135e-03 1.799758995199895410e-03 1.427606021095454694e-03 1.089448911146118429e-03 9.332338448647690748e-04 1.019781787528471241e-03 7.677552969826341878e-04 3.892349061643411755e-04 3.263014238517724513e-04 1.238697122624351783e-04 6.753642399351382660e-05 4.108039619337429773e-05 1.069435906387804610e-05 4.268175230307374065e-06 2.179204259038884447e-06 2.051493853869625231e-06 7.967133273064766807e-08 5.506671910228105657e-07 3.637883107654976230e-08 8.887531827682214179e-09 4.871974084121050102e-08 2.677035729433515589e-09
5.826512477492870915e-146 1.179330336024101846e-134 2.363690722827327628e-120 1.323076311560280617e-113 2.666285643470428120e-101 2.110120712686439794e-90 9.840045651804049383e-84 3.903752839919965454e-74 2.013303592569907631e-66 2.056694764866834365e-58 1.147557044585030502e-53 8.287880066743151709e-46 4.326231448379206631e-40 4.411891729495240142e-34 6.057616434187346244e-30 3.610307550471539420e-25 3.775776126172669923e-19 4.545994061849631783e-18 5.094517340368093540e-13 7.024338068504370647e-11 8.798788511143064502e-09 2.130446037439766794e-06 1.257242802240086477e-04 6.361811406255673835e-04 1.586782929043522141e-03 2.292371427780451332e-03 2.570836448029596016e-03 2.641759780364846561e-03 3.002655052917174890e-03 3.346036750344935206e-03 3.323972206466902293e-03 3.462094781555084735e-03 3.502322940320935253e-03 3.484414953783880348e-03 3.505454742536443218e-03 3.570687662836706869e-03 3.820449089987190943e-03 3.674451663737964349e-03 3.860595031586176035e-03 3.484810886826803910e-03 3.357509599382223382e-03 3.381971569890017230e-03 3.423350060271378517e-03 3.051979554879727038e-03 3.106836185079945700e-03 3.009380879234796382e-03 2.444216993805575951e-03 2.651894150390850073e-03 2.189254221263096673e-03 2.111628386565014750e-03 2.005956553315393215e-03 2.122740872375750328e-03 1.660317977719380847e-03 1.843956886735823768e-03 1.353894720654790201e-03 1.224407133074838314e-03 9.972674680331550159e-04 7.651647027725293334e-04 1.029053597576624077e-03 5.567713142635154515e-04 5.835974113270924390e-04 4.442097726712209392e-04 5.543753042264865224e-04 3.231543023730199362e-04 4.942415363224524592e-04 1.403126638588855009e-04 5.528685726049015973e-05 7.533327758461472320e-05 1.613839054656934479e-05 3.656032112721996482e-05
2.159434312478890920e-145 7.918900846804075095e-135 3.132303321751408395e-117 9.405714345372516048e-109 3.801786629016291580e-101 1.886905772218874972e-91 1.063466523447413820e-75 3.459229789021472131e-74 1.197885529757677258e-62 3.445772461323824646e-54 6.830286254574047177e-50 1.212421477244522059e-43 2.875149488570006307e-36 6.447871159655412071e-31 6.916885827129438525e-27 4.502887342960507878e-21 4.084622214666241294e-19 8.040427705111643537e-15 3.497708782851667589e-12 3.971673754781952786e-08 1.081402141581373312e-05 3.108755678775866507e-04 1.432973204773465258e-03 1.909529787341879715e-03 2.474563993847329890e-03 2.808049706671160353e-03 3.015320028287381705e-03 3.084177658428233822e-03 3.497072264884158819e-03 3.700398206066032435e-03 4.077798793210153476e-03 4.124783392336697774e-03 4.156120185527852756e-03 4.273799841001387455e-03 4.357883693112997447e-03 4.368174170963189627e-03 4.229423898923770873e-03 4.279521175015935444e-03 4.370681524841927255e-03 4.174511675846100979e-03 4.218986878562876186e-03 4.348340281114849298e-03 4.123708947008759840e-03 3.774120287533832847e-03 3.839492747487056531e-03 3.488363949265993469e-03 3.289807112512413943e-03 2.999900545063432546e-03 3.288424719498882643e-03 2.915293112068451098e-03 2.643706327886974523e-03 2.564930279163552072e-03 2.374756846645116864e-03 2.083058485515188428e-03 1.972113339415897896e-03 1.812150501230726414e-03 2.042766311593216619e-03 1.971986159417973405e-03 1.644929631041869636e-03 1.506571185517957719e-03 1.305838217627174449e-03 1.359484309435223101e-03 1.374375732388585488e-03 1.475994297090658935e-03 1.025326748899632210e-03 1.008210323729935272e-03 1.004731081899943451e-03 9.624457438641812216e-04 8.375155550595406954e-04 9.968025220057255120e-04
2.456766502361659467e-138 2.737304956288434905e-132 3.993931542689916050e-115 9.502273181371503253e-111 1.454813611200646588e-98 3.368305950704519399e-88 3.320073517501980916e-81 1.078861924322958227e-71 2.203389001340274854e-61 1.805728370241503173e-52 2.270155820747639365e-45 2.247389181293405100e-39 1.266733134152916662e-32 1.389652835221916204e-28 2.980837360578012501e-23 1.552441842787951168e-17 6.760044711504815476e-14 1.834694401803252126e-11 4.833889942808713538e-07 6.707590021315422771e-05 8.628864212124914184e-04 1.397379152192031355e-03 2.628777526281994223e-03 2.990140100181376288e-03 3.063849393979458432e-03 3.510805251138593951e-03 3.686044259662465874e-03 3.821044452034922084e-03 4.304773149327105822e-03 4.485487078748178792e-03 4.447690420449713911e-03 4.617975977585549695e-03 4.831334144823708210e-03 4.944662876350874522e-03 5.093823476983528990e-03 5.132414673591565411e-03 4.928499835174463689e-03 5.003522342470812824e-03 5.092329009376077645e-03 5.195014033211904116e-03 5.236228360627571098e-03 4.700125123369452984e-03 4.817132669821142139e-03 4.880835970103193991e-03 4.650502051181767960e-03 4.281693091920030225e-03 4.066965076765667250e-03 3.926454442810783062e-03 3.685061927317247188e-03 3.839958601987474712e-03 3.358762711706335738e-03 3.482035675447381698e-03 3.026146291933972613e-03 2.776559165426270830e-03 2.731135841776664418e-03 2.796235458757421587e-03 2.295246797471623378e-03 2.628671180433696589e-03 2.033198426144422651e-03 2.024201782460107336e-03 2.331572858345202278e-03 2.014924730650797212e-03 1.776179620262738216e-03 1.906785256860119579e-03 1.548608673365932603e-03 1.747935985153476314e-03 1.566717224038755019e-03 1.836287931488351111e-03 1.645201177170341113e-03 1.551698519286474074e-03
1.096429315663631764e-142 8.450531239149932744e-129 3.037117542841612037e-120 1.115770054438368716e-108 1.396307724569433057e-97 2.425483746572362915e-84 1.810356769510094921e-74 1.156198043803298447e-64 1.594042862002363333e-56 7.087549429671498199e-49 5.259848391284037840e-44 2.067784425097291123e-36 1.107330112533654581e-27 8.965844741049774882e-24 4.398318696950059407e-19 3.597704843207711160e-15 3.201344993140970769e-10 1.492853103859449561e-06 9.736208892812418987e-05 1.333644452860672505e-03 2.265779435245533942e-03 2.872492669690304441e-03 3.321810716129518660e-03 3.612720535383421444e-03 3.724598763923568038e-03 4.087708059684976372e-03 4.284439522663696306e-03 4.540624903506353983e-03 4.706125619057126980e-03 4.860424836896782251e-03 5.198728995074654302e-03 5.394297829532444626e-03 5.308714397307091708e-03 5.650083845027176893e-03 5.697435103658140924e-03 5.882723641036135924e-03 5.936940195240847720e-03 6.054963341264296348e-03 6.236163116497862001e-03 6.159272993739323826e-03 6.122630095019856132e-03 6.098485324301788392e-03 6.073514203571613902e-03 6.320938360847990281e-03 6.450032043902783827e-03 6.066357780921585729e-03 5.388900599319029587e-03 4.687371201828684046e-03 5.350358918837991307e-03 4.916703978237137694e-03 4.380897650593421934e-03 4.701491493945342444e-03 4.087957227364279883e-03 3.808195611650310158e-03 4.041514675641277692e-03 3.547907095106294685e-03 3.262876657830076060e-03 3.039148439049065963e-03 3.016406670598291428e-03 3.088719334377258707e-03 3.117995290142825705e-03 2.774110681221065439e-03 2.527482319776962454e-03 2.586412156249874757e-03 2.724555978652061332e-03 2.474679767877384102e-03 2.379904301200865858e-03 2.482411568638082707e-03 2.461226044944979981e-03 2.377307852419028103e-03
9.412937700469100297e-136 2.231396121945261103e-125 9.125685140305355556e-116 2.107507464526683973e-100 1.171616648773077778e-89 1.153201985509131578e-77 7.495269103350094654e-69 4.925292604093668308e-59 6.515235522465476213e-50 1.701339062496505389e-44 4.263499348868984256e-39 8.218088272236316769e-33 8.009332326628100363e-24 3.481811642411341292e-18 3.411161653823076814e-15 1.054492391545036529e-10 2.728946228416776437e-06 6.212388118120943043e-04 1.790834757279219846e-03 2.621612026873998847e-03 3.075084225722808130e-03 3.572382922574620680e-03 3.900468043824547107e-03 4.260594544991893121e-03 4.238626413457500554e-03 4.789470277167882060e-03 4.882333170863676491e-03 5.359900599434989400e-03 5.382135007390632941e-03 5.614935019253569810e-03 5.876156817283869488e-03 5.992217813938478452e-03 6.358208722282854795e-03 6.501274594486787517e-03 6.580992753900364797e-03 6.797371428004191085e-03 6.752130472722302559e-03 7.022664118364134976e-03 7.202792439922956098e-03 6.980788600151070257e-03 7.405303421961531921e-03 7.483392690051099763e-03 7.768503973680472574e-03 8.091807760931045077e-03 7.373908540509410865e-03 7.331156678974151339e-03 7.663229820694625674e-03 7.610421803307164737e-03 7.573372274685886106e-03 6.649851400818589282e-03 6.784147278602012041e-03 7.263934188941965041e-03 5.515136231737265138e-03 5.664209396361355973e-03 5.628280190552783016e-03 5.073852829858793885e-03 5.415709355645140395e-03 4.787733561029725027e-03 4.333857305389030891e-03 4.685396891609622597e-03 4.939455408430989264e-03 4.157542995358347142e-03 4.459468107328567327e-03 3.917796758894293192e-03 3.389185387866649676e-03 3.477310372824153444e-03 3.309478355323048140e-03 3.385853316974641713e-03 3.326653770208825699e-03 3.421598214230435996e-03
3.348632336071836704e-137 3.754307034497612721e-118 1.801438435739116540e-105 6.738698781285719713e-96 3.672457801651969219e-82 1.347487143206277226e-73 3.006839631124312029e-63 1.225481497135164522e-55 2.086418123605979933e-46 1.826386500796561054e-41 3.214015460300726854e-30 1.485474778425108216e-24 3.214863321979340308e-20 4.625118451421212741e-14 1.701298042745579072e-08 7.202889850464723953e-05 1.107659408825556078e-03 1.900344839850232753e-03 3.223829595046486148e-03 3.562291789384409817e-03 3.701601073205243626e-03 4.258446416915751855e-03 4.461290698739731574e-03 4.884829062253258358e-03 4.899267739134746148e-03 5.458023558734183267e-03 5.763112603511261721e-03 5.927911829637201938e-03 6.137945028174623778e-03 6.516107859721463440e-03 6.318743338071446634e-03 6.865804357558919629e-03 6.929158621798750008e-03 7.169441908167982144e-03 7.491565323199157918e-03 7.795534901585488355e-03 7.961812192160366147e-03 8.044781907289227235e-03 8.431521401571382898e-03 8.554394483145072448e-03 8.976815422284029761e-03 9.255944413925229486e-03 9.339691510218276274e-03 9.554260812869114217e-03 1.021220847247087012e-02 9.825456684598830523e-03 9.744336329732273747e-03 9.691090253340381086e-03 9.930291089906567378e-03 9.822452630614984456e-03 9.943468472647959411e-03 9.555265242343197879e-03 8.749571215510983449e-03 9.462135460851516661e-03 8.604061870674160895e-03 9.206211422344456885e-03 8.366608928713740664e-03 8.089249703718593559e-03 7.079523186176495120e-03 6.516577542033711277e-03 6.932907126927891246e-03 6.259833516702770217e-03 7.550809652076208474e-03 5.582491076341450711e-03 6.596515940285823873e-03 6.705327678081720623e-03 6.646286836434691855e-03 5.762648679516587519e-03 6.192924842633685742e-03 6.138070337017386899e-03
1.555115438014675694e-130 1.199302025197329267e-116 5.869564432028622798e-102 1.684239780429452505e-91 3.340493828299613024e-77 2.887563445586951243e-70 2.470414031221582167e-61 6.424327265291347494e-51 2.498968988905882177e-42 2.526723893533503918e-33 7.915883461624314508e-27 4.626345549019257261e-20 7.437821463347547391e-15 1.717754042354439822e-08 3.289635646036081031e-04 1.565125670818561833e-03 2.850889143071459741e-03 3.619364578126923419e-03 3.982945367637834126e-03 4.445477632545577311e-03 4.624502506218765643e-03 4.920678130683168658e-03 5.037090721979736556e-03 5.573536996716190947e-03 5.859604844081619732e-03 6.253102333858685455e-03 6.484214528482129015e-03 6.634871220953767953e-03 7.078636246129134564e-03 7.447210100076612042e-03 7.514334105827535221e-03 7.860302830503384380e-03 7.811516184099773739e-03 7.940418749868788026e-03 8.464573294881221413e-03 8.816899232473113246e-03 8.939189879179926940e-03 9.129148214724144839e-03 9.602664009584281624e-03 1.030105682690434475e-02 1.015536822521881898e-02 1.065682124592202268e-02 1.096456634003722952e-02 1.096138221671215038e-02 1.210132458785586479e-02 1.222410251704500808e-02 1.245906640761225252e-02 1.276651117753971679e-02 1.314227106798927791e-02 1.324658364981237159e-02 1.371056293905319537e-02 1.268980107281907251e-02 1.417779379414723165e-02 1.312459780730428245e-02 1.303259858993804921e-02 1.236583232150429215e-02 1.279384541436181556e-02 1.342036220100916930e-02 1.254709936290145447e-02 1.314564035841675818e-02 1.412710711223442300e-02 1.336930614448615488e-02 1.259244054775842878e-02 1.440807173643732578e-02 1.245840044098967501e-02 1.167640213630680331e-02 1.086773737608677341e-02 1.233277134182864630e-02 1.123786127348463948e-02 1.147296402253315806e-02
2.408566560788106143e-122 1.434155377046100728e-109 5.172102062062360865e-97 1.324910190898381013e-80 3.260420858024275553e-71 4.678798654347848446e-62 1.681772345322863548e-52 4.527815887520098747e-42 9.454857003737704059e-35 1.640674341865670879e-28 3.409038643006236306e-20 9.474728510665082683e-13 6.541070381656811541e-07 7.584691195223473197e-04 2.296525929822213798e-03 3.381075395052722185e-03 3.965024219286942923e-03 4.390778084841341980e-03 4.737733583768192688e-03 5.345624785239950529e-03 5.555793087607629327e-03 5.782731610740951024e-03 5.920906931353285378e-03 6.384451145924455000e-03 6.607213731956167353e-03 6.836703807411877339e-03 7.244401744481958859e-03 8.100627598426364886e-03 8.105049727981124622e-03 8.227949515011986209e-03 8.487084335759500706e-03 8.829391031949945096e-03 8.556149256417224999e-03 9.245594840416706053e-03 9.264218104411943780e-03 1.007617234053889352e-02 1.026045407908524748e-02 1.020159387047842037e-02 1.110315895339428378e-02 1.101696766795735166e-02 1.126594239323845496e-02 1.183055598457599319e-02 1.216479527113414026e-02 1.267723171678773741e-02 1.339256129675691666e-02 1.381833185174610387e-02 1.455294300684439011e-02 1.545691187856360754e-02 1.632201983839456569e-02 1.722400161698908749e-02 1.731071261268773281e-02 1.883184679573642398e-02 1.899526103218416792e-02 1.900828143691095373e-02 1.844797428537243988e-02 1.990198786037608233e-02 2.062473709850757425e-02 2.018324918598475917e-02 2.232627378803467635e-02 2.323762064118171933e-02 2.452788570679069816e-02 2.545129905732441619e-02 2.673433347791990752e-02 2.609817597126829272e-02 2.544131542867994131e-02 2.773873445846736577e-02 2.681788995413321788e-02 2.780731427348575452e-02 2.885019635373346075e-02 2.886153507256443776e-02
3.484926573033091004e-114 9.548323095556809425e-100 9.750862830087695561e-89 2.324986677514295067e-75 8.561883419856296851e-66 2.800561637949438541e-55 1.345486247212975715e-45 8.730217732225675342e-38 6.137403516895714799e-27 1.009287010132777624e-18 7.194809643827841040e-11 1.880591711228869005e-05 1.095132339361261278e-03 3.188675769062023022e-03 3.761218265551303369e-03 4.331036220477800860e-03 4.774543085751623700e-03 5.209119579599481159e-03 5.558700016607850264e-03 5.814543932423852680e-03 5.994673196988905065e-03 6.452498233909637407e-03 6.853944415604772654e-03 7.245896566076014990e-03 7.631908959069802489e-03 8.101718537480316271e-03 8.229571161643696453e-03 8.448988810663745491e-03 8.939287428174782710e-03 9.170857516517735841e-03 9.619793701339165309e-03 9.249093863141840885e-03 9.984663905804944464e-03 1.017731450704787398e-02 1.070386039403448467e-02 1.046975604343523825e-02 1.169178140981579073e-02 1.142316649229043780e-02 1.210237775233460010e-02 1.262156714810372046e-02 1.277651756489678672e-02 1.358044002854425295e-02 1.387063535130083139e-02 1.414692450297668457e-02 1.492266147955427849e-02 1.557753810521176306e-02 1.647033107724615517e-02 1.713388186097932961e-02 1.843301287938878957e-02 1.928060540393696301e-02 2.114730512049873418e-02 2.223215878988727551e-02 2.371986646543504038e-02 2.504139421987137612e-02 2.560782164370288203e-02 2.673515977443714081e-02 2.823859620248526589e-02 2.850600594904000376e-02 3.062502916115577081e-02 3.254220403889440671e-02 3.486257327156484787e-02 3.694687107164739553e-02 3.822114228812036052e-02 4.171898782184426530e-02 4.383983607886397099e-02 4.952695828552237944e-02 5.471022555683585642e-02 6.013135625712835719e-02 6.508456967784649605e-02 7.138528837372594416e-02
5.141194838398996168e-107 9.315561964153299144e-93 8.884917041282497621e-83 8.308825158217571660e-65 3.069369374693128152e-56 1.721656919981498583e-46 1.111127198837820583e-36 1.129000492256883514e-28 8.915260799443892699e-19 1.314136574701517529e-10 1.471536554907193668e-04 1.921553167871854761e-03 3.725279324618030984e-03 4.463677972161106920e-03 4.820262545909437951e-03 5.686189602354631799e-03 5.918126002480512439e-03 6.139562235229381430e-03 6.499910445024374359e-03 7.059195531395306110e-03 7.251771124222093287e-03 7.199952286601007598e-03 7.841603224468913017e-03 8.281013523836812731e-03 8.535785805123371345e-03 9.109108415946576970e-03 9.709389340533417997e-03 9.898050102565121577e-03 1.032148883005658269e-02 1.013668198868717014e-02 1.038939396440757140e-02 1.091992307398132779e-02 1.092953608761824957e-02 1.122756994113655905e-02 1.177637673812622146e-02 1.199226403719609244e-02 1.242253974512518011e-02 1.285323070482279062e-02 1.293273845295393222e-02 1.400158561743869608e-02 1.436770685202286117e-02 1.504939313431325788e-02 1.544879993077346962e-02 1.602645597624184626e-02 1.633508230479931850e-02 1.721066152935267490e-02 1.848130600202879323e-02 1.945433543910463775e-02 2.087311132986157877e-02 2.135942305667801189e-02 2.367326604322702796e-02 2.524942326527989181e-02 2.706865709548896340e-02 2.870136228879213713e-02 3.145415286792146298e-02 3.418083880646315825e-02 3.530748103915637426e-02 3.757308721533680201e-02 3.962873190243241389e-02 4.248572633464954562e-02 4.425792682583607612e-02 4.654471296554746340e-02 4.959222150674188340e-02 5.585552636112810915e-02 6.051955791970173304e-02 6.570046140655365352e-02 7.292078267896075217e-02 8.127959466784968889e-02 9.021245685953384330e-02 9.982724278593003986e-02
2.708725490676782312e-98 2.828985203322013728e-82 2.915979845036432624e-71 2.347587523762889228e-59 7.165527337306296700e-48 1.873473067018562855e-36 1.603998846111758973e-26 1.298998750473324108e-17 6.119270140957731538e-09 1.155096687786506772e-03 3.617966174862157110e-03 4.337271726589391266e-03 5.393299578283647366e-03 6.165805502370508805e-03 6.267326148702200006e-03 6.817859529904248851e-03 7.306636788793623334e-03 7.554144901251052570e-03 7.808677116887946350e-03 7.622339054100867560e-03 8.286981268481012283e-03 8.799549718976732576e-03 9.205936156763560099e-03 9.414908740297746326e-03 1.018544780446391761e-02 1.088017241374726087e-02 1.074007263515414090e-02 1.105654692498829299e-02 1.117298819983019754e-02 1.186738548540489449e-02 1.181124753930821482e-02 1.214068722994503940e-02 1.249117763080903783e-02 1.232970268874016527e-02 1.288717119909874725e-02 1.341385964285971358e-02 1.387650072646403297e-02 1.419637609981374594e-02 1.470274852889662601e-02 1.533976565560017484e-02 1.554314851634799877e-02 1.606930848823467234e-02 1.703058280466582253e-02 1.842695325918653620e-02 1.863424866370532243e-02 1.951605002201886943e-02 1.999505613502957496e-02 2.165698686175030960e-02 2.265708626643891943e-02 2.338756021920774392e-02 2.602727065659511674e-02 2.764818062716117159e-02 3.045470259713336028e-02 3.291243523389739134e-02 3.521486951923365194e-02 3.853367474477873561e-02 4.064322906958501430e-02 4.465197244939505400e-02 4.848832443349315735e-02 5.272021763608794598e-02 5.625244906272876266e-02 5.955304322486632690e-02 6.618082086648478801e-02 6.916240108239145312e-02 7.608573289989470356e-02 8.097932928616166648e-02 8.818908184090248903e-02 9.582105070428890981e-02 1.014897644591658404e-01 1.115609947869205115e-01
1.731240553548232271e-90 2.518194118334041098e-70 9.775983817834368096e-60 1.167665237868587092e-50 5.348800364481593829e-35 6.241757195675090785e-26 1.242798763244361188e-16 9.970353709272409582e-07 1.758426945131395455e-03 5.014478296495215696e-03 5.612523804773317769e-03 5.665718041067825499e-03 6.719639097481583910e-03 7.106853250200700217e-03 7.671104225012931668e-03 8.122043748983679562e-03 8.632364308433651892e-03 8.488604558851288451e-03 8.675835127817962608e-03 9.151954081223625387e-03 9.246321138867367312e-03 9.734312069760508307e-03 1.053090289051612782e-02 1.136149781443605497e-02 1.166311673538534578e-02 1.223095451720134820e-02 1.251115740796089962e-02 1.273235959092685644e-02 1.258903578910058538e-02 1.286060503081053880e-02 1.309116627766478830e-02 1.360797561045871268e-02 1.358587434501384167e-02 1.382469752216772263e-02 1.444430746686300483e-02 1.482584642482875047e-02 1.520585242866202488e-02 1.544213817598491176e-02 1.617609693558251169e-02 1.684370075910400846e-02 1.810908261025088659e-02 1.874087742050290634e-02 1.942711001719456612e-02 1.978164020195751979e-02 2.027522056275878060e-02 2.185644561991651608e-02 2.256059080189719637e-02 2.315722220373713988e-02 2.483053321264295371e-02 2.654188773591033626e-02 2.770625085405430468e-02 3.081265873193029040e-02 3.223816963190442864e-02 3.628863681113572021e-02 4.078479057553572457e-02 4.342815816650055089e-02 4.788124166277021171e-02 5.163739020541049246e-02 5.478526671557524402e-02 6.065985531882618631e-02 6.729860947587602837e-02 7.299773371468215588e-02 7.684119691715506073e-02 8.651019180909784445e-02 9.134394483055625902e-02 1.007413776907667979e-01 1.071850580830377569e-01 1.162003365688650536e-01 1.236845763183806596e-01 1.313221880633776151e-01
7.390537753997518967e-75 2.956089812151582330e-58 2.381363086301787457e-49 7.640712041025386197e-38 4.745220180567208795e-25 2.490998393441895841e-14 2.045341437940896220e-04 3.041560452652991055e-03 5.696601997545059498e-03 7.399540138554998661e-03 7.465965016010229355e-03 8.248521060552009565e-03 8.966477384195856160e-03 8.842474116391069866e-03 8.878149742130490851e-03 9.275911533001184386e-03 9.878254601062889939e-03 9.741455470115558887e-03 9.740256196161135166e-03 1.025952251560231614e-02 1.092241750200632737e-02 1.195464803536618222e-02 1.272740994040282708e-02 1.316521450349543432e-02 1.388357957193739334e-02 1.414544973412821920e-02 1.479653486466615646e-02 1.386342373179189243e-02 1.417558162789258301e-02 1.455437416860640848e-02 1.471269147949792397e-02 1.509200907292218910e-02 1.500071294223174166e-02 1.527368956856700599e-02 1.552497557442923497e-02 1.667234956063254336e-02 1.700242110930371559e-02 1.755597817181746290e-02 1.852499729434335315e-02 1.871498644103366041e-02 2.003140412470063789e-02 2.118426170831689409e-02 2.151292573403653860e-02 2.310066280636227307e-02 2.417897403076067070e-02 2.449317978477993929e-02 2.646820374690276104e-02 2.677792366936039559e-02 2.783089880662935334e-02 2.893107776339309475e-02 3.087532403834079148e-02 3.364941703220899333e-02 3.685099606400196043e-02 3.936326705029432466e-02 4.281146420035582267e-02 4.832805299896948681e-02 5.211526228090973545e-02 5.782845501418561185e-02 6.409544613119533274e-02 6.959678835561949883e-02 7.435382618532671017e-02 8.180373167598745110e-02 8.678263887741778648e-02 9.490261400593978658e-02 1.029692874533175151e-01 1.139698891879570991e-01 1.223748840005598054e-01 1.349331492285881506e-01 1.430946523998669895e-01 1.548196521102896406e-01
8.503304330704818424e-62 7.122011246814279686e-48 4.093120138979077483e-37 3.362792414613281021e-22 8.772620441897891927e-11 1.221546411598571419e-03 6.777379287220178239e-03 7.916665582888221878e-03 9.188918155510072613e-03 9.689432938288737931e-03 9.890440409957726095e-03 1.048331910562631288e-02 1.064038402692676737e-02 1.061704687447352462e-02 1.169482696850573239e-02 1.155704446379970246e-02 1.139202888364568463e-02 1.132160149144258512e-02 1.134515619051346819e-02 1.222513037461752348e-02 1.320956733946032809e-02 1.439959352403843117e-02 1.518710816657901919e-02 1.587413048411829425e-02 1.617812316861091948e-02 1.616621027731119167e-02 1.616735775202914754e-02 1.582309338919324349e-02 1.624230093517401927e-02 1.601303909589615188e-02 1.647217938805764156e-02 1.702406276279279027e-02 1.729125900519569783e-02 1.799632083545392100e-02 1.813809818015946901e-02 1.801794460126318609e-02 1.858055662004768141e-02 1.928823137897196435e-02 1.991866211113590274e-02 2.089430318051248292e-02 2.192408748655842038e-02 2.297906454129302473e-02 2.420687322133038832e-02 2.615725347595293168e-02 2.731001339722472637e-02 2.876690117593824411e-02 2.884218704542746217e-02 3.012159979309048802e-02 3.186077032516969332e-02 3.326109483762242081e-02 3.551574981868595160e-02 3.776927464454234856e-02 3.964872773342831974e-02 4.380982125238017805e-02 4.839234048296784524e-02 5.261430442873124558e-02 5.887732049995990369e-02 6.781402472440341278e-02 7.285913844851506227e-02 8.018899305064063066e-02 8.615376947678594910e-02 9.266975516017399161e-02 1.004233217307740206e-01 1.079409985645736758e-01 1.173430810925390755e-01 1.277478646748324287e-01 1.349436082484870847e-01 1.454513059252451335e-01 1.564110788734596469e-01 1.699156518803331406e-01
8.239933608082727138e-48 3.933450024502307765e-33 2.111957575295203270e-20 8.630854785294675592e-10 3.928176816636761923e-03 1.180901972504011348e-02 1.337540774234612963e-02 1.338413920652524111e-02 1.288290634846727886e-02 1.261736978424743416e-02 1.324268028096454129e-02 1.273553131061690505e-02 1.367882605961533680e-02 1.416500876109379019e-02 1.484070095487414337e-02 1.372901949183125830e-02 1.348839910788184743e-02 1.367480369125234282e-02 1.454939904602730281e-02 1.565405386737575219e-02 1.629743317912969031e-02 1.684726468282628578e-02 1.773416332789749805e-02 1.901321204274639826e-02 1.885860828229868336e-02 1.863809243530408985e-02 1.799234294970542686e-02 1.854072854933977096e-02 1.838899534153919449e-02 1.780516228492596761e-02 1.837290341007472017e-02 1.878822955657360669e-02 1.975683168098716844e-02 1.935433999418425741e-02 2.014269016723449490e-02 2.081929998278146676e-02 2.145758051887733733e-02 2.189778524551282482e-02 2.308421308253570670e-02 2.415050694398410483e-02 2.494686683781945080e-02 2.737010873090668650e-02 2.768786078468462794e-02 2.996930734730100104e-02 3.179369083414190084e-02 3.280578906850587645e-02 3.598931398299088508e-02 3.832721127256739913e-02 3.853727748256117330e-02 4.047043073227721971e-02 4.100964577583575410e-02 4.358022899727190952e-02 4.600868206019921580e-02 5.092951369028891895e-02 5.394731636782196249e-02 6.048316282168281210e-02 6.815732698502674491e-02 7.505271798957727225e-02 8.767022449795426609e-02 9.366540939466039273e-02 1.021406868299744725e-01 1.106015379553548089e-01 1.185459336146627574e-01 1.262780278433380532e-01 1.321688829818178923e-01 1.379190546758667923e-01 1.479224941916870706e-01 1.569739328568737491e-01 1.651564221162614976e-01 1.770096149951972675e-01
6.980455896506714295e-35 2.120265013541195373e-19 2.093390006263177056e-05 1.775800089641977123e-02 2.930487850375483594e-02 2.606881396941768472e-02 2.021695536671439322e-02 2.066566677832487597e-02 1.840406776094427599e-02 1.824510912118584155e-02 1.723298666913980481e-02 1.743151162057635095e-02 1.779080390321765084e-02 1.834548721030005575e-02 1.788259864275039759e-02 1.660444567500532487e-02 1.662006963867258824e-02 1.770554025639769699e-02 1.832098380215913327e-02 1.961439668574184794e-02 2.128579881766958989e-02 2.237148660690449833e-02 2.269879113701481557e-02 2.215125207110009431e-02 2.183820508051023679e-02 2.230924920559138741e-02 2.202761894013487848e-02 2.094496674844850345e-02 2.162477918671197943e-02 2.098664822637145294e-02 2.193034111986169946e-02 2.176669564978435736e-02 2.303467224682691911e-02 2.202659777375854874e-02 2.348273705859757476e-02 2.393655624542531321e-02 2.485749063609865930e-02 2.544077172550206559e-02 2.698781615818125409e-02 2.722605182814824554e-02 2.912798399204090741e-02 3.101581638919644057e-02 3.221006996532567446e-02 3.396525952931633147e-02 3.693141908775206955e-02 3.928732883180770241e-02 4.192466561329830782e-02 4.367117796957567522e-02 4.704533303196505728e-02 4.920878998777812596e-02 5.121577524408829629e-02 5.384864297197351768e-02 5.721737020567421034e-02 5.994919771817433518e-02 6.321169351832106598e-02 7.039729359282105581e-02 7.903209470847569196e-02 8.642674285129593736e-02 1.010364017935054398e-01 1.115890964043765726e-01 1.226769712305543075e-01 1.302598539176016701e-01 1.423926786101917252e-01 1.490959623298973025e-01 1.581441544975350499e-01 1.642143704641624291e-01 1.712497707905759614e-01 1.797645319590156776e-01 1.876709821967868785e-01 1.921023335762295503e-01
5.624728292982833068e-16 9.529885111036153671e-04 1.883440728011911980e-01 1.323794475997873143e-01 7.655768148809014018e-02 4.947151558036023272e-02 3.469363887122711015e-02 3.014204994458582337e-02 2.644826835527234674e-02 2.671305341864441130e-02 2.418437153218006008e-02 2.513446309534338174e-02 2.695676106725533594e-02 2.440057193987154802e-02 2.190122693079106161e-02 2.035118593523701711e-02 2.127235400976958818e-02 2.195176616911699227e-02 2.350415646331774355e-02 2.684549485336797103e-02 2.672894529398461144e-02 3.008818032236033196e-02 2.910931801465521662e-02 2.924880227127204385e-02 2.772463756438531962e-02 2.710946945794547036e-02 2.485424390237038483e-02 2.420004308123054754e-02 2.570414315542731559e-02 2.502056916465944178e-02 2.502626282709409164e-02 2.600355934649318385e-02 2.574479190630995021e-02 2.763585738376587303e-02 2.789788821888653306e-02 2.936762858224263931e-02 2.957043447528617114e-02 3.014166229194053387e-02 3.149255060647757065e-02 3.310834509636603751e-02 3.348984061152300573e-02 3.728001190222528932e-02 3.822316066933886813e-02 4.137950179043883847e-02 4.399589651658770972e-02 4.782719915937490296e-02 5.411504186858890481e-02 5.670759771888155693e-02 6.033750307584590661e-02 6.513136584010476016e-02 6.999859820325848858e-02 7.348510957283939382e-02 7.420575669737838886e-02 7.926802171722223400e-02 8.494741317806699110e-02 8.854978771322416509e-02 9.713301806436104580e-02 1.068963337720481577e-01 1.160956952226263328e-01 1.295974563728721496e-01 1.421183005045539571e-01 1.549523329244404668e-01 1.680603514873266480e-01 1.790864805072020227e-01 1.929074613071723732e-01 2.012652711640502134e-01 2.090009440395725060e-01 2.139803645531800913e-01 2.203030008179759081e-01 2.219619445931794999e-01
2.661868016077879595e-01 3.769896847943363660e-01 3.134342594274371896e-01 2.391708187689152165e-01 1.616843992491223403e-01 1.174070096592130796e-01 8.359933048058056093e-02 5.885719742285427936e-02 5.373195862840748904e-02 4.401680018317787046e-02 3.946725578056244771e-02 3.938136703848003212e-02 3.928834302619944874e-02 3.296861049743392280e-02 2.777725121789489243e-02 2.840484814801862157e-02 2.877400980333430155e-02 3.230437544978462250e-02 3.629049690089262287e-02 3.833870876305104508e-02 4.040752648775190747e-02 4.359346382078595206e-02 3.824125976660182336e-02 3.713297421427830258e-02 3.561895072142132190e-02 3.416603309736563482e-02 3.149779932515391068e-02 3.053031416953713370e-02 3.076391995976056337e-02 2.968993831351843596e-02 3.139060150811046751e-02 3.107166857360244352e-02 3.234011653727150021e-02 3.481373954868789006e-02 3.462126889741677649e-02 3.455045663622555857e-02 3.693571301261500128e-02 3.712072632165964309e-02 3.972848411066837865e-02 4.019112061876860265e-02 4.367237101622241380e-02 4.592524308851404086e-02 4.856849259007470221e-02 5.220166564815800075e-02 5.619589996143372485e-02 6.059084671555252377e-02 6.893184119329565096e-02 7.235606037589453754e-02 8.057424829473062988e-02 8.991411283501313245e-02 9.616029656376853807e-02 9.905976597463822531e-02 1.047159873140915826e-01 1.134833072531157422e-01 1.184442107353155943e-01 1.225010587494596292e-01 1.301363340516062950e-01 1.356955032696307573e-01 1.508500406314591813e-01 1.582759917623643153e-01 1.705662294600316375e-01 1.886677012644629725e-01 1.970826318477909289e-01 2.118984616014400746e-01 2.240671746344320980e-01 2.375899108488410683e-01 2.471255315301523481e-01 2.505790831337066371e-01 2.651505015901552964e-01 2.696293643473766655e-01
5.302498387069984886e-01 4.721063963615040326e-01 4.017409990556655153e-01 3.394916763883362165e-01 2.812368160757300894e-01 2.309727198690594285e-01 1.820551361770944843e-01 1.447525524847547984e-01 1.278205543738827332e-01 9.657105361782515607e-02 8.815890344951626822e-02 8.486936082229758205e-02 6.342075888784853843e-02 5.169811181884240853e-02 4.522948422106812943e-02 4.891294261715267017e-02 5.217257417666951863e-02 6.074189272498357189e-02 6.509254724661936442e-02 6.573887840624761947e-02 6.868028677901898138e-02 6.220422756841465645e-02 5.924030773980998310e-02 5.078545046041253730e-02 4.788917253899440535e-02 4.260451500375868339e-02 4.196372092670346693e-02 3.964648869996807712e-02 3.852647217463046891e-02 4.111176525265623771e-02 4.129658065892381769e-02 4.022828964419318531e-02 4.250008113663700238e-02 4.169663613510622702e-02 4.355564399515866186e-02 4.754523901102170741e-02 4.863815262079865948e-02 5.178946125287256508e-02 5.280264911673324124e-02 5.706560501221298598e-02 5.909590245819543869e-02 6.050541030625766065e-02 6.404495375627584919e-02 6.876925546989767768e-02 7.465184097268977303e-02 8.051455022008825735e-02 9.286027709579662559e-02 1.011315663785263136e-01 1.139290663107463825e-01 1.214271424267779065e-01 1.385688836545309333e-01 1.461235078271238830e-01 1.578285068296783056e-01 1.632588710652302377e-01 1.693127940034207801e-01 1.728583132792493038e-01 1.784108059050284467e-01 1.889087664118997145e-01 1.955367603000858212e-01 2.037065958380439579e-01 2.165124238883678887e-01 2.249330218166715745e-01 2.388402307614053144e-01 2.445677474418364028e-01 2.611361154701640208e-01 2.745454801446263193e-01 2.816017999572959507e-01 2.975129044864318617e-01 3.066923547276442785e-01 3.127266590363431131e-01
6.193902821489206678e-01 5.607578009824450982e-01 5.173180249475561876e-01 4.595402074018280492e-01 4.217198299585010468e-01 3.758268520443979743e-01 3.325851364392123366e-01 2.908054429877593439e-01 2.473338253390335029e-01 2.177554393032551383e-01 2.162922973601555943e-01 1.649659583845485278e-01 1.139265747327994072e-01 9.385674527060319794e-02 9.462290469916513624e-02 1.049201301890220484e-01 1.157154465924030012e-01 1.258945859912666276e-01 1.262924523629834206e-01 1.226155464408337503e-01 1.161931325157081751e-01 1.051271287182749536e-01 9.333996263796066895e-02 7.667073085005163269e-02 6.545418376670555927e-02 6.010877090036956250e-02 5.870555897860842143e-02 5.633744786549934463e-02 5.763766024466691201e-02 6.033688978813703252e-02 5.666038944259573634e-02 5.791743369359941829e-02 6.107947550418609678e-02 6.271557105864590531e-02 6.391892000999845058e-02 6.667245517341130467e-02 6.837547372922747613e-02 7.345784357727704050e-02 7.473600093523451171e-02 8.061839058978054195e-02 8.125879540710104210e-02 8.390448353695036110e-02 8.975221457562938820e-02 9.652881681664907121e-02 1.026975779643325842e-01 1.122853887822430341e-01 1.279294965494841285e-01 1.370606080464031873e-01 1.554223273693889351e-01 1.692575147113521694e-01 1.895354129719380720e-01 1.982535792559569077e-01 2.176779060448671421e-01 2.171198311582964446e-01 2.240851670209502156e-01 2.322264949184392746e-01 2.411136527155285370e-01 2.458544533103594332e-01 2.502712078449567112e-01 2.566747586593703945e-01 2.629550444198507919e-01 2.718784647590794523e-01 2.788001806026152440e-01 2.897247840353837089e-01 2.955993455426767502e-01 3.095370759558738749e-01 3.266132854148053322e-01 3.342011951808748216e-01 3.367078182274429454e-01 3.496697154748490410e-01
6.805076974528463385e-01 6.439131051443706122e-01 6.022902497039819281e-01 5.632384648702515317e-01 5.230413266671207762e-01 4.863418504253709251e-01 4.497958309729142568e-01 4.048780283305888905e-01 3.699694542646518869e-01 3.485230928517224491e-01 3.043143751079441239e-01 2.447132398259825870e-01 2.054303249679473031e-01 1.905094438204948670e-01 2.070648243747793826e-01 2.199759815052528544e-01 2.312301655247331333e-01 2.355092161915130211e-01 2.243595539087620272e-01 2.067444490858081352e-01 1.831346044279760499e-01 1.530628657276102145e-01 1.309133182876358603e-01 1.095693781733339395e-01 9.458698147024352521e-02 8.800479586851123193e-02 8.655489733286263199e-02 8.238949561409798783e-02 8.648973287818505218e-02 8.270260344289583065e-02 8.311017060735230444e-02 8.643784498569458130e-02 8.595538976872255099e-02 8.808432977875951808e-02 8.921009576534333352e-02 9.644981181985967655e-02 9.830598537774842827e-02 1.012219238127665538e-01 1.085653141710889308e-01 1.114807181696765986e-01 1.206246506875374852e-01 1.250257450322156960e-01 1.285798414643417598e-01 1.304795780392697391e-01 1.402692353283899740e-01 1.566185963001964776e-01 1.657279310578414488e-01 1.781428224410573358e-01 2.019709722894066917e-01 2.137317557595165007e-01 2.312583402559579004e-01 2.434236048459248736e-01 2.621166989157285299e-01 2.721891588666559003e-01 2.833522602637273957e-01 2.899708507024909010e-01 2.927479199224439776e-01 2.975408835696503052e-01 3.009096631008013611e-01 3.085743998710457348e-01 3.077940791756614836e-01 3.173318197163206844e-01 3.247127181126363005e-01 3.298422737253210446e-01 3.365967014679851488e-01 3.423557145602080243e-01 3.507780244694862493e-01 3.601602668550651365e-01 3.734469620024436498e-01 3.780988792019105982e-01
7.189063303667105886e-01 6.894476628659094164e-01 6.534291645222262135e-01 6.259247900187788760e-01 5.873758875215359110e-01 5.534868147633129620e-01 5.113567005205472693e-01 4.777051960241072148e-01 4.589518897906008088e-01 4.217076025698014430e-01 3.609496924878842217e-01 3.166183680657737587e-01 3.013197049395193727e-01 2.976694624105774012e-01 3.093042576075460404e-01 3.123003757384773538e-01 3.149658496066868318e-01 3.048753802111475175e-01 2.928298479647519215e-01 2.696407716125221454e-01 2.371745470723817528e-01 1.984026427525792391e-01 1.721161477850274568e-01 1.491389038149395774e-01 1.304293023809500462e-01 1.236123890824522426e-01 1.219773224395475503e-01 1.137087513516418513e-01 1.174868402608365142e-01 1.175560074199643729e-01 1.147052306331616117e-01 1.190915405978129060e-01 1.205442679998025152e-01 1.241838878359287357e-01 1.237704515142182132e-01 1.306887752990146812e-01 1.357702119846042055e-01 1.451539292546510651e-01 1.448633424809419312e-01 1.573586857743645706e-01 1.570370808568908039e-01 1.591194604252267331e-01 1.694252674697762084e-01 1.745659350161939405e-01 1.791773479206008046e-01 1.883693359720957361e-01 2.002566422267727519e-01 2.156320593317138656e-01 2.320056240910553236e-01 2.436786156108023405e-01 2.605999024563117605e-01 2.745985471090112151e-01 2.932988641265462104e-01 3.129996634565366809e-01 3.144842988114128213e-01 3.309950942965145804e-01 3.367035581851438031e-01 3.410590518940682103e-01 3.466084611296900153e-01 3.480176200882633131e-01 3.551211457453914422e-01 3.554766510786846467e-01 3.570008476441416390e-01 3.641569521134194742e-01 3.677226632497844760e-01 3.697627539580128908e-01 3.817763301609317650e-01 3.847090630771626829e-01 3.919879490726759785e-01 3.978891909209438249e-01
7.270944427716474756e-01 7.037941797946091205e-01 6.757240419062138237e-01 6.443296029368229538e-01 6.125514100313302901e-01 5.782428725904685818e-01 5.459342182480301231e-01 5.285297330329322696e-01 4.930849554965546777e-01 4.431187649833950304e-01 4.033853624319041487e-01 3.775584384860184439e-01 3.721811265828856019e-01 3.753315352169002694e-01 3.750870319977431255e-01 3.726950281804819465e-01 3.690077120876407712e-01 3.480229566317936118e-01 3.236963948431162974e-01 2.925157110010668804e-01 2.558065424105857577e-01 2.257089922085894484e-01 2.016520771740794582e-01 1.817673703451067602e-01 1.658570602606857236e-01 1.564929037362467468e-01 1.542458102646991347e-01 1.501216766984716233e-01 1.450207438257423431e-01 1.472421830587578861e-01 1.489960908665129147e-01 1.480805916382604004e-01 1.514235726250055258e-01 1.558041489289496428e-01 1.585503422423106268e-01 1.647080706034545761e-01 1.697332907883186970e-01 1.745803437011269610e-01 1.786123526423353813e-01 1.849103464462870106e-01 1.941134730678165388e-01 1.943988716269785533e-01 1.993991670373742031e-01 2.074440067736392501e-01 2.119133938253439098e-01 2.170529786234114134e-01 2.245603342046759432e-01 2.353040732182272998e-01 2.458618260702157554e-01 2.635601238361534038e-01 2.785518573488023342e-01 2.975803455359742888e-01 3.147499414499830839e-01 3.280237054261627150e-01 3.414085298469570207e-01 3.512044967033027265e-01 3.581812028821142468e-01 3.655558862863870773e-01 3.698561395148823872e-01 3.779447643837230419e-01 3.815484711193874445e-01 3.857388048880462383e-01 3.850019070199069415e-01 3.864173054779319050e-01 3.928934101584017347e-01 3.934962588206417644e-01 3.999075194736699257e-01 4.041467428523498051e-01 4.073847158836348958e-01 4.140246624682295540e-01
7.193910690451241763e-01 6.955426967423188334e-01 6.707512818014673694e-01 6.435822593264843849e-01 6.142143277049307848e-01 5.879760111955769641e-01 5.632660829961451121e-01 5.337949002042818858e-01 4.940769009280097657e-01 4.558836208147657443e-01 4.281542893113169934e-01 4.170607901171102250e-01 4.110993692415044753e-01 4.098502383039934749e-01 4.069433044019969414e-01 3.980141140858077797e-01 3.799030082949212406e-01 3.606345809966219895e-01 3.323630137237644222e-01 2.978309220627810006e-01 2.650106131118846187e-01 2.351443420863964240e-01 2.149875612044735429e-01 1.981645933693093609e-01 1.888660712055930946e-01 1.792786783573948606e-01 1.749304453839456985e-01 1.737672886215709533e-01 1.695350105446770395e-01 1.722838664532330144e-01 1.721282058459853437e-01 1.719184427291960415e-01 1.743359133642146952e-01 1.803340684393356930e-01 1.846246291117952243e-01 1.858728509192911216e-01 1.905272663991345039e-01 1.979517951519838559e-01 2.025431646928951279e-01 2.104738702489463154e-01 2.139653113343902568e-01 2.206661120865137937e-01 2.240963914514290389e-01 2.292583861130034484e-01 2.336156816929126079e-01 2.366749046297212944e-01 2.444416345470467600e-01 2.498605919304736078e-01 2.568975665833893030e-01 2.701441505920216812e-01 2.840032432605317236e-01 2.999838668122603580e-01 3.172356071070130956e-01 3.294947757331284088e-01 3.464120269560371779e-01 3.609802485317161747e-01 3.706815533897288573e-01 3.796445901164912651e-01 3.873479688560038658e-01 3.926237540637119716e-01 3.970238495268633705e-01 3.995669376458330091e-01 4.033126128386837483e-01 4.066428787763353703e-01 4.092552480351905331e-01 4.140938708422353121e-01 4.160482005745791412e-01 4.195479991095357741e-01 4.205084566500524867e-01 4.237902383354875124e-01
7.029801134141635544e-01 6.831406518650977588e-01 6.582219639024937674e-01 6.363463553410553253e-01 6.067901660582891710e-01 5.841313265364057594e-01 5.553026800255771445e-01 5.242760542627499243e-01 4.911959083806546333e-01 4.653948059006365323e-01 4.471279677494321425e-01 4.368293439515131826e-01 4.314030417505719250e-01 4.219573085061541495e-01 4.111137112090249013e-01 4.009284390268719744e-01 3.787228564056786539e-01 3.539945858080471575e-01 3.229932337092012440e-01 2.907975982305369689e-01 2.659409443868055445e-01 2.417028288392484292e-01 2.239630069332258777e-01 2.139552614289704502e-01 2.042972767852906935e-01 1.969943996134848052e-01 1.919300616999591591e-01 1.876972437824729056e-01 1.866111034279516745e-01 1.869793901921568968e-01 1.849738122940591534e-01 1.893770134844170172e-01 1.890602524725842892e-01 1.920149428260687630e-01 1.961036594715044323e-01 2.008268352108584509e-01 2.058423971199603575e-01 2.129728361005391590e-01 2.161039509630111877e-01 2.241533460031424063e-01 2.297159916478317687e-01 2.338718952587304500e-01 2.385666732550216773e-01 2.430871637595601320e-01 2.457919682442057663e-01 2.508721855857634631e-01 2.559819237814195403e-01 2.600929953563921315e-01 2.668935422929030188e-01 2.732441981509878826e-01 2.842398046319328242e-01 2.983204415279907540e-01 3.111777910891698751e-01 3.270092946735528305e-01 3.463302568425393191e-01 3.589676911787184066e-01 3.677247664612752764e-01 3.831971351674640092e-01 3.931498436185138501e-01 3.998043863066753079e-01 4.062320401771208900e-01 4.097020734833611288e-01 4.138325100349355967e-01 4.185463687139707178e-01 4.209321585113176556e-01 4.239650045317201466e-01 4.253452214473314452e-01 4.271088174791209946e-01 4.298597144627686606e-01 4.316775080415061749e-01
-1.000000000000000000e+00 -1.000000000000000000e+00 6.377660587654825353e-01 6.167911156609305889e-01 5.919197027832385771e-01 5.671852755192083873e-01 5.426133233796190947e-01 5.145796109514759742e-01 4.861279575900701033e-01 4.658523275897271110e-01 4.514780022178440100e-01 4.402642418064673380e-01 4.323219092858253676e-01 4.214162877893709025e-01 4.060971215979006788e-01 3.887295357222941838e-01 3.645771758619138492e-01 3.351747976408189222e-01 3.079742495059810126e-01 2.828179627857729805e-01 2.593668413968875375e-01 2.438551947377814166e-01 2.293872951546387651e-01 2.193721762842963385e-01 2.100529553164301455e-01 2.038328989087302145e-01 1.998382995215687019e-01 1.979037730487273883e-01 1.948768829117357437e-01 1.931958598644716585e-01 1.938488163387221408e-01 1.962078168366626074e-01 1.988578889563590579e-01 1.994995785446858350e-01 2.053078425648996175e-01 2.067610879432573157e-01 2.148590582842465346e-01 2.209902270315857176e-01 2.257594369088364861e-01 2.313443185283284020e-01 2.381571557582589094e-01 2.420705140463604021e-01 2.476070998813093282e-01 2.528941348662131494e-01 2.555885574565087137e-01 2.579089516853527164e-01 2.620081517414515337e-01 2.653046250634887859e-01 2.686515484645276564e-01 2.750312124132947567e-01 2.812698132613288271e-01 2.919142139151213455e-01 3.037614348266997055e-01 3.176560904020527820e-01 3.361747130111931714e-01 3.482796270344422074e-01 3.646638447719227627e-01 3.777039416964013130e-01 3.906016286347756550e-01 4.006460119699475908e-01 4.076947170461561742e-01 4.121321400554904257e-01 4.204932570383961843e-01 4.224620172181260402e-01 4.270958923558166864e-01 4.286555876858662018e-01 4.321205349968993970e-01 4.356899033998460902e-01 4.373405522062324691e-01 4.391960428021318696e-01
-1.000000000000000000e+00 -1.000000000000000000e+00 -1.000000000000000000e+00 5.940262449528487254e-01 5.708561264017427694e-01 5.483288242228652187e-01 5.234974226003122899e-01 4.989481648020467341e-01 4.785430170429058605e-01 4.618590105366461862e-01 4.467103851705132023e-01 4.333230937827299845e-01 4.204649882279343220e-01 4.040930158497851865e-01 3.876333752609948946e-01 3.667755451914019860e-01 3.449231068850657222e-01 3.184471096871549500e-01 2.963650262488375930e-01 2.734092220030289733e-01 2.555165325648657282e-01 2.415532341937336736e-01 2.298492678404017719e-01 2.205754614269007097e-01 2.130176967593952198e-01 2.082249499287485428e-01 2.033582140786946713e-01 2.023053997023616102e-01 1.989553010761440088e-01 1.985317398259201505e-01 1.996687319464152399e-01 2.006959538388944919e-01 2.024899537026557950e-01 2.050075942379757099e-01 2.090479822791255493e-01 2.122005617531382560e-01 2.184712987334407608e-01 2.238993286666905724e-01 2.299284960649877474e-01 2.366535128567391066e-01 2.428166748053566248e-01 2.480033615120299240e-01 2.525992008925372345e-01 2.571342347507188930e-01 2.604663069686590782e-01 2.628573580209481730e-01 2.662912864995386486e-01 2.676724450047139880e-01 2.711880544823601635e-01 2.746179527691912647e-01 2.798281783669632761e-01 2.863908071947572354e-01 2.953380138562973767e-01 3.056939535141355857e-01 3.206682591255276549e-01 3.380500382571479667e-01 3.525785433240199995e-01 3.646568809977921988e-01 3.790089898922813227e-01 3.912271816747355246e-01 3.984869808498684440e-01 4.106790458447195369e-01 4.173978521449516199e-01 4.250085411847925321e-01 4.288300574196725612e-01 4.344435496255045215e-01 4.367779408314590994e-01 4.402150237317972170e-01 4.427758776789010864e-01 4.452961506248885315e-01
-1.000000000000000000e+00 -1.000000000000000000e+00 -1.000000000000000000e+00 -1.000000000000000000e+00 5.484778691530682870e-01 5.274126485233172623e-01 5.062151007487135645e-01 4.844844598506717337e-01 4.642183872966078040e-01 4.461279774633538087e-01 4.328033168172248368e-01 4.182852038110134174e-01 4.023475019806448394e-01 3.863523679389133658e-01 3.676757610532436771e-01 3.479913588169187832e-01 3.269352496324253732e-01 3.061843466707913630e-01 2.836256019465983602e-01 2.653620754973557982e-01 2.513317342150532818e-01 2.386135089110376917e-01 2.292332839509939046e-01 2.216062884266575828e-01 2.142996277005881633e-01 2.086977978469366224e-01 2.048932978078434608e-01 2.025771290915442391e-01 2.001033019055174500e-01 1.994838419847410615e-01 2.001315525049466859e-01 2.021584953871959356e-01 2.030476199077262955e-01 2.055450009942057787e-01 2.087420887072677922e-01 2.135297535320274664e-01 2.189210200427202657e-01 2.236303230480444493e-01 2.306167567658917172e-01 2.367715268278367813e-01 2.430201482664995360e-01 2.487441002718786820e-01 2.544340018740127163e-01 2.585317087836986327e-01 2.624573426202927995e-01 2.658808189909673825e-01 2.675629104439466444e-01 2.704506002497483741e-01 2.724182821453001724e-01 2.742352348862823752e-01 2.763495670992628939e-01 2.824409156271040500e-01 2.882233454833785236e-01 2.956354753669860336e-01 3.082453728735436993e-01 3.202510034203389644e-01 3.352186369973228497e-01 3.456803976515636645e-01 3.645853568594807914e-01 3.819677846238019869e-01 3.906627797787549650e-01 4.033840180174573797e-01 4.105273442189537603e-01 4.223794762019148497e-01 4.289940963043146760e-01 4.336427966802725575e-01 4.388192971471659432e-01 4.417760707217824323e-01 4.456644430809660329e-01 4.491021981718832934e-01
-1.000000000000000000e+00 -1.000000000000000000e+00 -1.000000000000000000e+00 -1.000000000000000000e+00 -1.000000000000000000e+00 5.048478058761125542e-01 4.820862860001695616e-01 4.628791796447068729e-01 4.460750497439991968e-01 4.286367000466799193e-01 4.126597083952484590e-01 3.968630690158939656e-01 3.812913471801079868e-01 3.668880838418190349e-01 3.470221961984654713e-01 3.264863324189076765e-01 3.092116827399270518e-01 2.910117431466187621e-01 2.732402202585605955e-01 2.581931004771055860e-01 2.451370255165838119e-01 2.352800254871971752e-01 2.262188868423885557e-01 2.188836759121070841e-01 2.129129037437328398e-01 2.084169136233458841e-01 2.047419381995326804e-01 2.027040506602934278e-01 2.013979842580451984e-01 1.999448595661540706e-01 2.004031366886348531e-01 2.012999465816673050e-01 2.029830769690850745e-01 2.056397218224924606e-01 2.087519504033160389e-01 2.124822150582610647e-01 2.179690822728304056e-01 2.226644771252100086e-01 2.290437140066696464e-01 2.346595434136284908e-01 2.412838467353426997e-01 2.473809924092140733e-01 2.533067922984449938e-01 2.581227250717285648e-01 2.620617547829862115e-01 2.658479482472959066e-01 2.684269173013941190e-01 2.701240778576626256e-01 2.726587331477088871e-01 2.734298353073706389e-01 2.759243660274452448e-01 2.787609500490759729e-01 2.832080313082607770e-01 2.872202819571840204e-01 2.959499392680131069e-01 3.045975302945055918e-01 3.153836840932736085e-01 3.323443214394568024e-01 3.497398329034663855e-01 3.597960814360803283e-01 3.767512922708185497e-01 3.921054656930246796e-01 4.048987104291214556e-01 4.134240410825194556e-01 4.213728235047278226e-01 4.297161235142945568e-01 4.351641266551075637e-01 4.417049606824768881e-01 4.461614261713127694e-01 4.483331516441084741e-01
-1.000000000000000000e+00 -1.000000000000000000e+00 -1.000000000000000000e+00 -1.000000000000000000e+00 -1.000000000000000000e+00 -1.000000000000000000e+00 -1.000000000000000000e+00 4.427753129791288655e-01 4.260020395804432480e-01 4.092356683005223816e-01 3.925234433186052252e-01 3.778121769464357627e-01 3.612813000677565500e-01 3.434467452007255450e-01 3.283533610427666893e-01 3.104624937656139116e-01 2.950241844432346383e-01 2.802190706355290883e-01 2.646866592354285008e-01 2.511584898251951192e-01 2.412320236794789907e-01 2.300635954948429540e-01 2.229359725886356225e-01 2.159380966276396585e-01 2.109572141861643102e-01 2.064241836321575874e-01 2.028633808367220348e-01 2.005489989025013020e-01 1.991441914566846050e-01 1.987400839882348114e-01 1.985247837385430703e-01 1.995155093761294129e-01 2.009389436950510532e-01 2.034539258862053668e-01 2.067542038070377397e-01 2.100605238770980043e-01 2.144602151745804708e-01 2.198182814667050955e-01 2.264604034994545934e-01 2.317214704843108541e-01 2.384150719233328608e-01 2.445584554232762275e-01 2.510164047348444338e-01 2.556827414366692475e-01 2.605916024190927383e-01 2.646863498877048970e-01 2.672217766772534420e-01 2.697098731759322576e-01 2.707128136383143979e-01 2.725747344457018495e-01 2.733730729427349959e-01 2.744296248523549475e-01 2.775195885843345645e-01 2.801810705128938705e-01 2.874371947900924429e-01 2.942309788472679544e-01 3.020927126889649816e-01 3.175289404267342408e-01 3.306632718601139609e-01 3.440415995416234995e-01 3.551628721216719686e-01 3.722960130871740270e-01 3.894411663631544562e-01 4.005764941287258685e-01 4.124010149045841400e-01 4.243041962920927612e-01 4.290486388068689427e-01 4.384866517779998918e-01 4.444420199265750604e-01 4.501249324967586118e-01
-1.000000000000000000e+00 -1.000000000000000000e+00 -1.000000000000000000e+00 -1.000000000000000000e+00 -1.000000000000000000e+00 -1.000000000000000000e+00 -1.000000000000000000e+00 -1.000000000000000000e+00 4.057284575176995922e-01 3.886500556353502667e-01 3.733614990725435678e-01 3.572271864874373981e-01 3.433153059847119937e-01 3.270203838950344610e-01 3.111731163397561950e-01 2.959117592503642813e-01 2.823228982215129079e-01 2.683467199000969527e-01 2.565850944347336515e-01 2.456997746196821486e-01 2.347286069952890242e-01 2.263431242956501221e-01 2.185165187079716742e-01 2.133551638266796557e-01 2.083271254042180221e-01 2.040373433893390154e-01 2.005123854999648347e-01 1.978958884854527811e-01 1.967478001272907895e-01 1.959606374361247683e-01 1.968110441922681364e-01 1.975264009432081691e-01 1.990876900802971694e-01 2.006798318145578408e-01 2.034046860668136669e-01 2.073454385330508187e-01 2.120782303663567292e-01 2.170600816757406459e-01 2.226617624981198085e-01 2.277563309395196356e-01 2.343949525209454432e-01 2.405783769464719113e-01 2.466248089008202249e-01 2.528655716852089008e-01 2.572357289511499889e-01 2.611502269157414124e-01 2.647016892688791589e-01 2.670345756761591804e-01 2.688061340116112419e-01 2.707611233480796686e-01 2.710692443302480381e-01 2.718960013160512945e-01 2.733745540826244547e-01 2.760816237922003591e-01 2.787644419025369080e-01 2.840956610442593733e-01 2.910932933462037076e-01 3.000830251395741333e-01 3.113591333317529131e-01 3.208275965263398533e-01 3.418451994633945334e-01 3.544023331090626616e-01 3.693961167512562760e-01 3.847510546939861276e-01 3.979022457526333323e-01 4.122214642517136873e-01 4.241886760260645262e-01 4.316867440454879024e-01 4.375063621323060925e-01 4.448097706132837503e-01
-1.000000000000000000e+00 -1.000000000000000000e+00 -1.000000000000000000e+00 -1.000000000000000000e+00 -1.000000000000000000e+00 -1.000000000000000000e+00 -1.000000000000000000e+00 -1.000000000000000000e+00 -1.000000000000000000e+00 3.680911991852535703e-01 3.544918966410216532e-01 3.408695438279182865e-01 3.259906939571531881e-01 3.122217431264086018e-01 2.971632433608683566e-01 2.853315971303538867e-01 2.715112257535762796e-01 2.595243117253305809e-01 2.487759270620152341e-01 2.380209158707262129e-01 2.295152770976279233e-01 2.223650400943883165e-01 2.148087507576982302e-01 2.088375328736517822e-01 2.046779410837999413e-01 2.003960098937244416e-01 1.981001662821418874e-01 1.959355547417409305e-01 1.949471402060380110e-01 1.936920646997808693e-01 1.938482417483317066e-01 1.944578674425372355e-01 1.958112898708938843e-01 1.977985461245305165e-01 2.004588987809861333e-01 2.034942305958507558e-01 2.076778998853166525e-01 2.124651111043365792e-01 2.173247226032532786e-01 2.239949022783002397e-01 2.305808407089211809e-01 2.361099325419353523e-01 2.416298956915052532e-01 2.481840432061414858e-01 2.533548295346073620e-01 2.569040092183551560e-01 2.610720608190125747e-01 2.643030755430428314e-01 2.655741433916570249e-01 2.675748678376047573e-01 2.685948165960412859e-01 2.687566445271827864e-01 2.700157657461413896e-01 2.712144655057392995e-01 2.723890558473411883e-01 2.754682220772550760e-01 2.818708427156644825e-01 2.879299041145498839e-01 2.976045507870970774e-01 3.089129288738595713e-01 3.197835040469625412e-01 3.400615764556202958e-01 3.513093281751100139e-01 3.640507114435432845e-01 3.767808723134432047e-01 3.939195433662214807e-01 4.111121426435094262e-01 4.193207482700588851e-01 4.327208443409071847e-01 4.380857846544831680e-01
-1.000000000000000000e+00 -1.000000000000000000e+00 -1.000000000000000000e+00 -1.000000000000000000e+00 -1.000000000000000000e+00 -1.000000000000000000e+00 -1.000000000000000000e+00 -1.000000000000000000e+00 -1.000000000000000000e+00 -1.000000000000000000e+00 3.379483738105498736e-01 3.245348867172871410e-01 3.094274161665485634e-01 2.981753549667964243e-01 2.852357489345445640e-01 2.744361806683112692e-01 2.616288059134920796e-01 2.518672281472555952e-01 2.406879064744852914e-01 2.318583771611696653e-01 2.242902854583512240e-01 2.166326029308935641e-01 2.110769252498425896e-01 2.052810658080369832e-01 2.014074662894023149e-01 1.980395439410414793e-01 1.951375746157470725e-01 1.926493795331138403e-01 1.919452798703505658e-01 1.909050652903234169e-01 1.905631746223894196e-01 1.913249831189476058e-01 1.932163070093229629e-01 1.943233411911630681e-01 1.974959945437510245e-01 1.999441831089252275e-01 2.047209267623317508e-01 2.087748943974179205e-01 2.133257814786228834e-01 2.194407917104328753e-01 2.250321566732419454e-01 2.299807827411380068e-01 2.370355422253608291e-01 2.430895025022372646e-01 2.479450809667646249e-01 2.524153848225046959e-01 2.562849198059967692e-01 2.597332094824559845e-01 2.617234804548576044e-01 2.638226504476214318e-01 2.651722822957566228e-01 2.657412818070393756e-01 2.664062966515969855e-01 2.671638931974620323e-01 2.682607397785067294e-01 2.698531613920647221e-01 2.724585701568246199e-01 2.775111483312595051e-01 2.841560329941513752e-01 2.933774160359771122e-01 3.049260378752553513e-01 3.148511910782642031e-01 3.311064787907094242e-01 3.474093527297786865e-01 3.671958945902907279e-01 3.788853222748857497e-01 3.903735969211246659e-01 4.041994375323907374e-01 4.172148927197379953e-01 4.304268447336062065e-01
-1.000000000000000000e+00 -1.000000000000000000e+00 -1.000000000000000000e+00 -1.000000000000000000e+00 -1.000000000000000000e+00 -1.000000000000000000e+00 -1.000000000000000000e+00 -1.000000000000000000e+00 -1.000000000000000000e+00 -1.000000000000000000e+00 -1.000000000000000000e+00 3.084256471633092245e-01 2.968400469782528361e-01 2.850933617666110975e-01 2.734710787276217192e-01 2.630845419261821361e-01 2.524515965221151848e-01 2.428954479646937004e-01 2.338867825402852763e-01 2.266161989878585636e-01 2.180932024534831815e-01 2.127198688362446355e-01 2.065502215603716440e-01 2.020964638408016267e-01 1.979054812024308996e-01 1.944649252896036018e-01 1.917845520327458586e-01 1.900983935641881450e-01 1.882123250499425082e-01 1.881332241116669690e-01 1.875273088258877785e-01 1.881825889327369550e-01 1.894931341538383385e-01 1.910009018154741889e-01 1.931970831847032721e-01 1.960190753682014286e-01 1.994378482236869587e-01 2.038152518249158884e-01 2.079881139228637321e-01 2.141811523071816548e-01 2.196996298243774626e-01 2.250469987226395296e-01 2.303373786056746864e-01 2.368090231856722905e-01 2.421998962438832725e-01 2.470253189519108217e-01 2.507974389893509182e-01 2.539839179071101127e-01 2.571752894152422031e-01 2.589205591125903205e-01 2.605306883827311348e-01 2.616980579278566088e-01 2.625047914700450180e-01 2.629096953286461091e-01 2.640217866517973744e-01 2.651317056781450909e-01 2.660751894796899997e-01 2.711527032323166608e-01 2.741751872599413331e-01 2.801000285601881745e-01 2.900468412025896670e-01 2.999447084936304186e-01 3.119186902181884102e-01 3.303244127362732208e-01 3.443536517639478323e-01 3.598681646431298731e-01 3.718916131586706975e-01 3.899026676254913060e-01 4.073294731034385330e-01 4.184402442862532601e-01
-1.000000000000000000e+00 -1.000000000000000000e+00 -1.000000000000000000e+00 -1.000000000000000000e+00 -1.000000000000000000e+00 -1.000000000000000000e+00 -1.000000000000000000e+00 -1.000000000000000000e+00 -1.000000000000000000e+00 -1.000000000000000000e+00 -1.000000000000000000e+00 -1.000000000000000000e+00 -1.000000000000000000e+00 2.717630950135072054e-01 2.634532523858061914e-01 2.538643285039944297e-01 2.428975240336787023e-01 2.344956947683631832e-01 2.267545850930700324e-01 2.200264785247211530e-01 2.131925683009197880e-01 2.077846175302572318e-01 2.024992845495858784e-01 1.977814877473363930e-01 1.938855507081586327e-01 1.912149467103527456e-01 1.884544188966030542e-01 1.865202346029683211e-01 1.849628325618425939e-01 1.845157720689585557e-01 1.843969997771296720e-01 1.852952595446691053e-01 1.860258339017184515e-01 1.879604618246834002e-01 1.901355871023668598e-01 1.922642122612103766e-01 1.961609607106738484e-01 1.990291583415357002e-01 2.038608467978178795e-01 2.083130053391348824e-01 2.137105839172091237e-01 2.192968508833346430e-01 2.250728199964230070e-01 2.307593848356157828e-01 2.358110366811427827e-01 2.400787913458360678e-01 2.447845553698412002e-01 2.483279098312553279e-01 2.509367378482383892e-01 2.535646527909767856e-01 2.552026548270466266e-01 2.564345304200665310e-01 2.574157487150164902e-01 2.587071352068193719e-01 2.585143060955929495e-01 2.605956399483124186e-01 2.610843215182248045e-01 2.637568013652457632e-01 2.670236638165888743e-01 2.705288779025112333e-01 2.783860416741831267e-01 2.867737723982564657e-01 2.934316371037294924e-01 3.093909996188791145e-01 3.229255472764221979e-01 3.394790273030464656e-01 3.549330594125892913e-01 3.681258606300675806e-01 3.885553550403190171e-01 4.053562884952650602e-01
-1.000000000000000000e+00 -1.000000000000000000e+00 -1.000000000000000000e+00 -1.000000000000000000e+00 -1.000000000000000000e+00 -1.000000000000000000e+00 -1.000000000000000000e+00 -1.000000000000000000e+00 -1.000000000000000000e+00 -1.000000000000000000e+00 -1.000000000000000000e+00 -1.000000000000000000e+00 -1.000000000000000000e+00 -1.000000000000000000e+00 2.520968355346043244e-01 2.443385629660630165e-01 2.355187540737135599e-01 2.274367270300023947e-01 2.208260589630995918e-01 2.140641344402374191e-01 2.069743868831837308e-01 2.022516731897505415e-01 1.977431890713115814e-01 1.936198514053173725e-01 1.900747792099257705e-01 1.874265168617506860e-01 1.853506982631700495e-01 1.834950638382388810e-01 1.822162385079343361e-01 1.816910853125021374e-01 1.816861612780381885e-01 1.819821099793971497e-01 1.832412422051988010e-01 1.845480391823181576e-01 1.863922091587233154e-01 1.892052096152239682e-01 1.917414869487558127e-01 1.950607316842335182e-01 1.995154230158406039e-01 2.040164151888630151e-01 2.082904832324934952e-01 2.139071577355208531e-01 2.197025069224426974e-01 2.240338948753528847e-01 2.298413639167002920e-01 2.348017345240701603e-01 2.388076093282192613e-01 2.422808551110783859e-01 2.458062857632803688e-01 2.478369863130061856e-01 2.497654412537194113e-01 2.517174260265536700e-01 2.525078036881566179e-01 2.532225207007357537e-01 2.539741257370325411e-01 2.550683023023861407e-01 2.567176681723176701e-01 2.581162722304949919e-01 2.590240436337618024e-01 2.634383209442369145e-01 2.673566247449032929e-01 2.750093245751031312e-01 2.858670897448090109e-01 2.944941915598850990e-01 3.084345455575479567e-01 3.224039548889620632e-01 3.416777073679961862e-01 3.531258957410260413e-01 3.701209593922876184e-01 3.868649022116558145e-01
-1.000000000000000000e+00 -1.000000000000000000e+00 -1.000000000000000000e+00 -1.000000000000000000e+00 -1.000000000000000000e+00 -1.000000000000000000e+00 -1.000000000000000000e+00 -1.000000000000000000e+00 -1.000000000000000000e+00 -1.000000000000000000e+00 -1.000000000000000000e+00 -1.000000000000000000e+00 -1.000000000000000000e+00 -1.000000000000000000e+00 -1.000000000000000000e+00 2.346063483356996826e-01 2.268977997842200056e-01 2.201523897661322726e-01 2.141237395809848232e-01 2.072610551582982630e-01 2.021191788624382424e-01 1.976497374600910961e-01 1.935732669689016472e-01 1.894604136872022615e-01 1.864953525271146328e-01 1.840592848056094855e-01 1.817495613922709419e-01 1.799417237535993475e-01 1.793854861736079442e-01 1.783719381857041264e-01 1.785571557165028245e-01 1.787986098322822681e-01 1.802273793872379293e-01 1.814277277534317168e-01 1.837637233447447227e-01 1.855888360060120035e-01 1.880882050340964284e-01 1.913580270483685175e-01 1.955528305505230269e-01 1.994697298849867906e-01 2.043746307486577762e-01 2.088218466537257179e-01 2.136995465731971466e-01 2.185465697867635115e-01 2.236653582292485731e-01 2.278640385921407163e-01 2.326276225745703696e-01 2.373280502081364651e-01 2.396370013744422156e-01 2.423057509283414734e-01 2.441551177053077892e-01 2.460434005110577194e-01 2.473944549481952859e-01 2.479699554370394521e-01 2.490734435785648959e-01 2.501468559350368825e-01 2.517419569535074841e-01 2.520771614188659915e-01 2.548004040840769480e-01 2.575423604652618548e-01 2.614397775824947034e-01 2.656560893196882045e-01 2.743600541193039755e-01 2.842226172848588139e-01 2.930657084513143551e-01 3.055080386741202414e-01 3.202707550401501235e-01 3.378320609152505871e-01 3.577934993468072644e-01 3.773733132899372289e-01
-1.000000000000000000e+00 -1.000000000000000000e+00 -1.000000000000000000e+00 -1.000000000000000000e+00 -1.000000000000000000e+00 -1.000000000000000000e+00 -1.000000000000000000e+00 -1.000000000000000000e+00 -1.000000000000000000e+00 -1.000000000000000000e+00 -1.000000000000000000e+00 -1.000000000000000000e+00 -1.000000000000000000e+00 -1.000000000000000000e+00 -1.000000000000000000e+00 -1.000000000000000000e+00 2.196685108643860740e-01 2.124071832895493561e-01 2.073801083635105624e-01 2.016039611839567092e-01 1.972223269984253180e-01 1.927499174133793791e-01 1.889460087572281399e-01 1.852822338968071469e-01 1.822182370422711362e-01 1.805328664771614633e-01 1.785834188001979017e-01 1.772903474130717583e-01 1.763203616069070889e-01 1.758046776375489506e-01 1.753565605385334070e-01 1.757576861774631516e-01 1.769233485638229686e-01 1.781924290805484978e-01 1.805544091728162326e-01 1.827640723111207399e-01 1.848362726656601063e-01 1.882986049780657756e-01 1.919051125625432508e-01 1.954503884996346974e-01 2.001367173649356568e-01 2.047175427548890703e-01 2.086159508053417044e-01 2.141479011765622387e-01 2.182545402887726416e-01 2.221998769652790418e-01 2.263753730045967305e-01 2.304188405119877991e-01 2.332460130248598662e-01 2.358460252419974645e-01 2.388074455101677207e-01 2.403284700368049087e-01 2.421880744984727662e-01 2.428316170480103453e-01 2.440599009805873576e-01 2.455962034328774690e-01 2.461374526659144135e-01 2.474639689560678701e-01 2.498711533887169600e-01 2.510142821364620414e-01 2.542500231855284731e-01 2.600624524253363212e-01 2.668781887978479705e-01 2.754564183953160939e-01 2.821178056426214553e-01 2.988382225362274380e-01 3.172593941169182807e-01 3.312263465472398694e-01 3.482614034475610687e-01 3.644173806688053574e-01
-1.000000000000000000e+00 -1.000000000000000000e+00 -1.000000000000000000e+00 -1.000000000000000000e+00 -1.000000000000000000e+00 -1.000000000000000000e+00 -1.000000000000000000e+00 -1.000000000000000000e+00 -1.000000000000000000e+00 -1.000000000000000000e+00 -1.000000000000000000e+00 -1.000000000000000000e+00 -1.000000000000000000e+00 -1.000000000000000000e+00 -1.000000000000000000e+00 -1.000000000000000000e+00 -1.000000000000000000e+00 2.062916685651499937e-01 2.012021909782656381e-01 1.963973418578213725e-01 1.924398586347574047e-01 1.880648629855787290e-01 1.849309469438894238e-01 1.815374920979276607e-01 1.790956652547097405e-01 1.767938019459617260e-01 1.752120122747896913e-01 1.738976005238915823e-01 1.731311983937606214e-01 1.726867969508686096e-01 1.729964549592418466e-01 1.733937771262609728e-01 1.740649999100836454e-01 1.753421943828771534e-01 1.772053611605298729e-01 1.797880521781286822e-01 1.818352894577406897e-01 1.851603796145217251e-01 1.886874638656703407e-01 1.924244682745011592e-01 1.964042424609852289e-01 1.997152541167392104e-01 2.048510059565365193e-01 2.093970728529372938e-01 2.136522180147395478e-01 2.169264449898583025e-01 2.212333111983320333e-01 2.251922271759941030e-01 2.282393444442139263e-01 2.305937705295862394e-01 2.327108950668651532e-01 2.355002413443706977e-01 2.368330621060343588e-01 2.379468037298236860e-01 2.393214179281456799e-01 2.406733682062734692e-01 2.413994818864037550e-01 2.432660010960820129e-01 2.441954168595310559e-01 2.476914003642249895e-01 2.499089814940246845e-01 2.549170762013771019e-01 2.596196487068231362e-01 2.686037519426153208e-01 2.794246199933828056e-01 2.901136661313312715e-01 3.020184758982449869e-01 3.252525624262070369e-01 3.414079560297541560e-01 3.606876363429302179e-01
-1.000000000000000000e+00 -1.000000000000000000e+00 -1.000000000000000000e+00 -1.000000000000000000e+00 -1.000000000000000000e+00 -1.000000000000000000e+00 -1.000000000000000000e+00 -1.000000000000000000e+00 -1.000000000000000000e+00 -1.000000000000000000e+00 -1.000000000000000000e+00 -1.000000000000000000e+00 -1.000000000000000000e+00 -1.000000000000000000e+00 -1.000000000000000000e+00 -1.000000000000000000e+00 -1.000000000000000000e+00 -1.000000000000000000e+00 -1.000000000000000000e+00 1.913653969848417291e-01 1.873910637427616266e-01 1.839238778253008688e-01 1.805901587143620979e-01 1.779214003975866654e-01 1.754734147459268701e-01 1.733258339456416053e-01 1.718034084975579578e-01 1.709217858734422280e-01 1.703419873892831338e-01 1.699556243831496782e-01 1.702693834275132156e-01 1.708578143879736499e-01 1.719198151951379927e-01 1.735834702167853849e-01 1.749744210718743032e-01 1.772505028510032166e-01 1.798197866646324139e-01 1.824254323349744078e-01 1.857002082685480504e-01 1.895417084216343417e-01 1.926262380765920157e-01 1.966703470701665069e-01 2.009624382826599442e-01 2.051053403015434262e-01 2.092910887059559188e-01 2.126283093958557524e-01 2.162762786153111516e-01 2.200180587447875813e-01 2.232901269248898091e-01 2.253394561752036507e-01 2.279243007614245031e-01 2.300140200577860949e-01 2.319463098464392692e-01 2.332646531057835926e-01 2.349095275622531676e-01 2.361005551896352972e-01 2.373659099593461996e-01 2.393716903377084704e-01 2.409705587987475139e-01 2.430854099334186225e-01 2.459223463536366339e-01 2.505878836115278951e-01 2.574647366293232320e-01 2.634749016497650587e-01 2.757279408141902199e-01 2.877349657346246481e-01 2.987015606689181757e-01 3.225274571460610695e-01 3.368807450689071392e-01 3.570949615686596079e-01
-1.000000000000000000e+00 -1.000000000000000000e+00 -1.000000000000000000e+00 -1.000000000000000000e+00 -1.000000000000000000e+00 -1.000000000000000000e+00 -1.000000000000000000e+00 -1.000000000000000000e+00 -1.000000000000000000e+00 -1.000000000000000000e+00 -1.000000000000000000e+00 -1.000000000000000000e+00 -1.000000000000000000e+00 -1.000000000000000000e+00 -1.000000000000000000e+00 -1.000000000000000000e+00 -1.000000000000000000e+00 -1.000000000000000000e+00 -1.000000000000000000e+00 -1.000000000000000000e+00 1.832948758484841123e-01 1.799158519813733592e-01 1.764934536724864500e-01 1.746999692422009087e-01 1.723190071983265459e-01 1.705316435376348361e-01 1.694429480552966660e-01 1.685233993646802209e-01 1.676553263609635025e-01 1.675280329477980557e-01 1.680725330637346249e-01 1.687197939445889694e-01 1.693276989166767332e-01 1.709714092441193545e-01 1.727268602479221093e-01 1.749187045629881920e-01 1.772218303979257448e-01 1.799175840448812846e-01 1.830302243067469525e-01 1.861837936155024409e-01 1.905824783470033146e-01 1.937212647530165421e-01 1.971515601516527771e-01 2.017365366467756549e-01 2.054490306819218293e-01 2.086296188132107099e-01 2.130731568714563928e-01 2.159051766050772148e-01 2.189025009536756661e-01 2.206134214728617537e-01 2.233653492082160186e-01 2.253917824735650610e-01 2.272012011195652936e-01 2.291017252676225135e-01 2.309435016356089776e-01 2.325796700840478959e-01 2.334929833544559241e-01 2.356485252336227298e-01 2.374224009591248963e-01 2.402939099562955982e-01 2.438315564923757561e-01 2.474271542175083549e-01 2.555186742831726532e-01 2.625472391228632629e-01 2.736243095571688211e-01 2.857240909682212671e-01 3.087897254991172069e-01 3.232121923482760839e-01 3.436756894919590910e-01 3.586761669985473744e-01
-1.000000000000000000e+00 -1.000000000000000000e+00 -1.000000000000000000e+00 -1.000000000000000000e+00 -1.000000000000000000e+00 -1.000000000000000000e+00 -1.000000000000000000e+00 -1.000000000000000000e+00 -1.000000000000000000e+00 -1.000000000000000000e+00 -1.000000000000000000e+00 -1.000000000000000000e+00 -1.000000000000000000e+00 -1.000000000000000000e+00 -1.000000000000000000e+00 -1.000000000000000000e+00 -1.000000000000000000e+00 -1.000000000000000000e+00 -1.000000000000000000e+00 -1.000000000000000000e+00 -1.000000000000000000e+00 1.765476671880722992e-01 1.735683080677383194e-01 1.715483456762014747e-01 1.697883993378011824e-01 1.681657516504437011e-01 1.670610011019932895e-01 1.664116415186599196e-01 1.657042460882196533e-01 1.658177495775172983e-01 1.661369833054244238e-01 1.666952203904903396e-01 1.677247213368411594e-01 1.693493707652586611e-01 1.710975223394980704e-01 1.732435081096483642e-01 1.755811001026306162e-01 1.782177239034215266e-01 1.813771231193734845e-01 1.848320279427258794e-01 1.878611960593329078e-01 1.916254844609635855e-01 1.948934254393627497e-01 1.985903268938780941e-01 2.023378723487262720e-01 2.056893996306541073e-01 2.087010331293839283e-01 2.127032933948331261e-01 2.149572775243787925e-01 2.177740019487579004e-01 2.192783158984299430e-01 2.218710220639791009e-01 2.238497429607645417e-01 2.256030364605448035e-01 2.273510342812426199e-01 2.296472637716687748e-01 2.310392847272154382e-01 2.337426820314462139e-01 2.358623503004521893e-01 2.394628446663502885e-01 2.433904190746838669e-01 2.489270849263587326e-01 2.568019693862965136e-01 2.629832704798355514e-01 2.757217210072820945e-01 2.918846666745442131e-01 3.096235803291475519e-01 3.291138450527377191e-01 3.441203061429871646e-01 3.725163514536705134e-01
-1.000000000000000000e+00 -1.000000000000000000e+00 -1.000000000000000000e+00 -1.000000000000000000e+00 -1.000000000000000000e+00 -1.000000000000000000e+00 -1.000000000000000000e+00 -1.000000000000000000e+00 -1.000000000000000000e+00 -1.000000000000000000e+00 -1.000000000000000000e+00 -1.000000000000000000e+00 -1.000000000000000000e+00 -1.000000000000000000e+00 -1.000000000000000000e+00 -1.000000000000000000e+00 -1.000000000000000000e+00 -1.000000000000000000e+00 -1.000000000000000000e+00 -1.000000000000000000e+00 -1.000000000000000000e+00 -1.000000000000000000e+00 1.707678231273951353e-01 1.687756504742940200e-01 1.671832077531210103e-01 1.656165882707983372e-01 1.648907690202613685e-01 1.644948135257693622e-01 1.637627964274434855e-01 1.641554630923165448e-01 1.643242313396884313e-01 1.650123671697993066e-01 1.661578878296815498e-01 1.678401614319463553e-01 1.695899806442473512e-01 1.716307569030965929e-01 1.744058150642714689e-01 1.770613433688282556e-01 1.799461351705340939e-01 1.834172515892739386e-01 1.865521884692132870e-01 1.899094299296242572e-01 1.938199806792271496e-01 1.969957156569231149e-01 2.004959041357057825e-01 2.037445975540910226e-01 2.074712166827291371e-01 2.093308585705230818e-01 2.122254566865323377e-01 2.138210409912897347e-01 2.176224208595114451e-01 2.187096198968968286e-01 2.217302745325683833e-01 2.235860367110826530e-01 2.252490911288482223e-01 2.269694408318348178e-01 2.299755011555986439e-01 2.323485110889517979e-01 2.358230757835788893e-01 2.401321092270941315e-01 2.435953530213326723e-01 2.505379569641912885e-01 2.618005571355921934e-01 2.716035367999768968e-01 2.849273111352409460e-01 3.028128773597657530e-01 3.263467476536763834e-01 3.412112160590635712e-01 3.716774039283700648e-01 3.842397804963994523e-01
-1.000000000000000000e+00 -1.000000000000000000e+00 -1.000000000000000000e+00 -1.000000000000000000e+00 -1.000000000000000000e+00 -1.000000000000000000e+00 -1.000000000000000000e+00 -1.000000000000000000e+00 -1.000000000000000000e+00 -1.000000000000000000e+00 -1.000000000000000000e+00 -1.000000000000000000e+00 -1.000000000000000000e+00 -1.000000000000000000e+00 -1.000000000000000000e+00 -1.000000000000000000e+00 -1.000000000000000000e+00 -1.000000000000000000e+00 -1.000000000000000000e+00 -1.000000000000000000e+00 -1.000000000000000000e+00 -1.000000000000000000e+00 -1.000000000000000000e+00 1.668639311990011420e-01 1.649804132195436535e-01 1.639085349088642840e-01 1.631350085491247992e-01 1.626556405648328374e-01 1.625517618670002939e-01 1.626456846206640883e-01 1.633890894366562263e-01 1.643404890813092156e-01 1.649919807674476435e-01 1.668208861934253051e-01 1.689323058116013743e-01 1.713835974269453943e-01 1.734794075329617880e-01 1.764628826793175065e-01 1.792951488397410975e-01 1.822233402736520846e-01 1.857088585787388391e-01 1.888715714507358534e-01 1.922102692953736591e-01 1.958680675810247906e-01 1.992353412074134300e-01 2.021837048098279188e-01 2.058431268272535308e-01 2.085023465711039192e-01 2.108291213060544123e-01 2.132280848683408836e-01 2.160200836146976833e-01 2.179937327763321053e-01 2.202486049902846466e-01 2.225456719175476217e-01 2.242560118584870088e-01 2.270291262798232179e-01 2.286246664659248029e-01 2.330178999645989846e-01 2.358331454400275640e-01 2.424663729350289565e-01 2.506209186001471800e-01 2.575755813489309931e-01 2.742903879842807924e-01 2.862224940425719399e-01 3.049679277086616569e-01 3.265413531161764915e-01 3.505228884729988392e-01 3.705784683291269976e-01 3.928184466604847658e-01 4.215238204779286346e-01
-1.000000000000000000e+00 -1.000000000000000000e+00 -1.000000000000000000e+00 -1.000000000000000000e+00 -1.000000000000000000e+00 -1.000000000000000000e+00 -1.000000000000000000e+00 -1.000000000000000000e+00 -1.000000000000000000e+00 -1.000000000000000000e+00 -1.000000000000000000e+00 -1.000000000000000000e+00 -1.000000000000000000e+00 -1.000000000000000000e+00 -1.000000000000000000e+00 -1.000000000000000000e+00 -1.000000000000000000e+00 -1.000000000000000000e+00 -1.000000000000000000e+00 -1.000000000000000000e+00 -1.000000000000000000e+00 -1.000000000000000000e+00 -1.000000000000000000e+00 -1.000000000000000000e+00 -1.000000000000000000e+00 1.626540951395363255e-01 1.618353960884783282e-01 1.614202857496608301e-01 1.610688081407957717e-01 1.619577578508287485e-01 1.624654051391302700e-01 1.634238133770397894e-01 1.648714379649071637e-01 1.663767240296261662e-01 1.684090491922262123e-01 1.708842449755711979e-01 1.732845599961233274e-01 1.761820163243899839e-01 1.792945271442659694e-01 1.825040735093455546e-01 1.854127451354692924e-01 1.883994737731580216e-01 1.926663109200989210e-01 1.954400065596382796e-01 1.980968049277084253e-01 2.017254723600594157e-01 2.047098769756762193e-01 2.075478199500306320e-01 2.103838412133742786e-01 2.125642970280874622e-01 2.154154880457418431e-01 2.175520453898198980e-01 2.208127222856718641e-01 2.232331142361926590e-01 2.254494357691012862e-01 2.290269963315250956e-01 2.325146272010229220e-01 2.367841836883203543e-01 2.412275943039560999e-01 2.488022523779402639e-01 2.619264416265286166e-01 2.753382638590549103e-01 2.920012515550946541e-01 3.117645755582523770e-01 3.346156244542018432e-01 3.609345067379630123e-01 3.879561768066636107e-01 4.067978680909480338e-01 4.223382284964999345e-01 4.476976193908981938e-01
-1.000000000000000000e+00 -1.000000000000000000e+00 -1.000000000000000000e+00 -1.000000000000000000e+00 -1.000000000000000000e+00 -1.000000000000000000e+00 -1.000000000000000000e+00 -1.000000000000000000e+00 -1.000000000000000000e+00 -1.000000000000000000e+00 -1.000000000000000000e+00 -1.000000000000000000e+00 -1.000000000000000000e+00 -1.000000000000000000e+00 -1.000000000000000000e+00 -1.000000000000000000e+00 -1.000000000000000000e+00 -1.000000000000000000e+00 -1.000000000000000000e+00 -1.000000000000000000e+00 -1.000000000000000000e+00 -1.000000000000000000e+00 -1.000000000000000000e+00 -1.000000000000000000e+00 -1.000000000000000000e+00 -1.000000000000000000e+00 1.609521168405235181e-01 1.608966684160480498e-01 1.606466872794567180e-01 1.610935319489428807e-01 1.622557348936312371e-01 1.631452005647000825e-01 1.649143849967297237e-01 1.667937562843014310e-01 1.688195989242450290e-01 1.710715925985102359e-01 1.735910357769400447e-01 1.766522158216007055e-01 1.802354075315797943e-01 1.830654842388273751e-01 1.859875042953355873e-01 1.899711936545053770e-01 1.927505652126376423e-01 1.959584888452781115e-01 1.994541178791396085e-01 2.023986442154542820e-01 2.054803938604763125e-01 2.078917534310377457e-01 2.107639625703700004e-01 2.134976975403816146e-01 2.163335463012993620e-01 2.193681916296741086e-01 2.215379300490604997e-01 2.257328977852145480e-01 2.291881783050813137e-01 2.341745140901554667e-01 2.388097140294994924e-01 2.450997546499776303e-01 2.528369332683585435e-01 2.653593897754210618e-01 2.828077129296387993e-01 2.964858526896002600e-01 3.309614651233560578e-01 3.530012324621781272e-01 3.727235810426348106e-01 4.104688216814698642e-01 4.220244727217800640e-01 4.480227926311347031e-01 4.672387474367028504e-01 4.863864054344229082e-01
