1.197767667931678553e-222 2.023158571537853804e-200 1.135040554060812213e-186 3.793188694952046453e-172 4.635686339773240113e-156 2.849698338985674219e-139 2.510653677237415724e-128 2.146283347656401484e-117 1.170773142775023646e-99 2.328441200168489357e-93 9.188258083666279658e-83 2.667756892217917764e-73 9.380362636600082160e-68 1.993433353548595302e-58 4.380604612537035685e-53 3.411546353879149238e-47 7.123949611967176078e-42 6.418270202705900671e-34 6.380933497758983902e-31 3.062287622703537932e-28 2.304269615572756364e-24 3.947186351528160359e-21 1.339863925597056021e-18 1.232142586225599465e-16 7.931516392861472365e-14 1.024067307970810200e-11 2.058862109500820956e-10 7.429622479386124367e-10 1.099206367837366452e-08 6.393863335727207142e-08 4.498094965426276766e-07 4.215502227307949575e-07 1.628155534133269823e-06 1.658831755757327498e-06 3.418523941152071521e-06 1.559569100332494524e-06 2.922877586809350367e-06 9.055390446490607215e-07 8.402385625010395065e-07 1.285108171791415421e-07 4.211515065356154141e-08 1.304647462436228609e-08 1.529276471170474327e-09 1.428316959175469042e-10 1.550862735539043637e-11 1.193869966306273305e-11 7.526276662883531457e-14 1.826052916742953883e-15 1.942696381205697970e-16 5.407610530423541605e-18 1.742129131014766261e-18 6.442458841355397330e-19 7.010523638219364105e-21 9.386762380971157030e-21 9.035493133956673490e-22 3.054009930469262069e-23 2.043571756569014991e-25 2.734388376834250319e-26 5.759357586325421751e-27 1.225701399343469799e-28 1.353622297099873204e-28 7.408063826171489890e-30 5.347715733917025551e-29 3.980782553300038142e-28 6.279236071021605828e-31 4.276812972917305126e-32 1.188614523028270919e-31 4.621910455831686723e-33 2.408249426622955768e-33 1.276804582370607456e-33
6.418065330024933619e-228 6.891076386747877776e-197 8.971571247453702483e-185 2.089653168114280790e-171 1.975950002825075472e-150 6.537277920616380818e-140 3.162146253670063032e-123 1.644730485185188774e-110 7.274996213824763995e-104 2.904921962785075421e-91 1.075965226975861665e-80 7.765602283251726569e-74 6.280020733897273419e-67 2.354711189282450869e-58 3.149689096824109881e-52 7.563857367369550245e-46 1.380086307511883456e-40 3.430585253755482451e-36 1.784802421069304400e-32 1.315556320490295867e-26 7.195862504328779829e-24 4.688637952450288747e-21 3.362986864401536826e-18 1.381615454920964209e-15 5.334617129597501019e-14 6.823177615689139768e-12 1.231910057340201668e-10 1.828973585101033172e-09 1.524351352518192174e-08 1.976658951668643599e-07 2.569567514830397678e-07 7.587776007911828752e-07 2.282036739823069427e-06 1.900246746343205667e-06 4.235345438793920381e-06 3.532221833822376810e-06 1.422673660596407871e-06 1.911655580327304609e-06 4.001439064729283154e-07 1.466595970757836787e-07 3.804493045775190263e-08 1.594346732675032051e-08 4.879372882842776867e-10 6.470270983000504670e-11 1.180504266735945171e-11 3.298381834981232791e-12 6.697938440732716033e-14 4.523049109146865239e-15 1.922135018313533438e-16 7.501664343936663925e-17 2.912043377190480592e-19 3.804519435035312438e-19 2.180254060816028465e-20 3.787461299370870313e-20 1.950194754143894249e-22 8.479074642581629478e-23 4.079214680708526047e-24 7.780110458178143307e-25 1.606309109561604633e-25 7.775426835763644000e-27 8.705820939531445426e-28 2.776980900499312080e-28 5.239805278449067332e-30 1.213834772272864252e-30 1.206176885754065391e-30 2.159523385711423962e-30 1.530830957537591351e-30 1.014725786916886824e-32 1.087639647529249306e-33 1.598543107978014821e-33
4.828374403079771016e-221 8.713770478137851760e-201 5.686931408288162440e-186 1.276036223184421144e-165 3.735063797962589528e-153 1.666138841049856781e-131 1.325401434173619065e-127 1.493840370004418235e-112 7.004400827497880669e-105 6.089311840414581064e-92 4.804833219924388794e-82 2.138651828173738018e-74 9.685200836525990212e-67 1.045944188463016356e-58 1.629988518256664950e-50 1.922888959578154999e-46 1.105511353968047501e-40 1.520516207991932016e-34 5.021883833298248372e-31 7.615072830839483328e-27 7.901144457894249399e-23 9.469398661068214023e-21 6.874272391221615549e-18 2.708237420540035712e-15 4.991762561967261498e-14 1.386831593345323584e-11 2.669175058636276331e-10 3.245619704778448809e-09 3.181421891296749357e-08 9.407386592138539265e-08 7.339542854438528451e-07 1.135512424823412097e-06 5.831633894790821848e-06 6.132979772028459755e-06 4.244278032604806194e-06 4.152680594560388292e-06 3.667160033915075511e-06 2.791933065555160946e-06 6.315291312978270698e-07 9.177595220708503293e-07 4.974955567939314865e-08 2.801572054091407639e-08 3.338834425007231939e-09 3.751358145820117594e-10 6.351220669802377964e-12 3.318859839011510368e-12 1.410060340861929535e-13 6.886781211031011263e-15 1.614072570303146611e-14 2.178348627525165082e-17 2.208185255311416079e-18 7.710614718278377607e-20 2.642805597334702793e-20 2.160481181049372367e-20 3.713976784994438667e-22 2.161124525367441051e-22 3.949455796458915674e-23 1.489425665972021445e-25 2.358387698505664515e-26 9.751938856829297331e-26 4.433210840063717755e-27 4.804220492350102741e-28 8.030357562122103281e-29 1.167192900433433238e-30 7.615881580450855369e-31 3.892442114689926157e-31 2.227845385829561175e-32 4.882654148694787602e-33 1.192648372779142890e-32 4.092456777030949442e-34
1.468966907859056347e-221 4.484996167110155629e-197 1.321735387299019743e-184 8.299575316668720976e-166 9.296322308142774157e-150 1.092307271142507961e-136 4.835706540317572895e-124 1.454442604469746744e-111 2.333366995642480337e-100 1.306854418051198524e-86 4.264041742129091607e-80 2.041965860061771710e-71 7.284286184673616315e-62 2.275108728705003422e-56 4.240488086261103201e-51 2.859510532089798995e-46 7.823115887516044005e-39 1.393466562818109166e-35 2.783349465742900947e-30 1.063779609430815054e-26 6.008389991361083205e-23 1.054613716614503559e-20 7.838228621051754737e-18 2.132777742269368557e-15 2.401055038448004652e-13 4.803601599630903331e-12 4.851612709050269721e-10 1.929326433847594818e-08 5.169958319884129784e-08 4.656624797782799660e-07 6.968397473116998862e-07 2.243488323608521902e-06 4.234183868164473023e-06 3.688541855707163481e-06 5.635666138075537424e-06 2.416443717557395048e-06 3.337626575842942598e-06 3.062885310939411002e-06 6.424307961938523756e-07 1.025589400565254793e-06 1.720267279758858473e-07 1.748480771045791278e-08 5.074660761274241959e-09 2.853779958381479033e-10 9.793604635896062828e-11 1.328164887572154809e-11 7.683292497494967424e-13 2.829334000134292521e-14 2.839194231625188281e-15 1.197226329945220563e-16 4.866453702831007069e-17 1.648838811777545799e-18 2.645416541816718633e-20 2.046062731985742209e-20 9.937019189036836310e-21 3.413419203204224352e-22 9.073252910848064356e-24 1.177438618757230466e-24 7.118112206418610359e-26 1.831564556156799037e-26 5.817985000620186474e-26 1.629844550658213299e-26 1.041624840704735259e-28 1.211029928839834239e-29 7.231452646482070436e-29 4.413779405181644579e-31 2.508458903916288239e-30 2.025126142911809006e-31 1.396943914820400356e-33 3.029316276890973612e-32
8.836633958179999580e-222 5.036114040321106753e-198 1.412149986563711903e-182 3.176862330163897543e-167 1.851248436092268471e-154 2.728703170695332259e-137 1.400360051806050400e-122 1.237646984929200187e-111 5.332452641327150607e-96 3.982726208450335572e-92 2.161946583240215367e-79 1.544857034059070384e-72 2.236526147678541080e-64 4.227766800917767534e-58 2.640396607850127124e-49 1.524983252823017144e-43 2.011429332966010623e-39 6.339481863180403302e-34 4.650895048985696790e-30 1.136843117547917770e-26 1.940786531117457712e-23 1.033105699702698225e-19 2.143570862965122839e-17 1.436332316604592728e-14 8.777628953152153912e-13 3.289290850526062089e-11 2.745054717012260729e-10 6.394538368244104943e-09 7.166160667157096910e-08 4.738321721536242937e-07 2.484333236202216779e-06 2.273490780787109107e-06 6.696939560033672661e-06 1.145347296075238026e-05 1.888506254991419528e-05 1.107222757662257910e-05 4.918900432486835058e-06 2.605870649049747991e-06 1.482356801525320817e-06 6.456885539850375889e-07 2.098701597986798931e-07 1.863897776762072486e-08 3.528184222825967325e-09 8.046331627464837098e-10 1.772073093753978704e-10 4.953834249078755599e-12 2.024926867415711926e-13 4.420025345246036298e-14 2.497279237014683663e-15 5.632776845237610742e-17 8.380121237003357721e-18 9.006311334044927573e-19 2.415507170064832708e-19 8.472588315437717625e-21 1.460756130442653728e-21 6.645304191664478342e-23 9.905545931755578395e-24 5.322710345392876054e-25 6.521995378792152418e-25 5.417395917188313267e-26 1.393523813667416228e-26 6.072522293740916592e-27 7.317074982313285237e-28 4.284197058120489961e-29 8.629541740641608646e-29 1.629367145644560386e-30 6.877312174064376428e-31 4.900854098252936515e-31 4.024877262610336281e-33 3.744852420740380878e-33
2.613266317421975859e-224 1.753501611603825181e-203 2.832021256999792893e-182 5.121291690020741737e-165 1.261025754399776152e-147 1.209516310514865150e-137 1.656316965898525764e-121 5.175237515915782594e-110 3.429738889592109522e-100 5.546743621283859288e-88 1.321208613906707616e-81 3.184199780994558163e-72 4.983502391284325327e-63 1.833212219780058754e-56 4.357164045640089851e-49 1.148398464173095379e-44 4.738429295997433615e-39 1.390094339941944879e-32 1.226655388945444452e-29 3.262587709344877950e-26 3.411083888691705655e-23 5.928722266306590772e-19 4.697360050272909967e-17 4.921327824278666295e-14 1.250110887476795038e-12 8.334054229313667520e-11 1.968791069267973480e-09 1.663892764857592444e-08 1.857761336529540497e-07 7.989658193608487287e-07 1.984291835962136600e-06 4.044051487450104678e-06 6.009560859573920329e-06 7.425116590436364802e-06 1.455157636708788144e-05 1.378030837800772379e-05 7.935361640380206885e-06 3.038744730566272088e-06 1.884858899337710588e-06 5.086212633588512652e-07 5.393110153570403808e-07 2.887816851879326031e-08 1.481851557287224751e-08 3.417793273461847985e-09 6.439101393470671865e-11 7.856435875991748394e-12 9.237030715958823297e-13 3.709150120979623003e-13 2.239371423819582147e-14 6.632005708380810971e-16 8.368004536972133187e-18 2.101946484419875391e-18 2.422247888263424172e-19 1.819122340938811479e-19 3.229100663143138687e-21 4.700264549644998259e-22 4.186809211130931064e-23 9.844817429531620112e-24 4.070422016965820533e-24 6.967998320605550482e-25 9.012696050261822489e-26 1.093998468407482815e-27 1.088031304821197635e-27 3.335860473855767662e-28 1.839501871984706882e-28 3.220610281169582966e-30 1.747083685443271895e-29 1.742357074899366736e-30 4.350820634623348804e-32 2.026329126796389089e-31
3.581134148252253921e-220 1.264110761168189993e-191 1.019704551256907669e-181 2.884222473335196392e-165 5.573654187844265950e-146 6.790606366591007118e-135 3.555920083116895160e-123 2.651080929316437081e-112 5.571357266023027133e-100 7.674371480474417579e-87 2.795337209290924830e-80 1.891961234163362837e-71 2.254260004859503493e-63 7.148876079772434048e-57 6.559019646332042646e-49 6.706806404779498245e-44 2.973432505698685376e-39 9.511344028736471323e-35 2.444012974641550089e-29 1.723287383544372444e-25 3.388391379552743939e-21 4.100905222651719788e-19 1.334110285291925025e-16 3.983836221507132836e-14 5.038012696639438408e-12 1.801583850156926951e-10 3.333010056284215880e-09 1.894866029104551415e-08 2.593049683862953789e-07 7.386065234945924453e-07 1.797422100468473652e-06 6.140378424789695789e-06 1.458969077658628216e-05 2.112471483757706733e-05 1.573802987315408140e-05 1.337971900423895635e-05 1.101632223348455913e-05 6.466028906626734123e-06 2.057152884672893721e-06 1.337516966893317403e-06 1.470179988210573776e-07 6.471402286881868103e-08 4.082895719697179843e-08 5.036478606936441243e-09 7.646105062874327821e-10 1.972788005741295857e-11 1.249815698356241996e-11 1.864332601177048507e-13 2.245879675082313238e-14 2.823332209271775148e-16 4.265884702965994484e-16 1.945824260149870388e-17 2.496962582831424740e-18 1.224438336598847166e-18 4.447113055431347859e-20 2.927680602149000236e-22 6.768738506632112286e-24 2.044319339991028034e-24 1.115158168616145098e-23 4.500589201521896659e-25 7.058118508759403538e-26 2.350257368245158130e-26 2.058932765168047396e-27 1.801782549473776759e-27 2.233424267554697766e-27 1.569189199175137623e-27 1.630143938488817384e-29 2.992594305529271338e-32 5.360540060859155186e-31 1.101740585115276787e-30
7.548458703027693555e-214 9.801142734003702804e-194 3.795768803667784449e-182 3.886281025836378253e-164 1.054580096601185210e-147 9.316508236750611586e-132 5.921051320162873305e-121 3.292884510895590914e-111 1.993543342612578472e-98 7.216105759489279789e-88 2.454336586735288253e-75 7.678068225111521677e-68 3.490442765794581860e-60 1.000245045502263883e-54 5.157976156818143587e-49 4.321523998201691373e-42 1.185164953866783633e-36 4.637569330189193333e-32 6.316973101192335451e-29 6.861447544306610988e-25 2.563706914770373723e-21 5.664244902184222790e-18 1.235482525445289548e-16 7.810448503382341169e-14 3.647820184386548526e-12 1.198975225524023786e-10 3.200882224404890802e-09 7.545878423244614128e-08 3.564081273393408093e-07 1.146643112654826628e-06 2.071354740944700840e-06 1.385995478237413524e-05 1.389093222940098982e-05 1.810865570256703475e-05 1.942452408312545439e-05 2.884028122869887917e-05 9.136660618994634568e-06 1.252054810812644872e-05 4.402519460062848638e-06 1.321154399066484481e-06 2.898835863690499628e-07 6.136740450989961263e-08 3.169783071523187683e-08 4.406356729789065411e-09 3.402245745487707530e-10 2.933645957496668795e-11 3.721445150560671024e-12 2.775687364554383782e-13 6.103670830054693193e-15 8.503185732564188436e-16 4.411890253175529541e-16 1.247484025831537269e-16 3.011718194038414204e-19 1.597757541937842457e-20 9.298879985872570716e-21 1.199632298777820706e-21 1.524840174605417527e-22 4.032859745601421916e-22 7.721556264826910581e-25 8.258617440513915858e-24 2.574216480610973953e-25 2.975747502665758027e-26 2.967680399980185097e-26 2.164733586112867432e-26 7.188211726943614062e-28 1.081690699125757747e-29 2.751818012855558279e-30 4.552706234765137773e-30 2.963844211220588117e-30 9.471866420052089042e-33
1.427155234587685254e-210 1.034128045575194100e-199 8.699749754449582363e-179 2.249839792952395590e-163 2.833211788507304571e-145 8.693634784269573395e-133 1.734232428056883695e-119 5.804885097667446118e-104 9.987913689775362515e-98 2.226273595840319727e-87 3.449382835889047879e-79 4.317204296774933834e-68 3.307765715280996037e-59 1.690060008634448337e-55 6.005756315070721365e-49 3.492570309046783395e-42 3.518785557872080300e-37 2.945685337850432887e-32 4.820333737071084371e-28 5.834808449547941670e-24 3.413736076812649712e-21 2.173131578065458366e-17 5.957075348648239711e-16 6.749000682368513543e-14 1.168211265743766082e-11 2.751736251819820711e-10 4.691128905667436417e-09 7.534282209294710037e-08 3.049404513594772071e-07 2.387786686839933559e-06 5.742645109443217534e-06 1.258648346247769613e-05 1.905943409921770454e-05 2.510770768105535656e-05 1.620494673050512085e-05 4.085109858584634043e-05 2.307011638983626000e-05 1.516097016889323391e-05 5.894909352976551195e-06 1.571350715246068310e-06 8.999460141237618915e-07 3.703846621086180878e-07 3.319882013580270187e-08 6.623579279229037571e-09 2.870759159160187307e-10 2.241995144836598996e-11 6.554886400433899947e-12 1.524826071451855122e-11 5.351684412086220816e-14 5.513827506094424164e-15 2.366892920576752731e-16 2.661414179802936176e-17 7.625705093336337556e-19 1.512131110375433874e-18 2.506212186819685297e-19 3.402921856423187822e-20 6.013048662475109874e-23 1.865255129584021074e-22 3.267221876411196416e-23 3.146696204860111476e-24 1.135307958480452173e-25 1.817246424169857312e-26 1.246631370720650785e-25 2.726190883833899945e-27 1.369356456341441706e-28 4.744360447701233811e-29 1.074187739334799885e-29 1.889410443432751425e-30 2.096466496056658371e-30 2.717506850220369239e-32
6.883711622661932845e-220 8.412387420020109934e-194 4.060340926757363599e-178 5.567679959496948848e-159 5.544063291266086188e-147 1.192574099468090206e-133 7.303500518214844538e-118 1.810436224860459279e-105 9.486622794470142403e-94 1.039022520787596349e-86 1.177352557198745542e-75 4.337343593281863835e-68 3.370730221524061942e-60 7.392767147846361319e-53 6.826201312041635928e-48 3.864176812618426864e-43 2.033816234777617249e-36 1.101745554613214888e-31 7.385165470694854235e-28 1.054119843887370557e-23 1.051602459525010258e-21 4.930660224347559961e-18 7.625152127317338937e-16 2.638038288209423654e-13 2.295492716328019226e-11 9.455082707973546736e-10 8.634235648188871107e-09 6.267754268034804017e-08 5.016117255515597579e-07 1.763775767071621327e-06 7.932601234076864114e-06 1.241853030082873025e-05 2.680357279710236288e-05 5.221087818083757517e-05 4.705946927225788441e-05 3.903190063792275375e-05 3.893068874824312563e-05 2.567303825750529735e-05 4.919190168772849132e-06 3.276846091675364911e-06 1.125308943266326204e-06 4.736912566819263787e-07 5.064280527582203155e-08 4.294324225230939042e-08 3.223215096680097015e-10 9.075265712642996739e-11 1.911867791258881678e-11 1.536558013760712648e-12 1.171947374178274133e-13 9.868401292601013780e-15 1.389706413757530969e-15 7.240359157399980824e-18 2.162581558242688526e-17 5.258964107096767366e-19 1.480220707069024793e-19 1.206262888567134874e-20 2.616025885691881443e-21 2.518128111957310905e-22 2.094121194393911805e-23 1.508039139767913368e-23 9.684557341622842550e-25 7.794332266387553088e-26 4.909437840408114503e-26 4.022652744294938846e-27 1.399933869414415516e-26 9.448348537753154755e-29 9.156957186287952879e-29 1.657894615063483259e-30 1.682195359865133041e-30 2.041268461198216714e-31
3.072295044455820799e-218 1.075616642144082188e-195 9.210266202640484955e-176 2.987117511007818896e-158 8.980489190261736399e-145 2.793505839082432010e-128 2.653236372550601021e-116 1.496104559447410946e-105 1.741410941247213396e-93 4.645332435238151051e-86 3.337368974983831229e-77 3.166480475370038151e-68 1.094370753433730388e-57 9.180459237123970272e-54 4.191482929800724434e-47 6.142827239349287187e-42 4.621274198182856282e-35 1.201378647613029871e-32 5.555776235354583085e-28 7.724132654997012514e-24 5.454016798605612910e-21 2.225241033474574041e-17 2.209683688043790627e-14 2.009506016140345244e-12 2.654701319199906586e-11 9.156735888208483186e-10 2.373853447156299021e-08 2.029088214006662973e-07 1.343476921905761723e-06 7.315388035330268509e-06 1.126951049058843209e-05 2.042145807677443547e-05 2.788397923790021660e-05 3.743236549852654204e-05 5.588218487318772677e-05 5.531727104174935316e-05 2.497254679470188739e-05 2.197026767054970086e-05 9.923034735012256581e-06 6.536055721576160896e-06 1.300724063786056354e-06 9.055099303209507074e-07 1.589505123160216481e-07 8.156427091177830117e-09 2.318677619814870616e-09 1.114484758944823589e-10 1.234845366330791802e-11 8.948387568759124242e-13 2.862355975242663340e-13 5.427623144008167407e-15 3.272820453110983339e-16 1.467577978951458208e-16 2.235543942336919084e-17 5.474829563760633096e-18 2.936903238963440904e-20 2.101351678636512160e-19 3.434088077053189065e-22 6.610415710012388691e-23 2.167401598724617431e-23 2.349208062399555070e-23 2.006055654462520071e-23 2.201611434741239844e-25 2.245471521554133739e-25 2.398885157585003139e-27 7.596668438346998772e-28 2.230285792488268703e-27 4.032774075692995448e-28 2.198938101668712118e-29 6.617999722837578569e-30 3.193298078542339845e-29
2.056752294589838640e-215 5.959723010998461331e-188 2.726497233885996342e-177 2.297558318285688530e-160 1.015368911305407929e-146 1.896898601893180347e-125 3.688467540318931197e-116 8.404483217978408618e-108 9.149498336855546811e-94 7.952074620793410764e-83 1.133398068630398011e-73 4.782208255099854411e-66 1.446658697590496050e-59 1.727712644396224826e-52 3.365193746321580752e-46 2.311598437516079275e-39 3.589920879404985542e-36 1.466995919291239418e-30 4.033019248920307881e-27 6.842101096604017174e-23 4.118530830258009860e-20 2.847645829190574129e-17 5.697857402207060380e-14 1.653215477888690708e-12 3.906739875352925765e-10 9.495430665139931375e-10 3.334755070887168010e-08 4.763873591375134115e-07 1.227212248438282419e-06 4.909949687696765622e-06 1.704859000945114689e-05 2.554035967378738914e-05 4.250508420038307585e-05 5.136486924097020967e-05 9.179541006231031796e-05 7.429049313431148401e-05 6.718496264166109902e-05 3.184838313258520499e-05 1.183833393575109522e-05 5.490974590670900884e-06 2.409757335866602499e-06 3.675687885354885640e-07 1.130113650350202389e-07 2.060877164374688543e-08 7.830975861655854849e-10 3.883048287592025620e-10 2.871074693567679908e-11 1.389902159137385805e-12 1.861736611117481621e-13 1.010367691827112791e-13 4.460615728918935819e-15 2.842188789173735218e-16 5.976403006354922736e-17 1.305595883244280647e-18 3.814366480347413511e-19 1.735477549015936972e-20 1.328197299536212565e-20 6.979771844499952613e-22 3.522741019233018083e-23 4.374030706069469472e-24 1.453575556135383345e-23 8.700167497262624059e-25 6.940227751399668584e-26 1.487149062706588658e-26 3.120748311429527232e-26 1.528515679806636666e-27 9.416056665127577699e-29 1.329840643821285715e-28 3.442417816784212062e-29 1.855829585737600286e-28
2.972807676595568697e-215 1.772011033646923944e-196 5.438030411784775736e-176 2.262452233857856999e-155 1.323279360583304244e-138 7.187103684724265891e-131 1.568135661207421617e-111 4.274504148536318247e-104 2.329929692842053522e-95 2.500189924210832574e-83 2.512430360753228912e-76 5.100094104479725361e-66 1.514424689834694991e-58 8.172692974234717436e-52 3.505148866992908489e-45 2.441349522420473177e-39 2.183892455197039324e-35 2.624309355923082046e-30 2.549585816070106428e-26 5.966731480670856386e-23 2.034860806594995867e-19 5.220657574317628372e-17 3.285841537632369008e-14 5.276082840261627590e-12 2.340860119604869405e-10 2.814245648639313261e-09 5.233645710039039423e-08 2.717356915633585522e-07 3.220758735753294418e-06 1.355962126650793645e-05 1.697444785481286005e-05 3.926402065665183339e-05 6.762840557797258412e-05 9.105305170486814018e-05 8.233765278510149445e-05 8.664238143400726511e-05 5.048627913915924007e-05 2.078456052280592111e-05 1.400249336417212498e-05 6.640903025250619774e-06 4.350672199885175016e-06 2.885872564994138618e-06 6.787863953218289550e-07 3.556037895900886672e-08 9.646519641749647828e-09 3.226538920961059436e-10 1.812215478674676592e-10 1.957154292458175488e-11 5.780400794219131507e-13 2.880281549125405901e-14 1.715892543407019940e-14 1.966830477000541066e-16 1.813634791099909720e-16 2.052371175480814389e-18 7.075198712005853162e-19 1.634718161289156363e-19 7.100113607296906300e-21 1.366629117251173689e-20 5.710817163925892345e-22 1.280234230358455939e-22 1.080961770479078331e-23 2.211653595405383896e-24 2.335484133011160575e-25 2.298489576496509365e-25 2.648393644225762300e-27 1.381633753301030311e-26 9.981082335240912551e-28 5.009457403115069930e-28 1.991579482251586913e-29 2.284019299927626022e-30
1.782611254516618894e-211 1.831264785341848823e-191 9.673761742227342365e-173 4.529887993368368115e-160 2.249341011057584168e-138 6.858717075065330283e-127 2.738396062448824571e-115 1.095603051406992053e-101 2.444543229054245427e-94 8.583798321644995182e-80 1.051206869429656544e-71 3.215179432060230860e-65 4.368110704953213102e-58 1.608142289704000540e-51 1.161977103684100082e-45 1.251617491862910974e-39 2.729267805604318026e-34 2.956633327446903651e-30 1.037652022039929684e-25 1.210347381603953412e-21 4.758793403259033347e-19 3.782019882741286067e-17 5.767355268364764833e-14 1.667327342115163677e-11 9.732039742505432788e-11 7.144659771092942189e-09 9.269330744898219842e-08 8.351490708575699034e-07 2.462441763096880143e-06 1.198984844110329294e-05 2.745920660844393491e-05 7.149996543911205180e-05 7.102365235964736814e-05 9.485028445974235680e-05 1.198377431649441324e-04 1.195049254482240486e-04 7.286051691165202206e-05 8.755596809802756249e-05 2.285521393322688770e-05 1.395185642333882270e-05 5.636652503325107272e-06 1.188387489737291107e-06 3.494879210697369807e-07 1.344894007480957428e-07 1.304345227068938603e-08 1.130379754776589087e-09 3.535925322013426419e-11 6.428274305327621213e-12 2.065608877703580436e-13 7.138926065901052148e-13 9.070744963151579233e-15 1.468503048097814712e-15 1.594498155144325813e-16 1.067895316847959944e-17 1.024211940187865421e-17 3.343792149146615217e-19 1.459914020749529513e-20 1.527094539403835876e-20 1.474862145245729114e-21 4.541837876107360806e-22 3.780825842106477414e-24 2.946866222369698990e-24 3.298334825712577844e-25 2.355768055421881031e-25 5.514699140259872289e-26 5.798458529052738954e-27 8.598877392127765822e-28 9.702374362686975158e-27 2.320186681154847176e-28 1.438852863498919852e-29
6.987649944738065200e-209 2.149632521282928995e-190 9.427443872668213008e-174 2.849069710745672070e-157 4.896432670734708939e-139 2.144843270989957584e-125 2.795417380342435537e-117 9.038470071612335928e-103 1.585155458249554410e-91 6.212576887457800560e-80 7.090236829576879516e-75 2.034967258135818315e-64 7.289332861017004428e-56 7.986755198554592632e-51 1.795691675813780483e-44 1.376842984192181884e-37 5.390431990954361636e-32 1.892958961864329094e-28 4.126932167460888160e-26 8.548462512620894721e-21 7.403503002390836538e-19 6.317337897568903452e-16 3.193643883355172670e-13 1.405007985489816308e-11 5.733728658982672730e-10 1.134350920568425075e-08 1.466920755519728135e-07 1.679955636776257007e-06 3.957387422366461089e-06 2.712990232330083574e-05 5.531215059432771338e-05 7.277819786285790696e-05 1.106831048578462123e-04 1.716772500800847767e-04 1.696910448721217777e-04 1.486534542281123185e-04 1.529744859462798005e-04 5.651972818432121019e-05 4.122044483274750921e-05 1.288444372442044306e-05 6.298759396477341429e-06 2.308401447661056334e-06 5.729483797223905681e-07 6.727098368547659153e-08 2.599180369410691124e-08 2.747518090812123455e-09 2.463178424018806507e-10 1.178227566943081718e-11 4.825193444283015042e-12 1.275291374558997721e-12 1.917187294246204034e-14 8.416240722609017356e-15 5.757586210847071776e-16 4.984415026340218426e-16 1.199094216539333638e-17 9.987996758199987991e-19 5.593345745687804703e-20 4.672746825344104829e-20 2.078467564494287391e-21 1.918145059793684977e-22 1.897463767520069593e-23 7.826228918664601812e-24 8.208463184430484204e-24 7.256132945950531783e-24 6.768134734999933821e-26 3.810349780819325293e-26 3.247835559390604329e-27 2.786272030932385777e-28 7.863665761832283187e-27 1.003396307706288322e-28
2.968745485713574435e-212 5.348123797110760981e-184 6.495648214640742050e-166 1.107496631772365881e-156 2.411062863693830965e-141 3.150098716525061780e-124 2.316235601100319641e-114 1.001009297206657775e-101 3.823921919217894032e-90 4.739300175253777739e-80 2.797901435636037534e-74 7.442909703850255737e-64 1.029161839194925675e-56 4.367161824998073600e-51 2.133221957253074791e-43 2.547105489877565409e-38 3.429239074743549386e-33 4.403237500770012622e-28 5.573080104592256616e-25 4.092400472297736936e-21 7.797674078457392288e-19 9.080449705866414924e-16 2.142166639779167059e-13 3.677720337132181859e-11 3.740000154195465811e-09 3.271878019550276735e-08 3.355424127514744623e-07 1.914709720825343571e-06 1.384201010955496828e-05 2.102402488679074556e-05 5.601068331273579485e-05 1.456996054695625098e-04 1.074650346511476216e-04 1.745318377313305534e-04 2.261398505719728106e-04 1.944502338369701424e-04 1.691913097364229927e-04 1.286017616447802827e-04 5.552414303018381934e-05 3.128809836422812197e-05 8.738679387727140254e-06 1.842965030682368222e-06 7.851986960236055886e-07 2.226231078085574405e-07 7.942497189374775283e-08 4.925422197575383093e-09 7.984763242894685880e-10 8.272360188443495021e-12 2.825040256495331140e-12 2.528447195569611546e-12 2.340249070895895853e-13 2.689311123349930676e-15 2.606404427737503834e-15 1.421972445115256438e-16 4.186126798669010564e-17 5.873364478834240106e-19 1.026926097603080926e-19 4.938705121971170008e-20 3.787639120166836039e-20 4.240207445765530142e-21 9.793756538114635368e-23 1.912194644729286095e-23 2.099658893456681340e-22 3.509612714924122942e-25 3.864152310543387652e-25 6.238828042142562839e-26 1.184877785999605358e-26 2.617144861849371854e-26 1.734755154373212653e-27 2.409444081965880287e-28
1.156330930993486096e-207 4.806552674871907227e-188 8.790492445083895296e-171 7.958784188442190618e-156 5.766421032124276835e-137 8.562813395993304821e-122 1.019812291527959574e-111 9.321153687403506205e-101 1.375551764227382969e-90 1.472086508932764366e-79 5.110296848192081285e-72 4.698487218202000277e-64 1.172278316570525296e-54 1.349827362533461132e-49 3.535822293669685606e-43 9.032258350288603469e-38 4.044146727028254192e-32 2.422256634008192150e-28 5.010737886800381539e-24 5.653111164980576049e-21 1.202511719197099941e-17 4.336135557595620889e-15 4.569203559295736158e-12 4.134710131097120841e-11 3.702089246197865298e-09 6.893961439775127650e-08 4.213917776305239449e-07 2.278976566842418762e-06 1.145775070184427036e-05 2.680678393264202417e-05 1.037993504384489843e-04 1.345969576917643352e-04 2.036392990048929816e-04 3.273067958835314153e-04 2.826733310201344756e-04 2.237929644497581218e-04 2.277595284625531628e-04 1.743810568654942839e-04 1.232668572443268429e-04 6.964066386988737101e-05 1.237215476078301854e-05 8.009462979063419681e-06 1.607405058858129064e-06 1.324173704701637222e-07 2.427556375205896656e-07 1.194592292631527067e-08 8.115075152546652498e-10 1.318838078753066736e-10 4.018929018105521452e-11 1.697994802366808152e-12 1.068214079419751502e-12 1.014133506058380059e-14 6.811688189716019920e-15 7.960808417199516144e-16 2.016384163625698698e-17 2.579376522465778895e-18 4.468816770241316069e-19 3.104805750073367936e-19 3.125909864700507854e-20 3.454644106949468067e-20 6.349828368095134743e-21 1.696155562182182026e-22 2.077876898186557637e-23 3.959317027130781178e-24 6.947611317189392673e-24 1.169463087177577324e-24 1.084617693858890627e-24 3.797382594418382490e-27 4.454492426124840352e-28 4.516356944782755259e-27
6.612576711043343694e-210 4.124294639037062107e-190 3.119640674290142376e-170 4.166986975161155681e-155 6.034800987451367168e-135 3.075947904016219730e-124 3.313411302350873086e-111 3.509333723683484109e-99 4.744693687048561636e-89 3.129771803494370475e-79 7.644398462937456167e-69 2.742797856030992307e-62 1.159557578017214742e-54 5.414820332132080502e-48 3.173094111322603973e-43 1.056759882249752359e-36 4.003036053294733113e-32 1.160972978445221231e-27 2.169543820524695210e-24 1.092058283420357272e-19 7.196036638231563760e-17 9.339465407800309801e-15 8.867332890503183008e-13 1.783572963703525496e-10 5.225093429991819984e-09 1.608855420379004711e-07 6.983839584682876659e-07 5.086564159307737909e-06 2.307245746480143084e-05 7.134843225262363646e-05 1.511208168604272304e-04 3.067709386483912100e-04 4.201394923275813555e-04 7.294632520967767953e-04 7.173403154629102562e-04 6.060786822162556216e-04 5.883395571089713744e-04 4.911702231971031354e-04 2.585808895247462412e-04 1.815455163590348731e-04 5.035126636685886045e-05 3.353806132474417505e-05 7.110422119969954385e-06 9.563503653673280248e-07 3.194775452932782106e-07 1.696394462043793666e-07 7.571339728131359987e-09 3.541138950865332366e-10 3.991012286910104583e-10 1.219913201969732263e-11 1.509429283496009580e-12 2.049260000820151339e-13 3.136413142811653547e-15 6.417590713601062558e-15 7.943988430149125496e-16 2.607736380357351312e-17 7.079530726353154782e-18 2.039037817624941012e-18 8.511735489845711012e-20 2.156356646901325848e-19 3.783534235844231465e-21 9.772893867598376514e-22 5.627173737116081251e-22 4.977752202368115470e-23 3.156273546597025512e-22 2.052256602594272716e-23 4.894419691027180351e-24 2.561728122396889909e-24 1.256607413800191858e-25 5.733534924893403774e-26
1.618436925972809044e-211 6.582985598402549867e-187 9.812559394853795984e-168 2.122306901420208906e-149 1.994832667979759656e-134 2.095837321447460715e-125 1.562947318986809406e-107 1.500336069885467339e-95 1.493738860979617635e-88 5.275744810822816540e-78 5.380264049467212035e-67 2.615898212964058266e-61 3.205138575262623815e-53 4.131584463931022044e-47 3.052522823702967329e-41 8.850715114497193080e-36 1.061662150832573996e-30 3.366024166734796558e-27 4.768539093788906752e-22 1.720072281962333695e-19 1.045391354378227590e-16 8.293496315967061191e-14 5.970767389088491031e-12 9.311857191294715329e-10 8.854633103395377284e-09 1.794968183620229246e-07 2.917181002677462995e-06 1.066601652778933767e-05 6.412960932649161561e-05 2.036951124424564083e-04 4.205428321650245922e-04 8.303928861130010098e-04 1.290532605601460523e-03 1.737098008305698648e-03 1.755530161814848134e-03 2.583967629390475883e-03 2.660800215759278557e-03 2.062686995586141946e-03 1.243076963739594932e-03 8.922581341185776204e-04 5.926630306689856893e-04 2.124850810768134717e-04 9.837558168689723693e-05 2.456068607182071154e-05 3.963085341684407161e-06 6.883284588271057973e-07 2.541941270803140928e-07 5.466457221902640090e-09 2.041465033514285488e-09 2.317024518250008736e-10 9.611348840853800533e-12 4.386924911049323579e-12 1.054584307731763480e-13 3.883093339131301899e-14 7.232479859984850281e-15 8.357061677140806043e-16 2.353246220922084641e-16 3.034508903864327027e-16 1.888900568034492875e-17 3.001030511286851767e-18 8.689763517335765625e-19 2.480395558017046245e-19 1.623691367504909760e-19 2.528378993120354191e-20 5.851566229633900229e-21 6.191911174475490855e-22 3.113725895693613586e-21 9.985502601461425648e-23 5.852295034626268007e-23 1.400233573609752097e-22
5.283366899684859731e-209 1.297960112439229286e-186 1.887221304083483463e-163 6.625730843015042936e-150 1.359751843624155955e-135 6.644305232315845613e-119 4.949082017820468409e-109 3.470169153614306940e-95 5.537237866078127305e-88 8.540298236199761727e-78 1.151348677049209234e-68 2.707372122494325742e-60 4.717000134976621250e-54 1.144693835650612436e-46 1.428768164898401353e-41 3.160671230365329026e-35 2.666446530582916139e-31 2.798154091895322837e-26 4.102417353702587062e-22 4.725737837507509252e-19 4.697683393147902333e-16 1.152554853847189861e-13 2.352111594378938532e-11 4.087174219122382403e-10 1.262914472361068103e-08 7.427509085138063894e-07 6.480238200642908058e-06 4.866961174873295340e-05 2.598042637946596542e-04 1.007070338437870711e-03 2.632796786838935334e-03 6.301870387033373447e-03 1.274186019188708677e-02 2.636247664268111593e-02 4.535225931247231085e-02 6.935477973286156839e-02 5.928820521421879208e-02 4.150200352995204317e-02 2.047587885197460489e-02 1.071702437655551454e-02 4.636088084855619941e-03 2.553207504907034631e-03 5.669798897471456508e-04 3.674584917923061833e-04 1.207328763601184208e-04 8.662708707170920674e-06 2.302668499451508126e-06 3.320537159341485804e-07 1.109572728251997098e-08 4.497539280437201204e-09 5.397802763547017679e-10 5.050218759523562984e-11 1.340102811306492116e-11 9.492978228368898620e-12 2.788813766853291479e-12 8.547476309618709286e-14 3.329700602470511373e-14 9.243367874460689469e-15 1.048590923676428285e-14 1.610806731569407794e-16 1.259192346341509340e-17 2.891988544714600797e-17 3.571918357446112388e-16 2.971580875240331732e-18 1.118851222097327251e-18 7.092751135933608388e-19 1.176571632635619181e-19 8.735279701674322551e-20 1.654288481963327226e-20 2.948169345455043312e-21
7.884414782432848316e-207 6.787478494161983202e-184 1.023389903527713238e-165 5.094395513364052618e-150 3.449878188570138084e-132 1.889948224195390121e-121 3.772904403566225471e-109 1.127718160935638817e-98 4.480234144266461015e-88 4.261590815084629324e-76 2.675579637101718824e-66 5.078642391705483003e-59 8.923563050131769621e-52 3.756788736342407078e-47 5.534073318443640477e-38 2.795570331682097780e-34 1.513822188793343565e-29 1.367590070042865470e-25 1.118253962205756669e-20 1.078355601162157518e-18 7.746674353664951051e-16 1.401676889617711980e-13 8.274273921015915565e-11 3.568408284706669964e-09 2.714172531864574874e-07 6.645596029527970299e-06 9.444146810491920591e-05 5.053582585839993960e-04 3.294785018398332065e-03 3.607518443337634495e-02 1.469041522965111590e-01 2.389499638199270859e-01 2.828318520116773760e-01 3.062644146809651025e-01 3.191805807189401212e-01 3.211498890235204851e-01 3.215033220316733109e-01 3.149580906535516256e-01 2.983935869833102550e-01 2.664257427749764373e-01 2.237354584854814588e-01 1.447445495259065684e-01 5.946639252141514703e-02 7.921932578658828772e-03 2.114335976986617648e-03 6.516134266319015701e-04 1.066502249968280302e-04 3.693753956700112745e-05 8.560346596778402163e-06 7.668168509334385022e-07 7.846935282184212697e-08 2.765075303213137553e-08 1.064678992544188296e-09 3.265977138033607641e-09 1.974042082988982092e-10 7.385612442899921335e-12 4.645106271512636078e-12 3.586632449525414248e-12 4.274667956394548632e-13 4.554322389469391745e-14 1.825384221242167244e-14 5.305360580630125312e-15 3.344796748357760443e-15 4.115938577926646784e-16 7.715487752102262128e-16 5.661063748062086072e-17 1.436290255911780144e-16 5.215207144157010587e-18 8.062097773923753064e-19 8.919995418755146223e-18
1.199564798194769197e-196 4.299788777360488410e-184 2.571539436981563961e-162 1.061948093548983498e-142 6.314282403890004470e-130 6.508250697054708176e-119 5.503611739633509963e-105 1.395854806587500279e-96 4.322317915907323369e-86 2.179077335290710681e-76 5.765282410976422066e-66 1.197623515442145038e-57 1.335896243500171790e-51 1.270422812105913180e-44 1.171865002054908657e-38 5.216719478966828760e-34 2.064029487219603357e-29 2.871361363325520710e-25 2.453283250150414122e-22 6.710311382027449571e-18 2.438857881781838091e-14 1.208218475097441516e-11 8.457400751869013979e-10 5.628510331167480625e-08 5.089671359087189892e-06 1.752040803438754718e-04 2.351365143507334280e-03 1.058936606466785307e-01 2.912569252354543781e-01 3.582556527883002384e-01 3.961881491859072790e-01 4.151755330354099938e-01 4.380810606485472936e-01 4.450887051889385049e-01 4.506448900805373192e-01 4.493465511629935460e-01 4.467240931494262934e-01 4.453989524579408665e-01 4.312302645132172763e-01 4.254396412065316047e-01 3.982261304609490127e-01 3.801626225723565011e-01 3.434454680881668942e-01 3.018627456609228599e-01 2.401838749876552270e-01 1.485965419916341901e-01 1.371510225908287479e-02 3.426537957310917502e-03 6.408988653931089411e-04 1.671967042017406379e-04 2.518490804864447394e-05 6.687237338636337555e-06 1.726787800516094349e-06 8.093719641814010837e-07 8.072283989026294056e-08 2.559989853779575493e-08 3.188735331294914825e-09 1.756229248068548585e-09 1.956912766731419386e-10 2.016115050247107528e-10 5.262521189182719258e-11 5.228423143022423210e-12 5.860232610419222378e-13 8.376574808651622244e-12 1.978395017422160126e-12 1.938442543897849722e-13 1.386924100639592757e-14 7.972975922142684646e-16 1.417822732928669514e-15 7.317748222777182216e-15
6.306596542699273795e-197 1.161749366471786570e-182 3.902685872420795841e-163 3.086266063532630861e-141 4.236026187819212316e-133 8.321113835261723390e-112 2.283934616808891844e-106 2.831021444160199918e-92 2.040518249769278978e-83 1.652709705906451482e-73 6.712146558146600781e-66 2.746907263516308750e-57 2.260243299177560753e-49 8.725409736036508280e-44 3.479265550193450041e-38 7.461310193392494081e-33 4.301851862026509391e-28 2.233663305490049836e-23 5.050053150094711572e-20 2.587656137354726956e-16 3.779286879434734033e-13 1.448359497634044655e-09 1.007055764812145307e-07 1.212617545191544275e-05 4.990811818373113362e-04 8.282024754587165305e-02 3.549470864550828275e-01 4.420662970354702903e-01 4.693287861171500652e-01 4.922236270034288652e-01 5.063129657438766307e-01 5.145160258304493084e-01 5.248343770872955227e-01 5.275723477045362042e-01 5.305507295126680178e-01 5.390346838880585301e-01 5.355074865724060995e-01 5.317949539674714510e-01 5.216408045199452115e-01 5.147064132630934097e-01 4.942642903492476258e-01 4.802302997529455109e-01 4.591469543279801391e-01 4.482298331743977404e-01 4.220748526052743310e-01 3.963634941757338548e-01 3.607693783197179482e-01 3.208710905422736959e-01 2.534900024621518089e-01 1.452344420579509410e-01 1.204305441040381952e-02 1.675078003066107248e-03 6.321961621142228871e-04 1.238803527676754631e-04 7.094255995896641515e-05 5.208745978588205427e-06 5.379852031780951140e-07 8.725029061759200255e-07 2.911861646890742830e-07 3.450494017144555426e-07 9.162464334029879883e-09 1.244618551049305637e-08 1.400007766285748904e-08 1.464190290888248810e-09 5.562189235454179237e-10 2.303642578791781827e-10 1.101011054234726568e-09 1.767551343166721011e-10 4.042820697614816155e-12 2.055834427952646425e-11
4.792362831638953542e-199 7.324238644339825604e-179 1.435195366746970037e-158 8.231818277000717691e-144 1.639875867948105186e-130 1.295986970103571809e-118 8.766095414169125841e-102 2.699155019875265736e-94 2.026209416795772320e-80 1.484383407919087436e-74 5.245515070430422241e-61 1.707848008455458414e-56 1.017932767769091122e-50 2.681502081006495704e-42 8.376905420734133796e-37 1.445352688422028282e-29 1.090515143444496732e-25 5.549990037006098209e-21 3.940817549696593156e-17 2.220812191776064542e-13 2.789402049252917391e-10 2.234122246340615021e-07 3.415949189546618872e-05 2.453132649035735975e-03 3.694447977346466683e-01 4.824686708323753792e-01 5.212881559826973987e-01 5.358426760921723986e-01 5.549567208793528827e-01 5.629706574424059307e-01 5.748665397799531673e-01 5.813977442186852862e-01 5.865680603481001620e-01 5.888800195579535490e-01 5.941961746281431145e-01 5.983234166119211217e-01 6.037081129413603975e-01 5.995195533198343085e-01 5.981956014543255984e-01 5.917467715642525938e-01 5.782652472794110876e-01 5.601244198214544445e-01 5.414331827149935217e-01 5.242129383954590160e-01 5.128831551413711720e-01 4.920741738919123254e-01 4.838846665100366984e-01 4.661160120799123785e-01 4.492873585593883945e-01 4.265270860527998198e-01 4.079135299813348992e-01 3.743023370065082234e-01 3.453132651814760923e-01 2.826243425951905364e-01 2.123018419771796617e-01 9.236950345707906074e-02 5.416244696537322358e-03 1.899460797421382999e-03 5.154661146328770984e-04 1.708523535066258105e-04 1.501722837884984091e-04 1.602580777221203616e-04 2.950006562701728771e-05 8.936672527712370272e-06 3.473230047176073471e-06 4.391354563090281463e-06 9.833352353735491423e-07 3.677628790339167015e-07 1.057722230461120277e-07 1.573850134479877818e-07
7.762668237107779469e-193 7.410597651459955946e-180 7.996684034809731197e-160 2.226180056434188933e-146 1.934453936840101815e-127 1.299173491398676918e-115 9.201320950326933997e-104 5.407880765960344070e-93 7.998937513860669306e-79 8.949452240465731561e-73 1.715346378316318947e-62 3.842128272279711005e-54 2.842861459799591258e-47 1.700378986353305655e-39 8.393298652138940767e-34 5.980462689640075950e-28 4.121705368592318389e-23 2.233233024648415292e-18 5.167001177563906027e-14 2.925162730626907800e-10 4.104822445239881810e-07 6.295381825961186069e-05 2.049325393816068541e-01 5.054872108887900062e-01 5.644844735607005282e-01 5.817603528468601182e-01 5.926547050103549985e-01 6.000104823100269602e-01 6.101334438438881236e-01 6.230806185649124807e-01 6.273688338506109297e-01 6.320461949806926993e-01 6.399312432735553280e-01 6.439724193107241312e-01 6.493266699694449917e-01 6.484563455679660526e-01 6.586832006529078631e-01 6.627066071707945483e-01 6.593288119206878184e-01 6.624674688333304085e-01 6.497845114420137680e-01 6.339069103895653701e-01 6.192249772822197018e-01 5.972687616844764014e-01 5.825270822648284108e-01 5.684047497841495655e-01 5.499004040305829344e-01 5.375361939993477112e-01 5.314719833431852392e-01 5.133114780446433878e-01 5.159793829020935529e-01 4.992168110526367109e-01 4.898186535531167674e-01 4.841888106459623087e-01 4.845800671655615122e-01 4.729611935426019653e-01 4.569280448902306446e-01 4.502319177863505217e-01 4.313313714546493927e-01 4.043437217162145214e-01 3.823422792837060102e-01 3.489738438198028980e-01 3.166825028520502405e-01 2.736575505653461859e-01 1.963712760635353827e-01 7.390209084529407446e-02 1.117901958543502522e-02 1.330205991168492219e-03 1.247869790306698531e-03 5.906894079998237408e-04
5.043090098104736514e-192 1.260337556769262507e-175 4.399722102606075816e-156 8.049868851320545903e-143 3.435202549241358815e-128 3.223443955846424652e-112 4.235204189217349845e-101 4.118363752028904092e-89 2.615525545649637714e-78 4.683811228698899598e-67 1.513021122409302232e-58 2.580507383172358592e-51 2.808556760939658823e-43 3.214235606570772478e-35 1.833714506470913197e-29 1.327707539382772839e-24 3.200579090682977159e-19 1.777911170420311321e-15 5.680044308015454207e-11 7.488547951042741650e-08 3.036416475696339314e-04 4.889986725442145299e-01 5.994454289864947771e-01 6.153758168851175547e-01 6.199621825823048438e-01 6.310452287657020154e-01 6.356829723462044113e-01 6.497564180682079416e-01 6.602214365674675678e-01 6.708369684437649472e-01 6.729404748330112263e-01 6.775602992272470315e-01 6.835690432241962045e-01 6.881891691379714571e-01 6.951222939172491122e-01 6.957869423244358309e-01 7.080468926094360960e-01 7.119255146422098779e-01 7.152073003763833592e-01 7.156640485226849480e-01 7.197131847969542306e-01 7.089783826543574197e-01 6.964602531196245616e-01 6.792205962911236350e-01 6.611450606356419346e-01 6.412902316143337389e-01 6.221419491052369022e-01 6.125143472713902026e-01 6.027467125102693446e-01 5.922838132900480890e-01 5.774938722764707544e-01 5.716392006429691364e-01 5.669396224585804278e-01 5.613168331052944549e-01 5.554271123198396554e-01 5.521781833209233881e-01 5.497573141015256182e-01 5.479298149867418699e-01 5.398624906590951955e-01 5.413568117075974184e-01 5.394397941544809560e-01 5.368235967473944381e-01 5.364989825666141021e-01 5.338512285385026424e-01 5.322670799928428398e-01 5.278956740831630690e-01 5.249119074588373124e-01 5.258039925699811157e-01 5.129423682241724958e-01 5.157914328446153718e-01
1.233531644644538656e-186 1.169711565391308626e-173 2.263451446906384783e-158 1.901944549760793160e-139 4.677262565075732551e-125 6.966218812469475506e-111 1.264136076175529887e-99 8.858533181931213473e-85 2.884800623860301979e-74 1.737756109855795126e-62 5.081005395760919367e-54 5.969222533621010849e-45 3.309229628302701445e-38 8.908360839426677564e-33 4.619418841794526003e-27 2.399292624325671034e-20 1.109202297710117380e-15 1.186637798033036541e-10 4.455673299031330886e-07 3.200182872665968334e-03 6.020298773386486557e-01 6.530569564521937487e-01 6.603422479103898679e-01 6.649073947462426082e-01 6.626817789613957954e-01 6.695517823157141057e-01 6.816598614172157955e-01 6.899096728306313153e-01 6.983955381715121202e-01 7.086857567603893626e-01 7.132021676009696609e-01 7.180647480353812284e-01 7.263115303530204292e-01 7.267513380042363025e-01 7.317756262719621319e-01 7.429346718445253295e-01 7.504079290509469979e-01 7.532750478725106502e-01 7.633737070969953686e-01 7.648879338551857199e-01 7.707206355897928685e-01 7.718287982742522146e-01 7.689856108271364565e-01 7.630606452138471996e-01 7.461543523453139093e-01 7.367378176724015404e-01 7.216216655458984608e-01 7.041544449620419366e-01 6.959240204653348583e-01 6.886968614866719740e-01 6.541421165916825320e-01 6.551174402241737305e-01 6.407464077255722312e-01 6.331218759405655705e-01 6.312329000343835927e-01 6.308736526460053673e-01 6.235839492790061778e-01 6.127510516700386267e-01 6.149534129805864779e-01 6.098665440265462756e-01 6.053499521425343977e-01 6.043648690458502948e-01 5.996854185700355444e-01 6.038781044624318417e-01 6.024283863865802502e-01 5.966385251712877924e-01 5.995163391408533382e-01 6.030304755596844757e-01 6.019258110509387860e-01 6.019781068944805025e-01
9.595150464172234062e-187 5.459904214788945100e-171 4.315492647413506338e-155 1.098363570759500232e-135 4.968564834865333893e-119 1.837908381738966462e-104 7.845638576277353687e-93 1.726958340235181160e-77 3.775848055509552745e-69 7.756731170972916764e-57 2.239013129792033116e-49 3.250957697637357346e-41 3.533637631269913433e-34 4.268131196707037091e-28 6.116110634896720771e-22 1.792689818631534175e-16 8.493424142503821127e-11 5.389398592122491545e-06 4.495643197287340631e-01 6.799210989000179506e-01 6.996210060888933269e-01 6.951691881602987122e-01 6.967008163978184454e-01 6.948783561223582650e-01 6.984913144731406121e-01 7.077711614985064958e-01 7.188751010759756310e-01 7.300534447000284199e-01 7.398525660839386786e-01 7.393035145107602624e-01 7.438518976837130703e-01 7.509597371111371711e-01 7.532207602490951226e-01 7.572190422684763611e-01 7.656998988089248614e-01 7.742496243936040079e-01 7.796283497053645428e-01 7.892291500496720902e-01 7.984959084963613174e-01 8.058338527969564069e-01 8.118033203474795956e-01 8.152308174992042300e-01 8.203296893325164874e-01 8.166308632983392268e-01 8.186752447961159751e-01 8.222329602734682608e-01 7.972793122019832257e-01 8.026245381085824748e-01 7.808000523364693191e-01 7.835793006838736030e-01 7.698462032166162317e-01 7.584523955443178700e-01 7.517601961618134432e-01 7.451390481217156081e-01 7.284041273891639356e-01 7.246778753936277129e-01 7.226799418537839248e-01 7.135259057216015721e-01 7.041036522314942925e-01 7.006925386522030452e-01 6.883543795901552187e-01 6.955756543674281867e-01 6.884586551184309622e-01 6.910301497183441999e-01 6.774324050389248786e-01 6.778267836797252643e-01 6.869326025551161230e-01 6.842702151197422866e-01 6.807821312345295750e-01 6.747134974961632725e-01
2.219499247598085564e-187 1.075086230503244879e-165 5.193266598912643542e-142 8.651762377301153564e-131 2.003596717805646295e-112 3.080529805923475294e-98 8.029325719415764423e-86 9.741659019283939539e-75 3.292402643405191008e-64 2.847184153664715370e-55 7.987623296602911992e-45 1.258041693615931715e-36 9.471673716423374640e-29 5.277109240966691304e-22 6.913320244418831426e-16 1.177229168689682115e-09 3.417783196888477069e-05 6.650863352582061516e-01 7.365190518885230686e-01 7.328345121573428544e-01 7.326086357327299403e-01 7.251293422804815370e-01 7.259889246970644416e-01 7.233942375205282271e-01 7.296114271912408356e-01 7.428578199184989739e-01 7.562202785475343747e-01 7.623454010282005866e-01 7.679747978980543399e-01 7.659500180342027065e-01 7.742614629254861436e-01 7.759385887755082534e-01 7.766946489004477039e-01 7.843431428811320494e-01 7.922743002225642872e-01 7.990181891601070285e-01 8.061044081029546948e-01 8.144616001207062306e-01 8.248567545299941850e-01 8.285515079004546202e-01 8.396633150100795140e-01 8.451512312489934953e-01 8.547433038760579027e-01 8.579705097740266684e-01 8.660525338679927465e-01 8.627825903471936231e-01 8.654508412602660572e-01 8.616331661315934642e-01 8.569577826989149827e-01 8.542858472704949468e-01 8.499041426578468617e-01 8.504556467975488143e-01 8.413738124328054013e-01 8.411996811548443365e-01 8.412148294368110291e-01 8.442743161827312992e-01 8.329489519355075533e-01 8.218472712001071434e-01 8.202227218460494962e-01 8.174582063936971510e-01 8.096662217006529438e-01 8.026994691453692710e-01 8.046900883479899402e-01 8.015385968569103126e-01 8.054872637023469117e-01 7.924500883876649526e-01 7.919125124983875663e-01 7.905065768096255496e-01 7.902736195128859942e-01 7.909545811433238427e-01
3.078933215015865701e-178 6.945053407007702713e-161 3.295707623756077656e-137 9.083473616380177503e-125 5.871682304976727303e-107 2.826620090491045790e-95 1.168060651802351398e-80 6.842347326681218559e-68 1.761818532222852064e-57 1.515668647184869311e-46 3.386629503626460176e-38 2.369724747222556937e-29 2.604060713431533175e-22 9.184262172882305930e-16 4.216209303330598116e-09 4.218414922283982341e-04 7.659181577393026075e-01 7.744697554665438410e-01 7.635711083148742917e-01 7.572156046145906982e-01 7.553713877169110358e-01 7.556284406468375403e-01 7.477930855742073168e-01 7.556684350009601481e-01 7.639689234582529576e-01 7.720298970366307190e-01 7.858516099937454813e-01 7.937753629162871416e-01 7.933006952590148098e-01 7.959468774456005535e-01 7.952644873876968390e-01 7.964932044306010095e-01 8.021087119047877190e-01 8.093805151923713082e-01 8.142646373190590703e-01 8.209897512629082961e-01 8.262205153400102864e-01 8.338660486162347008e-01 8.421396444555997451e-01 8.512325704273431271e-01 8.586763236020861223e-01 8.669128690853116215e-01 8.735191236884146671e-01 8.787620689417972031e-01 8.848433925193952554e-01 8.929228857982945966e-01 8.956364941036264460e-01 8.986312930580696579e-01 8.975161842049722560e-01 8.985199952594385975e-01 8.994018186373043955e-01 9.015890644557085221e-01 8.949777102932600092e-01 8.982401562735250478e-01 9.000065108090640198e-01 9.006434408817857173e-01 9.011438774642793748e-01 9.037850950058776700e-01 8.999186326009966930e-01 8.974957095750013547e-01 8.948221443893357163e-01 9.017187955067871297e-01 8.926929080125136640e-01 8.927966371852941174e-01 8.927213094043313646e-01 8.860211505648207808e-01 8.868148854484850796e-01 8.884793460000294241e-01 8.862992707831615080e-01 8.836758388130077080e-01
2.324855961760444451e-171 3.237405244443921500e-152 2.163054254878955396e-132 2.557538057893306335e-116 3.797515387744329074e-102 3.757946590132851185e-88 1.454567607853887807e-72 4.374448815579142112e-60 1.373320738205119389e-49 3.056821473244412407e-39 7.742902386227103627e-32 5.567381899160431570e-23 1.102375662666222524e-13 1.751046835551677409e-08 6.503397427021597732e-01 8.178020593830482854e-01 8.139037478905253309e-01 7.996195195166070357e-01 7.879514291841769325e-01 7.833620642227326902e-01 7.844501776281852523e-01 7.805351719932275278e-01 7.820573745345799077e-01 7.834356628000203049e-01 7.969864241595475685e-01 8.074331879726136529e-01 8.127878239916257463e-01 8.156639014562691026e-01 8.167461732064741353e-01 8.153895165913798149e-01 8.168895409263595697e-01 8.200361740143453648e-01 8.239613695530085824e-01 8.275932531152279115e-01 8.316643779607596487e-01 8.375173928220008834e-01 8.444369137116175539e-01 8.491222714117341308e-01 8.563530100093733610e-01 8.657041910694170950e-01 8.719053004083563430e-01 8.791157011122021636e-01 8.831581447757490544e-01 8.910681861614746513e-01 8.982942102653463934e-01 9.026630428501782877e-01 9.100210116502074342e-01 9.146774882162800324e-01 9.191698936581216284e-01 9.194198313310963933e-01 9.232485810985485708e-01 9.238415410158861141e-01 9.249056972164564350e-01 9.273171187743194377e-01 9.288337161605163539e-01 9.307585956046851017e-01 9.316317358959634864e-01 9.328547156732953649e-01 9.354282732704755077e-01 9.389249563026997869e-01 9.393858113193156445e-01 9.382244242227497644e-01 9.391823163298878008e-01 9.404436825149553592e-01 9.409812612601683446e-01 9.374474838167344837e-01 9.375826139896754619e-01 9.405232119710665861e-01 9.370881703760249870e-01 9.449865939210051469e-01
1.123079119150165513e-163 1.990711894228398805e-143 4.492004442267641637e-125 9.753755804646279469e-111 1.225514562611708813e-90 6.039835693580588729e-77 4.152121454626870981e-66 1.982813965219625978e-52 5.101226536702268348e-42 4.695559517079183164e-33 1.105157041871774842e-22 1.699517496343451846e-14 7.254382207500051292e-07 8.402687210217872904e-01 8.564265382606909283e-01 8.422128332774616588e-01 8.295898650312776290e-01 8.205029971581143666e-01 8.089397706335373917e-01 8.138957416586414251e-01 8.045873511364797226e-01 8.017289534790797978e-01 8.055201365944042458e-01 8.142913400210509689e-01 8.242498800368613932e-01 8.314855269074061805e-01 8.353058741509897800e-01 8.370665382223942963e-01 8.365759119614980532e-01 8.349308926622519555e-01 8.343686717127233310e-01 8.364865018451292933e-01 8.409864934678146220e-01 8.428793753835666092e-01 8.491473873856776322e-01 8.510427776047796433e-01 8.567028211711599228e-01 8.627314702181980710e-01 8.692574553373396684e-01 8.770000704217475462e-01 8.833894168932181490e-01 8.884070468741704918e-01 8.940400051627936939e-01 8.981871625093975631e-01 9.032323666084004499e-01 9.097555695142218735e-01 9.159173158682141214e-01 9.205508708367731163e-01 9.257294826775671615e-01 9.292557585686029853e-01 9.315125609583557731e-01 9.350056435036565583e-01 9.362917798569383443e-01 9.384722955231107333e-01 9.408288910197415422e-01 9.417250319871760533e-01 9.442730872384311747e-01 9.457908971164287193e-01 9.479252995301223894e-01 9.484160141713307013e-01 9.513018130761258240e-01 9.525787290573574095e-01 9.542801637211578702e-01 9.549784633747059326e-01 9.578579459346960867e-01 9.593268595099144758e-01 9.600681960648757007e-01 9.608231602241016356e-01 9.600540620767811228e-01 9.635365147619058268e-01
1.492042289426403137e-157 5.092617225828798707e-136 8.606522381607729365e-117 1.691071405737040697e-100 3.053593336350935301e-85 2.258142453433589470e-70 1.695926853687920458e-55 6.702532952025775864e-43 1.651697248250018019e-31 8.149926270778707536e-22 1.176122765785999238e-11 4.413791907487264288e-04 8.955091047553345174e-01 8.851809121277985914e-01 8.683598353200582265e-01 8.544836730097328248e-01 8.416843708958506864e-01 8.392063142126695574e-01 8.362021603536370362e-01 8.322606803015248911e-01 8.231048242443759211e-01 8.240566208184370023e-01 8.324468501608419668e-01 8.395848201467872585e-01 8.446149916893258558e-01 8.531953026443704902e-01 8.550745356581460621e-01 8.526211906863807588e-01 8.498992029668366310e-01 8.508664645475527699e-01 8.469583975989767310e-01 8.497696560390364251e-01 8.521352085793643116e-01 8.569011536188394507e-01 8.605118120544765770e-01 8.635259436235236397e-01 8.687042245617517811e-01 8.746127340726020938e-01 8.788322501538207154e-01 8.857257420965364281e-01 8.918048823289939087e-01 8.965726839308726381e-01 9.032628795231395502e-01 9.067627816144718800e-01 9.107496272669981519e-01 9.149952941972676612e-01 9.197029433521884956e-01 9.245165359071313427e-01 9.298937619422442680e-01 9.343910227249633271e-01 9.367159614853116656e-01 9.399753421724869051e-01 9.421690215017594072e-01 9.446402588503899356e-01 9.464987612109030390e-01 9.479437235431599218e-01 9.503418099403136976e-01 9.504515020651400636e-01 9.529651595130579356e-01 9.532279774969790731e-01 9.554082551868963158e-01 9.572929618835249732e-01 9.579110006712174830e-01 9.605788973104163464e-01 9.614127745598773922e-01 9.627569431493634422e-01 9.645593090832050853e-01 9.648741095214762309e-01 9.668926093594631954e-01 9.669910391727151167e-01
8.743110770851087226e-143 2.368481254837123541e-126 1.256776999005014488e-105 4.888860039975190022e-89 2.734254658526332087e-72 3.872136570646032198e-57 1.843728286279022095e-45 2.406911149524768460e-32 2.519856181678509175e-20 5.000174141725208364e-10 8.800025700377491766e-01 9.226557530706236410e-01 9.078174388736419687e-01 8.924605036333483898e-01 8.755527165689597213e-01 8.677613626676533576e-01 8.597139354654255161e-01 8.560197585170782331e-01 8.569650340465216898e-01 8.453810533678608463e-01 8.399255661960228769e-01 8.470733222798194628e-01 8.549203427860750937e-01 8.624488655111357538e-01 8.682857886662036506e-01 8.699940408859395680e-01 8.689164548283416778e-01 8.668681134732093563e-01 8.618372415661281760e-01 8.605775033786999817e-01 8.618832681536811036e-01 8.627954856635751124e-01 8.672301829422180974e-01 8.700740592150942865e-01 8.725573599800806601e-01 8.743673905593133400e-01 8.800238727546051409e-01 8.844912401734781326e-01 8.885337618468897025e-01 8.926661764106439412e-01 8.997719789803043655e-01 9.055088973839289235e-01 9.101886344327767553e-01 9.135537656661734118e-01 9.166931937458292490e-01 9.192905948573869557e-01 9.237378479708233669e-01 9.271151400907725604e-01 9.314939044862426964e-01 9.355755452371555814e-01 9.391804005383748155e-01 9.427923059563338981e-01 9.452087760069306510e-01 9.472435525813056589e-01 9.493203147800169939e-01 9.509367978060426774e-01 9.527155491248864294e-01 9.537795533523482083e-01 9.557236329897014215e-01 9.571636078003481485e-01 9.586906068591569685e-01 9.595107399857815134e-01 9.611291283945377906e-01 9.613223646216448870e-01 9.627875623797214066e-01 9.641524702684083348e-01 9.649140855756047630e-01 9.656989982061587874e-01 9.672579206487116332e-01 9.682904822035078851e-01
8.791717392047381330e-132 2.213413735995443361e-113 8.999801378989398562e-93 7.537700183366038777e-74 1.431673348422275099e-61 8.570450730263847748e-46 1.882092789941447273e-31 8.780099535827040378e-19 1.327964279230723462e-07 9.456347395163727798e-01 9.415422202713853439e-01 9.257100384504098889e-01 9.097605033691630316e-01 8.994443365272051238e-01 8.908641396514955790e-01 8.805658840001221455e-01 8.769627879178181207e-01 8.768928104684150515e-01 8.673266624927941093e-01 8.604191559612046625e-01 8.634948288689497931e-01 8.675754113862103045e-01 8.730469953891327739e-01 8.790669143479235004e-01 8.836957047975407820e-01 8.835820520472179584e-01 8.794564112043299353e-01 8.778045645811574094e-01 8.778502508817622729e-01 8.743430331797816812e-01 8.755346063762686759e-01 8.765457201541949628e-01 8.768369827750963630e-01 8.805069809223733390e-01 8.832172162116594949e-01 8.858734172403037732e-01 8.905926665392732700e-01 8.941349798165886265e-01 8.973123114034377013e-01 9.020191643025280426e-01 9.066541983284494011e-01 9.123981162905139275e-01 9.167124475198369371e-01 9.199183709138037957e-01 9.238758844552028560e-01 9.258084780763713439e-01 9.291835810392002903e-01 9.309180565898915738e-01 9.343378124973700238e-01 9.374562005970280554e-01 9.411270496950799869e-01 9.441961659882537328e-01 9.461383378835275249e-01 9.500623784885268153e-01 9.515634790896432271e-01 9.530416470186133804e-01 9.542727609038303971e-01 9.560054339046605287e-01 9.567034479590050822e-01 9.583285254957583099e-01 9.600071278503113925e-01 9.606448084494892958e-01 9.624300924891833198e-01 9.636579482792599904e-01 9.642628724867733370e-01 9.652619325341043055e-01 9.659237184435037760e-01 9.672050584821909602e-01 9.677095715839956203e-01 9.684759711992075859e-01
1.398766371806670155e-117 1.693742228851161209e-100 1.048752128204373576e-76 9.827166521258677744e-60 2.391571007953541715e-44 4.900491455169296595e-29 3.471677477010772154e-14 5.084321195038654650e-01 9.661534554977673217e-01 9.551012019421254440e-01 9.400139112925131046e-01 9.271131170079397465e-01 9.159452884845480369e-01 9.059415074333434514e-01 9.006173161711215069e-01 8.951436850422290759e-01 8.948889457424251681e-01 8.871784957589158305e-01 8.793364125046307933e-01 8.763571546893549336e-01 8.821535696477035282e-01 8.864015467444247287e-01 8.932375496140275706e-01 8.966800260315463955e-01 8.961960036465785873e-01 8.948432091073929007e-01 8.911682374240310622e-01 8.882947548078645728e-01 8.859221740340195161e-01 8.858098969507398612e-01 8.838829082353425459e-01 8.884198831013269126e-01 8.877618444653290197e-01 8.915847478593538211e-01 8.946572545466620063e-01 8.952360931248822817e-01 8.981819256493815962e-01 9.021459310130527376e-01 9.063344948861264960e-01 9.084721667447913651e-01 9.132208576269780220e-01 9.176237279302931205e-01 9.229277700556702824e-01 9.256777687872557170e-01 9.293860294603178973e-01 9.312306860118036989e-01 9.333231914879051017e-01 9.357144472008668279e-01 9.375972646387278342e-01 9.398750397174848725e-01 9.432863264825357419e-01 9.462080915130643977e-01 9.495360810550732555e-01 9.514654237160148353e-01 9.530177642316758346e-01 9.552330122924463929e-01 9.563032385687154635e-01 9.579144879576907412e-01 9.587150330337433912e-01 9.599846716838719152e-01 9.611124389105921706e-01 9.621904437834740698e-01 9.637165401890973593e-01 9.648668262249544547e-01 9.655684279278942128e-01 9.669180199238146534e-01 9.676815710485708877e-01 9.686415087977244820e-01 9.689043137127150151e-01 9.698077730589897971e-01
2.319001001549442342e-107 6.542736648760745804e-81 7.047519372862233406e-62 1.503824103713174906e-43 1.925200302292477651e-26 1.282247006536749351e-12 9.732333836784070602e-01 9.752376560184946586e-01 9.649794927039344605e-01 9.533618857466491514e-01 9.406915406172035032e-01 9.308466736576853640e-01 9.235690484209900797e-01 9.170533395016299272e-01 9.106981695232810869e-01 9.093247417441406855e-01 9.050815527918441017e-01 8.963082303848618482e-01 8.935465557727005903e-01 8.949012315450211030e-01 8.981155613155323847e-01 9.027196697043242679e-01 9.048196868619510225e-01 9.064844611933480234e-01 9.078150563536384610e-01 9.040601838651031175e-01 9.019582736185614014e-01 8.972019243717893611e-01 8.954288666431060584e-01 8.945332392700007240e-01 8.964297129064980885e-01 8.974234308532140769e-01 8.984356158410469195e-01 9.008093785125289576e-01 9.026783997590640540e-01 9.054085947807715140e-01 9.080169223187452010e-01 9.105443534859024579e-01 9.127592069824060905e-01 9.167122306915976848e-01 9.207339376727243785e-01 9.234895318985805179e-01 9.279548993499109333e-01 9.302630101588443834e-01 9.346813155622560876e-01 9.378540408580856580e-01 9.386722973603511821e-01 9.405682368951184813e-01 9.413841526259769665e-01 9.432550027970822981e-01 9.457191765843943054e-01 9.481636311391504757e-01 9.500787762301650119e-01 9.525278004193016290e-01 9.545074789931932147e-01 9.569320114956817447e-01 9.575361319614081879e-01 9.589691170171090739e-01 9.607331319725925800e-01 9.619880765790463917e-01 9.628232332721535780e-01 9.634643651860865798e-01 9.647326747289608484e-01 9.653890382143600624e-01 9.663728077934244931e-01 9.667130275258167815e-01 9.683031618604962532e-01 9.691867844901853601e-01 9.696898668363722607e-01 9.702028293317495056e-01
1.158554010071556915e-82 2.324476391809264503e-61 1.897549015766216365e-41 1.443823064339750214e-24 1.389030593165143339e-07 9.877866182762583547e-01 9.832407548231351102e-01 9.723570361627253966e-01 9.644339633490640606e-01 9.539451979299325979e-01 9.452378723389087689e-01 9.381802523086940626e-01 9.330009260719550612e-01 9.260199183300397152e-01 9.239403893108285581e-01 9.229628706444803488e-01 9.145775463039621522e-01 9.060906752705906175e-01 9.067225957375809609e-01 9.090113078266653934e-01 9.141730232823551683e-01 9.164027426376528673e-01 9.185955509288239451e-01 9.184586667145173688e-01 9.159344007508527508e-01 9.119465315057165844e-01 9.082833417411335653e-01 9.070733520850793319e-01 9.059743696222266607e-01 9.052264620176522225e-01 9.059320827774209883e-01 9.059118370907028872e-01 9.076455088722250597e-01 9.102386416995459362e-01 9.124799649902401999e-01 9.136371849088774644e-01 9.167687335882744870e-01 9.188426420426908381e-01 9.206834874686770087e-01 9.230150865605176724e-01 9.258594947082964266e-01 9.299109427150231699e-01 9.329115799356347827e-01 9.371271446150452045e-01 9.398193148292178778e-01 9.423547602822456293e-01 9.451426723565707899e-01 9.454792569233988475e-01 9.464465419989928074e-01 9.481620666705619094e-01 9.495635500590070555e-01 9.510154418017936484e-01 9.529078577283911500e-01 9.547494768267150711e-01 9.563046211232273386e-01 9.581791171493234671e-01 9.600080631544626319e-01 9.622143812206727098e-01 9.626856030442449974e-01 9.638674679972817350e-01 9.651341581732624242e-01 9.654569547630607040e-01 9.662755910223360667e-01 9.673927516220393041e-01 9.679665360660927309e-01 9.677675681055194490e-01 9.687309244585056156e-01 9.700426069072032309e-01 9.705998554783469290e-01 9.709516475032088367e-01
2.331249750043893464e-59 2.149095702284780532e-39 6.758800733430275806e-19 9.515653562458181725e-01 9.927826640031239824e-01 9.876598751178073954e-01 9.803830235895669709e-01 9.725991493088230744e-01 9.642296019277218910e-01 9.589464286485039901e-01 9.502905187997811032e-01 9.458560257604694543e-01 9.385587186752819555e-01 9.350788725251758526e-01 9.366823614424627520e-01 9.290161042072218045e-01 9.226692746703342163e-01 9.208261813136701113e-01 9.210250558939457877e-01 9.231191092228513417e-01 9.252418692829699198e-01 9.275739506436438964e-01 9.289442856410006222e-01 9.271382932750861228e-01 9.233065943867782011e-01 9.205819950316920242e-01 9.166067540959046411e-01 9.145209162670165925e-01 9.143722312076412173e-01 9.139358918438399426e-01 9.151029559145340553e-01 9.140164233313086140e-01 9.177929536343690797e-01 9.189966981517065925e-01 9.206048570624242311e-01 9.216184071544220036e-01 9.240184117878141867e-01 9.267990646078740902e-01 9.284247271817339664e-01 9.304798096506718963e-01 9.324599781970338563e-01 9.353606388965958196e-01 9.380794540727399600e-01 9.419696896915222828e-01 9.442833288983596418e-01 9.469646739291166515e-01 9.484829912283208042e-01 9.502607222801769948e-01 9.516609011575722921e-01 9.529113622056739619e-01 9.531897641128156407e-01 9.550813646726392658e-01 9.564286283080027928e-01 9.580023190408374356e-01 9.592135145574131050e-01 9.607646091222825646e-01 9.617228690100039223e-01 9.639343894035115046e-01 9.644585194989310217e-01 9.659139229890096878e-01 9.668626349994871028e-01 9.676622531500987945e-01 9.684891128418001705e-01 9.691218848919068707e-01 9.696953969206572044e-01 9.700174801652582390e-01 9.705482561213170101e-01 9.706469024300116155e-01 9.715874752773928646e-01 9.719447162630334702e-01
2.288558124435610601e-35 6.614387287238369901e-14 9.961765095328595221e-01 9.956301206944944138e-01 9.918603171737174762e-01 9.866914824612009749e-01 9.795032584532664677e-01 9.742169198064395408e-01 9.679658181907827563e-01 9.622759763075037220e-01 9.586402752009298700e-01 9.533767475757740639e-01 9.485432624703341586e-01 9.469172280683372245e-01 9.452625466460169434e-01 9.375828806203383436e-01 9.324024712914210644e-01 9.321223350842808841e-01 9.341884819508649018e-01 9.354282430868039455e-01 9.375048858259500406e-01 9.378059614763729623e-01 9.384275599921341193e-01 9.360606699069546899e-01 9.317828270274712832e-01 9.280934252812950147e-01 9.254921632760724215e-01 9.245143122197283514e-01 9.226065077043021923e-01 9.226645489878904094e-01 9.237918497863700784e-01 9.245697948225594098e-01 9.256610024028126826e-01 9.275528070028018490e-01 9.295263728935273528e-01 9.298637036048063020e-01 9.326590193251463878e-01 9.326436313733877936e-01 9.351922335530368224e-01 9.364691711799375540e-01 9.378067922139166068e-01 9.411895558471072842e-01 9.439363535184576159e-01 9.453863175688060894e-01 9.484164899933399395e-01 9.502798448198688241e-01 9.541077517515128559e-01 9.550936606308408905e-01 9.558964041292925540e-01 9.572378159292254107e-01 9.578379888163309763e-01 9.588870717483262140e-01 9.596931086133831945e-01 9.606437684740598559e-01 9.616647824532277289e-01 9.632474616721459215e-01 9.646999447278477025e-01 9.663861685019932146e-01 9.676436659143468066e-01 9.682352431166066919e-01 9.680945122706479111e-01 9.694409218878220491e-01 9.703045523950405427e-01 9.713352266959458525e-01 9.719086583675647928e-01 9.722618907993233472e-01 9.725139489633065626e-01 9.728646778553267094e-01 9.732661487747105156e-01 9.737998424889068305e-01
3.359940043741898794e-09 9.986834816652240265e-01 9.975209247568318505e-01 9.948247232889890768e-01 9.911566224148153914e-01 9.863837509075404908e-01 9.810403263005046393e-01 9.774356293258875672e-01 9.726821878361266993e-01 9.685232341151887026e-01 9.661625916586299434e-01 9.590340212903266659e-01 9.568907116178828609e-01 9.573870829705996011e-01 9.527424338724105324e-01 9.440576820927022439e-01 9.440783302670612276e-01 9.443482605851311051e-01 9.458052908085342603e-01 9.467150038486203956e-01 9.478080235246549856e-01 9.480468511028163903e-01 9.471199247347134031e-01 9.422846373881371695e-01 9.398759365061301052e-01 9.365825320126341946e-01 9.348758393184272153e-01 9.336121048295668023e-01 9.318087681136236755e-01 9.324211120060252878e-01 9.321930352451242019e-01 9.328253216791964064e-01 9.345421716900728093e-01 9.366112750094792716e-01 9.373660895725626219e-01 9.385647136039735328e-01 9.398680885856764977e-01 9.415729665879472021e-01 9.431363329658005723e-01 9.443915666607051174e-01 9.446908579088457714e-01 9.473715303120261444e-01 9.497754679686495338e-01 9.507505911474734006e-01 9.534075559931659560e-01 9.560284336625549662e-01 9.577758736813305473e-01 9.594435430496327522e-01 9.609979906078277567e-01 9.614770766921802991e-01 9.624508163822760309e-01 9.635291930850674591e-01 9.638922889754246714e-01 9.643315639979433973e-01 9.651466650979982909e-01 9.657936869802524749e-01 9.670087417228875326e-01 9.682237371911976975e-01 9.686489836312951462e-01 9.704082171992143291e-01 9.713513836676751501e-01 9.723756271638533955e-01 9.724857877451724697e-01 9.738180037988836135e-01 9.732334997977369895e-01 9.752052137900578677e-01 9.746158746482082025e-01 9.752529194367389742e-01 9.758692666438113505e-01 9.761339416565056881e-01
9.994163839946673678e-01 9.987411671123265222e-01 9.971954684095225563e-01 9.946565923137327125e-01 9.920796823386346386e-01 9.889763413752895582e-01 9.852800009274633730e-01 9.811194433375932666e-01 9.783788984626420326e-01 9.749272265724199249e-01 9.718317019837232618e-01 9.690210992013845726e-01 9.682285810562564210e-01 9.646735489063624769e-01 9.585305485558196503e-01 9.545937342625755440e-01 9.541581130608040029e-01 9.551437161390049502e-01 9.564404019207810581e-01 9.559323047609689095e-01 9.565103374164664052e-01 9.566156154444598325e-01 9.547958575055364161e-01 9.511028312432916465e-01 9.476789112731504039e-01 9.446954562227301011e-01 9.448142815032710695e-01 9.422477362005878820e-01 9.410698571144108238e-01 9.420784579936442027e-01 9.416518730804789294e-01 9.435697721908231639e-01 9.441618513833573978e-01 9.436048333991503556e-01 9.460626338064370699e-01 9.465049221197012752e-01 9.484927152801035932e-01 9.477170444905022029e-01 9.503053170755161316e-01 9.506388016288511711e-01 9.512754523147537444e-01 9.547407763577352435e-01 9.539569821654984016e-01 9.563338269691411542e-01 9.573652919100613667e-01 9.598622123389169980e-01 9.630498420451100161e-01 9.647623131622166115e-01 9.654596171634176605e-01 9.670605396014744226e-01 9.672152023699034373e-01 9.681733739886255741e-01 9.702074126572642898e-01 9.693112173899429695e-01 9.698106838911474403e-01 9.696973182025621085e-01 9.713156709954714474e-01 9.717274241688685921e-01 9.716936358311358823e-01 9.725803688287130155e-01 9.732080615747881192e-01 9.744025289158922964e-01 9.749227034581627871e-01 9.768040601219959429e-01 9.762704250108366066e-01 9.772823750435259971e-01 9.774636683318598251e-01 9.783478854452174467e-01 9.780537816178932475e-01 9.789595427564217189e-01
9.994980080231850028e-01 9.989073325773591971e-01 9.974150072448207949e-01 9.962019728946976960e-01 9.942296852984098265e-01 9.912891035975800458e-01 9.894014947269105242e-01 9.873477731238675670e-01 9.835453447075290789e-01 9.809166668690258994e-01 9.783089049054657371e-01 9.772138614023986314e-01 9.752115264011358420e-01 9.706477054880117139e-01 9.663652934834787711e-01 9.649327581939107779e-01 9.653166382883506813e-01 9.661842472136094040e-01 9.659773438962736547e-01 9.667016537837773704e-01 9.648828177402144490e-01 9.642300051682727302e-01 9.624439202239754021e-01 9.588915683788267197e-01 9.552775055493685219e-01 9.542177075245175111e-01 9.527031073526259775e-01 9.517680370647298993e-01 9.515409042559523911e-01 9.522706868959760484e-01 9.516581396285079819e-01 9.511900196191276358e-01 9.519219035053734235e-01 9.524193528712380230e-01 9.539747320914317985e-01 9.560819067722872155e-01 9.555291123253100150e-01 9.569254774402451424e-01 9.564054332892953925e-01 9.591960158038213002e-01 9.597260027518444980e-01 9.591502020462603362e-01 9.611391074950218494e-01 9.615872250640711272e-01 9.628510555825399164e-01 9.649434394523188629e-01 9.672426268953037143e-01 9.687624436282251672e-01 9.699138993791285301e-01 9.714105714883531917e-01 9.716116324348585964e-01 9.730792323475935257e-01 9.730840591456499933e-01 9.734200189352829602e-01 9.737334418701333316e-01 9.743513587729839553e-01 9.743601596256937780e-01 9.751194644442896520e-01 9.760339128091226613e-01 9.750781882238075404e-01 9.760265095134501578e-01 9.767277383709808136e-01 9.776525570164376067e-01 9.785516415248534106e-01 9.784638302942526566e-01 9.796103616363840416e-01 9.792463236366530932e-01 9.802561445092924375e-01 9.801338745522922835e-01 9.808897928495082796e-01
9.995778801565844418e-01 9.991705067753094971e-01 9.983045493674956861e-01 9.972021221461951912e-01 9.959273250266117428e-01 9.940068957470313826e-01 9.913973731073437712e-01 9.901009876013521227e-01 9.883042888788438063e-01 9.863943074028521663e-01 9.841590201889635070e-01 9.833422833745371072e-01 9.802771724637638906e-01 9.767956775637851585e-01 9.746561258070682854e-01 9.731940444091061737e-01 9.739707057287272374e-01 9.741149546002317861e-01 9.734369961870760202e-01 9.741501987599917589e-01 9.716460852429834594e-01 9.699699736350003709e-01 9.693087122326798921e-01 9.663899804777351665e-01 9.632413658548986124e-01 9.616120825270697559e-01 9.604240808448583078e-01 9.585222300273991136e-01 9.607524903984864251e-01 9.599892095549981130e-01 9.603804933705478719e-01 9.603239030583010649e-01 9.599571284872440158e-01 9.598331402522520817e-01 9.608128442865938590e-01 9.611358687415020308e-01 9.618203914871936711e-01 9.624692829730778776e-01 9.639716020760105142e-01 9.641825554850321778e-01 9.658092666607422938e-01 9.651524916273879207e-01 9.668987374458226647e-01 9.657716860188800823e-01 9.691406136944347161e-01 9.702369103034880204e-01 9.714350362197405886e-01 9.724809412714705559e-01 9.733943466206766981e-01 9.751667294789192475e-01 9.758248527250698023e-01 9.765956337138337329e-01 9.766917327210954403e-01 9.771122753649614801e-01 9.769986338283821459e-01 9.778688297289506171e-01 9.778433257057570493e-01 9.777717457227944609e-01 9.783039115656885221e-01 9.781077268860710605e-01 9.787783404267209608e-01 9.791363654105962322e-01 9.796156505677455772e-01 9.801344133884750676e-01 9.807605229758322718e-01 9.815931096228782682e-01 9.815995640767352093e-01 9.821694197814194727e-01 9.822093952605257527e-01 9.832067181606461981e-01
9.996763690102066224e-01 9.993218044148943768e-01 9.987655671838278071e-01 9.981295180398849221e-01 9.971115253609195150e-01 9.955233958223258517e-01 9.943338788775499815e-01 9.928792597797539976e-01 9.910034698298998412e-01 9.896975256611167948e-01 9.883049243396158090e-01 9.868183110585520001e-01 9.839786596244380901e-01 9.810825151819311252e-01 9.806311580296637187e-01 9.790349970179986760e-01 9.791220278020114076e-01 9.794560707010619982e-01 9.795560808258958474e-01 9.779213735683477404e-01 9.777211905996038288e-01 9.737908158669811298e-01 9.715743822980372757e-01 9.704368811172537912e-01 9.679674404439140289e-01 9.667358425906795727e-01 9.668305600499518260e-01 9.651802647124423373e-01 9.655306034815955840e-01 9.653121977923768693e-01 9.649592414822957265e-01 9.660962397705826765e-01 9.655685888763653191e-01 9.661093978222897727e-01 9.665723845012901272e-01 9.667366241112078651e-01 9.673220644047330063e-01 9.677042889666027659e-01 9.679576397173954572e-01 9.687993506488576934e-01 9.687947118465768392e-01 9.697039960911805201e-01 9.703622311593920191e-01 9.707952836141050534e-01 9.715242181544712086e-01 9.723237161836594256e-01 9.738491078850283200e-01 9.747938374786551119e-01 9.757258588245415476e-01 9.772367564869371970e-01 9.781487579466145998e-01 9.779156190254387759e-01 9.791164532588689795e-01 9.799274650380497276e-01 9.799690820594989527e-01 9.795310983462881538e-01 9.801414910021765126e-01 9.801890178221612793e-01 9.805092686514855771e-01 9.806860003584229046e-01 9.806506712615622456e-01 9.808727808110034863e-01 9.808838344956982702e-01 9.818357730759675883e-01 9.820510836431437518e-01 9.822357156946213141e-01 9.825469996936173622e-01 9.831639190598117084e-01 9.832777770969962639e-01 9.836529816047939745e-01
9.996604041640262395e-01 9.993839998708761163e-01 9.989027772589785803e-01 9.982733344607229720e-01 9.973380100165643025e-01 9.962167593289011913e-01 9.952057545544994444e-01 9.941633920897798848e-01 9.924796610364646776e-01 9.911044708546287163e-01 9.902134709221136477e-01 9.881504906002485100e-01 9.851174838307160675e-01 9.837387075330200625e-01 9.833680001868435605e-01 9.833225256702416983e-01 9.829934470248873346e-01 9.825067634726502019e-01 9.817219024030903185e-01 9.805594617495995147e-01 9.787420262507895430e-01 9.764382308132013577e-01 9.738014817776602383e-01 9.725382749306950014e-01 9.707614838194513762e-01 9.701768099462234618e-01 9.697692585266372012e-01 9.690695562216314896e-01 9.684194498566645048e-01 9.680213846288182600e-01 9.685559449623650785e-01 9.686077797898319242e-01 9.689717660546471878e-01 9.691076783400707217e-01 9.696096179522626368e-01 9.689012102692723394e-01 9.698534827427323091e-01 9.703403471867882990e-01 9.710224560026011753e-01 9.715953955939812259e-01 9.715970992773961257e-01 9.723142111190457015e-01 9.727922991689480492e-01 9.732941305617849315e-01 9.737705828564791055e-01 9.742014498632165509e-01 9.746414357243966542e-01 9.758918728643507512e-01 9.769478362339981681e-01 9.782280407829750946e-01 9.791168564694781029e-01 9.797642798747554505e-01 9.801471643139583190e-01 9.804805641675059524e-01 9.811570738850162732e-01 9.814069942800978108e-01 9.811827688542669179e-01 9.815497955952632303e-01 9.818938136181073473e-01 9.819683192894930190e-01 9.818257126563912918e-01 9.819465258530374330e-01 9.821256040674397614e-01 9.824654039475003708e-01 9.829218603775127239e-01 9.826178718255270672e-01 9.833234886141491993e-01 9.834709854614468449e-01 9.838106749784581995e-01 9.842548257682002255e-01
9.995010179602356049e-01 9.991957336113896915e-01 9.986705735423532238e-01 9.979963336056306700e-01 9.972973843143057016e-01 9.963796740816389663e-01 9.953075676442213471e-01 9.938878864398795754e-01 9.924648110914915389e-01 9.917689833233217511e-01 9.901210624760831136e-01 9.879782266586567552e-01 9.859309455790068455e-01 9.851681051458595073e-01 9.848557711904185608e-01 9.842976339518884066e-01 9.841801970052848070e-01 9.831622493083045367e-01 9.822373386920617566e-01 9.811600834489734302e-01 9.788332105592661980e-01 9.768020909459166345e-01 9.746541306132646687e-01 9.733149335687052428e-01 9.723521136551623867e-01 9.713411478961784251e-01 9.712375255522285311e-01 9.704113833785091847e-01 9.703465049164120559e-01 9.694128209568512178e-01 9.700139858561741546e-01 9.698944844164231194e-01 9.701711201123467410e-01 9.701556775754275330e-01 9.706742029096852020e-01 9.707139324663920377e-01 9.713092915746120992e-01 9.718067333704359934e-01 9.722180219325170514e-01 9.727055744773950297e-01 9.734930137904070913e-01 9.733510603455032273e-01 9.739511191133608525e-01 9.743518520895971813e-01 9.744243050289148611e-01 9.749417284997941024e-01 9.754556573584476364e-01 9.764852187106811687e-01 9.770714524609261931e-01 9.780502182778370024e-01 9.790540061826955576e-01 9.800876091631535170e-01 9.803283548933087177e-01 9.808418320605579721e-01 9.815518395459756906e-01 9.817819213883530738e-01 9.820146276932364415e-01 9.821315734550569720e-01 9.822860142349381096e-01 9.826473048538377775e-01 9.824727249029153731e-01 9.826867436983985904e-01 9.829738985842382260e-01 9.831153178578954099e-01 9.830162209988720923e-01 9.834148641250208822e-01 9.834288111098127283e-01 9.835520146642787731e-01 9.838528375948282223e-01 9.842426517544800024e-01
9.992359581798770929e-01 9.989163555135456285e-01 9.981990597399739151e-01 9.976217106551669156e-01 9.967508541677974065e-01 9.956918089311151965e-01 9.945512883844538354e-01 9.933581217900905314e-01 9.922046323209403607e-01 9.910634748555641194e-01 9.889135006170287623e-01 9.872338003776127691e-01 9.862396823018118042e-01 9.855476859321122829e-01 9.850911072276842262e-01 9.846119091167657711e-01 9.838071802961364520e-01 9.831368594366340918e-01 9.819997521285687148e-01 9.798013086875633215e-01 9.780901696341489648e-01 9.762354358519230724e-01 9.748468788818361874e-01 9.735684253904752783e-01 9.728103464384141308e-01 9.721755954818188661e-01 9.715495110998640937e-01 9.712202129074959389e-01 9.711024771096747887e-01 9.708601610170364271e-01 9.707278795747644740e-01 9.708398765702163091e-01 9.708829734412733892e-01 9.709946784223089100e-01 9.713925465342956311e-01 9.714789444635363314e-01 9.719407119745135937e-01 9.724367260853222783e-01 9.726107560060506252e-01 9.731075443612851039e-01 9.736830483223695154e-01 9.740206642794503322e-01 9.743615211972641577e-01 9.745516296479789231e-01 9.750518994998199629e-01 9.753016977370808638e-01 9.759003381828299517e-01 9.762150113793671702e-01 9.768725873185621911e-01 9.775072969441364057e-01 9.785489452528992604e-01 9.793692806838607545e-01 9.799756635641669877e-01 9.807727803518253573e-01 9.814875692719837730e-01 9.817210938708079704e-01 9.821398648882945226e-01 9.823385718104232778e-01 9.825745023301550862e-01 9.826766589799073026e-01 9.828341327405443195e-01 9.829767120335255459e-01 9.830185205700118223e-01 9.832681229138967582e-01 9.832114618584790744e-01 9.834968088890641003e-01 9.834989555814953599e-01 9.836323757694117598e-01 9.839216831783043071e-01 9.841052502270896118e-01
9.987814719443806055e-01 9.983302008651301351e-01 9.978423686106676627e-01 9.968636324570907536e-01 9.960766912100561532e-01 9.947754370406798330e-01 9.937275591603274005e-01 9.927529536137874588e-01 9.914966637102717861e-01 9.899603804505112681e-01 9.881875329216559534e-01 9.867746930826007956e-01 9.861922110866294666e-01 9.854287067734432970e-01 9.848255863766919305e-01 9.842504274092289673e-01 9.833323644799444319e-01 9.821387300080439697e-01 9.808531434016556361e-01 9.789221014391017439e-01 9.772493848015192386e-01 9.757514902291394288e-01 9.743577098437424810e-01 9.734990981236710805e-01 9.726575077577019890e-01 9.722615455521150807e-01 9.717632689149481307e-01 9.715462928607864201e-01 9.711320434452579420e-01 9.709050865098231009e-01 9.710273518554302097e-01 9.709652361926958131e-01 9.710642899727803812e-01 9.711547518846957994e-01 9.713624507524726281e-01 9.717579671293619104e-01 9.722510495734143499e-01 9.724456025554013561e-01 9.729385908191910959e-01 9.734723383329813018e-01 9.738151104256357327e-01 9.741244409118383629e-01 9.745333933832910356e-01 9.747486889117004116e-01 9.750578069579169949e-01 9.753595251405734468e-01 9.755884987492667859e-01 9.761658578853465995e-01 9.765580991619365880e-01 9.770448272355687358e-01 9.778254554605168014e-01 9.789054872602760415e-01 9.793062623173165449e-01 9.801713284790971592e-01 9.808822317298562243e-01 9.812975745838432573e-01 9.816977320013726693e-01 9.819881173637200478e-01 9.825431843477964167e-01 9.827001945504676428e-01 9.827626746945877789e-01 9.830161189848989345e-01 9.831342913842737730e-01 9.832490843524456237e-01 9.834112024184853418e-01 9.835544306421806215e-01 9.835679742462652975e-01 9.837669340002593854e-01 9.838958366024115332e-01 9.838990295359680838e-01
-1.000000000000000000e+00 -1.000000000000000000e+00 9.968855426041459689e-01 9.960137507470835372e-01 9.950843286866383197e-01 9.941058659556760713e-01 9.928666487657711315e-01 9.915999058444833203e-01 9.901465495916298432e-01 9.886137665845687872e-01 9.873535026912743096e-01 9.864751116009693455e-01 9.856060420594773275e-01 9.848381166838207079e-01 9.842862777839306299e-01 9.835004746689027799e-01 9.823408220769961341e-01 9.811014911316372489e-01 9.794243692423304504e-01 9.777069746540066886e-01 9.760808682130839298e-01 9.750704946354216140e-01 9.741468859997979290e-01 9.731805610348466251e-01 9.726241845969630928e-01 9.721540009185944964e-01 9.715861775822554058e-01 9.713324328840745592e-01 9.711133248837420240e-01 9.709267015103809628e-01 9.708772690704837727e-01 9.708182300120823394e-01 9.710342543642994650e-01 9.712089731721413877e-01 9.712733156791077960e-01 9.714937460711470241e-01 9.719984073141584302e-01 9.724614372780943095e-01 9.729184303345476126e-01 9.733628079033076475e-01 9.737037521543193686e-01 9.742101205508776340e-01 9.745528271516376018e-01 9.748242604751984342e-01 9.750975648850549460e-01 9.754240841811154805e-01 9.755680209747045195e-01 9.758191132917830579e-01 9.762159512704577935e-01 9.766832271040422064e-01 9.771650305497149303e-01 9.778930396601995811e-01 9.788409328934456477e-01 9.794025888233516275e-01 9.797497780107246035e-01 9.807412476618329045e-01 9.810939975583590211e-01 9.815601517741306958e-01 9.820619766998709421e-01 9.825118974895721280e-01 9.825899714383237171e-01 9.828736937611947111e-01 9.831434187048313511e-01 9.832495452783247547e-01 9.833002731100426441e-01 9.834394547066895864e-01 9.835896457266440907e-01 9.836403821033330441e-01 9.837298772652208756e-01 9.838628149060066885e-01
-1.000000000000000000e+00 -1.000000000000000000e+00 -1.000000000000000000e+00 9.950088750042136443e-01 9.939500630391145952e-01 9.926283969149569675e-01 9.915957219303341841e-01 9.902180746688753477e-01 9.891041495851672360e-01 9.875237798313587501e-01 9.865718567372611103e-01 9.856041010934861735e-01 9.849427391131843068e-01 9.842293155144417049e-01 9.834069405311296475e-01 9.824578686984999365e-01 9.810063211705422059e-01 9.797109597536864944e-01 9.782221972618539985e-01 9.768826904378179465e-01 9.755939262773234422e-01 9.745040776453031128e-01 9.735734155531521328e-01 9.727466605148220591e-01 9.722706592989398544e-01 9.718701107533593841e-01 9.714559720130203635e-01 9.711956792929995474e-01 9.709687006980487478e-01 9.708266677769091801e-01 9.707723655772413363e-01 9.708387577052600692e-01 9.708167988812160809e-01 9.708975027175216210e-01 9.711339711373232486e-01 9.714894725644835916e-01 9.717555337976689911e-01 9.722829109537115544e-01 9.725860589941843770e-01 9.731586354312209419e-01 9.736585057780186014e-01 9.741099505286118232e-01 9.744074379792451168e-01 9.748406026368128252e-01 9.750776996471957059e-01 9.752538050842362027e-01 9.754878476140877996e-01 9.755646474957228031e-01 9.758718849696386144e-01 9.761283622943802696e-01 9.766089618474016465e-01 9.771481725282459285e-01 9.777431140215069316e-01 9.785569134513837364e-01 9.792790348073051598e-01 9.798839420932359268e-01 9.804679702575251898e-01 9.809837878595114580e-01 9.812795063680944674e-01 9.818261841366011655e-01 9.822718088847788298e-01 9.826506313878514698e-01 9.829108885718642608e-01 9.829180761293797586e-01 9.831815600213096307e-01 9.833494465158710840e-01 9.833579467050056477e-01 9.835876077915949312e-01 9.837192953361280079e-01 9.837237058562411374e-01
-1.000000000000000000e+00 -1.000000000000000000e+00 -1.000000000000000000e+00 -1.000000000000000000e+00 9.927218905921281200e-01 9.915798266457087617e-01 9.904363590019706898e-01 9.892196285814004453e-01 9.880219063338133711e-01 9.867447915184246465e-01 9.857218639245196590e-01 9.848610394133089363e-01 9.841066831690316041e-01 9.830828246046400265e-01 9.821329053103274864e-01 9.809588883442403873e-01 9.798642407870580273e-01 9.785143798283442163e-01 9.771791715746835916e-01 9.758771192308325348e-01 9.748586663639137173e-01 9.740407810104051434e-01 9.732080107802030255e-01 9.725805436861816311e-01 9.720977281102909373e-01 9.716674475807887124e-01 9.712372450466376650e-01 9.709515163804559590e-01 9.706705903683572334e-01 9.706025406779223985e-01 9.704563312591515389e-01 9.705131064900249793e-01 9.705833207465099921e-01 9.706987817672926289e-01 9.708961326306935202e-01 9.710673839188246337e-01 9.714552635333882913e-01 9.717871040611441025e-01 9.723662704917822586e-01 9.728807927203726447e-01 9.733722417032655283e-01 9.737989453621953562e-01 9.742809398928056197e-01 9.745873353992301480e-01 9.749303742801506134e-01 9.751214773890383158e-01 9.753691798154389136e-01 9.755314638992200749e-01 9.756942605571449212e-01 9.758391170119553593e-01 9.762157497992247634e-01 9.766124401088086548e-01 9.767884013044022540e-01 9.775740114614289711e-01 9.782810977756264403e-01 9.787866698209541916e-01 9.794882251890659752e-01 9.801741709056320806e-01 9.803880122217611959e-01 9.814874310296202164e-01 9.816335043990372933e-01 9.820145983503644205e-01 9.823605277705542704e-01 9.825798342520603024e-01 9.829427886807357018e-01 9.830603002785388567e-01 9.833190085515042256e-01 9.834569036469508196e-01 9.835621689720221994e-01 9.837078242972748798e-01
-1.000000000000000000e+00 -1.000000000000000000e+00 -1.000000000000000000e+00 -1.000000000000000000e+00 -1.000000000000000000e+00 9.902576331329381309e-01 9.891511647356043824e-01 9.877088684223018777e-01 9.867479095737570205e-01 9.856136610502196360e-01 9.847257713880136487e-01 9.836358791370551913e-01 9.828863991377425613e-01 9.820064299113039352e-01 9.808860037054738523e-01 9.797129240622749480e-01 9.784914458647309132e-01 9.772887222045800737e-01 9.761746504390738099e-01 9.752037283216730135e-01 9.742017476962042677e-01 9.734617823936587699e-01 9.728437900748223566e-01 9.722063979899472352e-01 9.716930668692954631e-01 9.712776882568029402e-01 9.709624659892642784e-01 9.706721305783319043e-01 9.705245434333207299e-01 9.703632967298767564e-01 9.702286390838298358e-01 9.702384096323101170e-01 9.703231059778608669e-01 9.704224980684453827e-01 9.705718975634525236e-01 9.708520199270910256e-01 9.711837023484733988e-01 9.716421601817067932e-01 9.721814539762061447e-01 9.724870733295433167e-01 9.731049830499323150e-01 9.735805599303685165e-01 9.740028614371198934e-01 9.744690791582384382e-01 9.746402877507944762e-01 9.750264937985283487e-01 9.751671260545884401e-01 9.753499540057191108e-01 9.754890751303318952e-01 9.756438607902759852e-01 9.758019648291296200e-01 9.760696708713989533e-01 9.764514054060132731e-01 9.769321147090392898e-01 9.773973295106308523e-01 9.782335934797818933e-01 9.785463126161590974e-01 9.792152062297073689e-01 9.795094578022035536e-01 9.806475358874002790e-01 9.810449091445485603e-01 9.818436034059518924e-01 9.820271543770580092e-01 9.819260740496494888e-01 9.824207527196990863e-01 9.826821876258846622e-01 9.829490119731736364e-01 9.832057027202132371e-01 9.833178918451590533e-01 9.835786133954230737e-01
-1.000000000000000000e+00 -1.000000000000000000e+00 -1.000000000000000000e+00 -1.000000000000000000e+00 -1.000000000000000000e+00 -1.000000000000000000e+00 -1.000000000000000000e+00 9.866536279103329532e-01 9.854633142107362964e-01 9.843545598781409112e-01 9.834170358293347070e-01 9.825024934649618791e-01 9.817641778333215941e-01 9.806203518050011780e-01 9.795388711851054087e-01 9.784547288306595370e-01 9.775289895096431758e-01 9.764541351903410771e-01 9.753961191797632102e-01 9.745865617664525304e-01 9.737199605502044886e-01 9.730154196361582297e-01 9.724162175094190896e-01 9.717639258650583312e-01 9.713944782188369542e-01 9.710558808354009530e-01 9.706865138096624213e-01 9.704538184319977390e-01 9.702891437917703366e-01 9.700686699376983579e-01 9.700079024206460510e-01 9.699442809133744792e-01 9.700234249786965357e-01 9.700896354878069117e-01 9.702920898373645908e-01 9.705949007391029282e-01 9.707949438038713241e-01 9.713177791098911440e-01 9.717732966694496710e-01 9.721348975661122660e-01 9.728226565165863926e-01 9.733995575629325048e-01 9.736352389056298628e-01 9.741619216116093050e-01 9.745367360110632760e-01 9.748165296657608225e-01 9.750518000232393234e-01 9.752174466584330181e-01 9.752968436978374234e-01 9.754062201420025113e-01 9.756828896609528456e-01 9.757432594155541761e-01 9.759838012337532787e-01 9.762360559659131187e-01 9.766858588487636883e-01 9.774403292654298969e-01 9.776358844231940459e-01 9.779553358373443972e-01 9.788102500105374526e-01 9.796789244898607141e-01 9.799182662878354044e-01 9.807757589862121650e-01 9.811162361663213760e-01 9.813737503735803225e-01 9.818494422018382295e-01 9.823180367543628000e-01 9.826164804929544694e-01 9.830856615968184276e-01 9.830630289902619889e-01 9.834470568956643621e-01
-1.000000000000000000e+00 -1.000000000000000000e+00 -1.000000000000000000e+00 -1.000000000000000000e+00 -1.000000000000000000e+00 -1.000000000000000000e+00 -1.000000000000000000e+00 -1.000000000000000000e+00 9.840432526907636479e-01 9.832184215646456726e-01 9.823195412798263471e-01 9.813068766057914116e-01 9.806355196601651558e-01 9.795495697531667600e-01 9.785103273595954221e-01 9.775670933112389216e-01 9.766223931490528587e-01 9.756580972069335278e-01 9.747515208082375704e-01 9.740021453313417732e-01 9.731858847605020513e-01 9.725556872512944873e-01 9.720128101662962594e-01 9.715454013328692628e-01 9.711045566416008912e-01 9.707240959478179443e-01 9.703701966087744379e-01 9.701028499994878151e-01 9.699330315210143993e-01 9.697945827182457013e-01 9.697184926671604810e-01 9.697631331579116276e-01 9.697013791204917021e-01 9.698015116672125124e-01 9.699015887555970661e-01 9.703032429770610534e-01 9.704728812595688758e-01 9.709828280395266242e-01 9.713576488868259640e-01 9.718338126499087570e-01 9.723154128274767993e-01 9.728373793137241599e-01 9.732955406314215407e-01 9.738494575847390644e-01 9.741455662583422548e-01 9.745238524133043034e-01 9.747765221695595672e-01 9.750135257773482333e-01 9.752117035060895445e-01 9.752431668790962904e-01 9.753703844024519398e-01 9.754706103342620782e-01 9.756397118202161378e-01 9.757988946687001786e-01 9.760410990127439401e-01 9.762110308351618082e-01 9.765521447097575969e-01 9.772359080909498452e-01 9.775887463999340943e-01 9.783641999035735948e-01 9.787080324458391489e-01 9.797333743765048730e-01 9.799505601693999646e-01 9.804544562889749848e-01 9.812287102570252939e-01 9.819112408661389013e-01 9.817269078447206088e-01 9.824227054360682443e-01 9.825755033940899441e-01 9.830316191430594763e-01
-1.000000000000000000e+00 -1.000000000000000000e+00 -1.000000000000000000e+00 -1.000000000000000000e+00 -1.000000000000000000e+00 -1.000000000000000000e+00 -1.000000000000000000e+00 -1.000000000000000000e+00 -1.000000000000000000e+00 9.820614171613695209e-01 9.812218504660323859e-01 9.802186435459385727e-01 9.793810154519022593e-01 9.784106716853533392e-01 9.776010359000049110e-01 9.767128166597208727e-01 9.757395193067052164e-01 9.750055625448390551e-01 9.742898460190120291e-01 9.733844220019968185e-01 9.727860427952431666e-01 9.721752301392923012e-01 9.716533740277377706e-01 9.712068126273253332e-01 9.707645431407755376e-01 9.704109496402953949e-01 9.700935729767400373e-01 9.698578408697989817e-01 9.696500765444444614e-01 9.695218602978928901e-01 9.694490473144115050e-01 9.694126705614761752e-01 9.694401946003350368e-01 9.694816102660198665e-01 9.696224872779881654e-01 9.699319635265085671e-01 9.701831080094439619e-01 9.705289036625472932e-01 9.708230433155941030e-01 9.714790154937326117e-01 9.719217650525169283e-01 9.725048320299932714e-01 9.729381751004771983e-01 9.733790070119703319e-01 9.739048700461857555e-01 9.742147623445375215e-01 9.743806503980927403e-01 9.747285274038940406e-01 9.749396518990376403e-01 9.750374998419983896e-01 9.751384032336408714e-01 9.752794364755411616e-01 9.753558211837907166e-01 9.754785014047533398e-01 9.755348052452333940e-01 9.757711462650494605e-01 9.761235685360742931e-01 9.763108551051246087e-01 9.767561928622187084e-01 9.771731991623802127e-01 9.777025315568718122e-01 9.781990423505442234e-01 9.787365989689887913e-01 9.796197388821398233e-01 9.798431214207904416e-01 9.809841566309546179e-01 9.811942102937541987e-01 9.817526508357538040e-01 9.822224034453421737e-01 9.824444829056430128e-01
-1.000000000000000000e+00 -1.000000000000000000e+00 -1.000000000000000000e+00 -1.000000000000000000e+00 -1.000000000000000000e+00 -1.000000000000000000e+00 -1.000000000000000000e+00 -1.000000000000000000e+00 -1.000000000000000000e+00 -1.000000000000000000e+00 9.800830976363261726e-01 9.792339052144010125e-01 9.784276151427743207e-01 9.775946364722405413e-01 9.768165139714017897e-01 9.758312557178713265e-01 9.750322211398991801e-01 9.742615133645986525e-01 9.736089008022652536e-01 9.729010513235140101e-01 9.722909346833431554e-01 9.717059233923461825e-01 9.712815165873520673e-01 9.707572169610261259e-01 9.704082631543657911e-01 9.700536872902326690e-01 9.697805873985090308e-01 9.695294278911705810e-01 9.693262071146014902e-01 9.692549388129889643e-01 9.691279918650692604e-01 9.691379925537202400e-01 9.691255329534947949e-01 9.691636312818300292e-01 9.694015356098898417e-01 9.695393655094806107e-01 9.697558495143990820e-01 9.702275061702372305e-01 9.705348545376105696e-01 9.710500596880589086e-01 9.716576576535739251e-01 9.719444326160764369e-01 9.726240858454762162e-01 9.730533389358048124e-01 9.735139075888281646e-01 9.738418885505661926e-01 9.741984964606440478e-01 9.744855138850742060e-01 9.746656389328065551e-01 9.747806142446635569e-01 9.748822361899163180e-01 9.750360686702199686e-01 9.751377508542318218e-01 9.752347235607589093e-01 9.752962576566757136e-01 9.754092658431431362e-01 9.755983375031672677e-01 9.756160465388229452e-01 9.761449751469655212e-01 9.764981284743503576e-01 9.765697842203117096e-01 9.772418135314812071e-01 9.778971715677516885e-01 9.786233800118659953e-01 9.793718803989662769e-01 9.793521938151017459e-01 9.802566848338771788e-01 9.809075955808028713e-01 9.815443810739407082e-01 9.818769337942255815e-01
-1.000000000000000000e+00 -1.000000000000000000e+00 -1.000000000000000000e+00 -1.000000000000000000e+00 -1.000000000000000000e+00 -1.000000000000000000e+00 -1.000000000000000000e+00 -1.000000000000000000e+00 -1.000000000000000000e+00 -1.000000000000000000e+00 -1.000000000000000000e+00 9.781161083461046291e-01 9.773468988080015185e-01 9.766963148359922853e-01 9.757587406991218293e-01 9.750215945779504567e-01 9.744475982696190197e-01 9.736643831031962515e-01 9.731024971311932337e-01 9.725063733355030493e-01 9.717815288907940552e-01 9.713007673421272248e-01 9.708020945885620367e-01 9.703582339627422337e-01 9.700108174435801978e-01 9.696949843204649699e-01 9.694152588811730809e-01 9.692203906771905686e-01 9.690229495040513230e-01 9.688774730633983312e-01 9.688535405006020174e-01 9.688058186361128143e-01 9.688065712126626705e-01 9.689241697788019136e-01 9.690343216051664488e-01 9.693283510182715279e-01 9.695150636484497486e-01 9.697512209036353026e-01 9.701207328440554223e-01 9.705807560170206516e-01 9.711592717320949308e-01 9.715548538445697435e-01 9.721346899952384435e-01 9.726122809046633400e-01 9.731976811257075921e-01 9.734515683977694733e-01 9.737518872129680148e-01 9.741533875832809608e-01 9.742453768081366094e-01 9.745003607321800487e-01 9.745910120116423325e-01 9.747205032533104996e-01 9.748030111219518901e-01 9.748714078242547432e-01 9.750009359292048927e-01 9.750752941006127772e-01 9.752208771839295798e-01 9.753046004076666442e-01 9.754786727995714557e-01 9.757324377877871768e-01 9.761334191396242588e-01 9.765499391811042207e-01 9.769695754354776884e-01 9.776537450356608261e-01 9.780348417303001973e-01 9.785165573599995392e-01 9.794149551667724607e-01 9.799529746841677547e-01 9.804589312994359540e-01 9.810688474430724337e-01
-1.000000000000000000e+00 -1.000000000000000000e+00 -1.000000000000000000e+00 -1.000000000000000000e+00 -1.000000000000000000e+00 -1.000000000000000000e+00 -1.000000000000000000e+00 -1.000000000000000000e+00 -1.000000000000000000e+00 -1.000000000000000000e+00 -1.000000000000000000e+00 -1.000000000000000000e+00 -1.000000000000000000e+00 9.757821185238674255e-01 9.750914103017636059e-01 9.743557126540752789e-01 9.737416157499405589e-01 9.730786901165775493e-01 9.724674887543695023e-01 9.719377089950675952e-01 9.712706193208492378e-01 9.708297329882483728e-01 9.704575667642870718e-01 9.700542830293805707e-01 9.696347077472884379e-01 9.693852099122415300e-01 9.691258876045102388e-01 9.688575817603780616e-01 9.686911167258727140e-01 9.685746204669553050e-01 9.684960750916457028e-01 9.684517532101977189e-01 9.684997197938320923e-01 9.685820764810363359e-01 9.686821776677874141e-01 9.689432632927056366e-01 9.692207675590949201e-01 9.694528690240988844e-01 9.697886674741477142e-01 9.702643901849721253e-01 9.706462665065724860e-01 9.711813285438819499e-01 9.717379690153233884e-01 9.721668489335840713e-01 9.725935673348341526e-01 9.730821620770802038e-01 9.734064111945025521e-01 9.737576362233170135e-01 9.739778608014577621e-01 9.741156663799012128e-01 9.742737045247575889e-01 9.744396181986252348e-01 9.745541531761156007e-01 9.746084921767390608e-01 9.747768980480865375e-01 9.747790972221336281e-01 9.748287140483438140e-01 9.749084631025747294e-01 9.750918983114039706e-01 9.753488204341260737e-01 9.756290484385645723e-01 9.757630321336020485e-01 9.761088944272056089e-01 9.766861311315563343e-01 9.769898595117813000e-01 9.782723392689626207e-01 9.785909749661322321e-01 9.787788177491416608e-01 9.796912637812538183e-01 9.802378926468615639e-01
-1.000000000000000000e+00 -1.000000000000000000e+00 -1.000000000000000000e+00 -1.000000000000000000e+00 -1.000000000000000000e+00 -1.000000000000000000e+00 -1.000000000000000000e+00 -1.000000000000000000e+00 -1.000000000000000000e+00 -1.000000000000000000e+00 -1.000000000000000000e+00 -1.000000000000000000e+00 -1.000000000000000000e+00 -1.000000000000000000e+00 9.743608015254529020e-01 9.736765291149811485e-01 9.730925670563661534e-01 9.723903197213490390e-01 9.718711700957571864e-01 9.714480538751276706e-01 9.710205089025973901e-01 9.704706590168571401e-01 9.699910503517159555e-01 9.696752699375658091e-01 9.693016774705860428e-01 9.690127325215528442e-01 9.687707917271471958e-01 9.685379702785151812e-01 9.683344803684759139e-01 9.682938733443038348e-01 9.681709740887733950e-01 9.681889441980419120e-01 9.682326674188714843e-01 9.682673958264869096e-01 9.683593286976187597e-01 9.685369901180623797e-01 9.688513441534780668e-01 9.690965643870093071e-01 9.694616761442175212e-01 9.698154542484785923e-01 9.703155611945722958e-01 9.707652721913331284e-01 9.712596178883761144e-01 9.717691038445687157e-01 9.722007274376659458e-01 9.727710717098495552e-01 9.730598020550265126e-01 9.732769600248212249e-01 9.735481631971544259e-01 9.737384552253115499e-01 9.740182646764271590e-01 9.741468548982661346e-01 9.742011071107646858e-01 9.743500176399173540e-01 9.744475973696056226e-01 9.745205278513161540e-01 9.745823399673329002e-01 9.747812572449232604e-01 9.747753700974445268e-01 9.747937763985797810e-01 9.750353917762476508e-01 9.752195201173256001e-01 9.755090583512755487e-01 9.757753586225774711e-01 9.760953147383127915e-01 9.766641867688758971e-01 9.769982145214839431e-01 9.778023342898120029e-01 9.787267637083619798e-01 9.792175707911524585e-01
-1.000000000000000000e+00 -1.000000000000000000e+00 -1.000000000000000000e+00 -1.000000000000000000e+00 -1.000000000000000000e+00 -1.000000000000000000e+00 -1.000000000000000000e+00 -1.000000000000000000e+00 -1.000000000000000000e+00 -1.000000000000000000e+00 -1.000000000000000000e+00 -1.000000000000000000e+00 -1.000000000000000000e+00 -1.000000000000000000e+00 -1.000000000000000000e+00 9.730020939575793060e-01 9.725155953460189462e-01 9.718058916779951373e-01 9.714066754594148367e-01 9.708964261422941000e-01 9.704536215759873574e-01 9.699822608317801853e-01 9.695910617614196259e-01 9.692716618330009526e-01 9.689648763627534134e-01 9.686973796572235784e-01 9.684127697615990682e-01 9.681840630799345426e-01 9.680726002968668142e-01 9.679703025818979789e-01 9.679042124613239650e-01 9.679120637648440661e-01 9.679375672102159545e-01 9.679832443160212296e-01 9.681068829723191715e-01 9.682838135577918059e-01 9.685089115167058171e-01 9.687170035122311118e-01 9.691329449178598399e-01 9.695139127815475266e-01 9.699762093592322332e-01 9.703338599230648676e-01 9.708647728722501480e-01 9.712706163016352479e-01 9.717871940867595093e-01 9.722516677177241995e-01 9.725518612460467560e-01 9.729066177911802615e-01 9.731480534629379786e-01 9.734254330111592468e-01 9.736041636825756296e-01 9.737176535288529777e-01 9.739080661461588795e-01 9.739424921677016789e-01 9.740594407860461157e-01 9.741497481090589661e-01 9.742746431531533746e-01 9.743552928108483169e-01 9.744570537444250391e-01 9.745761868092464031e-01 9.746800904530757981e-01 9.749123476220357132e-01 9.750411956215494502e-01 9.752977935871076642e-01 9.754043714048794556e-01 9.760676382425063080e-01 9.764032216681391985e-01 9.769600006325008801e-01 9.774167515350324908e-01 9.782261221872025070e-01
-1.000000000000000000e+00 -1.000000000000000000e+00 -1.000000000000000000e+00 -1.000000000000000000e+00 -1.000000000000000000e+00 -1.000000000000000000e+00 -1.000000000000000000e+00 -1.000000000000000000e+00 -1.000000000000000000e+00 -1.000000000000000000e+00 -1.000000000000000000e+00 -1.000000000000000000e+00 -1.000000000000000000e+00 -1.000000000000000000e+00 -1.000000000000000000e+00 -1.000000000000000000e+00 9.718332337359989470e-01 9.713411395823139394e-01 9.709172552938636347e-01 9.703654722455775650e-01 9.699769638701180030e-01 9.695777295175862509e-01 9.692170155960276867e-01 9.688872060630748795e-01 9.685972121690351599e-01 9.682841005429363435e-01 9.680993253903277251e-01 9.678508000101130326e-01 9.677648797588490615e-01 9.676764246923181823e-01 9.676539629835402279e-01 9.675732815617914540e-01 9.676353851842355303e-01 9.676925721980227380e-01 9.678457146621771701e-01 9.679934351618042498e-01 9.681892567250841575e-01 9.684840853267162597e-01 9.688011337352867569e-01 9.691345385877018215e-01 9.695708145282847523e-01 9.700548748346674577e-01 9.704467897637969465e-01 9.709565849754703271e-01 9.713704272120887717e-01 9.718088865399696630e-01 9.721050687003501833e-01 9.725899980296344172e-01 9.728153292987647971e-01 9.730095529223874440e-01 9.732047735772011432e-01 9.733634810582737495e-01 9.734411134829562551e-01 9.736890220334674106e-01 9.738279731594087218e-01 9.738094503803808033e-01 9.739754240992087864e-01 9.740132466305864156e-01 9.741186403065341670e-01 9.742228653874995814e-01 9.742861401389899534e-01 9.744362526138080627e-01 9.747023282423510349e-01 9.747749032871563246e-01 9.750874107881620789e-01 9.754279992757758366e-01 9.757625284368319774e-01 9.759699248199690258e-01 9.774423058112843288e-01 9.774016112871202200e-01
-1.000000000000000000e+00 -1.000000000000000000e+00 -1.000000000000000000e+00 -1.000000000000000000e+00 -1.000000000000000000e+00 -1.000000000000000000e+00 -1.000000000000000000e+00 -1.000000000000000000e+00 -1.000000000000000000e+00 -1.000000000000000000e+00 -1.000000000000000000e+00 -1.000000000000000000e+00 -1.000000000000000000e+00 -1.000000000000000000e+00 -1.000000000000000000e+00 -1.000000000000000000e+00 -1.000000000000000000e+00 9.707851132506329916e-01 9.703344794810703222e-01 9.699783786269865482e-01 9.695383447857811587e-01 9.691753829571904122e-01 9.687740571968608272e-01 9.685171985831119157e-01 9.681747126537479931e-01 9.679519460790735330e-01 9.677820554893599159e-01 9.676161000655442157e-01 9.674436369506989042e-01 9.673535090986156160e-01 9.673284240076114315e-01 9.673657928662990901e-01 9.673905985485469206e-01 9.675121502357105774e-01 9.675591417316989906e-01 9.677186119707255063e-01 9.680165287533921692e-01 9.682437294077931300e-01 9.685472995338940683e-01 9.688243536633942554e-01 9.693474763334947175e-01 9.696805142896008922e-01 9.701538442629680237e-01 9.705452689600775340e-01 9.709744281694575596e-01 9.714331486224166978e-01 9.718608066596970962e-01 9.721400962543458313e-01 9.724129420390651424e-01 9.726845713327481047e-01 9.727968952295987792e-01 9.730495885872074702e-01 9.731923155742276954e-01 9.734165451665039992e-01 9.734202153430455695e-01 9.735103216173885965e-01 9.736687769092073896e-01 9.737326427763056680e-01 9.738433768361147713e-01 9.739552445640634604e-01 9.739754041070802781e-01 9.741613471122144707e-01 9.743143332492050224e-01 9.744623688552553897e-01 9.746318933017679154e-01 9.749071524428437607e-01 9.751822261890625843e-01 9.758419049346906959e-01 9.760078397942265616e-01 9.764981718774561337e-01
-1.000000000000000000e+00 -1.000000000000000000e+00 -1.000000000000000000e+00 -1.000000000000000000e+00 -1.000000000000000000e+00 -1.000000000000000000e+00 -1.000000000000000000e+00 -1.000000000000000000e+00 -1.000000000000000000e+00 -1.000000000000000000e+00 -1.000000000000000000e+00 -1.000000000000000000e+00 -1.000000000000000000e+00 -1.000000000000000000e+00 -1.000000000000000000e+00 -1.000000000000000000e+00 -1.000000000000000000e+00 -1.000000000000000000e+00 -1.000000000000000000e+00 9.694890551409764967e-01 9.690074174088544323e-01 9.687142861676918404e-01 9.684576206189170478e-01 9.680956079511083834e-01 9.678277881589674170e-01 9.676377819214556641e-01 9.674474285820970909e-01 9.673123967523805655e-01 9.671599533531958226e-01 9.671595576100815439e-01 9.670853246708155382e-01 9.670389598816987453e-01 9.670719836274258574e-01 9.671781585238560242e-01 9.673609449300114571e-01 9.675002298748964780e-01 9.677827812847896727e-01 9.679891593137920358e-01 9.683007415759677938e-01 9.687709025508581817e-01 9.689621661492441307e-01 9.694890964768614339e-01 9.697869313630947952e-01 9.702732264667464079e-01 9.706424599047522861e-01 9.710873915991370398e-01 9.713390019478511661e-01 9.716876260764486517e-01 9.719636094037011897e-01 9.723355987113971866e-01 9.725806658873163979e-01 9.727117051075468979e-01 9.729103728051193833e-01 9.730311191447522656e-01 9.730796110904472718e-01 9.732258173125932776e-01 9.734047009073306667e-01 9.735359527380756939e-01 9.735625931711962000e-01 9.735824499680854061e-01 9.736909753607339013e-01 9.738658223473224407e-01 9.739659858268854276e-01 9.741529930044131591e-01 9.745541382428685173e-01 9.744771445796066578e-01 9.750344245881880090e-01 9.751044715681557173e-01 9.756687113955390123e-01 9.761459075890496218e-01
-1.000000000000000000e+00 -1.000000000000000000e+00 -1.000000000000000000e+00 -1.000000000000000000e+00 -1.000000000000000000e+00 -1.000000000000000000e+00 -1.000000000000000000e+00 -1.000000000000000000e+00 -1.000000000000000000e+00 -1.000000000000000000e+00 -1.000000000000000000e+00 -1.000000000000000000e+00 -1.000000000000000000e+00 -1.000000000000000000e+00 -1.000000000000000000e+00 -1.000000000000000000e+00 -1.000000000000000000e+00 -1.000000000000000000e+00 -1.000000000000000000e+00 -1.000000000000000000e+00 9.685756385524154632e-01 9.683716416105204727e-01 9.680980909259744305e-01 9.677680976288201009e-01 9.675098373233154136e-01 9.673893281901617680e-01 9.671554940543275469e-01 9.670137913282537134e-01 9.669029409102196659e-01 9.668765554760284653e-01 9.668032095437606444e-01 9.668074570559759273e-01 9.669407058473689087e-01 9.669870056101766975e-01 9.671250255799660467e-01 9.672716089143490459e-01 9.675234862313054629e-01 9.678268115461753363e-01 9.681106194629865991e-01 9.684807329116500441e-01 9.688291073043759916e-01 9.692040196008040454e-01 9.696226468554481892e-01 9.700373051816552072e-01 9.704705102186487187e-01 9.708002869146178382e-01 9.710676895617185167e-01 9.714800570472905683e-01 9.717707803213481155e-01 9.720121281777799327e-01 9.722373011177108948e-01 9.723470529117641536e-01 9.725720382765736804e-01 9.727730261683361634e-01 9.728812775172613891e-01 9.730596212107466281e-01 9.731584378774715827e-01 9.731530526249264623e-01 9.732159853785934400e-01 9.733729789844289826e-01 9.735891246280504729e-01 9.735021211727047374e-01 9.736954998796137906e-01 9.738202851919526282e-01 9.741694697899193622e-01 9.745429377133558724e-01 9.745918540937813512e-01 9.749721831809079475e-01 9.757901661793267900e-01 9.760146395593169988e-01
-1.000000000000000000e+00 -1.000000000000000000e+00 -1.000000000000000000e+00 -1.000000000000000000e+00 -1.000000000000000000e+00 -1.000000000000000000e+00 -1.000000000000000000e+00 -1.000000000000000000e+00 -1.000000000000000000e+00 -1.000000000000000000e+00 -1.000000000000000000e+00 -1.000000000000000000e+00 -1.000000000000000000e+00 -1.000000000000000000e+00 -1.000000000000000000e+00 -1.000000000000000000e+00 -1.000000000000000000e+00 -1.000000000000000000e+00 -1.000000000000000000e+00 -1.000000000000000000e+00 -1.000000000000000000e+00 9.680069517197489315e-01 9.677029697781459605e-01 9.674886540308714755e-01 9.672317423377559953e-01 9.670014368693604645e-01 9.668719754267054434e-01 9.667830217205667376e-01 9.666512660446748839e-01 9.666291920174718832e-01 9.666420516828168052e-01 9.666240656032876188e-01 9.667174879300849399e-01 9.667909034980658456e-01 9.669759528025675399e-01 9.671504459330974024e-01 9.674267323930035856e-01 9.676186907000552395e-01 9.679730322747557292e-01 9.682310592089713452e-01 9.686577524694633956e-01 9.690001997377188925e-01 9.693587774649903288e-01 9.698853419324279246e-01 9.701697905547880252e-01 9.705165715069071775e-01 9.709527528598910218e-01 9.712040614593790977e-01 9.715216711828524865e-01 9.717876978289528012e-01 9.720176517090259871e-01 9.721566426485659385e-01 9.724418906768090842e-01 9.725392531059299239e-01 9.726411259520234553e-01 9.727595802716513251e-01 9.728495808913475429e-01 9.729962793500881446e-01 9.730759851717444286e-01 9.732042653212156225e-01 9.733548336787649635e-01 9.734536395557259469e-01 9.735466224155285841e-01 9.736958630681213922e-01 9.740948546477228298e-01 9.743019809009981769e-01 9.748003110416872952e-01 9.748986036808247047e-01 9.753584996311384092e-01 9.764235333323881827e-01
-1.000000000000000000e+00 -1.000000000000000000e+00 -1.000000000000000000e+00 -1.000000000000000000e+00 -1.000000000000000000e+00 -1.000000000000000000e+00 -1.000000000000000000e+00 -1.000000000000000000e+00 -1.000000000000000000e+00 -1.000000000000000000e+00 -1.000000000000000000e+00 -1.000000000000000000e+00 -1.000000000000000000e+00 -1.000000000000000000e+00 -1.000000000000000000e+00 -1.000000000000000000e+00 -1.000000000000000000e+00 -1.000000000000000000e+00 -1.000000000000000000e+00 -1.000000000000000000e+00 -1.000000000000000000e+00 -1.000000000000000000e+00 9.673979190648320792e-01 9.671166246971624192e-01 9.669539422565294196e-01 9.667669318214894281e-01 9.666295013373373823e-01 9.664980041485461415e-01 9.664715382124202669e-01 9.663900031004616364e-01 9.664154784353075067e-01 9.664543729818929618e-01 9.665299723585981662e-01 9.665863351249630586e-01 9.667931201585922008e-01 9.669624810620628397e-01 9.672397264244074755e-01 9.675524965480917228e-01 9.678353620656090506e-01 9.681141963045768462e-01 9.685013340336147136e-01 9.689302707904198231e-01 9.693451906232271043e-01 9.696297745186857053e-01 9.701477811065426504e-01 9.703393655480780922e-01 9.707101810164564526e-01 9.710641501500791861e-01 9.712860541415166971e-01 9.715534470907848386e-01 9.717697431450487144e-01 9.719758508463468560e-01 9.720674007769517511e-01 9.722317994119866746e-01 9.724620046256042816e-01 9.726064133621452612e-01 9.727204674769849291e-01 9.727859027163637817e-01 9.729823061560268771e-01 9.730519038087133143e-01 9.731566109243793283e-01 9.734472564598666278e-01 9.735477962620339154e-01 9.735419506411192581e-01 9.741568292843645338e-01 9.742030594670125776e-01 9.749983332808760395e-01 9.754191593330081567e-01 9.760353306465920920e-01 9.770954753659860659e-01
-1.000000000000000000e+00 -1.000000000000000000e+00 -1.000000000000000000e+00 -1.000000000000000000e+00 -1.000000000000000000e+00 -1.000000000000000000e+00 -1.000000000000000000e+00 -1.000000000000000000e+00 -1.000000000000000000e+00 -1.000000000000000000e+00 -1.000000000000000000e+00 -1.000000000000000000e+00 -1.000000000000000000e+00 -1.000000000000000000e+00 -1.000000000000000000e+00 -1.000000000000000000e+00 -1.000000000000000000e+00 -1.000000000000000000e+00 -1.000000000000000000e+00 -1.000000000000000000e+00 -1.000000000000000000e+00 -1.000000000000000000e+00 -1.000000000000000000e+00 9.668901422751507990e-01 9.667438894026957330e-01 9.665738334875683124e-01 9.664303650882509755e-01 9.663264031805803844e-01 9.662821775481191811e-01 9.662409418329149791e-01 9.662205038047517736e-01 9.663003885138956583e-01 9.664153793075132004e-01 9.664863074528392550e-01 9.666500834028256550e-01 9.669100643164697528e-01 9.671728533251560123e-01 9.673586586517542996e-01 9.677712471449587683e-01 9.680938058670224278e-01 9.684946223178895197e-01 9.688925468957843012e-01 9.692134531639577943e-01 9.696055734390465197e-01 9.699333431629014735e-01 9.703366479285248092e-01 9.705795060966310173e-01 9.708994080116906122e-01 9.711746577790221213e-01 9.714736715050815707e-01 9.716224697864351834e-01 9.718157577391783875e-01 9.720006094812735364e-01 9.722055147092230065e-01 9.723193953854782912e-01 9.724795333964992849e-01 9.726091103701655083e-01 9.727488029384169232e-01 9.729668205178748641e-01 9.730061750690027766e-01 9.731744621969279363e-01 9.732779173546367568e-01 9.734880378478990570e-01 9.738040333182550468e-01 9.742003248504704782e-01 9.745935804653427237e-01 9.750539561614189887e-01 9.756792005403771562e-01 9.765601759973449036e-01 9.772965723925701731e-01
-1.000000000000000000e+00 -1.000000000000000000e+00 -1.000000000000000000e+00 -1.000000000000000000e+00 -1.000000000000000000e+00 -1.000000000000000000e+00 -1.000000000000000000e+00 -1.000000000000000000e+00 -1.000000000000000000e+00 -1.000000000000000000e+00 -1.000000000000000000e+00 -1.000000000000000000e+00 -1.000000000000000000e+00 -1.000000000000000000e+00 -1.000000000000000000e+00 -1.000000000000000000e+00 -1.000000000000000000e+00 -1.000000000000000000e+00 -1.000000000000000000e+00 -1.000000000000000000e+00 -1.000000000000000000e+00 -1.000000000000000000e+00 -1.000000000000000000e+00 -1.000000000000000000e+00 -1.000000000000000000e+00 9.663510109919137836e-01 9.662331568396944625e-01 9.661491682149749849e-01 9.661280624643567849e-01 9.660798632636108385e-01 9.661355765940686791e-01 9.661696401523188760e-01 9.662456943462299774e-01 9.664098138152955597e-01 9.665910823515577732e-01 9.668562307981991566e-01 9.670128903675543341e-01 9.674549279664156343e-01 9.677639983958216119e-01 9.680778332746891035e-01 9.685380498817471873e-01 9.688153026338988116e-01 9.692210718405893655e-01 9.695935463872836779e-01 9.699227685460101167e-01 9.703027951672835716e-01 9.705639583240452950e-01 9.707899007789938528e-01 9.711154454377450840e-01 9.714069287206215098e-01 9.715464941005912403e-01 9.718041131859398440e-01 9.720252383648236849e-01 9.721225630649975580e-01 9.723074729962287721e-01 9.724683756212217922e-01 9.726345756745282678e-01 9.727035377272515992e-01 9.729084696449818992e-01 9.729413974048525260e-01 9.732751768708975959e-01 9.736082291176139103e-01 9.740627582930004857e-01 9.741456658809157787e-01 9.747270343403262594e-01 9.751282395773365197e-01 9.763264579816756106e-01 9.768916350878946719e-01 9.780016743346698904e-01 9.789540264051481699e-01
-1.000000000000000000e+00 -1.000000000000000000e+00 -1.000000000000000000e+00 -1.000000000000000000e+00 -1.000000000000000000e+00 -1.000000000000000000e+00 -1.000000000000000000e+00 -1.000000000000000000e+00 -1.000000000000000000e+00 -1.000000000000000000e+00 -1.000000000000000000e+00 -1.000000000000000000e+00 -1.000000000000000000e+00 -1.000000000000000000e+00 -1.000000000000000000e+00 -1.000000000000000000e+00 -1.000000000000000000e+00 -1.000000000000000000e+00 -1.000000000000000000e+00 -1.000000000000000000e+00 -1.000000000000000000e+00 -1.000000000000000000e+00 -1.000000000000000000e+00 -1.000000000000000000e+00 -1.000000000000000000e+00 -1.000000000000000000e+00 9.660922115941862343e-01 9.660595789543841017e-01 9.660091085061489613e-01 9.659825427980327506e-01 9.660036020315514449e-01 9.661018945268856628e-01 9.662499295054798321e-01 9.663926361942137833e-01 9.665838052033084438e-01 9.668179103869106727e-01 9.670793454656345656e-01 9.673484218258385781e-01 9.677592168962446673e-01 9.680792645083287074e-01 9.685100835841810030e-01 9.688415374657296519e-01 9.692502175585142599e-01 9.695472852737037073e-01 9.700063716951385917e-01 9.702248882944073394e-01 9.706542314820785222e-01 9.709311142200183209e-01 9.711605549657356118e-01 9.714028587105590917e-01 9.715420460257054858e-01 9.718679663437059801e-01 9.720847674897756807e-01 9.721952275772894891e-01 9.722863432729986766e-01 9.725953149324204627e-01 9.727445751838018628e-01 9.728834424851443563e-01 9.731755642576964682e-01 9.733761900091978392e-01 9.736024984153834883e-01 9.740269878853681229e-01 9.746274321087917691e-01 9.753425882444047845e-01 9.761019085420825636e-01 9.768731702394889416e-01 9.780505019561399616e-01 9.789123351599161582e-01 9.794882355284826314e-01 9.810502288634410650e-01
