8.722827243305402533e-305 6.121741803221320838e-270 1.755642802271752563e-234 1.484591288636325272e-211 1.810853516565307112e-185 1.189965632310035963e-166 5.713210218553777622e-147 1.147792477752720835e-131 4.076554453202807634e-118 2.749338127124482606e-104 4.984720344013949740e-93 3.207657511021323004e-83 2.508563304314099005e-74 8.715749083957974150e-67 1.083201969428939952e-57 4.999411189370639749e-50 1.086540387864574202e-44 1.238280812578008051e-38 1.628678262310832121e-34 1.499707107920265145e-29 9.838122828663537486e-26 3.618876237841165352e-22 4.306185155747374008e-19 1.786920655276086609e-16 8.882656348179493512e-14 1.229023810251646483e-11 3.740609719985165202e-10 7.579821807412430140e-09 1.090138877349659352e-07 9.183316190287162052e-07 5.843424237264830324e-06 1.413350355242814344e-05 2.485494761501297429e-05 3.853774239219103724e-05 3.574284015148997454e-05 2.716966379282114851e-05 2.804815437626069632e-05 1.288405808176263448e-05 2.490053897202747965e-06 1.213018580082175248e-06 1.591382048569945353e-07 1.158353147973964448e-08 2.043621692381639411e-09 5.530770569709152104e-11 1.684977145726330901e-12 1.018067848163782626e-13 7.279290464779892735e-15 2.023188194382453627e-16 2.702012710895628562e-17 1.401576596253143412e-18 1.112264811164437576e-19 1.917289187622377818e-20 1.383629985481319450e-21 7.348852808928931645e-23 6.201152506866650676e-24 1.107343106155772935e-24 6.018362988152075425e-26 1.669340278624717171e-25 3.904642561616514923e-27 1.782579885880379712e-27 1.439289746145675394e-28 1.250199637246921407e-29 2.877296027015129648e-30 1.006760733015645288e-31 3.519558543833358298e-32 3.303287708904537654e-32 9.220645879406789450e-33 1.328989154718585245e-33 5.338056386358514306e-35 1.946578696650590209e-35
1.582883677256117492e-315 3.121188913258058489e-276 1.219443386783521230e-239 4.515918033633796722e-209 2.580081533907814407e-183 6.201732581004773439e-164 8.737899205590483198e-143 2.385256588009059041e-130 5.754965166271140253e-116 5.353988272493947245e-103 2.208459141590116987e-92 1.054533880172433692e-82 7.060573259916106186e-73 4.711171735690050682e-66 8.397234400934299728e-57 1.251316542448697965e-50 2.064802177336102894e-44 3.569198046648718324e-38 2.963042248157800164e-33 1.648495032465019395e-28 1.121186537960571266e-24 2.454296069953899487e-21 9.940811167510158861e-19 5.804377880000492888e-16 2.641322753879082839e-13 2.751479964162173360e-11 1.109171795619088688e-09 2.357508223825585006e-08 2.296952467930256886e-07 1.802802919798456267e-06 5.834597644641833642e-06 1.421670871404806555e-05 3.291163091505391506e-05 4.876756744309767325e-05 4.290650300257191200e-05 4.322104960329018977e-05 2.802380036986430994e-05 2.499161971469358856e-05 6.371232770472919835e-06 1.319734712748845701e-06 2.747154323642581684e-07 1.257879244666245910e-08 2.109956266470825801e-09 1.135420053802385039e-10 3.034002181881291928e-12 1.661376065490917462e-13 1.043776072406083357e-14 2.767509277506179947e-16 3.288497997674611311e-17 9.037881564051795059e-19 6.660269102427682366e-20 1.248356967303597906e-20 1.046623047630626721e-21 3.028787182755982911e-22 1.057547218520732248e-23 1.215587352191164092e-23 9.328048054707960924e-25 2.623716522123203704e-25 1.688040666241330227e-26 6.362361976010784942e-28 7.790760655845436206e-28 3.626617808789666849e-29 6.669349694457182337e-30 1.253301908967551466e-29 1.895119010108163839e-30 8.910999100894508539e-32 6.957089121013703050e-32 1.349023361206204200e-33 8.464667181072764035e-35 1.441825429651447943e-34
1.405728410506243431e-306 6.709368834932405764e-268 4.496033575483042558e-230 7.571046384222665374e-210 5.940611546280705921e-184 6.442429986483451734e-165 2.167431668975358753e-142 2.749411336544315806e-130 8.836262753495084648e-116 3.139994157870215044e-104 1.825831520460160386e-92 4.024584644890451394e-82 3.834651800769701347e-72 3.254303952418427470e-65 1.213903333835747239e-56 1.396577505283730577e-50 1.928263567527670885e-43 3.274198243836485567e-38 2.515960481326360522e-33 1.443667135765510701e-28 9.784447327248282203e-25 2.398788822118573855e-21 2.207627493356081880e-18 2.485866291890786960e-15 2.064769036573276547e-13 3.646810991609414514e-11 1.174829902708149553e-09 3.228423350554370467e-08 3.376792471573455402e-07 2.861123211757233519e-06 6.700011502625830950e-06 2.246370309064548966e-05 5.286595370715596918e-05 5.448140771712752482e-05 6.401742616211883907e-05 5.791012995794138721e-05 4.076183179632783868e-05 3.224228433061787511e-05 9.472281605298047183e-06 2.470679691804816438e-06 4.074186090477161863e-07 3.340497481421399926e-08 3.605784494688703188e-09 1.501481657826689514e-10 1.491092165180984592e-11 1.484924684607772306e-13 1.099330397405390635e-14 3.949436315028926850e-16 6.138209057642335481e-17 1.355455616484543243e-18 2.433973173947785941e-19 1.208589146865579817e-19 3.868129178933239372e-21 1.266693469014250309e-22 4.407246457633782937e-23 2.575905092818768110e-23 3.506443228065048150e-25 5.815714256736835794e-25 3.168696716701168678e-26 1.987773485314186378e-27 5.456373050599733873e-27 5.846968466508751472e-29 2.254268737474759994e-29 5.535472374519744945e-30 1.432422883884727740e-30 6.560126986589703858e-32 1.514783526862022468e-32 4.881842308193628889e-33 9.243201828523504446e-34 2.744610993791984541e-35
1.209949243597087833e-303 2.255959990092906379e-270 2.668661643473700905e-238 3.395913578475286999e-211 4.528550058445619775e-183 1.696630919950211235e-164 1.260420024499535597e-144 9.136696589774256436e-130 1.489175694836360067e-113 1.044362378111007596e-102 8.141302256147268730e-91 1.070060064258564424e-80 1.364362028678314239e-72 2.924109817397045865e-62 1.149280603186848994e-56 1.653947287972536408e-49 1.356030570780280505e-43 4.225453329741424918e-38 1.734732461822188138e-32 1.721470177750981319e-28 5.626574270783079122e-24 9.090773671567965621e-21 6.493871530608601826e-18 2.112080355046402112e-15 1.359295338042159950e-12 3.860703278130789853e-11 2.362095617350657410e-09 4.646562159083681656e-08 7.729050308735613585e-07 2.881176366475345224e-06 1.315949316294652579e-05 2.428700624192662251e-05 5.529469510940134973e-05 6.531459700344017843e-05 6.748692924894939211e-05 6.264262660924496109e-05 5.128625926860922991e-05 2.528151151472729738e-05 1.052072734558939634e-05 4.669784411340733453e-06 7.707462068606967447e-07 1.364312518240785362e-07 4.732152619424712560e-09 2.127502572279429061e-10 1.450293530210007234e-11 7.573411787817092660e-13 4.233718891771067573e-14 1.346049987283341377e-15 9.175684091998481077e-17 3.127307929176839010e-17 5.231010035759507090e-19 3.675151299176873122e-20 2.139532628056479791e-21 7.677899422735942018e-22 6.968457396599963550e-23 1.188724881416698167e-23 6.696580793037759813e-25 5.185874720841748681e-25 1.085304545290110278e-26 4.347997410984077733e-27 4.940875316283965607e-28 1.341367307996463638e-27 2.087092679977007929e-28 1.721321107406475845e-29 1.016420216593118236e-29 1.153239830770890079e-30 3.894827941550227677e-33 7.177279099780244311e-33 1.569276282679877285e-33 9.459973850295262821e-34
4.356574312089937330e-310 4.312914985328107143e-273 2.315831424132668757e-238 1.010116310293370708e-203 1.081226228947173770e-182 2.888037490697090953e-160 4.650543933156916060e-142 1.042956737498034867e-127 7.726903847273018413e-115 1.900969304475399640e-101 6.141538381943505909e-90 1.530377882635169074e-80 3.879759246639262168e-72 7.179045100957970441e-64 2.845740952525774011e-55 3.018646773915920272e-49 1.961394019867510824e-42 4.674938744367529205e-37 7.485804847725328227e-32 3.466330579578111405e-28 9.251305008428457267e-24 1.018015239274447932e-20 4.179883424964088380e-17 4.078565356825630398e-15 1.545558386263972655e-12 1.452294188177496023e-10 3.255276019853308209e-09 6.165874813219863784e-08 8.452256362896377323e-07 4.787514714094175790e-06 1.653376508757804162e-05 2.982758978756492777e-05 6.980095138766335516e-05 7.637735174106672427e-05 1.173773215490793800e-04 6.857120797311960618e-05 4.743074948596979893e-05 4.010819279763061263e-05 1.595274760324695389e-05 3.756791342497771521e-06 4.371631064992111717e-07 7.582312294322416198e-08 4.651982577555754716e-09 4.905033465706063168e-10 1.126391280828524641e-11 3.363986282946735815e-13 3.281789597483859925e-14 3.132725375170339889e-15 4.671987491552249367e-16 3.060456590999458772e-17 1.270456783608706876e-18 4.618730682652301507e-19 1.264468941577161002e-20 4.419769974184061172e-21 1.483246423092704246e-22 2.553689970303013241e-23 6.424482083120039908e-24 8.589675132453670570e-25 1.489319596901760126e-25 2.081345301997556235e-26 2.038790378934613512e-27 2.238951319997768203e-28 5.254958413985313562e-28 2.427074109118246905e-30 4.684233715420079252e-30 1.412541622633041738e-30 2.870885701316493088e-31 6.805766178981884583e-32 2.008908273313002652e-32 9.335762907267114002e-34
2.316867372482257177e-308 1.507887765767410874e-268 1.958837610861053825e-237 1.010579704493124586e-206 7.593002461233020845e-180 2.649974310009018225e-161 1.288174250280668786e-143 6.255448173365446981e-126 3.628223745026111523e-114 1.025802816080202463e-101 4.493521322718849356e-88 2.291603548857104812e-79 5.899720662069568936e-71 1.643320775600283416e-61 2.116067201956797801e-56 2.694146743638288987e-48 2.591273339082013213e-42 2.954489979230783639e-36 1.547584307060866054e-31 9.830584238740328417e-28 1.067136577247769960e-23 2.012708035148042993e-20 4.991107647391444916e-17 1.828995138513724471e-14 1.846328026775690547e-12 2.264903837272916835e-10 6.938343379017333019e-09 1.070959101708029359e-07 1.088287610466056770e-06 6.006176364255396109e-06 1.886888209121393451e-05 4.787760966601595702e-05 8.561026700241896920e-05 9.438083067218584971e-05 1.256504527560180250e-04 1.116339036254273393e-04 8.018984178224689507e-05 6.388430229371558594e-05 2.686354400061355161e-05 4.077960845615264315e-06 9.358877524889774524e-07 1.257913604270602479e-07 6.307412724004571965e-09 1.031957227028779531e-09 1.415403977457335818e-11 2.382329056912585876e-12 1.959456564136477734e-13 5.825511117735867505e-15 1.171889683166677104e-16 4.304516313242580659e-17 1.756105164675228367e-17 6.230542040331376210e-19 2.984595853403194191e-20 1.505609813425985028e-20 3.134547636785627721e-22 5.640833708373965144e-23 4.106752516089514019e-24 9.164528429484557892e-25 1.438250323794791097e-25 9.119516986168160480e-27 1.844761285614707510e-27 1.243687978938642926e-27 7.022382636575562799e-29 4.807943743156075398e-29 4.765461848919844755e-30 1.116966248948511447e-30 5.261103972282801502e-31 6.966478892870428584e-32 1.682757535988988989e-32 1.346744811142519071e-33
5.970361992778925580e-306 4.884922501341599921e-269 1.470605459164096874e-232 1.188259323708069781e-201 1.496959144091834685e-180 3.754764676392118094e-162 1.448950270238243995e-141 2.961521136726045760e-125 5.997834490244798870e-113 1.774927671643672515e-100 1.501036106257944766e-88 2.874434673946904424e-80 3.176436139996086385e-69 6.075224346931668809e-62 3.233101197837660908e-54 1.497082386202279288e-47 1.808380498179344746e-41 7.155120991848081748e-36 3.949906044474233978e-31 2.022590278393162007e-27 8.432989101924344719e-23 7.175537490806785127e-20 5.209164676096072550e-17 3.069006236073097227e-14 2.995707551291008575e-12 1.625715927554952556e-10 1.049482911738979399e-08 3.085154032338302341e-07 1.664537209894110921e-06 7.914667760683617156e-06 2.957703321150190279e-05 5.559635111932883725e-05 9.712013622136169701e-05 1.350134383638282721e-04 1.452764670742610865e-04 1.544457013553395442e-04 1.019480003890096189e-04 6.907471464005431017e-05 2.323014195234800124e-05 1.094271007021666654e-05 1.970567177220494190e-06 2.670157872039419046e-07 8.498256429616101750e-09 5.286955785192488911e-10 1.035698456258572512e-10 2.872868901066307124e-12 2.210881674948859219e-13 1.083964218085028710e-14 1.124667024162429630e-15 2.883883704815870456e-16 4.569186743965654186e-18 1.109053845373922833e-18 1.925836705078331939e-19 8.916370077826964213e-21 1.007353325632272276e-21 4.798217581532215728e-23 6.007855020232177500e-23 6.315432705934527791e-24 3.433835395615199909e-25 4.378440605187219022e-26 9.598884723322322479e-26 3.559247818015054509e-27 7.791497598905186642e-28 1.122283977233879301e-28 2.705567952744278650e-29 5.318999668715610455e-29 4.186696462605474834e-30 3.076438900709477201e-32 5.999729896812642618e-32 8.563639263176817624e-33
5.203025987757330282e-308 6.099334680815493454e-267 4.090927918370260023e-234 1.530921070713112853e-203 2.818202534546351693e-181 1.520349671340183286e-159 1.553041051665210006e-142 6.240459047627663281e-124 3.502546562867715658e-111 6.667674441318579245e-97 5.791274346140524185e-87 1.339740475449186835e-78 1.083282530942431898e-69 1.347337984426803558e-60 3.669181452047880465e-53 4.506163017389793599e-47 5.932026983237510468e-41 7.589945957295175805e-36 1.838646976370660335e-30 4.479614173825918956e-26 8.965701063092989776e-23 3.243585524406649949e-19 1.288107184246721459e-16 3.847924150148573254e-14 8.582285022592343134e-12 1.017317007149975748e-09 2.351958814928035460e-08 2.598243652009214677e-07 1.988035054114314466e-06 1.079184357466215408e-05 3.731603065349475021e-05 7.776265964005601614e-05 1.168443005062197427e-04 1.815566013540835619e-04 1.848463638774390158e-04 1.728212450630190356e-04 1.354502696726222989e-04 8.105303474454846350e-05 3.192622346759235036e-05 1.848880879022302359e-05 2.739462296437979361e-06 4.008550330550073113e-07 5.661177594631916028e-08 5.813540027911541933e-09 6.446476857815800772e-11 3.702632440784378520e-12 1.819353860865671122e-13 3.239550453889493003e-14 7.936166528476788843e-16 8.580934330931631806e-17 1.044334547751265925e-17 1.037879792743054910e-18 9.509040489866857479e-20 2.470047342285303459e-20 2.148073153637474198e-21 2.485498362937925019e-22 5.207852909331348495e-23 6.876238209658173262e-24 1.079152654939571199e-24 8.117523121493110348e-25 7.934284767885150386e-26 8.002206494222909871e-27 1.616650262643629886e-27 1.567665679683463074e-28 4.950666021260670993e-29 3.840615060486735647e-30 1.037442523900361087e-30 7.721127274739331060e-31 1.955427254589283868e-31 4.764145027879137783e-32
1.999522356653229133e-306 6.627887664904202429e-267 4.272464006144230722e-231 5.854881069074924491e-206 1.194978144790591221e-181 4.116997647233439456e-159 7.693895881906068365e-140 3.869360780256836315e-123 3.674679954663885753e-110 7.935054741245706946e-99 8.835954384484129355e-88 1.616308500300437578e-77 2.745516654801371821e-68 5.184558094645501922e-60 5.594450302520087628e-53 1.564713959012617540e-45 2.854662565324363107e-41 4.891105887153970847e-35 3.498970913145677667e-30 2.625760612892231488e-26 1.540306411521337606e-22 4.662621287169453922e-19 1.902108912096999074e-16 8.566127122092910723e-14 1.302050998220893902e-11 1.120155183217639547e-09 2.595938727109818078e-08 2.747963088498321264e-07 3.632989018469723775e-06 1.644539073046843988e-05 5.152633284876265206e-05 1.057726740928230272e-04 1.670900639164336703e-04 2.029124148324979674e-04 2.279163020008811893e-04 2.123816919674052350e-04 1.858800168337643654e-04 1.133473806640905107e-04 3.976679625617172081e-05 1.750481211973641649e-05 2.292243056503071673e-06 5.695593004127767059e-07 5.948667092328790485e-08 3.999662209078418167e-09 8.657035005151017795e-11 7.166423437862343920e-12 4.904397061070310505e-13 5.620622770394181353e-14 1.943407657458852410e-15 7.385564085087545716e-16 1.523893421387226026e-17 3.759038342984896885e-18 5.514291108315429981e-19 6.808503778670849701e-20 8.696744170653925670e-21 7.759454516644527739e-22 9.766527109502747287e-23 1.601990294726918995e-23 1.694628428693519924e-24 2.739550069668460555e-25 8.580620727641155486e-26 8.972919310999968485e-26 2.217724637440856015e-26 1.128345440652872025e-27 7.482678140347753675e-28 3.356688683413280767e-29 6.863090158498032931e-30 3.939049272800409786e-30 2.257584088132786909e-30 8.382877694349494942e-32
5.337011228729544466e-296 6.153447589489065170e-265 3.870335772760283601e-227 5.153937649853361291e-202 1.982164757895865687e-179 9.552262561207766739e-157 5.957689587033063850e-139 1.378579451135216458e-124 7.246313817432188523e-109 9.619286985502242776e-98 5.289751622030536678e-87 2.007706983384640824e-77 2.033033701297528200e-67 2.079550778810448864e-60 2.402451866871589058e-52 1.198638226521592705e-45 3.093035216950820795e-40 3.422851568741009937e-34 3.748760051502253331e-29 6.547544438386374312e-26 1.182844068658634755e-21 9.121870852173741689e-19 9.138455250830844736e-16 2.365407930139537727e-13 4.139994907674855418e-11 1.271519360302549593e-09 3.691455128553686040e-08 8.924115846296418459e-07 4.218837382660496417e-06 2.442098445337401405e-05 6.093113921444774612e-05 1.148063421659462909e-04 2.221188183318715485e-04 2.518530366512244435e-04 2.952151091528626772e-04 3.243707741074750473e-04 2.164948024938026289e-04 1.343492242254766978e-04 6.919821953257242935e-05 2.120726882601789908e-05 3.752485784076629972e-06 6.695473477466699404e-07 8.302413764163391302e-08 5.613038415714559928e-09 2.668278324270643417e-10 1.836710376697611513e-11 9.632166137208748347e-13 9.506250767401379905e-14 6.418288230362896463e-15 8.859237168041565715e-16 5.899155217798376351e-17 1.093358394445089126e-17 1.426617474480674533e-18 7.651392219427958706e-20 5.148502096855071265e-20 1.253600222599833738e-20 1.842440143672703878e-22 2.993043422619678121e-23 2.108703517133006308e-23 2.195040319322280327e-24 9.809705714149065017e-26 2.442874035420254861e-26 1.372870158763364286e-26 4.865153869955268782e-28 1.371177448412236530e-28 1.454691932771021959e-28 6.110363168438130320e-29 1.717392628296581407e-30 3.587421799524891355e-31 3.563780869898007641e-31
1.359115269628386649e-302 5.104547173767180149e-267 3.296082106825485133e-226 1.227329432101225601e-197 1.628554085682184219e-177 4.424783366354913140e-156 8.288277921672706061e-138 9.060677668739418916e-124 5.074061261211103985e-108 2.347029237067563326e-96 4.132272810344442588e-87 9.341342588646699422e-76 4.141570488866163952e-67 3.971080614979419678e-57 9.027226137136191112e-53 1.302769486506510031e-45 2.491819293289750740e-39 3.072675686079920996e-34 6.917219821614632758e-30 2.726315583373908279e-25 7.340354889245369967e-22 2.521172950787840538e-18 1.928457319973730017e-15 6.851586548398938527e-13 8.525983498748527420e-11 3.439060295909376809e-09 7.324684745281850135e-08 1.055290369044081272e-06 8.690043326282335199e-06 2.916073762926659196e-05 8.959484239811640145e-05 1.566696479283689305e-04 2.247125285430128362e-04 3.156634531108738436e-04 3.513855239148143753e-04 3.075572791499639642e-04 2.292778392740341749e-04 1.736290924503135593e-04 8.032060405260924582e-05 2.977437534730634000e-05 6.478509694294512201e-06 7.838560176125509706e-07 7.726850116176855422e-08 6.207233319677223560e-09 5.845830802154682775e-10 7.170933632822913961e-11 1.589047323255146478e-11 1.544600258436471254e-13 5.245618299052027960e-15 3.095415538438429457e-15 6.378998209258026270e-17 8.536498779689879396e-17 1.704060188959798787e-18 1.309778688113155003e-19 5.341533335064693472e-20 1.419347183280371978e-21 1.526980105375493410e-21 3.683183103113561907e-23 5.100963935932681010e-23 4.030916929313245861e-24 1.035370740606633098e-24 3.651628123537595173e-25 1.470307049381855166e-26 1.177359716693829636e-27 5.007536772455421743e-28 1.448355088641401071e-28 4.560293055894428769e-29 1.549359206743333349e-29 6.563218642476891073e-31 2.351725205258641857e-30
1.617606559712735762e-299 5.282525036410470794e-261 4.677130092130119597e-226 1.813692864112362500e-204 5.968079739461418327e-175 1.316243238202637273e-156 1.012595971771645743e-138 1.011292528622334644e-122 7.204889889949572952e-106 9.806121153336055465e-94 2.104574441825760823e-85 5.508115266478221164e-76 2.894504062482708486e-66 1.367361864841604339e-57 6.650623351489913816e-51 3.272524833498848828e-43 9.709862138448669520e-39 5.462870610069661642e-33 4.542859619355766990e-29 2.843148089793558952e-24 2.728170617589576180e-21 9.937146220822682333e-18 3.317497197857491725e-15 1.838973494367246763e-12 1.079017015776123150e-10 5.008241916855427342e-09 1.103854665776685838e-07 1.475199141844428780e-06 1.147693891409329696e-05 5.287687780693034071e-05 1.036371070434612775e-04 2.086201539564330428e-04 2.943252136518337584e-04 3.598451720283046005e-04 4.475354374489383369e-04 4.032844817342611074e-04 3.362686644443595857e-04 1.900672210725765944e-04 7.562808098354879382e-05 3.126566222496557828e-05 1.059988165635503756e-05 1.817871393598133463e-06 1.000053422752591166e-07 1.346625595835527293e-08 8.947770154562110204e-10 3.935307452873402439e-11 5.600601151970858827e-12 2.210831569546744595e-13 3.405218147036358678e-14 4.557747979998073528e-15 3.444241137554439119e-16 6.090069166933342306e-17 1.923812250673267275e-18 6.054840254791196522e-19 1.845478035202481601e-19 1.856241518285860183e-20 1.902289481984760102e-21 3.986836300283989866e-22 4.362889964296121710e-23 3.541495475245805710e-23 9.268206735509876318e-25 2.850025657370409817e-26 4.865007054815520872e-26 3.641353494133478937e-27 1.947404473674839847e-27 2.337564612061920843e-28 1.017858580815822596e-28 5.210456603831003340e-29 2.012773376624707652e-29 1.285680649794716075e-30
4.088838872962892654e-289 1.017052318095245563e-260 5.777478612118566385e-226 1.792975292957610574e-195 2.641054193557444872e-178 1.805853945422587840e-153 1.599554342390848628e-133 9.976324374023983222e-122 1.587871683269986464e-106 2.514983799304972520e-93 8.548448440027229332e-85 4.495712128435247059e-75 6.231589255217731123e-66 7.859340431035460332e-58 4.664631645591161910e-49 8.011070454092105281e-44 2.589422088911321376e-38 8.178215346633042927e-33 4.713762033541858182e-28 1.069397984438300025e-23 7.879037824245418596e-21 9.240172461362848464e-18 1.183664959732139483e-14 3.328094574544778865e-12 1.139501118129485670e-10 1.017931702912202488e-08 1.638445468041745789e-07 2.922801846929670666e-06 1.439416033130813573e-05 6.258861313225884957e-05 1.423820594659674487e-04 2.977057958140796163e-04 3.445643367512569283e-04 4.608877440800572740e-04 5.898448516522931343e-04 4.740993383035578177e-04 3.413844215115105062e-04 2.220326012287018793e-04 9.662381319139448426e-05 5.344365480914088645e-05 1.851327808395827597e-05 1.080769724151020853e-06 1.727988045433916085e-07 2.024419563936702616e-08 2.231187554419496632e-09 6.931722175072413196e-11 1.059449648736310376e-11 9.880567854233819502e-13 9.900491497200380571e-14 6.593198251974375517e-15 1.861177539779489170e-16 2.831088679928342178e-17 7.912279865138369044e-17 1.979998850368677420e-18 3.299175807002727159e-19 8.330059039381546909e-20 6.119491108131732732e-21 4.115192528708887194e-21 6.056680128345604335e-23 2.575063121734543615e-23 2.565831643516723766e-24 8.600851293354469551e-25 2.098821398172731853e-25 1.166726635009414376e-25 4.679040177396776560e-27 1.976363233331143320e-27 2.491121507281990393e-27 4.082119920797999725e-29 5.948052843344901147e-29 2.687968385814268080e-30
3.181685462899213847e-305 3.302072737623410564e-255 2.883196575448542526e-222 3.016974207902029204e-192 3.748518124885479929e-172 2.873796090169974537e-153 1.293352612612555398e-135 1.699584460396744522e-119 1.537291725712300777e-105 7.496806523474537542e-93 1.918173248732343989e-83 7.967302562462037689e-73 1.018913127040707600e-64 3.843822167903060261e-57 6.438562085511687764e-50 6.754417017134989428e-43 8.390784099162320783e-38 9.458531602618856520e-33 1.548042841830222172e-27 6.638160971969215220e-24 2.426804520740374725e-20 6.098417706485644261e-17 9.883899594307238533e-15 3.799515503743096253e-12 2.727616095706969155e-10 1.471517840262463618e-08 4.958995805460826162e-07 4.247349423008527296e-06 2.737059168596227046e-05 8.483026332308870210e-05 1.700516189622069843e-04 3.230316271637977740e-04 4.464501472805836534e-04 6.594439388533917396e-04 6.846397720195763212e-04 6.048798013572281949e-04 5.153048170024797326e-04 2.974894268166405269e-04 1.672637118407759276e-04 6.453836385186653474e-05 2.169869360148108110e-05 4.475358181663881752e-06 3.938342498801572109e-07 4.351424572012553821e-08 2.302855260410931361e-09 1.193771868892472017e-10 1.209116107469566151e-11 1.903053190694821009e-12 3.211605053602338200e-13 1.686430990719576249e-14 3.716269379853511736e-15 2.141858936721868198e-16 1.489041544668417616e-17 1.690819996592144992e-17 4.749784899273732705e-19 2.728152387127303836e-20 7.561246146532666039e-21 1.610110353717208105e-21 5.936300153887808743e-23 5.279875948258121483e-23 7.468725206323151592e-24 9.920010470052898069e-24 2.742267458650319600e-25 8.827243491619181233e-26 8.712299210516277225e-26 2.879575269163903512e-27 4.230158782611294685e-27 9.869668628516346740e-28 1.042800742369116539e-28 1.699183137830774558e-29
1.240655879045838211e-299 5.311577651136894430e-257 4.300787935603007368e-224 3.932907435632425808e-198 4.142669456246412003e-172 1.815152308103935409e-151 1.897225010385542550e-134 4.175781843326978701e-120 1.262111977962585319e-105 5.267870390927787040e-94 9.746468847366906453e-82 3.603422516763467365e-73 9.228706720330358082e-65 3.468817159380002049e-56 2.423212197496703120e-49 7.176554740649763952e-42 4.112243538138334587e-37 1.067639521821337629e-32 3.846919131688826163e-27 2.710396212460698233e-23 1.253563490399079444e-19 1.105867358716869093e-16 4.682349899697784614e-14 1.099413587464968688e-11 1.096928788270611469e-09 3.675118245033562896e-08 4.122752024681650054e-07 5.225579496970553799e-06 2.734061865376983375e-05 1.000474451709079757e-04 2.298188728321022090e-04 3.903815927770444929e-04 6.306970345578239920e-04 7.350606689452511338e-04 7.237441454910476099e-04 7.091456571400355305e-04 6.203970485921633500e-04 4.253743628581527691e-04 2.095498390046929597e-04 6.749184641506221982e-05 1.929838539450055065e-05 3.161570018934643490e-06 5.499339120394305529e-07 3.826132544784054208e-08 2.533873931481046197e-09 3.786847135182961251e-10 4.222291622905308466e-11 2.489645493626894303e-12 1.472626898601392311e-13 5.815409912624144600e-14 4.392568411797733335e-15 2.940394298884386454e-16 4.896669827152460259e-17 1.345622533022956811e-17 9.777696720621217157e-18 1.987735104916580609e-19 3.603450467060402329e-20 8.837859167390828281e-21 4.901904665110447979e-22 3.525936817681559099e-22 6.714861297530989174e-24 1.315058431281163153e-23 8.558453661597950569e-25 1.741505975599936365e-25 8.805828240458806777e-26 1.279563476114446515e-26 3.050886590085450873e-27 2.492004853407365699e-28 2.483788225957174783e-27 4.386927046274664807e-28
3.771828803117214640e-289 5.261908121693864507e-260 3.074249065791300294e-223 2.126307189858902831e-197 1.712268324112495622e-173 8.492780610238210876e-153 8.931617944014070788e-135 4.413273493806373731e-118 2.333797541490331071e-103 1.644963891741476248e-89 4.580668356727964281e-80 6.317392190778312170e-72 6.332186453553155105e-62 5.169103052539072451e-55 2.282630298826832028e-48 3.824471734797609481e-42 3.043372241206690685e-36 1.980976224772073592e-31 1.863918444418876918e-26 1.406347848438525355e-22 2.252618287085453080e-19 2.199859560806157268e-16 1.211240493423439130e-13 1.920587671027081274e-11 1.182636223941931977e-09 5.342446854174944790e-08 7.349986484480594878e-07 6.744967735826293520e-06 4.853989435648564329e-05 1.410160049966790617e-04 2.910082358200637154e-04 5.277196082740573781e-04 7.176016131911248323e-04 9.057770288503418999e-04 1.027752815904288625e-03 9.084948251853161615e-04 7.723455313476136055e-04 5.407089522204569856e-04 3.558792577262683042e-04 1.341582916104479186e-04 3.780577388889558819e-05 9.188491230716305211e-06 9.810253451772847824e-07 9.247108594793781037e-08 4.751695695102064982e-09 9.870234495137760324e-10 2.873179015366002701e-11 8.690729736024146125e-12 6.769774240385923059e-13 4.138497246770991668e-14 3.779889820360248328e-15 7.330405001388346721e-16 1.674612962355445941e-16 1.862452345483747730e-17 2.635496304537449419e-18 3.436167512387384512e-19 9.468778904446989428e-20 3.022571961429390216e-20 3.220516206389713610e-21 2.075686649097617967e-22 3.485921706322852534e-23 8.522443555098987784e-24 3.242862378423955868e-24 2.914439684545336593e-24 1.683550752971751288e-25 1.182426679702630981e-25 4.919883375855927666e-27 1.134875416056955427e-26 8.456171224175688188e-28 1.870759211899820966e-28
1.887559618116679850e-297 1.171713476948740792e-255 1.340367108738433032e-226 3.936627876574830412e-194 4.414535128861245819e-167 6.151083767267493575e-150 4.019829480549583972e-133 3.341883276634408736e-117 3.638137458311156131e-104 6.690999031821023129e-92 9.965683351903904100e-82 4.772328661000777094e-71 1.755638421342090299e-62 5.431299099504305604e-54 2.524359217995134465e-47 2.287174211173008591e-40 9.757134104917890870e-36 2.731415388438891809e-30 4.445379807995728888e-26 1.217850075406803486e-22 4.639610150167667533e-19 1.307984250638198757e-15 1.640604049358367866e-13 4.961635974386534372e-11 2.156213077973340509e-09 9.814273607289446692e-08 1.351062929900650517e-06 1.467247490176813609e-05 6.323219013550587125e-05 1.854738687722333164e-04 4.067437798970398441e-04 7.713264898049368651e-04 1.026005383799170802e-03 1.208753121667913502e-03 1.213539968597442077e-03 1.197928568475119205e-03 1.008392007107774537e-03 8.112551745693767332e-04 4.645027233272963803e-04 1.896956496435676790e-04 8.240807890138522303e-05 1.219401078859802412e-05 1.754889210144939360e-06 3.835781319840763077e-07 1.568482185828673652e-08 1.953126290310406217e-09 8.250330827032356387e-11 2.245277585225310953e-11 1.485566647220815096e-12 2.040194073953784590e-13 1.337332592531760394e-14 8.727372017373067632e-16 1.642299503396536449e-16 8.868925740435925876e-17 8.198451036610858176e-18 7.624080667902363994e-19 6.420481557168478169e-20 3.160234226458807914e-20 1.996603548947836434e-20 1.457584023084197767e-21 7.767423663286346805e-22 6.030923939380072883e-23 3.245280112230144097e-24 1.301776913821606669e-23 1.474261345143266870e-24 1.057853651815332596e-25 3.838065052445991976e-25 3.618309831677399764e-27 1.851565103256308427e-26 1.373084610068135066e-27
6.186310478922027919e-301 6.044556763152337967e-256 6.776437596733800877e-221 1.818708213086233743e-193 5.168345421307103746e-170 3.959861570463969944e-149 6.105434006420403640e-132 6.011337937219136866e-116 3.813197045002698015e-101 2.410405266562168826e-89 7.964560192950325757e-81 4.519415723722733209e-70 9.320888043345088209e-62 8.041618506293939887e-55 1.549537461276905212e-46 2.018735927977148258e-40 1.910320437014679866e-35 6.258573021218311092e-30 3.039404482595894823e-25 5.026905935443563984e-22 3.663820026273662611e-18 3.678939906741557766e-15 7.501369936458003388e-13 8.638260370250179848e-11 5.120095561022569153e-09 2.254814137862635166e-07 2.065210589696717548e-06 2.072503278197538554e-05 9.754198499919773224e-05 3.722059031372239877e-04 7.286423230928457118e-04 1.178818991135051515e-03 1.643615505521702587e-03 1.981851892214840389e-03 2.081548139863648346e-03 2.043343792197328552e-03 2.035297398792675679e-03 1.545180433234922060e-03 1.102431696218843932e-03 6.018557440158590031e-04 2.490921103734826175e-04 6.884966735957565953e-05 8.034089143288867014e-06 1.272249299253335351e-06 4.573707531162704959e-08 7.577324983552041251e-09 3.887290585838066252e-10 8.258579654822675840e-11 1.005367292223210502e-11 2.093629431736453398e-12 3.605718717532415963e-13 2.263020281996915424e-14 1.962715253913566303e-15 3.804938612317701059e-16 1.415933660706806845e-16 7.620943126369638910e-17 1.923822952970832688e-18 8.548644280999534841e-19 1.151587797658038446e-19 6.045937252328941420e-20 5.506938646426862568e-21 2.285108838298905826e-21 7.522985427172143502e-22 6.924805271848715408e-22 2.442966479862092835e-23 3.507457634261507267e-23 7.137984534085063318e-24 2.780873675399359646e-24 5.134956072421965093e-25 4.875671466401878356e-25
7.393128796016741731e-288 8.860921870637791892e-248 2.006243055527831354e-216 1.829817701373322876e-189 9.537692649740211478e-167 1.916288675660024255e-147 1.496345290467261533e-129 2.849958193134225422e-114 5.534651368585221317e-101 2.223852509230656145e-89 1.022349750777060258e-79 1.049663868887167598e-68 9.399772894055923794e-61 3.079383208529403295e-52 1.007192380458646493e-45 7.221671796463033167e-40 1.884024108201570851e-33 5.108658571326966281e-30 9.457291214288626519e-26 9.312856043406136258e-22 6.003711109847017423e-18 1.147489736531982633e-14 1.458370702080439187e-12 2.495806576520188530e-10 1.170346330423454874e-08 3.679612195770279031e-07 4.898193718742527971e-06 4.687869003160994983e-05 2.949617326620172612e-04 7.246982398549376347e-04 1.572834296373547833e-03 2.290742994337364308e-03 2.936484163759824333e-03 3.551219208785942518e-03 3.578651251624654674e-03 3.586426502277093378e-03 3.672370932931947728e-03 3.079697524732019284e-03 2.665880576519902810e-03 1.706929423832288101e-03 1.023969189881418105e-03 4.222477625492475936e-04 9.124423304275291048e-05 9.119991618569045006e-06 1.780700750753975920e-06 1.107601849134880152e-07 2.392229733328128558e-08 2.532912074540183877e-09 2.210718024287393553e-10 8.053808571334658880e-11 6.497377240508411811e-12 2.185482729416196577e-12 6.294574576777680073e-14 6.347326026692647311e-14 4.163137145810319264e-15 4.914860143379409445e-16 1.605648508512282280e-16 4.592825067040223812e-17 2.696115799244830539e-17 4.458156890388678644e-18 1.765823847852579121e-18 1.847517159439410615e-19 4.524677892107021793e-20 1.910904538276603704e-20 8.193683083799397477e-21 5.758693075275564669e-22 6.457072846782330807e-22 3.718063488401673579e-22 1.399892227909658659e-22 6.891034798794810898e-23
1.402529253855154343e-290 2.279256027435917085e-250 8.134876652747901086e-219 2.841745501232157212e-190 5.747659850632677222e-163 8.941987989973700409e-147 8.498684933143484085e-128 7.817690600000081368e-113 1.465205817107870006e-100 1.441999337715382589e-87 8.349455732675282034e-76 4.221175943862466232e-68 2.925666326039596975e-60 2.959929524066750515e-52 7.641158508196770748e-46 1.352075377209975172e-38 1.600833973653846730e-33 6.248807815584848869e-29 1.186768562458262041e-24 1.497630319437872049e-20 1.742434498927313583e-17 9.953707034683935306e-15 4.278026957130509688e-12 9.257436940843871309e-10 4.548174263741894825e-08 2.163929721701801388e-06 3.176319472954730025e-05 2.911354314217435820e-04 1.063126893290480173e-03 2.368664046134910488e-03 3.621562216979559365e-03 4.569262579941353770e-03 5.176705953058462206e-03 5.687464111785641221e-03 6.046450267221067411e-03 5.942763179101613960e-03 5.726876511525146561e-03 5.426123322595765783e-03 4.976137567517818598e-03 4.276982385847761213e-03 3.133275017376599327e-03 2.133302765402813727e-03 8.260144938442178213e-04 2.852923450478652041e-04 2.964776211107827814e-05 3.878796052062600502e-06 8.881996321151328088e-07 5.003268139838807291e-08 1.527192616673119513e-08 1.709254161146226438e-09 3.970954396258888612e-10 2.622868904244036452e-11 6.663232035496697437e-12 2.703834161302817401e-12 8.362655519089094847e-13 3.397045553743727875e-13 2.361401938895867244e-14 3.269436557577738654e-15 3.107845723891805227e-15 3.603101759582884071e-16 1.538004739127719498e-16 6.112347532911427166e-17 5.619296850086987224e-18 9.108225975896247398e-18 8.282525349876380587e-19 1.206318912507592332e-19 4.267077293382048052e-20 5.078400193274032781e-20 1.938735149474790597e-20 1.195788623015357519e-20
1.620698270110609801e-291 4.486677154593967232e-252 2.795285258624917685e-220 3.351628882074825014e-189 2.818125668982720406e-163 3.264547798413344535e-144 1.278730325809929090e-127 2.875231140957481232e-114 2.085625032372182978e-100 1.532496305798344883e-85 8.896909343889093942e-76 1.431780314458635702e-67 1.716099294666275238e-59 1.101499322892544295e-50 6.314624137309669516e-45 2.299165378809662934e-37 2.594014629025768234e-33 5.893967496526297222e-28 3.912547938412557392e-23 5.057359760922776870e-20 6.107129289213469567e-17 8.514640648721465568e-14 5.129034996604928280e-11 5.510256037878485313e-09 7.340358396697311315e-07 2.312893548606991150e-05 3.301626798329493221e-04 1.657208432986261287e-03 3.587450700909598431e-03 5.511390152116855262e-03 6.868854522712367940e-03 7.604212352606012915e-03 8.142099253762883834e-03 8.423016816981555507e-03 8.512849405618961446e-03 8.568039043252484444e-03 8.289564140948058046e-03 8.196698727213092353e-03 7.617647072171828369e-03 6.844409162936410974e-03 5.925792713416483913e-03 4.807562099764409007e-03 3.532073864033672024e-03 2.251477699512000399e-03 8.366185375560333424e-04 4.171964397952460058e-04 4.167868113630847138e-05 1.102900077363734479e-05 1.750846907536531886e-06 2.378732226223810028e-07 4.882992005146706734e-08 1.510929514595333032e-08 1.397642687317760502e-09 8.594671435701002626e-10 3.502364290564028583e-10 1.043748568289070636e-10 1.415149508953417124e-11 2.707030564221449237e-12 6.383058758901636460e-13 3.509047273608992321e-13 5.645088004288942192e-14 1.746098488007671031e-14 2.309970208698717440e-15 5.896786481946487226e-16 7.929669308222602955e-16 1.972090020234181258e-16 7.336352169760107535e-17 3.986923661686360205e-18 5.114087440140901270e-18 9.040115481143849591e-18
2.591175527850355547e-286 5.111056457075205810e-246 1.380835569013086479e-218 3.655272349567523014e-189 4.563439672032850313e-164 2.953969961605582301e-145 1.715089436910154550e-124 8.617755542442233321e-113 2.823283819030085711e-95 9.106299185594617042e-87 5.256808369066090928e-75 1.579259722113746170e-67 1.630198968006061768e-57 2.680148367650175775e-50 6.233122549132653601e-44 1.030894994169897493e-37 1.014396221797763837e-31 1.029878401753987642e-27 2.899635381382939624e-23 4.085660208243186611e-19 1.843513786294207924e-15 3.344318387865833055e-12 1.476732581518651123e-09 3.297907865521298334e-07 2.271881157229069251e-05 5.156836550043770876e-04 2.950066442835924934e-03 6.070888668072011753e-03 8.318798024620507534e-03 9.860353853075560365e-03 1.099808250053313854e-02 1.119324786242427774e-02 1.184482397410496074e-02 1.224412163171508493e-02 1.224474749839974362e-02 1.211752416295951498e-02 1.210827150086993438e-02 1.194663925929053371e-02 1.135094809554144241e-02 1.001014378882268165e-02 9.013337974480556750e-03 7.930749380514615435e-03 6.786272127762132782e-03 5.361454974332172108e-03 4.365140674272086074e-03 2.650273634205843956e-03 1.569240701794165273e-03 6.781455469530119681e-04 2.118042579866414969e-04 4.232156146644783522e-05 1.330577331798184356e-05 5.219673182491458358e-06 1.201587121914781224e-06 1.701648358558868759e-07 5.677340790583393699e-08 2.937318209216307368e-08 8.828688215694215931e-09 1.970388820011161533e-09 1.244379535158972631e-09 1.451289423877589975e-10 5.055807322335711541e-11 9.233216378164123805e-12 2.809154278909067000e-12 4.376678595701782014e-12 5.055996922942453361e-13 2.550230646628345686e-13 1.389406869379576629e-13 6.515961894429850242e-14 5.872332601230440032e-15 1.297374934201674732e-14
2.635676088460748554e-288 2.764108862723290935e-244 4.217344014548535916e-217 1.779630369941049690e-183 1.298286408483608267e-163 3.337283071303899642e-142 5.926253380125158840e-126 7.383062974229780842e-108 1.019452366480535417e-97 1.552610401475528117e-84 1.462722824730218003e-75 5.479786078395148398e-64 4.590783394860675471e-57 8.316057552806963986e-50 7.882015796902636326e-43 4.236685985086125973e-37 1.140891775913128383e-30 2.304579067064698855e-25 1.391411105461708048e-20 7.923407081586906405e-17 3.347997902512127397e-13 2.267735323765867750e-10 1.401046222928254323e-07 2.564456954687777297e-05 1.006739176314267641e-03 5.085928795654774681e-03 9.565737093404460753e-03 1.264424411515515170e-02 1.445182143666540013e-02 1.565284698061180854e-02 1.688899220132988876e-02 1.684529685840847196e-02 1.777824731129202390e-02 1.813777873613627370e-02 1.846256469702117764e-02 1.885040529366564799e-02 1.883458187655433907e-02 1.851357767393001230e-02 1.789826676757196727e-02 1.597162744321319050e-02 1.392116589381861037e-02 1.173553236314568357e-02 1.026248654967506363e-02 8.998570994706453496e-03 7.476769753614912958e-03 6.474011169854157650e-03 5.692930316630626791e-03 4.131726882556530089e-03 3.284565982468013335e-03 2.226850209725691511e-03 1.386199623433159549e-03 7.389544248194463306e-04 3.697411501865266090e-04 1.658786108558975487e-04 5.547262538689576631e-05 2.430627329046116793e-05 1.409084274409004880e-05 3.264208694107831535e-06 8.782461539086910569e-07 4.400913320612323623e-07 1.436299393710862328e-07 5.517829954633178968e-08 1.447279016809153525e-08 6.977946662172809796e-09 1.663395013306571332e-09 4.970854300489794299e-10 1.517957340089509874e-10 1.136044517812093695e-10 1.353470766372645405e-10 1.016944689649030897e-10
5.679855870842020423e-270 7.060317629566285362e-248 3.068600016964145083e-215 1.615745339969946992e-185 5.924869712842181702e-160 5.534715348851478371e-141 2.636752793053036438e-123 3.982867446525995966e-106 9.594161515785605812e-97 2.728474047459036290e-83 6.119630610505605281e-74 2.040844812267163406e-64 1.545564793400320937e-55 5.957442621257549902e-48 9.568881286252713455e-41 1.156670974529824123e-34 3.281853532445767312e-28 2.461006390635083559e-22 6.649512943506174385e-18 4.052906909040045800e-14 6.114354791732640088e-11 7.045554051372597683e-08 5.031388248558555412e-05 2.083973104698797190e-03 8.677890753050285927e-03 1.643308264762270016e-02 1.928236729688034487e-02 2.209875257484870612e-02 2.506897210476593738e-02 2.571674932677215156e-02 2.744819621682876784e-02 2.761399709506562675e-02 2.911476881319400092e-02 3.034228562354519126e-02 3.149589710600610853e-02 3.359656813650446078e-02 3.536072650141189322e-02 3.595038782397198818e-02 3.499617017569182920e-02 3.119509215439975405e-02 2.673847829215096616e-02 2.044285656054562958e-02 1.544665852865591098e-02 1.298764366475075628e-02 1.137264401029561625e-02 1.054114986673080137e-02 9.836392555607757077e-03 8.685348730880688289e-03 8.024553737107673751e-03 7.192274571892006210e-03 6.342074712285099454e-03 5.157636697566004257e-03 4.714142582231036112e-03 3.848402328056992495e-03 3.125135112666751168e-03 2.328381193347614855e-03 1.730668473004232230e-03 1.291730478661841548e-03 9.242669054367269816e-04 4.611404871908856358e-04 3.051186611776663293e-04 1.618822521960913956e-04 7.631083596103789362e-05 3.940995778237388710e-05 1.210961721125153314e-05 9.418494307421965034e-06 2.786915786704064622e-06 2.576328770526758117e-06 6.000731247603975729e-07 5.570704228729550078e-07
7.904026137815233949e-288 5.661135749696756622e-244 9.660635361822337882e-213 2.064245290967332874e-185 7.285916204775958562e-160 3.001904165573930175e-138 2.322569824035360759e-122 3.141951905593620945e-107 3.832849844760673205e-95 4.663901144061495983e-82 2.060988251196306551e-72 2.876346513029857237e-62 2.365509546400868632e-52 8.574117888218088168e-44 4.988352776464912375e-36 6.195098965292067658e-30 1.320372183776318488e-24 1.871832851426626448e-19 1.339317720770749502e-15 2.020306388035797595e-11 1.048451012733085932e-07 1.030452575398412327e-04 4.439433452666261687e-03 2.217179050249885527e-02 3.180599798374227072e-02 3.384286865186906385e-02 3.690691436103218231e-02 4.301471624427874452e-02 4.795034254132898854e-02 4.946164919829633411e-02 4.989630357861817717e-02 5.140928516813505350e-02 5.360466520581215477e-02 6.031981926590630760e-02 6.706611721145712413e-02 7.538539454546351604e-02 8.276532823906428138e-02 9.512505021165594543e-02 9.868175972876172541e-02 1.035601191984507619e-01 9.185616557122301684e-02 6.162522625185888614e-02 3.753532685347473613e-02 2.406482339104659696e-02 1.947545109835685864e-02 1.691589506061890250e-02 1.495857903071898427e-02 1.395579247664487793e-02 1.284502455130747019e-02 1.208666290871755929e-02 1.131828039227559396e-02 1.045985231982213617e-02 1.019244056200119784e-02 9.776155162913181124e-03 9.153140114670324165e-03 8.438481873541141612e-03 7.331942737941170990e-03 7.181013548716468943e-03 6.924172962882251502e-03 6.002525271170487849e-03 5.380527510210311899e-03 4.803471111531672916e-03 4.652427835617545422e-03 3.096103403708209013e-03 3.253736927567378936e-03 2.743535609290129705e-03 1.970382565051834872e-03 1.871030098577005371e-03 1.415138715711134268e-03 9.931241873081012809e-04
9.944919280114338170e-282 9.148412500177216350e-246 8.071797593596052344e-210 4.001472455707908675e-183 1.587977739363481103e-160 2.295918938805515571e-137 2.670719426430864263e-118 5.618031804514840674e-104 9.089700071992800194e-92 7.587444102907153574e-78 7.033190869515429930e-67 4.565783463338003260e-57 9.223813325795090720e-48 9.650498145383528280e-41 2.698322983215066047e-33 6.653701384594449644e-27 1.221334956516970820e-21 5.054559076599096791e-16 3.037702153791488219e-11 1.294509009554775632e-07 1.460307322081644439e-04 1.804362139909765350e-02 7.712205888701495482e-02 8.123503613497450038e-02 7.086200559201683014e-02 6.774786687027145593e-02 7.903819893039049083e-02 9.805931228817697798e-02 1.085477358333419712e-01 1.064006940901522785e-01 1.044914520136540487e-01 1.054655957015031287e-01 1.122021817216975886e-01 1.259290868083354220e-01 1.390733553252195831e-01 1.583657372491721338e-01 1.768534945172057782e-01 1.971282565348645155e-01 2.190319757207524476e-01 2.403006402201495750e-01 2.502320835368495033e-01 2.333034566337040538e-01 1.807644621668543505e-01 1.122758250751548920e-01 6.596363066564349398e-02 4.171873937679378835e-02 3.441592955931629255e-02 2.887171026332265369e-02 2.400401974219657300e-02 2.134862614043404189e-02 2.027834219012983330e-02 1.891215518871594212e-02 1.789741087049733642e-02 1.728541239511983615e-02 1.599629202813478146e-02 1.564307083052927233e-02 1.530256641541660745e-02 1.428578970604876298e-02 1.462637314642822872e-02 1.379019368471414396e-02 1.393261160614052072e-02 1.336613464186412435e-02 1.288168160925038871e-02 1.263113839359202538e-02 1.217778545646081879e-02 1.229210311127392798e-02 1.155317926647774461e-02 1.148118002795962822e-02 1.040418555667746957e-02 9.838211965294500067e-03
4.652035983876729479e-273 1.057835945992406656e-244 4.072393711668671015e-210 1.142526844117242712e-176 1.847677152863042689e-155 4.180857061888406810e-134 2.178158887185344717e-116 1.901549311412204843e-98 1.794705771515128313e-84 6.241988854043222248e-74 1.303196706538252848e-61 7.680499202436887973e-53 5.466757891618724080e-44 6.691892105053310410e-37 1.543235078397082283e-29 8.295598000927903280e-23 9.827739366842355349e-17 8.968838402879251594e-12 2.969629843904250720e-07 8.569020597472267950e-04 1.494887702120727135e-01 1.857261741276277633e-01 1.610645021891664030e-01 1.390523315372883262e-01 1.233923893372660119e-01 1.375045974565523299e-01 1.624999616389111168e-01 1.864695677085952130e-01 1.901251313150493505e-01 1.848681919990448896e-01 1.811983846556074473e-01 1.820961346405281234e-01 1.946371263463861634e-01 2.099698449448720583e-01 2.288960403391118725e-01 2.518657231388445328e-01 2.760218536358859942e-01 3.031200391663955163e-01 3.294701144389143299e-01 3.591540087166025796e-01 3.883201954536960043e-01 4.107445086833441672e-01 3.979250781745670151e-01 3.586091237105918927e-01 2.923279508159907780e-01 2.362981788472360845e-01 1.947719619287786308e-01 1.645775424853141988e-01 1.335097533776644918e-01 1.084123295894744710e-01 9.194607968437287782e-02 7.213590250325332964e-02 6.101699464002923595e-02 5.308926240527040569e-02 4.567344658246914185e-02 4.132178899408549960e-02 3.787924151980549825e-02 3.784721716280557702e-02 3.500709764255945100e-02 3.482491603024553267e-02 3.372805638842388265e-02 2.990086464227266136e-02 3.051173956370074533e-02 3.007630805495652149e-02 2.884288116345419539e-02 2.888905536900200979e-02 2.883008609611111689e-02 2.839624530426138743e-02 2.880768129064447194e-02 2.912745074728059769e-02
1.436400566725706929e-278 3.816426169485351993e-239 3.085828209150082473e-205 6.875620509932704247e-178 2.307051916917988806e-149 6.032409648180255842e-128 2.953682399597979837e-109 6.281842797212233179e-92 1.327235865795334244e-80 2.957824789343831918e-68 4.692979076197936353e-58 1.072609930525155033e-47 2.019333556082502382e-38 1.066960586285772178e-31 5.618265903100862070e-24 3.937873119830454474e-17 4.974735372660505451e-12 1.217181053112785990e-06 1.420104974782637058e-02 3.067282816757021524e-01 2.817015040149578042e-01 2.479051454355978845e-01 2.258679873742993893e-01 2.014613712706399273e-01 1.970679302233740438e-01 2.292569290622755163e-01 2.642637932047813831e-01 2.804612825767600071e-01 2.750901624907839960e-01 2.677948665495161751e-01 2.604189799587504628e-01 2.628575257776671892e-01 2.760619675181919530e-01 2.914757556847780151e-01 3.099901835101536718e-01 3.304472128046583856e-01 3.572157222235686769e-01 3.855726603017733956e-01 4.154425151919285408e-01 4.470384332380469283e-01 4.832946847234688703e-01 5.166970199131988295e-01 5.352540909125267365e-01 5.384105827752009299e-01 5.261569860320040037e-01 4.884359039771829503e-01 4.575280097450497019e-01 4.279348649253138515e-01 4.173360825260001850e-01 3.939739177139895965e-01 3.816553285437654930e-01 3.669278854498669307e-01 3.424152191618885510e-01 3.313230232226563321e-01 2.973712085110380432e-01 2.755194571897921496e-01 2.629103302381864959e-01 2.505244518641589480e-01 2.394565736639464038e-01 2.247081357907348143e-01 2.136535540234710540e-01 2.079040701290942872e-01 1.954710124717522479e-01 2.015913686127991100e-01 1.826473375647392206e-01 1.813841821770658114e-01 1.729744992916774360e-01 1.686892800186300945e-01 1.686822507816678196e-01 1.588791318959487109e-01
4.625373305564386848e-270 5.956953463337985371e-228 2.926447280428232921e-194 4.934136736453749016e-168 2.381049861633839002e-142 2.145038613067440760e-121 1.352196927767684701e-103 4.562453445545385532e-87 7.131807189126743103e-75 3.572259436351513889e-62 9.708453458439512964e-53 5.846514810767579377e-42 2.477159039759571850e-33 4.374066920751509699e-25 2.265752557949118889e-18 2.894887382454092708e-11 1.321903688739888863e-05 3.488061099216605565e-01 4.211685762232519892e-01 3.756866148360427649e-01 3.340151967296909330e-01 3.079468918192980187e-01 2.857636944981351568e-01 2.681508934354161489e-01 2.866379336363079622e-01 3.283848362905659179e-01 3.545680001257223712e-01 3.634883823158520100e-01 3.507726269545701214e-01 3.376095687777851961e-01 3.293024142814424127e-01 3.351276282295002074e-01 3.450377089475509251e-01 3.617330093602922347e-01 3.796852642191766991e-01 4.008636428264085727e-01 4.248943890883131735e-01 4.463581490860502599e-01 4.747593231079193510e-01 5.118968646017513224e-01 5.416239412504143536e-01 5.780202982268620726e-01 6.092070172843024878e-01 6.309073265409612663e-01 6.439203334375311893e-01 6.426735742558877806e-01 6.341447340318360215e-01 6.220283752511190922e-01 6.133055553699132689e-01 6.106904461267960160e-01 6.026142224035448969e-01 6.056057781526873462e-01 6.013901841449850183e-01 6.046760513671439741e-01 5.926655099624984491e-01 5.833549977834774358e-01 5.844217146850873013e-01 5.684017998227198776e-01 5.565456783760271975e-01 5.496582516677697150e-01 5.397616793450593642e-01 5.320775024301774847e-01 5.243447305897781519e-01 5.246970056735220655e-01 5.099642723547193057e-01 5.064950400442045364e-01 4.977960587759863720e-01 4.962113392907894216e-01 4.924848472483743245e-01 4.883444110367048396e-01
8.918260835700900678e-262 6.523068222117360502e-223 1.194197837584466384e-187 2.415125981049138615e-160 4.633164289265974145e-134 3.060621326985538316e-115 2.324401796080413305e-97 1.741696490757558901e-81 2.685609331749045159e-67 1.332078236211625211e-54 6.637568809411366593e-45 7.412859684391159596e-34 2.715924701325411570e-25 3.644721193622437218e-17 1.758895140395449881e-10 1.646756255479469970e-04 5.399004120406672991e-01 5.148163071028555304e-01 4.607893989145805946e-01 4.154318601674986677e-01 3.880701533227208788e-01 3.732744247446724839e-01 3.408726547518834971e-01 3.461645188542174512e-01 3.840907568763507474e-01 4.162703871512755671e-01 4.405731286271286073e-01 4.344531305261027931e-01 4.176996224764600862e-01 4.024867489919788932e-01 3.971540767751376988e-01 3.992918170463407024e-01 4.074291326007039027e-01 4.254886482388304803e-01 4.395657438170511022e-01 4.573034159127642440e-01 4.784044160736957707e-01 4.996182210016756331e-01 5.234409952062037963e-01 5.552365335440705429e-01 5.870008032104472306e-01 6.185584814822737698e-01 6.416735998210173486e-01 6.702877745321155212e-01 6.930721085098788814e-01 7.094488634645839120e-01 7.174611826242447421e-01 7.207706036157907059e-01 7.203835719121535197e-01 7.240931421533093326e-01 7.216227713217338025e-01 7.226832177051906170e-01 7.287527333843601962e-01 7.339728498018944780e-01 7.355090262081055430e-01 7.416614574289344120e-01 7.471679294540822802e-01 7.500810305342502371e-01 7.543834827112417818e-01 7.480625379444848511e-01 7.504793056057105227e-01 7.486753523390796694e-01 7.468258364920826731e-01 7.454620059974282897e-01 7.406699589697436359e-01 7.390442558286466346e-01 7.410833541029749894e-01 7.292122725128469263e-01 7.285045434584324076e-01 7.283229777828734708e-01
6.469140420000459113e-259 2.074342747900325983e-216 1.923818288294382541e-184 3.687330980971133039e-154 1.259892990961682068e-129 6.290804911737968535e-106 4.735938144279003405e-88 1.235626519707664247e-71 3.857172014623996199e-58 7.253926827205713970e-46 3.217412521284977375e-35 1.734707487177769460e-26 6.483167963429963090e-17 3.912977548674575738e-09 4.257175918856204166e-01 6.502229147513891583e-01 5.971632272166479405e-01 5.399591483973908979e-01 4.912405463732006372e-01 4.637172930954067684e-01 4.553160165099023327e-01 4.235001541637801181e-01 4.072828650706833420e-01 4.303898005345628830e-01 4.673706048146635261e-01 4.981480894948068783e-01 5.070949030772132771e-01 4.981788234915440206e-01 4.759077100239028635e-01 4.581709229684005624e-01 4.522862837783267476e-01 4.557256313654531321e-01 4.661187476063429758e-01 4.778663215442251477e-01 4.934579851344523260e-01 5.077535257110241673e-01 5.259502209825785979e-01 5.447178950714971490e-01 5.668996439287240507e-01 5.929756835205848287e-01 6.228526467420553159e-01 6.498684962121036301e-01 6.702700188474045584e-01 6.914847837999332780e-01 7.126073688080039048e-01 7.326648219999457590e-01 7.484536703217182785e-01 7.608611729992065253e-01 7.686980478686896712e-01 7.743142313386719433e-01 7.764018532918229853e-01 7.814827711819075651e-01 7.856073983415360340e-01 7.904510163923135213e-01 7.944433036813494109e-01 7.984748355577178103e-01 8.056591270374265923e-01 8.121686286218948725e-01 8.181368821243035772e-01 8.234807838168136662e-01 8.295061086633503944e-01 8.323460330412463248e-01 8.354044142193666200e-01 8.400758578306773972e-01 8.405947768610286808e-01 8.435182306156027154e-01 8.429626064248642026e-01 8.455788970202674504e-01 8.469300763013256628e-01 8.481922317580872228e-01
1.445544075795093535e-250 1.620378558951259990e-208 2.860633702951113504e-170 4.594814782673901863e-143 1.853530477071104345e-118 9.997589549624848619e-98 1.344372794431214710e-79 1.453607744281062590e-62 6.023107540323361569e-49 1.190461641536733248e-36 1.137281431398575677e-25 1.137624705724140464e-15 7.841878773596295540e-07 7.394244712218466242e-01 7.263591816748824481e-01 6.637460665652543668e-01 6.103063559572782237e-01 5.676101443929838508e-01 5.374591849159096046e-01 5.322867917224427536e-01 5.005050839589031408e-01 4.709172066791399991e-01 4.824511342548575832e-01 5.143449043497851925e-01 5.463249490229706851e-01 5.641851242785995701e-01 5.643418581115686727e-01 5.476461165026310640e-01 5.220601278104388676e-01 5.082663540630757426e-01 5.043813950112665534e-01 5.068285263112757288e-01 5.156184590934450584e-01 5.259031344799484087e-01 5.384400766360679658e-01 5.503528214642220417e-01 5.664011976806301307e-01 5.805524072507074473e-01 6.005555601421094236e-01 6.237686668286338554e-01 6.488715999319517591e-01 6.742991298730851568e-01 6.955472822368331531e-01 7.084251893919817356e-01 7.244430316745809062e-01 7.420237856775557805e-01 7.596810096295910641e-01 7.760748425971683018e-01 7.851555203493224555e-01 7.945804017516845397e-01 8.006510036661498297e-01 8.077846898098145489e-01 8.111675933290609652e-01 8.169385374560219626e-01 8.208184854970663746e-01 8.247593117940593688e-01 8.284345038890106316e-01 8.331245300323871783e-01 8.370782013212210160e-01 8.418375740989167966e-01 8.476276802386644160e-01 8.520611376884716925e-01 8.576135886813384124e-01 8.628330600516144200e-01 8.664393968684745984e-01 8.716221916415274329e-01 8.759130021822698620e-01 8.793098290896583791e-01 8.827499923811004123e-01 8.858261664878084307e-01
6.803494009809925669e-233 7.513401233721472592e-194 3.621100871190923776e-162 7.200560354132253498e-130 2.286946306457083594e-106 3.032846332051419249e-84 1.784908621188452025e-66 8.878673324597015846e-51 4.808949954270157606e-36 9.315266979293015925e-25 3.282091451801149364e-13 1.386495161744566917e-03 8.292952620891494986e-01 7.829294865149581950e-01 7.244111099559917832e-01 6.737337840921665544e-01 6.366037632016348091e-01 6.021640575493234504e-01 5.986916709558285365e-01 5.797697171397019344e-01 5.368789314190768325e-01 5.338487270825126307e-01 5.562015021790349678e-01 5.884588601891789228e-01 6.124339848281664667e-01 6.231739541992555864e-01 6.108895825771284427e-01 5.900292237589376265e-01 5.648235334604025937e-01 5.548131325164644689e-01 5.477097570937367044e-01 5.513268242648780015e-01 5.591625669604123328e-01 5.698247016824573574e-01 5.784012640380273851e-01 5.907150434239401005e-01 6.040876272333250974e-01 6.168815732766492754e-01 6.323061846391293539e-01 6.523802437735437554e-01 6.744043604035745432e-01 7.005736082113634966e-01 7.184747049607216329e-01 7.317601604950360050e-01 7.412671313079176594e-01 7.520835050982903613e-01 7.677462907244465562e-01 7.822472888699061322e-01 7.938497442719162356e-01 8.037491801333572772e-01 8.116495835631507560e-01 8.176680091700548880e-01 8.239820905359870329e-01 8.298771924087359197e-01 8.328379758429764745e-01 8.383598312443958367e-01 8.422434110010954544e-01 8.463253581362079059e-01 8.498903000600518398e-01 8.535616417978696413e-01 8.564195245364910614e-01 8.596281229852149597e-01 8.637703507113938528e-01 8.664031659534092711e-01 8.707926577342275376e-01 8.744240921303301217e-01 8.785465068392558363e-01 8.811441116024616438e-01 8.856046646325529403e-01 8.889461708744748059e-01
3.409007721670775758e-221 5.899930552041482196e-180 9.789503148580743571e-143 1.017648704031260066e-115 1.514210864833337784e-92 1.524669278030506695e-71 7.786974044361689902e-52 1.292583423647643215e-36 1.206595759542089804e-22 1.985932074684410151e-09 8.860213381068523519e-01 8.735870210813376779e-01 8.212213479990551068e-01 7.706215532457757478e-01 7.289736457816663462e-01 6.984458598867862023e-01 6.674377896061099991e-01 6.594413501301958913e-01 6.485708890244099578e-01 6.030009845170748450e-01 5.831755812843467668e-01 6.034838361832356446e-01 6.269277627191887081e-01 6.510262445946669585e-01 6.650619536910881147e-01 6.668722762175074426e-01 6.495839439661080794e-01 6.224593995698236570e-01 6.029866109532127094e-01 5.926719513753979651e-01 5.911202860370595724e-01 5.931916128694352253e-01 6.006917434703119563e-01 6.066027018512234470e-01 6.189480812080156991e-01 6.286595084271239253e-01 6.361474792616897966e-01 6.493594388342406321e-01 6.634399740486381924e-01 6.789137234193847181e-01 6.977181647194523606e-01 7.198964464805177599e-01 7.375564317888123611e-01 7.520038497862913118e-01 7.598044886834947054e-01 7.672408813464439703e-01 7.760579783225366457e-01 7.855117205509341005e-01 7.983134057373619807e-01 8.116991562719588771e-01 8.193488201385979997e-01 8.252010357854415723e-01 8.329048048346975319e-01 8.378105332661013316e-01 8.408580904872140493e-01 8.448932753378343152e-01 8.498228661624573910e-01 8.541603145689159460e-01 8.573636761183919264e-01 8.613064889604977736e-01 8.648925580061823659e-01 8.673792003872247136e-01 8.713786501927823780e-01 8.736785304491334614e-01 8.755897722922464377e-01 8.787953068722823557e-01 8.807516607085639215e-01 8.831249461373914533e-01 8.855479129481057532e-01 8.881485389737450165e-01
9.485461425194384754e-207 5.485386772399008355e-166 4.325815861600119411e-132 6.739256597688838741e-101 2.558771165966187103e-77 4.670480792804683323e-53 9.124789029041141048e-35 1.143810773964578162e-18 6.565037659887104887e-05 9.376089094077261210e-01 9.010955660567194769e-01 8.555287419947014138e-01 8.148819072974015087e-01 7.772066112531200721e-01 7.500199904329993839e-01 7.246624782833127609e-01 7.074330330469920103e-01 7.067416991875199450e-01 6.687854797088502723e-01 6.351424076760707749e-01 6.455096673262209483e-01 6.635012919635356887e-01 6.859219638477221936e-01 7.024352322592418707e-01 7.075154509596744967e-01 6.990946128489800016e-01 6.791031554747740673e-01 6.531008209275770415e-01 6.378315908290567160e-01 6.297968997871503660e-01 6.305257477303429781e-01 6.327666791405627267e-01 6.375806347504369143e-01 6.457534145657523039e-01 6.534595980376749491e-01 6.602594412900649745e-01 6.707359008816883295e-01 6.792604995497040221e-01 6.920595470355511702e-01 7.036662843103447251e-01 7.197387999283791915e-01 7.398210552098413162e-01 7.572734947612240752e-01 7.724984477251140014e-01 7.808636872635599246e-01 7.848695541810516429e-01 7.897881847705857661e-01 7.962281317522426072e-01 8.037324289756232476e-01 8.154342056742764910e-01 8.234634492853474264e-01 8.315220667418802281e-01 8.384480659510529232e-01 8.432374495085092070e-01 8.489939658185404747e-01 8.528255078818642865e-01 8.556809647351427683e-01 8.590355830204094989e-01 8.619728834894065939e-01 8.665735812514033798e-01 8.689226322380150247e-01 8.728268548252081649e-01 8.760385318714054570e-01 8.784972000096822331e-01 8.813072578893023090e-01 8.835223410695269841e-01 8.868244177834939679e-01 8.892309234824928854e-01 8.899956805099851209e-01 8.929809639804007215e-01
9.381477808120300893e-186 4.904899546805887588e-145 3.536792445079013227e-107 3.067734319299946481e-78 3.729762495268025667e-53 7.686146154323724543e-31 1.998110565282518629e-12 9.711572692677782337e-01 9.553066814756698832e-01 9.210234864694580859e-01 8.837199490828344661e-01 8.504917270676568553e-01 8.220104258591895974e-01 7.949298775338730083e-01 7.756892733489130221e-01 7.535496871989001422e-01 7.539716909497158337e-01 7.330665336505681751e-01 6.910882016450707876e-01 6.845254744988876761e-01 7.002657595248682476e-01 7.178010357896740246e-01 7.308679581323920260e-01 7.430673959493300229e-01 7.410176611051056961e-01 7.292830271196613090e-01 7.052404018165600030e-01 6.830237343910147141e-01 6.698061176630917268e-01 6.650388122315753492e-01 6.651438868053932696e-01 6.667450497814459975e-01 6.751646708973539912e-01 6.786214141014619283e-01 6.863792350543893583e-01 6.932341597551011647e-01 7.013032804553422928e-01 7.085873691330892843e-01 7.188494559299198894e-01 7.269535061397125464e-01 7.412056705660622358e-01 7.571915724186372154e-01 7.751778497813068824e-01 7.905642959447179985e-01 7.988446868740325391e-01 8.041502350468090476e-01 8.085026454784071115e-01 8.106053378379104446e-01 8.159604335693596555e-01 8.204520980733129853e-01 8.285100289421670761e-01 8.367595344004983282e-01 8.438374467054633454e-01 8.509260131475828715e-01 8.563616786904520994e-01 8.594985479849991394e-01 8.632201725834327544e-01 8.662991008839544538e-01 8.690374635397311032e-01 8.707889639552871541e-01 8.724160352886161096e-01 8.765560419553916072e-01 8.784988717328682251e-01 8.808822220318016649e-01 8.838367843649234112e-01 8.868233642875980038e-01 8.892193886731364350e-01 8.925006032166129533e-01 8.942564633552264608e-01 8.973531755838473067e-01
2.838630424040842942e-162 2.077491637037743681e-118 1.883475406713532560e-81 2.556243659735395870e-52 4.499977203034027077e-26 8.224098307517226756e-06 9.856918943442919412e-01 9.664752900560269477e-01 9.387853784980857430e-01 9.094813078420694863e-01 8.812239826085894734e-01 8.582751218151100092e-01 8.358934233532144820e-01 8.195466633871647533e-01 7.981704778971610015e-01 7.946403137214360646e-01 7.839671404180440506e-01 7.485336489988417830e-01 7.262504345125992966e-01 7.349008886465986379e-01 7.509605856621817122e-01 7.630862265241628029e-01 7.732366703003763497e-01 7.739863203056963625e-01 7.712106952085480138e-01 7.528828576455043331e-01 7.296252529019322530e-01 7.110909279400886573e-01 7.027483845405892993e-01 6.973865517543894610e-01 7.000913521494913638e-01 7.016841384130284576e-01 7.049520140571376992e-01 7.112913953873253314e-01 7.177039752163067998e-01 7.233208976765049814e-01 7.303740628814023861e-01 7.368489792702731522e-01 7.434664934729935393e-01 7.519063176244712432e-01 7.613698284015539830e-01 7.750544587481595915e-01 7.912411564704923128e-01 8.050674279832693570e-01 8.163264183370434468e-01 8.225703338537886378e-01 8.244648479319652834e-01 8.279720031317187035e-01 8.305541910882056067e-01 8.335767611180010528e-01 8.384390434047197527e-01 8.433931595097140521e-01 8.506797496629793232e-01 8.544456116910177368e-01 8.615365638521348401e-01 8.661890372326022103e-01 8.695977187274032127e-01 8.736740394650507335e-01 8.764528976052664566e-01 8.797276708987228355e-01 8.807623812706242283e-01 8.824011221313469155e-01 8.847511184510525872e-01 8.866488650612865952e-01 8.878785102643145244e-01 8.892451327267303363e-01 8.919054252066761501e-01 8.941165682091479772e-01 8.964035754308692372e-01 8.981402162343792295e-01
6.664473588812447152e-130 3.901469959043240211e-86 1.844471719090741503e-48 1.079379167108343606e-19 9.966080639046621670e-01 9.908362404436082960e-01 9.762519251106400731e-01 9.543980785308932013e-01 9.312717477956620193e-01 9.119358414233594834e-01 8.898370821876797621e-01 8.727437238836672773e-01 8.588252578417859828e-01 8.386602281502771872e-01 8.289790679483732827e-01 8.255862532958521127e-01 8.042341548202747159e-01 7.714960200732581264e-01 7.722870462253761392e-01 7.806369677948157282e-01 7.908360270522469815e-01 7.995173440668308373e-01 8.065741659057205082e-01 8.039553904872001056e-01 7.930205500302656141e-01 7.760784632766424274e-01 7.540356493534664528e-01 7.418147701780258840e-01 7.311267843235254027e-01 7.297102563659878527e-01 7.302522685678906056e-01 7.342199712821981805e-01 7.398718471609252445e-01 7.417540153594082142e-01 7.458425835845841068e-01 7.504988646735872848e-01 7.568138321831298088e-01 7.628726572724214838e-01 7.676804548867743883e-01 7.754865665526003982e-01 7.806869976851298354e-01 7.922980465630445890e-01 8.069600027017499455e-01 8.208669994097815836e-01 8.311890470868669167e-01 8.382625700476958874e-01 8.419548345378137233e-01 8.443831259007941181e-01 8.462953937913074709e-01 8.494138675686947471e-01 8.522760223720126094e-01 8.548831407462564869e-01 8.583004402774248032e-01 8.622291353061615204e-01 8.670432472438449611e-01 8.721178047043286474e-01 8.764447921524276541e-01 8.801300770341713431e-01 8.833346849953335189e-01 8.876475241698122964e-01 8.899074203550233486e-01 8.915003969312491616e-01 8.929280487272267530e-01 8.944592850233269443e-01 8.945812784651522298e-01 8.963423416638868213e-01 8.973054632369560357e-01 8.997201189133606780e-01 9.004619459202009013e-01 9.018838700225730864e-01
6.330452044365985377e-88 5.177461474542871565e-45 8.096004664457932993e-10 9.992050352199788321e-01 9.950377193981432278e-01 9.852895678071079688e-01 9.703158813517627213e-01 9.535436802842895965e-01 9.366507794912709572e-01 9.188764790455121734e-01 9.042790715967377047e-01 8.920279062574338891e-01 8.774122648907221045e-01 8.634201960264638043e-01 8.613402991040799428e-01 8.489621547518620970e-01 8.215241518666374088e-01 8.063162720765816305e-01 8.121216225589237281e-01 8.227687879604130838e-01 8.284184347375364021e-01 8.341454837629307395e-01 8.370301765490266721e-01 8.285711585595990636e-01 8.161893842528241683e-01 7.971520969296708170e-01 7.773980699160141228e-01 7.665584987473067491e-01 7.625153337184422675e-01 7.612001434620876417e-01 7.623363531509291802e-01 7.641958030658227985e-01 7.670693918205315764e-01 7.712613720592716993e-01 7.757359634593338216e-01 7.805064937360735033e-01 7.846439911202930384e-01 7.901301644968341531e-01 7.950367351912666081e-01 7.995134454918390032e-01 8.048932459529553052e-01 8.129710399725219583e-01 8.238396187359441347e-01 8.376387888548860738e-01 8.463599128309703401e-01 8.536929403576506425e-01 8.581399388074757439e-01 8.618471516389395459e-01 8.645836902371710764e-01 8.654328173280787517e-01 8.674096926756744708e-01 8.687305907846212261e-01 8.716128702314331900e-01 8.738272278725511821e-01 8.767997840536880805e-01 8.806551312478830829e-01 8.849466822219655970e-01 8.882640434402423457e-01 8.931041098750351903e-01 8.949423688324983361e-01 8.982096996536114153e-01 8.995967680395110522e-01 9.022657619996472533e-01 9.033911340678070223e-01 9.041208290366476996e-01 9.064305740429819958e-01 9.068721958924669257e-01 9.073853304859579305e-01 9.076689285506350791e-01 9.087774318531252060e-01
6.928970635604594534e-38 9.997951540163072526e-01 9.998133410496592433e-01 9.981168268043549840e-01 9.926094463422709957e-01 9.832468192316908828e-01 9.724259289291551367e-01 9.591103072722754197e-01 9.469329174310776587e-01 9.340356730520573691e-01 9.205619143636523116e-01 9.126898157445118009e-01 8.959845117163767192e-01 8.912276170263856434e-01 8.875281869589372041e-01 8.679140840455447092e-01 8.434259960931520528e-01 8.424127123984700427e-01 8.507981589662080291e-01 8.588135887714445360e-01 8.606488497254672909e-01 8.649425224259885692e-01 8.620149222008838263e-01 8.528852841196363777e-01 8.388965805920428620e-01 8.194756035983413733e-01 8.096833643298365635e-01 7.993348524888792550e-01 7.966956240591011040e-01 7.944879404484967989e-01 7.963646581834750160e-01 7.952902296294938056e-01 7.978572996944208739e-01 8.015739104973105267e-01 8.044147828671741607e-01 8.097775071732914443e-01 8.116140196594591183e-01 8.164251657492411773e-01 8.218770334481544371e-01 8.261466220013008455e-01 8.304337472375369344e-01 8.358068744900855052e-01 8.436804025148990638e-01 8.534239866537987051e-01 8.650215081243705084e-01 8.724695830376003602e-01 8.783315274343725942e-01 8.800601731952971685e-01 8.818190791609541446e-01 8.840465634924790095e-01 8.859562003684929854e-01 8.854709635012473212e-01 8.873674186937953179e-01 8.882212847157011648e-01 8.889478018195540177e-01 8.932318414583040322e-01 8.961922981879395511e-01 8.980309672970252510e-01 9.012277780627661050e-01 9.048930018913299289e-01 9.060838870526090050e-01 9.110483573401674251e-01 9.123407093230962994e-01 9.133517958770217549e-01 9.154999933663526823e-01 9.153217121277945623e-01 9.176544713361760586e-01 9.177885362865544350e-01 9.190015776402487013e-01 9.194350005166384010e-01
9.999996929728663941e-01 9.999877487455434144e-01 9.996634403506409194e-01 9.979001545009394958e-01 9.937804271708304826e-01 9.868380161581797871e-01 9.785633865149448996e-01 9.693633279973205008e-01 9.588674990497466633e-01 9.490713170314223346e-01 9.431672818597048868e-01 9.307178352324845250e-01 9.233368965592041455e-01 9.205581764606639572e-01 9.083289923367618979e-01 8.899423397404524483e-01 8.781498336978196262e-01 8.828410185518519304e-01 8.853171136301287714e-01 8.914432990995729833e-01 8.920652274938353221e-01 8.959119534597390633e-01 8.884358217409296099e-01 8.790995837909015842e-01 8.627189986180785475e-01 8.485577317400453401e-01 8.393053631758464750e-01 8.323000693019529939e-01 8.311335155808214914e-01 8.302518586936263878e-01 8.289367112445028551e-01 8.294072279949489257e-01 8.317907258450555341e-01 8.365524733719883477e-01 8.391117766816008627e-01 8.394053451724711179e-01 8.431360471481664787e-01 8.481739399637965304e-01 8.504772908540814136e-01 8.550207807794275583e-01 8.551472403918775056e-01 8.593332875593644449e-01 8.650329418710038798e-01 8.747588159865129498e-01 8.833820882937886143e-01 8.898055796864422495e-01 8.943100819912966903e-01 9.002536761584436498e-01 9.004428299412542414e-01 9.035231016174051222e-01 9.045048710733619712e-01 9.034179307091181332e-01 9.046244797563449680e-01 9.053230727004166756e-01 9.047098507301445380e-01 9.083787253674784345e-01 9.095053803327555197e-01 9.106573125080725806e-01 9.119629557160739974e-01 9.159650915158202844e-01 9.189150004976394115e-01 9.220806789207530718e-01 9.227134643220593624e-01 9.243416494756878654e-01 9.266424062634984748e-01 9.266841311957523253e-01 9.289148332236488725e-01 9.299787679582277589e-01 9.297279194095857680e-01 9.308798455953650741e-01
9.999999057147958004e-01 9.999838613549502098e-01 9.997495274904732998e-01 9.987156910159892265e-01 9.960222774521183542e-01 9.918722613542687583e-01 9.864259301588338413e-01 9.793434524308022304e-01 9.742470849789425236e-01 9.650550056098260443e-01 9.590217387161764639e-01 9.507569428923129395e-01 9.451492969241380715e-01 9.424306845471160932e-01 9.304657904064452811e-01 9.122653995388684267e-01 9.083417858052190708e-01 9.117462985124085151e-01 9.175181834356217481e-01 9.179664897860776440e-01 9.198632640943265049e-01 9.161029478116082814e-01 9.131977923264211761e-01 9.022832210300171241e-01 8.890202473266101135e-01 8.759210514979213213e-01 8.682543688329111831e-01 8.615392711729992214e-01 8.642612060060171908e-01 8.612065976014173785e-01 8.618054996903712350e-01 8.580677450170253184e-01 8.611156246709360529e-01 8.612124111475160104e-01 8.655544781611652638e-01 8.690796758010076450e-01 8.718216831351486285e-01 8.740019646360452921e-01 8.748328412667837339e-01 8.772208338736076083e-01 8.809361887392789248e-01 8.814790562479078995e-01 8.848473768749531843e-01 8.899559765733388028e-01 8.981458316624431060e-01 9.056457525372439976e-01 9.088879004067952350e-01 9.139113197171927494e-01 9.157553609836887043e-01 9.177255846777427895e-01 9.191334377958458868e-01 9.187436786462049865e-01 9.197498266531767275e-01 9.198979135566989207e-01 9.205250926495504027e-01 9.198788050847244158e-01 9.222361499748998881e-01 9.220292451231234532e-01 9.230241411216799641e-01 9.259914296004031486e-01 9.264794694051340374e-01 9.301094423352901375e-01 9.305179818300864936e-01 9.325461372269728821e-01 9.342763325414205067e-01 9.351252128327356417e-01 9.374119450309124080e-01 9.382078891098184492e-01 9.384718037068741081e-01 9.391476160197506085e-01
9.999999358211629774e-01 9.999902257767318003e-01 9.998652192622919932e-01 9.991415558475015279e-01 9.975532407348502995e-01 9.947415220425107618e-01 9.906769265906076871e-01 9.858564193192987934e-01 9.810384036718615697e-01 9.749376518672190350e-01 9.700407313513693675e-01 9.624675056399528694e-01 9.597124425015054472e-01 9.529182354800755927e-01 9.413796966011171996e-01 9.305836148436575916e-01 9.288016913875245528e-01 9.297960067283783658e-01 9.343853612845602896e-01 9.345462314531804981e-01 9.335485819566193832e-01 9.310844747820293810e-01 9.246229764336593160e-01 9.126709102519133809e-01 9.007594206233225931e-01 8.900552293532308923e-01 8.850046498604620115e-01 8.817260429957848311e-01 8.799766580254920756e-01 8.779889780389642517e-01 8.786730742261846805e-01 8.781840651367940342e-01 8.800199123324224937e-01 8.817112244727554060e-01 8.807531790275967554e-01 8.825483145766688242e-01 8.846511779792591845e-01 8.872746276372360796e-01 8.894967601648418043e-01 8.893252987192116210e-01 8.923460216352080421e-01 8.922332418987739544e-01 8.957556584830420610e-01 8.997238191263756679e-01 9.073911361076607562e-01 9.134313632068314925e-01 9.176470851918548943e-01 9.220374725565226859e-01 9.240302943670802849e-01 9.256885069611037187e-01 9.272515474468323582e-01 9.268171513787734073e-01 9.273568042607409634e-01 9.284329622711260388e-01 9.272158887583523690e-01 9.275551643474060359e-01 9.289194195493061246e-01 9.289005143907641537e-01 9.296459130472045640e-01 9.314604518853853987e-01 9.324014375837624824e-01 9.341251772947573029e-01 9.351045774823117940e-01 9.361398422439615175e-01 9.388515024215010607e-01 9.393753884069302451e-01 9.404961346333866601e-01 9.420818854002789289e-01 9.428373834510657137e-01 9.437929103106307283e-01
9.999999047616220382e-01 9.999911366276853508e-01 9.998827715910261205e-01 9.993132314751672629e-01 9.979239558480849093e-01 9.952669539694170009e-01 9.919195876094114572e-01 9.880624068113799119e-01 9.824023715945525703e-01 9.781200818135006303e-01 9.725920788670392447e-01 9.664795489126151162e-01 9.644905319177429215e-01 9.564610086200762140e-01 9.439223677979342586e-01 9.364410366979335487e-01 9.381946760814382502e-01 9.393165367590807779e-01 9.408100249264685910e-01 9.420818374013939511e-01 9.396656816111236266e-01 9.357856520862312122e-01 9.254403533322814734e-01 9.149463036662978110e-01 9.030224150523692428e-01 8.965279520905897748e-01 8.916558330327336579e-01 8.896303718231516333e-01 8.872507961433363510e-01 8.867914931453391159e-01 8.862010172493330895e-01 8.853657834661254888e-01 8.858706650797774085e-01 8.865182483610548614e-01 8.880004453317502655e-01 8.902032225980981428e-01 8.921987746103146044e-01 8.940425415150650146e-01 8.946807271775102377e-01 8.967223852190663314e-01 8.983476803340283423e-01 8.990175545682635994e-01 9.011826420648253455e-01 9.035411262701590340e-01 9.079389295407931382e-01 9.140439195980939457e-01 9.196707260310496013e-01 9.229883551642427131e-01 9.273804279186532717e-01 9.284569442716616994e-01 9.300042180765266675e-01 9.302213045374084777e-01 9.309453479244671481e-01 9.304706971922891423e-01 9.318806383414861561e-01 9.313268143781733288e-01 9.320239092878737086e-01 9.317040073908449127e-01 9.322661164184228300e-01 9.327488733962043810e-01 9.331826569498289370e-01 9.346983748039099371e-01 9.354242021280814168e-01 9.370397691134590978e-01 9.386818537228418524e-01 9.391419108013300265e-01 9.418330289365816066e-01 9.425052236323884225e-01 9.431341511430031410e-01 9.441710794488701319e-01
9.999996741225793961e-01 9.999846820462624519e-01 9.998162727823980411e-01 9.991029156632612596e-01 9.974952862993050617e-01 9.948450264962883649e-01 9.916019275761016605e-01 9.874802578834598332e-01 9.820238041114760508e-01 9.782836452792446069e-01 9.709774918829896517e-01 9.677296529376577805e-01 9.645243417395956698e-01 9.545967812871275493e-01 9.426200433673636025e-01 9.398549555675392853e-01 9.410763607357133242e-01 9.431250174546289555e-01 9.433116280695876821e-01 9.422444878645960253e-01 9.398067586853947608e-01 9.332474768886648286e-01 9.227806168291289302e-01 9.115175984375096796e-01 9.030021765388954735e-01 8.973915675783666890e-01 8.934712428493696290e-01 8.918035009758267240e-01 8.899408125550966053e-01 8.888549618022535403e-01 8.886715211490209265e-01 8.888143129311042445e-01 8.886870026996420702e-01 8.899311452398086519e-01 8.906272164563618920e-01 8.925607599945090120e-01 8.939010623476458806e-01 8.956702389285771115e-01 8.978783883259017218e-01 8.992375327424058096e-01 9.007887997291041948e-01 9.016159933415779371e-01 9.026143945380057376e-01 9.041500811331372178e-01 9.069024290491521922e-01 9.113124161813674906e-01 9.170367569371595806e-01 9.218546880166887947e-01 9.255058689837670771e-01 9.275897368838622592e-01 9.292537850418614020e-01 9.304724844388790883e-01 9.316685013179272223e-01 9.317488358133705351e-01 9.322872242177264734e-01 9.324430261120543184e-01 9.325630668334371487e-01 9.326637026475782521e-01 9.329022080167095332e-01 9.331236725817536604e-01 9.337203490103390680e-01 9.343514706644968637e-01 9.350710161198024784e-01 9.357816543526804587e-01 9.368728516384589033e-01 9.382591695216374594e-01 9.395157732925302208e-01 9.409272176526690679e-01 9.420412616102815662e-01 9.430801868216447392e-01
9.999974254608954283e-01 9.999454708628626731e-01 9.996542062953287511e-01 9.987380727057143526e-01 9.967305690718761824e-01 9.936905434072126342e-01 9.899625512580922937e-01 9.849580414574878873e-01 9.806433209653144800e-01 9.747199018805025039e-01 9.695930304550758327e-01 9.669122061011707903e-01 9.606307427907211371e-01 9.487173570838509651e-01 9.421816529937957485e-01 9.416998264884339775e-01 9.425655132622930976e-01 9.434425520863770620e-01 9.430881680355489571e-01 9.413143493492381886e-01 9.366514252885485003e-01 9.285114096901647684e-01 9.179412919778455748e-01 9.079113081121308326e-01 9.010925694690051779e-01 8.968574839091225659e-01 8.937152019005912829e-01 8.916916538400906367e-01 8.899825440434455670e-01 8.893240206279021676e-01 8.888611619219028981e-01 8.889050678950315421e-01 8.891688541325285522e-01 8.899089194984698414e-01 8.912823430605422148e-01 8.925707365900077406e-01 8.942698772004005203e-01 8.960919304965438981e-01 8.981567180481550006e-01 8.999956042242850396e-01 9.014386438216699382e-01 9.022161704920210745e-01 9.029860161565340659e-01 9.037326770605856874e-01 9.060555685142949178e-01 9.093241689134248240e-01 9.143990088293585394e-01 9.181253815098925353e-01 9.220976634527846549e-01 9.256039278506049683e-01 9.284245047243173676e-01 9.297022181258622897e-01 9.307489774680817174e-01 9.314918225844773803e-01 9.320687180867186505e-01 9.324254361671542313e-01 9.326358189165295798e-01 9.329465248348511874e-01 9.329005334797905169e-01 9.333242708158469014e-01 9.336021144640114233e-01 9.337026852670596844e-01 9.344773752883973605e-01 9.348423177068078127e-01 9.357266861502799848e-01 9.370719684148941520e-01 9.376473731065549932e-01 9.390905456375149285e-01 9.393580628214308614e-01 9.409592760808705991e-01
9.999830632049993007e-01 9.998399771536776726e-01 9.992386822897176835e-01 9.976545989039424800e-01 9.951708878359630805e-01 9.918647603081963693e-01 9.875864063248899205e-01 9.824102945384104446e-01 9.782408392356598537e-01 9.714705850493009498e-01 9.680525963709074588e-01 9.637406033442296183e-01 9.544749640157150772e-01 9.445419080331789452e-01 9.421873576596860866e-01 9.423549956597941923e-01 9.429538780648879515e-01 9.428779092950434482e-01 9.415502464963071416e-01 9.380926449697073455e-01 9.315754236298334767e-01 9.223418456890460915e-01 9.117563526200587187e-01 9.041935644698674279e-01 8.989178472709262735e-01 8.958285874855506092e-01 8.932380775277344309e-01 8.912861426517549868e-01 8.898106341502809435e-01 8.889615377599061619e-01 8.885588031026196987e-01 8.886154526711808055e-01 8.890402461934507894e-01 8.898164710243950948e-01 8.908261457017404572e-01 8.922544105910834578e-01 8.940013425547569392e-01 8.960923217935023999e-01 8.982352534497879404e-01 9.001015034167231255e-01 9.018156747525362116e-01 9.026762804025754150e-01 9.032879155506616797e-01 9.038156147734850432e-01 9.049497144945660709e-01 9.069981926094501379e-01 9.101486185725177203e-01 9.148908874079834108e-01 9.180272344357329750e-01 9.224161864919634413e-01 9.253002137515908831e-01 9.275170677595789837e-01 9.291187822678809161e-01 9.305329676703560926e-01 9.313468828712426761e-01 9.319333238422461418e-01 9.323332246561192305e-01 9.326806451717373214e-01 9.329482339782406708e-01 9.331547260834871516e-01 9.333390757861046438e-01 9.335292400875140340e-01 9.338166749398774114e-01 9.341666938937863707e-01 9.345384843183094370e-01 9.349947293127230941e-01 9.357028973607619537e-01 9.367097228991362323e-01 9.374213210048519818e-01 9.380636528249701733e-01
9.998791244818789892e-01 9.994723250277134374e-01 9.982644187183944418e-01 9.961309221575092021e-01 9.929925751331040162e-01 9.890475430406290291e-01 9.842840018545009340e-01 9.799501424736775101e-01 9.731618782725781625e-01 9.688710043516086667e-01 9.653910577497645251e-01 9.582028557305906080e-01 9.486150555774848225e-01 9.433819848421790555e-01 9.423570927923773377e-01 9.424894317443618386e-01 9.423618320783002655e-01 9.409972216318076565e-01 9.382702464391116104e-01 9.334867344016377633e-01 9.253949259019079721e-01 9.155060637040609572e-01 9.071331853117249322e-01 9.017986696551363313e-01 8.976225963118052986e-01 8.946217122164401570e-01 8.922777076316464884e-01 8.906296665967083914e-01 8.892045183415199228e-01 8.884446782170930534e-01 8.881540846486980501e-01 8.881743855899350004e-01 8.885854457457708078e-01 8.892881165355236428e-01 8.904928142174639571e-01 8.920151578064090536e-01 8.938562686752493658e-01 8.959409079603040116e-01 8.979263322508798106e-01 9.002345287488885406e-01 9.018895508367349434e-01 9.030091739837761144e-01 9.036820001738639085e-01 9.039457873997441828e-01 9.043948988235891440e-01 9.055267589327009592e-01 9.077306155973674517e-01 9.106101096999410505e-01 9.146495334352408024e-01 9.181286348444955836e-01 9.211615094616587562e-01 9.247040333653656630e-01 9.271050894668907416e-01 9.283222621389656259e-01 9.300063237104642111e-01 9.308203973738609083e-01 9.315791633090950707e-01 9.322097300096495731e-01 9.326342997355423492e-01 9.329916416812952251e-01 9.331910001768587426e-01 9.334076548251147853e-01 9.335958037278190291e-01 9.338543119176744289e-01 9.341122744262490007e-01 9.344258099714907173e-01 9.349475030725473701e-01 9.352774685780202990e-01 9.358898486829261287e-01 9.364691404500133931e-01
9.994022212879059008e-01 9.984123571956067256e-01 9.964974121790323158e-01 9.934764458237158591e-01 9.898324642260510897e-01 9.847764099045466235e-01 9.802602002778689760e-01 9.744116488901942708e-01 9.694212421195996798e-01 9.656902613216465925e-01 9.599348304577617341e-01 9.511192361554516861e-01 9.450276779960954388e-01 9.428607943759886867e-01 9.421522718573390742e-01 9.415510866562607495e-01 9.403152385253882306e-01 9.374541134563535438e-01 9.334544899577765786e-01 9.267654178443806012e-01 9.181560015546014197e-01 9.097235513075285773e-01 9.037384180892773511e-01 8.996040613554631138e-01 8.961862569868735973e-01 8.937578195239677115e-01 8.915202062329099508e-01 8.899568201087038055e-01 8.886764550082981717e-01 8.880106190362758722e-01 8.876625095419909961e-01 8.877502554643835753e-01 8.880326951753380049e-01 8.889413496232277945e-01 8.898120603719088528e-01 8.912086760912252270e-01 8.933370308053727449e-01 8.953446944678378205e-01 8.974581006787534232e-01 8.999425028484769884e-01 9.019850154542404796e-01 9.032856724051133712e-01 9.040468472947709166e-01 9.043328425431542694e-01 9.044569364192269756e-01 9.048574224753594963e-01 9.059450683468230903e-01 9.078531779815526281e-01 9.107429601528643781e-01 9.132884530690164038e-01 9.165816714373419272e-01 9.207089306463210887e-01 9.229092054502616715e-01 9.256783143191584795e-01 9.272692874279124808e-01 9.291551122164293242e-01 9.306018693451040269e-01 9.313624599116669955e-01 9.319147680162751524e-01 9.322920347679992670e-01 9.330173055705851537e-01 9.333433969862174884e-01 9.335690905123327221e-01 9.337734855910176934e-01 9.339671703905451094e-01 9.343221598525462968e-01 9.345336616620359971e-01 9.347189147772418938e-01 9.351294708387994925e-01 9.353924581839458963e-01
-1.000000000000000000e+00 -1.000000000000000000e+00 9.935013260546509128e-01 9.896688300656535375e-01 9.851841946523615112e-01 9.803213543825376464e-01 9.750199595059972912e-01 9.698564634494750702e-01 9.656725257702692966e-01 9.601382606217244708e-01 9.531465880837536320e-01 9.469832554396583335e-01 9.436537276152554554e-01 9.419872570692207070e-01 9.407416990053600880e-01 9.393298898425368471e-01 9.367920626642575188e-01 9.326941799832009217e-01 9.273340989544546220e-01 9.200541998024428514e-01 9.124089775016368531e-01 9.061456715892211022e-01 9.015114221544862083e-01 8.978085874115845355e-01 8.950532164136005830e-01 8.927124653494221684e-01 8.906880352612925877e-01 8.892530690301747587e-01 8.882283227716610829e-01 8.874807520301972730e-01 8.870675932466421942e-01 8.870539157573258393e-01 8.875241352824776442e-01 8.882887657495565081e-01 8.892484113303216198e-01 8.907656044084223401e-01 8.923807047977315721e-01 8.946808365155781706e-01 8.971027265417610419e-01 8.995216223145129364e-01 9.018023401136483486e-01 9.033358526256238807e-01 9.042531879830518760e-01 9.047014321211612753e-01 9.048028562815210174e-01 9.048890919933887389e-01 9.053073269416302971e-01 9.060500740671522113e-01 9.078412982549698418e-01 9.099722724610075364e-01 9.128603968567796656e-01 9.166616538035211592e-01 9.180717758542108475e-01 9.216701411087936391e-01 9.244131701798383727e-01 9.264242909746714938e-01 9.282086746842127534e-01 9.295168750524464008e-01 9.305497816705258218e-01 9.316648705619622328e-01 9.320689738127838631e-01 9.328337449612217336e-01 9.333433759895264359e-01 9.336700462678315660e-01 9.339678988910484758e-01 9.342672298999606939e-01 9.344809499262846098e-01 9.347164273507131416e-01 9.349964571763769161e-01 9.352419733863075457e-01
-1.000000000000000000e+00 -1.000000000000000000e+00 -1.000000000000000000e+00 9.848023100931296847e-01 9.800019238867785365e-01 9.748539372251899815e-01 9.695999940876740553e-01 9.652392149754648321e-01 9.601502470474707618e-01 9.541124706808897793e-01 9.484570372944896022e-01 9.444775761253801916e-01 9.418779721274332939e-01 9.399682639678403895e-01 9.381224600969996219e-01 9.357336674894244366e-01 9.322015236044964848e-01 9.267169607410166154e-01 9.205297902954562295e-01 9.140815736546776815e-01 9.077847785271067060e-01 9.032999758117903344e-01 8.995172420037556016e-01 8.964613801149570183e-01 8.940145974636930504e-01 8.918126631523985992e-01 8.899708659709704150e-01 8.886747765643726593e-01 8.875641569293793998e-01 8.868245039077744529e-01 8.865651087629351501e-01 8.866556346235174857e-01 8.869378575537754106e-01 8.876412997583840170e-01 8.884546466873632919e-01 8.897925912171101848e-01 8.915857435516245655e-01 8.935335015443430784e-01 8.961369235071870998e-01 8.989390433560570104e-01 9.012175752821653951e-01 9.031521680459996260e-01 9.044060835634081252e-01 9.050207467799117333e-01 9.051525102654279786e-01 9.051398383187062580e-01 9.052133930484607127e-01 9.055623443116136428e-01 9.059738831438374218e-01 9.072542586770293571e-01 9.093344986095925897e-01 9.113945573194174310e-01 9.143360698959155375e-01 9.169258173622727437e-01 9.195726076028204465e-01 9.219209039849943776e-01 9.248846949216509294e-01 9.264845815491455916e-01 9.284491747044913978e-01 9.295582035161477075e-01 9.308977448031964252e-01 9.320375259625843789e-01 9.326755455200710365e-01 9.332106139738942652e-01 9.336628237601155567e-01 9.342110557611860155e-01 9.344977993157427276e-01 9.347325574445757290e-01 9.350755117145447270e-01 9.352996206437165227e-01
-1.000000000000000000e+00 -1.000000000000000000e+00 -1.000000000000000000e+00 -1.000000000000000000e+00 9.740799227833114582e-01 9.688917965751803196e-01 9.641874177192900630e-01 9.595329862466903670e-01 9.540173536691983758e-01 9.489964465949133343e-01 9.449470275625083682e-01 9.414825972764521156e-01 9.391250269770372583e-01 9.366173108747177789e-01 9.336510011055692004e-01 9.304618077747283111e-01 9.258683206034474811e-01 9.206572321349434374e-01 9.148580277975948416e-01 9.096321872064255798e-01 9.048532198192414944e-01 9.012124358863953244e-01 8.979165278677708750e-01 8.951551442291191263e-01 8.928213897980735725e-01 8.909909335449077705e-01 8.893487993141255821e-01 8.879754299590371103e-01 8.870053238613313518e-01 8.862978907383132210e-01 8.859499282876454052e-01 8.859867986493265013e-01 8.861869986643096109e-01 8.868920685098918844e-01 8.876888914554866838e-01 8.888167409999601087e-01 8.906224324607151521e-01 8.928143006145777827e-01 8.952246686284487387e-01 8.978358060302569221e-01 9.003254784311929271e-01 9.027557694090473372e-01 9.041723478334244835e-01 9.050882570987730524e-01 9.054280910947508643e-01 9.054652032338068590e-01 9.053710011469739971e-01 9.053167048396240091e-01 9.054956507521323417e-01 9.060568269405040454e-01 9.070824302347543222e-01 9.084630125543836643e-01 9.101836083297354385e-01 9.128352737034252096e-01 9.150050010690310431e-01 9.180726946514359277e-01 9.205299520804739455e-01 9.231925753760237274e-01 9.251539218281603638e-01 9.271990617020966496e-01 9.287406158081458196e-01 9.301200335601998992e-01 9.310399080981779374e-01 9.323161739827825478e-01 9.330828763433857143e-01 9.337019050662894726e-01 9.342433685517335107e-01 9.345940393643419331e-01 9.349588283096730290e-01 9.353322515336360832e-01
-1.000000000000000000e+00 -1.000000000000000000e+00 -1.000000000000000000e+00 -1.000000000000000000e+00 -1.000000000000000000e+00 9.633729716892314165e-01 9.583239012567362769e-01 9.537746219193814490e-01 9.490575450088776233e-01 9.450458238363013130e-01 9.412503503098271773e-01 9.382952807185839239e-01 9.353781476807071504e-01 9.324454001680533288e-01 9.290722741331026713e-01 9.250935637430284242e-01 9.206448826846016509e-01 9.155999930867358971e-01 9.110552623785636017e-01 9.064891358064002258e-01 9.027179697340451670e-01 8.996232933475141191e-01 8.965086661926326972e-01 8.941457752840750173e-01 8.918923843298572907e-01 8.900886859060417322e-01 8.886911867130827813e-01 8.873106536565824598e-01 8.863928411710568778e-01 8.857085877533537044e-01 8.853389059915545145e-01 8.853405165011554168e-01 8.855676208340268474e-01 8.860759408233177536e-01 8.869564225000646784e-01 8.878681258537014509e-01 8.894976502837782517e-01 8.915724039847142679e-01 8.941543333320715048e-01 8.970154694773337933e-01 8.995824989305811759e-01 9.020298862337867707e-01 9.038961150122759580e-01 9.048741974852010372e-01 9.054281224335296585e-01 9.056306858041440755e-01 9.055539600281047319e-01 9.054446159340758804e-01 9.053959334408624438e-01 9.053768682524517830e-01 9.057635888168015237e-01 9.064022518925571870e-01 9.074606585658857583e-01 9.088950802247187655e-01 9.110547352476139338e-01 9.131626037957407682e-01 9.152480768631487962e-01 9.181113057695529100e-01 9.209308238588331808e-01 9.234030563647306344e-01 9.260233473260484072e-01 9.276616872381461265e-01 9.291166377570070356e-01 9.304028802990462754e-01 9.317454416163108988e-01 9.327355862067600034e-01 9.337571563839456301e-01 9.343971455987571950e-01 9.346602503315418753e-01 9.350872974034803997e-01
-1.000000000000000000e+00 -1.000000000000000000e+00 -1.000000000000000000e+00 -1.000000000000000000e+00 -1.000000000000000000e+00 -1.000000000000000000e+00 -1.000000000000000000e+00 9.487187548455222608e-01 9.444847908387066227e-01 9.408376153124693442e-01 9.371849216751844125e-01 9.341211275825663796e-01 9.311542980958223970e-01 9.277488110130547305e-01 9.243276694755613310e-01 9.203545151996319618e-01 9.159725966696292687e-01 9.118789056963445550e-01 9.074912482464255747e-01 9.040248770737286943e-01 9.007687266078733268e-01 8.979211119326976354e-01 8.953014814979786129e-01 8.930752787886900856e-01 8.910844197256002630e-01 8.894347451588378028e-01 8.879170586239850671e-01 8.867264322687238298e-01 8.858027315455531125e-01 8.851114973441860379e-01 8.848167787611798119e-01 8.846683945898622392e-01 8.847654993467262141e-01 8.851888708822025498e-01 8.859366360067468804e-01 8.870965300609152671e-01 8.884361216406915229e-01 8.904556511594410306e-01 8.926168218546906008e-01 8.955355666574822404e-01 8.982636437820268327e-01 9.009025008626720954e-01 9.030254367071650634e-01 9.043966170422567119e-01 9.050899284861988470e-01 9.055445729124202980e-01 9.056006102207897479e-01 9.055396128825339286e-01 9.053826660513921709e-01 9.053223004439838739e-01 9.052452576530196637e-01 9.054236536437767491e-01 9.057988266778146391e-01 9.066247792660552252e-01 9.077815378778270050e-01 9.094973595782688269e-01 9.114882702756287314e-01 9.136334347584067483e-01 9.164642952488932792e-01 9.191993166000080873e-01 9.215326537510480920e-01 9.237144040900671094e-01 9.257599646444021335e-01 9.277614378673245676e-01 9.295947788640577247e-01 9.306367474265746509e-01 9.319912007382676888e-01 9.332287838992778806e-01 9.339185418805151517e-01 9.347412658920353223e-01
-1.000000000000000000e+00 -1.000000000000000000e+00 -1.000000000000000000e+00 -1.000000000000000000e+00 -1.000000000000000000e+00 -1.000000000000000000e+00 -1.000000000000000000e+00 -1.000000000000000000e+00 9.398219739477037260e-01 9.365034627398268752e-01 9.330590549426032165e-01 9.298528190679864469e-01 9.264676101791694540e-01 9.234060305482353348e-01 9.198053255857917554e-01 9.158820445007892497e-01 9.127104073387259930e-01 9.084182726356451187e-01 9.051279032624746090e-01 9.019099593625403699e-01 8.989690953167589482e-01 8.964956207162155799e-01 8.942675965244837322e-01 8.921066399502817212e-01 8.901558435123647639e-01 8.886322715410208684e-01 8.872466397669519500e-01 8.860856211178512742e-01 8.851869916827722617e-01 8.845063995118525035e-01 8.840747040713740068e-01 8.839476848084405480e-01 8.840024134330634054e-01 8.844497785420675218e-01 8.850877481487032794e-01 8.861342057691592444e-01 8.872649736756333949e-01 8.889951831784768110e-01 8.914191863714593378e-01 8.942470197850258540e-01 8.970766177779574413e-01 8.997429148444046065e-01 9.019224065694767534e-01 9.035102354233344180e-01 9.046375407686189085e-01 9.051860082956649789e-01 9.053828794718756789e-01 9.053946910171662976e-01 9.053202503309143445e-01 9.051768722835707992e-01 9.050969885236951340e-01 9.049609975834592701e-01 9.049736407321201659e-01 9.051733848678533700e-01 9.057836073596999826e-01 9.070164642502911434e-01 9.080646176942955838e-01 9.097592206343947385e-01 9.112247744307087061e-01 9.139869193889992305e-01 9.167687368147520166e-01 9.193451230523368434e-01 9.214212717182739265e-01 9.238197025661537554e-01 9.264283111128587267e-01 9.280964067606303214e-01 9.297704498848476939e-01 9.312569730404669510e-01 9.326208945454249610e-01 9.336091401090677033e-01
-1.000000000000000000e+00 -1.000000000000000000e+00 -1.000000000000000000e+00 -1.000000000000000000e+00 -1.000000000000000000e+00 -1.000000000000000000e+00 -1.000000000000000000e+00 -1.000000000000000000e+00 -1.000000000000000000e+00 9.322140010122206277e-01 9.286331799409398569e-01 9.255282090118904792e-01 9.226168730649335625e-01 9.191925816153012629e-01 9.160108304998797468e-01 9.126531499506265188e-01 9.092601113936515933e-01 9.061433447235786032e-01 9.030231150705219090e-01 9.001492097850674057e-01 8.975242485648031732e-01 8.952500697772420857e-01 8.932017093646887895e-01 8.912539720943147836e-01 8.894730153761726266e-01 8.879029634294618445e-01 8.865920316088442554e-01 8.854660115823885791e-01 8.844845607063300807e-01 8.838649341841444684e-01 8.834500997694761937e-01 8.832615896722439963e-01 8.833771083877611785e-01 8.836959264163809502e-01 8.842831225414301555e-01 8.851253021683811451e-01 8.864749658929834686e-01 8.879982955676900547e-01 8.899660754136872187e-01 8.922459059984072516e-01 8.953627520668536732e-01 8.983221579445725968e-01 9.007209832692776308e-01 9.025696327530573493e-01 9.038380963346738239e-01 9.044821600021166752e-01 9.048585704245198924e-01 9.050395778807835967e-01 9.050365586912865190e-01 9.049556874682739283e-01 9.048041073463608530e-01 9.046857637106235916e-01 9.045770602539133787e-01 9.046095515045891045e-01 9.047372450522400689e-01 9.050275898326012314e-01 9.058690969556441042e-01 9.066227745167823038e-01 9.081083334879256341e-01 9.099925432974237394e-01 9.125733564835156741e-01 9.141535405076929299e-01 9.169060532306074762e-01 9.192516246486686082e-01 9.220975575058245610e-01 9.244921038849410744e-01 9.264862790652999003e-01 9.283446127724505059e-01 9.304275856377414167e-01 9.317932223027776129e-01
-1.000000000000000000e+00 -1.000000000000000000e+00 -1.000000000000000000e+00 -1.000000000000000000e+00 -1.000000000000000000e+00 -1.000000000000000000e+00 -1.000000000000000000e+00 -1.000000000000000000e+00 -1.000000000000000000e+00 -1.000000000000000000e+00 9.250383109692538186e-01 9.219407533080717920e-01 9.189202010160814060e-01 9.155774314982094708e-01 9.126308895271669774e-01 9.098549374820557034e-01 9.068110785393153073e-01 9.038481002390160723e-01 9.010053556687351861e-01 8.985278179214624128e-01 8.960294443108620666e-01 8.938746686782785833e-01 8.919806636693331514e-01 8.902251556723846937e-01 8.885768777244467120e-01 8.871240030571093671e-01 8.857587815558168876e-01 8.846605405814484957e-01 8.838236274719721841e-01 8.831533010007722728e-01 8.827115212924694365e-01 8.825327068568601385e-01 8.825736122715879262e-01 8.828413990073713524e-01 8.835060085945259933e-01 8.841449194216608465e-01 8.852386729184872349e-01 8.867458759949943259e-01 8.885640281257282114e-01 8.911338041296186230e-01 8.936852525554942472e-01 8.965745955770839659e-01 8.990681859818558941e-01 9.011473385222144028e-01 9.024569183468806877e-01 9.034788808469449428e-01 9.041052496848913655e-01 9.044507703666395670e-01 9.045723312769642366e-01 9.044912353146072892e-01 9.044586532566837311e-01 9.043083700503510292e-01 9.041623005318150108e-01 9.040168332242684013e-01 9.039866848634917629e-01 9.039856624484481351e-01 9.041904900717898652e-01 9.047490008954187646e-01 9.052971939168560356e-01 9.067406374260833513e-01 9.080172395217179782e-01 9.098761915092772323e-01 9.117342108403198031e-01 9.141115914400080866e-01 9.168189311543122333e-01 9.197131400330668116e-01 9.217662901318308677e-01 9.237243468592588602e-01 9.262267300709646767e-01 9.289236932682553016e-01
-1.000000000000000000e+00 -1.000000000000000000e+00 -1.000000000000000000e+00 -1.000000000000000000e+00 -1.000000000000000000e+00 -1.000000000000000000e+00 -1.000000000000000000e+00 -1.000000000000000000e+00 -1.000000000000000000e+00 -1.000000000000000000e+00 -1.000000000000000000e+00 9.184638798045551278e-01 9.154460909512464051e-01 9.127765018971313316e-01 9.098915098746079844e-01 9.070418586338743205e-01 9.042622998042115778e-01 9.017829832744559404e-01 8.991964635184608312e-01 8.969098933589548794e-01 8.945585026965385822e-01 8.927420017737269786e-01 8.908738856647147042e-01 8.892725248255818338e-01 8.876179863073527798e-01 8.862378228402553182e-01 8.850538864210057977e-01 8.839104331215735799e-01 8.830566798023342656e-01 8.824523435507769520e-01 8.820689765604737831e-01 8.818083372367663264e-01 8.818381389051065389e-01 8.821007022437122869e-01 8.824811325117418725e-01 8.832879419416195255e-01 8.842431116789744028e-01 8.854773237888566850e-01 8.873902989326768465e-01 8.895358564185382733e-01 8.920050460664561420e-01 8.948022745338326533e-01 8.973694580194931936e-01 8.995618006716910031e-01 9.010977910608863883e-01 9.022355667363535225e-01 9.030030533441901763e-01 9.034507935532034573e-01 9.036965396476832613e-01 9.037756902998470565e-01 9.038090844723237760e-01 9.037909172285355508e-01 9.036586787806708543e-01 9.035057517990765508e-01 9.034118449048063049e-01 9.033739581025344023e-01 9.033333490611549221e-01 9.035334878908569678e-01 9.036997503943684507e-01 9.044107030120698276e-01 9.053257590748842176e-01 9.060853919589141325e-01 9.075901629867614284e-01 9.102142340799893594e-01 9.120514920297525530e-01 9.147704815007843271e-01 9.172199317221496617e-01 9.191253365025863209e-01 9.221635878126532848e-01 9.246511080162685969e-01
-1.000000000000000000e+00 -1.000000000000000000e+00 -1.000000000000000000e+00 -1.000000000000000000e+00 -1.000000000000000000e+00 -1.000000000000000000e+00 -1.000000000000000000e+00 -1.000000000000000000e+00 -1.000000000000000000e+00 -1.000000000000000000e+00 -1.000000000000000000e+00 -1.000000000000000000e+00 -1.000000000000000000e+00 9.096540458226098913e-01 9.070295593772444986e-01 9.044302978984977148e-01 9.019821215710233098e-01 8.998330756569290489e-01 8.973609960169730559e-01 8.953678109363946147e-01 8.932438596602927383e-01 8.914680439576047055e-01 8.897103307622505897e-01 8.880450379500453018e-01 8.866583645336193475e-01 8.853027387446363861e-01 8.841770122849615943e-01 8.831007823433421056e-01 8.823324391958264901e-01 8.817080200965964343e-01 8.812697865103633621e-01 8.810147297606328864e-01 8.810316840563698904e-01 8.812177241080579870e-01 8.817094362384204631e-01 8.823287348513377815e-01 8.831826080253628586e-01 8.845753314208110174e-01 8.861528541478224108e-01 8.880539242921662302e-01 8.902910991942751817e-01 8.929373161996101427e-01 8.955403184353286639e-01 8.978072120978435322e-01 8.995131421181390419e-01 9.006340320037388159e-01 9.016464939681714252e-01 9.022219580763231050e-01 9.025947817758944725e-01 9.029282805096539022e-01 9.028801628480850328e-01 9.029174131641425349e-01 9.029075432621829211e-01 9.028482310248644449e-01 9.027468462878536215e-01 9.026097867518444451e-01 9.025525612930519470e-01 9.025242921614552438e-01 9.025082107646739127e-01 9.028243973598737426e-01 9.031599975778175082e-01 9.038825915556969459e-01 9.051709199560427077e-01 9.065156899604142060e-01 9.079362246682739501e-01 9.097115466520805382e-01 9.122688094209974174e-01 9.136245997979103306e-01 9.169373060170222800e-01 9.193084418283796744e-01
-1.000000000000000000e+00 -1.000000000000000000e+00 -1.000000000000000000e+00 -1.000000000000000000e+00 -1.000000000000000000e+00 -1.000000000000000000e+00 -1.000000000000000000e+00 -1.000000000000000000e+00 -1.000000000000000000e+00 -1.000000000000000000e+00 -1.000000000000000000e+00 -1.000000000000000000e+00 -1.000000000000000000e+00 -1.000000000000000000e+00 9.042635178479069280e-01 9.020167418457207820e-01 8.999897023875614854e-01 8.976338260197267438e-01 8.956568415898444879e-01 8.936292167424537691e-01 8.918711192822860179e-01 8.901642248730408102e-01 8.884865841428206679e-01 8.869854094765301511e-01 8.856380403226463693e-01 8.843646700326039944e-01 8.832853596655084738e-01 8.822799787112715064e-01 8.815137067022246198e-01 8.808281812187437332e-01 8.804947016518147596e-01 8.802662051638796559e-01 8.803199316204185498e-01 8.804051917873412236e-01 8.807956700101056136e-01 8.814803397665589291e-01 8.823310491499855024e-01 8.833754345149135156e-01 8.849298816212654017e-01 8.867015373045287197e-01 8.888724425888576697e-01 8.914213825637736788e-01 8.936658026726863602e-01 8.960220553353487327e-01 8.975696247271636175e-01 8.991114409435759791e-01 9.000603296111638896e-01 9.008454886603816103e-01 9.012662978153451743e-01 9.016981286312688582e-01 9.018567406759725458e-01 9.019522164910577233e-01 9.020041435220679249e-01 9.019205904404173912e-01 9.018606294650061139e-01 9.018081176138358357e-01 9.017267577868327555e-01 9.016319194059877473e-01 9.016560661825494538e-01 9.016760306164318672e-01 9.018113685097339793e-01 9.021817317724794005e-01 9.027569924666333234e-01 9.033154087167796220e-01 9.045329300908919734e-01 9.061374612624868430e-01 9.076786918790602510e-01 9.096323098663096074e-01 9.123817754778523748e-01 9.143130647125480293e-01
-1.000000000000000000e+00 -1.000000000000000000e+00 -1.000000000000000000e+00 -1.000000000000000000e+00 -1.000000000000000000e+00 -1.000000000000000000e+00 -1.000000000000000000e+00 -1.000000000000000000e+00 -1.000000000000000000e+00 -1.000000000000000000e+00 -1.000000000000000000e+00 -1.000000000000000000e+00 -1.000000000000000000e+00 -1.000000000000000000e+00 -1.000000000000000000e+00 8.995559164969839649e-01 8.976063847898266834e-01 8.957972826110696118e-01 8.937028978384163880e-01 8.919633807884730370e-01 8.903222415801000933e-01 8.887237143410919860e-01 8.872630223872137734e-01 8.858642070685956993e-01 8.846021265334945705e-01 8.834522238082267442e-01 8.823226867233460169e-01 8.813870935615045754e-01 8.806503556187400550e-01 8.800835917697658051e-01 8.796862939023508687e-01 8.794659451591847477e-01 8.794688558076232399e-01 8.796187747250041600e-01 8.800189341236287488e-01 8.805735838711196140e-01 8.813390495070398956e-01 8.823981767574894386e-01 8.837968638703902480e-01 8.854859164119343040e-01 8.876568447558710329e-01 8.898176940576235650e-01 8.920035707590124874e-01 8.941632623596708074e-01 8.957699631012124852e-01 8.972859081832507133e-01 8.986269443457086670e-01 8.991564146570313332e-01 8.997831754268674764e-01 9.002134520412392593e-01 9.003547887635813263e-01 9.006836331464826984e-01 9.007482011089389395e-01 9.008667283832625383e-01 9.008924835853348023e-01 9.008602814895098065e-01 9.007760772013078121e-01 9.007582847266305537e-01 9.006529420812054987e-01 9.007182401959222817e-01 9.007602250420526646e-01 9.008056771113386318e-01 9.012067701333088543e-01 9.015072830559426320e-01 9.024668769943094970e-01 9.035006719836460309e-01 9.048543087343157154e-01 9.065814839194695773e-01 9.080892515740972559e-01 9.101810230260978241e-01
-1.000000000000000000e+00 -1.000000000000000000e+00 -1.000000000000000000e+00 -1.000000000000000000e+00 -1.000000000000000000e+00 -1.000000000000000000e+00 -1.000000000000000000e+00 -1.000000000000000000e+00 -1.000000000000000000e+00 -1.000000000000000000e+00 -1.000000000000000000e+00 -1.000000000000000000e+00 -1.000000000000000000e+00 -1.000000000000000000e+00 -1.000000000000000000e+00 -1.000000000000000000e+00 8.954512569959994783e-01 8.937710247121957163e-01 8.920230196259492095e-01 8.903190695120832832e-01 8.887923397259267499e-01 8.873540466790643677e-01 8.859693129918265742e-01 8.846173964860977179e-01 8.833738458195783405e-01 8.823547141167574770e-01 8.813253151709071753e-01 8.804381303539784431e-01 8.797493023692212200e-01 8.791831451294884747e-01 8.788355337108646470e-01 8.786658588893713207e-01 8.786958228294846629e-01 8.788441996915427046e-01 8.792155746640629710e-01 8.797364965709844054e-01 8.806059899640769073e-01 8.815381935049022566e-01 8.827488901877128535e-01 8.844042250581124476e-01 8.860752108948255490e-01 8.881676462793910432e-01 8.902895642294988976e-01 8.924122108347132265e-01 8.941507047802291774e-01 8.955992137222250626e-01 8.969624188949076871e-01 8.976015221431713487e-01 8.983104747270230783e-01 8.986720186810605027e-01 8.991171724666090492e-01 8.993222816300182609e-01 8.994754715948798385e-01 8.996872903669289601e-01 8.997067842001721383e-01 8.996562912984629179e-01 8.997635885794158517e-01 8.997697497709020720e-01 8.996389507677535757e-01 8.995412333896977142e-01 8.996245210401583314e-01 8.996154921187489162e-01 8.997587651396801167e-01 9.001937495942131662e-01 9.005304270324837601e-01 9.013972225471976740e-01 9.019975887293373296e-01 9.034565469223870826e-01 9.052210970258701694e-01 9.063656922001481764e-01
-1.000000000000000000e+00 -1.000000000000000000e+00 -1.000000000000000000e+00 -1.000000000000000000e+00 -1.000000000000000000e+00 -1.000000000000000000e+00 -1.000000000000000000e+00 -1.000000000000000000e+00 -1.000000000000000000e+00 -1.000000000000000000e+00 -1.000000000000000000e+00 -1.000000000000000000e+00 -1.000000000000000000e+00 -1.000000000000000000e+00 -1.000000000000000000e+00 -1.000000000000000000e+00 -1.000000000000000000e+00 8.917171674260986336e-01 8.902498523945258091e-01 8.886331566192758880e-01 8.872736925303037481e-01 8.860498844349278258e-01 8.846528497459275053e-01 8.834240091100199477e-01 8.823353547784710260e-01 8.813074455287819298e-01 8.803042050578041566e-01 8.794940417581217362e-01 8.788254350133204440e-01 8.783584882566120022e-01 8.780226074623916910e-01 8.778296572030724887e-01 8.778556386262955646e-01 8.780622353402890434e-01 8.783785426667581886e-01 8.788872713403452774e-01 8.796797672124883061e-01 8.806489066127035636e-01 8.818823596749041371e-01 8.833108942748396641e-01 8.850555566191046220e-01 8.871213846949612680e-01 8.892051948395788274e-01 8.909460781327021017e-01 8.925213416122729226e-01 8.941011902298345859e-01 8.951656177435800554e-01 8.959355483051428815e-01 8.967098431423942140e-01 8.972441508507472685e-01 8.975734765441838459e-01 8.978941419570497517e-01 8.980403367079772270e-01 8.982971659976145551e-01 8.984060688705975961e-01 8.985243625472550955e-01 8.985159950995416089e-01 8.985220805086692186e-01 8.985098125382855461e-01 8.984813548229392266e-01 8.985476272595549485e-01 8.985370845908858817e-01 8.987127097596790959e-01 8.988240262480888809e-01 8.991727835711370576e-01 8.996397710720877017e-01 9.006949953450683610e-01 9.008089902876520449e-01 9.035982857693938275e-01 9.044281661622638469e-01
-1.000000000000000000e+00 -1.000000000000000000e+00 -1.000000000000000000e+00 -1.000000000000000000e+00 -1.000000000000000000e+00 -1.000000000000000000e+00 -1.000000000000000000e+00 -1.000000000000000000e+00 -1.000000000000000000e+00 -1.000000000000000000e+00 -1.000000000000000000e+00 -1.000000000000000000e+00 -1.000000000000000000e+00 -1.000000000000000000e+00 -1.000000000000000000e+00 -1.000000000000000000e+00 -1.000000000000000000e+00 -1.000000000000000000e+00 -1.000000000000000000e+00 8.872243559988125527e-01 8.858542804001795501e-01 8.845839069921375142e-01 8.833619818696519799e-01 8.822969847919867048e-01 8.811788669509358352e-01 8.801747444173498858e-01 8.792727950120429181e-01 8.784960234569992865e-01 8.779369801983321064e-01 8.774374829978827117e-01 8.771525007286755660e-01 8.770260592190185500e-01 8.770824015015419306e-01 8.772959687732451162e-01 8.776660242947674773e-01 8.781861773883820055e-01 8.789109221161676144e-01 8.799107681976102713e-01 8.811058128651694243e-01 8.823332538538384284e-01 8.841150865190924302e-01 8.856978150368466363e-01 8.876734264382968309e-01 8.895557671923870480e-01 8.911205127834783690e-01 8.924790005644566149e-01 8.934936675062108424e-01 8.942628914265777773e-01 8.950295798492301502e-01 8.956985497686309472e-01 8.959659121432749229e-01 8.965174640445328080e-01 8.966710677782684380e-01 8.970390962646466182e-01 8.971421647979317404e-01 8.971949715485678656e-01 8.972347524035387822e-01 8.973435153471268633e-01 8.973387675247702644e-01 8.973155289870943241e-01 8.973685657404921745e-01 8.975360301846838640e-01 8.975534990193821949e-01 8.978152194856456880e-01 8.980028410612951317e-01 8.981915456087855576e-01 8.987305328390720049e-01 8.998224354746406917e-01 9.006647304788040209e-01 9.017965767903048935e-01
-1.000000000000000000e+00 -1.000000000000000000e+00 -1.000000000000000000e+00 -1.000000000000000000e+00 -1.000000000000000000e+00 -1.000000000000000000e+00 -1.000000000000000000e+00 -1.000000000000000000e+00 -1.000000000000000000e+00 -1.000000000000000000e+00 -1.000000000000000000e+00 -1.000000000000000000e+00 -1.000000000000000000e+00 -1.000000000000000000e+00 -1.000000000000000000e+00 -1.000000000000000000e+00 -1.000000000000000000e+00 -1.000000000000000000e+00 -1.000000000000000000e+00 -1.000000000000000000e+00 8.844188394488521343e-01 8.832457895085159549e-01 8.821874728064071913e-01 8.811307396007456161e-01 8.801558422748704258e-01 8.791387023084648034e-01 8.783454022640766468e-01 8.776003120417780190e-01 8.770141930351358361e-01 8.766039265764999922e-01 8.763547805532279078e-01 8.762635455851223165e-01 8.763544414855665154e-01 8.765294049072100968e-01 8.769673240107462853e-01 8.775499645481514843e-01 8.782078059402882442e-01 8.791343479674295081e-01 8.801989346915974899e-01 8.816285223831848983e-01 8.830353033734134049e-01 8.847486068958060335e-01 8.866256511301138232e-01 8.882537700883850196e-01 8.897786514177024042e-01 8.909625037523996038e-01 8.920343212961160395e-01 8.928544149859347634e-01 8.934490376407173695e-01 8.943236600210843212e-01 8.946194330554199103e-01 8.949583427105347599e-01 8.953050982027644933e-01 8.956447723885898604e-01 8.957521192733232107e-01 8.959275524234876498e-01 8.959311534565796986e-01 8.961243433681091997e-01 8.961556698490323880e-01 8.962264641187038805e-01 8.963106071463814439e-01 8.962778315827664155e-01 8.963513525507280644e-01 8.965898456100066527e-01 8.967888568674372562e-01 8.973081920273360268e-01 8.977440100782336785e-01 8.984542677915077213e-01 8.993307116786599664e-01 9.003039233236046490e-01
-1.000000000000000000e+00 -1.000000000000000000e+00 -1.000000000000000000e+00 -1.000000000000000000e+00 -1.000000000000000000e+00 -1.000000000000000000e+00 -1.000000000000000000e+00 -1.000000000000000000e+00 -1.000000000000000000e+00 -1.000000000000000000e+00 -1.000000000000000000e+00 -1.000000000000000000e+00 -1.000000000000000000e+00 -1.000000000000000000e+00 -1.000000000000000000e+00 -1.000000000000000000e+00 -1.000000000000000000e+00 -1.000000000000000000e+00 -1.000000000000000000e+00 -1.000000000000000000e+00 -1.000000000000000000e+00 8.820196230075387778e-01 8.808844204799008981e-01 8.799336735239616791e-01 8.789807734916630366e-01 8.781074043708895216e-01 8.773308727263033902e-01 8.766749689000433721e-01 8.761887724818417933e-01 8.757867076633482073e-01 8.755683303512680205e-01 8.754820139489145614e-01 8.755620110369671805e-01 8.758545959637689116e-01 8.762309405787860328e-01 8.768487136165671325e-01 8.776053155516702065e-01 8.785320677406882606e-01 8.796288815592190335e-01 8.808138522970169193e-01 8.823938836249352047e-01 8.840467342131501649e-01 8.855048243058879498e-01 8.872155293883736693e-01 8.884660565687289013e-01 8.897109095512072408e-01 8.908160480523672486e-01 8.915108965620086590e-01 8.922696492477049102e-01 8.927932204016018058e-01 8.934210606900780949e-01 8.936638066779808431e-01 8.940368149307071910e-01 8.942073255285502009e-01 8.944145163029874057e-01 8.946702078226770327e-01 8.947914599030331040e-01 8.949245648538940445e-01 8.950478908306886972e-01 8.951226288431386457e-01 8.951327348510503823e-01 8.951863206957191288e-01 8.953828069694650393e-01 8.954989700884399273e-01 8.956736651769190427e-01 8.961734530127408727e-01 8.965548664649279909e-01 8.975360650830930265e-01 8.985144738505451700e-01 8.995077535041121619e-01
-1.000000000000000000e+00 -1.000000000000000000e+00 -1.000000000000000000e+00 -1.000000000000000000e+00 -1.000000000000000000e+00 -1.000000000000000000e+00 -1.000000000000000000e+00 -1.000000000000000000e+00 -1.000000000000000000e+00 -1.000000000000000000e+00 -1.000000000000000000e+00 -1.000000000000000000e+00 -1.000000000000000000e+00 -1.000000000000000000e+00 -1.000000000000000000e+00 -1.000000000000000000e+00 -1.000000000000000000e+00 -1.000000000000000000e+00 -1.000000000000000000e+00 -1.000000000000000000e+00 -1.000000000000000000e+00 -1.000000000000000000e+00 8.796986626743800164e-01 8.788256074090493586e-01 8.779167031779455677e-01 8.771511271163799917e-01 8.764146488686418435e-01 8.757926101754996973e-01 8.753123434269439729e-01 8.749536314989497798e-01 8.747649971548407954e-01 8.747655429378881076e-01 8.749291550626007163e-01 8.752473975099218650e-01 8.756282005712419103e-01 8.762628829079112114e-01 8.769401183408480627e-01 8.779927723695430952e-01 8.790907925982077709e-01 8.801185713441688208e-01 8.816948530549623131e-01 8.832392681789522637e-01 8.847697987349215643e-01 8.861270692276311811e-01 8.874679225828272511e-01 8.886694221491006074e-01 8.895170689467294389e-01 8.903711558891488353e-01 8.910663588212306419e-01 8.915451985174199789e-01 8.919420990402132654e-01 8.923826170605719810e-01 8.927036620058098615e-01 8.929984601681308920e-01 8.932038486786043618e-01 8.934226661433677386e-01 8.936722514088240032e-01 8.937670704593291271e-01 8.939116296828415464e-01 8.940407553799789575e-01 8.941476501119726139e-01 8.942194974493938853e-01 8.944035365771931811e-01 8.945850353097634100e-01 8.951487536027481484e-01 8.953258114157984782e-01 8.958247782000943182e-01 8.968770936070512567e-01 8.980001185671468988e-01 8.994161336146562213e-01
-1.000000000000000000e+00 -1.000000000000000000e+00 -1.000000000000000000e+00 -1.000000000000000000e+00 -1.000000000000000000e+00 -1.000000000000000000e+00 -1.000000000000000000e+00 -1.000000000000000000e+00 -1.000000000000000000e+00 -1.000000000000000000e+00 -1.000000000000000000e+00 -1.000000000000000000e+00 -1.000000000000000000e+00 -1.000000000000000000e+00 -1.000000000000000000e+00 -1.000000000000000000e+00 -1.000000000000000000e+00 -1.000000000000000000e+00 -1.000000000000000000e+00 -1.000000000000000000e+00 -1.000000000000000000e+00 -1.000000000000000000e+00 -1.000000000000000000e+00 8.777356608101251068e-01 8.769393576366169007e-01 8.762042696449939827e-01 8.755437184190728583e-01 8.748959178756307020e-01 8.744951185984272124e-01 8.742172145942993522e-01 8.740747968892254027e-01 8.740944213537568119e-01 8.742952458542996297e-01 8.746191483202709893e-01 8.751191001958404936e-01 8.757447547083181405e-01 8.765670777121631341e-01 8.775353952936222335e-01 8.785793412836477856e-01 8.798127495920394781e-01 8.811603862931779441e-01 8.824642223206000669e-01 8.841244053262395930e-01 8.853911786353919622e-01 8.867112452665395494e-01 8.877262640409950833e-01 8.886185946933092827e-01 8.893140301464734776e-01 8.898517140441327689e-01 8.904538467822525893e-01 8.909632615249175602e-01 8.913193104299215186e-01 8.916057870797056140e-01 8.919700281248875706e-01 8.922056744403741302e-01 8.923107795421053590e-01 8.925695542168432528e-01 8.926962706311231122e-01 8.928723882273786883e-01 8.929965391573175815e-01 8.931985535657228636e-01 8.933275918617679112e-01 8.936626571256826024e-01 8.939737704541005359e-01 8.942655921136779540e-01 8.947743696363382737e-01 8.958532376421410870e-01 8.968003687871687335e-01 8.980956012005711919e-01 8.995499291315145474e-01
-1.000000000000000000e+00 -1.000000000000000000e+00 -1.000000000000000000e+00 -1.000000000000000000e+00 -1.000000000000000000e+00 -1.000000000000000000e+00 -1.000000000000000000e+00 -1.000000000000000000e+00 -1.000000000000000000e+00 -1.000000000000000000e+00 -1.000000000000000000e+00 -1.000000000000000000e+00 -1.000000000000000000e+00 -1.000000000000000000e+00 -1.000000000000000000e+00 -1.000000000000000000e+00 -1.000000000000000000e+00 -1.000000000000000000e+00 -1.000000000000000000e+00 -1.000000000000000000e+00 -1.000000000000000000e+00 -1.000000000000000000e+00 -1.000000000000000000e+00 -1.000000000000000000e+00 -1.000000000000000000e+00 8.752963504431449104e-01 8.747162551497436045e-01 8.741932761063055946e-01 8.738062049411519094e-01 8.735447098465111138e-01 8.734511199223377043e-01 8.735723690576654432e-01 8.737806620110109002e-01 8.741819973409628020e-01 8.747140763684926323e-01 8.753656544133998629e-01 8.762258336496796529e-01 8.772019780391254740e-01 8.782783344282963922e-01 8.795092973944240722e-01 8.807543108963156175e-01 8.821113326610910965e-01 8.835939368109410053e-01 8.847703266102179276e-01 8.859512989665515592e-01 8.870322015670681903e-01 8.877766025932491978e-01 8.884418776939304596e-01 8.890373367099423385e-01 8.895988040575857347e-01 8.899723208239761485e-01 8.903563121807005487e-01 8.906140844364303089e-01 8.909663758003261158e-01 8.911691497682772134e-01 8.915297348088440099e-01 8.916853925067337316e-01 8.919252747006867210e-01 8.920613911111704430e-01 8.922816992722230056e-01 8.925882456821343514e-01 8.929709526290543486e-01 8.931790151185077242e-01 8.935961144474483531e-01 8.943170797321440268e-01 8.952394459257171366e-01 8.964675966317724454e-01 8.983005546175190092e-01 8.991341345783596672e-01 9.024781380280142429e-01
-1.000000000000000000e+00 -1.000000000000000000e+00 -1.000000000000000000e+00 -1.000000000000000000e+00 -1.000000000000000000e+00 -1.000000000000000000e+00 -1.000000000000000000e+00 -1.000000000000000000e+00 -1.000000000000000000e+00 -1.000000000000000000e+00 -1.000000000000000000e+00 -1.000000000000000000e+00 -1.000000000000000000e+00 -1.000000000000000000e+00 -1.000000000000000000e+00 -1.000000000000000000e+00 -1.000000000000000000e+00 -1.000000000000000000e+00 -1.000000000000000000e+00 -1.000000000000000000e+00 -1.000000000000000000e+00 -1.000000000000000000e+00 -1.000000000000000000e+00 -1.000000000000000000e+00 -1.000000000000000000e+00 -1.000000000000000000e+00 8.739467428037175356e-01 8.734814926822607184e-01 8.731358930799163476e-01 8.729574249901965732e-01 8.729361512887799934e-01 8.730845735742555069e-01 8.734141898239942137e-01 8.737974641085463068e-01 8.743988438086436332e-01 8.750874012622364972e-01 8.760090069055469497e-01 8.770663186825506941e-01 8.781628621961248271e-01 8.793769280870041838e-01 8.806316210228106733e-01 8.819537955286644859e-01 8.832868903080075551e-01 8.843790956695206651e-01 8.855111077864619151e-01 8.864098381037825991e-01 8.871505026153619911e-01 8.878910148126352153e-01 8.883788040011478815e-01 8.889684039424048390e-01 8.893120584932971973e-01 8.896445698518640199e-01 8.900128550602256494e-01 8.903466465076607106e-01 8.906522384914861146e-01 8.908979177569193997e-01 8.912383161074862725e-01 8.914406026577010866e-01 8.915983434877036151e-01 8.920192677639663392e-01 8.923213171402769595e-01 8.927741824148042182e-01 8.933776238398016822e-01 8.941088204135703155e-01 8.952717366064496529e-01 8.963808694606287819e-01 8.991461446381679989e-01 9.013012066483734319e-01 9.048642919400839979e-01 9.075427188256752764e-01
