1.526881118583562503e-311 1.944398076439209642e-271 2.547824811112621590e-239 5.948231841507135991e-211 5.547767497131786676e-188 7.299578551721298831e-166 1.094394513586668173e-146 2.302134027686712270e-132 1.558771511247248363e-116 1.238648315617792378e-103 1.705160361472204234e-92 1.687823862251901300e-83 3.247454302885138500e-74 9.544367246840139278e-66 1.843022149926005389e-58 5.453850184969062614e-52 1.048894904779771223e-44 1.020894849891701952e-38 5.083638261181327034e-34 1.292977600855034549e-29 2.121594864720388928e-25 6.865782061548388604e-22 8.775426757969880950e-19 3.233910153640926665e-16 7.796804346130074021e-14 6.156234088997412437e-12 3.776017589500039704e-10 1.076524547849805998e-08 2.126766730949346826e-07 1.042560628436714611e-06 4.408072020467536697e-06 1.619253286680125164e-05 2.394946249240945561e-05 3.255767128046665841e-05 4.170367452102618220e-05 4.051522390557532198e-05 3.103794553679701965e-05 1.951120807684788647e-05 6.906259624556089328e-06 1.447951856325459494e-06 1.570105072888390164e-07 1.015962343390023423e-08 5.920107142083061453e-10 2.711527345559995399e-11 1.474933836529943173e-12 3.667547269744552104e-13 2.567493992749215267e-15 1.199080714657343890e-16 7.074825001937427385e-18 4.718365761265594154e-19 8.522965705463453870e-20 4.834868250838812018e-21 3.837677844827348069e-22 7.661518375018272442e-23 3.525103159479251748e-23 2.491603587770370373e-24 8.501659985932104003e-25 3.348357496974431250e-26 3.847777474702222380e-27 2.284987524776789423e-28 3.336467442719839158e-29 1.032996272238360344e-29 2.951970173650467523e-30 7.685160216351177647e-31 1.074000854037760276e-31 8.369603956173392659e-32 3.488715000118965331e-33 4.746171062077947673e-33 2.504816629843387916e-34 4.653119679551092482e-35
8.493136775551356878e-302 3.518163279749586192e-271 4.571836386055203686e-239 1.029326499194038245e-209 1.418254627787302895e-182 4.061220584873798064e-163 1.826485536355398515e-144 4.041831704966164741e-129 1.992137545892488335e-117 5.743694923612337866e-103 4.292315265752808191e-94 6.618850007403264409e-82 3.365059506220775600e-73 1.610570920229121703e-65 7.717039041606996291e-58 2.860435120004459341e-51 5.410728653795686659e-44 6.645238921486886713e-38 8.430537703232311174e-34 5.794191781151308850e-29 4.182361599884984812e-25 2.597538979001699723e-21 2.595685053327095405e-18 5.408155690287471456e-16 1.611162676085354014e-13 2.681932466170632821e-11 1.141006924778251101e-09 3.327203593414756908e-08 2.479557176713666051e-07 1.841386288226198542e-06 7.940233473489976792e-06 1.710683646844178527e-05 2.881446556895534181e-05 4.930160637276818068e-05 4.692378078785138358e-05 5.671811699946749559e-05 3.755634050363379744e-05 2.436801483214053198e-05 5.198578214304992464e-06 1.679475945553386380e-06 2.657772290934936389e-07 1.183267662401889502e-08 5.867321692948630713e-09 5.257379652926120721e-11 2.242567166895270818e-12 1.277670366107614052e-13 4.504060168932175825e-15 3.628582215901058109e-16 4.990848603238997834e-17 1.189351264089488830e-18 1.074918302427484491e-19 6.208871311060058854e-21 9.314927867329853568e-21 1.945992674947697337e-22 1.359532855334559362e-22 1.899874368610204792e-24 1.839213613917044530e-24 1.021271320377848803e-25 2.625006465084151706e-27 3.882837096933567537e-27 6.660262446058814013e-28 7.945076871275355951e-29 3.581594464526572167e-30 1.736235301969059714e-30 1.398453320645502223e-31 2.704919408947225335e-32 2.183181199785475225e-31 4.799796355251724141e-34 1.657440647629069370e-33 6.066284398706464665e-34
3.779845683425673753e-307 6.913337834095176459e-269 1.211509962077212447e-233 3.033789171206765151e-206 5.435005910827115408e-186 5.198322302972604405e-165 7.834215871880108640e-145 7.430067360873434877e-131 4.696104678445530009e-116 2.660595715997829748e-102 3.944012789929674340e-91 3.237546787554008969e-80 9.847444522065333431e-73 1.550692988433559748e-63 8.359714846052362665e-58 8.374911530154782679e-49 1.959247105785923961e-43 2.553472483132463111e-37 8.879552024230529359e-33 9.574149774943022268e-29 3.729846457994952427e-25 2.107355180255600898e-21 5.214378013179211521e-18 1.097338313457829889e-15 2.969847202244885294e-13 5.786622653447350075e-11 1.995953020647565922e-09 3.098852450754703979e-08 3.846754136521582587e-07 2.851165827723643259e-06 9.336580018388138279e-06 2.707582648086406037e-05 4.553376688235344323e-05 6.269259050859830678e-05 6.539011254806939772e-05 6.332263824514236647e-05 5.338895847640473487e-05 2.755515413471214454e-05 7.866503764531836403e-06 4.151628776572400699e-06 3.120837956530593067e-07 2.237585648465571054e-08 3.567191111181030845e-09 1.119776604872553189e-10 4.863386925422700786e-12 4.318464295053877179e-13 1.499966706367237389e-14 5.683781376781200773e-16 3.910993418868475618e-17 2.625219527186044043e-18 3.792359775402787884e-19 2.958758877693811431e-20 4.338424523798550246e-21 3.582760814883595585e-22 1.396355472422099994e-23 8.579632181703475994e-24 1.749631527189011110e-24 3.727621418332242666e-25 1.684626556473426960e-25 4.755581335700601663e-27 3.934126526022811223e-27 2.541642575090680413e-28 1.001533169362896516e-29 1.028815929088239317e-29 7.016283503962680839e-31 6.083954513013074167e-32 7.363737550255840703e-32 1.088753180099415513e-32 8.339844831717416344e-34 4.250951891511287178e-34
1.377922653890159183e-306 3.522995657809166548e-276 2.370746096231307506e-235 1.291029095451271000e-207 4.769161937718727899e-181 1.587803407124774956e-161 1.268851292460907947e-145 2.967951182105116802e-127 5.513082172758598252e-114 3.509736029305080821e-102 1.189769097738988175e-90 7.912358955407532266e-80 6.426158073309237578e-72 6.123140213470425734e-64 1.724871492236748036e-56 4.333536566585359771e-50 3.375728123054960471e-43 5.767706129260325393e-37 1.309523798955404080e-32 7.196712959096289010e-28 2.021825949801318360e-24 8.534069015391904810e-21 6.182016873026330070e-18 2.211412302818289356e-15 5.778297161187801857e-13 5.239740758192683791e-11 2.674596907433907001e-09 3.911534956580804151e-08 5.134614727309508267e-07 2.981881617556918981e-06 1.523217817993763940e-05 2.992308354199440585e-05 6.168395454257909248e-05 7.416187343820274255e-05 7.845013166835694530e-05 8.442993799579773413e-05 5.918849458295565486e-05 2.115183100995838455e-05 9.923633374014300768e-06 2.526934281114960636e-06 5.760036454471997895e-07 5.714857779644246046e-08 8.095386144058186829e-09 5.757317151654622045e-10 9.347192696039831036e-12 2.790902287267227075e-13 4.840707413339838789e-14 1.511093465354980933e-15 5.186970408495493483e-17 7.992434214009472061e-18 3.689747413187771484e-19 5.839414880740838573e-20 4.316219944959524009e-21 2.806559837999755459e-22 1.491870184674855318e-21 1.521721111388770636e-22 1.901173048092439543e-24 4.009777256074422051e-25 1.599129007063022419e-25 3.185602379418994591e-27 1.379823450398394608e-27 1.143348365902576100e-27 3.389838155585968367e-29 1.942341650466108947e-29 5.805642000229174421e-30 4.210302152762288785e-31 1.574757842600940962e-31 2.759277163491394389e-32 1.052929994991088739e-32 3.226095737607615835e-34
4.081205510272171778e-311 2.507104653686925166e-268 2.633361039996095908e-229 2.306986363203297874e-208 3.230273955092715369e-181 1.472431719923358057e-164 1.298731680175782053e-141 2.420050163533125758e-125 6.322223860974319075e-113 6.355044729369559002e-100 2.721239572228629937e-90 1.407279463613242087e-80 3.814548789089597475e-72 8.347460630189636125e-64 8.531878843358651672e-56 5.358680878846976249e-48 5.509396774219144984e-42 1.493697471234397909e-36 4.073302681066541601e-32 3.756734354550811088e-28 4.220818234153549676e-24 3.580988222087510205e-20 1.231240413709255645e-17 1.011714186818736233e-14 1.243006624951738416e-12 8.998851239598413990e-11 5.126361675584319334e-09 7.954985082223594469e-08 1.081532262377248434e-06 4.415626282001871904e-06 1.932071930278902164e-05 4.266575543506017498e-05 7.873091816071336622e-05 8.398522538769097648e-05 1.182058380305551446e-04 1.131633707980289871e-04 7.573751094710288860e-05 3.704426475757871442e-05 1.880149618159013370e-05 5.431527728730424677e-06 1.114982401961289774e-06 8.071192439984451396e-08 9.895379147487198535e-09 5.466372703584883157e-10 2.110855325995380239e-11 1.299706622232213879e-12 8.861460974547596369e-14 4.285149949042232767e-15 2.004259698359486791e-16 1.499424946830573475e-17 8.274605315945806322e-19 1.336537113468613821e-19 1.327942742651800125e-20 7.050757695033835312e-21 8.094557643338774603e-22 9.402139855760771829e-23 9.169717904184185915e-24 2.718617563722070800e-24 9.331205187487254559e-26 5.840921121799583089e-26 4.141979380177001827e-27 6.797433390828878280e-28 2.537713373741472429e-28 4.042625858800197891e-30 1.003305660804446447e-29 5.163265116303253915e-31 1.369298980647910319e-31 3.633634077133145134e-32 2.546419417577421423e-32 2.716218206399030854e-33
7.221640106135631373e-308 4.958434954416808555e-267 7.611085112678364042e-233 4.378861186650449052e-205 1.849404670061536018e-179 1.548676814079086207e-162 2.479480697073821071e-142 1.603128737563454690e-127 3.000390366777089987e-112 6.373122027081266333e-101 5.435413147917672620e-90 4.296789105974771982e-80 1.359260102304227440e-70 5.095460159619003687e-62 7.381182810553587883e-56 1.152333940277253803e-47 4.338851047029393696e-42 1.837521271759111643e-36 8.253611655800320816e-32 2.814998160519664300e-27 7.073508355689660050e-24 6.498626008209384195e-20 2.639470316855052040e-17 1.409672318114999457e-14 1.986749389475154065e-12 1.604591922388880093e-10 7.806870235405643024e-09 1.108716389892805226e-07 1.005425682924783508e-06 6.944564641047882272e-06 2.532744011695589045e-05 5.484283573244216805e-05 8.542049150145393532e-05 1.391375012634860748e-04 1.402992935334685070e-04 1.131133035140351797e-04 9.591075009278200345e-05 5.153263653052922064e-05 2.016854919519898577e-05 5.593182971165646013e-06 9.652425559969933378e-07 2.093069038080795712e-07 6.542503160983518280e-09 7.030579648394874453e-10 1.760215796020412530e-11 1.457375328677312115e-12 2.551874737834896994e-13 1.672465431604336886e-14 4.900124128888065728e-16 1.796013090774719063e-17 8.744333525935338737e-18 4.866826559697388997e-20 4.164787742708304299e-20 4.627097205910706054e-21 8.828258541648220301e-23 1.436840798657523860e-23 2.104606614634908581e-23 3.581510326842117739e-24 9.891227740209982107e-25 4.127040370870731908e-26 1.380881696845993990e-26 6.776353978076568388e-28 6.104103875200369940e-28 4.967639650341674333e-29 1.170600522326205131e-30 4.747134339846789961e-30 2.031815672692257644e-30 2.085697863266847433e-32 5.199763892562780451e-32 1.055005071007633325e-32
1.187286498550365189e-300 5.389959326572415972e-259 3.048411181761317118e-233 3.922238017524759418e-207 7.870098167925856418e-183 1.440566960678563891e-157 1.188738652834173956e-139 1.507135640672756390e-126 3.695609144852650992e-114 6.452007507846261574e-101 2.418431523170104485e-88 2.936726490709376781e-78 1.516921833670556683e-69 1.900093405393847088e-61 1.465544142806947758e-54 1.121503774044506965e-46 8.762855375771141359e-42 4.413130431292364187e-36 5.606148667212611932e-31 3.009769152516129423e-27 3.590602560528965509e-23 5.040150408642526629e-20 1.339990249435027544e-16 3.835553997061796213e-14 3.396440460697118536e-12 3.400156585852154394e-10 1.377969399051413928e-08 1.986951425039367784e-07 2.406919921268436110e-06 8.082698190188348920e-06 3.083482913046764218e-05 8.089571000783468821e-05 1.045995342225278880e-04 1.688247972004308943e-04 1.930465624441839406e-04 1.458181211759525242e-04 1.368989158027103753e-04 6.114426030000375619e-05 2.699033759576349587e-05 6.740808064481259913e-06 2.225825734646747246e-06 3.020941959430530234e-07 1.779726195786329514e-08 2.846130792139213014e-10 2.216149357738699562e-11 1.989839121831726023e-12 1.273729687214726831e-13 5.097690867483808286e-15 5.242396820779969584e-16 8.818386753620101573e-17 7.614898827341910372e-18 4.099591900160179552e-19 5.350498926643830477e-20 4.028614958681705596e-20 3.209324240585269920e-21 6.056772881783980803e-22 3.388765493270964013e-23 1.109526606764755543e-23 6.039530252447581215e-25 3.757642351176652479e-26 1.647276172842906106e-26 8.577115409591647856e-28 3.546150689465267814e-28 7.157473514455475952e-28 2.430391927538318839e-29 3.623678319092564688e-30 5.976696371015002588e-30 2.253975022295056415e-31 4.565820931008918829e-32 1.679494177294264417e-32
2.118821461931978710e-297 1.312762993467472581e-268 5.547053734506904981e-231 1.287810371430306210e-204 4.091044487488519937e-180 1.314498033316479847e-158 5.436017386077822623e-143 1.284524542922574368e-126 3.302090680084309811e-112 7.121122023308552281e-99 1.089009420820602535e-88 2.873992484326601586e-77 8.092058818864330217e-70 6.901523935638250010e-61 6.870848307003423469e-54 9.139248601918629951e-47 2.709892943365241877e-41 2.615952366639090516e-35 1.598841081971170103e-30 1.364437909804080695e-26 1.614172161105710339e-22 8.440099974515191008e-19 4.282360231894031062e-16 6.612454843985770991e-14 1.259013516232880142e-11 5.294323669239793912e-10 1.573622459871869546e-08 4.300999795281278979e-07 2.992236485162812881e-06 1.459238652317803930e-05 3.728649804840250250e-05 9.895314459569739412e-05 1.877209860753299491e-04 2.277523269961857007e-04 2.188224521344147601e-04 2.139496062357544755e-04 1.386510029961811547e-04 9.328335687778481890e-05 2.756257823649078826e-05 1.368113483499872651e-05 2.067547225674750893e-06 4.163468869611749507e-07 2.256651841980455495e-08 1.392011242623591058e-09 6.231138204448619879e-11 9.179410974233865274e-12 1.638848970527013106e-13 5.604495124872674404e-14 4.026990701345334686e-15 1.230919263175211615e-16 5.539262495152972122e-18 1.103391707799500902e-18 3.086816932386693581e-19 4.526600640454980567e-20 4.564089711482796102e-21 2.174209620052689575e-22 2.424066173410764468e-23 6.889427471565740054e-24 4.932475656657633370e-25 1.390133692450418765e-25 1.236170055331035621e-25 7.323144482092429227e-27 6.798956551031098701e-28 4.632514779472442137e-29 2.086683984713461511e-29 2.121364644769949621e-29 1.510149378197458577e-30 2.358456409629342927e-31 1.522928255517892790e-31 1.221822007877659389e-31
1.127882604807755433e-303 1.492077223254173671e-266 1.113446189098611835e-231 2.064008367847634995e-199 9.545958135507334459e-181 4.865928839907749971e-158 7.259843875214748552e-141 4.881585485218392602e-124 1.645349007369008875e-111 2.038443455372410149e-97 3.432342026128298479e-87 2.036186980405648009e-77 7.198323345694714691e-68 4.101996662367964693e-61 1.614906576246214271e-52 5.569414843447720978e-46 1.680273455078870449e-40 1.100860963416878058e-34 1.106489582336321267e-30 1.807883340992741693e-26 3.350746462057241667e-22 9.201721348249401304e-20 4.835371560634740198e-16 1.285893050425465155e-13 2.590688427509197499e-11 7.840534937405846927e-10 3.776595441356903852e-08 4.373019948664698771e-07 4.358722776739134411e-06 1.746982113130758361e-05 5.733583976383402456e-05 1.139222794106979728e-04 2.111685277863125331e-04 2.786572514031085889e-04 3.078258759604541976e-04 2.596361028877703985e-04 2.015663147400878616e-04 1.204738842437343285e-04 5.387010233935843426e-05 1.571952735311956677e-05 3.594041018387442347e-06 5.006389602352539788e-07 3.911612200792326217e-08 2.351375114403702510e-09 1.500410348806311064e-10 1.029613771879782732e-11 5.028558208994587601e-13 4.336566834214617772e-14 1.487964588785118693e-15 1.575280636164994138e-16 4.824340036502764083e-17 2.872329689551129421e-18 2.836469371729739959e-19 1.253348605873074397e-19 2.803684032012919424e-20 2.914639682531274140e-21 4.632039459293492915e-22 3.055815179822235818e-23 2.420357518815499069e-24 4.563482353148489183e-25 8.000168012859253768e-26 1.002569354944896470e-26 2.630554192832610610e-27 5.896718702067788389e-28 8.053414773086488666e-28 3.994132816089178775e-29 1.837458854030086437e-29 6.297966882247537065e-31 3.328976777662320928e-31 1.363285109276863587e-31
8.692314284528669808e-299 3.009222946786949664e-261 2.596052089823351440e-230 8.337224007889138939e-202 5.531458822713009739e-178 3.306204712231766932e-157 3.424106781465507141e-140 1.438514912452355441e-123 6.204547062337356248e-107 7.270654527635800309e-95 1.101720062232965195e-85 1.716642693528297204e-76 9.276111588675655774e-67 4.731581362953193023e-59 4.143367580224775226e-52 3.284707582830182486e-46 6.032688864548420269e-40 2.389463974259272433e-34 1.161474851711126223e-29 1.124470112233546289e-25 5.749762308338521939e-22 2.967804601694736558e-18 5.820873875766331384e-16 1.983547998472203892e-13 2.437866903271764743e-11 1.737305083210759320e-09 5.005222912194755245e-08 4.902840793529586756e-07 6.506446342167210918e-06 2.473415874652287548e-05 6.369466362690454498e-05 1.640537289366187442e-04 2.574135680086304294e-04 3.147794672627164778e-04 3.305289237934584136e-04 3.192400234192616332e-04 2.458928424087750576e-04 1.718323983183267175e-04 6.407991226674435875e-05 2.109073274002638943e-05 5.935469127671768801e-06 4.589557308412867257e-07 4.249494915719103562e-08 5.486989968212081741e-09 4.842169589678313257e-10 1.308567656048605116e-11 6.866515064568119840e-13 6.888603657733508989e-14 4.823878934789507454e-15 2.473597228152929530e-16 8.987855695644991963e-17 9.183005664052892035e-18 1.183019764172512254e-18 3.365850376996475020e-20 7.427800710448322540e-21 1.333742183149675831e-20 4.670014438581649449e-22 3.221896810600012996e-23 2.357993647406249825e-23 4.555466371234414186e-24 3.873377650083972030e-25 6.504499540211218247e-26 5.476966958267995336e-26 7.821140708925196059e-28 8.307728196338708159e-28 9.198403220403648028e-29 5.091004751707188896e-28 1.635032999529653819e-29 4.399017700146343616e-30 8.944280670022480054e-32
5.286033238265962808e-301 4.353198725417467306e-264 1.186386905978269308e-228 2.868448794844403819e-201 8.973205712266826926e-177 3.197283917193200500e-155 2.348047935914980844e-137 1.131509409564777776e-123 8.612495105935119262e-109 3.264685157415442684e-97 7.961658837334765327e-86 2.320273471077329261e-76 1.762405829346866511e-67 1.057192639812028747e-58 1.161863905703723470e-50 5.706283016704716333e-45 4.145919957645713671e-39 1.757397799148973817e-33 2.972581626297520213e-29 6.714245988058438625e-25 1.046175623029559649e-21 7.678533892606466979e-18 9.594867201351146523e-16 4.442886612507013090e-13 4.836141648603376796e-11 2.590330836140708726e-09 7.944976654243678748e-08 9.524299420657557639e-07 7.596826225370241063e-06 3.593990760970531032e-05 1.063931569233471424e-04 2.103702982637231883e-04 3.481371934949490038e-04 3.950026867812860129e-04 5.038585051488039031e-04 4.035620809146242809e-04 2.922063019571924727e-04 2.067927185179419436e-04 8.944844519246287920e-05 3.432763249594654621e-05 6.631687364695566384e-06 8.887479002889332811e-07 1.706304739622917728e-07 1.065134701902625621e-08 9.501942692552114620e-11 4.309810143804408605e-11 1.652216484455591637e-12 3.637873185882032652e-13 1.698115180922117016e-14 2.212729833598726253e-15 2.653913625320133664e-16 2.909683858014276248e-17 1.378647832682145549e-18 1.272502571982473159e-19 2.445765099523456359e-20 1.268917115333978062e-20 2.429533736008344383e-21 4.070223833258122806e-23 1.746932138054666344e-23 5.286028090202500863e-24 1.017120554411602971e-24 1.322702004058535193e-25 2.768811234499127893e-26 3.860333395722038408e-27 7.680668560782747145e-27 2.714430220473292567e-28 4.483770968874213307e-29 3.502485692212817127e-29 2.273337103550714454e-30 1.755767433171010258e-30
1.828190521456113611e-295 2.897755014241240912e-263 1.204526481107986334e-225 9.412930049228854203e-200 5.408517626429091163e-177 6.100642229218136522e-153 4.844765975636655775e-136 1.764729521597774743e-122 1.331124232573849693e-106 4.382274787645865563e-96 7.839098044519855308e-85 1.147568067503202137e-74 9.452641737678138660e-67 1.470338692540804371e-58 2.625440549984175537e-51 1.519510167981813767e-44 2.125796589016479368e-38 5.867045451313103482e-33 5.237570329622687435e-29 6.263147053667882509e-25 7.522974812318402652e-21 4.152219662477448859e-18 2.814774086406607069e-15 9.711029526142520804e-13 9.398939820241141074e-11 6.615450334518007528e-09 1.301225734063446469e-07 1.718866079641784214e-06 1.132328739503208030e-05 5.509789309718571499e-05 1.429365858113810952e-04 2.500961932266488187e-04 4.131826111288513029e-04 5.693849053353126129e-04 5.132633673221012518e-04 5.653483368145841665e-04 4.052386610740102424e-04 2.731001226980101426e-04 1.142696722569302444e-04 6.088955079456817083e-05 6.986404738002943194e-06 2.258693698869131063e-06 1.609820246387959715e-07 1.493590046306831654e-08 4.666145223498754444e-10 1.002475178726919841e-10 2.247290100282506682e-12 2.212568209672684509e-13 2.281925188807761681e-14 2.499062376542723200e-15 4.567290013219291368e-16 1.729886166590365370e-17 6.997220846354506522e-18 4.183956284642496760e-19 3.247727447703373397e-20 9.351944045929284446e-21 3.466167955250145596e-21 2.892899584819188842e-22 3.832532574695877539e-23 7.402463246691128484e-24 4.685127688531842201e-25 1.737132865683688272e-25 1.728790084107124097e-25 2.272065286160505531e-26 4.830393486448525873e-27 3.392130948589916122e-28 1.189654832864128517e-28 2.325637386197410020e-29 2.596264734214036310e-30 1.465904930641203958e-30
9.571890843014740075e-300 2.696161589559135570e-267 8.341320645460552799e-230 1.565251231007602702e-199 2.506065558761626480e-175 2.680649305517140927e-153 5.605881548285924536e-136 1.608415405805255807e-120 1.234349603699347156e-106 4.317159481117630069e-95 3.456057160510747661e-84 1.115044164778957267e-74 4.486674899366369554e-66 2.549976946398121702e-56 1.116035429900685265e-50 1.321014943878820841e-43 4.118247816114716980e-38 5.903092905850387584e-33 3.630751748209272962e-28 4.696536725997023701e-24 6.784787576553122880e-21 1.025537900383306858e-17 9.989962994681987864e-15 1.973002449152914117e-12 2.028882695685660958e-10 9.297549749452353015e-09 2.556008020150400593e-07 2.593173639385780935e-06 1.525672230180356266e-05 6.794140787273784141e-05 1.527342358990026888e-04 3.483711286732509710e-04 5.189115208981335929e-04 6.491744681081874956e-04 7.623307664775460114e-04 6.698251418722214138e-04 4.995193076955648003e-04 3.132008313078153607e-04 1.718101295679788469e-04 5.488375193426907095e-05 1.255478200964238207e-05 1.848708547737009256e-06 3.348868134848997697e-07 1.093621881206229648e-08 6.525199274904006459e-09 1.196865672646200585e-10 4.453223278533104233e-12 1.066413250952470561e-12 3.853746879881222204e-14 6.576443880824899345e-15 2.700299844856281520e-16 2.171034223318600594e-16 1.373530067066884752e-17 1.177062307460623924e-18 1.498668415093823970e-19 7.692553308977553399e-20 1.458442709013438111e-20 5.794086964645301819e-22 2.867485417188706352e-22 1.861099276773113749e-23 1.600545413185216976e-24 4.534525262176652389e-25 6.733252783217641759e-26 7.677897976514523614e-26 2.260241062822475812e-27 8.899070907192258708e-28 1.223381374248961343e-28 6.795891996660372875e-29 5.041051408227089953e-30 5.909748207380387803e-30
1.136542542673414252e-296 1.129239542295357325e-260 6.895193909418814534e-228 4.694668535875374172e-200 1.858486405520855305e-174 3.366794890640352934e-154 2.564630286474123949e-137 2.370077026811888258e-120 4.151882901625783604e-107 2.621285496414728555e-91 5.699946751732883150e-83 1.362686722142524342e-72 2.236324224007802829e-65 7.254450510196906891e-56 4.943615185665212614e-49 7.243051571855787564e-43 8.106804321684061319e-38 1.276022947080482732e-31 1.281769448157973231e-27 5.940563529426331046e-24 2.851703223426073625e-20 3.140024031838959465e-17 2.856611763485476208e-14 4.019809609469604229e-12 4.041664589687198193e-10 1.918162428919041731e-08 4.085018157696370104e-07 4.808094612692503761e-06 3.138061778739327160e-05 9.298798684066056234e-05 2.051377394151240570e-04 4.412014692591541103e-04 6.705273737401449240e-04 7.717794631200284357e-04 8.540067963225747572e-04 8.724132201592694471e-04 6.715626136622683583e-04 3.875453445726601085e-04 1.648709375254981920e-04 7.297623418533331679e-05 2.007513742176023365e-05 4.864600612178668128e-06 3.927152833354232213e-07 4.273479371128615875e-08 1.431943958668401735e-09 2.634539295565489769e-10 1.838078149541752686e-11 1.924931328690624949e-12 7.593538377219859227e-14 1.115431411910795574e-14 1.317627999603978060e-15 1.256752724762299359e-16 8.679813887495125904e-18 3.939160334615296416e-18 1.920904717243655011e-19 3.449904182135227033e-20 5.379078277226030045e-21 6.922378216091060781e-21 6.514293954086437425e-22 1.242712838761070880e-22 6.333193441934957078e-24 5.877774234950461340e-24 4.408642823077870541e-25 1.375129566210291651e-25 1.237336122495214961e-26 2.748968387424276321e-27 7.596329466745877655e-28 4.136671021846661930e-29 1.009924926108979771e-28 1.518728601330344934e-29
4.658217536432470061e-296 6.135482330810789291e-255 1.445881047840325502e-227 1.117352104634373202e-196 2.846222602065822000e-172 8.505570381791694481e-151 3.891759859609486025e-134 4.697440236097811357e-117 1.159497576390249790e-105 8.334941629152762206e-90 2.006424632444579750e-82 1.831995635144737708e-72 7.574110350885057773e-65 4.867946027663851666e-56 1.517630110921973301e-48 5.398255797539061923e-42 4.452822610459785112e-37 1.982234442609317747e-32 4.422637345351719321e-27 1.186534438844463651e-22 4.614981285873306886e-20 1.571131071257664185e-16 4.681246307517603634e-14 1.183301053077206771e-11 7.161173482905934076e-10 3.169530082296124690e-08 8.406430637306353563e-07 6.393369188545729028e-06 3.937769122489666936e-05 1.542791702547793278e-04 2.780020212117127916e-04 5.247997173395528309e-04 8.484420294204136209e-04 9.800520663355060183e-04 1.147289875974399909e-03 9.909569848060473425e-04 7.911759864206640907e-04 5.027908109435926887e-04 2.494506762342081348e-04 8.260251432126982448e-05 2.845299674370232318e-05 5.736455662034998069e-06 1.480453611351151294e-06 9.629059139640379314e-08 9.420097341240170292e-09 4.196822645694479941e-10 4.309448155707627856e-11 2.506132269215738876e-12 1.684271626012930957e-13 3.635226571815992210e-14 2.654987173722658962e-15 3.529574109729492822e-16 3.617639384497188798e-17 4.792871896564723667e-18 9.000413616465110464e-19 2.632978575238138919e-19 5.507705697042373212e-20 9.846687077460323138e-21 5.944518316121994156e-22 1.336470580478480031e-22 1.474354808276948998e-22 8.221935750536779573e-24 6.462146590928587151e-25 2.104520980165359828e-25 4.224884470167436820e-26 4.453630651777971160e-27 1.191344475237859495e-27 6.849229349559735748e-28 3.879972900687565920e-28 3.896945526922713286e-29
4.462547521065967053e-300 5.229818418233023387e-258 3.440329495313129405e-223 2.560393140416932402e-195 2.651644775861118450e-172 9.852492820832661255e-148 9.363105584946039118e-135 3.665854587813404565e-118 1.229251239928005693e-103 1.143967265358818910e-92 1.587733510542452240e-80 3.763082355843128889e-72 9.656221745470304264e-64 2.106938270556540952e-55 1.959254922635261034e-48 2.182565499034689376e-41 4.878539369418153741e-36 5.802006129548176346e-31 5.167620633464607908e-27 5.377223336468332311e-23 4.901626047500795642e-19 1.834228038243331242e-16 9.364768177152950950e-14 2.251129946501944200e-11 1.414587283614758446e-09 4.547309129903299668e-08 8.609732443600474756e-07 1.020074279099140634e-05 4.343475168490258654e-05 1.610204306638679029e-04 4.011112601271698067e-04 7.515713583117068341e-04 1.206119845940441899e-03 1.389150068553989762e-03 1.534048537270209754e-03 1.499185857404780088e-03 1.058378864969250748e-03 8.391776407676661189e-04 3.038055404969275787e-04 1.575132798010770233e-04 3.594583403446132910e-05 6.792702417059128800e-06 1.026015222907721327e-06 1.550147795394032411e-07 2.626865114763480506e-08 5.070203877203402275e-10 1.072658792990788481e-10 4.453276841324338675e-12 6.568464476830640181e-13 3.002941032091150484e-14 2.066750612107225954e-15 7.549582459399372007e-16 1.095873585413897313e-16 4.531569206342488284e-18 3.109151795838235125e-18 5.424377565841497965e-19 5.792995249311786333e-20 7.788114457570968735e-21 1.641667279950004020e-21 1.757865287842938963e-21 7.112745234682038541e-23 1.062623554767477420e-23 3.041280071271066701e-24 1.055686792585147477e-24 1.341923114651891082e-24 1.213043119316026224e-26 1.513682421513669898e-26 9.825699477093494411e-28 3.020495989566087097e-28 1.878696556703159105e-28
5.648846644598344198e-295 9.039369183753515789e-248 2.368546394985508983e-225 1.450832943214549612e-189 1.573990737454016222e-172 1.965668231698939191e-149 7.776852108820425783e-133 4.612533412057000503e-118 2.229902396483125700e-103 1.816772513802364468e-90 1.461502412940851578e-81 4.260342378828904351e-69 3.035575574176510053e-62 2.893758202698280105e-55 9.701249125116160322e-47 2.945919523415973437e-41 4.071505244621215485e-35 4.495522856632234946e-30 2.029933761160674617e-26 1.268708736816460849e-22 3.468917472696431698e-18 4.191869317055236612e-16 3.054784785521610432e-13 6.963832744286072726e-11 5.242087477840096572e-09 7.754467135364086938e-08 1.507859601550932132e-06 1.729388723075526982e-05 7.425766378611147573e-05 2.484882182454758331e-04 5.314821607002676593e-04 1.059167156937108022e-03 1.768676787581693281e-03 2.251778964921973339e-03 2.566663265746504507e-03 2.467744275821854519e-03 1.777170999595383471e-03 1.431079958799853346e-03 7.565976985315858933e-04 3.096728228664718326e-04 6.851469448702050564e-05 2.057257773331004348e-05 1.675341890702627163e-06 3.601006169645536994e-07 1.387025046126368106e-08 1.783921398240118043e-09 1.240916556828918926e-10 6.255084074734376361e-11 1.295365532278509435e-12 3.694041604582551608e-13 2.461381541302046766e-14 2.465068020501332150e-15 2.941608641712857664e-16 6.034529163702152693e-17 2.341081236645797395e-17 8.751902623356638342e-19 1.202998003287212364e-18 8.510286488952304267e-20 2.354405394189808525e-20 1.948366455357087738e-21 3.204335342558440813e-22 5.305440985972601737e-23 3.112072469833989462e-23 1.313490111336146560e-24 1.165321232718594407e-24 1.208212689891134713e-25 5.895068889183195663e-26 7.861001340647781790e-26 3.534003732658682245e-27 8.628282443432889344e-28
2.724469010248260532e-300 3.555792314613369639e-254 8.122215516095138008e-222 5.116656184308294638e-191 8.118720303189610882e-171 2.877914401262475559e-147 5.634839040237361235e-132 1.898527139594555537e-115 6.510675732562236858e-103 1.355767906792830489e-90 3.446900181858956044e-78 9.715478562667462943e-71 8.763821616847287352e-62 2.011233877536643409e-53 5.670340686419362563e-47 4.750069750445422195e-40 2.885645531889789271e-34 2.388292431173085659e-29 1.389586514472262856e-25 1.496351171068383919e-21 1.805281045639049981e-18 1.234478826153722395e-15 8.982651864796928255e-13 8.533819350627759676e-11 6.079566289753294771e-09 1.931736332843525060e-07 2.200861290288944905e-06 2.518377349571276157e-05 1.486739376326736155e-04 4.640079032779375321e-04 1.124258652320405533e-03 2.379612624912900206e-03 4.014438888881827032e-03 5.937311841188851885e-03 7.140669038443544885e-03 7.497223484737709082e-03 5.260257240757426102e-03 3.942524827115958391e-03 2.579853255774397763e-03 1.112753996936744708e-03 3.932613784434963226e-04 6.073440823492195974e-05 5.611595919521983950e-06 1.399709592318247835e-06 6.950325671661227932e-08 8.996592097456702613e-09 3.802416315291677957e-10 5.723060340831897971e-11 2.239608169325900287e-11 7.385011261554935421e-13 2.813159032959643736e-13 2.430107039584240425e-14 3.468535428830934356e-15 4.216856734279076929e-16 1.240699491845850227e-16 1.398105111359512403e-17 8.146655066354286593e-18 1.381024880576179826e-18 5.992622773735767358e-19 4.118060671525619511e-20 2.091367207821144244e-20 5.594986265909685773e-21 5.569645432890574685e-22 2.038732349375036621e-22 1.462347442162808265e-22 2.009770794843751828e-23 1.746030357477311902e-23 7.190561245110992103e-25 2.425911778037151515e-25 1.922002302463126993e-25
1.263369730586072328e-298 8.606224374400329444e-255 1.463731976113314509e-226 1.202829498505704966e-191 1.968868728976641160e-167 9.607138653664452341e-148 1.026163754154010330e-129 3.250904660431251502e-113 1.037257206656368995e-99 4.291093372060773056e-90 1.180651905671351746e-78 4.291238358782571041e-69 2.157360559214318345e-61 2.887318203941360378e-53 4.038821602679639919e-46 5.287437010294634987e-40 1.164003455483058918e-34 1.470295692689282855e-29 4.792945265158054545e-25 3.355929801962185524e-21 5.258041334395997707e-18 5.489937340352179762e-15 2.676025132063213130e-12 3.147772542769447759e-10 7.529358821153914326e-09 4.274265458947311430e-07 6.111419353042614919e-06 8.602203753337736374e-05 3.871736081051649521e-04 1.558053282454381931e-03 4.725224054135996991e-03 1.616800103219015808e-02 5.222312655696799422e-02 1.075084394734400345e-01 1.379957090452898216e-01 1.473523310348177906e-01 1.311118844230956260e-01 1.000481744026647801e-01 3.279178898570222350e-02 9.440485236103029684e-03 2.332985039781845446e-03 6.833026652515388584e-04 8.941952161853599507e-05 1.566177491854332969e-05 1.675910652291167588e-06 7.059726659757890430e-08 1.664200314504815398e-08 1.291785385691355860e-09 3.460381273646736230e-10 3.668248767977512486e-11 5.550734210277766890e-12 1.331017200863305258e-12 2.766674841087695503e-13 1.153437501707743640e-14 6.828309133541169856e-15 1.177011471388680861e-15 5.522731774799661068e-16 9.544407270856480004e-17 6.385028495030794395e-18 1.470391879180170865e-18 1.002230634688961647e-18 6.667433098553178403e-19 1.178014516989672721e-19 7.806432804970898450e-20 6.831322545860882580e-21 2.877179545673745839e-21 4.363515882740152770e-22 1.014927744044341818e-22 4.816793796329969454e-23 9.427825231782091868e-24
8.221768324200869663e-286 7.716578089660872669e-249 8.033844897311889431e-219 2.772609844542850846e-189 9.728043864989386480e-168 4.263055464597819429e-145 1.722920573997453140e-127 6.104334202054054651e-112 1.450769857447892612e-100 3.102229920217873519e-88 4.329593097301036621e-77 9.977044241397014697e-69 2.856996102616157394e-59 1.539126880891175253e-51 7.753486158045540979e-45 6.250261547236703974e-39 9.979111483664188594e-34 1.287359288448561394e-28 1.842177785923179077e-24 1.505958394690296417e-20 3.441342839706566479e-17 9.460389532295679077e-15 3.890693299175137898e-12 8.354584172553668758e-10 5.673515731240564818e-08 3.176951944363653254e-06 3.899533750828412630e-05 4.756995610273113051e-04 2.811601482402515013e-03 4.380320694632239970e-02 2.076302584584245603e-01 2.881024673408210668e-01 3.255320739918404760e-01 3.455518918969303077e-01 3.560730010573137649e-01 3.599082841388280829e-01 3.547808284812414281e-01 3.449043847512059946e-01 3.162778471707159422e-01 2.771211341839093234e-01 1.887036452472701797e-01 3.078235716682435619e-02 2.718622005311246200e-03 3.839879831622693379e-04 5.186802962930813388e-05 6.436655080344558001e-06 7.492392134643687749e-07 1.022180277025742454e-07 1.178358348459950280e-08 1.422581798962467997e-09 1.507806533896103700e-10 6.046056329819964392e-11 6.795136548039206012e-12 7.028619105514726588e-12 3.133655089730713443e-13 1.206716581379694213e-13 2.408376636989005047e-14 7.323409488585748025e-15 1.832394135740405742e-15 3.877188382805831702e-16 3.596021144395502985e-16 2.598354999004554981e-17 5.753057377138884297e-18 8.567814206982682546e-18 5.756358205436253120e-19 3.597155314269282281e-19 2.655358449088024184e-19 5.367182492227626359e-20 2.033649275925339207e-20 1.569581126861424898e-20
5.334699571618342650e-289 1.513031514217649940e-254 4.811962978051334604e-211 7.071785826294266248e-187 5.538457544032636897e-164 1.503048972253754982e-144 2.451397828316353954e-126 5.519562293457863001e-110 2.576847814321787462e-98 1.683639608630408290e-87 2.643587909732564353e-76 5.054979895812901710e-67 9.962145776691867069e-59 3.036676426394799577e-51 1.449545636334147663e-44 4.979753570408535653e-39 5.899109801999246992e-33 1.367280720840818120e-27 1.335471194301077330e-23 7.955012068163557418e-20 4.475630642232550464e-17 7.574930127007600857e-14 1.502586141695072158e-11 6.502676615731160291e-09 6.776139397881765841e-07 3.137999232632639456e-05 5.147554036613830606e-04 2.747343676813754354e-02 2.940841532131692193e-01 3.876310267546794197e-01 4.288007713556013512e-01 4.472404681461557008e-01 4.561683480751824171e-01 4.620852485416166444e-01 4.673495282251822758e-01 4.671351896711922747e-01 4.678215950366731990e-01 4.617446117894021262e-01 4.522355888846438243e-01 4.354002229660622891e-01 4.103538158619330911e-01 3.690295786412968737e-01 2.919179922304708241e-01 1.290751898468301961e-01 2.955362312302649893e-03 3.948598336439715167e-04 3.748561798654529662e-05 7.594512986183612365e-06 1.509909380281560819e-06 3.455391601536537149e-07 7.497419342443895093e-08 1.223571373077826487e-08 4.579754744164679902e-09 8.208967990308917812e-10 6.214436377240764274e-11 2.663246633927972616e-11 5.183470353133492765e-12 8.656441671506928532e-13 1.291888996937214835e-12 1.080751219048926949e-13 4.216096431715122475e-14 1.293720301092864225e-14 1.607466679494275506e-14 5.232595592193373190e-15 1.019727165911957545e-15 2.996325442806128765e-16 2.188778845282972494e-17 1.155363000353678150e-16 2.859867851407371065e-18 1.340275747454387074e-17
2.450642237504793482e-291 6.286482175244220741e-252 1.234097326308153671e-218 4.391346865734298481e-188 2.764844449452309347e-164 2.186099951332054499e-142 2.007788216460960045e-126 5.888839343128006651e-110 1.606730802301791966e-99 1.604142150413999262e-86 1.013819709315483716e-75 1.920273947130745487e-66 2.336884813156661946e-58 6.489387450761427102e-50 4.342327389428525094e-43 2.583851960287136481e-37 1.994150845993015652e-32 1.740276374746562722e-27 3.786050491351473905e-23 1.374161069569745832e-19 1.285625716657929766e-15 3.529938103843197363e-12 1.831226806274052146e-09 3.240345630578030164e-07 2.323031774093503007e-05 1.260147659284130417e-03 2.851163980009089882e-01 4.483710110237673629e-01 4.992252431314276317e-01 5.190109921402700222e-01 5.277904563376312197e-01 5.339880443724431824e-01 5.339134916545547060e-01 5.388983864129525125e-01 5.392444651713464987e-01 5.408141306838201157e-01 5.403619724249436596e-01 5.381996034034696175e-01 5.319616116654934945e-01 5.203893230526497327e-01 5.076427328398666061e-01 4.838111158302234593e-01 4.624906467560987444e-01 4.348343057132205147e-01 3.887132332342280727e-01 3.018968560599067374e-01 9.096105156552340698e-02 2.075487672213576894e-03 4.079116422667543253e-04 9.272123918180197734e-05 1.794486452588497905e-05 4.333245301468361126e-06 9.537004335964025214e-07 5.455600935556721317e-07 6.606305075949652262e-08 9.645362286492801704e-09 4.225981690564851243e-09 7.298850580235253038e-10 4.392429767155282248e-10 6.323169530118805230e-10 4.756844984699889710e-11 9.711003241851935306e-12 8.766215607329290833e-12 5.027970372918287146e-13 1.926752305812009444e-12 1.174437428004144714e-13 3.599495955365605438e-13 8.568982771815782512e-14 2.938174878286258142e-14 2.174258102748203941e-15
2.401575667551418228e-287 2.287371823199735403e-249 2.570110666428067781e-213 3.338022348550991305e-189 3.196039749999836734e-163 6.305126271990188638e-144 1.158548501370305410e-123 1.447782929106882095e-109 1.303900220457822247e-97 9.841793319336559161e-86 6.062026502842188625e-75 4.310727519398767313e-66 5.104159645944360081e-57 5.275928964711663847e-50 8.918140829440561312e-43 1.323187022575185316e-36 2.873147793670719017e-30 1.420924584938135629e-25 6.526016551360232239e-21 5.502174430187434306e-17 4.143480243243830866e-13 3.582307566904261089e-10 1.675670414733536133e-07 2.974549194568769500e-05 7.435416948022645009e-03 4.623189063241801011e-01 5.484919838606346909e-01 5.697526327501950538e-01 5.803745999952476531e-01 5.876176609990789723e-01 5.864629233913009054e-01 5.887423733138451576e-01 5.915600587715108549e-01 5.965260085409218593e-01 5.986144716211996286e-01 5.981203623776452094e-01 6.006755234408266420e-01 6.007074443704638611e-01 5.979402728019072022e-01 5.906445516568162857e-01 5.738981765791720813e-01 5.567296330927734571e-01 5.371048778753313435e-01 5.225972243550188745e-01 5.137036469759674873e-01 4.982994955780734037e-01 4.822381820982059031e-01 4.497533870148896495e-01 3.988205503052251188e-01 3.144155565143933462e-01 1.556307161019885310e-01 4.894915022298808316e-03 9.737356918789664322e-04 2.229587443100474766e-04 6.470642339616266669e-05 2.462015517106318812e-05 1.208485489409677031e-05 2.699258114294033967e-06 9.240087541252345162e-07 6.469007415889420516e-07 1.270510326386691694e-07 4.426438747607899013e-08 1.571201013951275051e-08 5.435707622160679083e-09 1.842846016236133157e-09 1.293535803625899239e-09 3.779586646202115548e-10 1.623668160119132114e-10 5.529386501439122255e-11 4.083180227769556538e-11
4.535679269898027775e-285 1.538509993171034448e-245 1.757490502015596084e-204 3.428416951087930801e-181 2.052657552976963957e-162 5.855585022425040031e-138 4.559959115790722924e-124 1.712938531660873267e-108 2.137468393034359429e-94 2.576690037859986085e-84 2.116811135626156446e-73 3.561551864503874790e-65 1.003459040373325446e-55 5.711373855559850758e-48 3.598354776087381185e-40 5.876884042053915551e-34 3.928329566854244698e-28 6.737936485569959644e-23 1.599028335088338369e-18 1.818674658266115104e-14 3.760590952407425220e-11 1.366652496518052101e-07 5.400964618429375378e-05 3.016545602048273378e-01 5.780424798403068776e-01 6.103909152803546068e-01 6.203923639231784248e-01 6.263854583891020900e-01 6.329193544889554213e-01 6.358680919173101964e-01 6.366251839578719318e-01 6.355045499225456807e-01 6.385564100508756002e-01 6.426701280239959235e-01 6.457984663624121158e-01 6.490914864029687648e-01 6.523977223523328428e-01 6.543435582949623797e-01 6.535373631879971557e-01 6.507553617174023364e-01 6.410481059917666480e-01 6.184443683983973372e-01 5.989474081825477692e-01 5.770761911453616833e-01 5.700740052872450558e-01 5.613311653821148051e-01 5.575813798237334584e-01 5.525141485705835631e-01 5.472236976615799664e-01 5.386235844292248665e-01 5.302325614400406062e-01 5.181951783423178748e-01 4.957170251993147092e-01 4.785576172904849601e-01 4.407415346495262565e-01 3.924335741412600109e-01 3.168310483239150654e-01 1.967093888572839788e-01 1.446727275640165809e-02 1.979219176893364483e-03 6.250694181099454442e-04 2.722722683395986947e-04 7.153763748577359057e-05 4.838828303718908897e-05 1.748120498929559228e-05 9.731652636871835832e-06 4.274217642712516416e-06 1.736980608915021333e-06 8.008026172437523532e-07 4.909016918343480216e-07
3.658628870924412464e-286 5.558612955635113057e-237 1.052553454723857001e-207 1.882078686260929659e-185 8.509159435846345229e-159 8.169550654673810196e-138 1.075329466999855880e-121 9.069082903487356674e-107 1.606948265975512622e-94 2.652362946428752713e-83 2.384377295844947076e-71 1.184470200834594135e-61 1.844901117296839513e-52 6.572548205096374910e-44 5.386946838729970824e-37 8.110151245766140353e-31 9.776816859367343558e-25 7.908729114995935805e-20 1.837745350086266656e-15 1.416589337956281536e-11 1.334702386690782401e-07 1.007317525636023455e-04 5.229228076814447235e-01 6.482385793689172671e-01 6.596975165696140619e-01 6.592768649689861871e-01 6.618308436474559242e-01 6.682594576765172878e-01 6.729576500701444086e-01 6.750430102077193961e-01 6.748450406240107391e-01 6.767496881218683091e-01 6.779073560759869554e-01 6.846480620690820196e-01 6.893760035620813964e-01 6.949988862158817948e-01 7.010923644019312340e-01 7.061889013147506500e-01 7.066997097890308499e-01 7.082725629972519421e-01 7.024758241935775693e-01 6.893498328429680244e-01 6.650157786467570942e-01 6.383583771882167524e-01 6.227439522104634140e-01 6.123229248886489229e-01 6.057232385110795647e-01 6.012789266392974952e-01 5.987882731298413974e-01 5.971347507852052816e-01 5.947170937756689479e-01 5.930301953563640316e-01 5.918460968229064534e-01 5.882599175587229778e-01 5.860391513352265491e-01 5.886842386193880117e-01 5.848888312889768404e-01 5.821021402163804037e-01 5.771407023526358149e-01 5.736868102587489027e-01 5.608988425400321942e-01 5.503134796501590875e-01 5.380736256520503025e-01 5.245540195717404153e-01 5.052523767665253462e-01 4.775968305583594420e-01 4.556898447315291256e-01 4.005860179280010813e-01 3.525706151885505957e-01 2.812707049710544971e-01
2.788065433377741130e-281 2.217137349100823629e-242 3.113343638014485182e-205 2.941690080023875979e-184 1.500765503491018016e-158 1.814905594449855462e-137 2.805440667150117638e-121 1.679619386224577081e-103 3.419485283773724030e-90 1.598685690826902528e-78 1.901522029642527702e-66 2.931786680611539443e-57 3.985527267550720348e-48 3.735627494813707108e-40 1.111744079122832785e-33 6.326366673208936928e-27 9.792271352323828226e-22 6.986108091448769268e-16 1.189035072459055219e-11 1.931164368726034561e-07 4.182837359587337133e-04 6.521323933861798983e-01 7.034255355018095290e-01 7.005546769390945672e-01 6.975248954828867642e-01 6.939569260121261074e-01 6.970460951216927992e-01 7.053680731552568473e-01 7.089274128370635086e-01 7.103283935691561135e-01 7.099343775209769891e-01 7.096576583067676358e-01 7.143473202997363547e-01 7.186998642607138610e-01 7.247778921795600127e-01 7.324774972477217094e-01 7.379354478354349656e-01 7.452611553279561152e-01 7.542242481453681480e-01 7.571697484473913775e-01 7.598344262051238696e-01 7.599064384544099715e-01 7.405660400064754123e-01 7.176794853197664414e-01 6.949164478177438653e-01 6.751433904298638211e-01 6.637644762563202905e-01 6.539307524555079132e-01 6.460447195973173518e-01 6.426511518727592298e-01 6.384988860867563121e-01 6.347435952928418557e-01 6.330475623885836178e-01 6.308914435272570120e-01 6.315888515847830620e-01 6.339299656505829050e-01 6.318149771049625940e-01 6.322153221994238903e-01 6.327759409155584436e-01 6.339414696974228214e-01 6.359144568167585110e-01 6.338724834101144845e-01 6.341371629224136219e-01 6.374027415392961027e-01 6.363877147260202927e-01 6.393064953361619063e-01 6.394035865698076693e-01 6.365892161016639683e-01 6.364998908949445200e-01 6.366175653426177083e-01
9.264017929289880916e-278 7.070648233355699878e-241 1.541262140602149331e-209 1.527320115207618481e-179 1.745819084736035322e-157 8.743829617153773970e-131 2.386975440014387411e-114 2.832703283424921835e-98 1.100728508380945777e-86 4.538432451470271123e-73 7.575843494209609128e-62 6.718842750541499983e-53 1.578951891220819721e-44 5.744127049799922176e-37 4.594768041592430545e-29 3.190301884412038103e-22 8.045613635715102393e-17 9.154036480834785046e-12 5.094010988921487887e-07 3.188882823272944922e-01 7.337863903260106735e-01 7.453474395102200889e-01 7.341335208594625961e-01 7.255134535956899722e-01 7.192933945637186577e-01 7.224276753977111332e-01 7.336427878279490056e-01 7.396656108940855567e-01 7.397326067605100031e-01 7.389092949888691475e-01 7.385589676578377949e-01 7.406320993048612911e-01 7.433299503497838856e-01 7.502143210205134416e-01 7.566127243817201142e-01 7.644525761775823325e-01 7.722217245132503294e-01 7.789438352315120051e-01 7.900989180720598970e-01 7.977020225256394870e-01 8.082740332354176882e-01 8.100355561135293980e-01 8.074962836086488904e-01 7.965451068395323908e-01 7.787048238372331621e-01 7.603145209462792709e-01 7.442698628451126508e-01 7.377297953907782091e-01 7.237433036120501928e-01 7.187382194285802939e-01 7.128710658583959914e-01 7.036435076653768661e-01 6.975303259119306487e-01 6.889876345251984002e-01 6.881872636303364432e-01 6.837612750951895801e-01 6.798899809860831089e-01 6.791269994186542869e-01 6.776956820262411973e-01 6.747817729743311732e-01 6.764886316923983678e-01 6.785424019422370279e-01 6.769715456792280150e-01 6.765917468642836941e-01 6.758011762137398071e-01 6.775729336511162604e-01 6.764532894580130851e-01 6.756094615768687417e-01 6.795619338033139778e-01 6.801481089201171226e-01
3.927105783395861224e-276 1.227954842685845384e-238 7.897224931876005179e-207 2.598565488938370500e-176 6.311011020595534523e-151 6.823034672155329933e-126 1.491825034846319331e-109 3.330569253122288010e-94 1.678271689836478750e-80 3.422745071619299353e-66 9.703275692635189083e-57 1.431974628296144364e-47 5.461907621287192683e-38 2.288729744765802796e-30 5.144501343299109092e-24 3.857618772925841618e-17 9.952090535011766969e-12 1.582994236185743078e-06 6.691518453011672252e-01 7.846477135876366305e-01 7.757209018007998891e-01 7.645744896095790777e-01 7.560966803139389514e-01 7.488328790678904223e-01 7.457707784978649945e-01 7.540143895923767658e-01 7.643698558896676598e-01 7.695613094317361735e-01 7.681546343545897493e-01 7.650793570658932508e-01 7.644542349478421484e-01 7.685423603945874538e-01 7.721248080394464974e-01 7.762209411605718312e-01 7.817729893311324840e-01 7.884574743710793809e-01 7.969517003608048711e-01 8.057806732702912367e-01 8.159393986302591051e-01 8.252698993903572200e-01 8.375634709077505180e-01 8.474523821519051037e-01 8.534741194620791838e-01 8.548360588352617029e-01 8.479564946726574348e-01 8.401354471332997953e-01 8.330090078568116452e-01 8.190120893015886416e-01 8.119553098158055482e-01 8.060524787564941063e-01 8.009266530505184667e-01 7.950202003451105615e-01 7.910984624571896218e-01 7.852958734924567752e-01 7.836301352601828807e-01 7.727520349487227991e-01 7.681460203953938137e-01 7.657799050251254958e-01 7.619682885536550598e-01 7.589449582066228883e-01 7.546993621867894575e-01 7.540859056139623817e-01 7.505109296074286007e-01 7.488803560965920925e-01 7.467201407699729510e-01 7.515635549636305868e-01 7.418032528511208090e-01 7.437044527886882417e-01 7.436825598488413513e-01 7.426441051483220201e-01
4.816945435427732242e-270 2.349236837148908949e-232 7.240675928762424744e-197 1.817759698921909468e-168 1.675147601540234947e-143 1.585877147432435920e-121 3.595935639091583741e-103 2.999944332452749326e-87 4.059584159406272353e-75 1.074920853102495610e-62 7.217435561925750415e-52 2.675180562714700232e-42 2.192587751871659939e-33 1.037676819789322969e-24 9.254424595186554728e-18 6.383272112495601130e-11 1.018631644411706179e-05 7.966671989220108774e-01 8.243829664066663065e-01 8.072099375813388544e-01 7.918599366279750473e-01 7.825445892494864442e-01 7.747605037236053871e-01 7.688954442420654622e-01 7.744110216297769300e-01 7.848727266257362611e-01 7.932025979556550643e-01 7.962970163161592341e-01 7.916464468629939022e-01 7.896545253063956826e-01 7.891807970211823786e-01 7.893049499558785209e-01 7.932034455881683543e-01 7.995345807075954214e-01 8.054932530042607786e-01 8.116781514599590297e-01 8.190292391486462265e-01 8.268628328377189973e-01 8.362737268716626815e-01 8.464424658797523593e-01 8.577066132535805520e-01 8.675249100436863703e-01 8.775732710347730059e-01 8.843065590461267611e-01 8.883067477041795001e-01 8.898315935935692256e-01 8.879161108360384969e-01 8.817390945739563834e-01 8.817578462310684539e-01 8.800260596949753822e-01 8.776642888055726788e-01 8.781009293025962004e-01 8.767738953424164539e-01 8.788662429017366495e-01 8.740310806168439806e-01 8.691013725540610579e-01 8.675959516556240869e-01 8.643173110910261636e-01 8.613177953663302411e-01 8.606386809188318887e-01 8.557714914204218593e-01 8.525441287613974017e-01 8.527546217670951556e-01 8.537773408229973882e-01 8.490812170548602822e-01 8.456362638143334332e-01 8.456330320613301144e-01 8.425973749861630502e-01 8.413515904831991854e-01 8.398934735770350324e-01
1.820997015151661835e-262 7.514107942243399537e-223 2.549048863659873375e-188 2.889969517613816864e-161 2.365445511980625377e-132 2.516138066761468030e-114 2.000069455342545765e-96 7.769100898503961496e-81 2.179065343260203502e-67 1.091234689098331523e-55 4.584118780842501862e-44 2.484459333787342283e-34 1.138292988901974319e-25 2.250895080869497836e-17 1.060270062812042351e-10 6.328715335693924646e-04 8.626946481931772048e-01 8.551129525063995152e-01 8.322854195998132809e-01 8.180736388743362619e-01 8.087261170694419743e-01 8.046158609191806921e-01 7.932993636920556701e-01 7.933211395989070436e-01 8.028384942915340883e-01 8.142027060874622579e-01 8.184020353279839455e-01 8.178071637868361554e-01 8.130859090935304012e-01 8.093936948866876646e-01 8.087220081276417227e-01 8.101459950196531201e-01 8.128805184981149345e-01 8.169620264097378071e-01 8.230440045166982355e-01 8.306037332488364067e-01 8.368780502443383673e-01 8.429782447243542309e-01 8.510393163559363261e-01 8.611749560130000924e-01 8.716356723045103339e-01 8.809475530841889279e-01 8.892395069117382533e-01 8.979922115052413334e-01 9.053132072995788704e-01 9.111549411155239753e-01 9.134316293578588208e-01 9.158805423072282625e-01 9.164894255931136380e-01 9.158749753256522075e-01 9.159150128228723542e-01 9.181278238007622994e-01 9.186664636437763543e-01 9.196782236725543624e-01 9.221076677369394181e-01 9.248090094969828590e-01 9.238913203295834320e-01 9.246954790654843270e-01 9.264554267732084680e-01 9.214219812868682524e-01 9.250453618181242454e-01 9.224140864095270453e-01 9.237413395010819483e-01 9.217543974214766900e-01 9.206873720261883332e-01 9.191756732761754423e-01 9.214290069528973115e-01 9.221758613258975723e-01 9.190930274160339364e-01 9.181152734646941260e-01
1.160746437965236495e-253 1.455523958385522905e-214 5.023549392364470679e-182 1.371571125765650006e-155 6.641140893257241545e-130 3.865270604177582314e-107 6.313968235714825651e-88 2.611434952145057719e-73 2.744211776930210720e-59 7.793747153382748926e-48 4.425357970443451881e-35 6.092529166763197876e-26 2.783064194685478928e-16 3.325628971728418689e-09 8.163554109681339099e-01 8.987812487402853101e-01 8.792655392965904593e-01 8.594339783644431296e-01 8.432024926540790943e-01 8.311743403996381119e-01 8.286830044229901437e-01 8.173150637201741509e-01 8.139169347401487009e-01 8.187767256631954815e-01 8.297292595855474406e-01 8.387534155751438236e-01 8.409182454961230402e-01 8.373925796994482473e-01 8.314532974813839683e-01 8.272575625981718472e-01 8.265405211028178378e-01 8.281547514196438975e-01 8.320324110839003584e-01 8.346328649572235525e-01 8.407172295745737323e-01 8.455417641457928513e-01 8.510412016453275941e-01 8.575084623779311022e-01 8.644202483120516645e-01 8.729709069443477576e-01 8.818248299170978743e-01 8.906684096360679703e-01 8.972697040588637485e-01 9.052942602963324203e-01 9.121037536110495614e-01 9.190821412727078199e-01 9.241681168322538609e-01 9.278630727791572497e-01 9.312887204244008066e-01 9.329800809377796211e-01 9.338060923912578914e-01 9.360454278100808212e-01 9.375515435259808017e-01 9.390675273327867556e-01 9.404192105943626201e-01 9.420358034859712681e-01 9.442870960683956705e-01 9.464353078485762127e-01 9.486577220684266898e-01 9.483799189353727677e-01 9.512631280044172577e-01 9.516364859650706665e-01 9.537996243027414556e-01 9.535994902256601513e-01 9.549333937626576230e-01 9.546241176748178070e-01 9.556002768574446415e-01 9.574701199038976318e-01 9.559490061566063845e-01 9.568146108548880591e-01
5.179239721055930841e-244 8.759326940793387679e-205 1.494164456081001964e-174 1.021545425344654986e-141 6.051705255287837517e-116 1.520972362523417700e-98 1.298324058344427903e-79 5.026060314805331719e-62 2.802658175835879353e-49 7.088635782593384763e-36 2.334196857000899480e-25 1.852052707067686174e-15 5.032909334691321080e-07 9.291158698313535247e-01 9.220650966749677213e-01 9.013589837514981440e-01 8.817849089932198181e-01 8.680845593628581103e-01 8.551220305183721004e-01 8.542627287112469769e-01 8.443468931318834914e-01 8.348569305349536895e-01 8.367496301136485570e-01 8.449497395666463184e-01 8.539831614396676818e-01 8.584578428983947740e-01 8.589598119948271826e-01 8.537035546274143183e-01 8.470470122439188732e-01 8.451073202267682660e-01 8.431139839590080509e-01 8.450349072428059438e-01 8.482539425192263671e-01 8.512106194392649039e-01 8.557374390735872360e-01 8.604268263349932333e-01 8.648896661517228024e-01 8.696447303727802280e-01 8.757962105206873460e-01 8.831888584057966396e-01 8.911480306751878855e-01 8.998473283628224406e-01 9.056233322476208158e-01 9.108457764066059115e-01 9.163695674537198910e-01 9.223991059516011282e-01 9.275375098478593205e-01 9.323463368341849966e-01 9.362645371962322605e-01 9.389980044052711472e-01 9.417940862557497850e-01 9.433214781822261141e-01 9.451817021511835781e-01 9.467606194208550985e-01 9.484145984429301901e-01 9.496474000155278317e-01 9.514509182129702314e-01 9.524343847092857640e-01 9.545058425075916286e-01 9.564297661207553647e-01 9.576673110159186209e-01 9.591467652288655499e-01 9.607932199960768083e-01 9.628566096298917243e-01 9.636164790994806717e-01 9.651597839411950597e-01 9.664597104173304754e-01 9.668982454800792992e-01 9.679787477912785709e-01 9.691599449247916276e-01
2.428757886939819043e-233 9.841184852940816623e-196 5.268148709247828853e-162 1.313801187113591646e-130 6.222675199014580445e-106 6.042352182533021676e-86 3.432955417748069914e-66 1.474048073789035144e-50 9.983462283195772590e-37 1.560637297997348575e-24 1.739590804800138202e-13 6.164488077965872836e-01 9.561789288280140298e-01 9.397498966334187909e-01 9.204038568560711786e-01 9.011834519843380242e-01 8.897848307019781133e-01 8.779241237053908575e-01 8.755421841813849637e-01 8.685878875661060539e-01 8.557100904074429470e-01 8.537543146259874982e-01 8.612448355628362640e-01 8.681071089736555058e-01 8.740270470647171219e-01 8.771660881515597197e-01 8.738963342652720234e-01 8.672749910186158262e-01 8.619618311125271104e-01 8.584778250637175034e-01 8.571612724058375044e-01 8.596185061650878367e-01 8.628152384802488806e-01 8.651152635116768908e-01 8.694312461446096485e-01 8.727142021414340256e-01 8.778432689166949521e-01 8.815446705974282482e-01 8.860963483048274192e-01 8.925031789991982878e-01 8.997220551819489209e-01 9.072131392219731083e-01 9.137457179762777937e-01 9.175369895263398856e-01 9.211243937055277886e-01 9.256828083661118312e-01 9.302804685419180375e-01 9.350407732793126758e-01 9.384575330921434144e-01 9.420897260216141156e-01 9.441144485377594986e-01 9.471285787078352891e-01 9.485439506877753058e-01 9.500670512944011659e-01 9.518785635114198618e-01 9.535597186679413140e-01 9.550901588880872373e-01 9.563696856741272789e-01 9.578142378904455079e-01 9.587085004354157780e-01 9.599899548768258128e-01 9.615195714347495315e-01 9.628170258992309050e-01 9.636788095137697185e-01 9.647163228539141766e-01 9.661091327531023953e-01 9.671658622335073119e-01 9.677800926237025703e-01 9.694318128331836926e-01 9.705814682318779640e-01
5.081665575699207112e-222 1.287311530966746734e-180 1.481645683854114192e-146 1.693414651532748374e-117 5.574290239327127972e-91 8.573479424918064063e-71 8.906018384944847310e-52 8.710107754073351614e-37 2.086782432148255233e-21 1.606884634233899031e-09 9.713068935964603856e-01 9.683408797429713388e-01 9.509294701393143923e-01 9.346836436990283437e-01 9.211256703794509226e-01 9.089954354611282650e-01 8.985203818392601960e-01 8.931922783566264012e-01 8.902491058310509908e-01 8.779033904589287340e-01 8.709965107340463808e-01 8.745519659505145427e-01 8.825741053710771666e-01 8.864941853036211183e-01 8.921483796151583601e-01 8.912758518621546333e-01 8.869298636933791169e-01 8.799030559235455629e-01 8.740169915193000127e-01 8.710535135676924501e-01 8.721730220039765058e-01 8.732137253959192380e-01 8.749832498507816858e-01 8.780600388255068722e-01 8.805045276248577579e-01 8.845266241672734564e-01 8.884063370824872852e-01 8.910255739680771336e-01 8.968026455468617320e-01 9.016487102879400251e-01 9.067415477140365887e-01 9.153553158889324859e-01 9.203265834398564049e-01 9.245527436453558900e-01 9.272711043979506851e-01 9.302054666942153327e-01 9.330427082180903220e-01 9.373036966962843275e-01 9.410769815157082885e-01 9.443516366066703194e-01 9.469160608745710306e-01 9.492831490894398927e-01 9.509126595923411696e-01 9.532158428015011786e-01 9.543965342501811167e-01 9.558044629280918469e-01 9.572466072619556510e-01 9.583217574590011667e-01 9.596915874212342823e-01 9.611255871926562833e-01 9.623701816730149128e-01 9.631446393435872944e-01 9.641788414675667163e-01 9.652572538149133408e-01 9.658338620928591522e-01 9.670104913716344175e-01 9.677753752306194057e-01 9.686712352624728961e-01 9.694825645261965219e-01 9.702850506692067833e-01
3.577206937656238456e-207 2.489441094605032566e-163 4.025988845648803028e-132 1.394560470704295268e-101 4.254375651415935297e-76 5.165826554907503666e-53 3.227022941056386714e-33 1.298056976435237106e-17 5.967794574381913436e-02 9.865327196277070554e-01 9.757186686552655752e-01 9.619434983143834161e-01 9.470408344746095164e-01 9.354109522434199686e-01 9.250407896703417565e-01 9.163461625627884466e-01 9.109592937859302131e-01 9.090801031324916570e-01 8.979858347490118353e-01 8.883813913247892158e-01 8.893341224016846347e-01 8.955623239533936353e-01 8.992494100435423077e-01 9.034169768758057995e-01 9.051465656368433699e-01 9.029620725287185179e-01 8.979575377894742916e-01 8.909794503884360672e-01 8.866743928124442009e-01 8.843916780524304633e-01 8.850912383317827148e-01 8.852925988429325432e-01 8.880159131852470855e-01 8.891019036388417840e-01 8.927794059333465926e-01 8.954532448179882698e-01 8.988084291102773626e-01 9.012827028988386058e-01 9.051460979534151630e-01 9.094938714667570867e-01 9.143957039013348442e-01 9.201335255788816170e-01 9.265773762497623300e-01 9.305003384959803503e-01 9.339846309590190687e-01 9.359676511810391952e-01 9.376907340961677662e-01 9.400583397835963195e-01 9.428077815196329592e-01 9.453098211491587355e-01 9.489616187242961853e-01 9.510396787957440257e-01 9.530226201177455225e-01 9.548529834741302791e-01 9.562772669895065469e-01 9.577623791645319962e-01 9.590976326621509784e-01 9.602420246596142794e-01 9.611786950601570734e-01 9.623537780752922099e-01 9.632863606363670783e-01 9.643951517744802082e-01 9.655348063344683096e-01 9.664431431222894053e-01 9.676038200966647906e-01 9.683519757369016823e-01 9.692451500601138026e-01 9.697787696065123253e-01 9.706513355949606403e-01 9.710201618771155951e-01
9.444869299545713531e-186 3.418132712694644594e-145 1.339910623969229308e-105 2.937969978246207369e-78 3.433160252431715593e-52 3.529105921256265765e-31 4.123956301224703212e-13 9.944202048692318829e-01 9.905877562207491271e-01 9.812667116197415496e-01 9.706597136605159548e-01 9.593891710056134947e-01 9.490053223038509289e-01 9.396879724449167526e-01 9.335627357208757804e-01 9.254742167215085358e-01 9.258027144988610901e-01 9.183561311639191205e-01 9.075679156486309296e-01 9.042263832147219293e-01 9.066813962585384967e-01 9.124030428497061918e-01 9.152568973911623385e-01 9.170939169348900633e-01 9.157482242788709259e-01 9.130989138331565558e-01 9.064708485727861476e-01 9.007470901028166166e-01 8.975554055894907624e-01 8.960966340575579059e-01 8.969694383584482233e-01 8.978497134331877572e-01 8.999173446821269184e-01 9.011440515225215275e-01 9.026811445085635155e-01 9.052912012112604989e-01 9.085193941028100184e-01 9.115190112684150581e-01 9.143522034012231403e-01 9.170235866794389512e-01 9.217374858452352937e-01 9.267160155277267553e-01 9.325807473100972134e-01 9.361988932606946090e-01 9.399717227358679317e-01 9.418072768057738076e-01 9.427648629155321869e-01 9.443307180939685130e-01 9.459758438238581313e-01 9.483783659826504620e-01 9.503375376301270716e-01 9.529191868664316223e-01 9.547403805474917737e-01 9.571087746158201126e-01 9.585062818103365911e-01 9.597412690359810039e-01 9.613408068807830498e-01 9.624220852026135198e-01 9.632227173893221917e-01 9.639154308513856462e-01 9.647473673254408633e-01 9.655071202069264169e-01 9.667672822537662913e-01 9.673478534871879919e-01 9.680698718673144132e-01 9.690100823362894911e-01 9.698838987551137159e-01 9.708783641667247943e-01 9.713409298220672117e-01 9.722894494439684454e-01
5.103022089145632186e-160 2.443510911256204994e-121 2.231361593422840383e-83 1.185657827128754266e-50 3.068793347850624737e-27 1.818939770656567297e-05 9.977615202185751153e-01 9.933152726352135753e-01 9.858355444797421985e-01 9.770978152066487343e-01 9.685680490632561090e-01 9.601603282266234496e-01 9.531788995039894852e-01 9.485534919851377200e-01 9.399012891714321194e-01 9.384852746631540121e-01 9.350513962788501443e-01 9.244709961232319140e-01 9.182996514736571081e-01 9.203870924846160317e-01 9.225180291585873826e-01 9.258555005000128624e-01 9.275084695761266484e-01 9.287271615574270722e-01 9.266057981379569597e-01 9.215756431804796867e-01 9.173583938755954792e-01 9.115527502866609399e-01 9.078878209603513660e-01 9.074396465991630967e-01 9.075288878173289886e-01 9.090247980470559375e-01 9.101580617720022026e-01 9.125519009963976025e-01 9.140907809525939953e-01 9.161107601666985678e-01 9.177062581240198469e-01 9.209955727257703728e-01 9.229234211577710401e-01 9.249304349389873003e-01 9.284344662013080951e-01 9.325286503329185406e-01 9.382988041346886909e-01 9.425715223455987113e-01 9.453589901704876342e-01 9.472177137263509961e-01 9.483240651845682434e-01 9.496310612332113932e-01 9.503710844108050892e-01 9.524568496326516476e-01 9.534589139935096824e-01 9.554425014124885429e-01 9.571578790192347697e-01 9.586076579590000479e-01 9.606019887911200206e-01 9.619380425209401730e-01 9.632420571655300190e-01 9.648593026814076268e-01 9.658475690678931525e-01 9.663880232673492943e-01 9.669027508978809138e-01 9.675243097267473003e-01 9.682779866573387739e-01 9.687461677867374998e-01 9.692312852729897399e-01 9.698669576647727109e-01 9.708983285890172565e-01 9.712093913015554802e-01 9.722005909345625696e-01 9.727947783985635422e-01
1.445052890083830720e-125 1.224072171030834019e-86 3.948758258843389510e-48 1.844177531193614759e-19 9.995546268312399674e-01 9.987675343387621973e-01 9.957029490513547021e-01 9.901700156915355100e-01 9.834532900368155861e-01 9.772078438724326466e-01 9.704098652890146282e-01 9.644129293685006488e-01 9.600412836647019832e-01 9.543778135360994064e-01 9.508341411895400164e-01 9.493906769931653722e-01 9.416377474635038158e-01 9.338510131325292729e-01 9.317950173116151813e-01 9.337070172946493329e-01 9.355482039497918789e-01 9.386550656047532026e-01 9.393289146291449176e-01 9.387628482882716119e-01 9.353171686964979470e-01 9.306303658983861027e-01 9.251239522790537517e-01 9.207744768319627848e-01 9.185417120654412182e-01 9.187870082696191210e-01 9.186745196685048853e-01 9.204665995476074558e-01 9.212163201469397711e-01 9.223511719365290462e-01 9.243354976878832563e-01 9.253090614497930799e-01 9.276731939820661577e-01 9.292961829782159233e-01 9.311588165770070535e-01 9.327403204112069135e-01 9.360974454522891230e-01 9.395146897268822350e-01 9.438368351302645065e-01 9.468092051422567490e-01 9.508019489481908115e-01 9.525221806865670215e-01 9.535399521092355890e-01 9.553654345105532242e-01 9.562645503433333527e-01 9.570079764214509677e-01 9.579727955566555986e-01 9.590087666843719605e-01 9.596261514758155364e-01 9.614155628539653442e-01 9.628833861969494645e-01 9.643013286159139996e-01 9.656930311488864938e-01 9.670479899137162105e-01 9.679347808101931294e-01 9.689185896253890151e-01 9.694233686859518029e-01 9.702459624920407588e-01 9.705535380790057953e-01 9.711211112868108897e-01 9.718167365436212179e-01 9.723716194896435683e-01 9.723133778123377313e-01 9.731814403514041922e-01 9.735710127040845263e-01 9.740211698501093363e-01
8.733561219122548761e-86 6.958858792451742616e-45 3.485023492636299744e-10 9.999456903794554652e-01 9.994383700766675815e-01 9.974495014089735934e-01 9.940286097741100058e-01 9.893716116411783723e-01 9.844977243003305567e-01 9.800020577065613470e-01 9.750554611725698040e-01 9.703085651794267630e-01 9.666497618220688537e-01 9.614056478509742654e-01 9.600309335686098011e-01 9.570293984687328059e-01 9.481965083900778524e-01 9.436407626452695263e-01 9.448049130936428952e-01 9.460695539969325996e-01 9.482849459253175350e-01 9.492923772986524567e-01 9.500744316728413352e-01 9.484470792846054765e-01 9.435676005719357828e-01 9.379760274942778864e-01 9.334456891415696678e-01 9.303560455294554998e-01 9.293034674896820668e-01 9.287433554032178407e-01 9.296482601836300041e-01 9.297641183135485488e-01 9.314670818440604627e-01 9.323654904675393595e-01 9.334005431155335542e-01 9.347824349367988006e-01 9.366109275786291821e-01 9.379142984273287631e-01 9.394028571531298777e-01 9.412702413652376254e-01 9.432934250157541944e-01 9.458440430177853520e-01 9.488867555229114625e-01 9.524234353222965632e-01 9.558567628801066807e-01 9.580304937258194986e-01 9.597005519412054042e-01 9.605251270678243358e-01 9.613520721866716245e-01 9.617465303551325784e-01 9.629328470658899963e-01 9.629421388458779818e-01 9.641210444303031091e-01 9.647678737223994716e-01 9.658811750074169922e-01 9.670433045461613863e-01 9.678765674449271161e-01 9.691919034141920353e-01 9.706436561360142212e-01 9.714079834508941858e-01 9.723147376457526025e-01 9.731816206888177501e-01 9.737271238223740299e-01 9.743180883655255808e-01 9.745127133263721264e-01 9.748776835252546125e-01 9.753520206348927912e-01 9.755306138324988385e-01 9.756762513896641842e-01 9.762714522844923026e-01
3.365336104005975615e-38 9.999390254877935647e-01 9.999926157505710789e-01 9.998284544595922307e-01 9.990166170176428828e-01 9.971109022046450443e-01 9.943836817606538370e-01 9.908233704695352806e-01 9.873329757710599397e-01 9.841235691609191427e-01 9.797844055448481360e-01 9.775253214164928428e-01 9.722765497371000931e-01 9.697500903982035902e-01 9.688774003842394178e-01 9.635648676810325552e-01 9.559838818890774581e-01 9.550787074315174596e-01 9.570993587193301622e-01 9.577386989856850885e-01 9.589016953794078368e-01 9.593350006031363675e-01 9.585925692202276194e-01 9.560117699339812924e-01 9.517620111174486253e-01 9.473282341186776145e-01 9.443210724610368034e-01 9.420104664048686294e-01 9.397918300617082998e-01 9.405381869719037224e-01 9.397419357439417142e-01 9.396201660634023733e-01 9.413745450900294909e-01 9.425095428660963393e-01 9.437698438010465596e-01 9.445271796348467808e-01 9.460882796747672741e-01 9.469073740637782288e-01 9.492435432153831787e-01 9.501013230641799368e-01 9.507822644070761386e-01 9.527966044633537912e-01 9.558914860492733201e-01 9.589479762238882765e-01 9.613814428269347179e-01 9.640025593536289961e-01 9.659079382710429318e-01 9.664812856433091515e-01 9.668285304442884032e-01 9.678866964140369067e-01 9.683082274485990126e-01 9.685863696584992022e-01 9.690709530808396810e-01 9.694712564738039440e-01 9.700867344268097048e-01 9.713160353405485559e-01 9.723262459474755204e-01 9.728223216296929543e-01 9.732805249114454549e-01 9.745653186115763589e-01 9.754904098503914822e-01 9.759589341376739835e-01 9.767323281244281175e-01 9.772342265812270501e-01 9.777373936527439247e-01 9.779383607616882745e-01 9.784348899945620737e-01 9.788109966856668454e-01 9.790940732218020859e-01 9.794275944196570993e-01
9.999998481223577596e-01 9.999996572386775640e-01 9.999792426620297547e-01 9.997819384274085897e-01 9.991451291663691059e-01 9.977551503741967087e-01 9.961700801277069139e-01 9.935284117619546107e-01 9.911652095573889598e-01 9.880344511320563461e-01 9.860625187429994387e-01 9.830883801763018459e-01 9.797785427511911394e-01 9.783733133969046980e-01 9.763293542700735017e-01 9.710982924809208328e-01 9.678396546525757094e-01 9.673149243773760952e-01 9.693311762020451194e-01 9.688919337304534585e-01 9.679896822226556896e-01 9.686755769314034925e-01 9.672145745040743314e-01 9.662481558336787346e-01 9.607605374244380103e-01 9.574351412085058133e-01 9.555104618775935865e-01 9.530180061358166643e-01 9.528604271121685620e-01 9.518738036927987256e-01 9.527100220030206845e-01 9.520384107730266443e-01 9.534159485890218999e-01 9.539880548101481450e-01 9.548598083463528674e-01 9.554929060114094597e-01 9.557322649036023021e-01 9.572491505970074366e-01 9.586616226047148803e-01 9.583748087124355219e-01 9.594964824801104353e-01 9.610915243530185892e-01 9.631214722425495145e-01 9.654649318454363582e-01 9.676663324464447324e-01 9.694255322082794279e-01 9.711933276578162966e-01 9.722827495082494442e-01 9.733046787696852942e-01 9.732097275405542369e-01 9.731250405710731854e-01 9.743925299642804960e-01 9.744900693020318583e-01 9.747523992251775349e-01 9.754140673538975737e-01 9.759364272280183217e-01 9.763205183994976277e-01 9.767225925788523000e-01 9.776080322357697527e-01 9.783357388080760053e-01 9.787670170411070236e-01 9.794849733662311930e-01 9.805384189094894509e-01 9.812583593646370117e-01 9.811927921320604540e-01 9.819925774498486915e-01 9.819540230044885298e-01 9.821429473255720577e-01 9.825306283223904646e-01 9.829082218637259505e-01
9.999999996214534725e-01 9.999997547906753770e-01 9.999862104977708110e-01 9.998873609482786806e-01 9.995754644549175172e-01 9.988616707969290021e-01 9.975711552047199504e-01 9.961979030981845673e-01 9.943721584542977165e-01 9.924619533632491608e-01 9.904046441843129545e-01 9.884347441197748330e-01 9.863630822333274706e-01 9.857662032389549189e-01 9.834081267090636347e-01 9.785955617966839437e-01 9.772904496654355455e-01 9.765671891297675877e-01 9.769652719576791267e-01 9.786657325065768465e-01 9.771836633890103041e-01 9.775589395544098670e-01 9.757212237550902945e-01 9.728083787866473875e-01 9.695465989348791558e-01 9.661232333822922236e-01 9.638136507854131452e-01 9.626559554558506981e-01 9.617310350297531008e-01 9.627938608319307479e-01 9.619004276205097570e-01 9.620892337652313664e-01 9.620703803295247436e-01 9.620100233979935744e-01 9.627148935213462044e-01 9.632868103278197092e-01 9.647908419019974868e-01 9.649698984070116392e-01 9.661735482563461597e-01 9.657229686017499981e-01 9.672530742456001418e-01 9.679706482258422229e-01 9.695074040835898188e-01 9.709058667393666298e-01 9.727883408485695771e-01 9.752015966218356979e-01 9.769847778916336267e-01 9.778106579820629030e-01 9.785101411459424803e-01 9.789170033016060257e-01 9.787799589339205575e-01 9.784014147600296196e-01 9.784430823206080596e-01 9.790168960475339466e-01 9.797707324666968809e-01 9.795660472492229154e-01 9.801338789368099214e-01 9.806005467504442796e-01 9.807404389481836349e-01 9.810903142869805693e-01 9.815897419808172764e-01 9.818597393284245189e-01 9.828527509384387129e-01 9.833867769018230787e-01 9.836481690713748671e-01 9.840333922863200300e-01 9.842986987972828228e-01 9.850141542756235546e-01 9.851884645512892780e-01 9.853529967514730314e-01
9.999999998517953292e-01 9.999998603477464609e-01 9.999936964048115051e-01 9.999485606330672516e-01 9.997597056692506534e-01 9.993361119354380318e-01 9.985604830142451593e-01 9.975998397581083976e-01 9.964376328911195291e-01 9.951875094856157400e-01 9.935113620266282641e-01 9.913956776641594804e-01 9.906939509217489448e-01 9.895695866844858024e-01 9.865811993288318149e-01 9.836809508376311850e-01 9.824353269467159810e-01 9.827971120944638539e-01 9.828040548990294445e-01 9.833376164773659500e-01 9.822158500526906311e-01 9.813749477229684048e-01 9.792312774307883050e-01 9.761883673962440389e-01 9.728861291829630220e-01 9.706090270893976690e-01 9.698085940217450185e-01 9.689965855709675724e-01 9.676510480136020220e-01 9.674523680460831443e-01 9.668340871497851374e-01 9.679919290241127960e-01 9.680375073265132801e-01 9.680387818462101723e-01 9.685972534640620024e-01 9.691145786306956111e-01 9.693555875248631715e-01 9.700747092390923365e-01 9.704817185498877397e-01 9.709553982500307434e-01 9.717067731658766139e-01 9.722007347547722000e-01 9.725792424861802177e-01 9.736350474570382163e-01 9.757988185691248706e-01 9.771235475797631631e-01 9.788395683857576968e-01 9.797300122859172733e-01 9.806762561438021608e-01 9.809507266803554337e-01 9.813114585037298054e-01 9.817794406033178989e-01 9.813572829887121651e-01 9.818446370535918177e-01 9.818939232579969589e-01 9.819513228968196339e-01 9.820953252905266773e-01 9.818722036369901263e-01 9.825955371470164179e-01 9.827187215071222504e-01 9.833455923746390326e-01 9.834789202580933587e-01 9.840324508600926112e-01 9.844764329315289775e-01 9.851245194560982466e-01 9.852452778787377241e-01 9.855304496787842261e-01 9.858611586669060456e-01 9.861964826581307575e-01 9.864678579218656429e-01
9.999999996458206475e-01 9.999998726836183405e-01 9.999954227494662895e-01 9.999531467645932370e-01 9.997978911817723136e-01 9.994361279657808517e-01 9.988098727418750489e-01 9.979829650692705334e-01 9.968076699385560735e-01 9.958823148798648939e-01 9.942927029964370167e-01 9.928602826117015612e-01 9.922288430911576640e-01 9.903188690657084292e-01 9.871128467343203150e-01 9.853490807655127526e-01 9.847819051890795983e-01 9.850234999033372629e-01 9.852523347254213970e-01 9.848182140549147645e-01 9.837573541996769144e-01 9.829311326321978903e-01 9.807124615614187801e-01 9.775787514178562176e-01 9.746217554495574253e-01 9.732243950450762959e-01 9.714970737648660482e-01 9.711026592703746463e-01 9.706758708280057713e-01 9.703772252755363814e-01 9.696366826958416896e-01 9.701612617280230833e-01 9.702870026847013607e-01 9.702455910479187429e-01 9.706683545566344717e-01 9.707336042651651953e-01 9.713745034329961392e-01 9.716449933056323651e-01 9.723903143985467290e-01 9.730662329953085887e-01 9.732088145658472911e-01 9.737681147464334330e-01 9.741297440040291855e-01 9.751348101811381230e-01 9.766042892065871506e-01 9.780070320561633501e-01 9.792554848590205863e-01 9.803561347097625722e-01 9.809660661978022445e-01 9.816262524173489101e-01 9.822703996759430956e-01 9.824510915907535002e-01 9.825269196610031397e-01 9.827918783073608111e-01 9.825004564881905100e-01 9.828310602065820634e-01 9.828465367848366885e-01 9.830046069842540701e-01 9.832349132587016038e-01 9.834559965441616036e-01 9.837518728588204864e-01 9.838484172504765590e-01 9.843780453831383337e-01 9.846322336200976633e-01 9.848299539686746762e-01 9.853424035130446956e-01 9.859115406150603667e-01 9.859929792671765503e-01 9.864189404470288247e-01 9.867569057684416611e-01
9.999999990804088190e-01 9.999997113025677065e-01 9.999909551218382209e-01 9.999390624604870270e-01 9.997572397089250495e-01 9.993235122580157448e-01 9.986990284228584036e-01 9.979112246044909984e-01 9.967543258886890634e-01 9.958103544599363754e-01 9.940874706285112161e-01 9.930495532241534473e-01 9.921144354916856534e-01 9.896930433557146189e-01 9.871155469819666850e-01 9.859668752004110415e-01 9.859615792010486546e-01 9.858595198429973561e-01 9.855946339169696646e-01 9.851915163530992059e-01 9.843671302154827218e-01 9.827155506121048045e-01 9.800953227899845688e-01 9.770940038697456531e-01 9.747543664217067638e-01 9.733025787744865598e-01 9.724643041795764109e-01 9.718587479531423101e-01 9.712375712113829884e-01 9.710532551206015883e-01 9.706488597274487429e-01 9.708156131872788253e-01 9.708935595527785622e-01 9.709179360613283682e-01 9.710945155589375544e-01 9.714734219188123632e-01 9.718853999681049682e-01 9.725038326433751434e-01 9.729856086952840544e-01 9.735434291046690669e-01 9.740224735473180795e-01 9.743270279590100502e-01 9.748674374877892568e-01 9.753417458912136961e-01 9.760005706385352919e-01 9.773313985988502095e-01 9.788420314775772013e-01 9.800190777025481470e-01 9.809565086600181560e-01 9.817332631766935158e-01 9.822035764756568144e-01 9.823991659703095181e-01 9.827267572655614680e-01 9.828284125031790941e-01 9.830790587340776376e-01 9.831243936695289731e-01 9.832356398438563128e-01 9.832863013192139068e-01 9.834081793307970498e-01 9.835440172392357905e-01 9.837043657501349792e-01 9.839263679337090229e-01 9.840949496121790263e-01 9.843265796071615226e-01 9.847055851219405076e-01 9.849836576007610089e-01 9.852821663290457499e-01 9.857111891338102838e-01 9.862071856662267821e-01 9.863589345182883772e-01
9.999999786227032894e-01 9.999988354307952632e-01 9.999815559748908012e-01 9.998958896412460939e-01 9.996247393852575325e-01 9.991587446246389392e-01 9.984356771829523414e-01 9.974605084784384790e-01 9.964271496142772522e-01 9.950066253445971620e-01 9.936554943936607431e-01 9.928971906590821073e-01 9.914566567720041190e-01 9.886491542342261685e-01 9.867506458035145700e-01 9.861962418048456636e-01 9.860575316380187916e-01 9.858756164999520344e-01 9.854916593173957962e-01 9.849130676471281598e-01 9.835223585120675960e-01 9.814346305071478538e-01 9.787408172465934530e-01 9.760810881291590579e-01 9.744167637954754824e-01 9.732235803272449859e-01 9.724828990167760923e-01 9.718003483770955020e-01 9.714113847245832156e-01 9.710704604203543866e-01 9.708596620052107884e-01 9.708915293934893276e-01 9.709381595886696914e-01 9.710234516896840695e-01 9.713493616476448489e-01 9.716335924790864276e-01 9.720729502223812712e-01 9.726339652561487581e-01 9.731672828186406221e-01 9.737137722290647446e-01 9.741599048442398656e-01 9.744975215861131357e-01 9.748678302659941064e-01 9.751880540633601768e-01 9.758363084072527727e-01 9.767838728098604539e-01 9.781115001739087988e-01 9.793417655145888467e-01 9.802216581886885605e-01 9.810660229281679134e-01 9.818343876672075421e-01 9.821716953776283843e-01 9.824591438679805000e-01 9.827569507859054143e-01 9.828661234423214932e-01 9.830957558909719785e-01 9.831273554988597674e-01 9.832117626202718785e-01 9.833394964390330673e-01 9.834128627934142219e-01 9.835417467265730185e-01 9.836447303646361773e-01 9.838328816642418762e-01 9.840392796673137488e-01 9.843571585804751223e-01 9.845774758094651968e-01 9.849020108376278504e-01 9.850813579013405485e-01 9.853086641353560049e-01 9.858007913837569802e-01
9.999997022674982361e-01 9.999922490767153560e-01 9.999475979167909978e-01 9.997781010141233438e-01 9.994090692959226585e-01 9.988277500189990388e-01 9.978846477930191083e-01 9.968955421650614879e-01 9.958134889557179736e-01 9.942430560228157077e-01 9.932326254372078056e-01 9.920699679163107465e-01 9.899518552949758687e-01 9.874670263685131344e-01 9.864506003580966187e-01 9.861394956749610641e-01 9.858963095571066093e-01 9.855899213688359417e-01 9.850216101802913293e-01 9.840409852929296042e-01 9.821856504515934505e-01 9.797142929715670912e-01 9.770174000681288717e-01 9.751457098730355044e-01 9.738960474699879244e-01 9.728660667215315305e-01 9.721415234797481375e-01 9.716653319496207919e-01 9.712010844831993062e-01 9.709150492886693407e-01 9.707907108256106365e-01 9.706602567766231537e-01 9.707809798400085510e-01 9.709130076375632745e-01 9.711638138530107600e-01 9.715784054704083017e-01 9.719814491829166236e-01 9.724168424163672775e-01 9.730406164360404508e-01 9.736155239467498834e-01 9.741284972961582467e-01 9.745294218248140572e-01 9.748150972892607458e-01 9.751249499866949666e-01 9.755717615686777533e-01 9.761004435346456454e-01 9.771116548511399325e-01 9.784481726002296487e-01 9.794823847930835825e-01 9.802183410096304561e-01 9.810218608453742384e-01 9.816074257343304632e-01 9.821308111312302414e-01 9.823581420243359119e-01 9.826844305043654915e-01 9.828408441840017495e-01 9.830049034656412887e-01 9.831559090545431978e-01 9.832311664102214577e-01 9.833483413721766375e-01 9.834441206715923700e-01 9.835749201845608303e-01 9.836317300404053832e-01 9.838373043260905115e-01 9.839833006959425310e-01 9.840920154946390941e-01 9.843144537321523169e-01 9.844229831980115808e-01 9.846894696940473590e-01 9.849263352475651212e-01
9.999958596644281661e-01 9.999652257472713135e-01 9.998542078050507431e-01 9.995693377387540046e-01 9.990165199744657221e-01 9.982232847678322862e-01 9.971298969211708219e-01 9.960787871309958463e-01 9.945486915624565105e-01 9.935026763522141202e-01 9.924545285829899921e-01 9.907084801492223036e-01 9.884125947503690224e-01 9.868920707897265165e-01 9.862619905886402805e-01 9.859189191649088135e-01 9.855677786815334462e-01 9.849977189161839286e-01 9.840739434277662179e-01 9.826547593577245054e-01 9.804745114989790178e-01 9.781340997850462848e-01 9.758540462049279940e-01 9.744682070598175150e-01 9.733801399755618311e-01 9.725634874677451247e-01 9.719385775313225118e-01 9.713631903884478724e-01 9.710123850227061482e-01 9.707480668133432467e-01 9.705786940907579208e-01 9.705431101569418351e-01 9.706111038293120385e-01 9.707296867273674801e-01 9.710474693689579162e-01 9.713470639769595794e-01 9.718486989659188557e-01 9.723445468097733357e-01 9.729405014572568566e-01 9.735245879796705637e-01 9.740894199065261994e-01 9.744866307477884071e-01 9.748112485943377648e-01 9.750356247170691715e-01 9.753652312988647655e-01 9.757264291498184416e-01 9.764104057933733483e-01 9.773338965068713025e-01 9.784171440528571795e-01 9.791094393843684518e-01 9.799470389118107860e-01 9.808808983472357967e-01 9.814230049159405889e-01 9.819050167202649781e-01 9.822627314028646861e-01 9.825902980063463410e-01 9.827031131716734702e-01 9.829637219321335495e-01 9.830634407867568925e-01 9.831629002614492574e-01 9.832976792472656324e-01 9.834259929320966487e-01 9.834978028542045170e-01 9.836118618531214386e-01 9.837196459965417139e-01 9.838351019044772050e-01 9.839301212619337988e-01 9.841611135101618890e-01 9.843975495517152119e-01 9.843652330355334712e-01
9.999636766181565495e-01 9.998581469961360657e-01 9.995864177863608147e-01 9.991542924982269591e-01 9.984192576976725908e-01 9.973646086221051865e-01 9.962890428118045261e-01 9.950156533624757715e-01 9.936722454533842841e-01 9.926415850774573668e-01 9.911092236736124272e-01 9.889390686944443676e-01 9.873738805532505936e-01 9.864530822381114561e-01 9.859121241630703913e-01 9.854864017376768759e-01 9.848985677325132748e-01 9.840655418401663690e-01 9.828831227755787658e-01 9.810493112209149880e-01 9.787261203992461134e-01 9.765646477958823679e-01 9.750237449302361359e-01 9.738473698537664092e-01 9.730066634847712725e-01 9.722724590046839532e-01 9.716394908204223357e-01 9.711623010689780511e-01 9.707923429557856476e-01 9.705337328466844271e-01 9.703715276395163958e-01 9.703480300444918827e-01 9.704293729244997113e-01 9.705706682812085262e-01 9.707297275674339199e-01 9.710841166450544515e-01 9.716040933458643947e-01 9.720944642831654825e-01 9.727707528081235289e-01 9.733259653258774513e-01 9.739300839250489839e-01 9.743947642855224078e-01 9.747787481469315507e-01 9.750245944210248483e-01 9.752463585957558134e-01 9.755199359162012307e-01 9.758393276640763281e-01 9.765063687328490172e-01 9.773418872684003222e-01 9.778359984441714614e-01 9.789779508650963136e-01 9.798418122662879703e-01 9.806323750370419257e-01 9.810708177939138075e-01 9.817290811568427644e-01 9.819602822354471794e-01 9.823800977103982479e-01 9.826594424730534794e-01 9.828895331184852591e-01 9.829693554667099376e-01 9.831930762732291607e-01 9.832814405431634652e-01 9.833636096519373648e-01 9.834522383186486971e-01 9.835769704018380022e-01 9.836827255413070903e-01 9.837643095339618782e-01 9.838553636730129615e-01 9.839761883488986616e-01 9.841071973139573492e-01
-1.000000000000000000e+00 -1.000000000000000000e+00 9.991060472834587536e-01 9.984107492840033071e-01 9.974209634149174830e-01 9.963601425873741535e-01 9.951404854703796987e-01 9.936703287761627923e-01 9.926284069252072628e-01 9.912396784124754001e-01 9.894625801019301115e-01 9.878088830201644521e-01 9.866453282889763310e-01 9.859712976516072924e-01 9.853869725413704206e-01 9.846814025809501603e-01 9.838866423400211003e-01 9.828030006945814856e-01 9.810293557042887302e-01 9.791879954965040378e-01 9.771880695312986642e-01 9.755869418728640996e-01 9.743055888541853893e-01 9.733638331226110996e-01 9.725906815821987461e-01 9.718899760463726167e-01 9.713916151983922331e-01 9.708962791586278618e-01 9.705653192318642875e-01 9.703162289184313893e-01 9.701749307806100120e-01 9.701009885045129844e-01 9.701768772003898089e-01 9.703158337160660007e-01 9.704999514775897174e-01 9.709218213001479247e-01 9.713016383321982916e-01 9.718924826729955502e-01 9.724933177292648390e-01 9.731831570178942625e-01 9.738301454487647835e-01 9.743249520897219185e-01 9.747489891030359788e-01 9.749755563885340592e-01 9.751394864840622345e-01 9.753972069200758099e-01 9.756150665776013309e-01 9.760143379635731753e-01 9.764360303395203111e-01 9.768042922787908422e-01 9.777291060959234503e-01 9.786373511142189008e-01 9.795765614526745768e-01 9.800369212792117146e-01 9.808313290009972318e-01 9.813205454046771692e-01 9.817753185814499517e-01 9.820980379000643357e-01 9.824423509823380085e-01 9.826627953587822040e-01 9.828862047469816288e-01 9.830316865087164180e-01 9.832274116731783975e-01 9.832787612324733750e-01 9.834198474723077066e-01 9.835544191217160392e-01 9.836062071846654042e-01 9.837210655772993251e-01 9.838070268240466376e-01 9.838945418979641033e-01
-1.000000000000000000e+00 -1.000000000000000000e+00 -1.000000000000000000e+00 9.973657990179750632e-01 9.963290902730420617e-01 9.950103427489855878e-01 9.937217131096086620e-01 9.924820028780529935e-01 9.911255607427922332e-01 9.895764575401642116e-01 9.881353770083811661e-01 9.868192508639074267e-01 9.859647619939544416e-01 9.852810055188422345e-01 9.844633861764418015e-01 9.836028440899314829e-01 9.824682595447813416e-01 9.810582836955937802e-01 9.794817049466714165e-01 9.775085559734546514e-01 9.761712078705777618e-01 9.748015730280121804e-01 9.737865662124766120e-01 9.728859177815668557e-01 9.722064356765405257e-01 9.716059350975216891e-01 9.710457424138440041e-01 9.706261430825786629e-01 9.703163566308937726e-01 9.700917675484251879e-01 9.699170005862186583e-01 9.698641648349206612e-01 9.699406819869040852e-01 9.700507031904549438e-01 9.702933407568191670e-01 9.705268480810017584e-01 9.710609572350501484e-01 9.715625500265323566e-01 9.722113494642896647e-01 9.728800047800887363e-01 9.736305901714008559e-01 9.741573388996597194e-01 9.745993697116427379e-01 9.749123445063790916e-01 9.751421780877734813e-01 9.752709572791530279e-01 9.754465484888842353e-01 9.756007194738776089e-01 9.758971455579580345e-01 9.763648952737807862e-01 9.768414657579016502e-01 9.775868228045324626e-01 9.782028361107288905e-01 9.790515782482241969e-01 9.796570984474755051e-01 9.803400145799289200e-01 9.809373692683802659e-01 9.814655367711251355e-01 9.816805246255008166e-01 9.821456177994759562e-01 9.824689246238481610e-01 9.827271311437822954e-01 9.829342479177320957e-01 9.831146118442305459e-01 9.832668132350613766e-01 9.834259354962306965e-01 9.835111525905819718e-01 9.836638559743933197e-01 9.837039794895661160e-01 9.837858439821903778e-01
-1.000000000000000000e+00 -1.000000000000000000e+00 -1.000000000000000000e+00 -1.000000000000000000e+00 9.949725673000079373e-01 9.934736326775432946e-01 9.923067467367890915e-01 9.909210981486653580e-01 9.895122713383790458e-01 9.881209852382007996e-01 9.870034575816024613e-01 9.859661785175141135e-01 9.851231406372749078e-01 9.842441321342814131e-01 9.833524048437344289e-01 9.822486116452519012e-01 9.809745238428917435e-01 9.795204921369272677e-01 9.777991826848185797e-01 9.764330939106670160e-01 9.751719782300516393e-01 9.741289186776221909e-01 9.732761314842175437e-01 9.725362092974828565e-01 9.718253381852756112e-01 9.713022706565127562e-01 9.707643209490466329e-01 9.703639384162702219e-01 9.700377494753782415e-01 9.698378015804507424e-01 9.696788193929956057e-01 9.696407013773872263e-01 9.696389138860623813e-01 9.697880541294268131e-01 9.700067571199378902e-01 9.703295643359546307e-01 9.706649689443920259e-01 9.711992910958108238e-01 9.718984961134984335e-01 9.726079834037842931e-01 9.733296653365103301e-01 9.739241105754360417e-01 9.744848155674515899e-01 9.747895239349441132e-01 9.750635801409707204e-01 9.752421833057089984e-01 9.753186401821981599e-01 9.754338774021120706e-01 9.756013581203893947e-01 9.758291482122565252e-01 9.761989989446312466e-01 9.765430034572986084e-01 9.770941668191001073e-01 9.776030806608756452e-01 9.785875403278380125e-01 9.790275176818629133e-01 9.796851473678763744e-01 9.802672781006565028e-01 9.810039531293381909e-01 9.814665759212711782e-01 9.818635971460536460e-01 9.822050938290998179e-01 9.825963077136906643e-01 9.828068963867111485e-01 9.830421681817193003e-01 9.832176957607033918e-01 9.833698760675325667e-01 9.835208686024405900e-01 9.835986640923357616e-01 9.837343785554576447e-01
-1.000000000000000000e+00 -1.000000000000000000e+00 -1.000000000000000000e+00 -1.000000000000000000e+00 -1.000000000000000000e+00 9.919296611012525799e-01 9.907338365576010553e-01 9.894668712335659144e-01 9.880897803508769117e-01 9.869021708645898672e-01 9.858286437096318577e-01 9.848002171089028645e-01 9.839349695567330967e-01 9.830097584231827224e-01 9.821315400247409011e-01 9.807769826391106172e-01 9.795568612310189271e-01 9.782279085977036992e-01 9.768088859611329111e-01 9.755737250783368397e-01 9.745734857014475283e-01 9.736201385115751394e-01 9.728204936720992180e-01 9.721541129157640349e-01 9.715259732513386037e-01 9.709307165001167528e-01 9.705319745958007616e-01 9.700955557983343969e-01 9.697914553857963638e-01 9.695959872601407348e-01 9.694424340429754761e-01 9.693563378362050065e-01 9.693834276256850790e-01 9.694676135176589771e-01 9.696244419538977422e-01 9.699197109621617852e-01 9.703864031636849630e-01 9.708757279526135653e-01 9.714632046314558567e-01 9.722282166309023088e-01 9.729981401890045456e-01 9.736813868420017837e-01 9.742226233246269462e-01 9.746725586279417763e-01 9.749726502709789022e-01 9.751357736869997739e-01 9.752672837443757681e-01 9.753596407348114061e-01 9.754522112982456639e-01 9.755754405883120262e-01 9.757094418144778292e-01 9.759653232854453853e-01 9.763236370041166179e-01 9.767085193104567686e-01 9.773005284308554641e-01 9.778852463324525512e-01 9.785288965104187442e-01 9.792758404281877160e-01 9.796454863797807722e-01 9.803968903195739992e-01 9.809554231977951622e-01 9.814099686562450797e-01 9.820685225209739855e-01 9.822470719665320482e-01 9.826963188649877612e-01 9.828459777784078755e-01 9.831047813541444746e-01 9.833020691179849004e-01 9.834204674641849886e-01 9.835851539192854709e-01
-1.000000000000000000e+00 -1.000000000000000000e+00 -1.000000000000000000e+00 -1.000000000000000000e+00 -1.000000000000000000e+00 -1.000000000000000000e+00 -1.000000000000000000e+00 9.879459471137235216e-01 9.867793888808708003e-01 9.856625625836429316e-01 9.846454590551259045e-01 9.835737014385822485e-01 9.825818200400321389e-01 9.816682671994972909e-01 9.805919065764916454e-01 9.794952886155426919e-01 9.782734386361334744e-01 9.770472852477116721e-01 9.757694471419863236e-01 9.749022662407478279e-01 9.738799226417272914e-01 9.731239981968164976e-01 9.723642505144697301e-01 9.717544522808755358e-01 9.711846471482188381e-01 9.706615264832729739e-01 9.702176124698510540e-01 9.698221878532462537e-01 9.695425003160358379e-01 9.693474434674712592e-01 9.691590574508595068e-01 9.691107044985173280e-01 9.691259874064119817e-01 9.691999516069319531e-01 9.693980570548044184e-01 9.696292610184134020e-01 9.699907948839912031e-01 9.704513082410759495e-01 9.711452084304732502e-01 9.717864566156816375e-01 9.725902990412420568e-01 9.734128997614076573e-01 9.739455820004664366e-01 9.744182457036879574e-01 9.747543725241575308e-01 9.749920072779585389e-01 9.751240453193270596e-01 9.752434832591914127e-01 9.752984477650872286e-01 9.754134996581165229e-01 9.754973971131905008e-01 9.755915827490113656e-01 9.758492803543952210e-01 9.761597076398865758e-01 9.765451742842606864e-01 9.768750564823405202e-01 9.773483165472214296e-01 9.779143905769122069e-01 9.785208129402496180e-01 9.792589461428859998e-01 9.798262443264332822e-01 9.806107357675163394e-01 9.810298330500518693e-01 9.816470382062304489e-01 9.819764142624763936e-01 9.824858485365806082e-01 9.826648866563900686e-01 9.830505874004952238e-01 9.832064710919116157e-01 9.833829521922842209e-01
-1.000000000000000000e+00 -1.000000000000000000e+00 -1.000000000000000000e+00 -1.000000000000000000e+00 -1.000000000000000000e+00 -1.000000000000000000e+00 -1.000000000000000000e+00 -1.000000000000000000e+00 9.854145138895308298e-01 9.842657225393799392e-01 9.832758166207614670e-01 9.823550963493867805e-01 9.813387485498034080e-01 9.804792761469961482e-01 9.793665720905305738e-01 9.782387112682323638e-01 9.771840064687876692e-01 9.761224934519113772e-01 9.750900279242311619e-01 9.742756256879868682e-01 9.733946866494095351e-01 9.726571095029733494e-01 9.719906576670773735e-01 9.714198396952009595e-01 9.708401975774870740e-01 9.703606715012695894e-01 9.699098163976179743e-01 9.695445081558717870e-01 9.692793638068458728e-01 9.690610423603360779e-01 9.689019077670131264e-01 9.688705329403686228e-01 9.688086525902515067e-01 9.689076268887140131e-01 9.690687270221313154e-01 9.692588448294089387e-01 9.696246479615454605e-01 9.700418385692318735e-01 9.706224337627646914e-01 9.714297784581152895e-01 9.721594149398856688e-01 9.729284364372186023e-01 9.735957961107640779e-01 9.741143280951046757e-01 9.745130127391488095e-01 9.747488351491258030e-01 9.749469438535717236e-01 9.750671143276209429e-01 9.751781437379056783e-01 9.752223795554909591e-01 9.753008414161413731e-01 9.753716508046018641e-01 9.754486851581963824e-01 9.755981086944937042e-01 9.757622256299093300e-01 9.760885571346908929e-01 9.764143518384155174e-01 9.769021957455384930e-01 9.773853951561564113e-01 9.779493811354078581e-01 9.786859511516680099e-01 9.794945039372215945e-01 9.799516710390345775e-01 9.807156090666456771e-01 9.810697106232605380e-01 9.815847222954865448e-01 9.820761298679459017e-01 9.825213243434696153e-01 9.827154660981802792e-01 9.830614397761070489e-01
-1.000000000000000000e+00 -1.000000000000000000e+00 -1.000000000000000000e+00 -1.000000000000000000e+00 -1.000000000000000000e+00 -1.000000000000000000e+00 -1.000000000000000000e+00 -1.000000000000000000e+00 -1.000000000000000000e+00 9.830943539394197961e-01 9.821456325059474413e-01 9.811395236335421766e-01 9.802715022916258514e-01 9.792082378141795385e-01 9.782722350182257998e-01 9.772905741188399054e-01 9.762921849884393932e-01 9.754146535221055458e-01 9.744933336398825530e-01 9.736287292988071718e-01 9.729129798746130042e-01 9.722421695388668850e-01 9.715607488765931610e-01 9.710254731410448148e-01 9.704916857186303147e-01 9.700287120895372261e-01 9.696462790174743551e-01 9.692896242762792935e-01 9.690014868452764274e-01 9.687890579009303949e-01 9.686234644863633836e-01 9.685486365704478740e-01 9.685681666357394137e-01 9.686414643882177433e-01 9.687322853796461741e-01 9.689864444423198497e-01 9.692510578004759347e-01 9.697240432298491752e-01 9.702426636159907636e-01 9.709250002048450678e-01 9.716834091456417744e-01 9.724954316756161399e-01 9.731307829278216248e-01 9.737310308186043484e-01 9.742110410654668540e-01 9.745554552492400324e-01 9.747649655271434233e-01 9.748871831364075424e-01 9.749635921361204938e-01 9.750422425078545396e-01 9.751254864836005343e-01 9.751783694989366591e-01 9.752134671757956008e-01 9.753334882633846181e-01 9.754172306934690839e-01 9.755410710011838127e-01 9.757189781276870422e-01 9.760017831067822058e-01 9.763302431405657122e-01 9.768204650848605342e-01 9.775074477916350091e-01 9.781403575352894952e-01 9.788339870846420876e-01 9.793477825305800799e-01 9.800536262617098870e-01 9.805262145861664003e-01 9.811235059511931311e-01 9.815783732998853983e-01 9.820438960330230005e-01 9.824803353410760387e-01
-1.000000000000000000e+00 -1.000000000000000000e+00 -1.000000000000000000e+00 -1.000000000000000000e+00 -1.000000000000000000e+00 -1.000000000000000000e+00 -1.000000000000000000e+00 -1.000000000000000000e+00 -1.000000000000000000e+00 -1.000000000000000000e+00 9.810255486731164210e-01 9.801286997343486851e-01 9.790917673467395277e-01 9.781861198759583820e-01 9.773327247653340599e-01 9.764398860511531719e-01 9.754796433600881889e-01 9.746033521939592159e-01 9.738048768828018176e-01 9.730861504521077787e-01 9.723812184656839275e-01 9.717695672973091225e-01 9.711960750047713420e-01 9.706524113682358790e-01 9.701702584322968725e-01 9.697443034184152211e-01 9.693375921313711618e-01 9.690107201421614969e-01 9.687163902274787963e-01 9.685255971360495764e-01 9.683777908427219083e-01 9.682615576970534654e-01 9.682876122946157960e-01 9.683259021406516176e-01 9.684177096150614616e-01 9.686326901684699786e-01 9.689268436040600063e-01 9.693116652686518675e-01 9.698057100885527637e-01 9.704777015371333082e-01 9.711882427866523892e-01 9.719712223564319631e-01 9.727316353222327239e-01 9.733377168479219188e-01 9.738457959776264383e-01 9.741612988996992684e-01 9.744084502251684210e-01 9.745917489647069054e-01 9.747622602132487435e-01 9.748437894034703843e-01 9.748977216902585674e-01 9.749750988912396776e-01 9.750093221164456425e-01 9.750720159585756219e-01 9.751245701519428710e-01 9.751596692061716976e-01 9.752990615080526782e-01 9.754255074208622034e-01 9.757660432541567230e-01 9.760639981858969527e-01 9.764991317082026834e-01 9.770673032324924678e-01 9.776773543018154600e-01 9.780371948423559614e-01 9.786390736440754301e-01 9.792236264104755561e-01 9.801653698392120972e-01 9.803617470617884688e-01 9.811779153782330676e-01 9.815346975875316460e-01
-1.000000000000000000e+00 -1.000000000000000000e+00 -1.000000000000000000e+00 -1.000000000000000000e+00 -1.000000000000000000e+00 -1.000000000000000000e+00 -1.000000000000000000e+00 -1.000000000000000000e+00 -1.000000000000000000e+00 -1.000000000000000000e+00 -1.000000000000000000e+00 9.789775748506718278e-01 9.781131034781446187e-01 9.771906229800387811e-01 9.764418350961198145e-01 9.755484977272509406e-01 9.747986047582520852e-01 9.739531949233305452e-01 9.732441195978410731e-01 9.725174875593554091e-01 9.719687576438142962e-01 9.713134044087771146e-01 9.708133995420222817e-01 9.702657347205665417e-01 9.698083658448308775e-01 9.694135901535269051e-01 9.690229350509993456e-01 9.687265028270908296e-01 9.684254251464794461e-01 9.682210898435372748e-01 9.680724704090004629e-01 9.679935641179484573e-01 9.680120577489598199e-01 9.680200589878289463e-01 9.681298708100687378e-01 9.683104918005174255e-01 9.685880021643211713e-01 9.689742829037342187e-01 9.694699509457048725e-01 9.700245054525745703e-01 9.707661739194015649e-01 9.714303133112026645e-01 9.721727372383810462e-01 9.729289229109349124e-01 9.734142182800804566e-01 9.738411711256212966e-01 9.740722259905407743e-01 9.743035555425294536e-01 9.744430403784042349e-01 9.745751700248970195e-01 9.746424783704209505e-01 9.747291450443532623e-01 9.747886569446005955e-01 9.748197140757153267e-01 9.748876561810794206e-01 9.749321436829733178e-01 9.749932738348436878e-01 9.750887855646602764e-01 9.752253573205575954e-01 9.753800407897882385e-01 9.756212412919116339e-01 9.758696555721727561e-01 9.765519730108799257e-01 9.769016111248557399e-01 9.776318509104893195e-01 9.780037760295481331e-01 9.786956375276172349e-01 9.793709616686426811e-01 9.800461713416130927e-01 9.805819017022191497e-01
-1.000000000000000000e+00 -1.000000000000000000e+00 -1.000000000000000000e+00 -1.000000000000000000e+00 -1.000000000000000000e+00 -1.000000000000000000e+00 -1.000000000000000000e+00 -1.000000000000000000e+00 -1.000000000000000000e+00 -1.000000000000000000e+00 -1.000000000000000000e+00 -1.000000000000000000e+00 -1.000000000000000000e+00 9.763178365858009577e-01 9.755513552096035657e-01 9.748346124754955211e-01 9.740042622762238311e-01 9.733596909048988222e-01 9.726276714382566801e-01 9.720901028443789116e-01 9.713819137003606441e-01 9.708930725891641300e-01 9.703691258077329351e-01 9.698738890824345482e-01 9.694598239365767034e-01 9.690635996859229273e-01 9.686963914769274320e-01 9.683830459461734153e-01 9.681197123602689469e-01 9.679440240880700097e-01 9.677828180588832208e-01 9.676914108627827638e-01 9.676708657322783402e-01 9.677415355024255872e-01 9.678131219362332560e-01 9.680305746712231096e-01 9.682582530586023584e-01 9.685744991356234346e-01 9.690705750790130635e-01 9.696092074475028966e-01 9.702193406167707312e-01 9.709843772728056210e-01 9.717299204480794872e-01 9.724303698532443807e-01 9.729678953115460383e-01 9.733797854335463073e-01 9.736853011927892876e-01 9.739276225558231026e-01 9.740976953347991740e-01 9.742664808943259924e-01 9.743593990531382865e-01 9.744436747737159621e-01 9.745091176700485525e-01 9.745636343035094518e-01 9.746069579559556439e-01 9.746380984739622111e-01 9.747015794375506470e-01 9.747538971555164133e-01 9.747738370696954480e-01 9.749721677506624218e-01 9.751055661171795785e-01 9.752857894959459095e-01 9.754210496829543997e-01 9.758821872849346990e-01 9.764783597456324626e-01 9.770923403028288767e-01 9.776001348985251527e-01 9.781456464025080066e-01 9.783628443041819667e-01 9.794774551781579852e-01
-1.000000000000000000e+00 -1.000000000000000000e+00 -1.000000000000000000e+00 -1.000000000000000000e+00 -1.000000000000000000e+00 -1.000000000000000000e+00 -1.000000000000000000e+00 -1.000000000000000000e+00 -1.000000000000000000e+00 -1.000000000000000000e+00 -1.000000000000000000e+00 -1.000000000000000000e+00 -1.000000000000000000e+00 -1.000000000000000000e+00 9.747617695117966052e-01 9.740308654070169991e-01 9.733722027060701665e-01 9.726787523078768150e-01 9.720074585176151638e-01 9.714954720732027482e-01 9.709312131729926909e-01 9.704133425474494867e-01 9.699542028775611779e-01 9.695119465823622829e-01 9.690707994099418965e-01 9.686956180013039930e-01 9.683571610049905853e-01 9.680612952578331321e-01 9.678211817110681237e-01 9.676237295257636983e-01 9.674851093429097659e-01 9.674186984691296454e-01 9.673905019817107265e-01 9.674209241111308977e-01 9.675329631722067170e-01 9.677168603919523715e-01 9.679141885463328210e-01 9.682929766269195992e-01 9.686798997818284462e-01 9.691956652870242772e-01 9.697391067993503810e-01 9.704764287698937064e-01 9.711210938155591110e-01 9.718514833359007676e-01 9.724551006302216694e-01 9.729687590948596920e-01 9.732073393261840843e-01 9.735055836288575293e-01 9.737404703408071294e-01 9.739080455407217451e-01 9.740416115881000980e-01 9.740956463452002945e-01 9.741853189956012349e-01 9.742825738051935636e-01 9.743349513859216326e-01 9.743577591834234886e-01 9.743814191217718967e-01 9.744434280494110867e-01 9.744977830791372586e-01 9.745768690180397487e-01 9.746263012463159958e-01 9.747556269561584719e-01 9.750114776377878378e-01 9.751325856154308136e-01 9.754474069460574714e-01 9.757987555192998430e-01 9.761902415874992300e-01 9.769140872682502419e-01 9.774175709423873482e-01 9.780329851500295657e-01
-1.000000000000000000e+00 -1.000000000000000000e+00 -1.000000000000000000e+00 -1.000000000000000000e+00 -1.000000000000000000e+00 -1.000000000000000000e+00 -1.000000000000000000e+00 -1.000000000000000000e+00 -1.000000000000000000e+00 -1.000000000000000000e+00 -1.000000000000000000e+00 -1.000000000000000000e+00 -1.000000000000000000e+00 -1.000000000000000000e+00 -1.000000000000000000e+00 9.732329491395175225e-01 9.726676811523662369e-01 9.720684976682502088e-01 9.714959818299002681e-01 9.709509208858666529e-01 9.704126539871845702e-01 9.699358084503746369e-01 9.695109988358491249e-01 9.690840232457057501e-01 9.686959024900486659e-01 9.683648907540912676e-01 9.680023311936321040e-01 9.677298571376220515e-01 9.675059628374562681e-01 9.673139033971802636e-01 9.671853356277001490e-01 9.671072089079506551e-01 9.671146623871841319e-01 9.671656636376676497e-01 9.672277228100846225e-01 9.673852085394676337e-01 9.676438927115995625e-01 9.679508288442906228e-01 9.683159739285210899e-01 9.688530594239684879e-01 9.694257779089944238e-01 9.700610732667632741e-01 9.707306844220102704e-01 9.713269576338521283e-01 9.719493082545656026e-01 9.723962571071106398e-01 9.727598394422634076e-01 9.730330572932108790e-01 9.732952397835489267e-01 9.734655149164397336e-01 9.736368980433240949e-01 9.737665202273922960e-01 9.738659817850490175e-01 9.739477622660287492e-01 9.740137555949478498e-01 9.739995528282617832e-01 9.741163114649600274e-01 9.741493383450483545e-01 9.741635031521145294e-01 9.742596275754540347e-01 9.743042239830421725e-01 9.743975048657566029e-01 9.744998157865102373e-01 9.745823654743978048e-01 9.749043381539302944e-01 9.751613320145665620e-01 9.753484315670655214e-01 9.760097124107502964e-01 9.763323505862325780e-01 9.770975387449354344e-01
-1.000000000000000000e+00 -1.000000000000000000e+00 -1.000000000000000000e+00 -1.000000000000000000e+00 -1.000000000000000000e+00 -1.000000000000000000e+00 -1.000000000000000000e+00 -1.000000000000000000e+00 -1.000000000000000000e+00 -1.000000000000000000e+00 -1.000000000000000000e+00 -1.000000000000000000e+00 -1.000000000000000000e+00 -1.000000000000000000e+00 -1.000000000000000000e+00 -1.000000000000000000e+00 9.719569622718604585e-01 9.714095871823864581e-01 9.709060281027529493e-01 9.703873875738389110e-01 9.699373056455098396e-01 9.694685048657620818e-01 9.690747733901221572e-01 9.686781810251222646e-01 9.683191427403180507e-01 9.679987646677181701e-01 9.676560363627975114e-01 9.673811511284162723e-01 9.671635123239470389e-01 9.670024793519488293e-01 9.669071831035987996e-01 9.668173824264802985e-01 9.667946267815300532e-01 9.668653791309000933e-01 9.669403797520710331e-01 9.671375790488894175e-01 9.673318446055527708e-01 9.675994143702486561e-01 9.680160381118771973e-01 9.684823980466045201e-01 9.690432425496054991e-01 9.696555075647814714e-01 9.702889375441898778e-01 9.709054736756136395e-01 9.714501786322639054e-01 9.718945275957701080e-01 9.722961858025919168e-01 9.725979694666467834e-01 9.728447686676149342e-01 9.731401459617189387e-01 9.732669695334106308e-01 9.733531020051945370e-01 9.735061571741915332e-01 9.736055354407912032e-01 9.736807376763249033e-01 9.737025424974515841e-01 9.737586133613452821e-01 9.738231571043148849e-01 9.738855027653793295e-01 9.739307230429491424e-01 9.739874467533533586e-01 9.740242318970407931e-01 9.741071028725813985e-01 9.742657820125439905e-01 9.743483253223981233e-01 9.746084939057776397e-01 9.749072361187761659e-01 9.751416949010555113e-01 9.756638806223374427e-01 9.761096127234483166e-01
-1.000000000000000000e+00 -1.000000000000000000e+00 -1.000000000000000000e+00 -1.000000000000000000e+00 -1.000000000000000000e+00 -1.000000000000000000e+00 -1.000000000000000000e+00 -1.000000000000000000e+00 -1.000000000000000000e+00 -1.000000000000000000e+00 -1.000000000000000000e+00 -1.000000000000000000e+00 -1.000000000000000000e+00 -1.000000000000000000e+00 -1.000000000000000000e+00 -1.000000000000000000e+00 -1.000000000000000000e+00 9.708487343725289431e-01 9.703623160304217787e-01 9.698845776376210370e-01 9.694609298189910129e-01 9.690369587158779163e-01 9.686578865650720127e-01 9.682849666638237984e-01 9.679415996328816219e-01 9.676029154982042080e-01 9.673188479846936971e-01 9.670826720520295794e-01 9.668779932570913394e-01 9.667060987461062460e-01 9.665850862312457270e-01 9.665494919215095182e-01 9.665328041113837587e-01 9.665819081229344301e-01 9.666672168768565276e-01 9.668519416486150986e-01 9.670354457978493912e-01 9.673284118723527447e-01 9.676907880191749634e-01 9.681871004397681890e-01 9.687536493544630645e-01 9.692643008905201807e-01 9.698745751203083909e-01 9.704952073239510035e-01 9.710062501372890287e-01 9.714658383499449323e-01 9.718370512344449708e-01 9.721499374957909279e-01 9.724228237998194802e-01 9.726241201133389858e-01 9.728522572464293194e-01 9.729981620853205282e-01 9.731726142621299758e-01 9.732468106079117387e-01 9.733149846574542519e-01 9.733543082572343463e-01 9.734474804617383459e-01 9.735212090897603643e-01 9.735194844774842649e-01 9.736025078144193712e-01 9.736672231476763972e-01 9.737025672933755649e-01 9.737773521430658219e-01 9.738361848635019857e-01 9.739834778437905793e-01 9.740705276020207304e-01 9.744065751852987178e-01 9.747737306087800313e-01 9.750369202630660981e-01 9.753377298815369967e-01
-1.000000000000000000e+00 -1.000000000000000000e+00 -1.000000000000000000e+00 -1.000000000000000000e+00 -1.000000000000000000e+00 -1.000000000000000000e+00 -1.000000000000000000e+00 -1.000000000000000000e+00 -1.000000000000000000e+00 -1.000000000000000000e+00 -1.000000000000000000e+00 -1.000000000000000000e+00 -1.000000000000000000e+00 -1.000000000000000000e+00 -1.000000000000000000e+00 -1.000000000000000000e+00 -1.000000000000000000e+00 -1.000000000000000000e+00 -1.000000000000000000e+00 9.693906468697612855e-01 9.690063368306772729e-01 9.685849137597036806e-01 9.682279734522064585e-01 9.678567496562965333e-01 9.675614549713827950e-01 9.672733441897577444e-01 9.669754570163234808e-01 9.667463560514910625e-01 9.665495241275111615e-01 9.663726318281464778e-01 9.663238359545753831e-01 9.662495766996717084e-01 9.662611818520032703e-01 9.663531969542120681e-01 9.664546047866584555e-01 9.666113977265210488e-01 9.668306882819588388e-01 9.671091136473264349e-01 9.674881217211291906e-01 9.679557239638444388e-01 9.683677258318903469e-01 9.689580872389796928e-01 9.695886304484537810e-01 9.701147706246557867e-01 9.706376758910633118e-01 9.711255244675752740e-01 9.714678813204772334e-01 9.718078366204199181e-01 9.720377237385575686e-01 9.722588313729608744e-01 9.724855836239281182e-01 9.726541446837437821e-01 9.727293632037020688e-01 9.728612851977007647e-01 9.729718463369640968e-01 9.730374961494175912e-01 9.731367085486415380e-01 9.731964426769259546e-01 9.732384070863193681e-01 9.733087183287849609e-01 9.733362067918702731e-01 9.733721262350518710e-01 9.734727219042690338e-01 9.735231529436567666e-01 9.736355648271401986e-01 9.737207118765153213e-01 9.739467405268912303e-01 9.741424420523924210e-01 9.746140320861381712e-01 9.747936066992362036e-01
-1.000000000000000000e+00 -1.000000000000000000e+00 -1.000000000000000000e+00 -1.000000000000000000e+00 -1.000000000000000000e+00 -1.000000000000000000e+00 -1.000000000000000000e+00 -1.000000000000000000e+00 -1.000000000000000000e+00 -1.000000000000000000e+00 -1.000000000000000000e+00 -1.000000000000000000e+00 -1.000000000000000000e+00 -1.000000000000000000e+00 -1.000000000000000000e+00 -1.000000000000000000e+00 -1.000000000000000000e+00 -1.000000000000000000e+00 -1.000000000000000000e+00 -1.000000000000000000e+00 9.685253748944002705e-01 9.681584238996152614e-01 9.678282763430554603e-01 9.674847662691821171e-01 9.671953448751775539e-01 9.668920765494199987e-01 9.666461144786491211e-01 9.664327282068655434e-01 9.662316231885720308e-01 9.661096462348131020e-01 9.660472722762095676e-01 9.659996868789447744e-01 9.660069141899844114e-01 9.660989678572535766e-01 9.661873071781666988e-01 9.663824560264000496e-01 9.666007866932104786e-01 9.668846457242098458e-01 9.672543307793962652e-01 9.676900863661322960e-01 9.681554948341390965e-01 9.687491995983881221e-01 9.692787495022204824e-01 9.697861691224466396e-01 9.702826059727650554e-01 9.707683262055067930e-01 9.711441725896804433e-01 9.713691594554316744e-01 9.716817934409966995e-01 9.719019828838881825e-01 9.720986625227043820e-01 9.722859269814564387e-01 9.723793097985754530e-01 9.724703787303581315e-01 9.725779913710247415e-01 9.727006354716016823e-01 9.727792766711883532e-01 9.728568828805881363e-01 9.729331697731153916e-01 9.729719434177471760e-01 9.730657971228918734e-01 9.730624549601272211e-01 9.731527742701420181e-01 9.732411499767409380e-01 9.733519937062612426e-01 9.734116460033226392e-01 9.735074469395093022e-01 9.736614956952125421e-01 9.741349467989381949e-01 9.742382202452857243e-01
-1.000000000000000000e+00 -1.000000000000000000e+00 -1.000000000000000000e+00 -1.000000000000000000e+00 -1.000000000000000000e+00 -1.000000000000000000e+00 -1.000000000000000000e+00 -1.000000000000000000e+00 -1.000000000000000000e+00 -1.000000000000000000e+00 -1.000000000000000000e+00 -1.000000000000000000e+00 -1.000000000000000000e+00 -1.000000000000000000e+00 -1.000000000000000000e+00 -1.000000000000000000e+00 -1.000000000000000000e+00 -1.000000000000000000e+00 -1.000000000000000000e+00 -1.000000000000000000e+00 -1.000000000000000000e+00 9.677702335862979899e-01 9.674174965489085176e-01 9.671193476729577077e-01 9.668391778347837917e-01 9.665684393039036815e-01 9.663340020782054118e-01 9.661273623414566858e-01 9.659361852957356609e-01 9.658120794767560691e-01 9.657658033155133159e-01 9.657529998971776664e-01 9.657896647526622580e-01 9.658454623386532045e-01 9.659728123168992431e-01 9.661563990518237111e-01 9.664186305635431573e-01 9.667018356409373681e-01 9.670771910919200298e-01 9.675152246279499213e-01 9.679552354939868763e-01 9.685236703357360533e-01 9.689874367327404592e-01 9.695212092616778410e-01 9.699881090832483954e-01 9.704152625523176923e-01 9.707570023746124876e-01 9.710594071161202656e-01 9.713406296331044132e-01 9.715869778177685934e-01 9.717592774259053989e-01 9.718597604695768943e-01 9.720425280935998114e-01 9.721959420999821688e-01 9.722902747500943299e-01 9.723806232280451933e-01 9.725109874701303170e-01 9.725337723343318030e-01 9.726221471173093214e-01 9.727090616041742521e-01 9.727695522557855412e-01 9.728361229354659523e-01 9.729165521455243049e-01 9.729585623519452220e-01 9.730606074038733455e-01 9.731884361202061129e-01 9.733110943948297678e-01 9.734844444879824366e-01 9.737929455558792524e-01 9.742871419897758400e-01
-1.000000000000000000e+00 -1.000000000000000000e+00 -1.000000000000000000e+00 -1.000000000000000000e+00 -1.000000000000000000e+00 -1.000000000000000000e+00 -1.000000000000000000e+00 -1.000000000000000000e+00 -1.000000000000000000e+00 -1.000000000000000000e+00 -1.000000000000000000e+00 -1.000000000000000000e+00 -1.000000000000000000e+00 -1.000000000000000000e+00 -1.000000000000000000e+00 -1.000000000000000000e+00 -1.000000000000000000e+00 -1.000000000000000000e+00 -1.000000000000000000e+00 -1.000000000000000000e+00 -1.000000000000000000e+00 -1.000000000000000000e+00 9.670331534845425514e-01 9.667548558739589293e-01 9.664932029365165267e-01 9.662296232443234878e-01 9.660310734991771620e-01 9.658300144046433333e-01 9.656759390308657931e-01 9.655774604460197752e-01 9.655073444820578832e-01 9.655268372705495539e-01 9.655709181347833514e-01 9.656343403920066848e-01 9.658100156173575757e-01 9.659501458309728283e-01 9.662382698306417605e-01 9.665282930736944778e-01 9.668898271156962654e-01 9.673483145233906511e-01 9.677941516343950834e-01 9.683232321512713625e-01 9.688341060957993411e-01 9.693136827189716698e-01 9.697635847013393873e-01 9.701576664534761196e-01 9.705036006386391634e-01 9.708189466102848941e-01 9.710659937502608141e-01 9.713014366736010263e-01 9.714779845342570441e-01 9.716422170596431540e-01 9.717640564329788067e-01 9.718935734212987843e-01 9.720339332614408301e-01 9.721105000597987100e-01 9.721734728013750049e-01 9.722981067120877174e-01 9.723633296811977633e-01 9.724255026626414944e-01 9.724916211344296624e-01 9.725910634016313727e-01 9.726584901138433104e-01 9.728005447377345849e-01 9.729304237613743966e-01 9.730133915499560304e-01 9.731423052369350124e-01 9.734393196641459856e-01 9.737484581413007323e-01 9.740399448803497284e-01
-1.000000000000000000e+00 -1.000000000000000000e+00 -1.000000000000000000e+00 -1.000000000000000000e+00 -1.000000000000000000e+00 -1.000000000000000000e+00 -1.000000000000000000e+00 -1.000000000000000000e+00 -1.000000000000000000e+00 -1.000000000000000000e+00 -1.000000000000000000e+00 -1.000000000000000000e+00 -1.000000000000000000e+00 -1.000000000000000000e+00 -1.000000000000000000e+00 -1.000000000000000000e+00 -1.000000000000000000e+00 -1.000000000000000000e+00 -1.000000000000000000e+00 -1.000000000000000000e+00 -1.000000000000000000e+00 -1.000000000000000000e+00 -1.000000000000000000e+00 9.664484099397340211e-01 9.661718548528371864e-01 9.659445571762963478e-01 9.657322499326537191e-01 9.655621091043098403e-01 9.654164503940789732e-01 9.653133540796200451e-01 9.652818563702522114e-01 9.652884278181033118e-01 9.653460845686669956e-01 9.654636981785831296e-01 9.656182890129166863e-01 9.658181409905209902e-01 9.660668934388848550e-01 9.664223755015317607e-01 9.668009254668237240e-01 9.671978179864169078e-01 9.676404202993793557e-01 9.681309080187983085e-01 9.686492841033337298e-01 9.691510255004736063e-01 9.695707531338577656e-01 9.699711433663549265e-01 9.703303618492555849e-01 9.705947405166858166e-01 9.708292446163823142e-01 9.710297275267476547e-01 9.712367165687560977e-01 9.713735992564387356e-01 9.715334928214556243e-01 9.716692320564673802e-01 9.718066395641479227e-01 9.718534210293662268e-01 9.719453010577417951e-01 9.720669966755468572e-01 9.721607539743285509e-01 9.722353970962593905e-01 9.723162009817682971e-01 9.724107679654152570e-01 9.725039040563822068e-01 9.726090460404361870e-01 9.727259948525237565e-01 9.728715707280185532e-01 9.731928487297155650e-01 9.733352703034482412e-01 9.738017135742766950e-01 9.743398622754281257e-01
-1.000000000000000000e+00 -1.000000000000000000e+00 -1.000000000000000000e+00 -1.000000000000000000e+00 -1.000000000000000000e+00 -1.000000000000000000e+00 -1.000000000000000000e+00 -1.000000000000000000e+00 -1.000000000000000000e+00 -1.000000000000000000e+00 -1.000000000000000000e+00 -1.000000000000000000e+00 -1.000000000000000000e+00 -1.000000000000000000e+00 -1.000000000000000000e+00 -1.000000000000000000e+00 -1.000000000000000000e+00 -1.000000000000000000e+00 -1.000000000000000000e+00 -1.000000000000000000e+00 -1.000000000000000000e+00 -1.000000000000000000e+00 -1.000000000000000000e+00 -1.000000000000000000e+00 -1.000000000000000000e+00 9.656648921025037247e-01 9.654575237534755994e-01 9.653148943547391614e-01 9.651930179753270833e-01 9.651019892127269406e-01 9.651007657533284823e-01 9.651032378103499010e-01 9.651810292553603121e-01 9.652978218940353461e-01 9.654789588097152375e-01 9.656946938882724485e-01 9.659821666820326280e-01 9.662943011252664860e-01 9.666934523442907157e-01 9.670997187550000040e-01 9.675779771012965602e-01 9.680849289809357883e-01 9.685441931852706299e-01 9.690148434348520023e-01 9.694546910391821370e-01 9.697901980423287993e-01 9.701421555570011179e-01 9.704272472090132995e-01 9.706711336493110132e-01 9.708531556765215287e-01 9.710085089844826545e-01 9.711611470941757807e-01 9.713414495324460551e-01 9.714617502097351309e-01 9.716016398400474374e-01 9.716702119480038480e-01 9.717982368855997422e-01 9.719141287573047627e-01 9.719880407634110542e-01 9.720762154320680137e-01 9.721862472024144219e-01 9.722703730511439435e-01 9.724468929659962901e-01 9.725647255444567207e-01 9.727597167694872482e-01 9.729772733983887978e-01 9.733936439466122081e-01 9.737100826192662817e-01 9.742852258217686856e-01 9.748694347652443470e-01
-1.000000000000000000e+00 -1.000000000000000000e+00 -1.000000000000000000e+00 -1.000000000000000000e+00 -1.000000000000000000e+00 -1.000000000000000000e+00 -1.000000000000000000e+00 -1.000000000000000000e+00 -1.000000000000000000e+00 -1.000000000000000000e+00 -1.000000000000000000e+00 -1.000000000000000000e+00 -1.000000000000000000e+00 -1.000000000000000000e+00 -1.000000000000000000e+00 -1.000000000000000000e+00 -1.000000000000000000e+00 -1.000000000000000000e+00 -1.000000000000000000e+00 -1.000000000000000000e+00 -1.000000000000000000e+00 -1.000000000000000000e+00 -1.000000000000000000e+00 -1.000000000000000000e+00 -1.000000000000000000e+00 -1.000000000000000000e+00 9.652576499920897390e-01 9.650781676613872095e-01 9.649813340107692428e-01 9.649323331146489879e-01 9.649373361029359719e-01 9.649646735394777908e-01 9.650581972515350770e-01 9.652188051715451245e-01 9.653968336618951041e-01 9.656405846425788475e-01 9.659080997424754900e-01 9.662776495980863745e-01 9.666814971956948499e-01 9.670953724527997508e-01 9.675659856522982327e-01 9.680870435926550721e-01 9.686048718767064081e-01 9.690126953989669500e-01 9.693807004413448336e-01 9.697708168116840888e-01 9.700531374323478895e-01 9.703254511930402559e-01 9.705320019598194792e-01 9.707397660537701034e-01 9.709086145412317848e-01 9.710794668689269882e-01 9.712316811359508195e-01 9.713785866144789560e-01 9.714911029666292164e-01 9.716242180370554538e-01 9.717165899751691871e-01 9.718099519244619566e-01 9.719567955119364777e-01 9.720245136302032574e-01 9.721672766920806952e-01 9.723471207311420450e-01 9.725247942344980023e-01 9.727458113876621404e-01 9.730805451053760047e-01 9.735058368980226140e-01 9.739633112798197212e-01 9.744609528953898092e-01 9.753738757589707209e-01 9.760994002918413903e-01
