4.924818910324341701e-177 2.936436320367220942e-157 3.067764916202617216e-147 8.009038073429556390e-130 1.209013120660203220e-126 8.357786860744011924e-115 8.379562640811118452e-102 3.922774298215814815e-100 1.626338006066058690e-86 2.219150402930728547e-79 2.981166115829053175e-70 5.234930206475470576e-65 4.405726975995799678e-60 1.115876180056030696e-51 1.574142852276439976e-48 1.743441766721939007e-42 1.499472632293049750e-36 3.370679729633905546e-34 3.543783614585957138e-28 3.059980936304972462e-26 2.860175468327479065e-22 4.053539367803342578e-21 2.559769516444388365e-19 1.122611778031293026e-16 8.198426345667066352e-15 4.161404344797665522e-14 4.559929184387723124e-12 2.559041708982965025e-11 1.168518934110025393e-10 8.410718732623601438e-10 4.818819772899007611e-09 8.320561994689639305e-09 1.276422515271519801e-08 4.457586117807288160e-08 3.176609655228775480e-08 2.752629362432258622e-08 3.750706556840076822e-08 1.943199408784952876e-08 9.722294011639275325e-09 1.747445193066792259e-09 1.176160616639692159e-09 2.230804178345135641e-10 1.282886784538881448e-10 3.006341896934021473e-11 5.533869329736104124e-13 2.908925993524139419e-12 3.017344759368301337e-13 1.687561957919899020e-15 1.964247955879292509e-16 3.360095391127931320e-16 2.754393975336820005e-18 1.111467835394032337e-18 8.212701990213791253e-19 5.695687610560394485e-20 8.170383557815537701e-22 6.213977098494370640e-23 1.195693185469187654e-22 2.391183007817851822e-22 3.011623100189556931e-25 1.314351391055530040e-25 4.547082376807401110e-27 1.410429580481481291e-28 2.530130712852313250e-29 2.647965417210524387e-28 1.975530956904284768e-30 9.964213448881445141e-31 7.701587532945870666e-32 2.376753428874835365e-32 9.117060496672115993e-34 3.905794574055094389e-33
1.683954626615936447e-173 3.688810530418719180e-160 9.192587479788020142e-140 3.794215307181333867e-137 2.020395570483909526e-124 3.874929580515532885e-116 2.293631469608326490e-99 8.361522407451383662e-94 7.910868869932741919e-86 2.292914161704402775e-80 7.124832242910822931e-70 1.070123727046585543e-65 1.855660291753566380e-59 2.202045173590529580e-52 2.771438246180714572e-45 1.609165982464243184e-42 1.220418033835284912e-36 2.296873488025589574e-32 2.868640569439853293e-30 2.318745414449585606e-27 2.546680705354509641e-24 7.367895614513619827e-21 9.298340975363304304e-19 2.886875899926280488e-17 1.122779167485796782e-14 1.175796866457703302e-12 2.718855630113628818e-12 1.805728253982650265e-10 9.849856015343025982e-11 3.862586042020145285e-10 3.104382283201742157e-09 2.529108023557536761e-08 1.447103667675402065e-08 3.177899239050433758e-08 6.291775903011668716e-08 7.309592465712232105e-08 6.723280801290071934e-09 1.134613636741832012e-08 2.911323069896303624e-08 1.234267758200068541e-08 3.423155246818442642e-09 4.337063698928473909e-10 4.582910951590179702e-10 9.495546235834832066e-11 1.588509995871838330e-11 1.823212450156314178e-12 9.370388041709955366e-14 7.997675586648042676e-15 6.167082455514545145e-15 1.469800169196341158e-16 2.870813351941494456e-16 3.806817280271723813e-18 5.674263254602937177e-20 4.434498693345273207e-19 4.570994142057054511e-20 2.344062808386620231e-21 2.469627481315563270e-23 1.051930791160983562e-23 5.571908325996762958e-26 4.776750820515469171e-25 6.929343057394958458e-27 5.351768122077894699e-28 3.750157681070966853e-29 1.212077210245352225e-29 2.758512267809571632e-29 1.602331866425404937e-30 7.564113779368612310e-31 8.202452315494582913e-32 1.393976648361129587e-32 2.584083839910491401e-34
1.095959932909465787e-163 1.164678371168669017e-151 5.169639698521506726e-143 8.988357076972440668e-134 2.021037755046735617e-122 1.142700045500649733e-110 1.321696212183706295e-102 1.274557921852752776e-93 4.911058478297229104e-89 2.584021079207555429e-78 1.228299123014189224e-69 9.196783447593012741e-63 1.521409526159700637e-56 4.386542270368741756e-52 1.135616453902381368e-45 3.576774812034740741e-41 5.921834785864259519e-37 2.935300491310234298e-32 3.935686120255710944e-29 1.496010812581255058e-25 6.867190617486375490e-23 1.876030267274327506e-20 1.108025360533804946e-17 1.103845846383555866e-15 1.035462304346656451e-14 1.088597819183736657e-12 7.380640863886604351e-12 6.637094000428933125e-11 2.882940162247012728e-10 9.028426901528893912e-10 3.451279163359800107e-09 7.451481757221135102e-09 3.947740629413632728e-08 1.945138408712301962e-08 1.082857468401705372e-07 1.365179060945702311e-07 1.779358781443341960e-08 4.271611968904651097e-08 2.679688263905615382e-08 8.134100045872055944e-09 9.751173789720570193e-09 1.389817550584343245e-09 9.532233662098822782e-10 1.664318460362238482e-10 2.435180424011011442e-12 3.208068218353064037e-12 1.201034402347122967e-13 1.157278661761547562e-12 1.775297849772802406e-14 9.390830485103439685e-16 1.933871576119749209e-17 5.353289780651968247e-17 1.026954304283209661e-18 8.563459687402755134e-20 6.253384928106100346e-21 4.873086348778783164e-23 3.867856800743753207e-23 2.901409805425270294e-24 2.489360848193763051e-26 1.039133641543879854e-25 1.001743800484699568e-26 5.423107101271768626e-28 9.792476287490229835e-29 1.624798099041938999e-28 4.464055630155963719e-30 1.074082031406183508e-30 4.493388855908391237e-32 1.801602532025027232e-31 1.849629945227686703e-32 1.596055689893002162e-33
1.693454644764230759e-179 1.874394291083180423e-156 2.069590755896453622e-147 1.203781319082508187e-135 1.491876452975078899e-124 7.527971263092759728e-113 5.878682515955138991e-103 3.363247252364545193e-97 3.923624917886608870e-87 1.681056304638471273e-74 1.788878350518035613e-71 1.700767195363253662e-65 1.636880410654597969e-56 2.731438269360960223e-48 6.918727145092374794e-45 1.305090652409078941e-40 7.391463817647306062e-38 9.718400001292895630e-32 6.379067226249783517e-28 2.487638242031396812e-25 4.857271538336478514e-23 2.181674469221726465e-20 5.281654333829250665e-18 2.904379831755647123e-15 3.875964568728216850e-14 2.167411771405096853e-13 7.325884747075919561e-12 9.789616487995749005e-11 6.956182350442634878e-10 5.158345200866596387e-09 8.809385218312615783e-09 3.610171760601976779e-08 2.991695589501308689e-08 2.790193935288999072e-07 1.050286865287513237e-07 2.351822846421540398e-07 9.897985505351000314e-08 1.481139811768015404e-07 5.617194319877582241e-08 1.055866231151328244e-08 3.214659666579150033e-09 1.486648144198801480e-09 1.396310386302328116e-09 4.306643059321768184e-11 3.271530818610716279e-11 1.021267029971656635e-12 2.192903955420661910e-12 5.774504596638398840e-14 1.150377859265332064e-14 6.850053888702371971e-16 3.291467760217077192e-16 1.698504062976518724e-17 2.348909648814802168e-19 1.179173225466186467e-19 3.117530097275768212e-20 2.857270984926639805e-21 5.951749538748106991e-23 2.874771483792236436e-24 1.508045191678446183e-24 2.300819228110203154e-25 4.367754854863244709e-26 1.195427002969202804e-26 6.972702039074876790e-27 1.534092115608084902e-28 2.840243061720235625e-30 1.350461233720252391e-30 2.366474006937290105e-31 1.585137949713965286e-31 2.033650653184617722e-33 1.666772225979148463e-32
2.902502553510681095e-170 3.586062769634302757e-157 3.214428256260847615e-145 2.858795160667633076e-135 1.193559228266178415e-122 4.766748267743702391e-109 4.127577220163761210e-102 6.891617521763875077e-94 2.332114025886721393e-83 1.026245502760717213e-76 1.716208973567685616e-67 5.931013542232446304e-63 3.922590860306297989e-56 3.228161038045568567e-50 1.354957579719709693e-44 1.754917257336755903e-39 1.071204297267055875e-36 6.015684864973804476e-31 1.503065266280638654e-28 9.010309613202583452e-25 1.821733221175560906e-22 1.191623023109630741e-19 6.728144068405057025e-18 1.860680182341383403e-15 1.077449815438360092e-13 2.365555070496010303e-12 5.595056009045835844e-12 1.160475271697631332e-10 1.253906389649511490e-09 4.591730210890270224e-09 2.618886644569827541e-08 2.088754058010645248e-08 5.009433264802686927e-08 9.695809976179978266e-08 6.598566696277209708e-08 1.761008048881820197e-07 8.767347092574669126e-08 4.816481467085251135e-08 3.002296538779829431e-08 3.599019186275543849e-08 3.885242632750165895e-09 4.853859675222870919e-09 8.117905081208990168e-10 1.428067446711007850e-10 7.693454431963118255e-11 3.947291572951317108e-11 2.135594798534604849e-12 1.771264422691430037e-13 7.991990322632298547e-15 2.883674444448706002e-16 9.818212983345120988e-16 8.343813717460639439e-18 2.783701276785962928e-18 1.120485594940775793e-19 1.868176709172537257e-19 3.239292092632021130e-21 2.537115384939017827e-21 1.090056445954755900e-24 2.409938050389002100e-24 1.213466238852103099e-24 5.521871709333344363e-26 9.385243999061379363e-28 3.150892922728301884e-28 1.618092906626349285e-29 9.231760210498113077e-29 6.613276190787389921e-29 1.377535269753860672e-31 2.479600698224617193e-30 9.058218695848271431e-32 2.627981256736821659e-31
1.920064808452011018e-170 1.264818193002315256e-155 3.408319184960920669e-142 4.960419832301231747e-130 6.686710284243936162e-121 2.488145204659789803e-111 3.626346232656045994e-101 8.642908563085926908e-94 8.404445700687218883e-84 8.374510129319016569e-77 8.651510816476610124e-64 1.428319663916390074e-58 6.635090559625580295e-57 2.130474146727965774e-51 2.058522660012334271e-44 1.479979384189797277e-39 3.494347654512629389e-34 1.450943939119295342e-30 6.135315544067965562e-26 9.279625800328678504e-25 1.832673019924488016e-20 2.015242249467753519e-18 1.409543627804189682e-17 4.227897136548289759e-16 5.392370398689206104e-14 1.887993881443024388e-11 1.468837513873855232e-10 2.193895940731343365e-10 2.027005119951476540e-09 3.954884706564239966e-08 7.610208057368611880e-09 4.477526797600636404e-08 1.272049964609578365e-07 1.514550814528696903e-07 1.260638968986908692e-07 2.180373886404018407e-07 9.602704541357816457e-08 1.543458725867095041e-07 7.856887617970844949e-08 3.980126905846895511e-07 1.251231671167850962e-08 2.459516487957711416e-09 9.707427398994455514e-10 1.403743289484229498e-10 1.796776137396488177e-11 7.432963693485830276e-12 9.504954590072535368e-13 4.602299019749080424e-13 1.708653545740048736e-14 7.452143012635596796e-15 1.681240629221818660e-15 3.381200659714496869e-17 1.378427473680867286e-18 5.029737536772373310e-18 1.812791471329202632e-20 1.578210321590276217e-20 7.721741904783448917e-22 4.869743399086103676e-23 6.690638896475193179e-24 4.868843856804659310e-24 4.440731768708991985e-25 1.548096342162615128e-26 1.240055324615037992e-24 1.209324401786907026e-28 3.953892117261901077e-28 3.944849772686936196e-30 7.947912793369316886e-30 1.809257170941301712e-31 4.083695827751767844e-32 3.411069002417589569e-31
2.555379629171939255e-175 4.756262101617696018e-150 1.053991022608363017e-137 1.626796636766403912e-135 8.542303041801979389e-120 1.538583197034170143e-110 1.148399454104024387e-101 7.633173684275354224e-91 6.827225663457297772e-84 3.585782094081721950e-79 3.218282896643808097e-64 3.201209796772339691e-61 2.159805521297891229e-54 7.446178985302737341e-48 9.098935624292757559e-43 3.816567183494170951e-38 9.271683982320303348e-35 9.131467748629685025e-30 2.126657246647609827e-27 1.708377949714650321e-23 9.815931506680499573e-22 6.367224355937018056e-19 6.989531837684822385e-17 7.292070444683245625e-15 1.863809407445710904e-13 6.582784153519333135e-12 5.027245814707574546e-11 4.626263588323082153e-10 2.407777872754941942e-09 1.416178284938235494e-08 1.469087587045047723e-08 9.326674028868995839e-08 8.177969494071652182e-08 3.558760135534012178e-07 5.497131372586508421e-07 3.356391907152587939e-07 1.534954110834799353e-07 9.352933227126909405e-08 6.548079648145277647e-08 1.961712791862899642e-08 5.803543659185483696e-09 1.333975088649045217e-08 3.851564610707551629e-09 6.797407072087496752e-10 1.398526224372744407e-10 4.836797363686147354e-12 2.246364813586294216e-12 7.707214357537143847e-13 1.656262798915390323e-13 4.812507574848467769e-14 4.713689182655500292e-15 9.600356004834468185e-17 3.805829193617117297e-17 2.047155572522863135e-19 4.996805311132522301e-20 2.191386231507712477e-19 3.744019505493197698e-21 8.522617398482354000e-23 7.551908214804896039e-24 9.024532735477910980e-24 4.240453176903868909e-24 3.454136559278398765e-26 8.510755433680341905e-27 1.897784860346202743e-28 3.798034127063299815e-28 1.309511220486720685e-29 2.529387767422008003e-29 8.340256175400155660e-29 5.624143978462811896e-30 8.709336542313200189e-31
1.537901873801690227e-170 5.563802833198206204e-157 2.774690246516197900e-142 2.149453668574220797e-130 2.070601641048481255e-120 1.037950669465893540e-109 1.785595096256039679e-99 1.202566214849001097e-90 1.207920304269579526e-81 4.710049363366690595e-74 6.986032101192225683e-65 4.772774469791027854e-63 1.847340834571881618e-53 1.172872043318275901e-45 9.254355988914037181e-44 2.308499529967978620e-38 5.048843917505071747e-34 6.509187324125176509e-29 1.525092318953221499e-27 1.846658715518775545e-23 5.267598214054356830e-21 9.736818495336154074e-18 3.115920308373779512e-16 5.748516404358141227e-14 2.890824398164448467e-13 2.103576948328201001e-12 7.026499283296310689e-11 4.900626567284308027e-10 2.014001284347344684e-09 1.677069728222863621e-08 4.306100885107948850e-08 9.200329697042973446e-08 4.915774240412347662e-07 1.951620661696738668e-07 2.537161937316700565e-07 4.822925995044899290e-07 2.651805587471532660e-07 2.094193383132174704e-07 1.513501759660639345e-07 1.467629671190953087e-07 8.456636671744478957e-08 1.109662616800621893e-08 1.243229411809582613e-08 1.072951581651412439e-09 5.199719123027185267e-11 6.202963242940939763e-11 5.308211675815044942e-12 5.195724975149861502e-12 2.939379408818476786e-12 6.486621527404837935e-15 1.691232284517171031e-15 3.138993974115896888e-16 1.970805359006710098e-17 2.786441827332718334e-18 2.769260677292450154e-18 2.708668045697802999e-20 3.149113942184387473e-20 6.562203638731968215e-22 9.231930847333279946e-24 9.819831966194598040e-23 3.091610636554271430e-26 3.854782152890003866e-25 2.869805442402138954e-25 1.106135879663041785e-25 1.076369945230295940e-27 3.846499931552948643e-28 4.293780013206938416e-29 2.643334973663444899e-28 1.639575758897092189e-29 1.324410915775217406e-32
8.796601739177962407e-163 3.281900416959538700e-159 3.253039723834029714e-141 8.187769903230750117e-126 1.714919247195775075e-118 1.411487209330263501e-106 9.869879473852022682e-100 1.228856033408379082e-93 9.158548269046579391e-78 7.327494958647301813e-74 1.323252309736149057e-66 5.187845754026864043e-59 1.419468920483657554e-53 1.353274911955169457e-47 4.904520451955583716e-41 8.145697882082790897e-39 7.445484493905375936e-33 1.006752647950576066e-29 5.370308326993302393e-27 4.918157765349658450e-24 4.505344943259446203e-20 1.765988720277466162e-18 3.292525252262077032e-16 3.711010970625212805e-14 8.221337479290694224e-13 2.767817451907696391e-11 1.254164038157778401e-10 1.012634399173821520e-09 7.561853564206339599e-09 7.625763583377024411e-08 4.298193344000209968e-08 2.031205476467045539e-07 7.941774334466908060e-07 3.166477254979862067e-07 4.709603941148914726e-07 6.683211750607054408e-07 4.644791553181026338e-07 2.074391954579647227e-07 3.461525682750334085e-07 9.397961113723102738e-08 4.516029272554394717e-08 9.379361129304267932e-09 1.337689302533146062e-09 7.793902329674984792e-10 1.465417039866589146e-10 6.651004469550614895e-11 5.718171204214553343e-11 4.276769089660627304e-12 1.876158893941777788e-12 1.972596653388377086e-14 1.013960143172032485e-14 2.534876345216893609e-16 1.972631126903383992e-17 1.058453029758302790e-18 1.292049650165199328e-19 4.231682092904782340e-21 6.196182778410249918e-21 6.476777841740600353e-22 1.403363612544780034e-22 7.212415287306634477e-24 7.254451947222985603e-24 8.974947504482015362e-26 6.971691887989718177e-25 4.280588024008362276e-26 1.597837216841758034e-26 1.304281878810344042e-27 8.167957518954165162e-29 6.058041123424917761e-30 1.710517547314559074e-30 1.623797046044029316e-32
1.109394921314524661e-167 4.765475905929137533e-155 2.002721530650299329e-141 1.891143607916713315e-129 1.500638768846237807e-116 1.025971089286361884e-107 6.903882538664585155e-99 2.621991665938325414e-87 3.883445277302965273e-82 4.126367267539521728e-74 4.033310641750160701e-65 1.671426311965296665e-59 1.255793684938127088e-51 4.423871521704434719e-48 3.139504404757060392e-42 3.626974729632860003e-38 2.074168373483197222e-33 1.408508560001146504e-29 1.677134751900591115e-26 3.829175086835990729e-24 1.499101169774916828e-20 1.736030443183959833e-17 1.150837415366195003e-15 1.601355990978172282e-14 1.227727283641004643e-12 1.477564379098280924e-11 6.671130496968939596e-10 1.702268660641212195e-09 9.484949969542701137e-09 3.693300353060254934e-08 3.329136571095679591e-07 2.247383135651885915e-07 7.327994272173374674e-07 6.452823589077649406e-07 7.059574307586081582e-07 6.660764244415402670e-07 1.138797539700890408e-06 4.431177147452399482e-07 2.654379737653807502e-07 8.691862023442719125e-08 9.090319319628832031e-08 1.134228970060834365e-07 4.633420124107698963e-08 1.466124216657342135e-09 4.586231179544308761e-09 2.159288058215000525e-10 5.154858208086233608e-12 1.856653391400173660e-12 2.784457496831273832e-13 2.210334347178144762e-14 8.592528735854283751e-15 5.550476417026761427e-17 1.826261138780572512e-16 6.300986142925588197e-18 2.378654523547098748e-18 1.522277189850426759e-19 5.621311511131428862e-21 1.181882361308516170e-21 6.861623894916116321e-22 1.348142610539951682e-22 1.876832849168690510e-23 1.308452415125797301e-23 1.078224145016746108e-24 1.505473997159939348e-26 9.790197158645183062e-25 5.865212199924611805e-28 5.388557359982276354e-28 6.510844728693416468e-30 1.674186451215474050e-29 1.032842573680969021e-29
1.547864289814670374e-167 8.517320021114921170e-156 3.931910530776064352e-137 2.380043311957818577e-129 2.064439770240400261e-117 4.346760981295819452e-102 2.829489529845691476e-96 7.517871502909160883e-88 1.160282798074966189e-76 2.006473968099820556e-70 5.195790662799859947e-65 6.667053856900509878e-60 2.588101045414174483e-52 5.328338236181001893e-45 3.514050525615856965e-40 5.764907739631496937e-37 9.757051173791614503e-32 1.079651955565699804e-26 1.685824086453097670e-26 5.033094230937337295e-23 1.002267504423667074e-17 3.231998995731190384e-17 1.506374652922205665e-15 1.109688426356532498e-13 1.030105556828681299e-12 5.213362972233714336e-11 8.837568831175376320e-11 4.548587277233815581e-09 4.902180827875932265e-08 1.538327564379487902e-07 2.026086551126672178e-07 1.807871862673393767e-07 1.246726949784855108e-06 1.103748672848512787e-06 1.322758607413082454e-06 2.110581137045333877e-06 1.734062887400793751e-06 4.890008684456526971e-07 5.003741647193029104e-07 8.753040334361258574e-07 3.051043181429174264e-07 1.743690596223571008e-08 1.763224593003942059e-08 8.776812660943881188e-09 3.098745836947923522e-09 1.184121834712988435e-09 6.486706288347921168e-11 8.334744963266509382e-12 1.167876352677095918e-12 4.649738422056026623e-14 1.520613016249263797e-14 7.282855114127028643e-15 4.976717711288326394e-17 3.997289701268636638e-17 8.104260770186056729e-19 2.310685061986041166e-19 1.582535152453469835e-20 2.579146397872210819e-21 1.380365591861319424e-20 1.498542059569591033e-23 6.430377005366570424e-23 1.119207892303644390e-23 3.441827919823576853e-24 5.538371159048888717e-26 1.434865691711980281e-26 4.031198115399255771e-29 8.729818084398236507e-29 3.177772495768842418e-29 5.454439520689354686e-29 1.586427166445449490e-31
4.849481521592885063e-161 1.806079071373070904e-151 3.342646716047423584e-142 9.930982951749490053e-129 5.291636999917635771e-117 3.867456642385582406e-107 6.914853234657877148e-98 2.375994150757483186e-84 2.725086980987443454e-75 1.077493066474052168e-71 1.032300034860110785e-65 5.469645008296755612e-54 2.649296311423839989e-50 6.096442650709732029e-43 1.833383897878255691e-39 2.310998688398748692e-36 4.335569469772035165e-33 4.933704181539698985e-28 1.875893725225596366e-25 4.866568084654593197e-23 1.912154696156978249e-18 1.126913396136118841e-15 3.045862080093042768e-15 7.238524983426332978e-13 9.189270859706302266e-12 2.742836679692473178e-10 3.912124678829257461e-09 1.118649964836183133e-08 8.367151070149769746e-08 2.836181295756164697e-07 9.811059712883691622e-07 5.132609090279556806e-07 1.965126607356630195e-06 1.832424077368981752e-06 1.380474143421173230e-06 1.548197476855774125e-06 2.141715393669270808e-06 1.558758059161306641e-06 1.516363878148294339e-06 9.285747771820444006e-07 2.215698127920128082e-07 1.181374638598606323e-07 7.039007571070938130e-09 3.747912537917860955e-09 1.439631415139368887e-09 4.171153753770388256e-10 3.125801576374815910e-11 2.088941456182402234e-12 3.469507733850999389e-13 1.289017381306956360e-13 5.830971576215443630e-15 7.198108735290427190e-16 2.239024915231166071e-16 2.650933496216064217e-17 2.710734159618021686e-18 1.161355327448257309e-19 6.686309244759955919e-19 6.325266843546143078e-20 6.333154023618652330e-21 2.993977911180223141e-23 7.952740793598874628e-23 1.131295468964648286e-22 1.043387031719371847e-23 5.779938226791176149e-25 6.319474838238701821e-27 3.499104079526505355e-28 4.779596272881220384e-29 1.203719201785495363e-28 1.466366359546477613e-28 1.563208706691963995e-29
6.496018056563735584e-159 8.555059347073144599e-151 3.975224371758752040e-135 2.769099585362489891e-128 1.518060235549122450e-114 4.946392060611555565e-102 1.478518975318333953e-95 5.876321966692118388e-84 3.845298563205790451e-78 7.204117812011416861e-73 3.021880663066005554e-62 4.647838346695473505e-57 2.457742342868915743e-48 4.033253359416682652e-44 3.163549180653415742e-42 2.369971073858383100e-37 1.330245114509650494e-31 3.854400524213337810e-28 2.920262422063068204e-25 5.817187200144258496e-21 6.376240403073678943e-20 5.212522049620746240e-17 8.757349067737652208e-15 4.741942420019842470e-13 1.023749547127432618e-11 8.150212632916130180e-11 5.098112356057994333e-09 1.434078193576785958e-08 2.503660013791979003e-08 1.890783724667585844e-07 4.386172757938855021e-07 1.841012138777595958e-06 2.453639032807995980e-06 3.247911372249781147e-06 1.969583791885790554e-06 3.793674472247106965e-06 2.334121145817344194e-06 1.163655720675326310e-06 1.020990913456483223e-06 1.068059460872626573e-06 2.070166655306243019e-07 1.299570565844652223e-07 2.917411893616259622e-08 3.333380142910695676e-09 2.288822237123345843e-09 8.992166823763027702e-10 1.816538181347011747e-10 1.302967208169073090e-11 3.658160068027048985e-11 7.496786644445125235e-14 2.103031807249266753e-13 1.349661222056584225e-14 9.219990677437771138e-16 4.942849259086926415e-16 3.472402167971298105e-17 5.746077429118522875e-19 1.165836188015063717e-18 2.921889827493362638e-20 3.485690949905648688e-21 2.148649696609838930e-22 9.062075820347350348e-24 3.291007282479411848e-23 4.645458302959860665e-26 1.554999369197357505e-24 6.733666347463537241e-26 4.919686243242675905e-27 2.367623159649917756e-26 1.478744860191965131e-27 4.248304543972193377e-28 6.125289455264550244e-29
7.623606089270576540e-164 2.447650996776428504e-155 2.631600020718289740e-138 1.474053324137300947e-124 2.497963386634277518e-116 2.209165807035711223e-98 2.640084428258314179e-93 1.485258584698313791e-86 3.613915701381769641e-77 1.417971492318682072e-69 2.417648233138609059e-62 7.493421586308829988e-56 2.299941911588266022e-51 1.227204295369827227e-44 1.469047106703154045e-38 2.420942406504486008e-35 1.646305772078270191e-31 2.353154771188323391e-28 1.956544956516059207e-24 3.316201906023417740e-21 3.952494055695757655e-19 1.734024854856804414e-17 2.833739868740614524e-14 7.383631402708692493e-13 1.765564160973235000e-11 2.880991275254052590e-10 1.664307384694510628e-08 3.809815676235742414e-08 7.470746859622390961e-08 4.621686949349134518e-07 1.185199377818050936e-06 1.415061408020922765e-06 2.998629996736487462e-06 5.114824464331269024e-06 2.387383518965318488e-06 1.088376169967273386e-05 8.354432732345094508e-06 2.214390146942684108e-06 2.580870783179621525e-06 5.247180996431587234e-07 4.468252755809658670e-07 1.543504840435842237e-07 7.093664463082539281e-08 1.095847171220193253e-08 9.814546304156531134e-09 2.750624783834190127e-09 2.715825312958191754e-10 1.610474171992707345e-11 5.723076589709461550e-12 3.089628973413474398e-13 2.001657289298576181e-13 1.150868750114435093e-14 1.600179188904907126e-14 1.242106973310330184e-16 1.669914881773787901e-18 9.321049736363334308e-18 4.542657700802990405e-19 5.945369580800511086e-20 1.611192297755444198e-22 9.849555866785157695e-22 1.058504997647668582e-20 1.748654472952477242e-24 1.249695231773715578e-22 1.675575170710039413e-25 5.578075374375994217e-24 2.714660868934247985e-27 2.275703793678942105e-27 6.072021387950716002e-28 6.851862186133662822e-28 7.159299123505665114e-28
8.714796412596078328e-158 4.520370807876483558e-145 8.807688855781391378e-132 1.158662543862079548e-121 1.301957129146418777e-113 1.432820142595908445e-107 6.651964144985514729e-93 9.441803329837503533e-85 3.063009025263708679e-78 1.806353374050064591e-69 2.978372051937304746e-63 9.711528578259550787e-56 2.867729250582239257e-50 4.499888821497456191e-42 3.574847315758096457e-39 9.202766508120814173e-33 2.530589533101354712e-29 3.690064768903743350e-27 3.825942803739684568e-23 2.456122949764712796e-20 1.822691130934029971e-18 1.209302306665042330e-15 1.274082923232001387e-13 1.588437449088461492e-12 1.125854595521820832e-10 6.369056827632270428e-10 1.211404327378815753e-08 4.283039512999959643e-08 8.678296816098861058e-08 9.085288702778221219e-07 1.157714753350270138e-06 2.053485596464504146e-06 1.957957754887602010e-06 6.398728707668587125e-06 8.218205820048494204e-06 1.087894852605584254e-05 9.517136815991398001e-06 4.529264912426062414e-06 1.031276301776037445e-05 1.009395222645223382e-06 1.183300688448124815e-06 1.987368460426593175e-07 6.352044022974222560e-08 3.273236320430175097e-08 2.667787414906619364e-08 3.386164498438776423e-09 1.942389355581536427e-10 6.692116641086703484e-11 8.280969889116891143e-10 1.142629462938008736e-12 1.524234815478997131e-14 9.776255950401707028e-14 1.219710584492869236e-14 9.162952392074255455e-17 1.698382817420649847e-16 7.276551047953582830e-18 3.975093502422093731e-19 3.727217852070434031e-19 3.354060738683466016e-18 1.848183736563666227e-21 2.238198771713786492e-22 1.719108133483071870e-22 4.166030369275313529e-24 7.653326948669549451e-24 1.482602214146948243e-24 4.996076110223642639e-25 6.785780231288472837e-27 2.340900890063595256e-27 1.720485590592140469e-27 2.302560426196469569e-27
8.129749292264752655e-166 1.239447560537947066e-142 9.375931824377731197e-135 4.659147655345947616e-125 1.552993489113972690e-112 8.038971591947276543e-103 9.391373198743001166e-95 6.123752309548998243e-83 6.349424712675638222e-76 3.401404466503599384e-68 4.184384724102041523e-62 7.005242209095061574e-55 7.780491408777445670e-49 8.549637047418834740e-44 8.019857345463426066e-38 7.321701956891650675e-35 6.595289906395019991e-29 4.518584613658791477e-26 9.065322505008924916e-23 3.926306468470345248e-21 1.993370365163994107e-17 2.801255349885041405e-15 8.278385872623711413e-14 2.369420908497531850e-11 2.142055585998908294e-11 2.860720347996103401e-09 1.011887167161489522e-08 3.046250314964150239e-08 1.388069829867758285e-07 8.947293401523036246e-07 1.303322370242459285e-06 3.891410156307328666e-06 2.893080985096718711e-06 5.855822458767122858e-06 9.578638065188772711e-06 4.780173469301609578e-06 4.759319677216162408e-06 4.013369535658908311e-06 4.311175046845508941e-06 3.394433089908540375e-06 3.385222345239605991e-07 4.592342097868183132e-07 4.819389671314683125e-08 1.824229265779384493e-08 1.393278967017618720e-08 2.323067969694009034e-08 1.685619019895442090e-09 4.640891445338031533e-11 1.107634319376138389e-11 4.742503293740958892e-12 6.510522847707188264e-13 1.571531069503009745e-13 5.555760444526492646e-15 9.167171925371986838e-16 6.287267552897165188e-17 1.836403612525443670e-18 3.379998386762125972e-18 1.685497595746719017e-18 1.826944466195261475e-19 2.039154471023054843e-21 3.890731065884774853e-22 1.274945684664613082e-21 1.519669720955053552e-23 6.928720264734649828e-23 8.316424379085656281e-25 1.236261740156061709e-24 1.131975429415524053e-25 1.648839319145841133e-26 5.040094436018568479e-28 9.515641193882576756e-28
4.195526366540919400e-159 1.535697244874986109e-146 3.255556534363551157e-134 5.580162786526267368e-125 2.797226565479169357e-114 3.490274810556930687e-101 2.419654256001909757e-93 3.096334277073808196e-82 5.584038902512096174e-76 3.970497902300696540e-68 5.499751852925881789e-62 1.340616011444324490e-53 1.622728532557219403e-47 2.228397203156952623e-40 1.063850789923926209e-37 3.727403983196595725e-33 9.405936993463707937e-29 3.851817978663684808e-26 3.028091077445838307e-22 2.901440489899034142e-20 7.178151010931865044e-18 2.208361632951161737e-15 1.273280069139385673e-13 9.011979791557504289e-12 1.882052468884394351e-10 1.633929593713299999e-09 2.896204079597997300e-08 1.806468997074389468e-07 2.335775335069157104e-07 1.062114178198761933e-06 3.604122799909636039e-06 3.725806775958798610e-06 7.038998727497101621e-06 5.462671411419278736e-06 1.339019827985880367e-05 8.441560697190634758e-06 1.991465571424805886e-05 5.695237245263931676e-06 5.745951961074127491e-06 9.093422319504392248e-06 9.051799560452097042e-07 4.753418609908090517e-07 1.215277998562545025e-07 1.348172170337993693e-07 4.153513303067933523e-08 2.005683855301220668e-09 1.425029716553223363e-09 5.775445389506283484e-10 1.940506373250890803e-10 8.473094227262772975e-12 1.675273469594938109e-12 4.235666143866932017e-13 1.586215255837560162e-14 4.236125760856454395e-16 2.839550364594666204e-16 7.544617852707174996e-17 4.724679064666383738e-18 3.114472724810492035e-19 1.458465851732747590e-18 2.037306139805568805e-19 2.083369295072755650e-21 2.420390032930936310e-21 7.993011706842499386e-22 4.347353526438195399e-22 7.899292481307579629e-25 4.102944834422365446e-25 2.815518486498926765e-25 7.782006776698382396e-26 4.936915281540280451e-26 1.071159637486788539e-26
2.414037807165329094e-159 3.696375485383680406e-141 2.153836877787953337e-134 1.428397489864243749e-119 8.508775356911775770e-111 2.356520587525390622e-100 1.846701884423521343e-89 9.467306722303238037e-81 5.747741050163452437e-72 6.651384633650208430e-63 2.749863130179156471e-60 6.713753437505195995e-52 5.793229110142407735e-46 9.000419872186817563e-42 3.412750322520982736e-37 1.351897467377131253e-31 1.026122190411353976e-27 4.700857757136443944e-24 3.892891382602683419e-22 2.114507909722003408e-17 1.893430551222167195e-16 6.677455500271127965e-14 1.225564538787055546e-12 5.347747573482503968e-11 4.702282532100580001e-10 6.464239286128120937e-09 1.760801762797489451e-08 3.625806520919539936e-07 7.285223746090580320e-07 4.141376350282174453e-06 1.133991698624126044e-05 1.169727043999965201e-05 2.023469839890345711e-05 3.444776764698976782e-05 1.791862927440596336e-05 3.757311917849164099e-05 9.641389468937536770e-06 8.663880546979683088e-06 8.026933925203306856e-06 3.755570764455072604e-06 5.771111839640850689e-06 1.699706654434027521e-06 9.531026801690109311e-07 5.425596982964666390e-07 8.704201047081675484e-08 1.469128343377261313e-08 1.909507826573159888e-09 6.108820740814588434e-10 9.431470808866230934e-11 1.873958508314986915e-10 1.120176071830802214e-12 7.929316892355494260e-13 4.851536094637089322e-13 2.000962996449088899e-14 6.128143109036286352e-16 1.564757211127479270e-16 4.305655350486592491e-17 3.581628931027078401e-18 4.627308503203123785e-19 6.456946630736279745e-20 1.091311250907531237e-19 3.079281593207196934e-21 8.531656262632060783e-22 1.011912569207271450e-22 5.659024751439425576e-23 4.310374904253902945e-23 1.544176602046619932e-23 3.165567124040895446e-25 1.227287375837938954e-24 5.246572233172492743e-25
1.518929284086756260e-154 3.573372363703120837e-142 2.098033119244458072e-130 1.134763632119763546e-119 9.271583835672484034e-108 7.177199249723052640e-96 2.184953858005069966e-89 8.396986434674418579e-81 1.211009228254024564e-73 4.857525598587110646e-66 3.198081256983038641e-59 1.225233005675601423e-49 1.746518691524090298e-44 2.941291680258047863e-41 1.245715206749404809e-35 6.966696752706038683e-33 5.487349738994510583e-28 4.856567669438161454e-25 2.130996121306477840e-21 5.600341197132579818e-19 1.696695293813105075e-16 6.628059577600252727e-15 2.900580060381739672e-12 2.991306457597727430e-11 7.065367134206941137e-10 4.139911197408343049e-09 1.280312765251110731e-07 6.096927393323902191e-07 1.314830499868749058e-06 3.763276616648507820e-06 9.175791813139874087e-06 1.912238639399019269e-05 3.242342298582983153e-05 6.380122644572577177e-05 9.248876512718189416e-05 7.681909989388097928e-05 7.643120269599270851e-05 8.940011905106225306e-05 6.366471657837677409e-05 4.000495871825923211e-05 2.478774715441399627e-05 2.253842501948217041e-05 2.607961665017108814e-06 1.262232688758085757e-06 1.190325644016103492e-06 1.037029881181878654e-07 1.024938859645809314e-08 6.793096558760868576e-09 6.276286863457524506e-09 2.925584645337480751e-10 1.167843336141041826e-10 5.170629895936319916e-11 2.638241838418323683e-12 6.606412184138182005e-14 5.678608917355998321e-14 1.835106847314888789e-15 2.589294153105108730e-15 6.211307055736333898e-16 4.411481737419123520e-17 8.414539943396102634e-19 3.559373007627911127e-18 2.007334893606913998e-18 8.169231967241100545e-20 2.583533298447897726e-20 1.314104456943077740e-21 1.193603801985830875e-22 2.674069120208090187e-21 7.812631912099680097e-23 1.455537657930354186e-23 3.955879558935307148e-23
4.117641484091088116e-158 1.786331341805464201e-144 5.813782731227466273e-125 1.301412154276115206e-118 4.300560273652506597e-109 1.955376215258287396e-101 4.131657412687973958e-90 2.822633747925857080e-77 3.858804284009210359e-71 1.795503433004624404e-62 2.805137700127476955e-59 1.808899214899835313e-51 2.233835620846371534e-44 9.975112370853479833e-40 2.455825926009079564e-34 4.976201200006168301e-31 6.280943599011506269e-28 4.888858223045934328e-22 7.201681093420918319e-22 1.555202798896194886e-18 4.099908601368494452e-16 1.253910354427751109e-13 6.714012012912103093e-12 3.520881690075182886e-11 2.806890459458900624e-09 1.855597675042468369e-08 2.112240738778581035e-07 9.744935624707439505e-07 1.002057988779069152e-05 2.060468965148133674e-05 5.163241044123632618e-05 9.233172933984683858e-05 2.173986008100445321e-04 2.195521590592707472e-04 4.072288820597359457e-04 3.225934605113508200e-04 5.665808282742371875e-04 2.704987363508994558e-04 2.991826581451750735e-04 1.637102962183531940e-04 1.626531892955458073e-04 1.870182824874573667e-04 7.514614366162284222e-05 7.002364524113496706e-05 1.457693681781061326e-05 2.031680602450043116e-06 4.433905280108848506e-06 6.608545874816923984e-07 6.542048909459731439e-08 1.634507756623364702e-09 2.938611947515055400e-09 1.252875095832362524e-10 4.552330641913715685e-11 2.958301584847550989e-12 1.216983183688665114e-12 3.380726405319251185e-13 3.456285295529734641e-13 8.002493064405548183e-15 4.270212022787346877e-16 5.402307937368030073e-16 1.035213835042877364e-15 1.231932169710594586e-17 3.238142950814166967e-18 4.386938860685793226e-19 5.936178023183411364e-19 8.737590474697891196e-20 1.462234559374225220e-19 2.339396078364027599e-20 5.830607689916553763e-21 3.169317935068045303e-21
2.772024413846106782e-154 4.762361688543925605e-142 2.267517617561231547e-132 8.833952050230367978e-117 5.417996038191885512e-109 4.976310882064102452e-96 8.685069467718695097e-87 8.443198798250840047e-79 1.604436149366810880e-70 4.510893177034132753e-63 8.165830351856883532e-57 2.483700325159009674e-50 1.379247568285381270e-43 9.649338534323310917e-41 4.230296559111106168e-35 5.657402057096460953e-30 6.250558422019155427e-26 9.118651362731084705e-24 9.545809359424689753e-21 2.410040708434339916e-17 1.165894620233985862e-15 8.649407326830505932e-13 1.741840141562374962e-11 6.489555967625215242e-10 1.880849560398285601e-08 3.494965811366579514e-07 3.067097583141488862e-06 4.804138160656513876e-06 5.396105573007172173e-05 1.022148227847331211e-04 3.349094139167676024e-04 8.164873211534468987e-04 1.227729842807314276e-03 1.015931226635001430e-03 1.212357190489999920e-03 1.859658182220941605e-03 1.690794080314274566e-03 1.737931562374202829e-03 1.461760345124906617e-03 1.639644436142914750e-03 8.794226359116623414e-04 1.088037703621520238e-03 7.284094045822332329e-04 2.950706247742634989e-04 2.206796848632009193e-04 1.277845761473683480e-04 2.128771818219801895e-05 2.173991586358459043e-05 3.566792526086488929e-06 1.283259753162566449e-06 3.596608046041953617e-07 3.402690312313980666e-08 8.393849131416741986e-09 1.004213411925274250e-08 8.746965678393166739e-10 1.092144229208878427e-10 1.313176736773602216e-11 1.146881765257404617e-12 3.087686753350752944e-13 3.856665708241963908e-15 8.006221877100775855e-15 2.998159232314258687e-15 1.137184563367324756e-14 1.482210992799296488e-15 2.974932767518323538e-17 1.033152093758119274e-17 2.417293641308380788e-18 8.231603790235670086e-19 4.453039847112719467e-17 2.033326332855065141e-18
5.833623521383914299e-152 1.341231026718359364e-139 5.588373464315252412e-127 1.967088083310146455e-115 2.753811703689242233e-100 6.431373093236662417e-89 9.806748542141716238e-83 1.231749657732614337e-80 4.606931209569154595e-72 1.057250001583701906e-62 1.893519141987041135e-54 6.172186570500332185e-48 4.840148626703576031e-41 1.769891442843916452e-37 3.097892299379140931e-35 1.169905910478567523e-30 8.402129304777468260e-27 1.153302015093788475e-22 1.204968025930767344e-18 6.921150342892304324e-17 7.229075586675073088e-15 5.454902184074255890e-12 1.148854936316933087e-10 3.693210748082784826e-08 3.719753487324799855e-07 5.066280639122461333e-06 6.493500042733319139e-05 1.354995535816971093e-04 5.557576126844413064e-04 1.050613679167359659e-03 1.343696058619404813e-03 2.487490192530257983e-03 2.966387287138801034e-03 2.583183451601826428e-03 3.320200005872134090e-03 3.288674211106977496e-03 3.717866378664157548e-03 3.353331995312968956e-03 3.083831451782525438e-03 3.113876584490968009e-03 2.954432515060471161e-03 2.765395803088230818e-03 2.307087997479139417e-03 1.865307674539680048e-03 1.952110009702257834e-03 1.696032197481702744e-03 8.458844632152107438e-04 3.495777703435416187e-04 6.239298458769998012e-05 4.782090717506910023e-05 1.815216422991423927e-05 4.300021098221707062e-06 1.103007758758086277e-06 9.337823063622276990e-08 2.217215852218243716e-08 1.048894007408342018e-08 1.985930741370438071e-09 9.580610121774341067e-10 1.698173433465660964e-10 1.722155592163993949e-10 2.185176564274119347e-11 3.860778057827205552e-12 5.313450357928570542e-13 3.318585618551715047e-13 7.460990151899245646e-14 7.058580038018435445e-15 9.365350001027473796e-15 1.464012810883721455e-14 1.996460184724264783e-15 1.341192223666471957e-16
2.513128205381011264e-150 4.955354292822864275e-139 9.550941618662243930e-125 1.614612432427293398e-116 6.232421265157078132e-104 9.034881062341865268e-91 1.790736741287634226e-85 8.212879533436148831e-74 2.719653757315508547e-68 6.110234262824258846e-61 3.043603705785782282e-53 1.547569092371502595e-49 7.209212788064816364e-43 2.169208854212184018e-37 4.919166183250072237e-33 1.555189715076762761e-28 1.702346281326808326e-24 4.546890356018923478e-22 3.944224489385134318e-19 8.930899775362602352e-15 3.625485363441523875e-13 5.014489081712778277e-11 6.624020563689154287e-08 1.778991035798949024e-07 4.616384536620726270e-06 8.337986999679635435e-05 4.278345909619349699e-04 1.353756155746277216e-03 2.551960102182097671e-03 3.740653969187567041e-03 4.006732985920912447e-03 4.503483869939722654e-03 5.142482682718883466e-03 5.549359424283508736e-03 5.807177548542932603e-03 5.090685471508863379e-03 5.318808913187734154e-03 5.424697529425399380e-03 5.117166349053613519e-03 5.060474053422573358e-03 4.752241162791169364e-03 4.679630189855453135e-03 4.089077234107760944e-03 3.559355326292935103e-03 3.565345427897861387e-03 2.605069073628755224e-03 2.574996029759320845e-03 2.014728983217598836e-03 2.118348222786573844e-03 1.018185453693034974e-03 5.283959450429659465e-04 1.889198872892018947e-04 2.217338572839062981e-04 1.087547699292970848e-04 8.550896623807790629e-06 7.125174377723781711e-06 3.796727497196216993e-06 9.080514307239346358e-07 4.396594667178059375e-08 1.299428667662555423e-08 8.001420964711070279e-10 1.238960968690121294e-08 2.999228971994587802e-10 2.900938284710492085e-10 2.295801289954098655e-11 7.197292345956492834e-13 7.457578987821416170e-11 1.158076287937217992e-12 1.219109731313808107e-11 8.154144898380101702e-13
9.483259966016335606e-146 3.542253470923499191e-140 3.263178889058694863e-120 2.134600699259986861e-112 1.133329564312615973e-102 1.293109565282571339e-92 1.412966825159003833e-86 2.923294327092067107e-72 3.351843689028812100e-66 9.102303251980193765e-63 3.062435612246185598e-55 3.079744347919576614e-46 6.907420604978735194e-43 1.375168758546235823e-34 3.029715849360084941e-31 5.695335169306245143e-28 6.949240381982443252e-22 3.559478780200849897e-20 5.165330293182654744e-17 2.938366095449427519e-13 1.481110848147468134e-11 1.448106324563539001e-08 1.109269113653845052e-06 2.199623315432393269e-05 2.340964796505979565e-04 1.473595831568981713e-03 2.795653483308671236e-03 3.497641966055241997e-03 4.963124214593421339e-03 6.044793568903363348e-03 6.734196617883646610e-03 6.583499659806351517e-03 7.732406823701907725e-03 7.960360684490814381e-03 8.796074466797584174e-03 8.331452482891894482e-03 9.116948584258471183e-03 8.846661728298618049e-03 8.273319842397043947e-03 8.174389988582499503e-03 7.691266158652104029e-03 7.251784970143932904e-03 6.413908610247957484e-03 5.775691577010085009e-03 5.762271707567271500e-03 4.840860811438023326e-03 4.609494061298184849e-03 3.710545947785885788e-03 3.469478087138241299e-03 3.183231202659320223e-03 2.685763800043252866e-03 1.774164829408025716e-03 1.510425577795081664e-03 1.383422315560242253e-03 9.834820908483214198e-04 6.019063835301989530e-04 3.461214550720601284e-04 2.373876531401764467e-04 4.531740321361101199e-05 4.074010664769508951e-05 3.504285825783728448e-05 1.140422173508211114e-05 2.303966241379789377e-06 2.387898302989388715e-06 4.804270379730115419e-07 2.320193425677388258e-08 6.899012811014162524e-08 2.641071649713768179e-08 4.366387106632881911e-09 1.191674680743460716e-08
5.023856318654287346e-149 4.783003734062642555e-135 1.034777451229710497e-123 1.909859671410807943e-109 3.112310358752576022e-101 5.379922034997657916e-91 4.971874668947320027e-83 2.216735241715141169e-73 3.833966404400263761e-69 7.938335109456198669e-60 4.195174148465100442e-51 4.815464912393315125e-46 1.799154498751344924e-39 4.586307598788329582e-35 1.254434024653143321e-30 6.249774382755064313e-24 6.149213472627951038e-21 5.217866440596050232e-17 9.889472962286806274e-13 6.445736438417849706e-11 3.475742569861132574e-08 2.908917108529025884e-06 7.730106429343920865e-05 1.056745232002833171e-03 3.443332254242053962e-03 4.417602305594093073e-03 6.297499827930782765e-03 7.031439141696577654e-03 8.729894121123035408e-03 9.865219889870862485e-03 9.576792285738372837e-03 1.051933632773565698e-02 1.217372618405781690e-02 1.295871213935999300e-02 1.372940394862446657e-02 1.379365238093741355e-02 1.423407949857443365e-02 1.276174707949894079e-02 1.330449711509384438e-02 1.332242612846370501e-02 1.212111810904598595e-02 1.125173937159413239e-02 1.000723336948866442e-02 9.762947182913806615e-03 8.421040595587009694e-03 8.547277401603270430e-03 7.554029763156228615e-03 6.373561682233934086e-03 5.883705649423275931e-03 5.085025961559810036e-03 4.805851335777987753e-03 4.214596110372205440e-03 4.405706124735190611e-03 4.305542144264602744e-03 2.911833497916203883e-03 3.040093315568261848e-03 2.674640049436959131e-03 1.764712111842829147e-03 1.612645157806238787e-03 1.324071312751899264e-03 7.241333543667725393e-04 7.908349563026007174e-04 4.874385221854089854e-04 4.298245193394968459e-04 2.539528777865963905e-04 2.313769558917572297e-04 1.171648740365354948e-04 5.602159902483564607e-05 4.133973486411558209e-05 5.213661325645269643e-06
3.320322509233558669e-139 1.058934985164523500e-125 8.523160411204216540e-120 2.207136285316560129e-107 2.003892602144683801e-99 1.590471699487835239e-93 1.356956551130569232e-79 7.648235820854326450e-76 1.113210331869615344e-65 2.313776866482090917e-57 1.950598391056469442e-49 3.092424105170301531e-44 6.149551159404972733e-37 3.352688454734893666e-30 4.997398736694198275e-27 1.471025784725340995e-22 2.417628412860336794e-18 3.877509240329128410e-13 3.142056941952020122e-11 1.000406675849722414e-07 1.989262570416730001e-05 3.861240217282522320e-04 2.900118010670514092e-03 4.462483704917634408e-03 6.272611157619213673e-03 8.943203672425441980e-03 1.038706423152435665e-02 1.155282750124167306e-02 1.306511052463058681e-02 1.519571726819179264e-02 1.678359628562298839e-02 1.923364320476185496e-02 2.084999138389102488e-02 2.426727695971947832e-02 2.364985381396695827e-02 2.730124993086724405e-02 2.851923869752683374e-02 2.764678563574386738e-02 2.906887229062286859e-02 2.756921278312975121e-02 3.087347679290599126e-02 2.596463067213748352e-02 2.193539314145587574e-02 1.965747982799174315e-02 1.731373659287455818e-02 1.542293847169214950e-02 1.254298282646480051e-02 1.156209098364508608e-02 8.795328131451552595e-03 9.229242998668597819e-03 8.383875052777938972e-03 6.794296609657974294e-03 6.679358818577792178e-03 6.069306566402848241e-03 4.878043146498783900e-03 4.047846057159837536e-03 4.327616419972909155e-03 4.480845522077478264e-03 3.592053940624795935e-03 4.027990639503630996e-03 2.964694753307440655e-03 2.617153572520930938e-03 2.829648563135427324e-03 2.434109387747595155e-03 2.062768989406381023e-03 1.990993976595301519e-03 1.700235851562634020e-03 1.815149641202891406e-03 1.314637333881492993e-03 1.406233171561471415e-03
2.364057301420008226e-141 7.189569841432195486e-128 5.691867033926326838e-111 3.153771978067008016e-106 8.897706000084169926e-101 4.038882240715770695e-87 2.326736129713479939e-78 3.434900354350095875e-69 9.191774844140192728e-60 1.895705827764382174e-53 1.544289239016582174e-47 5.307017968656529349e-40 7.257172120228031306e-33 7.362193481083665883e-27 2.603879494654574781e-22 5.787912305728415767e-18 1.491186185389343932e-14 1.539059281166870764e-10 3.214482815836651198e-07 9.124201841929310039e-05 1.376925814183957864e-03 4.087654926231229328e-03 7.230650362766813041e-03 9.430529969066745247e-03 1.234121988718374190e-02 1.369619217692761431e-02 1.658107565947791739e-02 1.874000581940478069e-02 2.160604369607157724e-02 2.909771575001393953e-02 3.422225261013984998e-02 3.737559197838812020e-02 4.883233059894342976e-02 5.378846197329215095e-02 6.623571095178455714e-02 7.430773031598837675e-02 8.954860321997913652e-02 9.046043508375473108e-02 1.075985488529878076e-01 1.049102867594116362e-01 1.120372167704760114e-01 1.027161994014493540e-01 9.668749511864524471e-02 8.170069624981673995e-02 5.642249091128131305e-02 4.443996912063143123e-02 3.568746804016890983e-02 2.525954030650737550e-02 2.256825066698439283e-02 1.935723383645836931e-02 1.709938709959703262e-02 1.282307514930618522e-02 1.233782579554267879e-02 1.075548657757136387e-02 1.000672776596919084e-02 9.191701527116213563e-03 8.501934161318024097e-03 7.656153098282331669e-03 6.718850928669192930e-03 6.127190695957125503e-03 6.467837785463673855e-03 4.711453634211638063e-03 5.224596820857488506e-03 4.981157881022326220e-03 5.034703014984000767e-03 4.598165186479454686e-03 4.097009257816090939e-03 4.420888718610629757e-03 4.137393383010852695e-03 3.422345366964643382e-03
4.003730056506818521e-140 3.472728608653642888e-128 1.874639584621553242e-118 6.208729229077697284e-108 2.099327767684260770e-96 1.134119814280762566e-82 1.723139630460020165e-71 1.085154403537271131e-63 8.439916104847576984e-57 2.922487490520162981e-49 2.901761202041142442e-42 1.818182596041491610e-38 2.436904625959817702e-30 2.336002809030542667e-25 1.061476396293902438e-19 8.778618858499754642e-15 8.886962306484703864e-11 7.507731937988497237e-07 4.781734669449480709e-04 2.890734584766414816e-03 6.866977717232137200e-03 1.166878917929281209e-02 1.475807301309173779e-02 1.720938624930545141e-02 2.065579704953210069e-02 2.459908646255340101e-02 3.141184891522209172e-02 4.022657437780736978e-02 4.947841339968980096e-02 6.552583375581062797e-02 9.375239932575830937e-02 1.093170917394252345e-01 1.364095825397130812e-01 1.420328118715944443e-01 1.697471424394017825e-01 1.801132952167029122e-01 2.051114396276116913e-01 2.215245858596827377e-01 2.456297700894320701e-01 2.545494139307174497e-01 2.667537122020272600e-01 2.728358687627789880e-01 2.820054179421250251e-01 2.893257763255451809e-01 2.529671938937425590e-01 2.392095320477475029e-01 2.267147836593827182e-01 1.928611634459378166e-01 1.574767863104067356e-01 1.334483145315569497e-01 1.026672813327859091e-01 8.870086308205848979e-02 6.205835853001211155e-02 4.525965813014726918e-02 4.019488286546163414e-02 2.724907871693168018e-02 2.476444136142826741e-02 1.680463393303370870e-02 1.777694974624324104e-02 1.871175536631072486e-02 1.411832746908688214e-02 1.410570461176455931e-02 1.410425129259640017e-02 1.142497836483970068e-02 1.065678143561462655e-02 9.033970280681563603e-03 9.067204656272528224e-03 9.787762800931241666e-03 7.630843655966415735e-03 8.353417246085891382e-03
1.174404721333880209e-139 1.206248862431127815e-128 8.892243084422720242e-115 7.596757128170104210e-102 2.111601336207932659e-87 3.433765937780510286e-79 2.297024708168836847e-67 3.582655635754480127e-62 5.961412896719353157e-50 1.513715201470388041e-44 4.542932948543148867e-37 4.003208911077297472e-32 1.494828566896400500e-25 1.549137149337876398e-19 1.141610831745870387e-14 1.696711847256783088e-09 4.773153270199668952e-06 1.225630809660982912e-03 6.192649450158133582e-03 1.291239604714085332e-02 1.846795301151922877e-02 2.722968753687086962e-02 2.975318055204410547e-02 3.737044438612884684e-02 4.397696656216075473e-02 5.450605955004863418e-02 7.836608443307831184e-02 1.088724503971273266e-01 1.389288441068608493e-01 1.677756677975898725e-01 1.890282659978899937e-01 2.136972469573549249e-01 2.313213032531996893e-01 2.535690027168240324e-01 2.685022841878551003e-01 2.940009752441476443e-01 3.264418775687302765e-01 3.417987585270901296e-01 3.584067105341229853e-01 3.740579345047362891e-01 3.847827073542222087e-01 4.094471110966720340e-01 4.234402966259350753e-01 4.301679699547979463e-01 4.423213931591651882e-01 4.346489096427602616e-01 4.268985715319601471e-01 4.240572425839235216e-01 4.111560480425746622e-01 3.995758695369371338e-01 3.708172564027663598e-01 3.676198757288816066e-01 3.595132418763714588e-01 3.266198954767355334e-01 3.096869972139146276e-01 2.754419058452161062e-01 2.696933718232271127e-01 2.235740308748340177e-01 2.043947821677123133e-01 1.914584964832623248e-01 1.757594852037019095e-01 1.392245086611903493e-01 1.180579654437843018e-01 1.054707164909561984e-01 9.129565259555603995e-02 9.209503699539060839e-02 8.353631898159720459e-02 5.682967272599741271e-02 6.146084365097626012e-02 5.959756978386299836e-02
3.101517731450370521e-136 6.822138986833803005e-123 3.807544685929261599e-110 4.398229200982386175e-97 1.523170743975507279e-80 5.397253231685725461e-74 9.283599712868499556e-66 1.885031630155195435e-57 5.843384129175721244e-49 1.669934209963454362e-38 9.645475014534349215e-33 2.159894925402274450e-26 8.107643338712364188e-19 3.361598315282901163e-14 9.977678000419656440e-10 2.746151437175146066e-05 3.160064056028618999e-03 1.362953386986900592e-02 2.791161741601584645e-02 3.672925065746521917e-02 4.843703254855301343e-02 6.123267040461991689e-02 7.426257924227561147e-02 8.146978838161582359e-02 1.073831549362384979e-01 1.404170012968887216e-01 1.844303354808890516e-01 2.170882745301396799e-01 2.491615124302632989e-01 2.707378456935376487e-01 2.871242252963227548e-01 3.138329854897642934e-01 3.314095019370592032e-01 3.429537027459287346e-01 3.671605826951429563e-01 3.811534693311845468e-01 4.072983548594074632e-01 4.243992952636855276e-01 4.418757686500145443e-01 4.638849622431736042e-01 4.930998538356900496e-01 4.979492353187714437e-01 5.216782950816120090e-01 5.306477920724849140e-01 5.483061664515455069e-01 5.603147852295927711e-01 5.709247829388602868e-01 5.692539518593643377e-01 5.685126449936306336e-01 5.727240933111422683e-01 5.689295091254285008e-01 5.679845099742977244e-01 5.547854540646842691e-01 5.528693228115222347e-01 5.601828684007817971e-01 5.565781974000942878e-01 5.412374614629098524e-01 5.641319683654896222e-01 5.188178505819499575e-01 5.086520841461906750e-01 4.987289824343560940e-01 4.906842083403263888e-01 4.894997283440270519e-01 4.728550743547050295e-01 4.837676439544352225e-01 4.572160855957720371e-01 4.261951360292274282e-01 4.563722471597391195e-01 4.392432988815196393e-01 4.278812492130638079e-01
7.741893784458170432e-131 4.789417121014743469e-115 7.334365998674351995e-100 1.212166307121034896e-90 4.532160529041722612e-80 2.702356581139695574e-71 1.895732174612818739e-59 1.934123099808521754e-47 3.367360483205953723e-41 1.198772030405244142e-33 5.038917290007049112e-28 1.375601748537446620e-18 5.071370664184736290e-13 1.415297404766987878e-08 7.612497732702101002e-04 1.419951711048330657e-02 5.588567262075223169e-02 8.217583505639423913e-02 9.525111088256568714e-02 1.096575702453886220e-01 1.334017130148411889e-01 1.391508668972747942e-01 1.537872001614206396e-01 1.680476951881088032e-01 2.091877793995149948e-01 2.538206324330752328e-01 2.895573780299417477e-01 3.272133622953712351e-01 3.432269027621778767e-01 3.640576189891300274e-01 3.829184856660176606e-01 3.918579761635968550e-01 4.066818390198955746e-01 4.243381230512108804e-01 4.391199879008442220e-01 4.497382595977521547e-01 4.677476419455626200e-01 4.929579857417819566e-01 5.081414175067073824e-01 5.237289812325572891e-01 5.409370455090038998e-01 5.576821788142197756e-01 5.780996011472664398e-01 5.944432939078736489e-01 6.072071039241058177e-01 6.251272724597480845e-01 6.373031435709027859e-01 6.544484555143623705e-01 6.635694063282124855e-01 6.601218515201092707e-01 6.834012033808123388e-01 6.784314977938414870e-01 6.789079677878099295e-01 6.827121400341564783e-01 6.839528862453255753e-01 6.917135668549523331e-01 6.987155445058910175e-01 7.106596483593653479e-01 6.977574574764803250e-01 7.118812198833291971e-01 7.166599529705762750e-01 7.021787694954159109e-01 6.984983060540507216e-01 7.016623775672820029e-01 6.857009659863555484e-01 6.938244814517865455e-01 7.040893266688524887e-01 6.930410953012061670e-01 6.787921591905894392e-01 6.905996315087530313e-01
5.218234844590100900e-123 1.093797115825092077e-106 7.228533167203319138e-93 1.165749317788950419e-84 2.588182587589000409e-74 3.920550497148059675e-63 4.664045492992859192e-54 1.073820900015573886e-43 1.603111604462245356e-32 6.628231669084018691e-27 4.192025576065584284e-20 1.751405461604309468e-13 1.165463859454353321e-06 4.171551052845130086e-03 1.203514226810593474e-01 1.827650535721918046e-01 1.953495545271418110e-01 1.961466027391293443e-01 1.961069823933175305e-01 2.221232104380311823e-01 2.341833664383968228e-01 2.321426170299119296e-01 2.384184487827507026e-01 2.821306011658256119e-01 3.227958357922013355e-01 3.600722127046098175e-01 3.867170494505636769e-01 4.037089187677048163e-01 4.266122955835956465e-01 4.374267885177621773e-01 4.505837386318788940e-01 4.595428159213739705e-01 4.737219181586365124e-01 4.811815222922964930e-01 4.950127257703249017e-01 5.098630807087185524e-01 5.286563705605105135e-01 5.368650558301796272e-01 5.541090466363435274e-01 5.711946359610210466e-01 5.894539931470327287e-01 5.989894730008561430e-01 6.185478904139067868e-01 6.346658586247739819e-01 6.478663188682629581e-01 6.683714633363300184e-01 6.794294355283708731e-01 6.959240959452334119e-01 7.123852018147835974e-01 7.226933363019059087e-01 7.283210563457938047e-01 7.326266274371296960e-01 7.438242160413023329e-01 7.520890153842066939e-01 7.507030253487423366e-01 7.589951668999622703e-01 7.625404703558165131e-01 7.691810576807543987e-01 7.716832663471763221e-01 7.720782600521791661e-01 7.910073270846142979e-01 7.895973550578319067e-01 7.945577418907616707e-01 7.966555749014729848e-01 8.034503668705466062e-01 8.107218162456808486e-01 7.993065640504010139e-01 8.072639043515160706e-01 8.066548715231810496e-01 8.151613339677431513e-01
6.700677149004760577e-117 8.893600424833504781e-103 9.282959884676419730e-91 7.993124367113741939e-77 2.113225510381853499e-65 3.629528431779819318e-54 2.436618529306584751e-43 1.811154820775299472e-35 2.205560473778593191e-24 9.979593749290929177e-20 1.403501800549100965e-10 9.720495850384047620e-06 1.330972484795436006e-01 2.952838704638612310e-01 3.064550009188384272e-01 3.070685122689544300e-01 3.012791323475423333e-01 2.977862013226984517e-01 3.191744830579358871e-01 3.294426689075535819e-01 3.220486560605292925e-01 3.243248259945467615e-01 3.492548505752127164e-01 3.838658492159013336e-01 4.137508899273680818e-01 4.428720211993219524e-01 4.623879160216967654e-01 4.903099764233695979e-01 4.924058677203466683e-01 4.994392137977876622e-01 5.060833391396686309e-01 5.086331365385375891e-01 5.244934396236153873e-01 5.377663303812422191e-01 5.464745274069668923e-01 5.536885967352351834e-01 5.712362441622799158e-01 5.846749187940393222e-01 5.980911026104764883e-01 6.105407700618564748e-01 6.234695867855140072e-01 6.387404380131087578e-01 6.515306720670389629e-01 6.654895151660219499e-01 6.765403477486040540e-01 6.908902054564902695e-01 7.048356815841353429e-01 7.168734568771181204e-01 7.311864959434126732e-01 7.450294684668794520e-01 7.583338238282038013e-01 7.667277232439638768e-01 7.721889354361773927e-01 7.824927940427683914e-01 7.881056235196283177e-01 7.924863334476444088e-01 7.974981945792543048e-01 7.991764940022877406e-01 8.059459297466030625e-01 8.111024429274225067e-01 8.175254944339359620e-01 8.233629697761022381e-01 8.317297260484128874e-01 8.346585586115516930e-01 8.359872332278779350e-01 8.418084384769977113e-01 8.487076689251122907e-01 8.528798734016790339e-01 8.536093510104755255e-01 8.619280718305295519e-01
5.263350512855269706e-105 2.967915360314822036e-92 8.591398946957646462e-76 3.447862758318906908e-65 1.649744793565242557e-56 2.395170439205087454e-45 8.769448666856523765e-36 1.611977756502858156e-26 3.010103071018228310e-18 5.686911624419033431e-11 3.085041387007978896e-04 3.865035798845952164e-01 4.208993863625870024e-01 4.087928429346829873e-01 4.075228488944627747e-01 3.952247736704553316e-01 3.809089547979676582e-01 3.930908349152969494e-01 4.099188351280533826e-01 3.902743517320061417e-01 3.872892148596880912e-01 4.097196407779278848e-01 4.376920883738293355e-01 4.723100426627382387e-01 4.968725765608328904e-01 5.172211778756373723e-01 5.324167384760014610e-01 5.380943942974516503e-01 5.490679714462948224e-01 5.477855901227628443e-01 5.507889808841329726e-01 5.638435898376317201e-01 5.650256825323225485e-01 5.719181050738747496e-01 5.803759515795507973e-01 5.960106730073977399e-01 6.060349097455213219e-01 6.187009545584103432e-01 6.292826709458761991e-01 6.422581131597185911e-01 6.565805267610320684e-01 6.680082388801185100e-01 6.775012945514594653e-01 6.895737403782636887e-01 6.979958008597239028e-01 7.113319203744901120e-01 7.213332147424404983e-01 7.329755582990427065e-01 7.447973888436694168e-01 7.612487424575218320e-01 7.696424595565783955e-01 7.823159745472303417e-01 7.914489011445119404e-01 7.961322726524757698e-01 8.042434455816116490e-01 8.097759605360959068e-01 8.172720630013673437e-01 8.222931219609438402e-01 8.231886365708879216e-01 8.313666303835408611e-01 8.321916415788704890e-01 8.372397018611198449e-01 8.428214677191663284e-01 8.466565036597211158e-01 8.499828559719995180e-01 8.539985849817204322e-01 8.602010899560127433e-01 8.632269187663126342e-01 8.676429415371804676e-01 8.724582848516165834e-01
4.455940350309820761e-99 4.210569164079155754e-82 2.050299442166073809e-70 5.854493436444363963e-60 4.664330357010829844e-44 4.258037687828478686e-36 1.436051087674097819e-24 1.536275406719434043e-16 1.808720534911265048e-08 2.599935470804339843e-01 5.327211893498403628e-01 5.254848760614252434e-01 5.079081524091753064e-01 4.927742217313249573e-01 4.802463276099147027e-01 4.690727849560909490e-01 4.797720395492790502e-01 4.730064095643763955e-01 4.706220459093811148e-01 4.493443684009031935e-01 4.672476030202348807e-01 4.822397505137221430e-01 5.193761454040504155e-01 5.419443487286744743e-01 5.647944028045498444e-01 5.717129342371303213e-01 5.875871574646719386e-01 5.857933195808986415e-01 5.892529230093771497e-01 5.927776426291502254e-01 5.883426967178615463e-01 5.911112962312488062e-01 5.961625509458650107e-01 6.085267688152918852e-01 6.151118735485912037e-01 6.269392232617396754e-01 6.362566064135276589e-01 6.446575965918370787e-01 6.533993402104708581e-01 6.716322553441828047e-01 6.828159369544407609e-01 6.916272410396201442e-01 7.015686224981845243e-01 7.107128848935692078e-01 7.182813667395372415e-01 7.268202470642221025e-01 7.361790326475015078e-01 7.438946289840424608e-01 7.571573444299409816e-01 7.672340890218281029e-01 7.758201822846640949e-01 7.900148266714229761e-01 7.993883687261412740e-01 8.071256967438886765e-01 8.140934362932586987e-01 8.191480439245915068e-01 8.250659268548949932e-01 8.313886395643492744e-01 8.361846383310157504e-01 8.431698401198445270e-01 8.459551159182328028e-01 8.491911160115614976e-01 8.543764031822604910e-01 8.548644650693433267e-01 8.602223300356064417e-01 8.630716799089250824e-01 8.655253078079396811e-01 8.693879440008865922e-01 8.719345865103514948e-01 8.743574442963168991e-01
6.484645189802350212e-89 2.526731352962385186e-73 1.392551801845912234e-58 1.532958245192340570e-46 1.558890748182554923e-36 1.579666845605525217e-25 1.501287631813156182e-15 1.093717270482400694e-06 5.725714952045728445e-01 6.178131568836660037e-01 6.072938215953100904e-01 5.833834723014713619e-01 5.697511992636631328e-01 5.526362952182430899e-01 5.403456665728292307e-01 5.427389697616141762e-01 5.525075142854094512e-01 5.355065829777959641e-01 5.165331646665496379e-01 5.092599483925142057e-01 5.402032444071080963e-01 5.625781277973229688e-01 5.768527722000855729e-01 6.004222066926246937e-01 6.112475655523613716e-01 6.233976818359959760e-01 6.300150589469836193e-01 6.273543139425026283e-01 6.203732833877049213e-01 6.231664296868704156e-01 6.254443711081765223e-01 6.239476350348192035e-01 6.294998915445705334e-01 6.374241080821618777e-01 6.449589175131241747e-01 6.554690300202389297e-01 6.620218151902947934e-01 6.707221870760372573e-01 6.806594269377129747e-01 6.909709552681969624e-01 7.036663794026821739e-01 7.113217463095671267e-01 7.237961415960144640e-01 7.317050919505410089e-01 7.388966021321297095e-01 7.449965755086663810e-01 7.522451077814166220e-01 7.591621588955224098e-01 7.660797904000030689e-01 7.747144642314305329e-01 7.848220293392876856e-01 7.945106985396511723e-01 8.043652178858236024e-01 8.125745445300176506e-01 8.192838308807652847e-01 8.270707409572348734e-01 8.323011125340075145e-01 8.397146073798622545e-01 8.428259729016674973e-01 8.464333324137727210e-01 8.515836065307467173e-01 8.552270501504365408e-01 8.607442284822930390e-01 8.630599372900553679e-01 8.651267569073670671e-01 8.708160644435509745e-01 8.720743571123433791e-01 8.746293137507215043e-01 8.768195859303702377e-01 8.804591159438311943e-01
1.541248587472561068e-77 1.059622497498707225e-64 2.783737302467162210e-48 2.461563959523761768e-36 4.018570597781401104e-24 1.999052369584872830e-13 2.251666237582432772e-04 7.063054695408897965e-01 6.986082992830803251e-01 6.729555759809141557e-01 6.510895403166190309e-01 6.284062141175820182e-01 6.145280222546466442e-01 6.092105035637179755e-01 6.097811326916094954e-01 6.106857492392709919e-01 6.014048874263338007e-01 5.807202872568620888e-01 5.694206757579618472e-01 5.839376750356751744e-01 6.026390540388791850e-01 6.211296456565719160e-01 6.296728097812176461e-01 6.538293538979627062e-01 6.577196273614194233e-01 6.596088079475169730e-01 6.593581210500292222e-01 6.574504840759860524e-01 6.542389019578037646e-01 6.549526946929672411e-01 6.506413494280156584e-01 6.563752540866882867e-01 6.551957532142144158e-01 6.641961493144389328e-01 6.691224452974269266e-01 6.792468923477182896e-01 6.813322911231026735e-01 6.937479290448864688e-01 7.035040473249628556e-01 7.121944081388299486e-01 7.223470412077425129e-01 7.337247387888798933e-01 7.414797630350361546e-01 7.498501774384743745e-01 7.589910482797869173e-01 7.636865223738721342e-01 7.692144922875296942e-01 7.735722771929198771e-01 7.809016698502521114e-01 7.859293689985543674e-01 7.919449976379502321e-01 8.015195309953361269e-01 8.099697986146132678e-01 8.181651242640396449e-01 8.287234046805378451e-01 8.331155102474434582e-01 8.383315161117067538e-01 8.443093162359259773e-01 8.488460533500671312e-01 8.509164107179498782e-01 8.555966918462939441e-01 8.615119802384439973e-01 8.622442717771258147e-01 8.663230725304160718e-01 8.701373585194516203e-01 8.737732541975643530e-01 8.786287024312210425e-01 8.796610963863298327e-01 8.826669740024123412e-01 8.837478693227827087e-01
2.401287024935307317e-63 4.493660994697636645e-49 1.523112711610580405e-35 5.788753958712125047e-23 5.781678572181863147e-12 6.295037067925183250e-01 7.696749283848057788e-01 7.562468694805976055e-01 7.268425747458719943e-01 7.098384337188082815e-01 6.972380004777203322e-01 6.757008954006293866e-01 6.674598461944682981e-01 6.594198273126290477e-01 6.590309737883228713e-01 6.538953217448840727e-01 6.361605433491763772e-01 6.207717799038665607e-01 6.254949137995698960e-01 6.413833187865959351e-01 6.545219798102817066e-01 6.709005035100971126e-01 6.803478801800316722e-01 6.889851859512343690e-01 6.937745091963706257e-01 6.938465165404538171e-01 6.886102850877212633e-01 6.841107855524771741e-01 6.785175914283310128e-01 6.757579573614590496e-01 6.763878444634435771e-01 6.856844009818832131e-01 6.832410923434579786e-01 6.890735548287406642e-01 6.933359516330760419e-01 7.015459652901946397e-01 7.043766189610203288e-01 7.152227920031211106e-01 7.244623929262532513e-01 7.346131042075000339e-01 7.425566306150862550e-01 7.491332469875076061e-01 7.596222374818590861e-01 7.653188162642049486e-01 7.735481522045615232e-01 7.788675468482427755e-01 7.866871194873134021e-01 7.908144832202579355e-01 7.971281037539253989e-01 8.017267025526492175e-01 8.055750310757712196e-01 8.126128919248520877e-01 8.171506024728016904e-01 8.263865819026032788e-01 8.317615277864084389e-01 8.399608010367223265e-01 8.451153281149911267e-01 8.508862711323779138e-01 8.570620875271297567e-01 8.574750042698370267e-01 8.617102893086059368e-01 8.638221131847643175e-01 8.684041093901756492e-01 8.710467765685633301e-01 8.738653788023784674e-01 8.752257074264711001e-01 8.794417022205675005e-01 8.839993401069501378e-01 8.839007875268170000e-01 8.880989490884543258e-01
1.487130218669821155e-47 9.219806094279150563e-35 1.583096617700944176e-20 1.148599153255163963e-07 8.060267632728437270e-01 8.268817785030885270e-01 8.011178207192544143e-01 7.773398443950697567e-01 7.552733902819690481e-01 7.382885020494297512e-01 7.271629762237132866e-01 7.238443228061182122e-01 7.037366953727752783e-01 7.019233534366136062e-01 7.054265962378921673e-01 6.859695474868259257e-01 6.682704543512159034e-01 6.720752850332795125e-01 6.790291821622312929e-01 6.940557206479983643e-01 7.011816246425441879e-01 7.164004380198439881e-01 7.217747172973787428e-01 7.270938454157340747e-01 7.232792663311652381e-01 7.191429689306330086e-01 7.154622607825573688e-01 7.124419744853187630e-01 7.024850066220206246e-01 7.049560311264134738e-01 7.064411505840736405e-01 7.085216747555834749e-01 7.128320539262195110e-01 7.129511295595202247e-01 7.214122309185734272e-01 7.222193761941253509e-01 7.287006049833087973e-01 7.372575340235765218e-01 7.473920308275093793e-01 7.509085387058926919e-01 7.577985064339843868e-01 7.665012132960971059e-01 7.735177132394038813e-01 7.829254005294798979e-01 7.913480536103104646e-01 7.967283390630155449e-01 8.027290640572894986e-01 8.099153133391731041e-01 8.098046280146289355e-01 8.159232330797983046e-01 8.218133889195474717e-01 8.229996660210934234e-01 8.258212577643242458e-01 8.331905707825550955e-01 8.382196729447730643e-01 8.422221180848048494e-01 8.505660980997356013e-01 8.535390873130206391e-01 8.586711504390878158e-01 8.651721436411027311e-01 8.682454662572631765e-01 8.716858513996360580e-01 8.725836561810298431e-01 8.747615939757159564e-01 8.785010359355497345e-01 8.803882910255550476e-01 8.834133589168889911e-01 8.863562677141999524e-01 8.886543745795491001e-01 8.899354357684139405e-01
1.870434956727459862e-30 3.623075308367501515e-17 5.567716782586217278e-06 8.654116516404537496e-01 8.620286774522896156e-01 8.430263334330132530e-01 8.194369653776936158e-01 8.029875554983049168e-01 7.902569023337926435e-01 7.777600052080434478e-01 7.643417188763602654e-01 7.596468861684017027e-01 7.509887050878534254e-01 7.570065276993055425e-01 7.431630065482754954e-01 7.215678917503128842e-01 7.123484341815321530e-01 7.194167675842140230e-01 7.274420833743503456e-01 7.363563367426979589e-01 7.498967741385590413e-01 7.544580362643970028e-01 7.533505550452558319e-01 7.537178729431760482e-01 7.511804824871486375e-01 7.501438079188079699e-01 7.360293296060059776e-01 7.356564831110058433e-01 7.305742081537955901e-01 7.258456602804012059e-01 7.323946482532258662e-01 7.333884980567820788e-01 7.393507706106878796e-01 7.401229987239058561e-01 7.450637136666000693e-01 7.495485609911765046e-01 7.548035613077366257e-01 7.623632217224308727e-01 7.630382766909754588e-01 7.716130930686460054e-01 7.785414058298930629e-01 7.849681835168537125e-01 7.893923504030750937e-01 7.984659448808119064e-01 8.058373988332935278e-01 8.110991749135486595e-01 8.172098473592261936e-01 8.245076267589779295e-01 8.268271538959383049e-01 8.315249294395733459e-01 8.331942689091662579e-01 8.364130800188352977e-01 8.412769431450906055e-01 8.425853060666922412e-01 8.455994272501765607e-01 8.508558706076208011e-01 8.560632000201046088e-01 8.643932471774139481e-01 8.652859745769305722e-01 8.690866338446689987e-01 8.744700903784238255e-01 8.788038141373409884e-01 8.814562598275516025e-01 8.801927673857576906e-01 8.832936585767896531e-01 8.853283377502818574e-01 8.869017933827851863e-01 8.906372817639339745e-01 8.905273420732902068e-01 8.932794385880826749e-01
5.386536248340052421e-14 7.820270740364637652e-01 9.043144214392977442e-01 8.932264378590002440e-01 8.753802905852153815e-01 8.605576842558682049e-01 8.430977438140583313e-01 8.345844509529637412e-01 8.221872855879169828e-01 8.087972639221392424e-01 7.995264013562933814e-01 7.902786869208699994e-01 7.941974417396482355e-01 7.820020031065256783e-01 7.665463280818102243e-01 7.518546945792913272e-01 7.542463581903042780e-01 7.610753401996357415e-01 7.651483214889799322e-01 7.817834573044705193e-01 7.789968309992520989e-01 7.833183605841618213e-01 7.795091406794711908e-01 7.798567280613133423e-01 7.723811390152788281e-01 7.701525933988467854e-01 7.622811904449831033e-01 7.533716491324032871e-01 7.586312219535390478e-01 7.546756701810680701e-01 7.573527241751553118e-01 7.561093834712609985e-01 7.632775310961040782e-01 7.650247960808570502e-01 7.707996576557484270e-01 7.709815857947961426e-01 7.765182616517188885e-01 7.814511414221457786e-01 7.857706158736170732e-01 7.882664740731751829e-01 7.945980176215614588e-01 8.032696373852565852e-01 8.081055908566304735e-01 8.113187159947752303e-01 8.216969345288352988e-01 8.257705777934832847e-01 8.291475571073615436e-01 8.366096860953287084e-01 8.414093338512371734e-01 8.465866458811807105e-01 8.465722631673614496e-01 8.489173288734505052e-01 8.529705838433205844e-01 8.551512167141924747e-01 8.579771977886446743e-01 8.624211304934125133e-01 8.651426723783207651e-01 8.697225149082790097e-01 8.719528982997507560e-01 8.744663409066625315e-01 8.800791486058252566e-01 8.835958228203344422e-01 8.882104409384244947e-01 8.896667743961107488e-01 8.907282320775398166e-01 8.950517423137529516e-01 8.943828431959225389e-01 8.966566492252364684e-01 8.978856393794838464e-01 8.994859495851149633e-01
9.184439981310258405e-01 9.299746865634646031e-01 9.212748970873783083e-01 9.045145470096218610e-01 8.959128326693678313e-01 8.789814649124519930e-01 8.718670517589669489e-01 8.584721659991395581e-01 8.497118790068645122e-01 8.365283425972506182e-01 8.332264229449811710e-01 8.311447460644596497e-01 8.218537062050429443e-01 8.108820750323464388e-01 7.993921683294659131e-01 7.912280678761792752e-01 7.984615547147246861e-01 8.083772904247951141e-01 8.103735699763523481e-01 8.136430476803869771e-01 8.119469467397772977e-01 8.141744598484327300e-01 8.156932929852482861e-01 8.048474205328323139e-01 7.965629567196673699e-01 7.926089618950791227e-01 7.882721108410890576e-01 7.847077594987705851e-01 7.817376464264679248e-01 7.831723080276108417e-01 7.844852348986820489e-01 7.850627645876747662e-01 7.900114712493508939e-01 7.882288856874736238e-01 7.920633293052787849e-01 7.945914101570314969e-01 7.997286197025956778e-01 8.058269067835842625e-01 8.071013166561222807e-01 8.088796534482998180e-01 8.119832379103795184e-01 8.190231879051177444e-01 8.256382264625646838e-01 8.291143202723018080e-01 8.349112440316436290e-01 8.406367572248806264e-01 8.432403970234121360e-01 8.504638656599265989e-01 8.557328280265561471e-01 8.545678795323633503e-01 8.586648783530752560e-01 8.653161028502880381e-01 8.683353673155559393e-01 8.679541689315063424e-01 8.714262120213434049e-01 8.748105586934131761e-01 8.754916391734058889e-01 8.781591008109207452e-01 8.800336391866974139e-01 8.830060482516136622e-01 8.860098216849595643e-01 8.916482443725626261e-01 8.923496364049972041e-01 8.923193490385262772e-01 8.977990071472271572e-01 9.010278392000797831e-01 9.043757712620407174e-01 9.035409772429772168e-01 9.051184471325203207e-01 9.046085846984877055e-01
9.520139572632283498e-01 9.467013611953081220e-01 9.336944492628026504e-01 9.210576431007202469e-01 9.140887702955711180e-01 9.065160837176232667e-01 8.962527875991466164e-01 8.891428378053668480e-01 8.804380965480500532e-01 8.718137229163944735e-01 8.644040640077577109e-01 8.612314864769848866e-01 8.475164509251582601e-01 8.381852024754988806e-01 8.338435471228644591e-01 8.321834722674933404e-01 8.365899459638334035e-01 8.429650930383488783e-01 8.472130536797258804e-01 8.445318104368366718e-01 8.439962189148199068e-01 8.417914150015466390e-01 8.348040790568234115e-01 8.266027734006828886e-01 8.237840163758215484e-01 8.132138185012436349e-01 8.100828532664469117e-01 8.073722367773187303e-01 8.072244687339451552e-01 8.095009688300719430e-01 8.069688598256083978e-01 8.138400519224203711e-01 8.152462716789931063e-01 8.115453055527935833e-01 8.185482613384716943e-01 8.196460165029688660e-01 8.222295352786808120e-01 8.227522540815324081e-01 8.293183764381784062e-01 8.310550113025089169e-01 8.338321382445209595e-01 8.399863472927615593e-01 8.434898777863096830e-01 8.486995082411326052e-01 8.516449042226607036e-01 8.561005073255596454e-01 8.627495336776074275e-01 8.621171646732712635e-01 8.684924687792094922e-01 8.709698094641780131e-01 8.751770889920462704e-01 8.792222922559711495e-01 8.811530615281104595e-01 8.824778677159907936e-01 8.867102221502717319e-01 8.866973746187617467e-01 8.885482996745811546e-01 8.913141532818606994e-01 8.919811679936496818e-01 8.933067186487190225e-01 8.962474222445140359e-01 8.965178765612218381e-01 8.998248553857536303e-01 9.044144575759415217e-01 9.056034341388398134e-01 9.056642816508074789e-01 9.092702547686468684e-01 9.103526932710772623e-01 9.117165931878790097e-01 9.133737539438311348e-01
9.619181924050901333e-01 9.566767688220809696e-01 9.479540873213386787e-01 9.406612281208377446e-01 9.341584192291912947e-01 9.253636048252789070e-01 9.173800744995427303e-01 9.116333637683790014e-01 9.043163810003657099e-01 8.969519554556248941e-01 8.937507225130200128e-01 8.841564655258464800e-01 8.733202324492592705e-01 8.646127908638342463e-01 8.641689653960945572e-01 8.702906413157541765e-01 8.706517745918089801e-01 8.742946072288418913e-01 8.735160626993758726e-01 8.714916790499720456e-01 8.699946250302089679e-01 8.639581770121688153e-01 8.542091023446541920e-01 8.500486878285028469e-01 8.430473419621343778e-01 8.388961014542232197e-01 8.354784347677435274e-01 8.327435531670999147e-01 8.328310872665035669e-01 8.321626146737585161e-01 8.363659620788229665e-01 8.339718054684085446e-01 8.372296106770256152e-01 8.399079151420831835e-01 8.428635355506961524e-01 8.394869377219953410e-01 8.428368719539393039e-01 8.486442503537356963e-01 8.513195335974438338e-01 8.531258630798049802e-01 8.532694507832321307e-01 8.574652853652164897e-01 8.593889984420366446e-01 8.650229569947679442e-01 8.642618780221338337e-01 8.683383156210018328e-01 8.753050626243585874e-01 8.781366601509075220e-01 8.838247796344435026e-01 8.837023292521248852e-01 8.871049883949347903e-01 8.908911433253374756e-01 8.954805523702898951e-01 8.955146572560346296e-01 8.972908087389404042e-01 8.961060722021327862e-01 8.988618547084632482e-01 9.015349428212482419e-01 9.039986463662952332e-01 9.030071083270633236e-01 9.032227810025409420e-01 9.057707453548075049e-01 9.079658249411736159e-01 9.084774092759365649e-01 9.140939175222300150e-01 9.112082218030613801e-01 9.149537910465947999e-01 9.186628640106710986e-01 9.194918870768613584e-01 9.201599345504539729e-01
9.710404798270781956e-01 9.649877928104056979e-01 9.623670675091776650e-01 9.540710475596733131e-01 9.499567123232203203e-01 9.391997125739612873e-01 9.365020483190741318e-01 9.292004293180502472e-01 9.261785959084996023e-01 9.223863147045575639e-01 9.146626751202837635e-01 9.063469421019078043e-01 8.983524096349516652e-01 8.949670807636415093e-01 8.948869327955079056e-01 8.962176784097951598e-01 8.951957142246043109e-01 8.939799728827309000e-01 8.960978049793576483e-01 8.947244628062533955e-01 8.867266102037288933e-01 8.803179223871789860e-01 8.714173496496351312e-01 8.673230329066605737e-01 8.603956210044113595e-01 8.640049901662818499e-01 8.554337928744784048e-01 8.529738800780692909e-01 8.535242463735187579e-01 8.535527506266137321e-01 8.533992310637982248e-01 8.543976312241177151e-01 8.575031664959535949e-01 8.599185636104389463e-01 8.600897455478831999e-01 8.608185793954957754e-01 8.627219667972273465e-01 8.660497861327949298e-01 8.649489765976402511e-01 8.684270497923586296e-01 8.695330814262580699e-01 8.707948786119853457e-01 8.718104962821598969e-01 8.754591398167627103e-01 8.777755745891195893e-01 8.813440799012055571e-01 8.831671048685191261e-01 8.882498525252857657e-01 8.913185346095546802e-01 8.955127756581303666e-01 8.971004124658596979e-01 9.015415969644757777e-01 9.046456913134232058e-01 9.058624179451038039e-01 9.075530423458741947e-01 9.108666093465405122e-01 9.095937340574521413e-01 9.106586128192053486e-01 9.119217366760667964e-01 9.125320097245314122e-01 9.131990040817233867e-01 9.149000254752425176e-01 9.148275066338434902e-01 9.159033165248253727e-01 9.194500990440195309e-01 9.182122615881351813e-01 9.216873450906868381e-01 9.222375902493206157e-01 9.216299281857893710e-01 9.258005567823878179e-01
9.756785091966674317e-01 9.719064236070036333e-01 9.667046094749901508e-01 9.620507052379150270e-01 9.577397064631978374e-01 9.529162309572523082e-01 9.480299967665812844e-01 9.422824684054271760e-01 9.367004761148202130e-01 9.319785129922010247e-01 9.218827355184335826e-01 9.163312165290795619e-01 9.147934459776394522e-01 9.106321776539154644e-01 9.134529749465500892e-01 9.126485190202510145e-01 9.110697303918944279e-01 9.120720864641018721e-01 9.091140667143462473e-01 9.029799799798321480e-01 8.979851125397905198e-01 8.922759287662739291e-01 8.841278409844522956e-01 8.799962003904089336e-01 8.771538295863761103e-01 8.704513940881309919e-01 8.728906417089934422e-01 8.710962952093787015e-01 8.698364376966212230e-01 8.698455780722809116e-01 8.673629781412107720e-01 8.682950260858007807e-01 8.702554326400724349e-01 8.726200954752639793e-01 8.731751249028597561e-01 8.745722296702037601e-01 8.752083717808860630e-01 8.766540550778489926e-01 8.795933488929290611e-01 8.819857711210494777e-01 8.800129259001405746e-01 8.835885387822658421e-01 8.848113773508212709e-01 8.853434836499497473e-01 8.879449443205361669e-01 8.884249270047430702e-01 8.932277611402152928e-01 8.952952804386854480e-01 8.966504705474439563e-01 9.029277849587726834e-01 9.057545932141444212e-01 9.068753174634326397e-01 9.115336201479601330e-01 9.116407935572400367e-01 9.129431753949767137e-01 9.176546484752265975e-01 9.166162079057884604e-01 9.165951664006199984e-01 9.185399442884963905e-01 9.191913812748342405e-01 9.190830715140851925e-01 9.207100123939937486e-01 9.204894754847894323e-01 9.214905197880611798e-01 9.228580362873312071e-01 9.240127302954702637e-01 9.260914499632633134e-01 9.257834478466834272e-01 9.266489713865448952e-01 9.282837910554955219e-01
9.772023444372741618e-01 9.731625940787800300e-01 9.688790888116679545e-01 9.654133653436083318e-01 9.614297701724249245e-01 9.550810041343643642e-01 9.521530689799676539e-01 9.484407857749039827e-01 9.430055745151886271e-01 9.372394072653829067e-01 9.297527219097291296e-01 9.255814055383291272e-01 9.241525572703467306e-01 9.237916461698161275e-01 9.228687060022658928e-01 9.225619202147458120e-01 9.200263720335176698e-01 9.189669954504422478e-01 9.153314953821233280e-01 9.090673478102845317e-01 9.018485062996335344e-01 8.954100072824424661e-01 8.921065339405293004e-01 8.885046772639204615e-01 8.833902708352219246e-01 8.815950668548727664e-01 8.822750203761022814e-01 8.793643917430098433e-01 8.793904896085121825e-01 8.807240442009328651e-01 8.796473875119432684e-01 8.802211520656723076e-01 8.805570978211485489e-01 8.819694009651536382e-01 8.818874832564796984e-01 8.846167463946731369e-01 8.835522796172078364e-01 8.864088197681238013e-01 8.879615603615493846e-01 8.897062840170579801e-01 8.896083737647446643e-01 8.915146972346806864e-01 8.921386684779074594e-01 8.950585762628020525e-01 8.952152418794996347e-01 8.964341034039221556e-01 8.978167899088532744e-01 8.994382344363318627e-01 9.013971687559609869e-01 9.042560771855950863e-01 9.085418612251247028e-01 9.094054825778602469e-01 9.142843251088077494e-01 9.163618794392032196e-01 9.181467408282182330e-01 9.188976867955693795e-01 9.209505183926213201e-01 9.226005387601367014e-01 9.227967502014559065e-01 9.237772052633953512e-01 9.247541282644308192e-01 9.257377521324551273e-01 9.253621282295103612e-01 9.260271867792164713e-01 9.269410641124761208e-01 9.285075508694259350e-01 9.280368401134417855e-01 9.284013821159340374e-01 9.295820216268214642e-01 9.306230518271800811e-01
9.755442976190086268e-01 9.729115759898233629e-01 9.690840869836735427e-01 9.653485465839142243e-01 9.619357531107709525e-01 9.566779924414687830e-01 9.540634060798879323e-01 9.497607625134929510e-01 9.447605361349419306e-01 9.382755578783362749e-01 9.344023108009460454e-01 9.331619679686935509e-01 9.305856188139399743e-01 9.288936063256499898e-01 9.270335828608111672e-01 9.267143739594543295e-01 9.250034243486033869e-01 9.194513363132563732e-01 9.145665494825917508e-01 9.096173468357735548e-01 9.046278171157157155e-01 8.995945201110553402e-01 8.952464611552556351e-01 8.917368572832850004e-01 8.905413004783392372e-01 8.878030275226090895e-01 8.871577209073168158e-01 8.858192679888531318e-01 8.856783756388143525e-01 8.866699878737583917e-01 8.852606665243143436e-01 8.860970282420210786e-01 8.863958024273136393e-01 8.862028298870946452e-01 8.883866825154188573e-01 8.881383110902436595e-01 8.905702211288932801e-01 8.912731403801372743e-01 8.916873833756953083e-01 8.943237646321173795e-01 8.951283265886541551e-01 8.968053887228548682e-01 8.971837106615559998e-01 8.975117851899794275e-01 9.003032408651225893e-01 9.000738840134648866e-01 9.006457230964500793e-01 9.021723922130121531e-01 9.044652619081396949e-01 9.054943960009619319e-01 9.092955634546592281e-01 9.114350323604318849e-01 9.140946589549645562e-01 9.161678913190280937e-01 9.192160467189149919e-01 9.215150728832522953e-01 9.227051997941567718e-01 9.247849502244742670e-01 9.250944159613495588e-01 9.253174993870438847e-01 9.272260366451255953e-01 9.282331045762065580e-01 9.279535364071135328e-01 9.288716537393254535e-01 9.289507246838041299e-01 9.300512127994927658e-01 9.303117761766778182e-01 9.304460952119416595e-01 9.318234408432729543e-01 9.316465599105213657e-01
9.731705528772074398e-01 9.705163449987036506e-01 9.665880067064797077e-01 9.634983383003803414e-01 9.603662186905168596e-01 9.570822046945381967e-01 9.524420515654962172e-01 9.472202259810412750e-01 9.434648730289945107e-01 9.393406717749450685e-01 9.365619355524947842e-01 9.344583486705139164e-01 9.325481066962667542e-01 9.306694689541183951e-01 9.291154627197365512e-01 9.267027768539692900e-01 9.230251646223075479e-01 9.185910649866735334e-01 9.140216808134609128e-01 9.090537298163058333e-01 9.050418319300463921e-01 9.003675734418746801e-01 8.976080073381909052e-01 8.946928324253540232e-01 8.921715236875827904e-01 8.915649191614578584e-01 8.899921536280684942e-01 8.895247587978716286e-01 8.896909904794967350e-01 8.891036919054513543e-01 8.893136241211708759e-01 8.893708842744362242e-01 8.893727416321738355e-01 8.901065373641354750e-01 8.914356690186472365e-01 8.922915724997230180e-01 8.929133845365370137e-01 8.944560670682194514e-01 8.959051881896370473e-01 8.964489755599925891e-01 8.976320064562915979e-01 8.990409945380787304e-01 8.996411524024828799e-01 9.002144431473910746e-01 9.021464648761079452e-01 9.021713912060345120e-01 9.027627785734566590e-01 9.041017457213795794e-01 9.058131605121866325e-01 9.069359069190837674e-01 9.084696253043489378e-01 9.113097215207955903e-01 9.142859826337415008e-01 9.164433221786557615e-01 9.183918663393380033e-01 9.203347361696789797e-01 9.231362093802527591e-01 9.241059027874959364e-01 9.261123958482970764e-01 9.274937772656473012e-01 9.283120295980046288e-01 9.290249925781698392e-01 9.298194946497259084e-01 9.296405738194623014e-01 9.306629275433044857e-01 9.310447174331695219e-01 9.319690551795692945e-01 9.323872023930593889e-01 9.322417879661648588e-01 9.326711336765316496e-01
-1.000000000000000000e+00 -1.000000000000000000e+00 9.642951004104256540e-01 9.615987293024291782e-01 9.579245913369388576e-01 9.548041603508296005e-01 9.507946207116328985e-01 9.465079859403024987e-01 9.423166739210210308e-01 9.392550915865178762e-01 9.367710942922715667e-01 9.346199379128989904e-01 9.324959013993553425e-01 9.307548043795332848e-01 9.284672776870217525e-01 9.246775016683367321e-01 9.207082059026119314e-01 9.166209160943034062e-01 9.119417123781918821e-01 9.075684620106536649e-01 9.041282059660946668e-01 9.009847550526565163e-01 8.978395460973954689e-01 8.968161679630701766e-01 8.948119933470118914e-01 8.933234745438177749e-01 8.917716164697504500e-01 8.918325035735107376e-01 8.914191176846558706e-01 8.909962771063516529e-01 8.910234443802872439e-01 8.915428798453027825e-01 8.916602263911538317e-01 8.924196651970787153e-01 8.929636903213190591e-01 8.937255328556812373e-01 8.949429185868520431e-01 8.957837950006559691e-01 8.971539880584976645e-01 8.980318948337333573e-01 8.989358222050447544e-01 8.999652161526093819e-01 9.010707885551076934e-01 9.019373384286909490e-01 9.030025071307261619e-01 9.039131994914729740e-01 9.050608965798435657e-01 9.051176915525036559e-01 9.065405363159724228e-01 9.072447399869697504e-01 9.086270784822870761e-01 9.103515077660512267e-01 9.114580070626957520e-01 9.142091219660000156e-01 9.172370679671825178e-01 9.199339265894354023e-01 9.218626364769509918e-01 9.235432938176086903e-01 9.263138179674003103e-01 9.282266948752659896e-01 9.279166040356305878e-01 9.291690598199289219e-01 9.303882653060180363e-01 9.305443507105047862e-01 9.318552509931006256e-01 9.321781716337163015e-01 9.326072940832190739e-01 9.330427075107661228e-01 9.335106856964554556e-01 9.338172168529795814e-01
-1.000000000000000000e+00 -1.000000000000000000e+00 -1.000000000000000000e+00 9.581789434679078843e-01 9.546274451066316669e-01 9.511147188004352993e-01 9.472684858506913441e-01 9.444199031470941197e-01 9.407114856700928840e-01 9.381309914087287982e-01 9.354152830291958542e-01 9.326318743888029061e-01 9.310427605736038004e-01 9.282399667875173011e-01 9.251888751085789453e-01 9.213756528240705235e-01 9.191364657947121986e-01 9.149208347280335385e-01 9.094319726696455941e-01 9.060061366476248601e-01 9.034462439430874792e-01 9.003848797824322014e-01 8.985577065459758872e-01 8.964747364965502952e-01 8.951854309922699926e-01 8.935714847405604733e-01 8.925097514071499427e-01 8.926018100822716850e-01 8.920603159299194118e-01 8.917172380521147801e-01 8.913935151175897964e-01 8.918959006931578282e-01 8.921956052914687962e-01 8.928850784666486629e-01 8.936523618709071304e-01 8.943047737453638790e-01 8.957352559511159162e-01 8.964643283089622772e-01 8.968013179743616892e-01 8.987662942980484404e-01 9.000326628767196802e-01 9.013501620522043067e-01 9.020758404475663905e-01 9.029323329667652276e-01 9.037044513635116294e-01 9.046772246118383043e-01 9.052721050264991298e-01 9.059058166731630557e-01 9.064528919357028869e-01 9.075645082072814063e-01 9.085342006764606237e-01 9.095891259468982248e-01 9.114691722250621853e-01 9.134519319891054590e-01 9.146624221478300010e-01 9.179183100058724287e-01 9.202794039941190052e-01 9.217482464530900588e-01 9.244585259545704536e-01 9.265323305009680599e-01 9.278909216784335667e-01 9.291239160832638344e-01 9.297654780791900775e-01 9.310070527427982690e-01 9.315853568222044467e-01 9.323572048812478474e-01 9.328615598150694632e-01 9.334595285715183710e-01 9.337206217642490813e-01 9.344425603528456747e-01
-1.000000000000000000e+00 -1.000000000000000000e+00 -1.000000000000000000e+00 -1.000000000000000000e+00 9.507044321641325846e-01 9.478587456959903790e-01 9.446544714510206608e-01 9.418034316049808119e-01 9.388159358006911148e-01 9.353001871549539992e-01 9.331685795177446785e-01 9.301295004580576453e-01 9.281514612580195056e-01 9.250211073246886739e-01 9.225231030149642075e-01 9.185978805128934832e-01 9.150814977103999270e-01 9.113844111344292509e-01 9.083565913436842942e-01 9.057115514388505151e-01 9.018334821916871302e-01 9.004436200055997430e-01 8.979909785072410777e-01 8.963706208090755911e-01 8.952456140057126754e-01 8.934913662928273270e-01 8.932895020682531939e-01 8.925459817913454774e-01 8.921068841092781865e-01 8.918179007478593823e-01 8.916629301860103940e-01 8.921662911950702934e-01 8.926897403624801663e-01 8.928541876422126933e-01 8.930722582209023042e-01 8.950548983645952861e-01 8.955955762510751095e-01 8.963588407922365997e-01 8.978555185574451647e-01 8.988811780846637234e-01 9.000403155460602322e-01 9.010802733779598173e-01 9.021286756950106511e-01 9.032720714229500736e-01 9.037329596148353517e-01 9.046118771745849108e-01 9.050464511985735205e-01 9.057339688178203119e-01 9.066127702972738289e-01 9.071126007824037440e-01 9.076348198235898446e-01 9.081834331777710601e-01 9.095265016152482840e-01 9.112804874111419817e-01 9.134080863695547281e-01 9.147732140007472923e-01 9.173229515313190419e-01 9.198162863490991770e-01 9.218739367834726250e-01 9.238431162859622736e-01 9.259627449254347331e-01 9.275057373644352010e-01 9.288378377240441575e-01 9.304196348753477341e-01 9.314060520951865652e-01 9.325613319216927710e-01 9.330366389059898680e-01 9.341041959380096404e-01 9.339823040035738488e-01 9.345745466129123935e-01
-1.000000000000000000e+00 -1.000000000000000000e+00 -1.000000000000000000e+00 -1.000000000000000000e+00 -1.000000000000000000e+00 9.448107211396900018e-01 9.415391538672982508e-01 9.390241191941386401e-01 9.359608257941726128e-01 9.323772205674243363e-01 9.297485452263399841e-01 9.273019846328900417e-01 9.249218301493001837e-01 9.218003147611071313e-01 9.190250076128033685e-01 9.154893050820450684e-01 9.124659679302487003e-01 9.093913719508237570e-01 9.064645105089974564e-01 9.035154712443680403e-01 9.013833610353446657e-01 8.993489698345389360e-01 8.978106368603256948e-01 8.960913132329754172e-01 8.946809823692730701e-01 8.930567668206134124e-01 8.930584336153338798e-01 8.925583441208230218e-01 8.919756783528509647e-01 8.917068005150303733e-01 8.920255948337366680e-01 8.917997153491188378e-01 8.923197919352936491e-01 8.928451478365732052e-01 8.933234251278205917e-01 8.944343475025646750e-01 8.950299476910961172e-01 8.961132879707884857e-01 8.973969760072447732e-01 8.981733425408923166e-01 8.998245534437668836e-01 9.007607206126567734e-01 9.021125756332926127e-01 9.025945395590211362e-01 9.038775440363940872e-01 9.044118783303548570e-01 9.052036847879041392e-01 9.059147382259619130e-01 9.063482706475054496e-01 9.068493887946886822e-01 9.072618440644688587e-01 9.080594465842288798e-01 9.083254429965177401e-01 9.095854771557311258e-01 9.114262883296018192e-01 9.131924901749639556e-01 9.142970978831637119e-01 9.165731775079090093e-01 9.195611441704554245e-01 9.211222739342375121e-01 9.248949969835524865e-01 9.268006033738018790e-01 9.274834752371788893e-01 9.290285789472751965e-01 9.304868917401639683e-01 9.311029565764248339e-01 9.323041608238169520e-01 9.333352983051224072e-01 9.343555094751718748e-01 9.343695410524336387e-01
-1.000000000000000000e+00 -1.000000000000000000e+00 -1.000000000000000000e+00 -1.000000000000000000e+00 -1.000000000000000000e+00 -1.000000000000000000e+00 -1.000000000000000000e+00 9.348929330832869145e-01 9.324222742975991629e-01 9.296649423597364015e-01 9.270687617505682931e-01 9.245151486003065910e-01 9.206768768570199324e-01 9.188288996898438254e-01 9.156573361723219229e-01 9.128437579677382008e-01 9.100382650299162490e-01 9.075526674894037749e-01 9.043022224632470962e-01 9.023206670834135190e-01 9.002262408382361025e-01 8.983513497257330505e-01 8.967094051414049583e-01 8.953413018510836263e-01 8.940581696297975611e-01 8.930862416770589673e-01 8.924191774147183231e-01 8.919783369311057308e-01 8.915089454321062368e-01 8.914427519589920301e-01 8.915738668114679966e-01 8.914965211573566695e-01 8.916355218340964450e-01 8.924615832862879961e-01 8.926721041131279177e-01 8.931475852216420597e-01 8.943914711557253705e-01 8.951197551388918594e-01 8.966461595145883701e-01 8.981235805274186967e-01 8.989861255752984448e-01 9.004880592664215033e-01 9.012397218260707055e-01 9.024000620055503408e-01 9.032180662461883891e-01 9.041593667324925310e-01 9.047321977322573261e-01 9.054102836698427748e-01 9.058551182872149887e-01 9.060969890336680876e-01 9.065557983561979283e-01 9.071528998213312933e-01 9.078486149625023538e-01 9.088264830659449345e-01 9.092708219591800756e-01 9.121300258717377485e-01 9.119942617629924753e-01 9.140092270818289677e-01 9.174264211820656323e-01 9.189098505535221451e-01 9.215072036249000176e-01 9.229158722508891133e-01 9.253604397382827473e-01 9.265473929442157308e-01 9.296629053618765681e-01 9.305405049840412834e-01 9.324056584965023653e-01 9.328823099305993960e-01 9.333326721568341311e-01 9.338149028326240275e-01
-1.000000000000000000e+00 -1.000000000000000000e+00 -1.000000000000000000e+00 -1.000000000000000000e+00 -1.000000000000000000e+00 -1.000000000000000000e+00 -1.000000000000000000e+00 -1.000000000000000000e+00 9.290601326370238056e-01 9.261601436744284488e-01 9.236848827242349902e-01 9.213693932557392996e-01 9.183743907749417623e-01 9.155161267574475348e-01 9.131068969479910757e-01 9.104334116001319144e-01 9.078669378320682881e-01 9.056802760573957611e-01 9.029798607134917887e-01 9.009659416635247275e-01 8.990365444778805060e-01 8.974074179604175638e-01 8.956385949319208839e-01 8.943779702420552313e-01 8.931897452858718056e-01 8.923477947753931661e-01 8.918998124908568137e-01 8.912693633216449696e-01 8.909617947463709386e-01 8.907171785446819090e-01 8.906657066027413583e-01 8.909965691320721470e-01 8.912696085018601000e-01 8.915239920277753249e-01 8.921314522754220100e-01 8.926512779310846746e-01 8.937793195068945984e-01 8.948710147022861383e-01 8.960626453820770276e-01 8.965174260030669418e-01 8.983758895468667571e-01 8.994663213189387774e-01 9.004400657555311493e-01 9.017088789355792722e-01 9.024417061972506149e-01 9.033632197019865195e-01 9.044761179542069041e-01 9.048253947763614802e-01 9.053356108389390977e-01 9.058526593810648508e-01 9.061037222989689610e-01 9.065284847405860047e-01 9.070479423763028182e-01 9.069609894257263383e-01 9.080553304458005570e-01 9.094656182394463828e-01 9.101168983202356788e-01 9.114629764295856251e-01 9.139394832025576898e-01 9.152630674917275888e-01 9.175617281667850511e-01 9.196498791627139013e-01 9.220598514306341809e-01 9.247420186079843285e-01 9.270069147517554509e-01 9.293371118383509932e-01 9.303657378804832678e-01 9.313346790759272631e-01 9.324344427624221554e-01 9.343735667477380824e-01
-1.000000000000000000e+00 -1.000000000000000000e+00 -1.000000000000000000e+00 -1.000000000000000000e+00 -1.000000000000000000e+00 -1.000000000000000000e+00 -1.000000000000000000e+00 -1.000000000000000000e+00 -1.000000000000000000e+00 9.227996574304403454e-01 9.207687899297728462e-01 9.177476358714536930e-01 9.157373220062769992e-01 9.132013492552026879e-01 9.111161871918300736e-01 9.083716015077111239e-01 9.058743113063894015e-01 9.038786794573001604e-01 9.015124083750067907e-01 8.997212468199885516e-01 8.974613842383332152e-01 8.963861670379715818e-01 8.948828951847223045e-01 8.937720122029013670e-01 8.926514833928541615e-01 8.918090458094232176e-01 8.910497301888122834e-01 8.908661132322290843e-01 8.901227488752985195e-01 8.901289613419395286e-01 8.899330849376774211e-01 8.899198109303317894e-01 8.902904403604368078e-01 8.907325275593317437e-01 8.916029364407566105e-01 8.917360281457918925e-01 8.929196805585368768e-01 8.934863268630356403e-01 8.948722162516379308e-01 8.959558708509346436e-01 8.970974714061777933e-01 8.980959125585962211e-01 8.993534784542249749e-01 9.007434923997447163e-01 9.017923255215855027e-01 9.024797859073598882e-01 9.031777363875911346e-01 9.038562626584013548e-01 9.045924694129721111e-01 9.050590437873208272e-01 9.053327291352629702e-01 9.057618666529452245e-01 9.061864454355660348e-01 9.066178154409252343e-01 9.071871133130163800e-01 9.073441781868479827e-01 9.084404266555076157e-01 9.094991882861662713e-01 9.117386868908559094e-01 9.140044954490524898e-01 9.147361399038503871e-01 9.165622630309396834e-01 9.204972038299695791e-01 9.230929052706180471e-01 9.245505076042507264e-01 9.270737147512412291e-01 9.269531023309003359e-01 9.298050312494964276e-01 9.315335484220332862e-01 9.326622592317928007e-01
-1.000000000000000000e+00 -1.000000000000000000e+00 -1.000000000000000000e+00 -1.000000000000000000e+00 -1.000000000000000000e+00 -1.000000000000000000e+00 -1.000000000000000000e+00 -1.000000000000000000e+00 -1.000000000000000000e+00 -1.000000000000000000e+00 9.171456339504446831e-01 9.152177063958238934e-01 9.133507137750498384e-01 9.105063219501139393e-01 9.080058131961776802e-01 9.058318969347016747e-01 9.045077178915331695e-01 9.021635133586500821e-01 9.000003110998474609e-01 8.981580484084291660e-01 8.968243431124283127e-01 8.951479465013004733e-01 8.940313892038983523e-01 8.928998131620619061e-01 8.917149922542559892e-01 8.909641793393858755e-01 8.903887284160774129e-01 8.898979794297519064e-01 8.895862309729449802e-01 8.892328218046421373e-01 8.891505323972415109e-01 8.892234051475951251e-01 8.893675881818863260e-01 8.898652942800444610e-01 8.904558211621830255e-01 8.909977184092233715e-01 8.922150395808385870e-01 8.928163289065130792e-01 8.937758164140586770e-01 8.948216690548987939e-01 8.960709317768685844e-01 8.974995833421710589e-01 8.985732580258650737e-01 8.995417799466833841e-01 9.006128646121969172e-01 9.020627892365510325e-01 9.024755478266902609e-01 9.033077132136879683e-01 9.039908109868747266e-01 9.042621413879050607e-01 9.049763081972953538e-01 9.048886906878758074e-01 9.053432290837620799e-01 9.055553847651522936e-01 9.059303082565594023e-01 9.067397218935641101e-01 9.072665720609183193e-01 9.075033412716035919e-01 9.084507092995091071e-01 9.108483935903026740e-01 9.122203624709183112e-01 9.139539768417407339e-01 9.162664993820691661e-01 9.201470606527177853e-01 9.215399325594603175e-01 9.233073750855020911e-01 9.261420007557659151e-01 9.284865046987309523e-01 9.290304722979099150e-01 9.316852809868023666e-01
-1.000000000000000000e+00 -1.000000000000000000e+00 -1.000000000000000000e+00 -1.000000000000000000e+00 -1.000000000000000000e+00 -1.000000000000000000e+00 -1.000000000000000000e+00 -1.000000000000000000e+00 -1.000000000000000000e+00 -1.000000000000000000e+00 -1.000000000000000000e+00 9.122387798634710165e-01 9.108472990557465732e-01 9.083557896376227569e-01 9.059549136337874398e-01 9.039950323859897718e-01 9.021982058920989811e-01 9.005209480792447652e-01 8.983941398969684800e-01 8.967647629764488038e-01 8.952676761086808543e-01 8.939668467769062987e-01 8.927925634155390311e-01 8.917647994720955262e-01 8.910408252065228352e-01 8.903198170300068437e-01 8.894845330539513650e-01 8.889850431065690062e-01 8.886068730413336780e-01 8.884872238035190772e-01 8.885488866421749066e-01 8.884979032085608130e-01 8.888542062878003192e-01 8.889826170070711520e-01 8.897005783471191309e-01 8.900120437083128833e-01 8.907427691497354916e-01 8.917047495854333317e-01 8.925207772218163305e-01 8.941650587158411767e-01 8.951718781228991118e-01 8.960731541336285355e-01 8.970715442910399684e-01 8.982608534481070217e-01 8.998396229935494706e-01 9.005640772620439050e-01 9.011677268050320988e-01 9.025701272686872390e-01 9.027202283783640757e-01 9.036600586206640084e-01 9.037975427066144984e-01 9.041644218076215767e-01 9.044338993524532189e-01 9.046725867294713730e-01 9.050383426642368834e-01 9.056365922803352175e-01 9.062224699624181756e-01 9.066326853958267540e-01 9.075944338199195549e-01 9.088405275109818771e-01 9.102349009469069552e-01 9.108279375507700726e-01 9.134183870585430576e-01 9.156592647875653190e-01 9.176062309697646802e-01 9.199301050667032520e-01 9.224738193444348422e-01 9.259047051866599043e-01 9.266378940140150844e-01 9.298375783268069128e-01
-1.000000000000000000e+00 -1.000000000000000000e+00 -1.000000000000000000e+00 -1.000000000000000000e+00 -1.000000000000000000e+00 -1.000000000000000000e+00 -1.000000000000000000e+00 -1.000000000000000000e+00 -1.000000000000000000e+00 -1.000000000000000000e+00 -1.000000000000000000e+00 -1.000000000000000000e+00 -1.000000000000000000e+00 9.059744899644297522e-01 9.039743219103243410e-01 9.020548652190720773e-01 9.005100033450208485e-01 8.986311944549987274e-01 8.968635177364789879e-01 8.955931245500595717e-01 8.942962482397035506e-01 8.928103329471968053e-01 8.918883528179161191e-01 8.905854413758548249e-01 8.898998395231625391e-01 8.891712507138554988e-01 8.884769782722792275e-01 8.882007323778967622e-01 8.879176524881220445e-01 8.876793832883079771e-01 8.877403668436630868e-01 8.875588847336395304e-01 8.879797100045310199e-01 8.879822853566814445e-01 8.886289460231305837e-01 8.894619629489940449e-01 8.898844676020543076e-01 8.907058956008103712e-01 8.913445891109759156e-01 8.928240587379522308e-01 8.936815586991726512e-01 8.947141766756752101e-01 8.959872847690046882e-01 8.970881419199857598e-01 8.985669576087143007e-01 8.993238148114194308e-01 9.004767260092275682e-01 9.010787055125449863e-01 9.017492763172618719e-01 9.026699818581302992e-01 9.028459383142446448e-01 9.032910692720553802e-01 9.036412815391492437e-01 9.038095354851870544e-01 9.040356204014003971e-01 9.044052610841035733e-01 9.048226254064868357e-01 9.053292242975630177e-01 9.063594479815836324e-01 9.069118333498052964e-01 9.084871061460424446e-01 9.095990382458977175e-01 9.110336869001584015e-01 9.129788991194209835e-01 9.164381979208303663e-01 9.161365067794756678e-01 9.204891653944519136e-01 9.205431463139327475e-01 9.253655368004304327e-01 9.257718440688637029e-01
-1.000000000000000000e+00 -1.000000000000000000e+00 -1.000000000000000000e+00 -1.000000000000000000e+00 -1.000000000000000000e+00 -1.000000000000000000e+00 -1.000000000000000000e+00 -1.000000000000000000e+00 -1.000000000000000000e+00 -1.000000000000000000e+00 -1.000000000000000000e+00 -1.000000000000000000e+00 -1.000000000000000000e+00 -1.000000000000000000e+00 9.018120393079239738e-01 9.002588058945169003e-01 8.984556173189642836e-01 8.969158514433838159e-01 8.956240587652963825e-01 8.941649414810558527e-01 8.928853852773094291e-01 8.916073322444191263e-01 8.905530256749392137e-01 8.895296233387308682e-01 8.888082304720217319e-01 8.882729849977849534e-01 8.877829087848182477e-01 8.870582907579447340e-01 8.870034056952170731e-01 8.867122997006979812e-01 8.868448173980042482e-01 8.871183814735157380e-01 8.870201389741900755e-01 8.874245210029413355e-01 8.877689110345692303e-01 8.883271223865182309e-01 8.891524165692583637e-01 8.895571494543553781e-01 8.905649270097916181e-01 8.917184933877282393e-01 8.928939285293872041e-01 8.937121864055576070e-01 8.948699300212050733e-01 8.962952784898060576e-01 8.971563336961582147e-01 8.981823957609401665e-01 8.989246953288748676e-01 9.000946567891996430e-01 9.008365931843350660e-01 9.012527463501663894e-01 9.017513778934116431e-01 9.022519199419153368e-01 9.025046427530529769e-01 9.031388384780655310e-01 9.035264022443149079e-01 9.035589434743118709e-01 9.036494102544335716e-01 9.040436687388950787e-01 9.048969363504075769e-01 9.050335143751933042e-01 9.061153078806903904e-01 9.073293834556162007e-01 9.083028201324802042e-01 9.106285094890704812e-01 9.134191826002363568e-01 9.152982406456022790e-01 9.166292433650896632e-01 9.195289009516136591e-01 9.221084422342705755e-01 9.234816390272500009e-01
-1.000000000000000000e+00 -1.000000000000000000e+00 -1.000000000000000000e+00 -1.000000000000000000e+00 -1.000000000000000000e+00 -1.000000000000000000e+00 -1.000000000000000000e+00 -1.000000000000000000e+00 -1.000000000000000000e+00 -1.000000000000000000e+00 -1.000000000000000000e+00 -1.000000000000000000e+00 -1.000000000000000000e+00 -1.000000000000000000e+00 -1.000000000000000000e+00 8.985009815297088087e-01 8.971062777284596335e-01 8.953726685782831263e-01 8.940735973336684239e-01 8.928016537179308543e-01 8.918226062834584411e-01 8.905764462170442375e-01 8.894560768540091811e-01 8.885454123061338194e-01 8.881195726398700696e-01 8.871843886024625148e-01 8.869139644264379951e-01 8.862782033323601816e-01 8.861412686155841767e-01 8.859180818029087634e-01 8.859070415894235717e-01 8.859754974638376357e-01 8.860990137924608101e-01 8.864733548099295035e-01 8.869897469471080820e-01 8.874331199593871178e-01 8.882173845661840428e-01 8.888851123362419004e-01 8.899436785204861700e-01 8.904862456869544474e-01 8.915336717079324069e-01 8.925051832053638723e-01 8.938491539926840534e-01 8.951401912576293363e-01 8.962448865724218505e-01 8.971010498494632612e-01 8.979510816901313808e-01 8.987212372972439578e-01 8.993920987794853383e-01 8.999066250095838493e-01 9.008175378081947349e-01 9.010955861510504539e-01 9.016899811745761051e-01 9.022095079014941232e-01 9.022030719946658728e-01 9.025951685960065252e-01 9.026124251517843033e-01 9.030199417724207311e-01 9.036968112047387702e-01 9.044974468826555425e-01 9.050487092248793441e-01 9.059346480398628998e-01 9.073609146222447741e-01 9.090024959699178897e-01 9.111510707736005799e-01 9.136468884136687008e-01 9.154485052011185342e-01 9.183197145832069364e-01 9.199190384794322384e-01 9.233011665592220085e-01
-1.000000000000000000e+00 -1.000000000000000000e+00 -1.000000000000000000e+00 -1.000000000000000000e+00 -1.000000000000000000e+00 -1.000000000000000000e+00 -1.000000000000000000e+00 -1.000000000000000000e+00 -1.000000000000000000e+00 -1.000000000000000000e+00 -1.000000000000000000e+00 -1.000000000000000000e+00 -1.000000000000000000e+00 -1.000000000000000000e+00 -1.000000000000000000e+00 -1.000000000000000000e+00 8.950886598132948846e-01 8.937338070068907570e-01 8.926792658314488538e-01 8.914192956066621099e-01 8.902180922266073049e-01 8.892749265908156397e-01 8.885257020311236875e-01 8.875600612373516496e-01 8.868268140560221502e-01 8.863777916752086927e-01 8.860048767793777813e-01 8.856407621180325540e-01 8.854309089281516831e-01 8.852297000797446636e-01 8.852439550493534925e-01 8.852587359334133099e-01 8.854823118417248784e-01 8.857305443539090772e-01 8.862878585805613607e-01 8.867438605362562010e-01 8.873187347092159616e-01 8.881994715420505893e-01 8.891825536888009474e-01 8.898160248894475544e-01 8.911784171252463693e-01 8.917467657087194688e-01 8.931931526606491367e-01 8.940403926277097346e-01 8.949625740629491011e-01 8.963168557058297514e-01 8.969215245250686808e-01 8.976910107836526542e-01 8.981006042146835178e-01 8.991666048425639435e-01 8.995334232279385001e-01 9.001965804086274892e-01 9.007756469395755694e-01 9.007966387272835496e-01 9.014822875854086037e-01 9.016606869408709812e-01 9.019869847806123442e-01 9.025055353092285015e-01 9.030644230898853264e-01 9.033016323384133184e-01 9.042804021540979953e-01 9.052670310421833122e-01 9.073991492392031732e-01 9.083596301578318322e-01 9.092128520399992420e-01 9.112938058036549327e-01 9.144267794175864328e-01 9.156013494517615259e-01 9.184577925081643945e-01 9.215831493764286009e-01
-1.000000000000000000e+00 -1.000000000000000000e+00 -1.000000000000000000e+00 -1.000000000000000000e+00 -1.000000000000000000e+00 -1.000000000000000000e+00 -1.000000000000000000e+00 -1.000000000000000000e+00 -1.000000000000000000e+00 -1.000000000000000000e+00 -1.000000000000000000e+00 -1.000000000000000000e+00 -1.000000000000000000e+00 -1.000000000000000000e+00 -1.000000000000000000e+00 -1.000000000000000000e+00 -1.000000000000000000e+00 8.924033422847675867e-01 8.912088042189870718e-01 8.900550468308426888e-01 8.891693494842427548e-01 8.882087141746409786e-01 8.873342583352344937e-01 8.867247268196331023e-01 8.862221921475265107e-01 8.853815674734000218e-01 8.850619070281119383e-01 8.846710701837408042e-01 8.844231035473185676e-01 8.842844115381306436e-01 8.844937749769753443e-01 8.844411346455858247e-01 8.849139697144108307e-01 8.850154258001095009e-01 8.856600835452883569e-01 8.859637092550933790e-01 8.867267523141051377e-01 8.873623061697125669e-01 8.883091474161639578e-01 8.892277711177793975e-01 8.900436062374148527e-01 8.907685265062309510e-01 8.920463201066529679e-01 8.929362715332876954e-01 8.940858198201084850e-01 8.949050495445474152e-01 8.958423645822007897e-01 8.966989388781975157e-01 8.978798445389156724e-01 8.979306970264104848e-01 8.986993743488195241e-01 8.991628582783907087e-01 8.996811227206311656e-01 9.000716892700495464e-01 9.005304402780694994e-01 9.008811343997481513e-01 9.011213287274130179e-01 9.014694051983879186e-01 9.021144259624209738e-01 9.022400488366467686e-01 9.035841206032169115e-01 9.039744144578659713e-01 9.055229300530891479e-01 9.061892799262204479e-01 9.082529975947274403e-01 9.096783956838475627e-01 9.123287246478015700e-01 9.145381776202656798e-01 9.174005180570704576e-01 9.213770017635924958e-01
-1.000000000000000000e+00 -1.000000000000000000e+00 -1.000000000000000000e+00 -1.000000000000000000e+00 -1.000000000000000000e+00 -1.000000000000000000e+00 -1.000000000000000000e+00 -1.000000000000000000e+00 -1.000000000000000000e+00 -1.000000000000000000e+00 -1.000000000000000000e+00 -1.000000000000000000e+00 -1.000000000000000000e+00 -1.000000000000000000e+00 -1.000000000000000000e+00 -1.000000000000000000e+00 -1.000000000000000000e+00 -1.000000000000000000e+00 -1.000000000000000000e+00 8.889536351734687036e-01 8.879081875985378458e-01 8.869164445083068671e-01 8.863814564943959251e-01 8.855231377062632303e-01 8.852745166967379564e-01 8.846452631356162000e-01 8.844012627122048720e-01 8.838589878294551561e-01 8.837400708883649258e-01 8.836389632285349682e-01 8.836598381992791795e-01 8.837575575697464991e-01 8.841250522499214393e-01 8.845787755277563225e-01 8.848582205118472599e-01 8.852595487668603047e-01 8.860342074179188288e-01 8.867522447679685449e-01 8.872861735735534383e-01 8.883965388777654848e-01 8.892538054731936592e-01 8.901425553095888565e-01 8.911998699060119655e-01 8.919597002010343223e-01 8.933324490792111661e-01 8.942784777372696503e-01 8.950854193687397542e-01 8.958133376424196603e-01 8.965892646560313928e-01 8.968789790229007020e-01 8.978495357877726013e-01 8.983535444066087505e-01 8.986611930827835826e-01 8.990242377081457681e-01 8.996208516259713850e-01 8.997818034605312709e-01 9.003352536652803328e-01 9.009336764198270231e-01 9.013646619868179721e-01 9.015759448425766376e-01 9.027987076311847492e-01 9.035522374379780786e-01 9.045042243815392125e-01 9.069151993286950209e-01 9.078103428840755829e-01 9.100372338133705385e-01 9.107731644710326258e-01 9.153764611211759883e-01 9.177253820488674441e-01 9.193968844347042424e-01
-1.000000000000000000e+00 -1.000000000000000000e+00 -1.000000000000000000e+00 -1.000000000000000000e+00 -1.000000000000000000e+00 -1.000000000000000000e+00 -1.000000000000000000e+00 -1.000000000000000000e+00 -1.000000000000000000e+00 -1.000000000000000000e+00 -1.000000000000000000e+00 -1.000000000000000000e+00 -1.000000000000000000e+00 -1.000000000000000000e+00 -1.000000000000000000e+00 -1.000000000000000000e+00 -1.000000000000000000e+00 -1.000000000000000000e+00 -1.000000000000000000e+00 -1.000000000000000000e+00 8.869297097205447455e-01 8.862800862001498636e-01 8.853664109496490742e-01 8.847177735301655632e-01 8.841434442658030468e-01 8.837336641703505968e-01 8.835334688668026182e-01 8.832307893928795783e-01 8.831087755272541973e-01 8.830033717084991851e-01 8.831052957966230021e-01 8.831440625021343971e-01 8.836748442428580264e-01 8.837651220450749578e-01 8.842903598693343525e-01 8.849802161438610204e-01 8.855487864197809644e-01 8.861175133070215981e-01 8.867839096512416530e-01 8.878153207406482839e-01 8.887564690088871622e-01 8.894749212834491825e-01 8.904300490512949695e-01 8.912974551152089697e-01 8.925094115886953450e-01 8.934238370929079576e-01 8.941626421763162469e-01 8.948090180671289806e-01 8.952705865394707807e-01 8.964299838514534491e-01 8.968516636467763758e-01 8.973076583389729688e-01 8.976521491053851554e-01 8.983460052613335689e-01 8.990874010379751313e-01 8.989795382133068946e-01 8.998174904075423308e-01 8.998704537185254759e-01 9.007097366967405927e-01 9.013112448754220241e-01 9.020449792373627096e-01 9.025998575776074118e-01 9.039113056492176224e-01 9.044026577429076230e-01 9.065404485990534722e-01 9.094521803715438502e-01 9.137850549234577402e-01 9.139497581324176334e-01 9.199365664553794675e-01 9.222296963344560616e-01
-1.000000000000000000e+00 -1.000000000000000000e+00 -1.000000000000000000e+00 -1.000000000000000000e+00 -1.000000000000000000e+00 -1.000000000000000000e+00 -1.000000000000000000e+00 -1.000000000000000000e+00 -1.000000000000000000e+00 -1.000000000000000000e+00 -1.000000000000000000e+00 -1.000000000000000000e+00 -1.000000000000000000e+00 -1.000000000000000000e+00 -1.000000000000000000e+00 -1.000000000000000000e+00 -1.000000000000000000e+00 -1.000000000000000000e+00 -1.000000000000000000e+00 -1.000000000000000000e+00 -1.000000000000000000e+00 8.850726827734470836e-01 8.847447922735678372e-01 8.839856270960509965e-01 8.838184425456778737e-01 8.830829632134653551e-01 8.827403640706067423e-01 8.825740525459251362e-01 8.827566874706961331e-01 8.825053972685648063e-01 8.826586873019016677e-01 8.827854188677298763e-01 8.830428990927867705e-01 8.834056841946431593e-01 8.838961879954810863e-01 8.843592927589738473e-01 8.851676550333058557e-01 8.859428492765145657e-01 8.866565655198063167e-01 8.872244716585836466e-01 8.884836058548853943e-01 8.891203083997534229e-01 8.898210798263924692e-01 8.906188250768576342e-01 8.917879552620302519e-01 8.928087088433879215e-01 8.932369709396061896e-01 8.943629649941585713e-01 8.950788230229470566e-01 8.957730622329315162e-01 8.959617059134962203e-01 8.969162118966129693e-01 8.976028789018858367e-01 8.978177972119588679e-01 8.984630393272632354e-01 8.987093774853005534e-01 8.991501932103926897e-01 8.997741412708414321e-01 9.006304452911788605e-01 9.010369256735176746e-01 9.016676293715825130e-01 9.030240933223745436e-01 9.032200231231501952e-01 9.044581809465987998e-01 9.075804345596880651e-01 9.115459922815902782e-01 9.124334679629073630e-01 9.146371246567107649e-01 9.197766287031127197e-01 9.231570504169868130e-01
-1.000000000000000000e+00 -1.000000000000000000e+00 -1.000000000000000000e+00 -1.000000000000000000e+00 -1.000000000000000000e+00 -1.000000000000000000e+00 -1.000000000000000000e+00 -1.000000000000000000e+00 -1.000000000000000000e+00 -1.000000000000000000e+00 -1.000000000000000000e+00 -1.000000000000000000e+00 -1.000000000000000000e+00 -1.000000000000000000e+00 -1.000000000000000000e+00 -1.000000000000000000e+00 -1.000000000000000000e+00 -1.000000000000000000e+00 -1.000000000000000000e+00 -1.000000000000000000e+00 -1.000000000000000000e+00 -1.000000000000000000e+00 8.838978432407101904e-01 8.832582125822298069e-01 8.829140561128386855e-01 8.823960800202101940e-01 8.822654031250952711e-01 8.819369176406859356e-01 8.818977432627291835e-01 8.820191547770128704e-01 8.823164118589332805e-01 8.824351165347442683e-01 8.826872503805859305e-01 8.830019519030192221e-01 8.837105934684876818e-01 8.839659933361139199e-01 8.845959276887057632e-01 8.852434233119950147e-01 8.861469636404658567e-01 8.868214460185809278e-01 8.879134325185229493e-01 8.887247091895110751e-01 8.896146795016408593e-01 8.906125517757004229e-01 8.915403966978396877e-01 8.921867042612297016e-01 8.931795125880123143e-01 8.942019518723354210e-01 8.944771684135511824e-01 8.956334873119602413e-01 8.958906501338642636e-01 8.966735618555392584e-01 8.973410947714715036e-01 8.974747365250389519e-01 8.985487438239101454e-01 8.985493548181167078e-01 8.987657138002546064e-01 8.993796877547970414e-01 9.003906729246583529e-01 9.007553625366223615e-01 9.017360439763131286e-01 9.031161554439143258e-01 9.058024090183867116e-01 9.071742074875034367e-01 9.089559115908102394e-01 9.122955347479562160e-01 9.144560233950487227e-01 9.185219832044737576e-01 9.217935173190734410e-01 9.241119081760866827e-01
-1.000000000000000000e+00 -1.000000000000000000e+00 -1.000000000000000000e+00 -1.000000000000000000e+00 -1.000000000000000000e+00 -1.000000000000000000e+00 -1.000000000000000000e+00 -1.000000000000000000e+00 -1.000000000000000000e+00 -1.000000000000000000e+00 -1.000000000000000000e+00 -1.000000000000000000e+00 -1.000000000000000000e+00 -1.000000000000000000e+00 -1.000000000000000000e+00 -1.000000000000000000e+00 -1.000000000000000000e+00 -1.000000000000000000e+00 -1.000000000000000000e+00 -1.000000000000000000e+00 -1.000000000000000000e+00 -1.000000000000000000e+00 -1.000000000000000000e+00 8.827207161710810546e-01 8.822880691528490749e-01 8.821427649456845543e-01 8.820880936053100418e-01 8.816321391429454701e-01 8.817270101592672438e-01 8.818055547283648599e-01 8.817319623855965904e-01 8.821047743555412435e-01 8.823893348209316256e-01 8.827071308509099046e-01 8.834986751721995990e-01 8.837016085970706980e-01 8.848622921603979119e-01 8.853118140932876301e-01 8.862165791944841553e-01 8.868664640191344928e-01 8.876341574077624141e-01 8.883443027526597424e-01 8.893533469243222189e-01 8.902258454175100422e-01 8.911469110643670533e-01 8.919259129538088526e-01 8.932296599554377936e-01 8.935669225372016022e-01 8.942612624080461536e-01 8.950208280518361370e-01 8.955400244281768174e-01 8.964004106450320641e-01 8.968142265082407194e-01 8.975866737523992001e-01 8.978832955554947315e-01 8.987713937007354437e-01 8.991843213609669316e-01 8.999554308255561796e-01 9.008383233637140552e-01 9.024049890837745336e-01 9.022455655103465144e-01 9.046676466105834091e-01 9.072672010750939542e-01 9.081563455236087989e-01 9.122443123483022775e-01 9.150857895920885277e-01 9.180631197720606762e-01 9.226426990611702461e-01 9.266636596598468723e-01 9.263393848493470806e-01
-1.000000000000000000e+00 -1.000000000000000000e+00 -1.000000000000000000e+00 -1.000000000000000000e+00 -1.000000000000000000e+00 -1.000000000000000000e+00 -1.000000000000000000e+00 -1.000000000000000000e+00 -1.000000000000000000e+00 -1.000000000000000000e+00 -1.000000000000000000e+00 -1.000000000000000000e+00 -1.000000000000000000e+00 -1.000000000000000000e+00 -1.000000000000000000e+00 -1.000000000000000000e+00 -1.000000000000000000e+00 -1.000000000000000000e+00 -1.000000000000000000e+00 -1.000000000000000000e+00 -1.000000000000000000e+00 -1.000000000000000000e+00 -1.000000000000000000e+00 -1.000000000000000000e+00 -1.000000000000000000e+00 8.815970680262211756e-01 8.814604936799099733e-01 8.813275462560805629e-01 8.814839662358379124e-01 8.815075856532162968e-01 8.814981018418968084e-01 8.817960410114035197e-01 8.822653182539110794e-01 8.826743986937575226e-01 8.830872924819732628e-01 8.838875269840077431e-01 8.847566945498135382e-01 8.851914501156774584e-01 8.862315788258182669e-01 8.869446047533191546e-01 8.879974022615778617e-01 8.886880675522599304e-01 8.897111767941776606e-01 8.902062879817784768e-01 8.911845480960689514e-01 8.918867645013447421e-01 8.930675083369574718e-01 8.937154401894150668e-01 8.943762380698628833e-01 8.948931669037724079e-01 8.955231647655538252e-01 8.960788559671328812e-01 8.970516576448361867e-01 8.974097155250406743e-01 8.981498243919608937e-01 8.993217321243086593e-01 8.996578113076845185e-01 9.007269320456254835e-01 9.026686047077440156e-01 9.030788509219913607e-01 9.050147894296454165e-01 9.058765561740030892e-01 9.107525877531090774e-01 9.132051484955004961e-01 9.163236088015959124e-01 9.204007970080089196e-01 9.232741999934829247e-01 9.264946234096764766e-01 9.305710323297579079e-01 9.315404562150155776e-01
-1.000000000000000000e+00 -1.000000000000000000e+00 -1.000000000000000000e+00 -1.000000000000000000e+00 -1.000000000000000000e+00 -1.000000000000000000e+00 -1.000000000000000000e+00 -1.000000000000000000e+00 -1.000000000000000000e+00 -1.000000000000000000e+00 -1.000000000000000000e+00 -1.000000000000000000e+00 -1.000000000000000000e+00 -1.000000000000000000e+00 -1.000000000000000000e+00 -1.000000000000000000e+00 -1.000000000000000000e+00 -1.000000000000000000e+00 -1.000000000000000000e+00 -1.000000000000000000e+00 -1.000000000000000000e+00 -1.000000000000000000e+00 -1.000000000000000000e+00 -1.000000000000000000e+00 -1.000000000000000000e+00 -1.000000000000000000e+00 8.812250819596135765e-01 8.810355987363288621e-01 8.813535021074027087e-01 8.812962549637222143e-01 8.813521495764542468e-01 8.818567703940111135e-01 8.822826559265726232e-01 8.826143306361681207e-01 8.833549353244838365e-01 8.840098853356019859e-01 8.845488055409788108e-01 8.855082068318776978e-01 8.864165684809121037e-01 8.872057698992170671e-01 8.880655736055583782e-01 8.890316757119025581e-01 8.895991155997958755e-01 8.908322544981356339e-01 8.913812126900640953e-01 8.919857528571187855e-01 8.933791629121667910e-01 8.937118376274975073e-01 8.950144382013442979e-01 8.953227085121533424e-01 8.957422383470814431e-01 8.970731752486266197e-01 8.976481950734875870e-01 8.977732677953689233e-01 8.991077289281619311e-01 8.996111460442121066e-01 9.016814775538377624e-01 9.017696891317892316e-01 9.032133508092841101e-01 9.051357270420627987e-01 9.116481101078522942e-01 9.129894324744308731e-01 9.148006531044228229e-01 9.197235116891434581e-01 9.219139547458475858e-01 9.282159612375209257e-01 9.304497293265473479e-01 9.344111927900292658e-01 9.368615411224948675e-01 9.373956508472734983e-01
