2.337143753376207593e-227 7.560082952622764214e-206 5.548429712042941109e-178 4.377775263942201870e-170 8.024267051065170986e-151 1.828496085029429061e-142 7.636801412508250761e-123 1.578707590630311792e-113 1.386728373086801243e-104 1.153034072546335854e-93 2.204390383092494541e-84 2.422204748152928554e-74 1.165002554889242307e-67 5.607178138868093002e-57 2.058652799650477048e-53 3.847293720565170924e-46 2.289201204903908018e-41 5.680339820941672742e-36 9.906675886111149145e-33 1.757807307572756294e-26 5.513566947983937336e-24 5.332700736382249116e-21 3.047085561081024473e-18 5.853090884388876612e-16 5.179475261057872777e-14 5.915941810828355395e-12 7.016893571532885030e-11 6.558668045423929996e-10 1.077435935401140970e-08 6.425143790135790271e-08 1.526720952882131307e-07 5.430954467737066122e-07 1.512294404439630573e-06 1.194436431087672851e-06 9.706943215063879765e-07 1.921142997235409225e-06 2.490591545024062998e-06 8.240831715698978685e-07 3.379154010933096697e-07 1.487369067458311913e-07 1.025648248558959053e-07 4.539589256384649191e-09 2.712309341301768635e-10 2.939719180896386188e-10 1.308070458777038791e-11 2.728776999871791343e-13 3.280249913255981014e-13 2.143020356090208727e-15 1.407812703836031247e-16 1.098344223572418702e-17 1.230541787064031972e-18 3.742406354527722273e-20 8.535837976098635572e-21 4.263197712053867551e-22 3.886656020795633519e-22 3.205636079098048045e-24 3.337164923746152814e-24 3.632568021002644171e-26 2.614671336363763627e-26 8.511657112740020185e-27 3.984424895917901960e-28 1.030927410248267259e-27 3.746100791350521330e-30 3.601421135888626936e-30 1.240767838108237371e-31 1.985719607151951474e-32 2.071340437339704878e-32 1.581255292324529370e-32 2.698126466167679071e-33 1.144073527883772296e-34
1.510573593928443580e-225 2.345531697827579003e-207 1.500906403237583871e-188 4.897496925679620458e-167 2.706937150860544186e-156 1.496130203757743624e-135 4.792522256361967580e-120 1.423643912452996956e-113 1.905555224037415144e-103 1.594470222006641718e-92 6.410608732098617388e-84 1.498600747213293513e-70 4.027523994507065822e-66 2.170827672711195114e-58 5.755120345189731449e-52 1.627985807755703061e-45 6.661851649664149679e-41 1.937189558653796469e-35 8.534359367742349221e-31 7.045938993371081595e-28 1.096730964322365505e-23 1.315958110882832851e-21 5.443411524368845924e-18 5.807230211947515604e-15 1.706332388666194786e-13 2.550434402576763921e-12 1.925999197771557512e-10 2.932821013608309031e-09 1.795092920631937566e-08 1.294536159171786262e-07 4.687775726794430051e-07 7.425488287539085293e-07 9.143236459296119741e-07 2.309835194785905834e-06 2.313381694698016595e-06 2.515295534527580377e-06 1.587871631155325703e-06 1.400286162506307328e-06 5.810889662762697801e-07 1.928507597679613994e-07 4.275044363070984599e-08 7.560630750730810359e-09 1.498131785461711193e-09 2.844835595212818055e-10 8.896026253987858601e-12 3.768883226768558936e-13 3.367169936908895890e-14 3.151023013211116221e-15 2.625538042589250164e-15 5.556833849947487215e-17 2.253824549073138753e-17 6.049840777176694315e-19 4.864222713686272597e-20 1.746580330067428256e-21 8.703618383118430121e-23 3.330564398693955214e-24 1.632679847967790423e-24 8.813110562707047902e-25 4.559706092263377971e-26 1.169959609129730623e-26 7.358289572700719455e-26 1.643721619783175856e-29 2.626649057358991185e-28 1.038736277301207828e-29 2.850274049562750643e-32 9.007569211599856636e-31 1.936569093283748704e-32 9.617050902248104284e-32 3.020972940396861723e-32 1.144675879714530794e-34
1.528885298846570240e-216 2.376800085925234076e-200 1.902875775522291279e-180 9.279236073007839203e-166 1.275937839880612920e-150 3.956823278557362593e-138 2.214567192528453349e-121 4.119179151895434520e-111 1.788207825523635970e-96 6.100512892668350697e-92 5.079725113614831961e-83 2.985347311205447175e-73 9.309680564565626810e-67 5.825027835410489362e-58 2.636487153184777482e-52 2.361224273821381675e-44 9.587811766739316654e-40 2.580735936889844496e-36 9.457818946752402078e-31 4.993660685881160305e-27 1.322973216500436460e-22 8.625682489866638792e-20 6.154671935945904926e-18 1.749617133839470181e-15 1.242724769500723361e-13 8.893838988470926890e-12 2.398975505782908206e-10 4.496613379617351219e-09 2.198563500778599493e-08 1.568024734469568386e-07 7.076576350076347007e-07 1.595556151918203503e-06 2.852874639333295019e-06 4.421494997994376337e-06 2.851256945609643611e-06 4.152998032062005716e-06 2.374048481231076996e-06 1.014974596063635453e-06 7.459231492809666913e-07 1.714580947294003957e-07 8.372792111283401165e-08 9.123439104490822487e-09 1.376440516035393113e-09 4.945885815832451241e-10 3.641548010913105322e-11 2.034772982714230981e-12 1.766757814408389316e-13 7.288719174704485593e-15 4.977509880627450418e-16 1.169200312416815298e-15 3.621894929665947255e-17 4.560556350506710274e-19 4.692123841192238446e-20 4.083983926265254586e-21 5.941687087256607542e-22 1.069060664599276103e-22 2.163172558108573684e-24 6.215170356236984117e-24 7.080375122204227909e-26 9.609388689485535875e-25 6.456953252771246303e-28 1.738677397034885064e-28 1.612781509945329936e-28 4.501975166973253124e-29 1.283298762521677103e-31 1.083675326151833144e-29 1.861871389792138648e-31 3.236566874347198953e-33 1.839594838982194858e-33 2.559439648115119731e-34
2.053845953393087744e-221 2.338243001755047898e-201 7.348847613531295907e-180 2.015884951184394991e-166 9.059589568376472520e-150 2.122655927340980552e-140 2.223157106040158697e-124 4.377644695087022461e-113 2.680476089605445122e-99 5.818649364890016961e-91 1.623106231611707656e-80 6.596685773098012834e-71 9.139364276200667078e-65 3.576660769721625609e-57 2.327909360465939093e-51 3.549807622134436408e-44 4.180373929247769322e-40 3.262264550629160608e-35 6.143293706526021732e-31 3.237222836969545409e-27 1.017817450994504401e-23 3.226095769094274473e-20 4.301660573473436229e-17 7.953233106133671509e-15 1.928635869935084092e-13 9.608494739842377075e-12 4.061245636549343828e-10 4.266726135967219868e-09 4.716843468289788914e-08 4.574468087854793524e-07 3.923441161866707420e-07 2.125059243536420306e-06 3.037330931140355678e-06 2.116250321554650370e-06 8.229155667784742286e-06 1.971503364138399273e-06 3.718030672745841842e-06 1.925121647446055453e-06 9.537476108329363996e-07 3.809410591726482890e-07 1.122220294979755765e-07 1.400892511892795460e-08 6.896877215535285088e-09 1.232702328192069935e-09 2.952093601440557911e-11 3.051525946901455286e-11 5.269924613083791464e-13 5.142446171605586735e-14 1.031339258619804588e-14 3.383667756845382934e-17 3.733846390738841648e-18 1.615900602427849343e-17 6.756295897276696846e-20 2.518686457584935623e-21 1.491578553347525845e-21 1.610665538915829901e-22 1.480308943205254850e-24 8.896778061169362454e-24 4.060155981192667734e-26 1.915165207429503817e-25 1.093224351413745338e-27 3.356419308222041157e-28 1.918037363389437361e-29 2.187213551496742852e-29 9.539358232034003385e-30 7.842535412758537943e-30 6.594717580695610749e-33 1.426571394507592469e-31 3.013599557223095750e-33 5.301405692583276173e-34
3.263965410629968967e-220 4.212232133845639033e-201 1.405458680212163446e-183 1.099282051165768365e-166 2.613729918889360504e-150 5.125758658056114070e-137 3.772956696631235702e-122 1.302504380506912372e-111 2.607929681364876469e-98 5.080150355917092131e-89 1.397121597917981807e-81 1.545370324912745045e-71 3.024253253519779038e-64 1.422303850964578658e-55 4.072903368309325546e-51 1.486117719826623236e-44 2.615341665529129560e-39 3.907989493583295844e-33 6.636635141439122989e-30 2.510900036680399757e-26 5.048786223496439345e-23 2.014799899337354220e-19 8.021382509110988703e-17 1.045794681757838560e-14 2.628736488672964683e-12 3.078713987543943520e-11 9.501454201430091258e-10 7.289227136998287850e-09 8.001470034609476627e-08 3.265736790773667157e-07 1.307864505300827665e-06 1.863313172471168157e-06 4.577842481354628842e-06 5.874793228566300456e-06 8.824543427982086471e-06 1.060664017558215977e-05 6.236290895627595951e-06 3.360228370992189649e-06 9.942569833399379047e-07 1.002330591282915174e-06 4.052965026489500966e-08 5.658333123955738910e-08 1.468147388818713601e-08 5.279898352729800895e-10 1.827242000673187092e-10 4.317807004643270166e-11 3.508942142638568762e-13 8.600357600729476665e-14 2.987783991201814481e-15 8.744650341824911621e-17 1.925350141752711464e-17 7.099776277309425649e-18 6.215887075480909331e-20 1.647279496120456007e-19 1.041236802598729653e-21 7.109588376426103622e-22 1.426252451147412702e-24 1.264456693070051369e-24 3.053740332371678262e-24 6.590205817412123929e-26 3.293055276069008278e-27 1.002351702908321628e-26 2.893480751609186748e-28 1.465031889684876044e-28 1.478004303597904510e-30 3.748685028125463428e-30 3.431655792777473754e-30 2.358249474437363800e-31 4.969748836520096219e-32 2.304581537038741780e-32
1.519292202409121602e-227 1.075487993078872218e-200 2.612380832779881337e-183 2.313318440313996261e-162 2.425229152894337065e-148 4.762886804168102512e-136 2.639942495230118952e-121 6.978389240005573749e-107 5.639267370516767639e-100 3.723415841690724007e-88 9.569497202392718279e-79 1.945702533746285116e-72 1.762828670182094278e-63 1.573258572225800626e-56 1.845187857446698193e-50 6.738165873838131225e-44 1.399314599409001007e-38 2.784463552373914317e-34 3.923420318614702415e-30 4.376586502844333961e-26 5.549520770198307805e-23 9.576903202258320073e-20 4.634448903247614253e-17 4.926497293520804133e-15 1.652612635567663146e-12 3.525162513936254511e-11 9.603360378626707150e-10 1.487618911076041479e-08 1.160878519988808903e-07 6.944793566150176549e-07 1.695269236180960642e-06 3.309395587851456796e-06 7.156778421467082973e-06 9.046927595113131399e-06 1.031231886798786178e-05 1.191691252474480062e-05 4.016114540283334412e-06 3.752836870217587102e-06 1.276044526374062339e-06 3.753943388640591554e-06 4.811236876934493471e-07 9.091400277970586837e-08 2.902395353978896483e-08 8.498774340101115287e-10 1.775585186003662308e-10 1.736905899222033093e-11 1.462666186808212947e-12 8.831509482746245280e-14 6.964609571457415258e-15 5.004734479755629189e-16 2.428150831158895855e-17 3.980089776911584824e-17 1.085894057858265055e-18 8.216484294162639764e-20 1.593887926630039767e-20 1.771402023172712460e-22 6.900545380902791595e-23 5.352932464563474327e-23 1.079603999540416683e-23 6.795387167215277122e-26 1.434958907721992762e-25 8.868580101288382200e-26 5.254726081285856443e-29 2.354950891503343141e-28 4.651791711215728263e-30 2.194141207920905038e-30 2.223806355001474793e-31 3.544479852913867104e-31 1.395511253908746223e-32 3.701880118356678287e-33
1.213013490471866866e-221 9.420105579540208748e-202 6.752731055600200646e-182 1.372581502896563024e-163 6.595379507742551652e-152 1.586169468180007131e-134 1.368391237863094872e-124 1.385612898639572108e-110 4.501064656428663832e-99 2.945275332684066521e-90 1.889823467294170779e-79 1.174219690681408933e-70 8.350739328891388370e-62 1.093349993007430947e-56 3.609838460000746302e-50 9.855728064347751016e-42 6.699136839008913821e-38 3.028060524560525508e-32 3.474341229721820982e-28 9.357413523335982147e-25 1.184772603735240453e-20 2.032404894405927900e-19 5.494236026876255413e-16 6.611262348635812700e-14 2.984679822072832036e-12 7.118459283334389133e-11 1.399819586421806368e-09 2.590146782019445828e-08 1.442651115378838224e-07 7.484144828726276579e-07 2.069422304870399679e-06 5.007325924273093504e-06 1.419889167886891711e-05 9.803529317168511881e-06 2.203829367376498489e-05 9.239789017568378910e-06 7.916170475776568549e-06 1.054067452899831438e-05 2.637145033201594167e-06 1.403271915110801918e-06 3.201797562057830156e-07 9.091365549410358896e-08 7.353655297245018897e-09 2.308556097518263502e-09 2.068473553087593226e-10 1.979108567760873475e-11 2.669865048775982500e-12 1.381341198971174711e-13 6.591376103644544149e-14 5.465394777084791717e-16 3.070945133721606504e-17 1.527865066501651195e-18 2.062769129145598647e-18 2.760082977991493070e-20 3.498435493978185172e-20 6.086271511813670373e-22 5.446639417323673669e-23 3.455649441053366584e-23 9.482726332010606472e-25 1.448023193326073495e-25 5.289562038116779174e-25 8.758980671697035644e-28 1.457854180718013190e-27 1.983071429937537660e-27 4.639669691679109597e-28 2.734607201948544349e-29 4.851989054746469602e-30 7.503828282772521399e-32 2.008817772913803296e-31 1.772803533382764824e-32
1.120002105972455971e-220 9.926746513391683847e-199 6.326204000259494472e-178 3.127809861834638952e-160 1.112734185774851134e-149 2.792122892849120273e-135 2.807395680893866601e-121 2.097784489626238948e-107 3.082854048400905108e-98 2.747209158487154356e-87 6.006882039975516315e-80 4.879876270466719253e-70 2.416704961406383929e-62 3.896003214995548788e-57 1.611743069105435718e-47 2.179138800534165063e-43 5.201173935526610041e-38 1.112327854429379587e-33 1.476242398027898925e-28 2.500342184420011363e-25 3.279406112294374667e-20 2.521086827894303171e-18 2.774228449300620180e-16 1.087075752882097505e-13 2.480333658435349871e-12 2.293907088896340580e-10 2.849943217899153622e-09 5.617711321382448137e-08 4.960607004453296444e-07 8.052517425643908711e-07 2.432630824535177244e-06 9.143872311038623709e-06 4.985199250480313174e-06 1.878591916864274646e-05 1.851264986731815336e-05 1.096332352828334982e-05 7.397218016701833934e-06 7.544573554812614757e-06 2.519507209451402890e-06 1.662505743662571133e-06 1.000250431568274671e-06 6.875501740203061409e-08 1.354367256859946318e-08 9.909659736646263996e-10 2.147913583429033392e-10 2.295543297602120277e-10 4.758057132918777456e-11 3.317301113918251190e-13 4.098377917975661796e-14 5.673407193583401193e-15 1.929175347570261385e-17 5.827164665383452030e-18 4.328933432700175229e-19 3.198885440971331244e-19 7.680893522710426179e-21 4.550957570580200702e-21 6.677404499440482909e-22 5.960135830187626198e-24 2.941097553030478704e-24 1.081472175991441145e-25 5.386889451573152466e-26 4.237293343496628623e-26 2.281036760854138714e-26 4.083380717990823245e-28 4.312554277170330050e-28 1.614826245712959328e-28 7.388513527764018881e-30 5.787263308696962344e-31 2.358270835280969858e-30 2.770558008095578828e-31
6.623879408072413935e-219 1.075287514403380356e-203 1.104835379370864347e-181 3.425934547687883211e-165 4.297261048074197155e-148 4.012761385370652366e-133 6.464070517610413138e-119 4.160989094671789895e-104 1.940707213614421801e-98 2.682449594111399042e-87 2.839979470501372116e-77 5.915522928784625077e-68 4.549544026051454351e-61 3.792330285118644957e-55 8.143858362519153745e-48 1.462989379977747350e-42 3.646295706078523163e-36 7.084677287398010360e-33 3.654671136106570071e-29 2.338607414875864536e-23 3.600511911587795779e-21 1.660912165597408777e-18 9.196674698179735755e-16 3.563576315417355595e-13 3.924796407398893027e-12 3.849281573609375443e-10 9.114212233649212232e-09 3.293862442929491975e-08 4.063883654208498283e-07 1.467990498348957892e-06 2.938732133737079931e-06 7.627138515989587166e-06 1.196493441365422262e-05 1.867002838462485326e-05 2.050407370163661653e-05 1.702516208637721508e-05 1.115531215831435849e-05 7.173238621746473629e-06 2.680272545571677173e-06 3.588666460251231173e-06 4.162900853730545070e-07 1.359666184333126808e-07 8.657854658472054634e-08 2.159603359510901694e-09 9.173739885678593961e-10 1.598751926356529240e-11 3.669105903846359515e-12 3.669385454323786029e-13 4.010930422826573624e-14 2.113901975853887354e-14 9.657707206435055982e-17 1.416516636143953187e-16 3.804008446099066084e-18 1.340201208501940706e-19 2.331853443103706177e-19 1.610231932452823939e-20 9.244122859597283562e-22 2.434840809186385069e-23 1.287138319488005775e-23 1.353298820093686184e-24 8.062479350387143351e-25 9.757476650367257036e-26 9.598553815945678661e-27 6.289906301586642170e-28 9.577509154695789956e-29 1.140733331501791346e-28 1.578699131272957595e-29 1.633231349433967059e-29 8.509709603839351257e-30 5.736111783493075151e-31
1.322382518643282233e-215 4.621010370475021371e-196 8.062478933234310994e-179 1.881696221134574847e-161 4.994639093995365715e-142 5.390659824454440044e-131 5.775853722537102799e-120 8.737741697579292205e-106 1.369003474902518128e-94 8.219976175323820186e-84 2.265615876247336641e-74 2.971804859394911978e-66 4.239144457651228708e-61 1.143032910719112941e-53 2.344796502632168399e-47 3.250723437231619598e-41 1.174979135783260165e-36 1.933845070836892945e-30 1.670174515718775702e-27 1.441629579785700003e-23 1.809481818420468190e-20 4.404711437736103075e-18 2.391620089430691689e-15 1.835582747559582087e-13 8.306319511369833200e-12 1.213692662243609159e-09 2.113944522107001524e-08 1.574274741137123166e-07 6.870077216192121074e-07 3.463610978561257138e-06 4.859570235349162807e-06 1.134017959374597202e-05 1.868436612717922608e-05 1.886559671252414588e-05 2.503814702082962296e-05 3.436005734871000564e-05 2.541122030119741433e-05 1.680529067131871266e-05 8.683916081901709962e-06 2.005725368098513142e-06 8.916870610034191995e-07 2.191046464799277183e-07 3.620564993368585774e-08 1.643231445630499528e-08 5.757236064402477411e-09 4.016694617489090347e-11 1.105474917976516522e-11 7.258764155367157197e-13 2.521543773471699137e-13 1.032390175842341263e-14 2.146277072979083880e-15 2.952440905763068648e-17 4.484365856058135658e-17 6.687121045499329366e-19 1.334751658899975001e-19 3.755541338466556290e-21 8.538920278477715883e-22 1.015290777802181001e-22 2.049119693778892903e-23 1.065187673019907682e-23 2.354607336238270536e-23 6.493162986546894576e-24 1.603079886576264984e-25 1.900045602365229079e-27 9.411531362084580312e-28 2.196095633941671245e-28 7.074886889814230292e-29 1.005045444725379761e-29 2.286771066964271657e-29 1.004580765868484783e-30
9.843564659994620447e-210 7.115520771147924362e-196 7.044356646696090879e-180 1.599780913719818894e-160 4.796904779020091683e-144 9.960223548673663270e-129 1.219461043665648657e-118 3.327503452532475826e-107 2.157666150569577136e-95 8.868821420921914882e-85 1.434542069065091778e-75 6.083495515982695156e-67 2.747045209278094488e-58 7.232504600453471051e-55 5.928375513674462565e-48 3.335594659297342962e-40 1.886395140926368405e-36 5.849152687690619936e-31 1.411120044258976383e-27 1.310539024827938789e-23 1.617586153468121135e-20 5.818524200656617484e-18 5.225902404165075473e-15 1.249767469417105602e-12 4.097633660570880832e-11 7.123901346264312140e-10 1.402175698814120296e-08 1.202058455897182392e-07 6.972443422656593798e-07 4.529097427700346807e-06 1.174792553214389869e-05 2.810060938430840733e-05 3.425452542328006722e-05 3.805081014602556530e-05 7.165442373114145811e-05 4.553116947522546735e-05 2.369949828629170521e-05 3.289978175782218468e-05 8.346463009502794110e-06 1.757448993853220368e-06 2.922674230453683443e-06 2.857322167618426581e-07 7.894543948707783342e-09 6.585576274250846891e-09 1.649191379456433475e-09 1.480859803580541579e-10 1.999086183258752353e-11 7.486254306675007454e-12 8.564297803169962005e-14 1.323633462445116917e-14 2.880773300159861447e-16 1.078855750887504541e-17 2.171371314150618048e-17 1.405080920639439892e-17 8.812840438154914466e-20 4.253685609808784268e-21 2.892009812662997662e-20 6.322467348822297993e-22 2.023146264555654782e-22 1.670398037311465688e-24 2.237359972881585184e-24 3.775377775254602872e-25 3.283601460203374502e-23 4.881010638457501415e-27 1.180945990084059820e-25 3.592324282223875109e-28 1.572975879291655211e-28 3.163987935871797192e-26 3.382754638878613046e-30 7.018406194212300256e-31
1.040723326460768740e-215 2.558454003939343518e-200 1.384370325741685911e-173 4.418664858226257455e-156 7.782587161371168341e-145 2.217563581099583180e-131 1.002033629445677157e-115 4.631920422759383447e-104 3.751653157979315330e-93 2.801864394515105333e-84 3.533440680526797066e-76 4.731249045680313837e-67 3.219936879088314568e-58 5.274590712398046775e-52 1.688505150898762084e-45 1.019571815348399847e-40 1.957206835504693635e-35 3.520739346500447008e-29 2.900309494751102670e-26 6.295996914560971036e-23 5.554607781097353870e-20 8.574482519639660604e-17 6.892370589294529885e-15 2.239710560041130784e-12 1.591512032182972199e-10 5.876128516189518970e-09 4.942999977081967180e-08 2.609068436078482149e-07 1.130333262409647962e-06 3.770124985897428884e-06 1.383952589781528323e-05 2.816036211210803098e-05 3.579822229304947860e-05 6.007066221092625062e-05 6.815739592254909090e-05 6.214449024932872914e-05 4.236767652478863264e-05 1.983181064791711708e-05 8.514520330754364385e-06 3.980924414343355941e-06 2.049022446144722877e-06 4.918287202174462680e-07 7.030362076310414840e-08 1.130577897114046697e-08 5.234866993851873404e-09 7.909450316277572677e-10 5.731646415564569982e-11 1.342012317397372714e-11 4.077475407558933028e-13 1.563359915139990864e-14 3.342594718795110110e-15 1.364774149284547020e-16 1.532102585011984846e-17 3.916125723279113716e-16 4.351979259916832793e-19 2.510785248827915338e-20 3.884339026746271201e-20 8.438544743298985579e-21 8.082519421861349650e-23 3.130383872279074510e-23 9.935804129199807586e-23 1.566082727662404027e-24 1.517638750676586699e-25 3.409265003515224626e-26 7.675982557556530942e-28 6.979757778179447320e-28 1.828217384670904554e-27 2.293935538483013879e-29 1.228453022917134029e-29 3.799656307710016661e-28
4.731746105991582566e-210 2.905449256280602223e-187 6.923912694400546568e-179 3.869803845672325800e-158 3.236619310321573612e-146 6.248983458274076756e-132 1.448569975071227948e-114 7.272776055370978041e-105 6.027334041750462069e-96 7.351936484368938796e-85 8.438316320875464302e-75 6.197032476875205976e-67 2.695768889758860477e-59 3.130600989486125340e-52 6.946191610676208759e-46 1.533610253316580855e-38 8.747174361086008000e-35 2.041872542103626890e-29 3.674887476536022313e-26 1.324263219450404625e-22 1.498425260450715118e-18 6.899211832804886615e-17 1.261769500398081855e-14 5.338250547494929673e-12 1.925255939039761788e-10 3.014323793362356549e-09 3.741147341156867539e-08 3.260650760631179169e-07 2.379974327534824460e-06 4.430341708650502517e-06 1.466008162116528469e-05 3.023362474395311045e-05 5.735891018094621871e-05 5.935050745479433700e-05 8.599672631499373889e-05 7.233589048407115623e-05 6.254948536466761993e-05 3.079165429514345287e-05 1.781305472423381185e-05 8.690668646185643838e-06 3.613454902705082820e-06 8.437257146889158931e-07 1.380252037676647842e-07 3.410395951897290689e-08 4.997197923082672920e-09 4.451458482548601269e-10 1.897780114436277531e-10 1.662782512669805827e-12 1.737476681340471351e-12 2.496957446823106695e-14 1.335388873739623321e-15 2.518787765566368269e-16 3.081301638825318464e-16 6.277344536947102016e-18 1.595818523581592022e-18 5.540660314739585674e-19 9.579594445859505587e-20 2.109467561031712192e-22 3.054321998293883122e-21 2.396677288471842413e-22 1.169770077023973210e-23 7.660252547124255521e-25 2.375043713479248854e-24 7.742474217176754275e-26 2.374856623758325895e-26 2.260757027150229583e-27 1.617846730566971482e-27 5.363030893004411776e-27 7.389883475470354406e-29 3.668512208565767432e-28
9.870734570780190796e-210 7.067741800464446576e-191 2.444494063943144454e-172 3.547442211048247550e-155 7.296069751028848592e-142 1.113726833661469360e-123 3.060414074496321920e-113 2.423546380905909541e-103 5.167961720674988511e-92 1.759502456693054909e-83 9.378681015307958259e-75 5.903717115132913488e-64 1.128535393461211867e-58 3.159187598290244460e-50 1.048231485077399561e-44 3.392709949084098643e-39 2.153396362092241611e-33 4.266707404926100345e-29 5.107008535624893977e-26 1.287428311633312168e-22 1.979986832940278140e-19 4.870262301436750626e-17 3.157978705193327886e-14 3.023842255682755298e-12 8.310028682934513705e-11 1.193977061904564770e-08 5.418252401603183560e-08 4.300384305511262493e-07 3.019338625103953255e-06 7.145718071636089611e-06 1.733370769629374988e-05 4.181603011225317298e-05 6.854740508324798441e-05 7.542318562364817912e-05 7.615818745692275833e-05 7.580289693314431023e-05 5.056297502204247578e-05 7.135758033394589848e-05 3.599881119787507041e-05 1.678796543658621585e-05 3.809723463233679250e-06 1.148481814892920733e-06 5.290257747495679788e-07 4.236773682663912804e-08 3.968167098978138154e-09 3.860971329997838046e-10 2.869037742392758346e-11 1.743490277016571935e-11 2.728761537426553648e-13 4.867675114351308966e-14 1.578493594890435702e-14 3.271170555925875554e-15 4.924218853955674140e-17 1.301155252968641536e-17 2.319382519638780666e-18 2.203614712357757101e-19 1.719413621555306707e-19 2.209104562356252483e-20 5.653481275274622139e-22 2.795468528102468610e-22 2.693801171430443411e-22 6.072189037679718636e-24 1.182663673611492062e-24 2.113737723832547580e-25 2.818512899343469546e-27 6.394432654403548854e-26 7.173174704634466516e-27 6.842138863246073073e-28 7.736630816994242250e-29 2.024564074832847855e-29
3.812651934820529110e-212 7.479145304979263717e-191 6.354062925513581430e-170 1.096966914851436082e-153 5.135903073824872112e-138 8.318899709147739662e-125 9.099188311499084046e-113 1.476425019143363779e-104 3.609872881448843501e-92 4.013941744656323524e-81 3.772596069816028613e-73 5.692930586236093010e-64 2.192001643759647026e-57 6.628586908550971839e-51 1.229071106632903026e-43 6.420782536731877066e-37 9.752029683135613155e-34 8.535903166781558765e-30 4.896438906808979084e-26 1.417374253872555889e-21 7.885343673844886382e-19 2.457885924853683591e-16 5.219088874063234199e-14 8.000290807895626042e-12 1.204142619446846569e-09 8.456535329965802202e-09 5.555899178509905804e-08 7.083242601780747811e-07 5.931330510658044013e-06 8.516945487135132330e-06 3.164236132456622750e-05 6.440490508031095215e-05 6.791489926981012079e-05 1.218390191681610331e-04 9.592578850743173921e-05 7.044937264547650418e-05 7.990565807818863706e-05 6.497244884904037417e-05 5.718390145865533987e-05 1.394291581623639561e-05 2.671979091595601871e-06 1.231681415721999899e-06 3.089449361792182725e-07 1.343728644105438112e-07 1.537806221640214164e-08 1.115471281554320544e-09 4.160297104439515159e-11 1.241784615305328989e-11 7.271914352433757967e-12 5.000632118088381203e-13 2.286214899309413605e-14 1.750734506558353825e-15 1.805652358714226819e-16 1.407984786377439215e-17 6.636719296638370894e-18 2.080448019610182200e-19 8.590081129362650365e-20 1.417904265310237944e-20 6.408269162365353896e-21 2.375112728787136660e-22 1.040279875321009758e-22 5.125363365261573460e-21 2.976727953852122276e-24 9.538265305624907052e-25 5.347806600259880258e-25 4.488661377923529441e-27 3.182485476850437308e-26 1.171028122935937478e-27 6.789709051992004346e-29 4.389362199756687379e-28
1.886452125189694142e-209 1.596389944434172423e-189 1.012891894576998278e-171 1.169323642757400457e-152 3.937775994432740189e-139 2.348349129481280030e-125 7.418298437433211911e-115 2.945283170221581969e-103 1.151735079780477289e-93 7.700691847051160119e-79 1.490355933795963530e-71 2.586274706657048774e-64 1.477363203511635478e-57 1.160196794026235317e-49 2.185637030566867769e-43 1.003739005759857824e-36 5.606111577607642542e-32 5.769947465529992795e-29 8.617487268543103159e-25 3.349551356404059917e-21 3.080590328371020419e-17 4.197012401031745949e-16 7.693028603967584669e-14 2.993775631590287296e-11 1.021322848286403569e-09 1.559082435198296687e-08 1.707996555874236620e-07 1.819512385687127567e-06 8.157147414947099354e-06 2.048675995634436134e-05 3.375349549420829262e-05 7.472511062143326495e-05 8.726068686966351065e-05 1.179324192693503257e-04 1.453123693138943064e-04 1.461958355748247231e-04 1.239474540193595271e-04 7.713323328478646204e-05 4.909379752405647833e-05 2.422692621422069495e-05 1.310123889398832860e-05 2.884657781504245643e-06 5.226375408948314368e-07 2.400159105108664165e-07 1.245862609100774688e-08 1.973421170150465845e-09 1.209094265508216133e-09 1.463870248580315921e-10 1.946352515352136683e-11 1.181121422357924473e-12 8.095319536633149598e-15 1.006951900655996353e-14 1.549907447939404291e-16 1.870303497799329426e-16 2.571989474978297354e-18 1.162260779386006713e-18 6.721115697341397392e-19 2.135664373123937955e-19 8.479466035155260566e-21 3.317746490300185573e-21 1.111706559768131708e-22 1.983871336347580291e-22 9.533805335497410372e-25 1.777826096587596362e-24 7.950260861266777459e-25 3.051523217593695472e-25 1.690478025452198310e-26 1.361040503083505273e-27 1.421068780883806411e-27 5.040534537337244892e-28
1.581436872598973829e-207 3.902191093608293498e-187 2.857586814428463809e-172 5.162467816338120914e-152 1.303224414550435596e-141 3.030325503352315256e-125 1.501155738382851109e-112 2.599636963823641780e-98 1.150082073005800683e-91 2.561316945507410460e-77 2.782723121188011228e-69 3.869303212191019384e-64 2.878785443780556823e-55 5.282611194866823675e-49 5.082674387771077377e-43 4.753274827488103154e-38 1.635355276224556707e-31 4.380490013343121406e-28 1.550123270392151822e-24 5.804554219209299950e-21 3.872378985958012636e-17 1.046386607542447115e-14 3.360018573524482292e-13 3.067656341426101164e-11 1.008085148137947873e-09 3.450688513127801572e-08 3.140216296891091420e-07 2.389259788704665311e-06 9.883984279228466788e-06 4.209545591219623608e-05 7.387020826531655510e-05 1.057525216564330294e-04 1.948373857653609850e-04 1.623176319169520991e-04 2.097951804191987117e-04 1.851018084192304451e-04 2.313612330729399318e-04 1.484764100569418586e-04 1.168317190662066093e-04 3.834760757992281943e-05 1.399214016911357077e-05 4.443408870663233448e-06 1.880788445448143923e-06 2.423287322889754340e-07 8.073561653170227365e-08 5.057587150200992923e-09 4.581053907404506961e-10 6.790190493894166364e-11 1.316435836161233960e-11 8.066901264304904674e-13 3.709762783699010705e-13 2.173018049739821833e-14 3.638988861923916377e-15 1.949165897493788092e-16 9.932781426348889635e-18 2.570102564447778371e-18 8.360866245563294935e-19 1.592073718543610231e-19 2.224860332693795175e-21 3.761231356699937550e-21 2.973655542598400746e-22 7.606562993282805506e-23 1.810185016689439594e-23 1.204577165804931083e-24 3.041015306989862974e-24 1.037278291923072605e-24 9.249823420824818772e-26 1.759075656446816112e-26 6.811112967069819163e-26 4.227156044291093253e-28
1.604758952924592452e-196 6.480238368884645440e-183 3.065291493289465448e-171 1.422988952260085018e-154 7.171355105410361557e-141 4.604385245979830863e-118 5.006831889902442706e-113 5.942888209443043613e-99 2.285950224943810327e-87 4.772342307477655570e-77 6.015384872942533559e-71 5.645124278707213785e-61 5.538564024199960340e-55 1.340805163004457289e-48 2.271064868821993834e-42 7.411939960451425007e-37 3.008163161808856155e-31 3.327244797741485361e-27 2.054179364332000714e-24 1.772523773145205804e-20 2.299050870392785403e-17 2.238550813311733444e-14 4.883450593401949517e-12 6.547028700714314282e-11 3.068229829676704036e-09 1.011272138752122722e-07 4.904621858284222016e-07 3.703873609361031807e-06 1.441062619356444515e-05 5.059469734629936153e-05 1.044587965616311037e-04 1.775295243471403605e-04 2.570681358881212299e-04 3.452750030735565767e-04 3.672668422923707691e-04 3.846745310427213496e-04 3.149690900036440362e-04 2.541836518193828676e-04 1.226849723563811694e-04 1.427480240022376121e-04 5.084521471348430903e-05 1.574607661813225699e-05 1.270048113765544539e-05 1.148363163318536249e-06 2.777422183032519794e-07 2.577172742394853629e-08 4.884631408267298350e-09 1.997399346095402950e-10 6.238866183063922253e-11 4.215799768508695196e-11 5.597304753533961051e-13 1.065818798955578717e-13 1.843638143405783242e-14 7.107829605072668923e-16 3.169059515897379821e-16 4.750897979989687042e-17 9.146458057276599097e-18 1.022464832952538893e-18 1.728730094430876795e-19 2.897708618093941447e-20 9.955161301790966174e-21 1.196947546034650265e-21 1.070235512232251329e-21 9.840165909061804065e-23 1.142142388848096605e-21 8.864771708423486052e-23 3.220742593332083699e-23 2.147476225709892265e-24 1.686577304658023591e-23 1.905734618241014078e-26
1.248044653382201215e-203 1.057116890295477932e-185 8.746476759187619841e-167 4.704220885931144335e-151 1.579529827729529398e-133 3.149889022676430965e-123 4.724487490620055844e-113 3.153069535712697029e-99 5.900492774705476478e-87 5.917710845434909275e-76 1.556160090694507517e-69 9.277052596974612773e-61 8.128226115777818065e-55 1.898897041276845274e-46 1.015897942714220299e-40 5.668446621080198387e-36 1.247021519057950830e-30 1.974122236049160614e-27 9.883444647690645458e-23 2.028882266371255734e-19 2.043666497216515561e-17 4.496995182931357174e-14 4.375314536220847232e-12 2.060858247954265470e-10 3.751410887742770115e-09 1.378792965294977936e-07 1.263436748253231033e-06 8.681481322031312715e-06 4.598579620882629508e-05 1.428520594180658523e-04 2.602336328025259423e-04 4.713145338031996348e-04 6.114282262197678680e-04 8.794723850615400115e-04 8.805158690178866310e-04 8.383988978826475372e-04 6.851670655954090767e-04 6.864900530272230158e-04 7.344375464880916523e-04 3.971765810427374771e-04 2.626178253979712541e-04 1.043219488852371955e-04 4.064030466472892808e-05 1.851587865934080013e-05 2.518814226950463364e-06 3.729988143046573734e-07 7.621810605814673595e-08 7.363086208686416019e-09 5.249539340571445739e-10 4.547848605533463414e-10 7.569741509924203273e-12 9.212333677548469440e-12 2.150590404286143232e-12 1.599149639761196528e-14 4.930124257900907152e-15 1.737052629432082088e-15 5.289425558688613661e-16 1.362739287712097593e-16 9.707271156379408072e-18 3.063310391452364638e-18 1.838726491594852312e-17 1.048453879774630106e-19 1.271233167978763634e-19 7.189160965009550710e-20 5.308143591503526706e-21 5.139924655463460618e-22 2.508004084452104686e-21 2.153472354098010471e-22 2.323098612296244859e-22 9.349879769849485798e-23
1.975862667974385155e-200 1.168813806466842886e-183 1.907821082802273179e-167 3.181728674398841010e-149 1.976007623509950839e-129 6.526097842238216783e-123 2.104096169606075264e-110 1.447964079515102297e-94 2.183127021088211792e-84 8.281406941945845293e-78 1.965334359251580717e-66 3.548985319290647588e-60 3.909603598434492709e-53 2.141445770870227179e-47 3.760348512504864407e-41 1.119596013233431759e-36 6.131957613618564487e-31 8.999288831602695058e-25 9.853086353238583611e-23 4.167962527267511827e-19 3.543300041942410335e-16 1.434698299685252692e-13 7.917427024833294449e-12 1.168691814365213061e-09 3.309146174429918613e-08 4.485140638956820783e-07 5.782509932234214073e-06 3.159479299247271497e-05 2.416684353996697188e-04 4.552679528862125656e-04 9.054237896400579117e-04 1.100439273483447842e-03 1.285683038309191678e-03 1.415750941485880701e-03 1.622691919015356327e-03 1.520727682714611770e-03 1.694529319246214274e-03 1.572259999957862286e-03 1.261095881245746135e-03 1.024006663103959594e-03 1.017768122055692434e-03 7.297486615375069641e-04 3.689603840369930069e-04 1.069540166552858672e-04 5.542738656807818978e-05 1.334074878224141556e-05 1.326106790583765323e-06 1.648126376429992158e-07 3.653845152125008069e-08 4.534585468379484148e-09 4.273871763275767916e-10 3.139295607899408120e-10 5.814080687677589250e-11 7.078635118326057442e-12 5.259352618610001194e-13 2.131724879691362988e-13 6.526437508227798317e-14 2.004893695258643913e-14 3.003666675459709148e-16 2.358001363777377623e-16 4.993800810118530753e-16 9.724110667562131162e-17 3.211030147057204017e-18 1.856036022529612203e-18 7.951925213804021815e-19 3.002577871235289240e-19 4.725342059610831483e-20 1.516097185812247999e-20 2.163965245560749817e-20 1.688011974694477720e-21
3.125196972909099843e-204 3.471651574262496996e-179 1.042005379537064276e-166 2.609144283198835230e-146 1.851407530568606594e-135 1.918038973649208573e-118 2.858112806473093681e-108 9.737254508407199411e-97 3.274927733439584277e-86 1.712244741127233635e-76 2.838353335806460883e-64 7.913606151811370878e-59 9.367843447149937568e-52 3.157953366254035359e-44 2.678917714109787099e-38 2.132255314275671245e-35 1.303871895085010621e-29 2.219957065120883667e-25 1.021102122263407104e-21 2.359425156411664519e-19 6.091497636516314030e-16 5.818066501266521425e-13 2.406262373030693599e-11 5.809337863602961451e-09 2.008151419797654160e-07 5.435947981669215535e-06 7.169513177671953835e-05 3.083130251365885578e-04 8.527611253612401090e-04 1.399253806930886735e-03 1.543255064958098683e-03 2.164802030477668959e-03 2.108507646724598703e-03 2.142336883845772939e-03 2.321953631873529492e-03 2.444460760517994796e-03 2.519300780632023791e-03 2.312453490440219157e-03 2.265732046179813348e-03 1.961072944660505971e-03 1.665892382703495827e-03 1.733216028944845315e-03 1.553902291458811530e-03 9.361715093799258995e-04 6.580081231005091352e-04 3.262736827550951615e-04 6.635789972667363221e-05 3.198578398009649181e-05 5.096000846575366502e-06 1.312904094283913994e-06 9.320822600514398723e-08 3.966765584272140475e-08 3.008459843419847425e-09 1.091137485365705345e-10 5.702665571637424138e-11 1.877137901479258859e-11 1.511062668996745544e-12 1.997259528102683838e-12 2.675153389942633453e-13 3.529316796878373694e-14 1.630167503924138281e-14 1.735736999604352637e-14 7.309637917017371911e-15 1.474196713135023536e-15 2.281408634666761072e-16 9.579111736813336566e-17 5.175309927878637941e-16 1.839380042662256722e-17 1.177658232009301776e-17 6.478683388547006710e-19
9.793206800675351657e-201 1.034909653900588152e-181 4.106626986434474932e-164 1.093123552425857894e-147 4.656914917304667824e-131 1.772367775049184602e-120 3.432126716589917371e-104 4.534079951219954608e-96 4.616319338715127983e-84 1.489907270105674142e-74 5.852403221043981711e-66 6.572813077116573118e-58 1.325190477974900423e-51 4.378411975526720603e-44 1.240161894404076460e-39 1.323637999147047148e-34 4.879091889587789412e-29 1.348301780362563197e-24 2.280491244703823157e-21 8.060793933349241623e-18 4.035783193194078571e-15 2.035933327476739273e-11 1.045408670832477962e-09 5.892830701451969179e-08 9.289609359054233539e-06 5.937145673905412765e-05 4.728336630835202519e-04 1.424033242851784802e-03 1.866663369246057301e-03 2.367175618357836298e-03 2.332017511926432266e-03 2.820093145592967015e-03 2.840023045112327182e-03 2.873305688191107876e-03 2.964535434231536058e-03 3.038572271448880969e-03 3.062733283184888508e-03 2.846278188920352281e-03 2.802253804593083774e-03 2.734279512527604174e-03 2.681495925999421992e-03 2.235633452017454174e-03 2.128663919120899872e-03 1.659315719254620888e-03 1.412132680247470953e-03 1.510373334711084554e-03 9.078331253077104226e-04 5.675860464959957708e-04 3.413310726280715276e-04 1.012281352707547895e-04 4.730099862389109701e-05 3.518377872035602747e-06 8.385406374920918618e-07 7.258569568292676341e-07 8.168663393477963233e-08 2.148745458726674736e-08 1.734605065867353785e-09 7.795922163606245674e-10 1.340390745649939093e-10 5.450167059038818783e-11 1.563151994427893009e-10 3.515520056304307740e-12 1.252950152481457942e-12 2.974530953479208688e-13 8.554937281418439895e-14 9.570894002019356903e-14 2.495851881014492620e-13 3.279035839832484766e-14 8.264104627984962060e-14 5.360385802654070732e-15
1.935435381163608816e-197 1.746099458259476937e-180 4.110543988230643045e-164 9.269872528660316340e-148 2.022367536428334343e-131 1.070187733176808796e-118 3.750687902599117871e-106 3.554558339994156276e-93 1.737717516015600991e-83 1.228871362753396294e-73 1.787688281393708976e-65 4.341912971272122924e-58 1.084519220617720736e-50 4.847344898191522815e-44 5.120705480710287599e-38 1.303456368123748386e-32 1.025046731130236847e-28 1.125236241737791269e-23 9.515536891457970876e-20 7.662917041149758285e-16 1.768430501374381443e-12 2.785376096274900213e-10 2.358990564221910837e-07 1.435135335405141948e-05 2.061643629746204396e-04 8.077999203895046233e-04 1.794342316277287549e-03 2.470487872721097156e-03 2.650817627754749415e-03 3.011944753573480432e-03 3.228543697145431178e-03 3.327017127524870260e-03 3.547206674615174717e-03 3.614289079239686557e-03 3.625831016528819478e-03 3.605645695223101948e-03 3.419356260945000114e-03 3.511578735292742066e-03 3.390798000137931322e-03 3.198771674424804191e-03 3.022337320293573722e-03 2.951214970432281589e-03 2.636431394495425753e-03 2.635980149803879378e-03 2.356985818415500110e-03 1.957554911105991238e-03 1.849375516110507304e-03 1.586922482570611017e-03 1.120131256481364480e-03 1.097252527560046813e-03 5.680287271908884958e-04 4.790111294093344295e-04 2.604900655664234331e-04 1.676362415574776394e-04 5.020416506291125843e-05 9.928788707213065558e-06 4.724537473952044834e-06 1.545195025638401213e-06 3.640141123772709387e-07 4.164581026285850382e-08 1.950220348604723841e-08 1.861245453129510044e-08 2.857843298065644698e-09 3.030246731548036015e-10 4.516710763533984703e-09 1.191342710771229928e-09 1.006873647067941876e-10 1.906822079467362143e-11 1.079469008036727729e-11 1.436369876337617488e-11
6.335136024788625131e-198 9.576739987763689982e-176 6.728360445618320131e-162 2.301663921792790687e-147 1.922367014624616030e-125 2.432324098318753978e-113 2.393857776169712262e-104 3.552860526415566380e-94 4.710225847887399174e-82 2.747501104751296897e-71 3.486762358474851428e-64 3.628110919746179975e-56 8.710919194775446387e-49 2.544016076837177535e-43 1.102151402282345589e-36 6.708913192689669937e-32 1.170350664514097594e-25 3.927085432406217347e-21 5.948157016836571575e-17 5.834546922453697610e-14 1.845889140817291789e-10 1.152136388741898019e-07 1.358475159800367179e-05 5.079041104751969102e-04 1.416291391782936249e-03 2.326177068213051979e-03 2.728593792802617036e-03 3.106000714902095675e-03 3.384143358272767403e-03 3.504866080654233003e-03 3.714706814940523395e-03 3.897762910606350235e-03 4.070431141700953277e-03 3.945186570284009951e-03 4.143229658655732395e-03 4.103444784184866710e-03 4.156592675263559231e-03 3.960136257633670859e-03 3.834169053529153017e-03 3.789035875716531467e-03 3.757874664585775758e-03 3.429091127549343480e-03 3.239816487535168016e-03 2.921920414742785847e-03 3.074453635390917827e-03 2.821391643481101219e-03 2.477934234971682515e-03 2.563321367661755123e-03 2.260007438724796584e-03 2.074767670651844319e-03 1.715385512701436254e-03 1.648016660202939387e-03 1.467199067755420392e-03 1.262008205809657954e-03 7.066975642745828429e-04 7.447808174624785758e-04 5.928015134756160895e-04 3.456325395850503744e-04 2.041832470169255569e-04 1.609799030667044832e-04 1.291538409045704108e-04 3.338338939994923147e-05 2.463561100903669822e-05 7.646238330107479666e-06 2.171231213184280594e-06 1.899636982992910543e-06 3.278372270928296252e-07 5.943608383573338245e-08 2.865271596909926202e-07 1.005667999048210441e-07
6.320828977523097614e-198 1.107691615039725047e-174 5.201704071080978555e-155 2.619955648275071332e-143 7.645893123630893965e-128 3.975389840127183875e-114 2.648915287336892167e-101 2.582491783619559633e-91 1.867972607316756336e-79 2.985980577736157587e-71 2.069085528998094976e-62 1.417038890814263832e-54 4.462646842257344943e-47 3.595548897706039809e-41 4.798359551647838025e-34 1.007879469069332211e-27 2.018131303990527378e-22 5.729087566849059323e-19 1.452979992190602044e-15 2.098530169553762760e-10 2.991904062113064619e-07 3.801394696556896513e-05 7.762123539534524592e-04 1.889186608976285361e-03 2.768816478830780047e-03 3.054309113559901777e-03 3.621632229829478428e-03 3.830532865038187556e-03 4.113542625752625477e-03 4.246121651156388628e-03 4.356857983454458932e-03 4.450093700316724334e-03 4.577257069257757889e-03 4.696973929734871676e-03 4.647160066796059141e-03 4.643286156441117814e-03 4.778354565434282143e-03 4.772587048180289629e-03 4.706972321085662637e-03 4.513028996749796941e-03 4.401879641204687471e-03 4.011072469720131789e-03 3.963163540812687617e-03 3.596894999899809004e-03 3.445161583906407136e-03 3.194376955206475188e-03 3.239984508907059729e-03 2.846969371048660956e-03 2.640176678319984104e-03 2.561908382946636101e-03 2.409355803323430523e-03 2.243005980490618556e-03 2.393644266277051517e-03 2.125925547365052019e-03 1.720975142672870719e-03 1.669471446800180467e-03 1.547460951274543797e-03 1.686621120796726481e-03 1.382775954808203788e-03 1.324984008244684203e-03 1.142005808988028450e-03 1.069200002577450157e-03 8.272522410113824012e-04 7.603801718194170460e-04 6.121920723250032009e-04 5.836417613088838588e-04 5.194225106537367050e-04 3.875260961039894746e-04 2.800723739903967818e-04 2.080726135054017367e-04
8.434272312655651372e-199 4.273160122053611079e-168 2.534538865519384922e-159 3.962192839763878652e-142 7.170502093232263868e-130 4.547265289061460721e-116 6.214492390358988884e-102 5.189631029838587629e-88 6.236123536384557166e-79 3.741369414029446536e-70 5.681473494255873701e-59 6.701431050335950911e-50 2.143638151266400713e-42 9.613508112103440507e-36 1.335345592458340850e-28 8.145236604017497794e-25 1.979464835595872197e-20 2.088636067916078958e-14 5.436416282094027679e-11 2.279286829127492178e-07 1.161883328570433802e-04 1.299891007994593770e-03 2.228103839378053549e-03 3.021283345644922447e-03 3.551456871745818904e-03 3.906530101305463222e-03 3.998709740604552976e-03 4.201651824979841209e-03 4.399603322790787349e-03 4.722325245184825007e-03 4.902107637225669098e-03 4.985470284701821672e-03 5.062905210655510753e-03 5.254252539394909868e-03 5.454803697820907217e-03 5.390165392482148925e-03 5.603937562829152015e-03 5.507763108053064481e-03 5.403973228508518814e-03 5.517225111857929770e-03 5.292158369336489275e-03 5.253970828723538745e-03 4.977794442166228774e-03 4.784655114460338414e-03 4.394290827267570768e-03 3.971706402374427375e-03 4.026883982934786714e-03 3.647645574478407260e-03 3.422798301591968746e-03 3.278341502603091678e-03 2.999030799051691752e-03 2.976443857368301846e-03 2.691303367543626535e-03 2.632735504047704379e-03 2.639447394481810125e-03 2.615372420043224518e-03 2.220122961975588317e-03 2.291661057801832289e-03 2.120477758582229970e-03 2.218715897438159387e-03 2.217534455038303650e-03 1.930404870131671724e-03 1.772227479653033138e-03 1.591010207039487241e-03 1.735354958589678054e-03 1.438309764286882725e-03 1.391689209529383851e-03 1.519748704671736780e-03 1.467972856504481385e-03 1.222373469222790303e-03
1.956621498755584509e-188 4.309272099706599564e-174 6.036848910685849739e-155 2.540959510120319847e-140 3.862566778214498441e-119 4.843928548394864126e-108 5.605576178591172767e-98 4.776364558905296839e-86 2.162366734321139900e-75 2.597609193988729825e-61 1.728179100675689681e-53 1.111887639929461327e-47 6.283549176211998814e-40 1.538614268278060128e-32 1.710437563434286554e-26 6.213832101917502386e-20 3.888065071401060541e-15 1.941664128661532497e-11 5.349958255124562654e-07 3.563584348122425050e-04 1.537645001629831063e-03 3.065366189379635595e-03 3.514626867033620542e-03 3.894243024087267694e-03 4.204689244079616930e-03 4.425196954998872681e-03 4.494151671253082680e-03 4.957375620047863723e-03 5.151150404328382580e-03 5.317423394619126380e-03 5.501827475561525856e-03 5.636561476666303652e-03 5.878052268193608744e-03 5.994060516266752278e-03 6.082740006960121390e-03 6.202023534803511456e-03 6.357476781810965719e-03 6.482764558589270559e-03 6.563827110522846460e-03 6.811750265433642176e-03 6.407496360587166401e-03 6.428814539531373280e-03 6.237844726473979265e-03 6.129300581710105285e-03 5.515832196272884257e-03 5.134279773768095877e-03 4.786421090355753166e-03 4.936315150877100891e-03 4.383627494040562983e-03 4.248597100938167337e-03 4.028172704755943710e-03 3.630986704301582876e-03 3.678054453768314202e-03 3.491982966692807645e-03 3.060709285214301394e-03 3.004867396427719252e-03 3.052169793320304390e-03 3.067529609439301370e-03 2.771149155691805029e-03 2.775375105811093458e-03 2.620368194245456181e-03 2.639312659883783461e-03 2.485232330882092538e-03 2.482230304114518490e-03 2.385323930644946914e-03 2.305180277972962346e-03 2.218882044394890687e-03 2.220939983601117555e-03 1.945221168804151446e-03 2.106565685178638566e-03
3.525634635641473513e-187 1.116836365356057760e-173 2.560110906508429679e-158 6.007673083733299662e-136 1.756357802450301219e-118 3.270223121780756773e-104 5.012768502569136372e-93 9.531757645317145982e-81 1.377330842363964712e-68 5.392351891967233898e-60 2.688155004808491466e-50 6.264252164764976394e-43 5.676393350144369351e-36 6.586958662872860259e-27 9.412738976222481509e-22 9.001640970482807620e-16 1.186875802225747912e-10 6.466165828777244366e-06 6.363932766742969342e-04 2.459368084069138774e-03 3.486341035319588839e-03 3.838813416634390997e-03 4.235665332807627380e-03 4.515089039309476589e-03 4.801488365444475485e-03 5.119727333329917619e-03 5.417230893565373046e-03 5.554013163459410075e-03 5.795917772791620882e-03 5.994447212279045874e-03 6.139418171157339822e-03 6.292437442165664009e-03 6.521477342368688437e-03 6.721000928380079821e-03 6.870056741573749709e-03 6.944590624310490075e-03 7.050244547445671042e-03 7.505202800283835608e-03 7.385945848900015917e-03 7.896320075977051114e-03 8.022883776988004936e-03 8.020002495723904667e-03 8.221290506074103652e-03 7.546808965495374957e-03 7.781700571305390918e-03 7.260417522414672198e-03 6.675915289120715364e-03 6.044101633688594294e-03 6.259883128947701415e-03 6.052088215122286910e-03 5.573885434540357467e-03 5.570461442713187800e-03 4.637667861496391417e-03 4.228815011347749481e-03 4.482199465615720538e-03 4.486711667633733018e-03 4.237817661254581099e-03 3.770592326591684380e-03 3.813947914195734562e-03 3.736649083224105865e-03 3.707480138654396101e-03 3.672097557338558152e-03 3.319210720954596325e-03 3.333969243305458675e-03 3.253746132510699964e-03 3.234532490609866133e-03 3.023566455016493768e-03 3.132762642229751024e-03 3.475150894618610296e-03 2.915614556434528194e-03
6.470182109011105630e-188 2.557562926918942782e-161 1.271906965644216055e-148 1.458615544915274749e-130 3.056856253199476656e-112 2.042364616336456393e-99 2.189676264899183261e-84 7.488294512929111457e-76 7.171722500199171436e-63 3.639523724137108318e-55 4.161418313335568328e-43 3.628669007119218328e-37 3.087852415107415060e-29 9.887359268245048431e-23 7.883527593652750975e-16 2.469408832240687538e-10 5.672632823478254650e-05 1.495283768286187085e-03 2.714046405062418409e-03 3.702262588547750467e-03 4.217155064030287358e-03 4.545689142034194628e-03 4.763275112477096188e-03 5.131270296309380086e-03 5.334142572776307337e-03 5.724317140462052179e-03 5.996106865814618964e-03 6.359857726573252962e-03 6.495867751396293931e-03 6.768005656758534390e-03 6.985916756724725417e-03 7.062585663702589112e-03 7.365845887598063829e-03 7.570290282081230254e-03 7.488701252844962367e-03 7.850961327919783392e-03 8.088519846607949287e-03 8.377136039136140813e-03 8.742688195154535089e-03 8.978876894570548065e-03 9.373073337110581632e-03 9.709557107776349213e-03 9.815163148547644684e-03 1.005085495332290468e-02 1.003526388882903728e-02 9.979675156457833152e-03 9.484204171833057750e-03 9.490968039304811810e-03 8.946873712060389103e-03 8.890658210277303450e-03 8.424661101786697082e-03 8.474908275923899795e-03 7.508670073676327467e-03 6.873957551039368633e-03 7.276151216093728648e-03 6.659081441938654797e-03 6.660999018757243935e-03 5.994053479266181483e-03 6.736975227673618755e-03 6.103525193474938597e-03 5.968486909677852420e-03 5.209105443693559656e-03 6.040418541004048507e-03 5.264373721635416496e-03 4.907657608239946422e-03 5.243852204059882942e-03 4.477144475658873142e-03 4.434585642347379716e-03 4.328003551040458460e-03 4.595021167346740980e-03
7.846446783742399409e-178 1.390559696987017388e-157 6.193291768525868412e-140 4.803341568266805133e-119 2.917004804464933902e-109 2.110070846242706987e-93 2.512975844563317870e-81 5.801018801425719960e-69 1.525451611446362072e-58 5.087677298954116060e-48 3.069014510466475178e-39 7.425975904544839813e-30 1.548761782521527500e-22 7.716812637301808929e-15 2.300300959976815517e-09 1.273477836847407578e-04 2.526864688419702947e-03 3.267674933056805356e-03 4.213769748552025074e-03 4.681539111005984972e-03 5.100134912165109162e-03 5.302630073640110520e-03 5.661759144176973894e-03 6.089737272689740161e-03 6.205018274733234938e-03 6.586845762119652135e-03 6.888493740048671522e-03 7.166634255796548725e-03 7.223355017455490058e-03 7.562896778643674219e-03 7.642428423017464528e-03 7.769029003752719702e-03 8.092626931845871632e-03 8.242820933720154675e-03 8.506798147172011867e-03 8.809566949506969155e-03 8.926476472295576808e-03 9.218849289440517875e-03 9.693720457975325486e-03 1.034074366513796847e-02 1.068596472342069927e-02 1.107624820563732695e-02 1.136756802349346042e-02 1.180931944440785468e-02 1.246503717395497195e-02 1.280854474650567482e-02 1.345014558417613471e-02 1.342203265402669085e-02 1.388788387816852071e-02 1.338006106646017976e-02 1.306919853375066581e-02 1.295896973305670115e-02 1.242614029732315266e-02 1.242229751306364420e-02 1.248586810343560623e-02 1.194418354674145651e-02 1.248693683119961144e-02 1.178522583210047867e-02 1.121334025285499261e-02 1.051134888079518180e-02 1.156370763303976763e-02 1.067751252001793508e-02 1.106645655521021343e-02 1.003301448962104839e-02 9.715543759862501141e-03 8.983847733376279510e-03 9.600091934180659745e-03 9.174955535343882335e-03 9.041884798969383741e-03 8.246534141776304047e-03
1.343655009202632236e-171 3.742099482156966308e-147 1.267811185788233772e-132 6.680134371424852456e-116 4.912672903567460082e-98 1.247143591119375609e-89 1.129975308184533077e-72 1.102058931610495767e-59 1.258599146072721157e-51 6.311518535247620484e-43 5.445910318019583842e-31 1.764383729455410567e-22 2.810460718776751837e-15 5.927646423608470199e-08 7.877962535487472145e-04 3.397537511843152450e-03 4.363536733126799176e-03 4.737813994478466163e-03 5.163648212561197659e-03 5.490699763810062001e-03 5.879938369295512057e-03 6.048883758501637925e-03 6.420612195038612018e-03 6.827954428484279970e-03 7.115520957509130322e-03 7.469530187672789034e-03 7.852873349620573609e-03 8.091140823024731837e-03 8.297175476596533455e-03 8.625449610789285779e-03 8.618077441325300986e-03 8.740027766345323176e-03 8.896071702302912193e-03 8.957566731248711028e-03 9.342758694658980997e-03 9.654183748494551270e-03 1.024453135683685290e-02 1.067174373660141617e-02 1.087840388189218431e-02 1.113184623338376797e-02 1.192708053250620195e-02 1.215439578752079697e-02 1.298576960415962628e-02 1.384321768650300342e-02 1.418167176041953276e-02 1.530804432020380253e-02 1.613984958993882474e-02 1.712553447856642735e-02 1.814672324085474589e-02 1.807197335617373446e-02 1.891284522115943556e-02 1.909539137080815477e-02 1.869396388700620207e-02 1.944851039502398099e-02 2.028099116782060285e-02 1.999303202807281923e-02 2.161690420886090008e-02 2.147058963605871090e-02 2.443629781295227413e-02 2.408907918964915337e-02 2.352599948280939199e-02 2.392050787185934918e-02 2.400474007094414650e-02 2.383937456315452300e-02 2.498464291890775679e-02 2.413880810808658600e-02 2.390395342788368543e-02 2.398266884419395298e-02 2.220922004802673363e-02 2.293133979452230409e-02
2.355443395113781625e-158 2.352691570559799122e-148 1.769324242580276776e-127 5.839398566884681164e-110 3.341716346149320470e-93 9.001287362275188357e-79 3.317650741200150498e-65 8.662993503272105580e-50 1.588865537145525245e-41 1.325014605632725405e-31 3.887286657368768262e-23 4.671942219512351293e-14 3.329256928962648784e-06 1.750242996428948193e-03 4.429812377950390588e-03 5.032191596276966265e-03 5.415325550656971756e-03 5.808432106038403410e-03 6.132261063638914413e-03 6.244126351780583846e-03 6.791743679026905275e-03 6.927843490872989327e-03 7.278757512277469859e-03 7.622612619509803664e-03 8.360110106192112853e-03 8.570495637998500407e-03 9.110889984348903223e-03 9.149848327574672605e-03 9.199049258017785030e-03 9.384343375528679185e-03 9.446424836797456120e-03 9.664168444165656402e-03 9.867298120636367256e-03 1.000431462652472993e-02 1.035804620780798359e-02 1.075215225817066807e-02 1.114090134633592862e-02 1.147282633732704844e-02 1.192708404178986596e-02 1.259159727117892431e-02 1.303768619666816585e-02 1.405015155522910258e-02 1.433786026918962980e-02 1.551271793526635967e-02 1.636551761475495484e-02 1.692202662486119377e-02 1.799654675672588203e-02 1.929644096225883662e-02 2.082727768060335660e-02 2.216325259601560627e-02 2.387046547978298808e-02 2.542486645441705689e-02 2.572925588825361251e-02 2.717501055435999832e-02 2.776356607022470099e-02 2.953380985315175178e-02 3.072304267386003276e-02 3.215949280280225309e-02 3.434927219197753817e-02 3.691707067436655887e-02 4.008370367728032735e-02 4.160905657827589088e-02 4.799427415069177499e-02 5.260634038963066250e-02 5.457118318848897670e-02 6.301456579117506451e-02 6.256040324266910757e-02 6.912135007311474844e-02 7.338406660702513629e-02 8.032844127338988061e-02
1.237995186163672773e-155 1.298734929074974298e-137 5.266198010645156576e-116 5.429859833106936339e-98 2.679674983129831366e-86 8.954543317668769288e-68 1.019044749186006139e-56 3.117331602680992864e-44 9.636086892743673285e-31 2.264193070865894168e-21 1.624613906078541185e-13 1.275551695914629781e-04 3.956528248809972580e-03 5.240841830996158593e-03 5.927400322367040383e-03 6.217006133773282997e-03 6.990522887384158224e-03 7.075561729430550860e-03 7.425757786904736528e-03 7.415144720152645232e-03 7.709675405904977200e-03 7.948231921066722938e-03 8.453841957457946393e-03 8.766999819869539592e-03 9.241461096518951979e-03 9.682478720966178690e-03 1.017923825023606815e-02 1.031371154151631414e-02 1.028122378466365776e-02 1.050820772427563457e-02 1.029665104030281012e-02 1.063947858261352422e-02 1.073706655871346262e-02 1.120728422364758795e-02 1.147353314932247903e-02 1.176230863001580772e-02 1.215405424056155946e-02 1.291187053617428790e-02 1.316209516322684042e-02 1.384475064291897962e-02 1.466594831010609862e-02 1.533164475403455719e-02 1.587352856350075087e-02 1.725948503860547448e-02 1.747221623861488007e-02 1.834315595762349427e-02 2.002477145737853459e-02 2.137154913657061950e-02 2.332491133187861859e-02 2.518227054101040280e-02 2.768669128493048831e-02 2.953898004604013292e-02 3.157367491727806896e-02 3.356706813898988756e-02 3.547317678310993316e-02 3.807566004526125036e-02 3.977631993842880437e-02 4.162059696399632303e-02 4.463085395596876753e-02 4.686643030399790383e-02 5.070772958429917154e-02 5.468944502852621931e-02 6.082905472303976047e-02 6.428899841910008794e-02 7.182391692047117304e-02 8.114500151895533142e-02 9.106240399515048989e-02 1.032014091262128813e-01 1.157487412529164122e-01 1.266438564967066194e-01
1.522706574839639517e-142 1.586059529519225401e-120 3.766462685490251591e-106 8.316998000743369860e-87 4.564943091415333948e-71 1.548700220313115473e-54 3.392525122262082049e-45 2.098324726087161697e-32 3.760563889525292245e-20 2.415561182307405703e-10 1.478253296510566002e-03 6.712196108950163262e-03 6.860823502400343818e-03 7.422305130042658634e-03 7.627514509369551915e-03 7.995515344547040118e-03 7.672111147088111344e-03 8.276682787621452916e-03 8.481791684838547660e-03 8.435717040597780908e-03 8.646349771210849744e-03 8.998225450321016908e-03 9.646833234143888797e-03 1.024117802798094230e-02 1.136845260862210001e-02 1.127364648889852584e-02 1.129915483080535035e-02 1.139928261352260441e-02 1.146477171064843627e-02 1.133011473710637818e-02 1.190022724514343440e-02 1.189905452911348312e-02 1.201899691829219977e-02 1.236178332109097965e-02 1.277162210865590529e-02 1.334876007969503994e-02 1.354770436301918485e-02 1.389012688166491039e-02 1.425284319232139954e-02 1.520609957150188297e-02 1.586958960955200254e-02 1.708591625379069640e-02 1.802424063724704026e-02 1.921608116322248011e-02 1.952981639064846689e-02 2.025431236242556873e-02 2.135631996256574100e-02 2.285444097311040146e-02 2.480662396014695140e-02 2.759588372751560492e-02 3.027255384024320900e-02 3.287099614780285284e-02 3.610782981721914059e-02 3.841959868039801496e-02 4.195326350902276596e-02 4.507353618605751400e-02 4.901029949095220273e-02 5.178695381855711460e-02 5.567974626778305486e-02 6.019923378863444724e-02 6.552221654585184407e-02 6.922332150086943359e-02 7.439548571112646058e-02 7.977949481802054654e-02 8.719426610349599593e-02 9.275308362359398207e-02 1.008843761822383195e-01 1.095700871008957189e-01 1.177874348429478885e-01 1.300358078194362443e-01
7.128109800428323925e-133 3.699864489962652649e-113 1.190939053997261774e-92 1.614078754559430086e-73 2.861667316263541976e-60 4.522951125886930362e-45 5.205419582456289311e-31 2.223736487050969390e-16 1.724874649145254228e-07 6.943130532276362357e-03 9.680833980562209354e-03 9.528031268270266418e-03 9.026577849789595501e-03 9.043599353448773109e-03 9.178425973336928889e-03 9.697434774273283944e-03 9.521898915517655604e-03 9.917284261697025330e-03 9.625790186219734465e-03 9.612213859542367497e-03 1.001191600959401053e-02 1.071346509654270800e-02 1.145563363637455701e-02 1.222534043197314076e-02 1.294974263571569556e-02 1.307740228617998782e-02 1.295563273609721955e-02 1.304388638560654429e-02 1.262964426379663274e-02 1.273680885458779513e-02 1.271361586525349141e-02 1.307140748446057772e-02 1.324868179390451504e-02 1.361302064378090183e-02 1.387210456833765267e-02 1.452143262003910071e-02 1.500219856218893213e-02 1.543371902498861734e-02 1.606935683923826561e-02 1.726314943242822017e-02 1.801806562653984409e-02 1.877872630278294361e-02 1.993465454658025285e-02 2.127549636138327538e-02 2.231787586888086747e-02 2.323562634355016629e-02 2.412430707548247552e-02 2.521646491522516742e-02 2.657803439907786835e-02 2.904472523918215018e-02 3.251280901028574810e-02 3.503320272572280764e-02 3.870163205516501115e-02 4.367948732786660487e-02 4.740694069492333573e-02 5.116697006259853658e-02 5.549040940398260874e-02 5.903923043527914416e-02 6.488100346352228265e-02 7.017659627500982822e-02 7.650762400334895630e-02 8.388810124671887414e-02 8.947542073483108482e-02 9.864263660881346374e-02 1.081184096297567315e-01 1.133804354372233564e-01 1.212728458576815549e-01 1.285147527475579143e-01 1.375563680557710389e-01 1.483148696196912864e-01
3.495001048244362951e-119 1.657828934549495845e-98 3.566274686257951698e-77 1.867958871772672720e-61 1.680092191098013273e-43 1.107634798755702643e-29 3.903282371996402696e-16 1.659866915226246103e-04 2.833541354607387042e-02 1.945952007685848584e-02 1.351882242774645436e-02 1.156789125747886143e-02 1.089572788921102341e-02 1.118821788980215413e-02 1.125791632972219548e-02 1.114666012912535371e-02 1.193521111440956281e-02 1.116599225804787258e-02 1.109320923428814241e-02 1.107642337009419678e-02 1.192262554456061975e-02 1.285149990221067656e-02 1.376567986115449956e-02 1.449960202870695207e-02 1.510956074671050524e-02 1.529809404506162623e-02 1.449002228785501931e-02 1.452904703760678380e-02 1.421194811091765556e-02 1.439169708716737418e-02 1.451314592268326126e-02 1.482801393142680821e-02 1.479780251104421442e-02 1.534074878562834664e-02 1.542818762372507278e-02 1.595886670916809094e-02 1.669676752254367277e-02 1.704138754488906601e-02 1.780420512783311565e-02 1.890979611080857367e-02 1.988137196127428077e-02 2.098400968920452817e-02 2.245182991363473685e-02 2.429750281652967928e-02 2.547695087601762817e-02 2.643127604307243458e-02 2.820290704025484041e-02 2.900379414765099501e-02 3.000442519550625478e-02 3.247308466774036922e-02 3.403196654043443709e-02 3.816494501938845485e-02 4.289694738852023459e-02 4.800744543658324454e-02 5.397945708204600346e-02 5.836980989932676056e-02 6.406815035203076991e-02 6.791616969809537163e-02 7.441407511429373733e-02 7.875928296133132001e-02 8.611118246824397970e-02 9.355052740210660633e-02 1.026368330506028381e-01 1.109585006059780471e-01 1.226764557877112194e-01 1.288983094762863602e-01 1.428737012932077832e-01 1.512385350589798005e-01 1.611539139465639481e-01 1.710585619139495528e-01
2.977604127379784880e-100 8.795984050113919162e-81 3.039904241794403510e-62 1.948586267940626406e-46 3.969794501045508209e-27 2.037143573527412911e-12 7.783548350754236622e-02 1.699874527615653219e-01 4.859734378888252992e-02 2.374560825501399394e-02 1.699393179860399228e-02 1.524231113957337513e-02 1.422101042231533989e-02 1.383119983112328019e-02 1.382220292068015756e-02 1.429315095727986575e-02 1.402409319530502005e-02 1.310190941074053546e-02 1.268713973790550412e-02 1.369619271578657871e-02 1.437622874745189509e-02 1.567212867985844429e-02 1.656144845737722235e-02 1.718759155597636770e-02 1.751911790955986217e-02 1.698187862121293065e-02 1.622051193662686283e-02 1.630558201555764794e-02 1.627308486274808494e-02 1.590388063639415137e-02 1.605992130789174119e-02 1.633580679268184857e-02 1.678881317954922930e-02 1.683803820134430890e-02 1.789308576488923830e-02 1.793403080487227658e-02 1.849528103805484977e-02 1.942661907328955065e-02 1.999863842983462536e-02 2.122604877001536133e-02 2.207129214084364507e-02 2.312763870351521381e-02 2.556751131847740527e-02 2.749798081087591675e-02 2.881887994553998522e-02 3.092606279342559675e-02 3.251243297984496988e-02 3.412684373428281209e-02 3.515713795694659638e-02 3.669021612178686303e-02 3.921009482931819140e-02 4.210810367614831184e-02 4.708300787579591806e-02 5.268008842471896824e-02 5.896210833528257866e-02 6.653296978241479698e-02 7.298174576416668891e-02 8.087402656251403699e-02 8.623950316712500341e-02 9.234622927279582949e-02 9.802755666371314180e-02 1.056980013907624222e-01 1.124221029976887193e-01 1.208064020061670463e-01 1.296788044758628577e-01 1.394852011586637242e-01 1.495986898478756100e-01 1.624117791775156194e-01 1.762627704178993393e-01 1.845418586192819621e-01
4.123462088741202171e-79 5.750430482354605105e-60 1.806027825120551430e-38 1.794517898727806670e-23 3.217208590540039528e-07 4.671590236098577820e-01 3.360294080861761512e-01 1.480286860287036155e-01 5.236613361462311850e-02 2.905788824169319370e-02 2.248573730779808086e-02 1.999684607679472551e-02 1.795993571873282652e-02 1.760937478284265584e-02 1.700137493246529560e-02 1.784068003025643737e-02 1.613211827842374671e-02 1.545130161416805384e-02 1.563889889514473441e-02 1.670519625931941171e-02 1.766400675590934846e-02 1.983701228095142641e-02 2.066398884997902585e-02 2.015725969880926768e-02 2.017528672120975919e-02 2.012490309953033837e-02 1.873665355683752642e-02 1.804922931890688351e-02 1.815535691760347681e-02 1.780523808020957957e-02 1.841143607949674230e-02 1.821201044840215985e-02 1.918022838672754291e-02 1.948947398169382714e-02 1.945680208444916515e-02 2.073676335762770356e-02 2.119848184495890658e-02 2.158590013254963261e-02 2.195935087835682725e-02 2.330928716481105861e-02 2.525317945086361093e-02 2.650611574554639568e-02 2.872678764601302795e-02 3.101367668135398062e-02 3.375884270112955443e-02 3.744328248465813441e-02 3.907553531157704346e-02 4.090706414585491835e-02 4.266258221230578157e-02 4.464836785692601062e-02 4.730292061121531971e-02 4.857383780358739966e-02 5.272930012821851892e-02 5.831025115990647045e-02 6.711183184454433404e-02 7.497238703096253953e-02 8.276046736112802060e-02 9.473214023671673589e-02 1.043761935698887811e-01 1.117637043993669477e-01 1.197764142294817369e-01 1.272801958830677704e-01 1.341491255382060432e-01 1.404335542859745933e-01 1.442892819399041460e-01 1.552934406968368986e-01 1.626625513266951872e-01 1.729061457637799115e-01 1.806559863533375165e-01 1.929779812115186843e-01
2.655577441187815646e-62 1.115346861832129299e-37 2.269473722548872176e-18 3.811401790251863365e-03 6.017864474538209274e-01 4.639014248218406578e-01 3.015931463213396557e-01 1.576107254761004162e-01 7.092262590859406413e-02 4.250772212950068574e-02 3.142431118101664256e-02 2.830851185958441554e-02 2.525724220878036719e-02 2.371000233256359557e-02 2.356210481569107756e-02 2.213841971567651404e-02 1.835430235680937314e-02 1.825000124118369982e-02 1.971086019783546694e-02 2.135041480315340301e-02 2.313993824044636993e-02 2.515615783674879716e-02 2.636198205027416239e-02 2.669735010523546434e-02 2.471310917229976173e-02 2.225786301421461486e-02 2.174497510644707657e-02 2.111145780901044558e-02 2.032280161662781276e-02 2.039029932138170312e-02 2.095235687819545917e-02 2.163315787959698214e-02 2.195170297067144949e-02 2.216758364008251589e-02 2.305248444228275365e-02 2.342575319685984148e-02 2.457700710950335571e-02 2.513913529575937875e-02 2.540710715184097204e-02 2.711848923656418747e-02 2.839604649856666829e-02 3.061636716738403916e-02 3.336142916136704273e-02 3.630944930922987840e-02 3.973085820234397575e-02 4.341221336819621468e-02 4.821333600570906069e-02 5.128622314099081508e-02 5.301741351503393845e-02 5.523933399603678934e-02 5.726093512587456663e-02 5.975144824842740926e-02 6.436482595756093383e-02 6.824589465557105716e-02 7.654712904504286375e-02 8.306130039040345026e-02 9.482078797117451940e-02 1.075024508717806609e-01 1.205487056343688412e-01 1.367028380143015531e-01 1.439983192133532375e-01 1.538909164308697175e-01 1.626336959008442273e-01 1.691347662936293350e-01 1.735983175045881788e-01 1.808705083857974627e-01 1.847450498207587888e-01 1.925219781083558068e-01 2.007538929633822800e-01 2.073701757199304940e-01
3.682642248967963649e-35 2.445438075352976736e-13 7.634330783271608967e-01 7.017758540359312347e-01 5.832209051141971079e-01 4.480459740819522363e-01 3.132950918943657181e-01 2.005003521552792267e-01 1.143690825794850541e-01 7.398929381201410638e-02 5.416096142245414163e-02 4.473088819910588099e-02 3.426097828991899602e-02 3.500935599553967742e-02 3.320589845825119846e-02 2.788969147512929819e-02 2.362907644732516535e-02 2.454863188177147312e-02 2.671380677198252618e-02 2.982100262737241714e-02 3.285850036563777582e-02 3.464954618123462088e-02 3.436260003602809032e-02 3.258716042850232086e-02 2.943234845522236381e-02 2.688778958574477088e-02 2.498578403387718624e-02 2.395280760317303886e-02 2.411848955248134183e-02 2.429739481597187681e-02 2.445237944792370832e-02 2.498175781874032580e-02 2.611111966937854079e-02 2.583020450724718767e-02 2.728027063308265457e-02 2.799308786796303461e-02 2.853074195122259210e-02 2.981045907973357834e-02 3.051564792986400862e-02 3.316329312156712783e-02 3.358295864944799147e-02 3.657548663977628484e-02 3.844534402543799134e-02 4.258299178981885674e-02 4.880578741028800821e-02 5.283508392676854876e-02 5.958389019106850870e-02 6.555617281841452648e-02 6.955986961860646800e-02 7.352081335296209441e-02 7.852491541714178014e-02 8.187763379796442198e-02 8.429116978559629547e-02 8.909102517673429811e-02 9.525206240904354749e-02 1.080464168539606584e-01 1.150205973226106071e-01 1.261332720411371400e-01 1.391787937962039312e-01 1.552669527243821235e-01 1.677978350139345542e-01 1.854231552700588981e-01 1.964674768663598747e-01 2.068857927489982373e-01 2.127365416386247654e-01 2.201678914129066023e-01 2.265596684818657058e-01 2.298751662571987264e-01 2.365659624828208851e-01 2.408043708146482831e-01
6.196778747335638625e-09 8.486675931188234490e-01 7.876225468299368204e-01 6.865359494311286115e-01 5.781325690219029090e-01 4.757867533299376395e-01 3.725762122995820991e-01 2.810800960570095097e-01 2.021719211108674585e-01 1.324279761867223904e-01 1.006462762361031299e-01 7.105089706281500495e-02 6.234304749925945188e-02 5.997902435468728533e-02 4.632416979909036170e-02 3.410420923321354908e-02 3.192480335182685397e-02 3.459294859533525168e-02 4.115267943746970386e-02 4.674360702124940453e-02 4.915338956562280426e-02 5.001994235461976190e-02 4.798767732258971824e-02 4.185723027000608221e-02 3.652638848813646866e-02 3.260008128043747483e-02 2.964455515114533188e-02 2.984969351943124807e-02 3.055866406228811838e-02 3.020121273005942769e-02 2.917590058418782772e-02 3.115374712437761831e-02 3.143212288141348371e-02 3.193696637763891039e-02 3.332518472250373121e-02 3.467532069613288304e-02 3.393358215595913135e-02 3.632887402114966940e-02 3.797085667770080941e-02 4.090729301957153619e-02 4.275375019454929343e-02 4.432113835575193783e-02 4.629111480357366720e-02 5.292177094425254413e-02 6.195871054384323451e-02 6.977073228350597067e-02 7.803281689217718420e-02 8.870439076362715558e-02 9.964821343853448588e-02 1.023324444510621128e-01 1.083707978630173152e-01 1.137565426550475739e-01 1.194958726554299772e-01 1.259411236424060332e-01 1.285154741929141475e-01 1.345511431169390815e-01 1.462216852325532723e-01 1.546218609951241496e-01 1.724578941558932432e-01 1.889117797787706332e-01 1.974410278308025291e-01 2.150969512093907077e-01 2.320012860306709668e-01 2.395377072973381705e-01 2.525687226170924005e-01 2.597677486027762939e-01 2.657725067083253068e-01 2.774049860497320164e-01 2.782653506503534602e-01 2.847549658530484362e-01
9.025517168632594123e-01 8.458197701281191527e-01 7.747227721312307525e-01 7.012286068891734336e-01 6.090395771677727943e-01 5.270232250887564307e-01 4.565341648506315853e-01 3.722448007514393420e-01 2.973638332254386341e-01 2.507046132225893564e-01 1.912294809148770147e-01 1.497639349062200864e-01 1.474918427022104961e-01 1.096116016595093390e-01 6.511807528561557035e-02 5.113516447397594561e-02 5.230754898785294760e-02 6.266829511214258575e-02 7.086607526227592380e-02 8.401392542205997349e-02 8.599211898560316092e-02 8.106732341317386681e-02 7.402693265081067286e-02 6.044144688748719768e-02 4.789622207306002549e-02 4.152181589033489967e-02 3.929242305412128378e-02 4.000570066554823973e-02 3.758048079293119931e-02 3.789956908460435231e-02 3.912588735944069057e-02 3.940599316095873966e-02 4.129180714112335587e-02 4.181171863136216860e-02 4.367116024335573887e-02 4.691818964102457273e-02 4.858138944116294905e-02 4.836360105150770694e-02 5.063048454799293913e-02 5.262958190525746788e-02 5.522419707242372938e-02 5.884772125053053943e-02 6.611893009853937742e-02 7.011528483236759146e-02 8.046977328357877990e-02 9.127324559086218148e-02 1.092029532617689314e-01 1.243338174670581414e-01 1.401598423061840848e-01 1.519589492430075683e-01 1.611654496357643740e-01 1.680384150016798750e-01 1.717604703346712058e-01 1.795694253800603490e-01 1.831858184513168453e-01 1.903916345117265541e-01 1.937992547925601605e-01 2.051215185537511310e-01 2.162895762279207212e-01 2.241353460698172484e-01 2.380297824006159524e-01 2.531616954430241928e-01 2.685410987336603883e-01 2.836249595372106191e-01 2.957791243503213874e-01 3.011465634199703700e-01 3.134583477681048835e-01 3.279916735282473739e-01 3.294690539236989624e-01 3.384392322427010047e-01
9.068558150208343438e-01 8.616075001666699817e-01 7.997665416142444306e-01 7.384931767601427000e-01 6.744723967378004614e-01 6.087099265106957757e-01 5.429614433276162000e-01 4.924516239723936706e-01 4.359272502682051686e-01 3.795283231358341225e-01 3.115682607010561989e-01 2.961443466203487751e-01 2.670723638598563876e-01 1.937996382277081819e-01 1.213852565408645584e-01 1.100369363469039935e-01 1.231401582924927796e-01 1.515423284092694556e-01 1.606249501433585081e-01 1.711011110995776519e-01 1.634688990854853974e-01 1.538879759580863982e-01 1.124757463241703032e-01 8.908430744156949077e-02 6.749566865525052917e-02 5.989384689654780880e-02 5.598738540893545557e-02 5.322345207039311937e-02 5.550473339305615067e-02 5.513322420193263879e-02 5.461179894773007110e-02 5.417296575234145650e-02 5.737657879906964131e-02 5.996238170021041258e-02 6.501030467483438768e-02 6.489633883246587187e-02 7.018543715877892386e-02 7.037599926474606693e-02 7.330754999332278476e-02 7.902879735731464794e-02 8.068479828488199501e-02 8.786756488907092322e-02 9.352275172437958528e-02 9.815961620700452972e-02 1.168572877623451772e-01 1.340629290128522999e-01 1.540435230746184103e-01 1.745780835565245714e-01 1.926454081025776033e-01 2.106382101843544685e-01 2.284582597303930207e-01 2.355807704784277090e-01 2.381105611707239889e-01 2.462472679819782406e-01 2.477775937308684950e-01 2.512920545180812315e-01 2.554645852992871169e-01 2.673319607254163732e-01 2.709407166867390249e-01 2.803226503283390847e-01 2.862054827694539560e-01 3.061798108821876530e-01 3.107105933237604978e-01 3.228523627613957836e-01 3.352547400654448118e-01 3.428451966300528619e-01 3.606800643038740595e-01 3.628955324059324195e-01 3.781682361389250846e-01 3.857676255938543575e-01
9.182509365402813373e-01 8.838238169865213489e-01 8.409644229808678206e-01 7.887985477370742515e-01 7.426150051428281884e-01 6.952389230829627564e-01 6.320049429232316163e-01 5.806164454649543893e-01 5.448450145910348486e-01 4.850376158674817306e-01 4.442659571979192257e-01 4.233675467020863725e-01 3.692694838429604887e-01 2.789043219853891142e-01 2.325420479492645021e-01 2.403240179619244854e-01 2.575002925594367942e-01 2.748675916303653932e-01 2.927334225889215436e-01 2.860211764321538008e-01 2.720348279281465387e-01 2.382017604238579889e-01 1.845084773160456659e-01 1.398734346449296839e-01 1.080066083251972897e-01 9.318631549533622216e-02 8.803027506059650509e-02 8.628740254683082977e-02 8.445236071792081023e-02 8.341293809620616007e-02 8.455197065955404045e-02 8.825446942193371225e-02 8.395999079902169426e-02 9.168808848155422797e-02 9.439216352177218217e-02 9.745775361373790191e-02 9.973868788823339604e-02 1.070808479430127580e-01 1.128398069928978342e-01 1.175453580572620726e-01 1.283542251863711570e-01 1.294425859226558118e-01 1.341452099751517801e-01 1.412151034936409977e-01 1.545481859140604153e-01 1.717322964707416744e-01 2.016951492703916160e-01 2.262002205179791947e-01 2.538401480812876865e-01 2.710316577669091287e-01 2.903086582342918054e-01 2.946825598999885942e-01 3.062587388247542397e-01 3.171069568903061020e-01 3.122526496973133669e-01 3.193681850064935546e-01 3.219720552419666482e-01 3.293683863184543315e-01 3.248810054481812704e-01 3.292027131751922298e-01 3.381008389722097718e-01 3.475518892501597845e-01 3.564665115489155656e-01 3.687808657726866501e-01 3.758647892997828976e-01 3.830495549546913958e-01 3.888954598620376069e-01 4.006520964355226866e-01 4.147964705198196045e-01 4.234481095815577634e-01
9.279697407312780255e-01 8.981635316230851540e-01 8.663992529668178566e-01 8.241259687680901891e-01 7.837176660869823452e-01 7.417175402581613897e-01 6.940308334738516383e-01 6.588727131176161933e-01 6.085802947045906297e-01 5.613483493387739776e-01 5.388953990867485500e-01 5.069280453251658880e-01 4.303817695612399130e-01 3.611606246971238998e-01 3.382224317314341810e-01 3.514384257744116447e-01 3.734360893516447399e-01 3.868200757803319512e-01 3.895770277561176886e-01 3.779155725817257561e-01 3.476724627661680334e-01 2.933468576924890270e-01 2.315138527969011761e-01 1.820899134479246617e-01 1.574975048214347362e-01 1.364812344985651682e-01 1.291490037289637627e-01 1.240841022829518581e-01 1.185659410846947592e-01 1.218591694167556194e-01 1.196464495608441647e-01 1.242683349484479949e-01 1.275785380033660210e-01 1.307922392177156001e-01 1.355819779511966416e-01 1.400026582561227362e-01 1.453540986809321034e-01 1.525487234034054451e-01 1.579599790241682233e-01 1.712593351914363515e-01 1.765702479637859812e-01 1.793769791147761250e-01 1.857115199013636142e-01 1.904774198173555810e-01 1.986790038772044686e-01 2.131584399786184969e-01 2.329797321019040357e-01 2.613400212674881762e-01 2.829012031501295099e-01 3.053968120793463248e-01 3.260281537954156650e-01 3.390862190205495286e-01 3.506205490492221855e-01 3.584189353357161711e-01 3.626630713475449408e-01 3.650318531970960789e-01 3.697273661574792536e-01 3.724378438194281826e-01 3.701663177818483308e-01 3.710218311662817348e-01 3.766014081539850178e-01 3.803715302465779380e-01 3.887533342860029495e-01 3.894711329649479525e-01 3.961556346336115864e-01 4.068485284861807494e-01 4.172641146270521517e-01 4.236838768805494815e-01 4.302849276886505092e-01 4.383167636176660831e-01
9.281869781780658357e-01 9.005383758621345880e-01 8.697663286759218515e-01 8.378885847993340352e-01 7.990336367252804939e-01 7.590812411272217508e-01 7.222295591560844441e-01 6.860034958835263819e-01 6.348233403159334598e-01 6.100022730843976948e-01 5.791986489349790768e-01 5.260041572189295689e-01 4.524714944386887261e-01 4.196814272342320740e-01 4.177017643393344803e-01 4.321813116888842399e-01 4.395867481243956321e-01 4.417630126907452492e-01 4.355239860901985449e-01 4.102818146397807508e-01 3.705082358780501517e-01 3.110547532897676715e-01 2.560530176495293686e-01 2.072721406725247795e-01 1.890004985521694103e-01 1.719037693802158151e-01 1.669132468591257024e-01 1.574840568617106307e-01 1.581315313688747282e-01 1.539776240539678376e-01 1.569166576739766672e-01 1.573872485687279332e-01 1.593525178119003793e-01 1.612656852818973030e-01 1.681625389986712016e-01 1.762337484310046165e-01 1.815599015611494838e-01 1.892167442908046782e-01 1.960892044555700153e-01 2.042027023308385925e-01 2.106905832240283105e-01 2.149534838503250611e-01 2.184128240532387522e-01 2.200472268953495569e-01 2.284962340525950042e-01 2.374003097457248745e-01 2.536807918962992736e-01 2.741387513632156381e-01 2.975133253509288367e-01 3.193571730108485940e-01 3.412070142237920711e-01 3.578221758150835208e-01 3.722879201874222388e-01 3.809171976286740424e-01 3.890049919407636003e-01 3.937587906249341296e-01 3.960535215882025617e-01 3.992576698946788127e-01 3.988959183199213832e-01 4.030521448259491435e-01 4.034050900517802685e-01 4.050202614700820214e-01 4.081802598295679041e-01 4.115197556323192951e-01 4.176523494864404218e-01 4.213858738844911689e-01 4.270657681922251370e-01 4.322150356934590376e-01 4.393430211108977357e-01 4.500106970126965256e-01
9.156767670345589138e-01 8.917439181887437671e-01 8.584236914283268627e-01 8.261147106056033751e-01 7.949560577827323726e-01 7.570874608319888566e-01 7.195246111140305434e-01 6.807390974038587395e-01 6.469980869231352072e-01 6.233857200327526105e-01 5.800966192819366762e-01 5.127267939875802538e-01 4.673894490087168174e-01 4.548693326695854577e-01 4.595117453889521753e-01 4.662681030914484492e-01 4.695932200499827736e-01 4.634113742263648028e-01 4.422131619597982621e-01 4.097122581159579058e-01 3.586954372494458032e-01 3.041945692889712061e-01 2.562451165521892893e-01 2.277156565987936143e-01 2.086755562309627610e-01 1.950947834937110936e-01 1.883993679807067778e-01 1.799521046114006539e-01 1.767845927382038773e-01 1.761723409363787907e-01 1.768027153996878931e-01 1.771408042568757557e-01 1.806319828138993056e-01 1.840797674792552796e-01 1.891083331845915538e-01 1.944896992877921393e-01 2.015743685373198868e-01 2.092665737035450668e-01 2.154380649319599383e-01 2.249320831982027924e-01 2.310160444398913493e-01 2.367139361818966781e-01 2.407335535582548203e-01 2.422178570452216684e-01 2.434068934709279763e-01 2.518847076216319536e-01 2.632306401192517908e-01 2.762305278675879494e-01 2.945763752195095231e-01 3.160581836974102332e-01 3.407930923298302384e-01 3.592284515244494880e-01 3.778875355124414748e-01 3.899869262454468410e-01 3.952348757284084857e-01 4.047016340889508235e-01 4.110875204349779266e-01 4.111927716823303713e-01 4.155405322532197965e-01 4.173179665620884160e-01 4.197204157522568257e-01 4.200092686202934189e-01 4.221103316751710355e-01 4.249009357583891644e-01 4.273393590042138257e-01 4.287511440065822632e-01 4.318656223888301393e-01 4.348918492206272357e-01 4.412404343523235739e-01 4.443955486035233715e-01
8.946967475352677335e-01 8.675364882604910122e-01 8.400735646290773406e-01 8.077730677147421101e-01 7.715455726148876536e-01 7.454336768430224192e-01 7.020028864466031360e-01 6.670296147221506100e-01 6.419684023133829243e-01 6.092652200102819382e-01 5.477758665539684824e-01 5.024417607364183302e-01 4.799017228456637363e-01 4.767855612539872445e-01 4.774130523911019885e-01 4.766740271993810119e-01 4.728140154125331507e-01 4.565452574937143293e-01 4.262300726794415739e-01 3.856936038905358632e-01 3.315022235902221337e-01 2.870231398233444864e-01 2.522705187668635718e-01 2.318012905665000900e-01 2.151057857677568241e-01 2.035128261637188518e-01 1.968003824207727459e-01 1.906507235794617505e-01 1.871637035889312795e-01 1.861019477406968825e-01 1.851135467795470557e-01 1.871431894753839142e-01 1.885363165517756068e-01 1.932786029269286387e-01 1.984196386852187521e-01 2.037587471812378759e-01 2.116348405040544278e-01 2.193851591613102114e-01 2.275013280917040637e-01 2.359195856500108379e-01 2.426182522314662138e-01 2.472507760208933758e-01 2.504242978228641281e-01 2.539479103112155522e-01 2.554844841440543912e-01 2.585757760522027771e-01 2.656933485538930939e-01 2.736767574402024783e-01 2.875819584247545357e-01 3.050397331732789818e-01 3.275255767812872976e-01 3.459829398585447802e-01 3.664415933735701292e-01 3.818048058133077238e-01 3.947373566239284481e-01 4.041830716569050352e-01 4.115118157861025749e-01 4.171003472814414637e-01 4.213937626640847367e-01 4.240517884556875283e-01 4.263896674157536815e-01 4.283103635539074472e-01 4.306357977725162045e-01 4.311550388460990701e-01 4.328019699699820477e-01 4.344331810333220134e-01 4.365801289591245138e-01 4.399315759458553021e-01 4.409789447491577752e-01 4.456324079474437982e-01
8.686947611603129671e-01 8.409632465368565013e-01 8.134743681680161043e-01 7.802686050777668525e-01 7.497433752768410953e-01 7.151656029317858820e-01 6.785559945903134604e-01 6.508331617064900820e-01 6.196387919982740966e-01 5.732332947017548808e-01 5.259525839001293335e-01 4.971713288522397467e-01 4.847493419885152699e-01 4.812226947673524657e-01 4.785754242135276115e-01 4.716765909573618631e-01 4.585242087955323509e-01 4.324349759100311053e-01 3.936083214364350935e-01 3.523358818066094633e-01 3.081003229609919902e-01 2.718511649378805295e-01 2.462782458857713797e-01 2.288641882472968458e-01 2.153951249639587395e-01 2.053603998340366166e-01 1.990562111529027844e-01 1.947171945110633962e-01 1.912284145648030786e-01 1.896201462390098014e-01 1.901553016770011206e-01 1.898308131156795087e-01 1.929547879434488078e-01 1.964762624505255739e-01 2.018123585326220826e-01 2.080107198589931095e-01 2.139931550655296832e-01 2.230186130933716204e-01 2.323428635585304547e-01 2.398449539891006344e-01 2.476247896306222052e-01 2.539589786105098668e-01 2.576711464052821587e-01 2.607483402721892940e-01 2.620466903412796977e-01 2.626704649892393495e-01 2.659185574478179492e-01 2.707336789086216000e-01 2.785398079058944987e-01 2.931357861607534754e-01 3.075948380563854334e-01 3.254395072562477065e-01 3.454094481440749820e-01 3.651539348896841175e-01 3.762706662283252790e-01 3.947043760336540474e-01 4.028602419568854676e-01 4.126861417224136352e-01 4.190395027073609557e-01 4.242225215198086041e-01 4.286371874305050511e-01 4.314570585239803635e-01 4.335912382255294739e-01 4.358537277782804642e-01 4.370961114579203777e-01 4.385056148110142438e-01 4.404333220805925486e-01 4.412822994058193116e-01 4.423659789071990311e-01 4.454306178838675079e-01
-1.000000000000000000e+00 -1.000000000000000000e+00 7.805019300231785806e-01 7.487776755022824693e-01 7.180785172677136563e-01 6.816730882480845910e-01 6.554535481304959443e-01 6.254077760844581890e-01 5.843763988269412568e-01 5.410782009148347171e-01 5.101898936010277330e-01 4.925631232249135794e-01 4.822886254133826878e-01 4.749505618984414812e-01 4.671499641007664239e-01 4.520833293698434119e-01 4.312957020958240739e-01 3.991548079429030338e-01 3.628932894663520758e-01 3.196975765538025982e-01 2.879806912548566467e-01 2.598107080132583402e-01 2.401727381311429266e-01 2.251251318182166117e-01 2.134144654103081462e-01 2.053731137350171543e-01 1.992417871682375941e-01 1.944614931613929398e-01 1.918403899316541428e-01 1.901617222243053573e-01 1.901756882249175939e-01 1.906683944811772280e-01 1.930127462483408052e-01 1.968974091876662669e-01 2.008688942286072920e-01 2.082962219079832478e-01 2.150653624141113107e-01 2.236459657240397469e-01 2.318421466342480142e-01 2.414028710491150920e-01 2.492461140824325794e-01 2.557720336930350835e-01 2.609539330567771098e-01 2.637338806766308941e-01 2.655179306411862838e-01 2.663555771368212310e-01 2.671323290313730725e-01 2.688231358851416730e-01 2.731118253113395400e-01 2.802862887001141834e-01 2.931770434516676183e-01 3.083368071136564637e-01 3.240460869015210355e-01 3.418870931191493878e-01 3.627197537603728539e-01 3.776158867980031753e-01 3.918437707881754495e-01 4.026623533378577702e-01 4.117288889759297410e-01 4.194814834176963103e-01 4.248693343811318912e-01 4.289822730801024497e-01 4.338252928742014070e-01 4.370880469588951933e-01 4.391189063837900863e-01 4.415822289271539303e-01 4.429807132565249383e-01 4.447233361369436477e-01 4.458702274435787927e-01 4.474989016350894855e-01
-1.000000000000000000e+00 -1.000000000000000000e+00 -1.000000000000000000e+00 7.146198068566607109e-01 6.823527556259441074e-01 6.528614407826517363e-01 6.224957630252621055e-01 5.882880254861079239e-01 5.543464630924614944e-01 5.212672891629436256e-01 4.978202541090240851e-01 4.825174290637759822e-01 4.703668322383548484e-01 4.601548490178783424e-01 4.459502318701342172e-01 4.234914780185228822e-01 3.977055244430220404e-01 3.663933703241497586e-01 3.322447625287274220e-01 2.969289414368223023e-01 2.708508525854070870e-01 2.491924112668529312e-01 2.331048894114166325e-01 2.202728035488001612e-01 2.101561236681567524e-01 2.028977723447315806e-01 1.971831014853721031e-01 1.931527506119518067e-01 1.903725574177016489e-01 1.890321951164630476e-01 1.887650104707527809e-01 1.899341032022299203e-01 1.918356304650486732e-01 1.952791442355723273e-01 1.995466799758152943e-01 2.056204969141815497e-01 2.131517530969271323e-01 2.210012677286087301e-01 2.303256183719372407e-01 2.397103621536412488e-01 2.488200209153005327e-01 2.560374294274259110e-01 2.621016513215040367e-01 2.657031197149901658e-01 2.680935581394269795e-01 2.684700295358118383e-01 2.684153147506804227e-01 2.685952571533241628e-01 2.701299548730415334e-01 2.737977589768885722e-01 2.809555073736785813e-01 2.885198682982493823e-01 3.054245892633435933e-01 3.202059146110105003e-01 3.403329827887852654e-01 3.560584920927630237e-01 3.716025776986374152e-01 3.882245578645822093e-01 3.974727699295070305e-01 4.096319241699370450e-01 4.173167823869604054e-01 4.258394979834767002e-01 4.300073502600053610e-01 4.356704113010210766e-01 4.396427861641722945e-01 4.425476784290896526e-01 4.447271964712233294e-01 4.471216575906332702e-01 4.489875504648041527e-01 4.501320854817824069e-01
-1.000000000000000000e+00 -1.000000000000000000e+00 -1.000000000000000000e+00 -1.000000000000000000e+00 6.489250666517536459e-01 6.186594309888506782e-01 5.900023030253818135e-01 5.569016397147501518e-01 5.281768757028689754e-01 5.014158709647883461e-01 4.814341855199780751e-01 4.660617208932610334e-01 4.511208188566847022e-01 4.355039100689749310e-01 4.161376983473891733e-01 3.918470768584715325e-01 3.643372578017771701e-01 3.357683074461892958e-01 3.054087730353657326e-01 2.800906427928648301e-01 2.588660918968369029e-01 2.403008675846694808e-01 2.273675777276881194e-01 2.161639230159083103e-01 2.071649975888233686e-01 2.003504224218410623e-01 1.946922970442212242e-01 1.909809314567329219e-01 1.884629876166825369e-01 1.870604336207596918e-01 1.867977672432154235e-01 1.877396653553348727e-01 1.895828277772607096e-01 1.927757510477595970e-01 1.972654965138837813e-01 2.026451690757206381e-01 2.099987767841993147e-01 2.188149101691086451e-01 2.279540442822649005e-01 2.363570900936288188e-01 2.465095925381101116e-01 2.542636378783655338e-01 2.613409477548706006e-01 2.659250540816951447e-01 2.687073052169544618e-01 2.699643248772700121e-01 2.701109731129917035e-01 2.693958335951082139e-01 2.695278825756551311e-01 2.703718858148539406e-01 2.731006071337786500e-01 2.778167730472774766e-01 2.857714937558439305e-01 2.990824170674264981e-01 3.125080245165438586e-01 3.312666859708722211e-01 3.472378828410752627e-01 3.606866080012481879e-01 3.803744493136033133e-01 3.899224395518146036e-01 4.006444442410199147e-01 4.128713680939544162e-01 4.239806881107844316e-01 4.313142118586824614e-01 4.351072251806752944e-01 4.403972214763368087e-01 4.454380059510409384e-01 4.477221411040480104e-01 4.506807378989645119e-01 4.526103533604731166e-01
-1.000000000000000000e+00 -1.000000000000000000e+00 -1.000000000000000000e+00 -1.000000000000000000e+00 -1.000000000000000000e+00 5.844381751545024706e-01 5.580258136985867257e-01 5.285624979687233438e-01 5.041420391531915568e-01 4.808237934045898054e-01 4.601539691850051739e-01 4.433944558128635749e-01 4.244771131657925634e-01 4.088876980886312351e-01 3.875778666835910102e-01 3.628512096714829882e-01 3.354563051256697626e-01 3.103713590398849420e-01 2.860016479498541098e-01 2.663909057825513682e-01 2.483056744527920023e-01 2.332463184162458236e-01 2.208908532991638307e-01 2.112836725748790945e-01 2.035506193296292843e-01 1.974480966325852793e-01 1.923630462464809565e-01 1.893128942846565022e-01 1.865121391815446339e-01 1.852018708136085878e-01 1.844544087768579255e-01 1.857623894197316106e-01 1.872899439625774209e-01 1.900356300332247672e-01 1.941799608136360877e-01 2.002245034152572711e-01 2.062891966264315258e-01 2.144749296921730497e-01 2.231186217662496085e-01 2.333239080561324008e-01 2.419870802081904304e-01 2.506131667217385561e-01 2.590292576842043171e-01 2.648711288336529912e-01 2.681815100223002846e-01 2.703726176549999805e-01 2.708101096066750091e-01 2.703669416614629117e-01 2.696676056697261403e-01 2.690640119155572885e-01 2.691023454168827711e-01 2.713038498195574633e-01 2.761922838363781163e-01 2.828716369620028481e-01 2.931955780203438500e-01 3.067438179951191835e-01 3.190297187420091385e-01 3.401108794511768507e-01 3.570535860035579656e-01 3.686379466562370588e-01 3.838256995638079094e-01 3.975902872907282615e-01 4.093863959116895157e-01 4.198416394098323789e-01 4.264029506367390532e-01 4.345516780138662938e-01 4.407608215880373659e-01 4.456407159678508201e-01 4.498369692483746296e-01 4.535998502645069985e-01
-1.000000000000000000e+00 -1.000000000000000000e+00 -1.000000000000000000e+00 -1.000000000000000000e+00 -1.000000000000000000e+00 -1.000000000000000000e+00 -1.000000000000000000e+00 4.978764203934996635e-01 4.774636573829940112e-01 4.538599781213155659e-01 4.338865463749881912e-01 4.174068949459046607e-01 3.971107208340621253e-01 3.798376021439413552e-01 3.595997195229521104e-01 3.366511816819586778e-01 3.133771239156054045e-01 2.925266678566337819e-01 2.717969251855794077e-01 2.542576832416449939e-01 2.397854739871247975e-01 2.274165651096712593e-01 2.164595806999548011e-01 2.077921410860548157e-01 2.008274920501297578e-01 1.948137364943808014e-01 1.901092218623858243e-01 1.866282265567664189e-01 1.844323602236550563e-01 1.828572532888480540e-01 1.822911893671047001e-01 1.828100568255481562e-01 1.844409779677058381e-01 1.870469388829964497e-01 1.910525130005150951e-01 1.959568254772316720e-01 2.019124754737120497e-01 2.103752088134956122e-01 2.177923246381755495e-01 2.277175281846557653e-01 2.378413794893126099e-01 2.465035014285463788e-01 2.550884351656001470e-01 2.614714481771586163e-01 2.666117906616555788e-01 2.691711294813272093e-01 2.705477374063950946e-01 2.704550491299480552e-01 2.697633758169593055e-01 2.687374315617132581e-01 2.680588880634441340e-01 2.680447384721500459e-01 2.697501003146886012e-01 2.733608255534827891e-01 2.801205413829579438e-01 2.880966740684089422e-01 2.992488013106852085e-01 3.116440410371684178e-01 3.294224299859740968e-01 3.434450858721019295e-01 3.605495880821344978e-01 3.745785362923774731e-01 3.907243301364458632e-01 4.021766269677432004e-01 4.137514172477470553e-01 4.249596135928447316e-01 4.315515270916530088e-01 4.396742251170857596e-01 4.456213338912375366e-01 4.509849770028541704e-01
-1.000000000000000000e+00 -1.000000000000000000e+00 -1.000000000000000000e+00 -1.000000000000000000e+00 -1.000000000000000000e+00 -1.000000000000000000e+00 -1.000000000000000000e+00 -1.000000000000000000e+00 4.475585901587660898e-01 4.269085425603054151e-01 4.084160382279866663e-01 3.904267657988504947e-01 3.725262571777510079e-01 3.539369880747958441e-01 3.337864617359138641e-01 3.142110465786600582e-01 2.970024021155407423e-01 2.769303397887650786e-01 2.606711265142196976e-01 2.455160284921608371e-01 2.321737214174273423e-01 2.212701396653320995e-01 2.113166654262710886e-01 2.037476592114976504e-01 1.969615544413127473e-01 1.912249417864300416e-01 1.873098929927883294e-01 1.841491658994569014e-01 1.816621809342399696e-01 1.804352168956590841e-01 1.797647144250989204e-01 1.808521242406516683e-01 1.818392389650291263e-01 1.841206772069022279e-01 1.876508993476340703e-01 1.916091008427922016e-01 1.977370139392589377e-01 2.046646590829577228e-01 2.135818553211621118e-01 2.218945163721126879e-01 2.313000446046296621e-01 2.414628621178911416e-01 2.504115723819780870e-01 2.569062534108700335e-01 2.628828131360139153e-01 2.667763706551532499e-01 2.689343412734985228e-01 2.695159661948009489e-01 2.690630138678510863e-01 2.682240993966198417e-01 2.671294452834981903e-01 2.663814314425275720e-01 2.664145092935135684e-01 2.671145655786932860e-01 2.699137593838425997e-01 2.752443176897469979e-01 2.818129051581051425e-01 2.905347823866987755e-01 3.022322189424176409e-01 3.213674947112641900e-01 3.348064820811529896e-01 3.499945714622406667e-01 3.661033916349984429e-01 3.801761324929172625e-01 3.927279080968333891e-01 4.059185964720128936e-01 4.229614407854952463e-01 4.293240586821314708e-01 4.382852401416146293e-01 4.451425361909973066e-01
-1.000000000000000000e+00 -1.000000000000000000e+00 -1.000000000000000000e+00 -1.000000000000000000e+00 -1.000000000000000000e+00 -1.000000000000000000e+00 -1.000000000000000000e+00 -1.000000000000000000e+00 -1.000000000000000000e+00 4.029305598228588581e-01 3.848505520722128592e-01 3.667400201066955412e-01 3.494527153834223188e-01 3.321758945109545835e-01 3.151115370562056484e-01 2.982829515844654944e-01 2.825096121844161701e-01 2.653845927673862404e-01 2.509297906806293721e-01 2.375697187620880446e-01 2.258655473992601803e-01 2.156437410689703016e-01 2.071785262613329293e-01 2.004141393672748128e-01 1.937308358597877589e-01 1.883867384633322317e-01 1.845888299656395226e-01 1.817635666796906246e-01 1.793384234872380800e-01 1.781092234122860218e-01 1.773314865791819350e-01 1.777497720741933462e-01 1.787326412379315332e-01 1.808888353692432449e-01 1.840905462622992039e-01 1.876444302616077919e-01 1.934347796989016877e-01 1.995422679449753989e-01 2.076543617009191101e-01 2.159018985150635561e-01 2.249465742717142169e-01 2.346815104281837483e-01 2.436358662040864487e-01 2.515530324833712972e-01 2.585995795712144885e-01 2.625730433611221937e-01 2.655182572041110411e-01 2.669026855376303575e-01 2.671235423139021181e-01 2.667112892560248860e-01 2.657253902109516508e-01 2.648135913759487869e-01 2.639866170579757698e-01 2.635330401012969115e-01 2.640243865093293008e-01 2.659663976519643369e-01 2.711156494680987961e-01 2.746978954533846329e-01 2.855394269256208428e-01 2.953626437809267480e-01 3.052521548529237849e-01 3.211816059132767687e-01 3.372216971073855318e-01 3.572592630291435700e-01 3.729743244954718540e-01 3.832009750171465057e-01 4.014066975044011665e-01 4.137057351423565343e-01 4.252118982541532866e-01 4.351347133647416321e-01
-1.000000000000000000e+00 -1.000000000000000000e+00 -1.000000000000000000e+00 -1.000000000000000000e+00 -1.000000000000000000e+00 -1.000000000000000000e+00 -1.000000000000000000e+00 -1.000000000000000000e+00 -1.000000000000000000e+00 -1.000000000000000000e+00 3.633468755884377566e-01 3.457661153937233167e-01 3.295418609755778050e-01 3.140858366359230436e-01 2.986835930131933603e-01 2.826038748791107613e-01 2.686145935531101259e-01 2.543224431114370354e-01 2.423991937272999275e-01 2.302863715080173679e-01 2.200926478992454027e-01 2.110471205954699836e-01 2.031588059978830796e-01 1.962712829381196844e-01 1.907602626911941157e-01 1.856963097564578724e-01 1.821424554825957776e-01 1.786615488422187981e-01 1.767563043380721011e-01 1.749445416128607711e-01 1.746843112540247267e-01 1.750155178961479707e-01 1.754749422043051788e-01 1.776395253974441535e-01 1.805383739098865570e-01 1.839576651188826739e-01 1.889604962531037657e-01 1.942582858655191314e-01 2.010344492596113364e-01 2.098642149606266272e-01 2.181179226640002355e-01 2.276004852906989562e-01 2.374270957575554120e-01 2.443210886306300955e-01 2.525769253662370484e-01 2.568367318654103948e-01 2.607504282708247856e-01 2.630705276541791537e-01 2.639707160306785094e-01 2.639177128567650188e-01 2.633773994176245581e-01 2.624561171966636741e-01 2.615663893257272887e-01 2.607763562063854512e-01 2.602989631621882016e-01 2.606420792177990831e-01 2.623589311149490122e-01 2.638864258365822835e-01 2.704851488660647285e-01 2.781634135223790549e-01 2.859658181347605743e-01 2.964158588505949599e-01 3.136357545773796329e-01 3.255312232351345036e-01 3.417165087627465625e-01 3.552588505885879711e-01 3.781024671285982408e-01 3.879337835948604707e-01 4.039056289914669251e-01 4.211706083036219628e-01
-1.000000000000000000e+00 -1.000000000000000000e+00 -1.000000000000000000e+00 -1.000000000000000000e+00 -1.000000000000000000e+00 -1.000000000000000000e+00 -1.000000000000000000e+00 -1.000000000000000000e+00 -1.000000000000000000e+00 -1.000000000000000000e+00 -1.000000000000000000e+00 3.257129357416612137e-01 3.118573691817686511e-01 2.981043012814640902e-01 2.838301630148620802e-01 2.701741942906246696e-01 2.583012158824227189e-01 2.451967551272435097e-01 2.340008720132984721e-01 2.233696442955447337e-01 2.137976283835003322e-01 2.060921856738598401e-01 1.985772740902803923e-01 1.924650677276140698e-01 1.873243343202738442e-01 1.823030853281585040e-01 1.788106017093795685e-01 1.760806959933746418e-01 1.742977234586600144e-01 1.725094139943926519e-01 1.720543076671714189e-01 1.721435001850768476e-01 1.730761602743679795e-01 1.742693811843683549e-01 1.769374704041992152e-01 1.804692435668134309e-01 1.847095193368099020e-01 1.893542319146794828e-01 1.958987700559099432e-01 2.034770717935424633e-01 2.116307321766434379e-01 2.198754738067023318e-01 2.290614923014662185e-01 2.373471414204895991e-01 2.438389596886231248e-01 2.504449406493376440e-01 2.549400177704343462e-01 2.574355669191428775e-01 2.594197506070009540e-01 2.599423919163875163e-01 2.598963675971841525e-01 2.591319253029503722e-01 2.586123659832804123e-01 2.575462115043413158e-01 2.567857297020667007e-01 2.565107713633668074e-01 2.569303013982046635e-01 2.575382793843189466e-01 2.592611434301019813e-01 2.646217980578146611e-01 2.713049263312239945e-01 2.810307478455661978e-01 2.853010590019780524e-01 3.010750561116404267e-01 3.177892929281558310e-01 3.313808927418842032e-01 3.510607280847303224e-01 3.662425762309011734e-01 3.804711421657366310e-01 3.945464051970275499e-01
-1.000000000000000000e+00 -1.000000000000000000e+00 -1.000000000000000000e+00 -1.000000000000000000e+00 -1.000000000000000000e+00 -1.000000000000000000e+00 -1.000000000000000000e+00 -1.000000000000000000e+00 -1.000000000000000000e+00 -1.000000000000000000e+00 -1.000000000000000000e+00 -1.000000000000000000e+00 -1.000000000000000000e+00 2.823950314737322387e-01 2.701663626641057636e-01 2.588015431120140875e-01 2.466990277086884842e-01 2.364181899946753151e-01 2.259903846980799991e-01 2.166324316097274771e-01 2.084445946868601629e-01 2.008941607396282636e-01 1.943157761411669626e-01 1.882927729929514404e-01 1.834563696554456225e-01 1.792482026711810505e-01 1.759315511491836015e-01 1.734843287114339605e-01 1.712766884642015763e-01 1.698931059644703256e-01 1.690259929669445382e-01 1.691784571779824387e-01 1.693559737444781943e-01 1.712657915885169579e-01 1.733826695063219181e-01 1.764572150231612235e-01 1.804445029967074732e-01 1.851165393229396439e-01 1.910116255572446020e-01 1.974173395805735309e-01 2.047758081083220771e-01 2.127140242144241744e-01 2.212826561579382956e-01 2.292724663630162918e-01 2.368624815825512708e-01 2.430468545471267394e-01 2.472456884697573354e-01 2.510696498502487661e-01 2.530959961221326271e-01 2.544920312194390299e-01 2.552823433335080772e-01 2.548324915841184701e-01 2.544426106260401221e-01 2.538206322609087850e-01 2.531498875469447851e-01 2.525150467408733279e-01 2.520762967031435209e-01 2.522681927262134249e-01 2.531559118448144519e-01 2.540010841749623105e-01 2.594288008063930784e-01 2.634323569651351726e-01 2.704408562928042881e-01 2.823850342085950094e-01 2.929786488142354095e-01 3.044468481245072855e-01 3.224473057710779966e-01 3.402866747569784356e-01 3.581368557756963722e-01 3.744253610949671018e-01
-1.000000000000000000e+00 -1.000000000000000000e+00 -1.000000000000000000e+00 -1.000000000000000000e+00 -1.000000000000000000e+00 -1.000000000000000000e+00 -1.000000000000000000e+00 -1.000000000000000000e+00 -1.000000000000000000e+00 -1.000000000000000000e+00 -1.000000000000000000e+00 -1.000000000000000000e+00 -1.000000000000000000e+00 -1.000000000000000000e+00 2.577645685961592048e-01 2.471739278962404862e-01 2.373485674449568317e-01 2.277043856694816182e-01 2.188159572700924538e-01 2.099217549665457483e-01 2.023970845931853391e-01 1.961062456663017761e-01 1.897957106410600447e-01 1.845806039534143295e-01 1.797376758968259602e-01 1.759917632696796075e-01 1.729243722662806848e-01 1.703966580355070759e-01 1.681791281214751188e-01 1.672409328077213986e-01 1.663249707417179535e-01 1.664062115404585096e-01 1.669425417826195523e-01 1.684345886929641822e-01 1.702289313551439975e-01 1.730711261929961664e-01 1.763229091232993428e-01 1.806968587639687651e-01 1.863416683812267605e-01 1.920360393227781570e-01 1.994501387775209633e-01 2.060492145360446892e-01 2.134874527616013873e-01 2.216010076930416961e-01 2.289377780892897229e-01 2.351225289917696359e-01 2.403071451110090351e-01 2.434950459083120855e-01 2.466836277614736506e-01 2.480476723040064280e-01 2.486968996834457712e-01 2.496129787964919688e-01 2.495596078754279690e-01 2.488614011634588397e-01 2.487730620608902266e-01 2.480264712540807548e-01 2.473636065447797627e-01 2.470627827489872697e-01 2.473225955961151079e-01 2.486787758816210725e-01 2.499347403422598757e-01 2.537429539717698801e-01 2.568601820570096672e-01 2.663826896551814705e-01 2.747305445177881666e-01 2.864102071057343379e-01 2.956746120711863934e-01 3.146889444392251267e-01 3.280466332293385801e-01 3.453214282705764915e-01
-1.000000000000000000e+00 -1.000000000000000000e+00 -1.000000000000000000e+00 -1.000000000000000000e+00 -1.000000000000000000e+00 -1.000000000000000000e+00 -1.000000000000000000e+00 -1.000000000000000000e+00 -1.000000000000000000e+00 -1.000000000000000000e+00 -1.000000000000000000e+00 -1.000000000000000000e+00 -1.000000000000000000e+00 -1.000000000000000000e+00 -1.000000000000000000e+00 2.364956193162119635e-01 2.277418975669203705e-01 2.194772166745398434e-01 2.107536727056248671e-01 2.040729593114260498e-01 1.966115068384380327e-01 1.902414959588581145e-01 1.851934224447327193e-01 1.801564552643497852e-01 1.755809536616488031e-01 1.726085339496292725e-01 1.694542179909147572e-01 1.672497832042660892e-01 1.653236312701809319e-01 1.640645476677138337e-01 1.636317659927561396e-01 1.635018772230413253e-01 1.642058626650217124e-01 1.651679687647596984e-01 1.670998854632574082e-01 1.699615485409173843e-01 1.724949192758499505e-01 1.769645707491355469e-01 1.816863264492150631e-01 1.870160520252173442e-01 1.932843212492941221e-01 1.996945631924377518e-01 2.074676304452172659e-01 2.143346559629892012e-01 2.212075404196756911e-01 2.265460718991557376e-01 2.319460359847816400e-01 2.361479055199150190e-01 2.384417936068491672e-01 2.406785063795950641e-01 2.421810525937606040e-01 2.431537857185161744e-01 2.437297509835885390e-01 2.438507761149426578e-01 2.431577297577043884e-01 2.429351040186053245e-01 2.425033090728656859e-01 2.421409540961638462e-01 2.424844763556101290e-01 2.426436512733805007e-01 2.433670230453133798e-01 2.459419472233537463e-01 2.492756365224867710e-01 2.553947603575960623e-01 2.597026701897093837e-01 2.695224789949681177e-01 2.804820947690823685e-01 2.897522481693075025e-01 3.044342528867559627e-01 3.199632999507056597e-01
-1.000000000000000000e+00 -1.000000000000000000e+00 -1.000000000000000000e+00 -1.000000000000000000e+00 -1.000000000000000000e+00 -1.000000000000000000e+00 -1.000000000000000000e+00 -1.000000000000000000e+00 -1.000000000000000000e+00 -1.000000000000000000e+00 -1.000000000000000000e+00 -1.000000000000000000e+00 -1.000000000000000000e+00 -1.000000000000000000e+00 -1.000000000000000000e+00 -1.000000000000000000e+00 2.184123320792309697e-01 2.106159470375393583e-01 2.037351433267049761e-01 1.970774024381159173e-01 1.909720776043787038e-01 1.854958906469843793e-01 1.805050893643706800e-01 1.758354224499137364e-01 1.719504614860994651e-01 1.687042604169843030e-01 1.661331535699839546e-01 1.640285276143438609e-01 1.625110648059168994e-01 1.613094487106229435e-01 1.606359640220698659e-01 1.607614590109213148e-01 1.613705034771514280e-01 1.625822614326034310e-01 1.642022344178943050e-01 1.667822702481057684e-01 1.696907256326649627e-01 1.733780383551598303e-01 1.773140657194473002e-01 1.827973784468314988e-01 1.881640069633315759e-01 1.942958944033889024e-01 2.006228853808220136e-01 2.076807400002917969e-01 2.133060386872658032e-01 2.191067557658690490e-01 2.241123020104196228e-01 2.282197972963151411e-01 2.314317805367130665e-01 2.338989067768356689e-01 2.357671056510995955e-01 2.367342248961987750e-01 2.371524608533867873e-01 2.374332110193795309e-01 2.370857374506059323e-01 2.373715879861899858e-01 2.369599649375437322e-01 2.366325927985703792e-01 2.365343637414080158e-01 2.368177076482092525e-01 2.376900934502227114e-01 2.393371812230075391e-01 2.418996445993927547e-01 2.437159470706707076e-01 2.498563347348348174e-01 2.556099283251386245e-01 2.671944085818616088e-01 2.767971474851693148e-01 2.922265683398725944e-01 3.015972959941912723e-01
-1.000000000000000000e+00 -1.000000000000000000e+00 -1.000000000000000000e+00 -1.000000000000000000e+00 -1.000000000000000000e+00 -1.000000000000000000e+00 -1.000000000000000000e+00 -1.000000000000000000e+00 -1.000000000000000000e+00 -1.000000000000000000e+00 -1.000000000000000000e+00 -1.000000000000000000e+00 -1.000000000000000000e+00 -1.000000000000000000e+00 -1.000000000000000000e+00 -1.000000000000000000e+00 -1.000000000000000000e+00 2.026901256483455427e-01 1.962547624362923349e-01 1.903528262259880366e-01 1.854229069982527289e-01 1.803822004070418927e-01 1.755901896961903352e-01 1.717825430022429656e-01 1.679692179773214777e-01 1.654307234430411888e-01 1.627843844230310588e-01 1.606627553109712114e-01 1.594409256496768512e-01 1.585328877598739250e-01 1.579825928822285175e-01 1.580802048811537908e-01 1.586011564464048507e-01 1.598469583697061103e-01 1.613511954384322100e-01 1.637387985250449429e-01 1.662174000560013853e-01 1.700699996183622220e-01 1.743375481370881552e-01 1.784126256941706845e-01 1.833102057098116855e-01 1.888942611745835498e-01 1.951486067723812445e-01 2.007200431849517352e-01 2.066376677584751687e-01 2.118342106205266528e-01 2.163945871167038404e-01 2.206982902323364470e-01 2.237082381112948937e-01 2.265463522366430449e-01 2.279547392404744355e-01 2.296035759618722250e-01 2.304883609039535264e-01 2.308852753654645207e-01 2.310618243617313106e-01 2.312545116453673943e-01 2.313696086528420071e-01 2.309861997780882636e-01 2.313570879017448900e-01 2.315034217694185992e-01 2.320109238650836792e-01 2.329550386344618473e-01 2.346106687118524881e-01 2.365795851060996102e-01 2.417166186324884170e-01 2.461323228451570699e-01 2.542972630673501766e-01 2.648236838682129779e-01 2.751416972645840953e-01 2.893533276056889925e-01
-1.000000000000000000e+00 -1.000000000000000000e+00 -1.000000000000000000e+00 -1.000000000000000000e+00 -1.000000000000000000e+00 -1.000000000000000000e+00 -1.000000000000000000e+00 -1.000000000000000000e+00 -1.000000000000000000e+00 -1.000000000000000000e+00 -1.000000000000000000e+00 -1.000000000000000000e+00 -1.000000000000000000e+00 -1.000000000000000000e+00 -1.000000000000000000e+00 -1.000000000000000000e+00 -1.000000000000000000e+00 -1.000000000000000000e+00 -1.000000000000000000e+00 1.848194160081908510e-01 1.800229796065489773e-01 1.755747813811728009e-01 1.713573792136784957e-01 1.676761011755044384e-01 1.643771570229599632e-01 1.618147617556189299e-01 1.594366647779059953e-01 1.578089905917014479e-01 1.565744838630479530e-01 1.558249418679775455e-01 1.554443081922141923e-01 1.554655802482357019e-01 1.559113601986618358e-01 1.572061709860541057e-01 1.592164290332974130e-01 1.609352497781802449e-01 1.636803281083372141e-01 1.671985645170015744e-01 1.704666094511054775e-01 1.748068670662057678e-01 1.798677262011823541e-01 1.849362197224233839e-01 1.901004356615450530e-01 1.953355794866978579e-01 2.010572204127950846e-01 2.052774817394183438e-01 2.100680845993910528e-01 2.136310245922597162e-01 2.164163340925827073e-01 2.190393509097570690e-01 2.212135839898688450e-01 2.227786491187182527e-01 2.238551522626124890e-01 2.240122793236905274e-01 2.248591669829668738e-01 2.251143002054994402e-01 2.252471641646991984e-01 2.258433934995154879e-01 2.258281055585365793e-01 2.263086550542162401e-01 2.266911493983873038e-01 2.275267080861179958e-01 2.295292693537835105e-01 2.311681441641431634e-01 2.346866231312789985e-01 2.398267158088946138e-01 2.476096299865960526e-01 2.558401672917492986e-01 2.663310867794197456e-01 2.774262763693360334e-01
-1.000000000000000000e+00 -1.000000000000000000e+00 -1.000000000000000000e+00 -1.000000000000000000e+00 -1.000000000000000000e+00 -1.000000000000000000e+00 -1.000000000000000000e+00 -1.000000000000000000e+00 -1.000000000000000000e+00 -1.000000000000000000e+00 -1.000000000000000000e+00 -1.000000000000000000e+00 -1.000000000000000000e+00 -1.000000000000000000e+00 -1.000000000000000000e+00 -1.000000000000000000e+00 -1.000000000000000000e+00 -1.000000000000000000e+00 -1.000000000000000000e+00 -1.000000000000000000e+00 1.749252713644789958e-01 1.703541480246998918e-01 1.668005173177903866e-01 1.634868024250424878e-01 1.606665244331358100e-01 1.584767320481493269e-01 1.564635669815030439e-01 1.549815412916331625e-01 1.538875789822899409e-01 1.531442901193457995e-01 1.529211866011936927e-01 1.531330066001556078e-01 1.540448536646949751e-01 1.549188964133448032e-01 1.566423493663440247e-01 1.589143068193233643e-01 1.614109998088916476e-01 1.646424255267186776e-01 1.680526515884143701e-01 1.721993965276928107e-01 1.761901263958291219e-01 1.808061062798926588e-01 1.857187264287033790e-01 1.904200716711677011e-01 1.951539850200472437e-01 1.997798997574603275e-01 2.035987281214740319e-01 2.078692241745737912e-01 2.104663668312737879e-01 2.130023795029671874e-01 2.144792931118917056e-01 2.163813297493236421e-01 2.170911858523074667e-01 2.181082055004613662e-01 2.187831463762974216e-01 2.192920020306288464e-01 2.199997417225807994e-01 2.204903536878474735e-01 2.206256959435309584e-01 2.210327711155972708e-01 2.218392783112087263e-01 2.226510538463562228e-01 2.244160544869088503e-01 2.257055466472814853e-01 2.298544198095368307e-01 2.352728825590871542e-01 2.419933041402296259e-01 2.502749610825638071e-01 2.604372422671943355e-01 2.754329542805034059e-01
-1.000000000000000000e+00 -1.000000000000000000e+00 -1.000000000000000000e+00 -1.000000000000000000e+00 -1.000000000000000000e+00 -1.000000000000000000e+00 -1.000000000000000000e+00 -1.000000000000000000e+00 -1.000000000000000000e+00 -1.000000000000000000e+00 -1.000000000000000000e+00 -1.000000000000000000e+00 -1.000000000000000000e+00 -1.000000000000000000e+00 -1.000000000000000000e+00 -1.000000000000000000e+00 -1.000000000000000000e+00 -1.000000000000000000e+00 -1.000000000000000000e+00 -1.000000000000000000e+00 -1.000000000000000000e+00 1.664229418125991455e-01 1.632162480412139016e-01 1.598282806374403120e-01 1.575849016526856827e-01 1.555441776936202780e-01 1.537755104982042598e-01 1.522587858416406814e-01 1.511541219985940987e-01 1.508783953182319115e-01 1.507790632615373383e-01 1.510774997265224018e-01 1.517863463836654769e-01 1.530201760563102698e-01 1.548797290526751635e-01 1.571051274273622678e-01 1.593909709123242924e-01 1.623424225739607540e-01 1.657954816121655073e-01 1.694339602788265675e-01 1.732603849819167596e-01 1.777196982544761161e-01 1.823845788331839302e-01 1.866294385281093149e-01 1.908527368601778129e-01 1.946278100743742689e-01 1.991118023958574346e-01 2.017364048936886034e-01 2.044594933583605556e-01 2.067632601364259581e-01 2.087199144649160287e-01 2.101346441335218695e-01 2.115222485227800653e-01 2.123486782835402598e-01 2.139127163172029611e-01 2.143042563939467626e-01 2.144286254547801418e-01 2.153074702493309733e-01 2.165618506953789490e-01 2.164250452503693745e-01 2.178674924347372421e-01 2.191943997663025057e-01 2.214220947407123385e-01 2.235822657074255371e-01 2.270003915825234420e-01 2.322808798977676337e-01 2.404942996398273247e-01 2.510651553046093221e-01 2.602418315300638052e-01 2.756067562504077584e-01
-1.000000000000000000e+00 -1.000000000000000000e+00 -1.000000000000000000e+00 -1.000000000000000000e+00 -1.000000000000000000e+00 -1.000000000000000000e+00 -1.000000000000000000e+00 -1.000000000000000000e+00 -1.000000000000000000e+00 -1.000000000000000000e+00 -1.000000000000000000e+00 -1.000000000000000000e+00 -1.000000000000000000e+00 -1.000000000000000000e+00 -1.000000000000000000e+00 -1.000000000000000000e+00 -1.000000000000000000e+00 -1.000000000000000000e+00 -1.000000000000000000e+00 -1.000000000000000000e+00 -1.000000000000000000e+00 -1.000000000000000000e+00 1.593999343908414912e-01 1.567894331715272149e-01 1.545017823464334139e-01 1.525201494482301690e-01 1.511252331637641111e-01 1.497962865199125582e-01 1.490439243016810078e-01 1.486563200177454802e-01 1.485550389801062188e-01 1.492219670043675450e-01 1.500220118753575194e-01 1.511772551816227550e-01 1.530862245902817886e-01 1.552876111163927486e-01 1.578591882723286433e-01 1.608140174726143956e-01 1.639574780484168715e-01 1.675381714082647688e-01 1.713757838233597730e-01 1.754881355992951031e-01 1.795375886435032764e-01 1.835559263045494771e-01 1.873224674171889703e-01 1.917092250696243172e-01 1.944813987234849662e-01 1.973218309007436222e-01 1.993590001762406971e-01 2.017967520846789820e-01 2.039018711726623967e-01 2.056793223761968770e-01 2.071104944905792222e-01 2.076063599797072778e-01 2.087742430813409045e-01 2.095426959808754930e-01 2.107236840974453518e-01 2.114402841052851756e-01 2.121597740344062510e-01 2.128832650893581480e-01 2.147623750243556895e-01 2.163663033519349910e-01 2.179158317713885129e-01 2.224286900494920338e-01 2.270877423154301633e-01 2.330871047091648274e-01 2.433254103742012731e-01 2.527601376728240701e-01 2.675864336268001242e-01 2.828948419584768614e-01
-1.000000000000000000e+00 -1.000000000000000000e+00 -1.000000000000000000e+00 -1.000000000000000000e+00 -1.000000000000000000e+00 -1.000000000000000000e+00 -1.000000000000000000e+00 -1.000000000000000000e+00 -1.000000000000000000e+00 -1.000000000000000000e+00 -1.000000000000000000e+00 -1.000000000000000000e+00 -1.000000000000000000e+00 -1.000000000000000000e+00 -1.000000000000000000e+00 -1.000000000000000000e+00 -1.000000000000000000e+00 -1.000000000000000000e+00 -1.000000000000000000e+00 -1.000000000000000000e+00 -1.000000000000000000e+00 -1.000000000000000000e+00 -1.000000000000000000e+00 1.543006565428320098e-01 1.519558153322370930e-01 1.501763017210364926e-01 1.488404655932041021e-01 1.479722437661637191e-01 1.471660704202857051e-01 1.467916637928616541e-01 1.471774468773219546e-01 1.475476597361034536e-01 1.484503352997439962e-01 1.499409003769195947e-01 1.516030667782826413e-01 1.539804290376756701e-01 1.567501948128099121e-01 1.597284118556999977e-01 1.627782148804123030e-01 1.665651918694134592e-01 1.699764858003745549e-01 1.736485360376942844e-01 1.776014751225055421e-01 1.808638822156475312e-01 1.849794899174410090e-01 1.884328353482643548e-01 1.914469987117442540e-01 1.937991185073209000e-01 1.961134851902844312e-01 1.983171882837967137e-01 1.997938809531512316e-01 2.012818275586027161e-01 2.030776005484705160e-01 2.038490505232364303e-01 2.051297500536509166e-01 2.062240732986289626e-01 2.074370477438358951e-01 2.080811690668556424e-01 2.094865453380325426e-01 2.108930000719753117e-01 2.125876397903036785e-01 2.160767470206162444e-01 2.187196407476927340e-01 2.251451978385880792e-01 2.313182829294768428e-01 2.395490128902519333e-01 2.503149283684892312e-01 2.684411850150624224e-01 2.877936338279037387e-01 3.029145230588928261e-01
-1.000000000000000000e+00 -1.000000000000000000e+00 -1.000000000000000000e+00 -1.000000000000000000e+00 -1.000000000000000000e+00 -1.000000000000000000e+00 -1.000000000000000000e+00 -1.000000000000000000e+00 -1.000000000000000000e+00 -1.000000000000000000e+00 -1.000000000000000000e+00 -1.000000000000000000e+00 -1.000000000000000000e+00 -1.000000000000000000e+00 -1.000000000000000000e+00 -1.000000000000000000e+00 -1.000000000000000000e+00 -1.000000000000000000e+00 -1.000000000000000000e+00 -1.000000000000000000e+00 -1.000000000000000000e+00 -1.000000000000000000e+00 -1.000000000000000000e+00 -1.000000000000000000e+00 -1.000000000000000000e+00 1.480819234623099445e-01 1.468475775034954189e-01 1.462981495875840809e-01 1.457193103996844152e-01 1.456432683136409112e-01 1.458681743062864300e-01 1.463148862525387173e-01 1.476469468124722850e-01 1.489273749814906400e-01 1.510801818330403112e-01 1.532433487066841848e-01 1.560610462625992567e-01 1.589287298461997677e-01 1.621433006605239591e-01 1.656656887685272472e-01 1.693638516975384256e-01 1.728691920839905971e-01 1.756684921680729816e-01 1.798021171325914214e-01 1.827598240861710299e-01 1.862979021924254797e-01 1.891521185109292513e-01 1.917241330683639167e-01 1.935683602153829008e-01 1.958487958121475359e-01 1.974260496959991673e-01 1.992852162191201537e-01 2.002394076645863663e-01 2.018926394899404342e-01 2.030492963223676506e-01 2.043091787310666596e-01 2.060107788877323653e-01 2.071325895553468854e-01 2.090622247426168756e-01 2.114227303444043415e-01 2.142021672733623316e-01 2.185322299227604181e-01 2.235963644000983630e-01 2.307533542185611075e-01 2.451249415615892879e-01 2.554896010929798567e-01 2.730905742462319541e-01 2.921474710146464981e-01 3.133024928730848147e-01 3.345181719184391333e-01
-1.000000000000000000e+00 -1.000000000000000000e+00 -1.000000000000000000e+00 -1.000000000000000000e+00 -1.000000000000000000e+00 -1.000000000000000000e+00 -1.000000000000000000e+00 -1.000000000000000000e+00 -1.000000000000000000e+00 -1.000000000000000000e+00 -1.000000000000000000e+00 -1.000000000000000000e+00 -1.000000000000000000e+00 -1.000000000000000000e+00 -1.000000000000000000e+00 -1.000000000000000000e+00 -1.000000000000000000e+00 -1.000000000000000000e+00 -1.000000000000000000e+00 -1.000000000000000000e+00 -1.000000000000000000e+00 -1.000000000000000000e+00 -1.000000000000000000e+00 -1.000000000000000000e+00 -1.000000000000000000e+00 -1.000000000000000000e+00 1.456895654878467561e-01 1.448408194141647676e-01 1.445577230164627747e-01 1.444798405520314466e-01 1.449660471117013016e-01 1.457012581442866384e-01 1.470685788137064132e-01 1.485998692997366755e-01 1.506677016964989291e-01 1.529460101869010435e-01 1.557860785347523203e-01 1.590124127706018520e-01 1.626192220555793266e-01 1.655330610282873538e-01 1.692798758333645681e-01 1.730069915325145036e-01 1.762586204158627101e-01 1.796635972091336908e-01 1.828182306188260720e-01 1.853660380528903695e-01 1.881363188018968513e-01 1.909700409341203720e-01 1.926627487813990791e-01 1.944207452790830404e-01 1.964473371355263953e-01 1.980910530976519313e-01 1.997704587001929710e-01 2.010438918795864338e-01 2.024661449752975795e-01 2.047565461432520328e-01 2.067020005242280745e-01 2.085053325841600413e-01 2.121333808172053137e-01 2.154008360687669210e-01 2.227434344213034823e-01 2.298469967399267844e-01 2.401817962881767632e-01 2.506240882956891070e-01 2.692533406115035222e-01 2.924083298074777737e-01 3.174318818661847619e-01 3.402626150073725930e-01 3.649853491118149607e-01 3.936237262063551623e-01
