1.059649729928886821e-225 2.323325435347798333e-203 3.562407582983225244e-184 1.051216336586353077e-168 5.478172817946159403e-157 8.948815211530877348e-137 2.247632693371594668e-124 6.237244138588787066e-112 5.868227891629857673e-102 8.586677572463897109e-91 2.603244176924061627e-82 2.517763968178132944e-75 1.304509693025200426e-67 3.403747116580672306e-59 3.403099111994527368e-51 7.141782944681945458e-48 1.277163025615173405e-41 9.506522642398150892e-36 9.442859071393046669e-32 2.698352677040537685e-27 3.311810361059742528e-23 1.389889915061145657e-20 1.148107867436000939e-17 3.549325855934652939e-16 4.414088412224812139e-14 6.005812512595950194e-12 2.940661125647565972e-11 2.896387929963684957e-09 1.631109613017684789e-08 7.755916660992990293e-08 2.926908586711935640e-07 6.521678555164223796e-07 1.020111278382033483e-06 1.016457766534366650e-06 2.464397482993651005e-06 2.037261070803783852e-06 1.342680395255215480e-06 1.373957698422859140e-06 2.425513271313535889e-07 2.157464897756678328e-07 6.705418156960316828e-08 3.220439951924065616e-09 9.511416013721540614e-10 1.678355883037678093e-10 1.251284480339207520e-11 1.312230824723076274e-12 4.676974750222833367e-14 1.029169266148978720e-15 3.618659177897723222e-16 3.134987759102780393e-17 8.442442236894980445e-19 3.368542297810923311e-20 1.307885758592843177e-21 1.388456385333471362e-21 5.617772351864559218e-22 1.426732471621358686e-23 1.444445513847035143e-25 4.011524993378387821e-26 3.227463170706856329e-26 4.329503029622739941e-27 6.115190457874425396e-29 1.858182219663316451e-28 7.187125647452687864e-29 1.884885175579342598e-29 1.241455324289119281e-31 1.028012926174173175e-31 2.868570304142919147e-33 2.629376288566071112e-32 1.735282534192384261e-34 1.657623480943949537e-33
1.516932195971858719e-221 1.757706665577373840e-206 3.425071326230139251e-182 8.464667333998779025e-171 1.446432352236999647e-153 1.310186019895371590e-139 1.612502932280433931e-123 5.371995231720686759e-115 1.413335404714756017e-102 1.261632499810674861e-92 3.051405971412746415e-82 2.192489854841790506e-74 1.782528164363752399e-66 1.510776912210373486e-59 1.969704090123744019e-51 1.066032842765995579e-46 1.710559955606001025e-40 9.406423703477044386e-36 8.522353238304513245e-30 4.041966223512901786e-28 5.074813156223825398e-25 6.930764338212699966e-21 6.629403866556743711e-18 2.076815051272661997e-15 4.147524820404164564e-13 5.230429031574234207e-12 1.084661055933981444e-10 5.929385729477994996e-09 1.459803281041169089e-08 1.078626803602347034e-07 2.660173945410501489e-07 1.464070831051723488e-06 2.338803539176148315e-06 3.165556262460181748e-06 3.451809780175446821e-06 2.431578258157638602e-06 1.873305344843397729e-06 1.959941916063006627e-06 2.881027859008156583e-07 1.228358452967252723e-07 5.736300467781479963e-08 4.731006709033968652e-08 1.497298479122192667e-09 1.551243188248095005e-09 6.642736810775625897e-12 3.408442810151109854e-13 2.334718865806552334e-13 2.316261426073726894e-15 2.678044750238596069e-16 1.950919472805791715e-17 2.357117217270639457e-18 7.941131262896087306e-20 4.657227939914660514e-20 1.750911167496760428e-21 4.110465261153819056e-23 3.898891719203296156e-23 5.980122840340134934e-24 6.424308085981933699e-25 7.123547518975615572e-27 1.028279243266265529e-26 2.185019403674016461e-27 1.609305537102603473e-28 8.250972274610164719e-29 1.997453289041593569e-29 8.574417805802052158e-32 1.948357194124691208e-30 7.894621632762052735e-31 1.552964890627701504e-31 8.499160842715635203e-34 7.746622710478831943e-34
1.628318840008765702e-224 2.619224700518032280e-205 8.993578852750219094e-184 3.060200713060770829e-168 1.300565618810134598e-152 1.837677819634812181e-134 2.316994632207237978e-122 5.280751432049190479e-114 7.941086230564422161e-99 4.175631564256165965e-90 6.472636099918004074e-84 1.333216229057956420e-70 1.301941947674146291e-63 4.892549089161356926e-58 5.356030751335193234e-52 2.727256354919397456e-44 4.005205045477139741e-40 2.892608405696652310e-36 6.967677480239654845e-31 2.936557023362047872e-27 5.160271000089862882e-23 2.107385696726882070e-21 9.470520675885743797e-18 5.649734285382772883e-16 9.191777469277288655e-14 5.496171214571037998e-12 4.076491353786374347e-10 4.160939704420451346e-09 3.806521988415178791e-08 2.129333240887226801e-07 3.778263343310597356e-07 1.413769552518170502e-06 2.934838014631126244e-06 5.811766909609246359e-06 1.311633828138467954e-05 4.633029495241151442e-06 3.849483810606571815e-06 1.005199708534913510e-06 1.068921631650999301e-06 2.300729332571245473e-07 4.863745076378405297e-08 1.752873501410615176e-08 2.759238598276053493e-09 8.577796839835692026e-10 1.955960721759381911e-11 1.515826751649987989e-12 1.730488880332713288e-13 1.747352797359942808e-14 7.701307331736346937e-15 5.696875704627328278e-17 2.853138657696751941e-18 4.514536106473716446e-19 7.260650886305759120e-19 2.362722373310593873e-21 5.874512969478673991e-22 2.948323200412856428e-22 1.630826000857258597e-24 2.217445314666066292e-25 2.965236704612942213e-25 3.393244130480562524e-27 6.977348288355365009e-27 5.493486015785655505e-28 8.452302443952570478e-30 1.177116467172700461e-30 1.420032349845671589e-29 5.045214829906448179e-30 4.447429356692978489e-31 7.640737890778087123e-33 1.099000056018821137e-31 6.614585500634985573e-32
4.511266431559014895e-221 1.568757602357433326e-204 7.506402355447105676e-185 3.230345311645954612e-163 5.257538369231640400e-146 7.678261101298449916e-130 1.534675924007011480e-121 1.506541893198592754e-114 1.158383442246086586e-100 3.358062690989199832e-92 1.562884507141288484e-78 1.947448367216368537e-70 6.720657551342321547e-65 2.988275048605323024e-58 1.278998568529912195e-49 4.527061855601714787e-45 7.552110053958047235e-41 2.848358701370169792e-34 5.574372289924808511e-30 3.645796064542315670e-27 7.009095057307363049e-22 1.251629349642361886e-20 4.297644808382423657e-17 8.038860530931385724e-15 1.917042828202574986e-13 7.541487152280888399e-11 2.000062953321836135e-10 4.168532872485543367e-09 2.464210951836522946e-08 3.858939078482040310e-07 8.302935240424122405e-07 2.395218133608634234e-06 2.150012304163469219e-06 9.426691677437177503e-06 5.933647466125942210e-06 8.977254603311446573e-06 4.465881603269334622e-06 2.290130740567698863e-06 5.754191181647890194e-07 4.407230888990979682e-07 8.504740178918997314e-08 1.910334163916697762e-08 5.143666276746142222e-09 3.798261886283895870e-10 4.796175197036819425e-10 5.490419420402214324e-12 1.243451718303816334e-13 1.496320522761181719e-14 1.076664336386548307e-15 1.863481650284911373e-16 6.052941007931396652e-18 4.602342484285158929e-19 4.348442342469092297e-19 1.280853031311076716e-20 3.289251222055454362e-22 2.853442480004353405e-23 1.006932008760354873e-23 1.671581751028189691e-24 2.560876309092851354e-26 7.594030209334446216e-26 2.228251515902026324e-27 4.423689988264672326e-28 4.493055156300540633e-28 1.006228302822596813e-29 2.452698485568451891e-30 3.884111434974314993e-30 9.547329108834215926e-32 1.678594260993683951e-31 1.849003175219574423e-32 3.436112101098368102e-33
9.113694809718863916e-218 2.109995932340489009e-197 1.104612687939523257e-183 2.332553704953285748e-162 2.508014769825789912e-153 1.588902941419529327e-135 1.317301177218170272e-122 5.423146705197809687e-107 3.196123738261915673e-98 6.340111167783601017e-91 1.036697730780940722e-80 9.354143662735414354e-71 3.225228430161165821e-64 9.940657947850364500e-57 2.126209175139682894e-50 7.965498396040564571e-44 1.557137743969041315e-40 7.598611913260538581e-33 1.541062760485396894e-29 4.985290160747445211e-26 6.726339313250014161e-22 4.751948556580626389e-19 6.236865010294713677e-17 1.722391356720480274e-14 1.580259397390561449e-12 5.300324840394186362e-11 9.441793135363395674e-10 1.337116069034748652e-08 1.229321093273139690e-07 2.716139037813206655e-07 1.844743111160477693e-06 2.989288558185226742e-06 4.212494240500439954e-06 9.032371759720766443e-06 5.262026007585263957e-06 8.804305659180872046e-06 4.578541090190129309e-06 3.683264722635428544e-06 7.701235513960669221e-07 5.065368454852398422e-07 6.848290970199943238e-08 2.120199820903727207e-08 4.777250143827947881e-09 1.210923739417230067e-09 3.474527655926931452e-10 4.501626771174631758e-11 2.092175874660008895e-13 6.879500573945094099e-14 4.375980191719976041e-15 3.963248880229778679e-15 3.875466849447067661e-17 2.779054220946757648e-19 3.306852371946119209e-20 6.134847384151143243e-21 3.794003304230861809e-22 4.867938054329602163e-22 1.325994177298061222e-23 1.345616993065328256e-24 2.415554275467911059e-24 1.407244471537020514e-26 6.515289022914351208e-26 2.396695345451918740e-28 3.258579912909996475e-28 1.737414826787767989e-29 3.781380081369818300e-30 5.328321939422317158e-31 1.429260742010850371e-31 6.870251753139182263e-31 4.433770930086387759e-32 6.914031147550253286e-32
1.755709939146196471e-214 3.218411202581422225e-201 2.210111650826832007e-184 1.132985561087850680e-160 1.133340105256854840e-145 3.603714087546092057e-136 1.392800987165635221e-120 2.997943494617505944e-110 1.476697886911864730e-99 4.315707122824971946e-87 8.662879921831158273e-77 2.595641174679671792e-70 1.217975900954938613e-63 9.052472291892287868e-55 5.156352364018569968e-51 1.679578389591218780e-42 4.399908597447540609e-38 1.556508641628665687e-33 1.276082168097811564e-29 9.659911921500270432e-26 1.773971526687768557e-21 3.314476027426101596e-19 4.153232899245980111e-17 6.632731846000271353e-15 1.888794852642460420e-12 3.264861313891130862e-11 3.702947932329313721e-09 1.850471509992455396e-08 9.417285634959417392e-08 6.112203349574382231e-07 2.038588831158284293e-06 2.627681421539610493e-06 7.171563027282635312e-06 1.212620484959845943e-05 1.673107075036612637e-05 1.741180342306696655e-05 6.392414487724965886e-06 6.515996705959383576e-06 1.541817632235015443e-06 3.649274250632354059e-07 2.839366437009564894e-07 1.240680961665958169e-07 6.607148059632678786e-09 3.220232103100596365e-09 2.070769335111017213e-10 1.830270627137933023e-11 1.551467495113839702e-12 6.131942361321141381e-14 1.033639622438171250e-14 6.611584911018658795e-16 4.246417804072955498e-17 1.549063814406041627e-17 3.163118735475941986e-19 1.495692009324504823e-21 1.007053036315560625e-21 1.075436831598226165e-21 1.050799273237343481e-24 3.452239100078431416e-23 4.234135644830656976e-25 1.941354741975950313e-25 2.458293029191953589e-27 2.120517873576189548e-27 8.573325746771022542e-29 2.781825116350783962e-29 7.798625501839696980e-30 8.597095767015970270e-30 1.320089185732828458e-30 5.216312731266377429e-32 5.438614206003866890e-32 3.998300015950906839e-32
8.161902896778108451e-213 3.027451260135284396e-199 5.305156743168450897e-184 1.376972895083260792e-162 5.924421555146129305e-151 1.087631234015415170e-134 5.717931761114916494e-121 1.217202386154178150e-111 2.235497986438407433e-93 9.294872658043146108e-87 2.338108629744862037e-79 4.837428321022321369e-71 1.285765430085971719e-62 5.947053245183579594e-56 3.777128356472962232e-49 3.100483519636853478e-44 5.632753278330754616e-38 4.110436653579649406e-33 6.141853134988325552e-30 1.719539076751181601e-25 1.162595154683796634e-21 6.727180716542621626e-19 6.451070369004115622e-17 3.916908451341713189e-14 2.818571051689515972e-12 7.304770786094683302e-11 1.389746010326549289e-09 2.374997219865405339e-08 1.422750904143333699e-07 9.689448547836831662e-07 3.926963425589255030e-06 5.803452831458211045e-06 1.269185653571171940e-05 2.648664117781840619e-05 1.312614610708527849e-05 1.737715569812557884e-05 8.510432006236080078e-06 4.771150237184106804e-06 2.443406351083083382e-06 9.495843075376964256e-07 3.938292957411420866e-07 3.597383609986993818e-07 2.318834717849984252e-08 1.722933936964555835e-09 2.185120203552767676e-10 6.343577922908720128e-12 1.944531884853289293e-12 4.618176439473148481e-14 2.391559932745293465e-14 1.511823397262255034e-15 2.619495183529836460e-16 6.888800116239847581e-18 3.354355006749817417e-19 3.088276899742710611e-20 5.725987524904778660e-22 2.026661076974204904e-21 3.939181516992527983e-23 6.887568042560868905e-24 5.624594843882598568e-24 1.448593336224750800e-25 2.191918257161121925e-25 1.224176841396015032e-26 6.916974472895403613e-28 4.585558031633940773e-28 9.485826365036184026e-30 1.369767572428238173e-28 5.399387245531741573e-31 2.129863272022039800e-31 1.806159826888646756e-30 4.149642545439187334e-33
9.826199650898366610e-223 2.966202892892074912e-198 6.103418077062363594e-179 6.246393637145380863e-161 2.023468722859952025e-148 9.829912526831642603e-133 6.480528687003331245e-118 6.626316441192056527e-111 3.504043155105135289e-96 3.625794614789389804e-86 6.630329890661873439e-79 9.657197711713728689e-70 3.290814798267142216e-63 1.123587785817762533e-54 1.904113969542085846e-49 1.210027521937808076e-43 3.974806728386263323e-38 3.221604511399561071e-33 1.341991312687460641e-27 1.348086916464714319e-24 1.409210867350202041e-21 2.264570090906889236e-18 6.652863248959795982e-16 4.987621056356181294e-14 4.153742183845542388e-12 1.640710874111364710e-10 4.064218928479689848e-09 2.791431686836810494e-08 3.387396010967273605e-07 9.069307830600671465e-07 2.335731355638990072e-06 7.008448975504033720e-06 2.307330201683801578e-05 2.075465104047140936e-05 2.145778389102748611e-05 1.532477744991063331e-05 1.343802496706274350e-05 8.408146283871068655e-06 3.726039077196186984e-06 1.587590746703680612e-06 9.338426155297355295e-07 1.789846451539045038e-07 3.643640049243989985e-08 2.545582226826055071e-09 3.948770213388605772e-10 4.178741552141337588e-11 3.029265103155466718e-12 2.738998094821887691e-13 8.569175348182916522e-14 8.197235058840230659e-16 8.049298058776246997e-17 7.517834569709249541e-18 9.900353476421202616e-19 2.844032650171519770e-19 4.266472464709439317e-19 8.677198977504584374e-21 6.347516394264431572e-23 3.863828299210084995e-24 6.761018295549569264e-24 3.077333600569242849e-25 7.713941762252796158e-26 3.266736310068024504e-26 6.163312913206826567e-26 1.156594597680787158e-27 1.406734269792302906e-29 1.030663501835379165e-28 9.066457848980943733e-30 1.119799894943591858e-30 1.883471485945927313e-30 4.005738280121525452e-29
6.555573379147810870e-225 1.152748365183109825e-197 1.735821734343116277e-179 2.045595950673431047e-157 1.922402950270531605e-146 1.519880229153122345e-133 9.940981666285211155e-122 6.615748369816257554e-108 2.969400449176759600e-94 1.007357286442282642e-86 1.031288969389452081e-79 2.698742886755480885e-70 2.008853975427810801e-60 3.135495512723990913e-55 6.728217212635361895e-48 1.227216030629623556e-42 1.562740342179171109e-36 6.070978733606209311e-32 1.523640323943996178e-27 4.994993212002995591e-25 8.549176778167788624e-21 1.324951977325611200e-17 1.226872105833747851e-15 8.948211516741948800e-14 6.050466511132861261e-12 3.987208485780114449e-10 8.819923879730903046e-09 8.564801754166332489e-08 5.243083490648640966e-07 3.079019517852351514e-06 5.126050166436140440e-06 8.645760556972257392e-06 1.834879259519234330e-05 1.745309989426315330e-05 1.762072298016433672e-05 2.314219093289234989e-05 2.391188178622810970e-05 1.229781079370229269e-05 4.419638052235948197e-06 1.245264516602173502e-06 6.367465245440731621e-07 1.445152580579588947e-07 4.109704472361978508e-08 6.581516848051522780e-09 3.976215146824083415e-10 4.960581464714330884e-11 5.666446736828411826e-12 2.229854243239996766e-12 5.346241770858349801e-14 4.007388479781170715e-14 2.396880831441721360e-16 8.648766678116074508e-17 6.196587824942466267e-18 5.606157507628037872e-19 3.306619722992302531e-20 1.019652977444487447e-19 2.546653420734660202e-21 1.246025045242499840e-22 2.626077504164781546e-23 9.794613769505419566e-25 1.045219667942252788e-24 1.607339095848131037e-25 1.926205852522442842e-26 5.844513739589025090e-27 4.024193873446750638e-26 5.644474932097839082e-29 1.503057941318090283e-29 5.637683423000589922e-30 2.417843502720518930e-31 4.256759936497109045e-32
6.489994393643629975e-214 4.237786953570776027e-198 1.133508501583456210e-177 2.574657816044169241e-161 1.831772770144092731e-148 1.704759072104106728e-131 1.181562505911848756e-120 2.326528300108518982e-108 6.473393655441747124e-95 2.144331626000414921e-87 7.121560553114092170e-76 1.333692325977727229e-65 6.413942767155289036e-61 9.371556335711131469e-54 2.758158547144305970e-47 1.357772366470616960e-42 1.083265715318290869e-35 1.525835929978386496e-31 4.534906649798511078e-28 7.152101885338672763e-25 4.232390942658087914e-21 3.520078989372135876e-18 2.091861417205606751e-15 5.797581065935405311e-13 1.305345206640343286e-11 8.670271241458036345e-10 1.252636525903365330e-08 1.118958659189754109e-07 7.386924086715197854e-07 2.486319145279980508e-06 9.949142156693554167e-06 1.193513762803383388e-05 2.451266333917039513e-05 4.727162800829635546e-05 3.367811487402072167e-05 2.466964065520194099e-05 2.606732170235525199e-05 2.696615801026891029e-05 4.874758388983030585e-06 3.419938936613703179e-06 1.080852099605564273e-06 4.644744917255943249e-07 9.512746232276943234e-08 8.438140637691706528e-09 5.226481840046580459e-10 4.006090930595631433e-10 2.120250855166693440e-11 3.304942301206319701e-12 5.286410478657105121e-14 9.862724357425183503e-15 2.023723260821025408e-15 1.235652667925118655e-16 1.042391721494958505e-18 4.774736193662168914e-19 6.385014282724846267e-20 4.249205887293588375e-20 9.163662785097265143e-21 1.336842117295803082e-22 2.041464592807997858e-22 1.350183072857306028e-23 1.374756421092631998e-24 3.511816924091940610e-26 9.565737182053638748e-26 1.402793273967141581e-26 1.627542118195534700e-26 1.217333443667413706e-28 1.878602837333280035e-28 1.255135833055891504e-30 8.427623209409555746e-31 1.980309374791200243e-30
2.770104385163198360e-212 3.559362520547425525e-187 6.013202607550325096e-177 4.316875895434103284e-163 1.459551699308981061e-143 3.226980662678474459e-132 3.029121252392592383e-115 2.960799331261487277e-104 5.739926355396180121e-96 4.447980513235754406e-87 5.857366994342880849e-78 3.782790534731961996e-67 1.101598093160346970e-59 8.902660737846438208e-54 1.675638719351069119e-47 8.088004147983939530e-41 3.213274559760339651e-35 1.262230123870116834e-31 1.392188973224150476e-27 5.321597416146839805e-24 1.181217353241657832e-19 3.022431422660539139e-17 7.267676389253881604e-15 6.981300514106653586e-13 3.485605478595623120e-11 1.188472945289221964e-09 2.343843480748356005e-08 2.084867397136960504e-07 7.399805385404070523e-07 3.232953215022525588e-06 7.963592255285920884e-06 1.659899271743703805e-05 3.707835212299376060e-05 5.423287605151941846e-05 5.265757660723944774e-05 5.647330114777440773e-05 3.656390794649714957e-05 3.144380590165486201e-05 1.153113302892019073e-05 6.630075308798834292e-06 1.309111751729844510e-06 4.572525369610831106e-07 5.452415206499223706e-08 6.207016088423985280e-09 6.771470720122217474e-09 1.697665759455230351e-10 4.458820291028088348e-11 4.718936352880699698e-13 3.401816786050358002e-13 8.446983124874660334e-14 4.913093688607341461e-15 3.437972119358899492e-16 1.763674157660454369e-16 8.407582923130717570e-18 1.073149573413810402e-19 1.003908681604710214e-20 2.988255661717227975e-21 7.291752410091782480e-22 1.517425997326200893e-22 2.661992357526795404e-23 1.105107186714720606e-25 1.866541348673043355e-24 5.165301323300894529e-26 7.014534026232688313e-27 9.723280435040341309e-28 7.880534532183752275e-27 2.929721845287324546e-28 1.035332773896688171e-28 2.165689011915745906e-28 1.156901162455196454e-29
2.698657582298923414e-214 2.942685725238722924e-198 8.777587307847302353e-173 3.284080512944519178e-159 5.868720049343600653e-148 4.511893546218243359e-130 2.336526663897213394e-117 3.800493995014295525e-103 1.329222756878885660e-94 4.128446599133535221e-83 2.379248700187598596e-76 9.807456352511488742e-64 7.260504571499157859e-60 6.995021785129090788e-53 3.193951903538081594e-45 7.641112659530921291e-41 4.210680044330179626e-35 1.197083656377141799e-30 1.308862886402467449e-26 1.387257744888631943e-23 5.945029193513904754e-20 3.124797789988322237e-17 1.195690634673687404e-14 1.831529025280128082e-12 3.934760410873378167e-11 3.907687391380106114e-09 1.384659073968485023e-08 2.593405328787830400e-07 2.068215677198729562e-06 5.029653316314327946e-06 1.791957260556738160e-05 3.460451217393686380e-05 3.689947454489657641e-05 5.029124624230713367e-05 5.328925847735419604e-05 6.334822018154396758e-05 3.475494992464807608e-05 1.853596502463015380e-05 2.005142468579849252e-05 8.701585784441337980e-06 4.670204042248162689e-06 4.486286087350829261e-07 1.188479799494260054e-07 1.223203365297286884e-08 1.115159496830517968e-08 3.255306163346098665e-10 3.079807598931705335e-11 1.047796762578434925e-12 7.173695893922940595e-13 6.950756446258481648e-15 2.211876932790562046e-15 7.220245677336167316e-16 1.674522426245296613e-16 2.665334325483728643e-17 3.973891325484843826e-17 4.808881116781684696e-19 1.219346775711663191e-20 3.295294172695909514e-22 3.188921992191511142e-21 2.603906114323918431e-24 1.174418335649980853e-23 5.167276014090830135e-24 2.028785306246222822e-25 5.489094476395299490e-27 1.117915093629604385e-26 3.941110664153880239e-28 7.731330322677087619e-29 2.560947915836355554e-29 2.299511833730647854e-30 1.114489170541665698e-29
4.510228415406535012e-218 2.259792024737973385e-195 2.494550242612847147e-169 1.260064587188117006e-160 1.345536105722210025e-144 2.285756226026629207e-128 1.087164630054582101e-114 6.796631402232927649e-104 1.838718738711822819e-94 8.121795556886092603e-84 4.578982571765444657e-73 1.209200068684391629e-66 3.298980916180698046e-60 3.077891377910240177e-52 1.103670703457882207e-45 1.169966758688764728e-40 1.005529401501053084e-35 2.193234876711052455e-31 3.748688415598999984e-27 8.294753824212540471e-23 6.588828604427171010e-20 7.459391726311864585e-17 1.125080426303910058e-14 3.661334036566996833e-12 2.507370872099702699e-10 3.134193786108461432e-09 4.570534613533299749e-08 3.514102644221439622e-07 2.229397471941639780e-06 8.843924285639122825e-06 2.217303591777931255e-05 3.546520840444860570e-05 7.909154045552204315e-05 9.129374680263869916e-05 7.662379574925587801e-05 5.552549127482065046e-05 6.218401050134447674e-05 4.836419092926203114e-05 3.236865993379575360e-05 1.622838450861755695e-05 3.331369702166480497e-06 5.940815411352256483e-07 2.519298295763728550e-07 3.362707118236541939e-08 1.480105032210306086e-08 3.047844825173251098e-10 3.850561831889824517e-11 1.630373197617620758e-12 1.561786230439816776e-12 1.560717981844741027e-14 2.957612330349832918e-15 8.717742155901544302e-16 1.620696589113169593e-17 3.732399381891882440e-17 1.615699608877635403e-18 6.944069691283190192e-20 8.983483993016852478e-21 1.627251289766374980e-20 1.103896557032647883e-22 7.047049069092161709e-23 5.132120521849398485e-23 1.402917507588355331e-23 4.228998623827916799e-25 2.224853800090827539e-25 6.959361159978946185e-27 7.159299655201106429e-28 1.196700188071638412e-27 1.420603992865506020e-28 2.412680417086137856e-28 7.757989535363168505e-29
4.274063483802473214e-206 1.160729805964563245e-191 2.256346434158348095e-175 3.222344007450236838e-159 3.968182464437167335e-139 1.484613201427878540e-128 2.568870859772724262e-117 1.548906469990986353e-102 6.183350188151149377e-93 4.592115856013206160e-83 1.542338919374838479e-73 4.129830857876023722e-65 7.493766153310860558e-57 6.030740313815514868e-50 4.628494597891281457e-43 2.169367247895121816e-39 3.015716958243809742e-34 4.213501276953950008e-29 3.248327471396817269e-26 1.044001630892240047e-21 1.113681726827323524e-18 2.867213630473523757e-16 4.961794523792990754e-14 4.172245965655436967e-12 2.086710362492118040e-10 3.140123383581205950e-09 1.508634829607505818e-07 5.071344299727531122e-07 3.258570602243008143e-06 1.997762788514165799e-05 2.705685841368511487e-05 5.862326289504093258e-05 1.313197767778322904e-04 7.180905684859308330e-05 1.142321285314674517e-04 8.369426755127509581e-05 9.040621740673329676e-05 4.287889538703459522e-05 4.692529345691708032e-05 9.683906162828210027e-06 5.010765544487544439e-06 9.056887459602222835e-07 2.996130149580501629e-07 5.445569015592787509e-08 5.463125891372012663e-09 1.588993171307027225e-09 3.015125333944016899e-10 6.512551298732102258e-12 2.320331743143490986e-13 9.362541456375577913e-14 4.454415975972925748e-14 3.989680700304819354e-16 4.311474031501406411e-16 4.374673660638867513e-17 2.082884298627464171e-18 8.495157698449576726e-20 1.880057394075018943e-20 1.922772934699238413e-20 4.222900095686968047e-21 8.316445809745908416e-23 8.114372471123528877e-23 9.246857938186191107e-24 1.717158400087423004e-24 6.468941947442024457e-25 7.547145506820055071e-25 5.729663534344717189e-27 7.553160031906693708e-27 9.153418063303639767e-28 6.550964126066016623e-28 7.165737910142539517e-28
2.471962851422682542e-204 2.307383725751085902e-192 1.034272822936271144e-171 8.310598883551715075e-155 3.703032940031301363e-142 1.125753386219488105e-125 4.268807894275789842e-114 1.786559796846525868e-103 1.247337689383642544e-92 8.180556335083455957e-83 1.877723040749214421e-73 1.388994557680915942e-63 2.593190246777831626e-55 1.737263724433630644e-51 4.255865564642915359e-43 7.242640758642932208e-39 2.098254396212909183e-34 6.919821660072287666e-29 3.299692580249770599e-25 2.164379791588848493e-21 1.787501765051524076e-18 3.510613287977274026e-16 9.332818148550965463e-14 2.720324083598793080e-11 4.393171254365453463e-10 2.726494375308080514e-08 1.352419371524029298e-07 2.054912590095747487e-06 4.514016194118667180e-06 1.413312596521781993e-05 4.338200367588163992e-05 7.221547135155311078e-05 1.551930842126420169e-04 1.316884385618321174e-04 1.699279530311012488e-04 1.230344294567803332e-04 1.544282430540581009e-04 8.915159245844469051e-05 4.490397595931771570e-05 1.767069190642672348e-05 7.412874147516402239e-06 3.208904102240133574e-06 6.765981190823056253e-07 1.229739811909877288e-07 3.515264313223056407e-08 2.213519442122605433e-09 1.695626310402362434e-10 7.215549811687002080e-11 1.997468243223819392e-12 2.804598924239611567e-13 8.770613576836147210e-15 1.799565516391451587e-14 9.373919368873680861e-17 1.184600602879071578e-16 2.334169765826841621e-18 3.952127715941800820e-18 5.847043386394004767e-20 1.529084071836307391e-20 1.843586472857890504e-20 2.284717928931399863e-21 4.570870637509662250e-23 2.333861913840201743e-22 1.092981210052213707e-23 8.932178275491717924e-25 1.631016483405535042e-25 3.678800940420746493e-25 3.099717247953122427e-27 5.414289817289823668e-27 4.985774266572653210e-26 1.308980370556216277e-27
1.656703102229379169e-209 1.547252294032565435e-186 7.778731320938229694e-165 1.140498075849969717e-155 2.025210567879236782e-141 1.451562193820081923e-127 1.142631236412768683e-110 2.921358594973579522e-101 3.813783812626949110e-90 4.289817829420518701e-81 1.188613305888229289e-71 4.833944017257596151e-63 9.938376679743557369e-55 3.684709969891772830e-50 4.490847520207603326e-44 2.610536923379980710e-39 2.624551125321719960e-33 2.263076760813952536e-29 1.838325588268751583e-24 2.612735350694728673e-21 2.708063958479874067e-18 1.399419671230371591e-15 9.939769790639652511e-13 2.052578106057335379e-11 1.282230371816510774e-09 2.302903591494781589e-08 1.463174410731577699e-07 1.878941790505716889e-06 1.269534742535585528e-05 2.095738066211115934e-05 6.435869465810542089e-05 9.563486472336906732e-05 1.600300892599951718e-04 1.808637764355070269e-04 2.032786740812443963e-04 2.648955836650225808e-04 1.588148489018329846e-04 9.231605823414171306e-05 5.936705627911955090e-05 1.902697585353552184e-05 1.462525024447192007e-05 4.560350774513434041e-06 1.072144277409699322e-06 5.533766215425014624e-08 6.990579802718364232e-08 1.291667727308094932e-09 7.729268255217124891e-10 5.301510708985858899e-11 4.362626286638670155e-12 1.610235275712994662e-12 3.507920132740411504e-14 3.920843762146256370e-15 2.074010171973235685e-15 1.643363757575031096e-17 1.032866029408995766e-17 8.914091491855271266e-18 1.573217662431595601e-19 5.010126344479457271e-20 5.685746670044112477e-21 5.502941016312484638e-21 5.020328177778838066e-22 3.009358669190040166e-22 1.481448081342510356e-22 3.920707131186938435e-23 1.936537305989705839e-25 1.004947589930850118e-25 4.140777048803556303e-26 7.176977917676112333e-27 3.635091483796410862e-27 9.041536826270637134e-28
4.301405990736874335e-206 1.254098701468355407e-188 6.361668745203363792e-168 2.988373316627182546e-152 6.307514663678190804e-139 2.082330561373400458e-124 5.201333464300103043e-115 3.266358207427886309e-100 6.764956845996089232e-91 3.542165277148156980e-80 3.784415080871980885e-69 7.664720717838193994e-64 3.381147285403366285e-55 9.677154825672845219e-48 6.304902696799126422e-43 1.906160903735374911e-37 1.122001607297749359e-30 1.718460087114656307e-27 8.315431808347337362e-24 2.796290040260758322e-21 2.300040879180653848e-17 1.065405680615683927e-15 1.065350354413388331e-12 4.763678940504978040e-11 1.760557562213057473e-09 4.091383652443502195e-08 2.562311164237031225e-07 3.675927206055830527e-06 2.263078619487048212e-05 4.229110510479606078e-05 8.763153624770245393e-05 2.162743629322378888e-04 2.320506127886998583e-04 3.393469470052405831e-04 3.102916416948987973e-04 2.793373727346403520e-04 3.059173171088810429e-04 1.749100949459119901e-04 8.966008467022774377e-05 8.072877721552031236e-05 2.111995761477226789e-05 9.490451949126622208e-06 1.225182282898420566e-06 2.593620834753332906e-07 8.014061798701888267e-08 6.091115879858192088e-09 3.123428890061665958e-09 2.180930970418753893e-10 1.155060072941864383e-11 1.433510872401563484e-12 2.190324301243402871e-13 7.281921943404937696e-14 7.910751662524968538e-15 2.273272860847990997e-16 2.369597482555049744e-17 4.653977958807194996e-18 1.771223156596206680e-19 6.775248405040101178e-20 2.991157192562311360e-20 4.760332816251356647e-21 3.804720339510918602e-21 2.174057494784681647e-23 1.359678065205821250e-22 2.611159455843509895e-24 9.729137661250087850e-24 3.248514889327355900e-25 1.144846478596204459e-25 2.666552184479887755e-25 2.164964342597113055e-27 4.912753711916907898e-28
1.297912584505309249e-208 5.469691096839301846e-193 1.380700463649245283e-169 4.058608632183752646e-155 9.154798611402080912e-142 3.554249934718498472e-122 2.238524667691163489e-114 1.325031737046797111e-99 1.803123295346209526e-90 5.384331770102631070e-81 4.322049646655036621e-70 1.967093286107227803e-61 5.643778799904816562e-56 9.181127639573968575e-49 5.420898755051557387e-40 1.267435166087384979e-36 2.445234019672438018e-31 9.987959847577100565e-28 1.102868402153143100e-22 3.572817987150078983e-20 1.659277202200032129e-17 1.077966378253940777e-14 4.465156055135533537e-12 1.557499532705724041e-10 2.844207862061994615e-09 3.715749605337317299e-08 6.615916192438283139e-07 2.907443120695950257e-06 2.277599883805189553e-05 5.776630241219636109e-05 1.315187357800364637e-04 3.394815997035974210e-04 3.786453214668458636e-04 5.821458454948166871e-04 6.742159585915664033e-04 6.325389412603817920e-04 6.026369038314491723e-04 3.815784110220895578e-04 2.999335549439777638e-04 1.993951545769526352e-04 5.792348263813547891e-05 2.590290389788490278e-05 9.616483698816976098e-06 1.237901293860176959e-06 4.142656407612400800e-07 2.632399947830394209e-08 8.489469028489544285e-09 4.707722154408311853e-10 2.258565088640327655e-11 2.724363869386669939e-11 7.716044693478908508e-13 3.491095221888093002e-14 9.373586001165856962e-14 1.240066264231775632e-15 1.244946892094892623e-16 1.518870301388416455e-17 5.848011835449357217e-17 5.835322032861023401e-18 2.009818223001980646e-19 9.777632422069725301e-20 8.592496702856151439e-21 3.174552625688839976e-21 5.996034007855267510e-22 2.622165743722795171e-22 1.209503609070883928e-22 9.283026672716035129e-23 1.949389420918461000e-24 1.986771559465241736e-24 1.562324258632733413e-25 5.826214796632351729e-26
2.646691829411172890e-207 1.082572497907140049e-179 4.063618635156909581e-170 1.218045753304986438e-150 5.037372265935024546e-137 2.893882654505592754e-123 3.073573610337708593e-107 8.612611950947344428e-98 2.926228643089160482e-86 2.584367006663031195e-79 4.541354549915003224e-70 3.310004378955014120e-60 2.734848124152848446e-54 3.789146236103368831e-48 3.179457505983829740e-41 4.827366416764887976e-36 9.764533924687118520e-32 2.077411687790807845e-27 6.545833110125771294e-24 8.736722734002454747e-20 1.556511004135121342e-16 2.091364976912343688e-14 1.124353566311123628e-11 8.062486021103288738e-10 1.049142588797202086e-08 8.347658165815394626e-08 1.038745799954576606e-06 9.780962997849341491e-06 6.194256645895992270e-05 1.837529716662300865e-04 4.487473408015765124e-04 7.450279654773472610e-04 1.590563407554648583e-03 2.281618288757083796e-03 2.957148019104943043e-03 2.729509579288640249e-03 2.433424567676630099e-03 2.044129309534260634e-03 1.598224511612164177e-03 9.765637221832842649e-04 3.782178274089432546e-04 2.365091933477281901e-04 5.480092520080187324e-05 1.270515144587369402e-05 3.523121285684297815e-06 3.479452972543878452e-07 5.215279071344669601e-08 2.569271523979535723e-08 7.249253220454203051e-10 1.026730063748110931e-10 3.486890190410037395e-11 1.218771158886145375e-12 3.793506519947580285e-13 2.075001938933633502e-13 1.193613198394765067e-14 4.592917156323622823e-15 1.055558666657911920e-16 1.079554464901449894e-16 1.264274261427275735e-17 5.597365897146761725e-18 2.401184874202847820e-18 6.948692793724863740e-19 6.369262917243352550e-20 2.519431175107158106e-20 1.435802959844132283e-20 5.341390240295588280e-22 8.711762043113015530e-22 2.022625716886401396e-22 2.607853856600074176e-22 7.942298170988582247e-23
1.000358002264419629e-197 9.102455248009345804e-187 4.657108240849284059e-162 6.954928208202936565e-150 3.296466310158895289e-135 4.617192338463374345e-120 4.300679542778484365e-109 6.545064785655969456e-90 1.339812792233425091e-85 4.200821215557246865e-75 1.007003938601200774e-68 8.594985806868734293e-60 2.711678119759063292e-54 2.735602826711442430e-47 3.531297213857187041e-40 4.748037230505324307e-36 4.632117869765860248e-30 4.001470611016882367e-25 1.625887613880231852e-21 1.122997330244172935e-19 1.425823383917304279e-16 3.840927849422005824e-14 8.233508057641375963e-12 1.281556670894052707e-09 4.650657785253465286e-08 6.963749135492240667e-07 1.042677757393214930e-05 5.122279306696047636e-05 2.191289934404271912e-04 1.173902145234764424e-03 2.527442785573999050e-03 5.592647524761913680e-03 1.227882042456003055e-02 2.768795842859730211e-02 5.031792763197025925e-02 6.065222369888791099e-02 6.623194271704065106e-02 4.089195839405952021e-02 2.213549572115906111e-02 9.772526470797088943e-03 4.120581498912111174e-03 1.526915489652579767e-03 7.546629415847062742e-04 2.051747287017285947e-04 6.949401463773837763e-05 2.247256739423764683e-05 1.197588224448998224e-06 6.772493647196465790e-07 2.672398772648233223e-08 8.298505496905639679e-09 5.202653283331970310e-10 1.976694113986892454e-10 3.444519411754164697e-11 7.651932536126961307e-12 3.061253491755610093e-12 1.491932599625972264e-13 4.238389139101523230e-14 2.509287006638412373e-15 2.205465108112756006e-15 2.653837376218916836e-16 1.163537311915068277e-16 9.220218043183370824e-18 1.076412213600966690e-17 2.254742879912374843e-18 4.723055364923784082e-18 2.706255918968845110e-19 2.483412185956046131e-19 1.970659507883114719e-20 1.813001683629639324e-20 7.783359600139354201e-21
8.657974887943171723e-202 1.370150410087321091e-183 1.213748533291989543e-169 4.342597857852110608e-154 4.516658656025368859e-132 1.733421634280843425e-117 4.948668234448754362e-107 1.647638383760989934e-93 9.832783255891129819e-86 8.921782043560982519e-76 2.407589916223876943e-67 1.748730900290977239e-59 2.429019593783505128e-52 9.110167706884293951e-46 1.522918913825073501e-38 2.921486786938856502e-34 1.333351461945091841e-29 8.881315097568428542e-26 4.033360906545941920e-22 7.353646952892061018e-18 5.120665994522337003e-16 5.688811241684564323e-13 1.108807263478053963e-10 6.757740184912713596e-09 1.039742261233945300e-07 8.213154392381516483e-06 7.837417167637442941e-05 7.649221275195728286e-04 3.339261056432533611e-03 3.754095545480660295e-02 1.585798539710323030e-01 2.358819910166110034e-01 2.855226302594301990e-01 3.003591170640188546e-01 3.206758653071347109e-01 3.273983445567227868e-01 3.239238233800247335e-01 3.150399355663114354e-01 3.062358296466397012e-01 2.669005526935993022e-01 2.188278991035368104e-01 1.532909748140171002e-01 6.049688125893920576e-02 7.115117133832530791e-03 1.834033087627513639e-03 3.504979324802699357e-04 1.109405709905594861e-04 3.216350738436419551e-05 5.587796230757738923e-06 6.460257886371961940e-07 6.049440518115412545e-07 1.110528350345607497e-08 6.959086089450503050e-09 1.253463088668988892e-09 2.547962472056714800e-10 2.971203669530731028e-11 6.183420916940165338e-11 1.252880954031187926e-12 1.611321443562511840e-13 2.317091453047804817e-14 1.713798184911934871e-13 7.166935251309239831e-15 2.296330630185330512e-16 7.808413091065044306e-16 1.223951153273616897e-16 3.917298133163977261e-17 1.746822645456984345e-17 7.764050544866657017e-18 5.149624524459115301e-19 2.692113295815134118e-18
2.250147558847148329e-198 5.585822990033969334e-184 8.675344388419741839e-167 4.416916432522298081e-153 5.758441342793792530e-135 7.883655878238122051e-120 1.349142643153376002e-104 9.763530814014994528e-92 7.119289228129970500e-85 6.514121495879595597e-76 4.065838867483177493e-66 2.094960072324992985e-56 4.389963895620761002e-49 8.746873162196574960e-45 5.741684154510491862e-39 1.158805570873509124e-33 1.773891473631451622e-29 1.014048598132687348e-25 3.695243155902130238e-21 9.457536951460137016e-18 2.732788705503227521e-14 7.327357105376496200e-12 2.189466642200481388e-09 3.789394216787691057e-07 5.997842166217700439e-06 1.487691332568230683e-04 2.334924815566123257e-03 1.211690761438181663e-01 2.917377338814204912e-01 3.593819806353336643e-01 4.050055095194823318e-01 4.212419268833735853e-01 4.385096893122819584e-01 4.501957757489292722e-01 4.470851702535048600e-01 4.552644654821595416e-01 4.524571728150145189e-01 4.470646298045550804e-01 4.327787911777193908e-01 4.190815847505494629e-01 4.027616991381091083e-01 3.775245004811916827e-01 3.477817015725235827e-01 3.089863201780825297e-01 2.432118798916358404e-01 1.502611081336867049e-01 1.232247255253162387e-02 1.953067813689038194e-03 3.566384807937744727e-04 1.924185023063003678e-04 2.431609263655691567e-05 1.199176184705462377e-05 1.139861987562383871e-06 1.705655072232788429e-07 3.461588409157672869e-07 8.501838016772906987e-08 6.450274786036176908e-09 6.261372109882415190e-10 2.293958538432683525e-10 1.313302015028426098e-10 6.129507114778206131e-11 2.870629241121384747e-11 9.796923408781230400e-12 1.640040285653237152e-13 1.285872868619077911e-13 5.914113473855930823e-14 2.223763275830930067e-13 1.434838131868231634e-14 9.591560824940459787e-16 2.369718330927787281e-16
5.120058029297582284e-198 2.969689199973522864e-183 4.821832962890198697e-159 7.586780703232312127e-148 5.108293489393670557e-132 3.122547577688366835e-119 4.316831328723548700e-107 5.847280037804107030e-91 1.541177982796455343e-81 6.649513965466166405e-73 5.749064068793810963e-64 4.725018402051574669e-59 1.165573004034080329e-50 7.209387433150702083e-43 7.445550152587423438e-38 5.530124737291232050e-34 1.100259783025647783e-27 1.103144133751033212e-23 6.149073623045434662e-20 9.621877154344846471e-16 2.178222705188465679e-12 1.684566737602639671e-10 7.494198679441721850e-08 1.860970029873020668e-05 4.037515651677306395e-04 9.683487902294604655e-02 3.519686757592100923e-01 4.313160788073098217e-01 4.755675698574918231e-01 4.924467246315559765e-01 5.006216883685055130e-01 5.199322719673787896e-01 5.215145628975872416e-01 5.249025795669689520e-01 5.366657523504890781e-01 5.358433719695271380e-01 5.350528632685321861e-01 5.273368739315914544e-01 5.207771460036992872e-01 5.094747268221576642e-01 5.018557544840227536e-01 4.779608074020487707e-01 4.610415226455142346e-01 4.360868855554965173e-01 4.244893486800442317e-01 4.036285296699115843e-01 3.677989693934070048e-01 3.301561738155351922e-01 2.506456080701546241e-01 1.441784210719936066e-01 1.191102845694932619e-02 1.616201199484188552e-03 3.960268787809083997e-04 1.937731796893568757e-04 4.608205668386942104e-05 1.085671160521746070e-05 4.495998664869756349e-06 3.094243078895672696e-06 6.073997084226029476e-07 5.764630768732093518e-08 8.390700820062647764e-08 2.072596921379055322e-08 6.649010676628428477e-09 2.149717501471242386e-09 3.868199977150224501e-10 3.295969155372931900e-10 2.037726777052838899e-10 6.975522981937062409e-11 1.739124343314734500e-11 4.452095728799969525e-12
1.112018978390266387e-198 4.041049424344131776e-180 3.640530323987407096e-160 1.081465556218281129e-147 1.590964116604759218e-131 2.626944382479718622e-120 2.613557037992720642e-104 2.706028525637811157e-93 5.656554688622423804e-83 2.067454053168775540e-70 5.628403878054480089e-62 8.825276962075638205e-57 1.963559382042971068e-49 1.313129280638809205e-42 1.323810960688727167e-35 2.731857153283470890e-29 2.508698274855297352e-25 2.560745258901840538e-21 1.808039103162555490e-17 4.284828853235856691e-14 1.336601412226362089e-10 1.642289956076330238e-07 2.185275334998826413e-05 2.621753245827732406e-03 3.784161408675022487e-01 4.851180709616875197e-01 5.167857871148398008e-01 5.392969100808869820e-01 5.516119857041213992e-01 5.646331490572406020e-01 5.734764182007497935e-01 5.801236441509466379e-01 5.892140742422991018e-01 5.945244380093274161e-01 5.973688477025207444e-01 6.043634236909660729e-01 6.036434320974686241e-01 6.006861027054826163e-01 5.952104865224120411e-01 5.883043759847927934e-01 5.758329685838741163e-01 5.625529358889383991e-01 5.437362569202486284e-01 5.255648469292023561e-01 5.092135429437685268e-01 4.917363632189845069e-01 4.791266636823285352e-01 4.653381908032437342e-01 4.501497826622481990e-01 4.302367061866340103e-01 4.056127494789347754e-01 3.825739687794479926e-01 3.296348847718308939e-01 2.887743266399687148e-01 2.111171316201694292e-01 8.064728242396544677e-02 1.090709209892264456e-02 1.056498535309651973e-03 5.033920376937074974e-04 3.083976662616537802e-04 1.413392586941753849e-04 3.687818289815967925e-05 1.475305068340038419e-05 7.102297432799692023e-06 3.510160161068167182e-06 2.678109845787376692e-06 1.185479800263213279e-06 8.156639375630041923e-07 2.912034473356641459e-07 4.260795356541130888e-08
7.003657156848232106e-197 2.332665199241559634e-176 6.753926385842051025e-161 5.867733126050651992e-145 4.524839064975793296e-130 4.597515486973167520e-117 8.325360236372752497e-101 1.608004767125345646e-93 3.541293926982465692e-78 8.185797757117182885e-72 2.653188695964294594e-63 6.859989615481436135e-56 2.018423275575426710e-47 5.426300619041402725e-39 5.012113427244435608e-33 1.254892041181277356e-27 4.347597606741829638e-23 1.189703281003312969e-17 2.006958925453270929e-14 2.636376619517445461e-10 9.993934792401852166e-08 4.710557271109273983e-05 2.392627112745404350e-01 5.189955070302394446e-01 5.641233932654781125e-01 5.824994936485495822e-01 5.857804596309442724e-01 6.022079369527478798e-01 6.121644061466493536e-01 6.247084887180963664e-01 6.293893831229442348e-01 6.315984601855836322e-01 6.424739612802518041e-01 6.434951381664509862e-01 6.489643396995796731e-01 6.508980418388028433e-01 6.583060563656413233e-01 6.666516222146002812e-01 6.553792341348193551e-01 6.609203700613627275e-01 6.510453705775699484e-01 6.325176598529068661e-01 6.184165387451212581e-01 6.011958359788801554e-01 5.851940626197623674e-01 5.653036870326152430e-01 5.447134640775448400e-01 5.423295786270134755e-01 5.295895176976918028e-01 5.184102617050893036e-01 5.113903850859705669e-01 4.984228003046921596e-01 5.016715129469123680e-01 4.889444745508100820e-01 4.787478946639245891e-01 4.708363422804222043e-01 4.521009863406885154e-01 4.402652836892931854e-01 4.282503625604385245e-01 4.177517125489184635e-01 3.775936221126547920e-01 3.570485698672357100e-01 3.212697121225053243e-01 2.779000636435152716e-01 1.998873329813184441e-01 9.531158830666490445e-02 1.466513099822256208e-02 2.393553736178226105e-03 1.954942750408344716e-03 5.275724704304845213e-04
1.149889150364969487e-194 1.652295098877367537e-181 1.397710322373315094e-161 5.926684931518289080e-143 6.921343370856841897e-126 1.894283096357427151e-112 5.306886159238824199e-101 1.426735476713700065e-89 6.042025869598613701e-77 3.773789745671102735e-69 3.138645098588458201e-60 3.881535768868594515e-50 2.199960580931918744e-43 6.970712139604379993e-37 2.504709843601168939e-30 2.646373315143628763e-23 1.993230006119242869e-19 6.337476596372331232e-15 3.041086903253903547e-11 4.340708727158530690e-07 2.996261943899729708e-04 4.777995952143984093e-01 5.929326041380036383e-01 6.198849716549912348e-01 6.265787976231433909e-01 6.289236039508132592e-01 6.390027153435414720e-01 6.448298620229524492e-01 6.632394902240345003e-01 6.692952763422486129e-01 6.767449953810733554e-01 6.813857721801421796e-01 6.820905599441454692e-01 6.874632108416486309e-01 6.918844232603049704e-01 7.032430602417194532e-01 7.108112720018583408e-01 7.109697020286891433e-01 7.157837238499467070e-01 7.160239873388982712e-01 7.179431959774285055e-01 7.114147766263149153e-01 6.970964118767063455e-01 6.810048186094664890e-01 6.646992389906603016e-01 6.452235174688507602e-01 6.288122940439445641e-01 6.201135031134701325e-01 6.086065437853970250e-01 5.902679743412014846e-01 5.814656554325945415e-01 5.801106976073588939e-01 5.663007979018548355e-01 5.625556956541365450e-01 5.575431855678825155e-01 5.516925268077204070e-01 5.490133612572057897e-01 5.479833429149492119e-01 5.499515831778266639e-01 5.459728744284205737e-01 5.392316748911801794e-01 5.376658946952239670e-01 5.351514588842622988e-01 5.292299263835940071e-01 5.275294079104793088e-01 5.293733678815129018e-01 5.274914115461512010e-01 5.272548698775106901e-01 5.153090969882327954e-01 5.097110339550394720e-01
8.805986426259225811e-193 4.869848028560100596e-173 4.448450812117065832e-158 7.407307926565895844e-141 3.320442036295839659e-125 3.297201063299008135e-113 4.442005540738112397e-97 5.694388836836215691e-85 9.410666338876101542e-74 2.224492605162767019e-62 3.167809221706384157e-54 2.747765060483868390e-47 2.626594382971625006e-37 4.041454383811669005e-32 4.519758897867243576e-25 1.271352454935948763e-21 1.070943919453970684e-15 1.115315507244608633e-10 1.136709194171199712e-06 3.231655171573405167e-03 5.985769167745195185e-01 6.468397320327814448e-01 6.632353378049978820e-01 6.590652523280348118e-01 6.626922543116231523e-01 6.654089426035995070e-01 6.758684449229266367e-01 6.938417807051147079e-01 7.029441702042097395e-01 7.078688352710328369e-01 7.109914155385900214e-01 7.148064539773724135e-01 7.224991733498975499e-01 7.303669608405339853e-01 7.338837973572348572e-01 7.407743813606277872e-01 7.478453907799190725e-01 7.533789622552216070e-01 7.624821924284526098e-01 7.641158846996407572e-01 7.750213438846786929e-01 7.738828218806187431e-01 7.630084221952616597e-01 7.660213147861798522e-01 7.524283099578045197e-01 7.318560415389182561e-01 7.231492193574146077e-01 7.005676444311883522e-01 6.954189838450489658e-01 6.841602315290024050e-01 6.658598499652286229e-01 6.618566183606265918e-01 6.542499217006667589e-01 6.403930185902375616e-01 6.299100062362537056e-01 6.255880207377794155e-01 6.171282536259705687e-01 6.170307543123044747e-01 6.146196303512537762e-01 6.119453229838933694e-01 6.047832068454690457e-01 6.059501744359591102e-01 6.041204463965275107e-01 6.036767082223767344e-01 6.015848175703424339e-01 6.042257529801494664e-01 6.045943486196494465e-01 6.055947507955585785e-01 6.014081493875098605e-01 5.972411031683063642e-01
3.819153530777835731e-194 2.431702054388630437e-176 1.855233318729749682e-152 7.136159708034841775e-136 2.740359208830979863e-119 2.184861324329585173e-103 1.617915553041091112e-89 2.249479664839899881e-81 2.326680667770786858e-67 8.306447288343963844e-60 6.783344002216401657e-52 2.952700624709737872e-41 6.490787746258246891e-35 8.301168394778911009e-28 1.966104477739223088e-22 3.097515780969467910e-16 1.336942065063229049e-10 1.694055387390994285e-06 4.826659187628715708e-01 6.771818190893426070e-01 6.989571249472208425e-01 6.938994790789945188e-01 6.945531519900499662e-01 6.960020244273850132e-01 6.949398970743233539e-01 7.065336897273828409e-01 7.183009386706186161e-01 7.330834623936646199e-01 7.386393279613626683e-01 7.426359067303629491e-01 7.439888732765974622e-01 7.474002341066733335e-01 7.514682814420244883e-01 7.605610553091388670e-01 7.638174274177080836e-01 7.738330867379333844e-01 7.793240918485225821e-01 7.895200394870494076e-01 7.969987710254986535e-01 8.030833774794562396e-01 8.102090082062186616e-01 8.167453217132562004e-01 8.226131429761770475e-01 8.239503397077601043e-01 8.202691420339566220e-01 8.062015350908283695e-01 8.053691801930040750e-01 7.967170567753226740e-01 7.864671716198021745e-01 7.824168391143607737e-01 7.709179146820334116e-01 7.654250500323309669e-01 7.522868362594165026e-01 7.535992008251294338e-01 7.291907100992601753e-01 7.300214370219273441e-01 7.151166272230128351e-01 7.154734124619864799e-01 7.024511725778778137e-01 7.029110370416066234e-01 6.985906742751640808e-01 6.903962644553788275e-01 6.955310163918611011e-01 6.897054305087241266e-01 6.808407232670263820e-01 6.794735614872638996e-01 6.857071166738296641e-01 6.727685473343055778e-01 6.745101028503167617e-01 6.723035850392444779e-01
1.188167867576190261e-180 8.471821305866364467e-165 1.604594620587903533e-149 6.242880529952701492e-128 3.225531482698796200e-116 1.822022198771395912e-98 2.865701723154129484e-87 1.103381248965300220e-75 1.710215381699117227e-64 1.406090449034743099e-53 6.471430689099873214e-45 4.602098299707586201e-37 1.562684665361273409e-30 4.058271469456094086e-22 1.663600456199131065e-15 1.115777963558685532e-09 1.989799216686737409e-05 6.783458503760311231e-01 7.327489854560685911e-01 7.348710950583086099e-01 7.309103351579511187e-01 7.270256444720556432e-01 7.256770374338097351e-01 7.207191694750245681e-01 7.288670246834576538e-01 7.433874312149660879e-01 7.536241004946512279e-01 7.625600766020144139e-01 7.666887384220403279e-01 7.682285463002473946e-01 7.720197846515987061e-01 7.766017417770176845e-01 7.789431022231473323e-01 7.851643338919096493e-01 7.892215785696620189e-01 7.985464088209818234e-01 8.052202887623516325e-01 8.149184649826431981e-01 8.211228491288266040e-01 8.313426578717553195e-01 8.381021237223985620e-01 8.485238644468114932e-01 8.544621597492664256e-01 8.589097243906140822e-01 8.650897580219347738e-01 8.659563018926027533e-01 8.631251184560656542e-01 8.643075882396017429e-01 8.574490859585408575e-01 8.562327246386008950e-01 8.505517273104563625e-01 8.484616194681133816e-01 8.464261111208843946e-01 8.481338791341958006e-01 8.350000221350197815e-01 8.237394903412273983e-01 8.231598351583323536e-01 8.183446705246359976e-01 8.183685340950374032e-01 8.101958125569402869e-01 8.092427069420095043e-01 7.996442262043101934e-01 7.924856940370913483e-01 7.999307708501448566e-01 8.002669567075001433e-01 8.021536621315206173e-01 7.980914718987689449e-01 7.936385330283298734e-01 7.882104287857123470e-01 7.875834201635860676e-01
4.528430394799574196e-179 1.726672973891148186e-156 1.453768833170103905e-140 1.022478778635361957e-121 5.926157444967842696e-106 3.099639488859970925e-90 4.104707445767666623e-81 1.297579644986459459e-68 8.590098244822733669e-60 1.489912241574092454e-47 2.967208119871589511e-40 4.720172558599085856e-31 4.375539983802065284e-22 7.555682034952924892e-16 1.457092455700311846e-09 2.941213740593118979e-04 7.597945246872488401e-01 7.796550623848698125e-01 7.699510654874681670e-01 7.616942123023169309e-01 7.567656381046190539e-01 7.545066580658212896e-01 7.522822962924856638e-01 7.552553825133142551e-01 7.668610284730109639e-01 7.764053614827776117e-01 7.850754502285798297e-01 7.928302565050949768e-01 7.935189733683227775e-01 7.971269670242646654e-01 7.987464915882774852e-01 7.972915187187227248e-01 8.025893549471350141e-01 8.076575452670673450e-01 8.136178243238459951e-01 8.207629625114077898e-01 8.278222836896785841e-01 8.356356057616990407e-01 8.432252556003663191e-01 8.489461832728228963e-01 8.577600717284663556e-01 8.657687112987109135e-01 8.722316421584117574e-01 8.789530959011530031e-01 8.860950035062140628e-01 8.927082258694289951e-01 8.949914951723465517e-01 8.975816215638990903e-01 9.012421287576924955e-01 8.974915156951133177e-01 8.990140091077568618e-01 8.970169709196522678e-01 8.996561514588172770e-01 8.961643027261051442e-01 8.995870385251779622e-01 9.012724651822361377e-01 9.016140070968345910e-01 9.023731060868805942e-01 9.045233912468688686e-01 8.965165928133225215e-01 8.966818320062533987e-01 8.990973115861273790e-01 8.968190160082364359e-01 8.912681764271385143e-01 8.968120775455480365e-01 8.879693117803815205e-01 8.928525890234554341e-01 8.878429000070864330e-01 8.869249152262963509e-01 8.971547177159784336e-01
3.768067047194753053e-173 2.835105463903714528e-151 2.852335246695698194e-132 4.623141338673403378e-118 3.901472074251321717e-101 6.786384080106796534e-87 1.126561370645270104e-73 1.268834475009315790e-61 2.619530857156930293e-48 4.782687581900483490e-41 4.355119273508506870e-32 1.577401084358435633e-23 8.705883012151055489e-16 4.997608567448226508e-08 6.807393929962733958e-01 8.191360105297513794e-01 8.119499881344598435e-01 7.999622111321064155e-01 7.876271774993398589e-01 7.843305452446013293e-01 7.819138480641535383e-01 7.799749781332254717e-01 7.788894464301272524e-01 7.867760250588242688e-01 7.981961862984029432e-01 8.062224779493730731e-01 8.132205794482959549e-01 8.170528819988626124e-01 8.177677401284466630e-01 8.135748105787452555e-01 8.175645148835097853e-01 8.176393468954269439e-01 8.228461358142534765e-01 8.282034635830798353e-01 8.313042607436527121e-01 8.372982073686098259e-01 8.450331479891085573e-01 8.489690324584415748e-01 8.582838403448893594e-01 8.642752799726878266e-01 8.713284266071525952e-01 8.805429454901253505e-01 8.850813454631668575e-01 8.913379570162549559e-01 8.976270165417596925e-01 9.030827750660398445e-01 9.090728763864254214e-01 9.149971519530095687e-01 9.187673408139236386e-01 9.204220532501234953e-01 9.220468484104294982e-01 9.233776360540193462e-01 9.247212283348229533e-01 9.269979059460460302e-01 9.279462750461483500e-01 9.316627273857031044e-01 9.343246711494247458e-01 9.360039459393302286e-01 9.354892464057960044e-01 9.382566140157749812e-01 9.360861968985652037e-01 9.414272584379608233e-01 9.384513848223022814e-01 9.397225442639790538e-01 9.444001772726029476e-01 9.412620534814631901e-01 9.404601892678905450e-01 9.383727464454159062e-01 9.410420926596976265e-01 9.403289642268379822e-01
9.422323714043294416e-167 2.293649243666625604e-144 2.476285297850019377e-124 7.087206230677352636e-104 4.582769493611092928e-92 2.027416066022870359e-76 6.208320914553175296e-67 2.260395534568692865e-52 1.152581394922391984e-39 3.589175462105921901e-31 1.383820187772346107e-22 4.158195420104985000e-16 3.495981376935813286e-06 8.345130226558234998e-01 8.569680206794353383e-01 8.459996754134625485e-01 8.282119190529660946e-01 8.171453567438694554e-01 8.105407912695909989e-01 8.107808620647370956e-01 8.061394166733795164e-01 8.001245831747194615e-01 8.051730515464384785e-01 8.139868484117211977e-01 8.237360313707136061e-01 8.302816786639315438e-01 8.361673982226843771e-01 8.353312969996005144e-01 8.351438700163817952e-01 8.339279401078585341e-01 8.348294711678742042e-01 8.360589717339854676e-01 8.391166807371847058e-01 8.430179337786161131e-01 8.461274655121043820e-01 8.532616919525531918e-01 8.558632610330323409e-01 8.625345705575127031e-01 8.672209006894542327e-01 8.749868334942347836e-01 8.827577181313613908e-01 8.886255591078286997e-01 8.946533111139889360e-01 8.991783082683236783e-01 9.045667432233269745e-01 9.094491728308036205e-01 9.140515280019835265e-01 9.212210170444631308e-01 9.264637407147449100e-01 9.291098009835985216e-01 9.324425345133230403e-01 9.360858595134476934e-01 9.372735248978076861e-01 9.393282968464302662e-01 9.412127986471506835e-01 9.426991266847499773e-01 9.449167144410344221e-01 9.464393349662630905e-01 9.481033705758499242e-01 9.494805836264275101e-01 9.531289858985151353e-01 9.524542783444397420e-01 9.552444279156405704e-01 9.559432980615670816e-01 9.576713649005196283e-01 9.587407498325358768e-01 9.591993354064054511e-01 9.610744569519750202e-01 9.615084435891970704e-01 9.621462888426753901e-01
2.306316189374327573e-156 4.395638462062762413e-135 4.801990091438460255e-117 3.125198421427303945e-96 3.241732821133630762e-82 1.552384788234948267e-72 1.215817394913813136e-55 3.678837460956120750e-42 2.413704961049154832e-31 8.510882119520664724e-22 2.176525474352317610e-12 4.627243917559117512e-04 8.926532133535608482e-01 8.856550584829931960e-01 8.678071123791426533e-01 8.510791113344060577e-01 8.430665028452402066e-01 8.363929990905462075e-01 8.353793830236528883e-01 8.331250787641623079e-01 8.235264902484987770e-01 8.233887417717009605e-01 8.296138121879444993e-01 8.399771378465340499e-01 8.475142663411001642e-01 8.540713080737662999e-01 8.555570709861082257e-01 8.513380407220852986e-01 8.494483963910713920e-01 8.479542070490759809e-01 8.497945240202219308e-01 8.505566546594299782e-01 8.537192653373050222e-01 8.570860854640481863e-01 8.597928212169962947e-01 8.660174512750006270e-01 8.685500684594346099e-01 8.756628512225849148e-01 8.802821327137966279e-01 8.855660845019308614e-01 8.920765635483525191e-01 8.984152991029497048e-01 9.016826970072365777e-01 9.071852563757138999e-01 9.110363156462286671e-01 9.156658318674659736e-01 9.206401791290039771e-01 9.249311076615048810e-01 9.302411631661118285e-01 9.333805673091898347e-01 9.367278921275140613e-01 9.399984239341576675e-01 9.416796565697795884e-01 9.448361627216503855e-01 9.459570962831101992e-01 9.481707725511171470e-01 9.500049720449050827e-01 9.516229487303590195e-01 9.523159407721113467e-01 9.539427929863515399e-01 9.556024942151939428e-01 9.565344136348061799e-01 9.591481122993293917e-01 9.594751412283792913e-01 9.613474622180433471e-01 9.618211622325644194e-01 9.634918721264071895e-01 9.653423798988640669e-01 9.658067702107036023e-01 9.678912128311916163e-01
1.694876790423856399e-145 4.264311129515139089e-122 6.501542347775511059e-103 4.282572049906493193e-89 1.459793410935475896e-72 4.260222040575220450e-56 6.853610505946301292e-43 9.434646689258264497e-32 2.085688018325428279e-19 7.292138113654428799e-10 8.691633108359770876e-01 9.247464154658850966e-01 9.072957327092425750e-01 8.903255488939012530e-01 8.767038356626297713e-01 8.664487035263718218e-01 8.595971898505690989e-01 8.566867086664026187e-01 8.558344822703224386e-01 8.456423354963397143e-01 8.413457334708531743e-01 8.456922780334381606e-01 8.537499969198164562e-01 8.625939043058540312e-01 8.672561819489664758e-01 8.698442412683753400e-01 8.690816665085963066e-01 8.650308201680230180e-01 8.640009482923572959e-01 8.620225163657193601e-01 8.616813172210552318e-01 8.653552400321721239e-01 8.659405321098631036e-01 8.681523493853663398e-01 8.715610521967068758e-01 8.775619982395624907e-01 8.788658700840258353e-01 8.842515754297185504e-01 8.896285956061699141e-01 8.944804827173500339e-01 9.000190116971473753e-01 9.050889649212939814e-01 9.099265084825408634e-01 9.139287071248802796e-01 9.171793950481672564e-01 9.203424782069857812e-01 9.231510094516308662e-01 9.274905422018802081e-01 9.326672229988274276e-01 9.360363416680568260e-01 9.396186700558222249e-01 9.422798110860328702e-01 9.452592485776183384e-01 9.469613766500400986e-01 9.497495226538820168e-01 9.513353385010809848e-01 9.522005434616188646e-01 9.541735783630509449e-01 9.559776123361223288e-01 9.565181746521935757e-01 9.583795466756397374e-01 9.596115728724423644e-01 9.607529938232116651e-01 9.618121555892620300e-01 9.629427304622029116e-01 9.634324743914373101e-01 9.647714913203608855e-01 9.658879246611693503e-01 9.665968282601017370e-01 9.682942038430770726e-01
1.902880983748050169e-134 2.148470923360155105e-112 1.860430792912074165e-94 1.077071668693390114e-76 1.673482259499933653e-58 1.222191873873416392e-45 1.299671062933601635e-31 9.175797281651578886e-18 2.589570726025186796e-07 9.454877544872093420e-01 9.428418680743416713e-01 9.265713912979549605e-01 9.091768779986288962e-01 8.987291083155652949e-01 8.885505947553811179e-01 8.789922058597604559e-01 8.770288886444443932e-01 8.746795980599139098e-01 8.664893899481147521e-01 8.588478858757635503e-01 8.627163843853822289e-01 8.676615276783431474e-01 8.762151434854463794e-01 8.806217596461639596e-01 8.833504951135588978e-01 8.834336028682644448e-01 8.815153945666298618e-01 8.791797814282090728e-01 8.744804829366460419e-01 8.729922963352798604e-01 8.742375047459315374e-01 8.764185901680174862e-01 8.773185985984884860e-01 8.809315259920762475e-01 8.833113166261089555e-01 8.866560217997125903e-01 8.898911896625539830e-01 8.936750577314069854e-01 8.986671757407009853e-01 9.022451267267552755e-01 9.066939454470523962e-01 9.118036039872046139e-01 9.167143563617689006e-01 9.197807925391289219e-01 9.236254428284421669e-01 9.267073332958550846e-01 9.280716190789751741e-01 9.308300296363498649e-01 9.339265568850123600e-01 9.374380381052009881e-01 9.411279672151843245e-01 9.452513129582709173e-01 9.480580803592972838e-01 9.492034209293584990e-01 9.514837004370674256e-01 9.532721150672541777e-01 9.543541363478307282e-01 9.559962443986468328e-01 9.573423619439056509e-01 9.587138750707369095e-01 9.598296522684709453e-01 9.617967404264937681e-01 9.626838442839328325e-01 9.627779910072148395e-01 9.639744203533796574e-01 9.653316380896941329e-01 9.662149659831867909e-01 9.668884842496602294e-01 9.678923570190928194e-01 9.688606565333987009e-01
4.367888583349765395e-117 1.300947885881468306e-99 3.284207890373877180e-76 4.287991137620745898e-62 3.331980939443743071e-44 1.865428999297888629e-29 1.605429564673020672e-16 4.500668855567122040e-01 9.668080174206922228e-01 9.543611716940555434e-01 9.397457237480061343e-01 9.257739541135384664e-01 9.147418421404973632e-01 9.067860679190888895e-01 8.982969268417415609e-01 8.938859589586025667e-01 8.940457524432586789e-01 8.855084098175408647e-01 8.789247863786198156e-01 8.799157787341805870e-01 8.806658655337054054e-01 8.872969094378191368e-01 8.915096881130558648e-01 8.950484104535781915e-01 8.951257856754587516e-01 8.943628117013423529e-01 8.910566990861051861e-01 8.884263399742412526e-01 8.858591929787786867e-01 8.851345329781514781e-01 8.855070397323819842e-01 8.866603481720344293e-01 8.878538919006266905e-01 8.900763186737009613e-01 8.925031448619725749e-01 8.964165843782700982e-01 8.984182244392436845e-01 9.017691391555086033e-01 9.052966820103527379e-01 9.092882154420395269e-01 9.129744680176833382e-01 9.187367824191231547e-01 9.213175951517317275e-01 9.260690996096336836e-01 9.287970587768379360e-01 9.311598680880648349e-01 9.343087686441086115e-01 9.362823034943444922e-01 9.373154580101232813e-01 9.400545807929857611e-01 9.436431409786495417e-01 9.459132498168102421e-01 9.486091046051259301e-01 9.516438305690591015e-01 9.534200545956651451e-01 9.544850511734428444e-01 9.562282884853062770e-01 9.574649837326429935e-01 9.588934092242542562e-01 9.595813462430642371e-01 9.612588846342743354e-01 9.626310463456640987e-01 9.634703009825562603e-01 9.646311134546731170e-01 9.656643774758102428e-01 9.665027955362822665e-01 9.676259527084298817e-01 9.683467172801406564e-01 9.685303201225891057e-01 9.696694867970627740e-01
2.949884584153188017e-104 2.123012238794086418e-80 2.046025280010009879e-61 8.479686451495501509e-44 4.637272239666121136e-28 1.111584007812182130e-11 9.715462301859048022e-01 9.758427325524102747e-01 9.649634446221735384e-01 9.526616170125021821e-01 9.417426658547001228e-01 9.322064121984673379e-01 9.236667216667908686e-01 9.178652481058299228e-01 9.113489345938301511e-01 9.118658363099324538e-01 9.051984465582296746e-01 8.969442282076981465e-01 8.924776450987889076e-01 8.934932902694625589e-01 9.001870656869370713e-01 9.024133005671590713e-01 9.067264801617846981e-01 9.085980950812213575e-01 9.079662903718921374e-01 9.042750619057875472e-01 9.011096288912040508e-01 8.976410721272184423e-01 8.956403051628376577e-01 8.950525565484789281e-01 8.952177325966724775e-01 8.964184521869431599e-01 8.991444961780102885e-01 9.002898231069254020e-01 9.028204624807231182e-01 9.047604577984185159e-01 9.073970616889226459e-01 9.115818953042427175e-01 9.126023239008401733e-01 9.168549861344204022e-01 9.191297576527398538e-01 9.237665176196502292e-01 9.270770295747853273e-01 9.312794476592216597e-01 9.345404043124322380e-01 9.377867762960974130e-01 9.380835631558966936e-01 9.409675491166742400e-01 9.422386321487258298e-01 9.438871964279357263e-01 9.455656344222862497e-01 9.479738978964245000e-01 9.503038131279586409e-01 9.522559151974034908e-01 9.550680397781932118e-01 9.572864445678630485e-01 9.584600359070992726e-01 9.592944667891375454e-01 9.604618670665735491e-01 9.620003893855900712e-01 9.627499227800381254e-01 9.638714655569916578e-01 9.647682454219163040e-01 9.658076509251151132e-01 9.660841616388281539e-01 9.675384849305495027e-01 9.681685410883743570e-01 9.691846392533818300e-01 9.696868616735200286e-01 9.709452154652418177e-01
1.633347132233166461e-82 1.313042173338386934e-62 2.500499778403448552e-41 4.926602782387873953e-25 1.000659153815662407e-07 9.878117523487808249e-01 9.828123903130059347e-01 9.733009137407357958e-01 9.633762208145532080e-01 9.540831007406910258e-01 9.439348525606786611e-01 9.368196458611595112e-01 9.336032463794448066e-01 9.260808100179441782e-01 9.232423864969852012e-01 9.216679922356305621e-01 9.139964326056321253e-01 9.062505301726330176e-01 9.069516795372498663e-01 9.082777439067042380e-01 9.153847959332740425e-01 9.150002672501742484e-01 9.156325437346776175e-01 9.170612101636167468e-01 9.175812584244067427e-01 9.134777459495794227e-01 9.096227582634797137e-01 9.075493319109312340e-01 9.057682615018204375e-01 9.049150073357680180e-01 9.052973650611412237e-01 9.067561948675509909e-01 9.072625657261104148e-01 9.097293372330649275e-01 9.116647666705260944e-01 9.139028829828766964e-01 9.161176557256244246e-01 9.179973947490984720e-01 9.204674734137280323e-01 9.233051158359666388e-01 9.263092209802311627e-01 9.296707525284133578e-01 9.337962795607142041e-01 9.362285033888185781e-01 9.387665316267674864e-01 9.423395919096529960e-01 9.447412371080194937e-01 9.459218820371348979e-01 9.468297563566829833e-01 9.489058414994473445e-01 9.501830683957616097e-01 9.511208603864188538e-01 9.530301620011631947e-01 9.551490951834068488e-01 9.571058961634857365e-01 9.579627551008562669e-01 9.603085903521332289e-01 9.615569243792421172e-01 9.625159147374882096e-01 9.636730565816603589e-01 9.652159330642219315e-01 9.652007174918927346e-01 9.662996070582735575e-01 9.669061859124585823e-01 9.674022607139158847e-01 9.677637458985589580e-01 9.691134564704509957e-01 9.695314337164404606e-01 9.706668860369149776e-01 9.708314679348633014e-01
3.881570481912730907e-59 3.624433480476163609e-40 8.447381210509363673e-21 9.586289784132665526e-01 9.930099096753617349e-01 9.870193868140720861e-01 9.809602929412948313e-01 9.723436833718225314e-01 9.644570439828512587e-01 9.562753887313579781e-01 9.516756310655393181e-01 9.472575873352785392e-01 9.391788765723315668e-01 9.362555888298419449e-01 9.362035159135816409e-01 9.298621137831043493e-01 9.224128207812358760e-01 9.189098013580436763e-01 9.215458061496188957e-01 9.228737947605983871e-01 9.256750529867874278e-01 9.279012033472087140e-01 9.292205483783592124e-01 9.274078287238995966e-01 9.253531488769014546e-01 9.205446928847775823e-01 9.169138023521550274e-01 9.144970969007935047e-01 9.143439356972864474e-01 9.152654472281844811e-01 9.153384593363264043e-01 9.150744291919574724e-01 9.164282514295215565e-01 9.189908284954404483e-01 9.197704992874595753e-01 9.223925759405999791e-01 9.242953529441712002e-01 9.253704612834152687e-01 9.278270491413538323e-01 9.313997742649509082e-01 9.319927304175286142e-01 9.343681076092162918e-01 9.384064691619915521e-01 9.415853413837932395e-01 9.434591033297597962e-01 9.463383471979766037e-01 9.488760604259893761e-01 9.498281773096878267e-01 9.510877017446429660e-01 9.530344477795602565e-01 9.537547181365377824e-01 9.546207527627755818e-01 9.560323602243278041e-01 9.579387189435719652e-01 9.589153204693366961e-01 9.601176476108501667e-01 9.623386516686205372e-01 9.634459618520602175e-01 9.649750445713328739e-01 9.661176323400124666e-01 9.663280727167381512e-01 9.674961078966874961e-01 9.685095948599387050e-01 9.685217435102357886e-01 9.698392446426006286e-01 9.699771850030429743e-01 9.701716519977494624e-01 9.707854873459829115e-01 9.717267270985974204e-01 9.718760900883334219e-01
1.788303862850709395e-35 2.746278853871557495e-13 9.961866718891521089e-01 9.952906220461692488e-01 9.916368474595622651e-01 9.856045889919861080e-01 9.800072535802101248e-01 9.735543675875599767e-01 9.679289443369286650e-01 9.615986637047257979e-01 9.567134065364235607e-01 9.542572481747580992e-01 9.483323986294115437e-01 9.465196923894702019e-01 9.450578383410214167e-01 9.355605227591820006e-01 9.313543350072519544e-01 9.300133611946879153e-01 9.326877066395028448e-01 9.362645501215637323e-01 9.367781238868544413e-01 9.376958640020678359e-01 9.381322728106661346e-01 9.354185313711307348e-01 9.323667917107629766e-01 9.285575978494733373e-01 9.244034783704333513e-01 9.221172634247027933e-01 9.234964511132853771e-01 9.234733353689186242e-01 9.255182840670663769e-01 9.253137858297595386e-01 9.257789227227889439e-01 9.282178914224471500e-01 9.294608316769134015e-01 9.296381247240765866e-01 9.318755422386757470e-01 9.333704513961093019e-01 9.354956088753156873e-01 9.374601104434556742e-01 9.379277464764788075e-01 9.415570450970126570e-01 9.418162592877251660e-01 9.458485558684444072e-01 9.484774297048944591e-01 9.501774761041209549e-01 9.536135390025533010e-01 9.546768893771053754e-01 9.570748065959179263e-01 9.576962673288420547e-01 9.587761901874373160e-01 9.591612799057337435e-01 9.599110904300465208e-01 9.606750639995088603e-01 9.612480842858275309e-01 9.631132583224577548e-01 9.642426611900587474e-01 9.656336936629769108e-01 9.662626467690642595e-01 9.675424252335861341e-01 9.689070225558131799e-01 9.701311806128126713e-01 9.705294815448549661e-01 9.709478745613665529e-01 9.718739522312475065e-01 9.722431352649560932e-01 9.725541202090411952e-01 9.734182301320248865e-01 9.733665009344606434e-01 9.735850664661218623e-01
1.349821237495497717e-08 9.986388308286496818e-01 9.973673965776711503e-01 9.948058548347502583e-01 9.913645960819961189e-01 9.866484096638292733e-01 9.821427909581248450e-01 9.768795543006638660e-01 9.722736515566547943e-01 9.674552883517505419e-01 9.654642633226937498e-01 9.600765758886546930e-01 9.565400568831896599e-01 9.567069139566728442e-01 9.504252023965293894e-01 9.453251936551871903e-01 9.430849299659628260e-01 9.434483135149437372e-01 9.460168456323979624e-01 9.470507587722666321e-01 9.453537824004791812e-01 9.476738375277734550e-01 9.466168198154193414e-01 9.428536879942286397e-01 9.395179951957830511e-01 9.360516206789130100e-01 9.346852537760377277e-01 9.337019254711059757e-01 9.337134775710502765e-01 9.333809885580209853e-01 9.330916259235085830e-01 9.340516076190683581e-01 9.343961234667106375e-01 9.370175686561618145e-01 9.371999427153222539e-01 9.381334365664963926e-01 9.379197559607151957e-01 9.399773556710785405e-01 9.418700613492236862e-01 9.438014257882743063e-01 9.457067078849290542e-01 9.463735412166085492e-01 9.483105499729445054e-01 9.494067788707483135e-01 9.532018449909324120e-01 9.559643295568827082e-01 9.582466912026452732e-01 9.599052027191637970e-01 9.603187984963041934e-01 9.624729375702710810e-01 9.627300894805342901e-01 9.638272575761203109e-01 9.634908001606896644e-01 9.649590697128953565e-01 9.663166610521355393e-01 9.665830449304918526e-01 9.671453169220545210e-01 9.681033952779576346e-01 9.687962029122190177e-01 9.698938741452637347e-01 9.706006151789372538e-01 9.721264166066250212e-01 9.719804939460245929e-01 9.733206577162141215e-01 9.741457696677737754e-01 9.751576287899385020e-01 9.753175026085093569e-01 9.760772681470379908e-01 9.755752722064453542e-01 9.760720132981737240e-01
9.994121792094545764e-01 9.986678361744660837e-01 9.971897873600039652e-01 9.947585723595937512e-01 9.917327762225277565e-01 9.878325613768462743e-01 9.859695985433092336e-01 9.824742034933733326e-01 9.781478086811111750e-01 9.758231020108324438e-01 9.707285114264405657e-01 9.671576533598420511e-01 9.665575265370002223e-01 9.651143814199757420e-01 9.575619715023240275e-01 9.561015036697195768e-01 9.539178185740431193e-01 9.543394719634485934e-01 9.554582766954884399e-01 9.570146105721301089e-01 9.559932958483943199e-01 9.564631061408731538e-01 9.531716352956789429e-01 9.508537933812242215e-01 9.476215967330748891e-01 9.453404148650830230e-01 9.420891112005470580e-01 9.414771057987443292e-01 9.421828264106226758e-01 9.410017146657422282e-01 9.428616285559692223e-01 9.444818407522456161e-01 9.435953233995248990e-01 9.461068040497968568e-01 9.456610540418350919e-01 9.470441315048665487e-01 9.473060147356162641e-01 9.498112354509102850e-01 9.504635125630206405e-01 9.520792188846953774e-01 9.527581972560644763e-01 9.537449757262205230e-01 9.546005410546490877e-01 9.558334567560620165e-01 9.583388998052535523e-01 9.608205579257359519e-01 9.628814965651838476e-01 9.642392559832920762e-01 9.659542685968983688e-01 9.661052727818763008e-01 9.671083385232471796e-01 9.678454318960431069e-01 9.690516298729059397e-01 9.690165499166731866e-01 9.700592669409061619e-01 9.703448889265456900e-01 9.710849663896061745e-01 9.712219072265427799e-01 9.721299828229655882e-01 9.728083150581740002e-01 9.736978496121937443e-01 9.744373317192035477e-01 9.755468545310068684e-01 9.747234141125389328e-01 9.764875448220456944e-01 9.774465944791582706e-01 9.775432283185240268e-01 9.776246098826909536e-01 9.784327697652797085e-01 9.786119258723184888e-01
9.995093896139881640e-01 9.987582028958414959e-01 9.976546407902338043e-01 9.959720901974684626e-01 9.941583739713579781e-01 9.920783608226483308e-01 9.893898154432262393e-01 9.862844933261198932e-01 9.831470468572830468e-01 9.808034654257216101e-01 9.775884600699024096e-01 9.758188633477269391e-01 9.755797871893500117e-01 9.714634537828924499e-01 9.663199145721538263e-01 9.639439564974183750e-01 9.644268828979082331e-01 9.656105941395258796e-01 9.668757356960065996e-01 9.659059187827470083e-01 9.654357353221265647e-01 9.640170036620385741e-01 9.623845520320237767e-01 9.582828487368543202e-01 9.551396177509851038e-01 9.532714014029642913e-01 9.532013652852046048e-01 9.511535195494427164e-01 9.522176633346892682e-01 9.528246996723173101e-01 9.525512715806979669e-01 9.524720797152093077e-01 9.529698822006361647e-01 9.520993084734049594e-01 9.546903120813605703e-01 9.542146063228085229e-01 9.559449569029477844e-01 9.573891962576771553e-01 9.570782813111867737e-01 9.586603321457738414e-01 9.594062050422030863e-01 9.600080386298956991e-01 9.615952353016666843e-01 9.617265232586703627e-01 9.643701722612011418e-01 9.657828839072921667e-01 9.679071130481168295e-01 9.684422389754345772e-01 9.689837500014877314e-01 9.716523250289975655e-01 9.714752843955050121e-01 9.726455147396538825e-01 9.723842539186865475e-01 9.735839762281077725e-01 9.738158232186939767e-01 9.741048660848011798e-01 9.740494680123101823e-01 9.749229991722705435e-01 9.751807826647098665e-01 9.760512155151549463e-01 9.763940017322155773e-01 9.768592800420262678e-01 9.771123179567972050e-01 9.778172573703716175e-01 9.792686770317703404e-01 9.796589470666491328e-01 9.798152565690926297e-01 9.798258164020017258e-01 9.803155005731518656e-01 9.805350395083072268e-01
9.996107756322398785e-01 9.990290939203649856e-01 9.983745286024758858e-01 9.973650861045930682e-01 9.957177562396438697e-01 9.938406542834599122e-01 9.925980461190431203e-01 9.904915575610903078e-01 9.888502287101841315e-01 9.856195764799043912e-01 9.844314966116610721e-01 9.826670887261826914e-01 9.801957447233211607e-01 9.767232085012355070e-01 9.746781649760757338e-01 9.743865904560687907e-01 9.743503205052493898e-01 9.740245731333074808e-01 9.742493789510864310e-01 9.734605668486393526e-01 9.718453290401625200e-01 9.709779437731460572e-01 9.670369363853615896e-01 9.666427402209195607e-01 9.628187051800861651e-01 9.598990385337983211e-01 9.604431096720684735e-01 9.589169724166679565e-01 9.599010782516367302e-01 9.598493570915278550e-01 9.592887772207326913e-01 9.596683773700296349e-01 9.603579085806993598e-01 9.604270958138102499e-01 9.625892267111221257e-01 9.627608671395845308e-01 9.623592853686544490e-01 9.622271331736471645e-01 9.632454043488859474e-01 9.643869587484195094e-01 9.655207103145680980e-01 9.647732655250546019e-01 9.667896902167272266e-01 9.672199303327503328e-01 9.683969479507954503e-01 9.698220910443235976e-01 9.705867677354331757e-01 9.721495696659232522e-01 9.725863017227552865e-01 9.748957705161955811e-01 9.759939187463918531e-01 9.763210507894317658e-01 9.768297150835852927e-01 9.764668647768559584e-01 9.773329666745352862e-01 9.774643575242080162e-01 9.777026011449334586e-01 9.784455931113327232e-01 9.784278671694203178e-01 9.781625131692757158e-01 9.786648269049755822e-01 9.795682848337893267e-01 9.800325673586578468e-01 9.799865287925815238e-01 9.806195668348763883e-01 9.810732817449034915e-01 9.811210583294608378e-01 9.820866419781019152e-01 9.822962496878439032e-01 9.829372085555992955e-01
9.996790299022048076e-01 9.993249068758972564e-01 9.988372933806771714e-01 9.981260584074514997e-01 9.968516441434627229e-01 9.958632488910380554e-01 9.941059799298057609e-01 9.933042514057571770e-01 9.910736274157166958e-01 9.888884512764070100e-01 9.876825880295624360e-01 9.869171874065728600e-01 9.843834977092713601e-01 9.813516782865427945e-01 9.796837976288836902e-01 9.797558950824715174e-01 9.808213615514426165e-01 9.796170850384207096e-01 9.785454309294834285e-01 9.779551307483569378e-01 9.773591145699238592e-01 9.751313389724495240e-01 9.725660341791239061e-01 9.691975736902210814e-01 9.680620370294495958e-01 9.671480208914345900e-01 9.657871357956704372e-01 9.651720785720027118e-01 9.649302660838677825e-01 9.651709954911180667e-01 9.650621819445615035e-01 9.649414738497029687e-01 9.657584836359595082e-01 9.658038537470521323e-01 9.667088711008547941e-01 9.665917847010082609e-01 9.666582268481929141e-01 9.679219720813793115e-01 9.683006748658463669e-01 9.678107943106309952e-01 9.692487673902278056e-01 9.706158859159080832e-01 9.705648451729896875e-01 9.701621130256219416e-01 9.720932465182345883e-01 9.723222211804750659e-01 9.743262090055109237e-01 9.749699761507382156e-01 9.770095172436933373e-01 9.769848379339773903e-01 9.773078433522586206e-01 9.785141867479660860e-01 9.792028111257204959e-01 9.793408772022479392e-01 9.795676284168868264e-01 9.799337677568022986e-01 9.801233923132360859e-01 9.802741596180486461e-01 9.801946421502953921e-01 9.806877174358179516e-01 9.807325888746449838e-01 9.808363878156162174e-01 9.813998821501932479e-01 9.818887861123749561e-01 9.820712517573313427e-01 9.825869038556805934e-01 9.826625040700325275e-01 9.828667651822360352e-01 9.835832591561901594e-01 9.837902925388003483e-01
9.996778334330895799e-01 9.993906378095192000e-01 9.989203717633505786e-01 9.981198941453874873e-01 9.972571998752044475e-01 9.962906436481330230e-01 9.951070570557190020e-01 9.941502115995823896e-01 9.921556163485721891e-01 9.911886807827804402e-01 9.898200033991350066e-01 9.878561211364285111e-01 9.848968155928855550e-01 9.841616233879146858e-01 9.832720542200270586e-01 9.829400560152828925e-01 9.823311445304995226e-01 9.823684997109748407e-01 9.815582687334020173e-01 9.807038971205931377e-01 9.792662355240461247e-01 9.764490868495270259e-01 9.736281016487328133e-01 9.722794716601445009e-01 9.710323742604066721e-01 9.700423267853623965e-01 9.695927969239890309e-01 9.691710316702787376e-01 9.688708566476285089e-01 9.685896271549093717e-01 9.687639154329218405e-01 9.684176001242682519e-01 9.680828675337279643e-01 9.690207142255861106e-01 9.691016713216891176e-01 9.697385937710554238e-01 9.698890315861163902e-01 9.703322866220687182e-01 9.708707829632056141e-01 9.708491895941405714e-01 9.716206201090979988e-01 9.720269977877991074e-01 9.725541580269323472e-01 9.726439743655316272e-01 9.737241038982287211e-01 9.742055108992189183e-01 9.752828895165701617e-01 9.758053137906834706e-01 9.766236252116892169e-01 9.781192871906048136e-01 9.788463083141166754e-01 9.797655006510597175e-01 9.803051454592183189e-01 9.806713373009172674e-01 9.810126498157123454e-01 9.809387050232869498e-01 9.811415577905736596e-01 9.817855356243985199e-01 9.817763409964715970e-01 9.816356281568512365e-01 9.817269777998453018e-01 9.820424468532774620e-01 9.824939786565454192e-01 9.826667481381622382e-01 9.827761782671414759e-01 9.832122060483944326e-01 9.833105183671988492e-01 9.836710928597501846e-01 9.836144267754024506e-01 9.843319931511157472e-01
9.995263339487732157e-01 9.991642912246068153e-01 9.986453492794572506e-01 9.979885160624508700e-01 9.971718606796423634e-01 9.961425622426798299e-01 9.952980900819690113e-01 9.935859391549460851e-01 9.926295660768571505e-01 9.916469734099999656e-01 9.898768735567983201e-01 9.880309075224433801e-01 9.859430078438715661e-01 9.851784529045150007e-01 9.848529812931251515e-01 9.844020300441033156e-01 9.838539491426970818e-01 9.831801389540888447e-01 9.821079829957529705e-01 9.812807124495771527e-01 9.786722146210866669e-01 9.763169594380868288e-01 9.746910923144048722e-01 9.734026166741652775e-01 9.727460953307458524e-01 9.714030022084189087e-01 9.709490523161143916e-01 9.703388748701894384e-01 9.703604885827168403e-01 9.702252091811497392e-01 9.700893382237306684e-01 9.700001127308106597e-01 9.702005906041247796e-01 9.702032334826948823e-01 9.705365978486147904e-01 9.708188753790663039e-01 9.712461589490916092e-01 9.717258023352581819e-01 9.720658735438982845e-01 9.726485010046046487e-01 9.729673248266945684e-01 9.736940810379435263e-01 9.736396268528169085e-01 9.741547701447427210e-01 9.746226021893352742e-01 9.751033420214816339e-01 9.755897921401192052e-01 9.763692664353407213e-01 9.774404515654281367e-01 9.780905235615791060e-01 9.790124952759284849e-01 9.800030001254297352e-01 9.807445273236387040e-01 9.810342638592201014e-01 9.814447859519203066e-01 9.815141190569343088e-01 9.818504371558062216e-01 9.823061100137630008e-01 9.822981891412425615e-01 9.826976341125698289e-01 9.825460911616122894e-01 9.828932528370236676e-01 9.827437067003953475e-01 9.831789948402829271e-01 9.832439950476252744e-01 9.833141388786058590e-01 9.835169271299426530e-01 9.836309914281645694e-01 9.839077973140482047e-01 9.843540502455117025e-01
9.992622062746328027e-01 9.988529272088716437e-01 9.983812539513752249e-01 9.976124016054788157e-01 9.967274967344404990e-01 9.958809280629445926e-01 9.946706696399227887e-01 9.931799143289238296e-01 9.921034195582545401e-01 9.911013088176009456e-01 9.890617026434075365e-01 9.872845155361399394e-01 9.862874566505218654e-01 9.855033784686766385e-01 9.850259908074359139e-01 9.846287715656482087e-01 9.838427896422424768e-01 9.832111545886514925e-01 9.815994057057565447e-01 9.801665456836422541e-01 9.780848543713174248e-01 9.760831328896288905e-01 9.747403511076494498e-01 9.736175229027208555e-01 9.726945410537528591e-01 9.722877452041694957e-01 9.717127376126768468e-01 9.711652325940065555e-01 9.710439019973033936e-01 9.708399676953672897e-01 9.706349204841430156e-01 9.707026756602760154e-01 9.709690876945674676e-01 9.710346537471881145e-01 9.713635598520761194e-01 9.714879022396762931e-01 9.719905517233469183e-01 9.723987500660982164e-01 9.728980256470898258e-01 9.733093152010172666e-01 9.734892767493568133e-01 9.740544667730650641e-01 9.743091979734009866e-01 9.747548831279143622e-01 9.748987535250840386e-01 9.752803716454294669e-01 9.755980583284039609e-01 9.763343702186731976e-01 9.767761580292502188e-01 9.778119138120533460e-01 9.787482465520598307e-01 9.795922187632870592e-01 9.802585216814008184e-01 9.809201456938475561e-01 9.814583507500257431e-01 9.817663699266107047e-01 9.822099230748637666e-01 9.822813632529099337e-01 9.826197405686680764e-01 9.827917255638948246e-01 9.827105006695711076e-01 9.830261025102767780e-01 9.831324182161779168e-01 9.831582480786914546e-01 9.832827100315592039e-01 9.833822324190476527e-01 9.835967586713568744e-01 9.837254168171911672e-01 9.837453313353758944e-01 9.840401015560887865e-01
9.987849458095953148e-01 9.982050602562297925e-01 9.977172022071502111e-01 9.969033026925134822e-01 9.959763465992079734e-01 9.949373697323408150e-01 9.936692417363701679e-01 9.926284823185680395e-01 9.914173594480560903e-01 9.897658048652675511e-01 9.879137795205846784e-01 9.868713214060245154e-01 9.860185949432043184e-01 9.855056569206332995e-01 9.849923298990370668e-01 9.842301731269108567e-01 9.833221320644871533e-01 9.822859373347354595e-01 9.810055486166190386e-01 9.791313173804990777e-01 9.771639600747378251e-01 9.755743520341270125e-01 9.743803186216497547e-01 9.735037542737889904e-01 9.728815113830877603e-01 9.722298049264954667e-01 9.717730100256505299e-01 9.714940867006084391e-01 9.712068533924509417e-01 9.711150484496596791e-01 9.709753294608451935e-01 9.709897455859639592e-01 9.711076048684178508e-01 9.711603302160756179e-01 9.714849923538236842e-01 9.716912973188537306e-01 9.720498567208442076e-01 9.724203620361556721e-01 9.729637589530419906e-01 9.733983472363432199e-01 9.738402471340311672e-01 9.742718613111650550e-01 9.744947765682220320e-01 9.747725810184536543e-01 9.749481349149519138e-01 9.752813107388161873e-01 9.757204396537833002e-01 9.760775431999508811e-01 9.764769319019684923e-01 9.769786980034561585e-01 9.780597004571105479e-01 9.789651355562386525e-01 9.794542203306982886e-01 9.802280468997173202e-01 9.810087280716314195e-01 9.814912960597613756e-01 9.819259720141491066e-01 9.820701165352215822e-01 9.822999858765738557e-01 9.827249020141187730e-01 9.828307173436763300e-01 9.829253114087790344e-01 9.830907334856522350e-01 9.832516498506750358e-01 9.833846834480133303e-01 9.833991219534042871e-01 9.835819769772008447e-01 9.837131725084501399e-01 9.838781943880381409e-01 9.839103628107831456e-01
-1.000000000000000000e+00 -1.000000000000000000e+00 9.969450026965687162e-01 9.959026882738154507e-01 9.949743637467985957e-01 9.937704452473309358e-01 9.927256878580058563e-01 9.917594408276778628e-01 9.901693000639536502e-01 9.885044034488913445e-01 9.872914732063013954e-01 9.864650926089121308e-01 9.857150773205566319e-01 9.849637543773739345e-01 9.842026341029548320e-01 9.832876743023426513e-01 9.823380654246658406e-01 9.810444317420049520e-01 9.796203876756854889e-01 9.777141940507239060e-01 9.761993722539082929e-01 9.750023064381262428e-01 9.741105702977063130e-01 9.733771068185697040e-01 9.726298443890009082e-01 9.720554663680706087e-01 9.716952721042571017e-01 9.714036530066821884e-01 9.711932734273126533e-01 9.711005665145268084e-01 9.708647706521020826e-01 9.709495670979484405e-01 9.710525569257872913e-01 9.710912257243330403e-01 9.713113538440165673e-01 9.717270638393491478e-01 9.719916611694446873e-01 9.723606499775215850e-01 9.728716490761647462e-01 9.732607156142822902e-01 9.739236156600259431e-01 9.741875079374618940e-01 9.744181101999723760e-01 9.748685017663002439e-01 9.751105553545323934e-01 9.753320323055725272e-01 9.755121911122821565e-01 9.758236649477924907e-01 9.761078561238968332e-01 9.765907800766308045e-01 9.772552468929912584e-01 9.777676874055315492e-01 9.787937420731671612e-01 9.793380984465186456e-01 9.800304309648774082e-01 9.808008753856168882e-01 9.814057343592789140e-01 9.817883629340979912e-01 9.820087076087754552e-01 9.825833692551901866e-01 9.825662848593945675e-01 9.828739540818496323e-01 9.830605945605931373e-01 9.830903633351024684e-01 9.832964968659392291e-01 9.834549560300618332e-01 9.835465788835779932e-01 9.836144808940288087e-01 9.838368729821860281e-01 9.839095965084805329e-01
-1.000000000000000000e+00 -1.000000000000000000e+00 -1.000000000000000000e+00 9.949295013687711187e-01 9.937866354520741297e-01 9.926012593441331244e-01 9.916043644704725102e-01 9.904487235565172520e-01 9.890863612951220629e-01 9.878600251693017142e-01 9.866000083707048285e-01 9.857613194709520243e-01 9.849914071352977585e-01 9.840485400896874513e-01 9.832933366713128009e-01 9.823358096263311579e-01 9.809381997454831303e-01 9.797115449691738975e-01 9.781730493612605937e-01 9.767013317298554043e-01 9.755224948934698714e-01 9.743991814170998023e-01 9.735826931190249001e-01 9.729415983037379423e-01 9.723801100519235963e-01 9.719143424005313170e-01 9.714346112162925984e-01 9.712196002942097284e-01 9.709981878150536483e-01 9.708472668185986754e-01 9.707639157628739079e-01 9.707422948641578619e-01 9.706849770078811446e-01 9.710540264037837987e-01 9.711450045068872328e-01 9.714196246535806711e-01 9.718262259313387164e-01 9.720731863096760961e-01 9.727244457230400654e-01 9.731758629717262021e-01 9.735762957896270109e-01 9.739450539065381829e-01 9.745713749396019976e-01 9.747240570052807529e-01 9.750409407176775511e-01 9.751946287651144241e-01 9.755370598297526952e-01 9.757292301423012848e-01 9.758975968830766456e-01 9.762448987821934487e-01 9.768852477219954755e-01 9.772562894505686382e-01 9.778167061056372011e-01 9.784589226839054410e-01 9.791485204883342286e-01 9.799543291599803752e-01 9.804990820224512849e-01 9.811070123678998778e-01 9.814907582204275283e-01 9.816942285482396224e-01 9.822372905276840482e-01 9.825280869325034860e-01 9.827933706567888450e-01 9.830552993749017698e-01 9.830899942774923295e-01 9.833854669415186267e-01 9.833609788166249865e-01 9.835976210080669135e-01 9.836657456588135950e-01 9.837221969115151898e-01
-1.000000000000000000e+00 -1.000000000000000000e+00 -1.000000000000000000e+00 -1.000000000000000000e+00 9.928048632289103725e-01 9.913390644533275342e-01 9.903957704643818749e-01 9.890325967301231147e-01 9.880189599473082618e-01 9.867748029834261247e-01 9.857276636172342954e-01 9.847242536217188924e-01 9.840318605799014406e-01 9.831652871548256512e-01 9.821237952376113967e-01 9.810307815795927810e-01 9.797996557805537243e-01 9.783370873863094230e-01 9.771410644565903247e-01 9.758946195371391852e-01 9.747990026464719016e-01 9.740295644657359642e-01 9.732255183955083044e-01 9.725391862992230907e-01 9.720686479873849040e-01 9.716162419790612681e-01 9.712049555167246995e-01 9.709348914078377302e-01 9.707683930191571831e-01 9.706368892681052074e-01 9.704757089351515598e-01 9.705279168443414761e-01 9.705963345469839076e-01 9.707234206100971985e-01 9.708078402708464338e-01 9.712072188523361849e-01 9.715878207889014906e-01 9.719522958755780762e-01 9.724503429241159180e-01 9.728869174643843820e-01 9.733354828908323819e-01 9.738210147101944436e-01 9.742798446988374383e-01 9.745482178561745146e-01 9.749266933665681201e-01 9.751944483729590996e-01 9.754011692773593145e-01 9.755203259586820996e-01 9.756801136544888120e-01 9.759061167909134360e-01 9.761276691698491659e-01 9.766018404939090791e-01 9.769951616010399409e-01 9.774769177470089554e-01 9.780586884923059277e-01 9.786573906701503400e-01 9.794726668429979410e-01 9.801782847882692939e-01 9.806735770307574152e-01 9.813079246592631977e-01 9.815879582619443378e-01 9.821268842941638377e-01 9.824184128299217056e-01 9.827261538114271389e-01 9.829315921728410954e-01 9.831885938719285845e-01 9.832161566435063671e-01 9.834587474958191855e-01 9.836400488862847569e-01 9.836618223705638764e-01
-1.000000000000000000e+00 -1.000000000000000000e+00 -1.000000000000000000e+00 -1.000000000000000000e+00 -1.000000000000000000e+00 9.901022204833688223e-01 9.889314566669511475e-01 9.878781786534656106e-01 9.865078535554322459e-01 9.855736728285198200e-01 9.846099975794759818e-01 9.836727608365642972e-01 9.828201816601683793e-01 9.817347598934992314e-01 9.810157831273635942e-01 9.796737396931456399e-01 9.783568038274081946e-01 9.772691545982832295e-01 9.762607402780917321e-01 9.752136025838064048e-01 9.742406067445077422e-01 9.734779688599610736e-01 9.727563472870242034e-01 9.721992860344270682e-01 9.717798411161948646e-01 9.712785190704389393e-01 9.709186007028637322e-01 9.706907491145794209e-01 9.704586018547041171e-01 9.702995794347593073e-01 9.702514694974676557e-01 9.703069541310068713e-01 9.702891438559614334e-01 9.704355474400452319e-01 9.706556902836738221e-01 9.707837362743563236e-01 9.711660251900675611e-01 9.717153307303779686e-01 9.720951328619392706e-01 9.725555618537685687e-01 9.730740313004350162e-01 9.735796563485611399e-01 9.739855680084188450e-01 9.744486446293716408e-01 9.747404820315833662e-01 9.749122131971037497e-01 9.752076117952752643e-01 9.753803755267491660e-01 9.755321700283384745e-01 9.756757005853821108e-01 9.758304280753362647e-01 9.761214299739996436e-01 9.764908545315899024e-01 9.766151634306872165e-01 9.772109029175148898e-01 9.779987909908348653e-01 9.783931064505013708e-01 9.790683793860438522e-01 9.799132281646797393e-01 9.804875101862354780e-01 9.810657936686746350e-01 9.813838647906782953e-01 9.817096283777521082e-01 9.823257020063362877e-01 9.823599850313685655e-01 9.828022277441926802e-01 9.829660384517853178e-01 9.833014716045688219e-01 9.834025115620080859e-01 9.835232344678732641e-01
-1.000000000000000000e+00 -1.000000000000000000e+00 -1.000000000000000000e+00 -1.000000000000000000e+00 -1.000000000000000000e+00 -1.000000000000000000e+00 -1.000000000000000000e+00 9.866335849974308125e-01 9.856464128511650546e-01 9.844755487445620012e-01 9.836160426486487696e-01 9.826177885500002596e-01 9.815680249480819297e-01 9.807532252119802729e-01 9.795076190310710862e-01 9.785212635780322632e-01 9.774401829171944778e-01 9.764094851506988082e-01 9.754767957050314298e-01 9.745817311840853092e-01 9.736412518733222887e-01 9.730067769844633618e-01 9.723954066995154077e-01 9.719136385992551697e-01 9.714053684333942007e-01 9.709554279003266286e-01 9.707756582632820486e-01 9.704083548755545463e-01 9.701752487736564623e-01 9.699852389349464810e-01 9.700274495511184147e-01 9.699583537383061893e-01 9.700196064004820151e-01 9.701334705640867195e-01 9.703388444684054592e-01 9.704962987657800300e-01 9.708965321425074846e-01 9.712807952287351165e-01 9.718374930521050947e-01 9.721434149373681111e-01 9.728046028427141945e-01 9.732987879032568568e-01 9.737338322581406969e-01 9.741600959762759526e-01 9.745283789843317557e-01 9.748012515103648967e-01 9.749869796786013731e-01 9.751482878333908033e-01 9.752712905068874338e-01 9.754660604167086912e-01 9.755913494571246680e-01 9.758482049922136969e-01 9.758888420335827263e-01 9.761497136184713597e-01 9.764466938174958255e-01 9.770773338534494146e-01 9.774101448926650892e-01 9.780736930544304819e-01 9.787798219458699878e-01 9.793511681645865607e-01 9.800027999319592675e-01 9.805553730286524772e-01 9.812332318763720140e-01 9.815977451779301921e-01 9.818830311559049173e-01 9.823562185973868655e-01 9.826753399431008562e-01 9.828925634173389936e-01 9.831744774478766713e-01 9.833108108730270747e-01
-1.000000000000000000e+00 -1.000000000000000000e+00 -1.000000000000000000e+00 -1.000000000000000000e+00 -1.000000000000000000e+00 -1.000000000000000000e+00 -1.000000000000000000e+00 -1.000000000000000000e+00 9.844308949695136368e-01 9.831870678930902940e-01 9.823726692736300947e-01 9.813371603492401229e-01 9.805978882000779828e-01 9.795108874656356379e-01 9.784274115788704762e-01 9.775302860141960037e-01 9.766210612175882932e-01 9.757035102709123997e-01 9.747888240656110703e-01 9.740768003531805608e-01 9.732376890533590563e-01 9.725725037791470573e-01 9.720536714734867578e-01 9.715423576981643272e-01 9.711413410949412128e-01 9.706969648696064379e-01 9.703991765648558587e-01 9.701166938131338124e-01 9.699336769601145658e-01 9.697920151977822423e-01 9.696771910525546767e-01 9.697096556613403751e-01 9.697051525970383778e-01 9.698780000895015352e-01 9.700124184960114970e-01 9.702416008022254346e-01 9.706209362373532379e-01 9.708915799089159471e-01 9.713606343074835392e-01 9.718466509908868511e-01 9.722710493338004856e-01 9.729501237543295433e-01 9.733360331970556389e-01 9.737035478719016091e-01 9.742324818980281353e-01 9.745949294970567278e-01 9.747547523763596677e-01 9.750155834589457893e-01 9.750780362296225245e-01 9.752639972441879967e-01 9.753283422192785546e-01 9.755318331778483065e-01 9.756249215166626909e-01 9.756963420324239467e-01 9.760195668183281326e-01 9.764394337846112881e-01 9.764695982887952042e-01 9.772345138212542581e-01 9.778029355534096911e-01 9.782928369419533476e-01 9.787402982447008792e-01 9.792341339000827372e-01 9.804013101887035786e-01 9.801770648706753519e-01 9.814467466414372732e-01 9.816325073808831458e-01 9.819072259803893754e-01 9.823489779699081659e-01 9.828485625162595163e-01 9.829714960874424978e-01
-1.000000000000000000e+00 -1.000000000000000000e+00 -1.000000000000000000e+00 -1.000000000000000000e+00 -1.000000000000000000e+00 -1.000000000000000000e+00 -1.000000000000000000e+00 -1.000000000000000000e+00 -1.000000000000000000e+00 9.821611517607806707e-01 9.812286930713164379e-01 9.801061657584005937e-01 9.792983962196628589e-01 9.783926413093455565e-01 9.775257807163156842e-01 9.767254556698293788e-01 9.757178651646297718e-01 9.749810746182688836e-01 9.741785880704632028e-01 9.734236539439262703e-01 9.727614021313096826e-01 9.721793683031700883e-01 9.716369567455610534e-01 9.711392677157384412e-01 9.706956450334970343e-01 9.704110486171381167e-01 9.701122368889477654e-01 9.698643097396726365e-01 9.696700229616944666e-01 9.694622649388303648e-01 9.694257890070351324e-01 9.694022440875113000e-01 9.694311606361368794e-01 9.695013546289786843e-01 9.696931970658425604e-01 9.698467784437273531e-01 9.701383610573649507e-01 9.705998067916384864e-01 9.709155476113972005e-01 9.714287656082349898e-01 9.719805531008655075e-01 9.725452004537311623e-01 9.730218896983594545e-01 9.734761216661490524e-01 9.738328022968202324e-01 9.741702584578061375e-01 9.745057123578695357e-01 9.747416872041705371e-01 9.748573050648356997e-01 9.750575240923835540e-01 9.750832776299720450e-01 9.752407115609462718e-01 9.754150060948831857e-01 9.754268989908208010e-01 9.756570814133982417e-01 9.758276661690865605e-01 9.760556204232282429e-01 9.760838466855813467e-01 9.765061401803259988e-01 9.772330114373488641e-01 9.776960696391711059e-01 9.785586877055071353e-01 9.790600103610825888e-01 9.800118322806792293e-01 9.802620158979836740e-01 9.805540943561833478e-01 9.810336936580419387e-01 9.818429503055163821e-01 9.823396879276098392e-01 9.825518536925701429e-01
-1.000000000000000000e+00 -1.000000000000000000e+00 -1.000000000000000000e+00 -1.000000000000000000e+00 -1.000000000000000000e+00 -1.000000000000000000e+00 -1.000000000000000000e+00 -1.000000000000000000e+00 -1.000000000000000000e+00 -1.000000000000000000e+00 9.800119923984617065e-01 9.792355879306956501e-01 9.783185179594547920e-01 9.773519961140323398e-01 9.764828309149685692e-01 9.757955348891300673e-01 9.751117189986209244e-01 9.743062816481192767e-01 9.736351825251822190e-01 9.728886520233462898e-01 9.723904898822968157e-01 9.717150878174319883e-01 9.712560360472791698e-01 9.707864108314584461e-01 9.703822176622907136e-01 9.700701875953094966e-01 9.697711910105941691e-01 9.695368438833288360e-01 9.693087109045525063e-01 9.692063187405706159e-01 9.690874286108979163e-01 9.690837300885901673e-01 9.691093163376532926e-01 9.691877021015560256e-01 9.693389790139941287e-01 9.695658776369318055e-01 9.698611782671666681e-01 9.700206567828454363e-01 9.705921462226867469e-01 9.710478303257111810e-01 9.714639510244600373e-01 9.720394555030928974e-01 9.725166328435251861e-01 9.730216650333610717e-01 9.734774405913801942e-01 9.739511989501010714e-01 9.741236863162643367e-01 9.743858369975912925e-01 9.746832359991666195e-01 9.747613746004395452e-01 9.748605320307357491e-01 9.750489935922869167e-01 9.750568504006790205e-01 9.751584250502076667e-01 9.752790788605719685e-01 9.754342148413541747e-01 9.754330147228230663e-01 9.759254221363721227e-01 9.760318656438529139e-01 9.762275318639324073e-01 9.768542332662629724e-01 9.774982590333401999e-01 9.779728247796075635e-01 9.783499485937355855e-01 9.788631071388415039e-01 9.800105869427243599e-01 9.807095034662728361e-01 9.810335838875594572e-01 9.813826095825755047e-01 9.818144520959215527e-01
-1.000000000000000000e+00 -1.000000000000000000e+00 -1.000000000000000000e+00 -1.000000000000000000e+00 -1.000000000000000000e+00 -1.000000000000000000e+00 -1.000000000000000000e+00 -1.000000000000000000e+00 -1.000000000000000000e+00 -1.000000000000000000e+00 -1.000000000000000000e+00 9.781054771637847089e-01 9.775341732599402977e-01 9.766556174199557683e-01 9.758292437605609049e-01 9.751370442967177699e-01 9.743720403547233566e-01 9.737145070078090381e-01 9.731220419562988111e-01 9.723590208364414345e-01 9.718199151772620725e-01 9.713162686562323289e-01 9.708068434401161406e-01 9.703685928196835730e-01 9.700678789764719534e-01 9.696733168182753992e-01 9.694790767891550143e-01 9.692102352584254232e-01 9.690474526108395770e-01 9.689478099892742113e-01 9.688388417000610708e-01 9.687949234289605638e-01 9.688566589463718515e-01 9.688293988539591339e-01 9.689855909022180303e-01 9.691652431447796978e-01 9.695090855242983752e-01 9.698327729310451950e-01 9.701917643168799232e-01 9.705463970548720010e-01 9.710151263488634443e-01 9.716126683991063162e-01 9.720820255733807480e-01 9.727312836189335732e-01 9.730690680878254506e-01 9.733654867412933065e-01 9.737865092618357421e-01 9.740395003939668062e-01 9.742937456253129014e-01 9.745551067274674795e-01 9.746044912551999895e-01 9.746941087624061417e-01 9.748453762627337094e-01 9.749285556598090707e-01 9.749980005288049201e-01 9.751135922801015266e-01 9.751772751878067247e-01 9.753753070159372207e-01 9.753786697184624321e-01 9.756584522515387992e-01 9.761027951493534971e-01 9.763931193847529277e-01 9.768186128854404737e-01 9.773223868532932013e-01 9.779858088399445704e-01 9.788094662570983040e-01 9.794563925056846143e-01 9.799897276037450311e-01 9.802422184866871335e-01 9.811904807734769252e-01
-1.000000000000000000e+00 -1.000000000000000000e+00 -1.000000000000000000e+00 -1.000000000000000000e+00 -1.000000000000000000e+00 -1.000000000000000000e+00 -1.000000000000000000e+00 -1.000000000000000000e+00 -1.000000000000000000e+00 -1.000000000000000000e+00 -1.000000000000000000e+00 -1.000000000000000000e+00 -1.000000000000000000e+00 9.758167103676009813e-01 9.750029375215656380e-01 9.743432024669991254e-01 9.737585949167213428e-01 9.730864064813810055e-01 9.725745371336924627e-01 9.719668446331770628e-01 9.713950380629226000e-01 9.709670078765906265e-01 9.704352508742200012e-01 9.700512697181138400e-01 9.697010800128802455e-01 9.693766204909438633e-01 9.691842327887529862e-01 9.689082724569361149e-01 9.687412361772305136e-01 9.685897020371544430e-01 9.685012527104209790e-01 9.684721848161895741e-01 9.685027294078324411e-01 9.685225162532825616e-01 9.687522929806556826e-01 9.688432117389536025e-01 9.691233176337691324e-01 9.694551520759988605e-01 9.697663266263463200e-01 9.703002889453002933e-01 9.707889619363064826e-01 9.712917527875335466e-01 9.717483950163521289e-01 9.721249631669057756e-01 9.726784386011712025e-01 9.730621956909625281e-01 9.732972538767171722e-01 9.736845810040241078e-01 9.739526946965610943e-01 9.740449856171873311e-01 9.743244902777185024e-01 9.745125111127497242e-01 9.745416486702237480e-01 9.746714105415298368e-01 9.746799047551962802e-01 9.747833450387999310e-01 9.749370277713825805e-01 9.748829499877946780e-01 9.750900992713915638e-01 9.752498475009490075e-01 9.754107000350785706e-01 9.758327268625909268e-01 9.759283681781432129e-01 9.767066724650381726e-01 9.772111522277352469e-01 9.773216161189711704e-01 9.781973996820576556e-01 9.789376798309902261e-01 9.796892756790084311e-01 9.800376734950638768e-01
-1.000000000000000000e+00 -1.000000000000000000e+00 -1.000000000000000000e+00 -1.000000000000000000e+00 -1.000000000000000000e+00 -1.000000000000000000e+00 -1.000000000000000000e+00 -1.000000000000000000e+00 -1.000000000000000000e+00 -1.000000000000000000e+00 -1.000000000000000000e+00 -1.000000000000000000e+00 -1.000000000000000000e+00 -1.000000000000000000e+00 9.743393524069466904e-01 9.737058315084642368e-01 9.731004824177574841e-01 9.725205785506847445e-01 9.718611487674194693e-01 9.714000710114774062e-01 9.708692032967514152e-01 9.704506518151437833e-01 9.700389805970786039e-01 9.696470233500387170e-01 9.692992049963338186e-01 9.690173028420988599e-01 9.687780734362396728e-01 9.685304234364932041e-01 9.684442449172793177e-01 9.683021863561596110e-01 9.682145014340873823e-01 9.682238373603044845e-01 9.682042414207437941e-01 9.682346833005385234e-01 9.683995478753480990e-01 9.685447071630471916e-01 9.688403048155430630e-01 9.691010904947232607e-01 9.694551024986228782e-01 9.698674835562288710e-01 9.702637423125382021e-01 9.708832962698740188e-01 9.711991423386270306e-01 9.718500412617747664e-01 9.722204707005834834e-01 9.726789407403650944e-01 9.729531182568273984e-01 9.733520121009759940e-01 9.735546134114805295e-01 9.738939645912788601e-01 9.739130964396272017e-01 9.740607667943863568e-01 9.742605370108384788e-01 9.743042751434577431e-01 9.744697926962464507e-01 9.745026368459877020e-01 9.745480127926162695e-01 9.746650952205515583e-01 9.748271385485499652e-01 9.747852846883781064e-01 9.750008030851823326e-01 9.752710765472684118e-01 9.756227119538471992e-01 9.759002122233811916e-01 9.766036685200524259e-01 9.769642902409246821e-01 9.772076840722478952e-01 9.778910419527847564e-01 9.784638326919220530e-01 9.793931509797130230e-01
-1.000000000000000000e+00 -1.000000000000000000e+00 -1.000000000000000000e+00 -1.000000000000000000e+00 -1.000000000000000000e+00 -1.000000000000000000e+00 -1.000000000000000000e+00 -1.000000000000000000e+00 -1.000000000000000000e+00 -1.000000000000000000e+00 -1.000000000000000000e+00 -1.000000000000000000e+00 -1.000000000000000000e+00 -1.000000000000000000e+00 -1.000000000000000000e+00 9.729616127710677409e-01 9.724852720739084466e-01 9.718563173142448219e-01 9.713692836440804834e-01 9.709022791716771517e-01 9.704014013344918199e-01 9.699236528830224024e-01 9.695479197405426630e-01 9.692051530760354972e-01 9.689491516503251356e-01 9.686340953128932396e-01 9.684017016316190940e-01 9.682812804123090977e-01 9.681289175433096528e-01 9.679975409501948569e-01 9.678935190445212555e-01 9.678975466864978561e-01 9.678989389870279458e-01 9.679813303224363841e-01 9.681082771805196163e-01 9.683144446644299519e-01 9.685301475395379223e-01 9.688067129145891965e-01 9.692000026603485585e-01 9.696048677178220609e-01 9.699805202589522057e-01 9.703632529081488434e-01 9.708815528282989105e-01 9.713412573324542443e-01 9.718437059823923363e-01 9.722175082548462077e-01 9.726094441311067262e-01 9.729872305062204907e-01 9.731851441749964637e-01 9.734656984949909830e-01 9.736446904338469377e-01 9.736995033263946553e-01 9.738551800152136506e-01 9.739856172432801440e-01 9.740768016838006194e-01 9.741514652892876436e-01 9.742466986883097091e-01 9.743609190428687006e-01 9.744288360125635817e-01 9.745693967621656961e-01 9.745506485548738329e-01 9.748301023419783107e-01 9.749392604149587083e-01 9.752140920210231601e-01 9.754526066885345070e-01 9.761810880318976258e-01 9.764038519532468596e-01 9.769274443036710665e-01 9.776543201615960355e-01 9.779377765022674307e-01
-1.000000000000000000e+00 -1.000000000000000000e+00 -1.000000000000000000e+00 -1.000000000000000000e+00 -1.000000000000000000e+00 -1.000000000000000000e+00 -1.000000000000000000e+00 -1.000000000000000000e+00 -1.000000000000000000e+00 -1.000000000000000000e+00 -1.000000000000000000e+00 -1.000000000000000000e+00 -1.000000000000000000e+00 -1.000000000000000000e+00 -1.000000000000000000e+00 -1.000000000000000000e+00 9.718692008477340938e-01 9.712898554212744395e-01 9.707649835964695662e-01 9.703998097435609926e-01 9.699769644034248461e-01 9.695361278618960243e-01 9.691808347320857164e-01 9.688775564358118597e-01 9.685812727965040780e-01 9.683181193454100111e-01 9.680589607551808307e-01 9.678989628807073142e-01 9.677271711365736939e-01 9.677010291484435811e-01 9.676205477676271816e-01 9.676057586976325453e-01 9.676139283093674326e-01 9.676827153274845106e-01 9.678231499721423603e-01 9.680016916660036941e-01 9.682973862662154207e-01 9.684953218821412690e-01 9.688457319714568472e-01 9.691529662618181273e-01 9.696947717801944755e-01 9.701497202225768390e-01 9.704962381906595548e-01 9.709082490844741509e-01 9.713465723168599464e-01 9.717806048621160375e-01 9.721138187108169237e-01 9.725527988102332655e-01 9.728184318936858865e-01 9.730638209381621273e-01 9.732651488525573269e-01 9.734240315634153928e-01 9.734762505043860203e-01 9.736501463795181888e-01 9.738677408886737830e-01 9.738537692096549403e-01 9.739131599856785115e-01 9.741267861612380452e-01 9.741047363632872047e-01 9.741580513757785997e-01 9.743544364264943303e-01 9.743641858098789355e-01 9.747055255609327062e-01 9.749108761654502464e-01 9.752466121771783403e-01 9.753838253278961368e-01 9.757144718397454675e-01 9.762403393987385547e-01 9.767495802657272241e-01 9.770625402351327260e-01
-1.000000000000000000e+00 -1.000000000000000000e+00 -1.000000000000000000e+00 -1.000000000000000000e+00 -1.000000000000000000e+00 -1.000000000000000000e+00 -1.000000000000000000e+00 -1.000000000000000000e+00 -1.000000000000000000e+00 -1.000000000000000000e+00 -1.000000000000000000e+00 -1.000000000000000000e+00 -1.000000000000000000e+00 -1.000000000000000000e+00 -1.000000000000000000e+00 -1.000000000000000000e+00 -1.000000000000000000e+00 9.707222610297540077e-01 9.703886938458081701e-01 9.698639672296279768e-01 9.694602593438198523e-01 9.691300620880218819e-01 9.688214437206946750e-01 9.685236379901798198e-01 9.682392468555580667e-01 9.679674561376513386e-01 9.677768368107824148e-01 9.676173751738053053e-01 9.674613853974171063e-01 9.673699539812322667e-01 9.673303721923575127e-01 9.673265089401308359e-01 9.673983499027417610e-01 9.674612821804610130e-01 9.675814966020271912e-01 9.677971679103710700e-01 9.680379241099814625e-01 9.683195676511163752e-01 9.684901333839839310e-01 9.689761007858008757e-01 9.693691066933018963e-01 9.696967744344817675e-01 9.701097969802898735e-01 9.705882756488580787e-01 9.710444881852484666e-01 9.713914835400142556e-01 9.718419493676120346e-01 9.720958834837263307e-01 9.723980964727397813e-01 9.726004800509421289e-01 9.728820456114204429e-01 9.731355465726181375e-01 9.732567989945932752e-01 9.734555403131085471e-01 9.734958919431409008e-01 9.735360216721038462e-01 9.737030668623526397e-01 9.737570783314236644e-01 9.738492228879910284e-01 9.738996864419546817e-01 9.739837076658139914e-01 9.741265475400919804e-01 9.742671275264097597e-01 9.744012078379874486e-01 9.745746252979274882e-01 9.747209012485372748e-01 9.754839438756024439e-01 9.756272780918524568e-01 9.759614162103973367e-01 9.769564189332864412e-01
-1.000000000000000000e+00 -1.000000000000000000e+00 -1.000000000000000000e+00 -1.000000000000000000e+00 -1.000000000000000000e+00 -1.000000000000000000e+00 -1.000000000000000000e+00 -1.000000000000000000e+00 -1.000000000000000000e+00 -1.000000000000000000e+00 -1.000000000000000000e+00 -1.000000000000000000e+00 -1.000000000000000000e+00 -1.000000000000000000e+00 -1.000000000000000000e+00 -1.000000000000000000e+00 -1.000000000000000000e+00 -1.000000000000000000e+00 -1.000000000000000000e+00 9.694330752079692859e-01 9.690491870250558248e-01 9.686902185338129856e-01 9.683373765643787934e-01 9.680537897155936378e-01 9.678863091020107889e-01 9.676563548299277340e-01 9.674023485357319263e-01 9.672899624842768995e-01 9.671965048238279072e-01 9.671054877334815947e-01 9.670576291271153480e-01 9.670804344734191815e-01 9.671206307741745389e-01 9.672644138858975671e-01 9.673523745441530153e-01 9.675159254796932284e-01 9.677926215895367168e-01 9.680538887279667160e-01 9.683232372955702383e-01 9.686314353059797266e-01 9.690491877482779737e-01 9.694542288607705949e-01 9.698597136497405513e-01 9.702505100043170572e-01 9.706331868158060150e-01 9.711261062864854354e-01 9.714892204131220232e-01 9.718393061666539268e-01 9.721261474404541136e-01 9.723778149517346980e-01 9.725172007240062699e-01 9.726434123288761890e-01 9.728603537964951586e-01 9.729857127919430138e-01 9.731535922028345942e-01 9.733273210041476498e-01 9.734147592229480672e-01 9.734233384303105918e-01 9.735551417018958320e-01 9.736437014201219098e-01 9.737540043997804373e-01 9.738462383290270585e-01 9.740248393528205817e-01 9.741908076202724365e-01 9.742387597305334213e-01 9.746350463414178433e-01 9.749906505401579881e-01 9.759488250922712105e-01 9.758881021132639333e-01 9.764538941925544613e-01
-1.000000000000000000e+00 -1.000000000000000000e+00 -1.000000000000000000e+00 -1.000000000000000000e+00 -1.000000000000000000e+00 -1.000000000000000000e+00 -1.000000000000000000e+00 -1.000000000000000000e+00 -1.000000000000000000e+00 -1.000000000000000000e+00 -1.000000000000000000e+00 -1.000000000000000000e+00 -1.000000000000000000e+00 -1.000000000000000000e+00 -1.000000000000000000e+00 -1.000000000000000000e+00 -1.000000000000000000e+00 -1.000000000000000000e+00 -1.000000000000000000e+00 -1.000000000000000000e+00 9.687003630881505511e-01 9.683224561898211569e-01 9.680407081696622562e-01 9.677692186253492590e-01 9.674696963323183851e-01 9.673256147198501242e-01 9.671594542298460606e-01 9.670083915435420119e-01 9.669244215664830611e-01 9.668199494456177767e-01 9.668333095785935916e-01 9.668425674099900835e-01 9.668566316085520640e-01 9.669807594787106497e-01 9.671217662754777455e-01 9.673041376142864634e-01 9.675376226828086290e-01 9.678515260385082142e-01 9.681476136187807668e-01 9.684483707620756832e-01 9.687263635588592159e-01 9.692234235217884741e-01 9.696577874722350776e-01 9.700244716240685738e-01 9.704218171110445823e-01 9.708189795702404368e-01 9.712580656504712362e-01 9.715206764180707166e-01 9.716677706585965524e-01 9.719774401695414623e-01 9.723089182042066181e-01 9.724200711445244449e-01 9.725497944260348415e-01 9.727091933909978172e-01 9.728833194255415151e-01 9.730041143398933112e-01 9.730978231816027613e-01 9.731450550102300756e-01 9.733262898459523749e-01 9.733654438274520482e-01 9.734175366299447907e-01 9.736237112416846751e-01 9.738288115740240114e-01 9.738422476081345369e-01 9.741398866324674222e-01 9.744015839838107151e-01 9.749031814651927252e-01 9.754628297604157616e-01 9.754248824574595078e-01 9.763086172181418831e-01
-1.000000000000000000e+00 -1.000000000000000000e+00 -1.000000000000000000e+00 -1.000000000000000000e+00 -1.000000000000000000e+00 -1.000000000000000000e+00 -1.000000000000000000e+00 -1.000000000000000000e+00 -1.000000000000000000e+00 -1.000000000000000000e+00 -1.000000000000000000e+00 -1.000000000000000000e+00 -1.000000000000000000e+00 -1.000000000000000000e+00 -1.000000000000000000e+00 -1.000000000000000000e+00 -1.000000000000000000e+00 -1.000000000000000000e+00 -1.000000000000000000e+00 -1.000000000000000000e+00 -1.000000000000000000e+00 9.680124556349203324e-01 9.677400504381324930e-01 9.674462837655201097e-01 9.672427882308445302e-01 9.670134479398987404e-01 9.669185090331874344e-01 9.667570620715116858e-01 9.666574059215832238e-01 9.666105132087094987e-01 9.666105591379382522e-01 9.666304565604422194e-01 9.666539102752345070e-01 9.668210055900851030e-01 9.669072467890906797e-01 9.671150273390199947e-01 9.673914591459888968e-01 9.676958236569316307e-01 9.679446720883571054e-01 9.682848178142803297e-01 9.686790257014200600e-01 9.690620972899227636e-01 9.694333970481553431e-01 9.698195163146281494e-01 9.702463090734055884e-01 9.705884293336500823e-01 9.708764895651491589e-01 9.712156238237454886e-01 9.715187895562631404e-01 9.716865540454019401e-01 9.720165681575662076e-01 9.721544724473266674e-01 9.723123013795318403e-01 9.725042693839962560e-01 9.726871939659530453e-01 9.727352123277828166e-01 9.728638734940542321e-01 9.729255736417562472e-01 9.731616120216631804e-01 9.731648912798659401e-01 9.732938252534705237e-01 9.733868347888382511e-01 9.735655054701397582e-01 9.737642123640518621e-01 9.739153742870134689e-01 9.743262660376665885e-01 9.745738216715083002e-01 9.748013518286203771e-01 9.752647690483631226e-01 9.760970425463615374e-01
-1.000000000000000000e+00 -1.000000000000000000e+00 -1.000000000000000000e+00 -1.000000000000000000e+00 -1.000000000000000000e+00 -1.000000000000000000e+00 -1.000000000000000000e+00 -1.000000000000000000e+00 -1.000000000000000000e+00 -1.000000000000000000e+00 -1.000000000000000000e+00 -1.000000000000000000e+00 -1.000000000000000000e+00 -1.000000000000000000e+00 -1.000000000000000000e+00 -1.000000000000000000e+00 -1.000000000000000000e+00 -1.000000000000000000e+00 -1.000000000000000000e+00 -1.000000000000000000e+00 -1.000000000000000000e+00 -1.000000000000000000e+00 9.674014049624953815e-01 9.671606371086731713e-01 9.669428767177009609e-01 9.667623235622975209e-01 9.666359614363819741e-01 9.665299873850483614e-01 9.664449984030191176e-01 9.664299200737344053e-01 9.664224488345725117e-01 9.664014493288731744e-01 9.665406796866536920e-01 9.666671990188424601e-01 9.668382130844974665e-01 9.670022368949433567e-01 9.672245921291665605e-01 9.675031177623203416e-01 9.678019822965829855e-01 9.681948365154121605e-01 9.684991236601667719e-01 9.689200945155410638e-01 9.693373157030235054e-01 9.696781697782836940e-01 9.700668136970311828e-01 9.704264857088779062e-01 9.706753796479522522e-01 9.710641415415851574e-01 9.713326586674154717e-01 9.715754511582179731e-01 9.718083541581301610e-01 9.719438364673459452e-01 9.721471406128283643e-01 9.722820773490488122e-01 9.724255385419187103e-01 9.725642081332616096e-01 9.727066007215617871e-01 9.728102506013371897e-01 9.729261259394946793e-01 9.730713160833475150e-01 9.730950326180202170e-01 9.734132315980034145e-01 9.734622326752097043e-01 9.739123821925570468e-01 9.741072061946437488e-01 9.743760346022461993e-01 9.747080541587979097e-01 9.751104230158932351e-01 9.759314747685293723e-01 9.760744015755772329e-01
-1.000000000000000000e+00 -1.000000000000000000e+00 -1.000000000000000000e+00 -1.000000000000000000e+00 -1.000000000000000000e+00 -1.000000000000000000e+00 -1.000000000000000000e+00 -1.000000000000000000e+00 -1.000000000000000000e+00 -1.000000000000000000e+00 -1.000000000000000000e+00 -1.000000000000000000e+00 -1.000000000000000000e+00 -1.000000000000000000e+00 -1.000000000000000000e+00 -1.000000000000000000e+00 -1.000000000000000000e+00 -1.000000000000000000e+00 -1.000000000000000000e+00 -1.000000000000000000e+00 -1.000000000000000000e+00 -1.000000000000000000e+00 -1.000000000000000000e+00 9.669264249998841265e-01 9.666730991096714742e-01 9.665532534257538222e-01 9.663855146861335399e-01 9.663146188085556254e-01 9.662651961041228699e-01 9.662191114942948467e-01 9.662451972990837579e-01 9.662921224572590395e-01 9.663687803939841059e-01 9.665282905655098178e-01 9.666564044123948651e-01 9.668791135963354932e-01 9.671677893196614084e-01 9.674602423660385586e-01 9.676840151413840241e-01 9.680977884959017787e-01 9.684888638641104830e-01 9.687766347593105287e-01 9.692576740773745092e-01 9.695900185773069779e-01 9.699672858166938916e-01 9.702420854204945044e-01 9.706119356528619679e-01 9.709278146241246965e-01 9.712102406866769400e-01 9.714524897672458525e-01 9.716881430149419963e-01 9.718778311168619899e-01 9.720741389212828043e-01 9.721751360510721973e-01 9.723249232775678097e-01 9.725025718327979796e-01 9.726430097475208258e-01 9.727083641579035156e-01 9.728438021771855793e-01 9.731070184197001538e-01 9.732326997244032940e-01 9.733663629302140574e-01 9.734418330697880428e-01 9.739044198531491281e-01 9.740869868845141166e-01 9.746739807393240973e-01 9.749222074430431428e-01 9.760765868795169276e-01 9.763125330852087114e-01 9.771060029920263235e-01
-1.000000000000000000e+00 -1.000000000000000000e+00 -1.000000000000000000e+00 -1.000000000000000000e+00 -1.000000000000000000e+00 -1.000000000000000000e+00 -1.000000000000000000e+00 -1.000000000000000000e+00 -1.000000000000000000e+00 -1.000000000000000000e+00 -1.000000000000000000e+00 -1.000000000000000000e+00 -1.000000000000000000e+00 -1.000000000000000000e+00 -1.000000000000000000e+00 -1.000000000000000000e+00 -1.000000000000000000e+00 -1.000000000000000000e+00 -1.000000000000000000e+00 -1.000000000000000000e+00 -1.000000000000000000e+00 -1.000000000000000000e+00 -1.000000000000000000e+00 -1.000000000000000000e+00 -1.000000000000000000e+00 9.663493314164738335e-01 9.662912184794196779e-01 9.661165540798331008e-01 9.661074293265019541e-01 9.660718353456420049e-01 9.661182391641268685e-01 9.661772264268345678e-01 9.662988733686969089e-01 9.664175368284403378e-01 9.666092964756348715e-01 9.668573618067454190e-01 9.670743474367718973e-01 9.673700848431127097e-01 9.677211029680464760e-01 9.679883724209047413e-01 9.683988505993187390e-01 9.687465839986755256e-01 9.692855326295053420e-01 9.695245318292968761e-01 9.699583851133467549e-01 9.702727561116160082e-01 9.705585486836235676e-01 9.708733756065388576e-01 9.710541945398789565e-01 9.713931017269710200e-01 9.715402062193037036e-01 9.718157671310078127e-01 9.719794118724435217e-01 9.720322474497523624e-01 9.723432676972738609e-01 9.724262220342536622e-01 9.725931363631536986e-01 9.728071535512753387e-01 9.729283407708725351e-01 9.731382332867049012e-01 9.732878739388609590e-01 9.735444848637889725e-01 9.739758664836026814e-01 9.740963453988157328e-01 9.746307062178480862e-01 9.752961743440949904e-01 9.757721758788777677e-01 9.768412173259453102e-01 9.776128137801762819e-01 9.785924706385397132e-01
-1.000000000000000000e+00 -1.000000000000000000e+00 -1.000000000000000000e+00 -1.000000000000000000e+00 -1.000000000000000000e+00 -1.000000000000000000e+00 -1.000000000000000000e+00 -1.000000000000000000e+00 -1.000000000000000000e+00 -1.000000000000000000e+00 -1.000000000000000000e+00 -1.000000000000000000e+00 -1.000000000000000000e+00 -1.000000000000000000e+00 -1.000000000000000000e+00 -1.000000000000000000e+00 -1.000000000000000000e+00 -1.000000000000000000e+00 -1.000000000000000000e+00 -1.000000000000000000e+00 -1.000000000000000000e+00 -1.000000000000000000e+00 -1.000000000000000000e+00 -1.000000000000000000e+00 -1.000000000000000000e+00 -1.000000000000000000e+00 9.661307178146250063e-01 9.660356048225501313e-01 9.659979606514473849e-01 9.659919979427802339e-01 9.660323046387195856e-01 9.661069788662478564e-01 9.662263326716243883e-01 9.663642390280680061e-01 9.665848512981088936e-01 9.668038412530934878e-01 9.671215582831792501e-01 9.673949383455739959e-01 9.677884489968923143e-01 9.681519470540301819e-01 9.684999263351736776e-01 9.688899435380916580e-01 9.693104136181357466e-01 9.697048632783433764e-01 9.698815928630331040e-01 9.703506583605042701e-01 9.705585925070437936e-01 9.709989418627356095e-01 9.711865663302498008e-01 9.714523717417208326e-01 9.715855960876839115e-01 9.718331970337146242e-01 9.720131229171340426e-01 9.722514680652277752e-01 9.724506685809607420e-01 9.725851291478245786e-01 9.727440123758818169e-01 9.728697862287193354e-01 9.731021234724716029e-01 9.733908983538079873e-01 9.736766389025220958e-01 9.741467009709249281e-01 9.745668802278352194e-01 9.750811094184951289e-01 9.758212835029975718e-01 9.768984637626408896e-01 9.773387184200336142e-01 9.790404029753914106e-01 9.794137477336308795e-01 9.803582086581802413e-01
