1.125209886553051071e-224 7.208344204573017927e-208 1.646509733423847829e-189 3.397994592589757994e-173 6.483155768375359543e-154 2.308467737984431281e-137 1.254725917318010767e-124 8.997912370841430447e-115 2.718970289083691794e-101 1.358046432055522411e-94 2.279292368745673299e-84 2.363723077546899713e-72 1.757990855293914989e-66 9.387683128236440028e-58 4.014571409230740399e-54 9.032757960490341423e-46 8.916350002685974783e-42 2.982873686875786507e-36 2.488067428357147565e-30 7.492807540378491657e-27 1.359453780426582844e-24 8.795005076434087151e-22 8.565029245481182717e-19 2.388823699069818270e-16 3.329565601069875907e-14 7.391840203668150854e-12 9.441804815211501812e-11 2.936947725321229361e-09 1.036443862937081306e-08 1.385770997760965311e-07 2.617928494744733159e-07 1.429058950417076657e-06 1.118751169420760852e-06 2.519706825502693592e-06 3.453161593530818760e-06 1.697000462484280497e-06 1.260208635553759758e-06 8.579457704234520838e-07 4.681525016794279834e-07 1.127691046304376384e-07 3.679612342844226493e-08 2.328716564349506096e-08 2.405541184908240806e-10 1.929810575536836294e-10 1.658599325769478297e-11 4.230683752918269418e-13 3.518288930216832164e-14 9.907547065262655154e-16 2.507741181572390477e-16 6.284189781913362258e-17 9.787907075932863943e-19 4.889232482784048359e-20 1.301394907415971178e-19 3.453628457483283148e-21 2.680233612405904616e-23 8.268317055687081344e-24 9.050040634329978721e-24 1.834543909317491954e-26 1.141228304121578648e-26 4.953331140109040219e-27 5.337003805494297558e-28 2.049764317028097171e-28 1.338248412856235125e-29 2.035930055562158205e-30 3.897260154359978594e-31 5.995755857176396231e-32 9.385673716563174796e-32 6.038645194131483503e-34 6.499590370887925717e-33 3.267248966372562855e-35
2.784434917540030209e-219 1.565445299171387596e-206 2.249915755036856595e-189 1.541344157722291930e-168 6.784421907086980804e-150 6.850826295692357617e-139 4.824088479502825689e-123 3.036091397847564833e-111 1.572799254383054749e-100 3.578001793569456482e-93 7.923750618460258779e-83 3.130676230269323295e-73 8.187243164438304534e-66 1.653663928958859936e-59 8.546469253251438994e-53 1.705988550401690879e-45 2.071197741417524665e-40 2.540652433209673302e-34 1.148881816934645701e-31 2.374340426073737521e-27 5.043595213067777436e-24 7.244747811333466873e-21 2.655565111172978779e-18 3.441002793616292212e-15 1.021269953447781912e-13 3.693880467478487766e-12 1.416945481836916553e-10 4.819721992154341812e-09 1.838031319598184814e-08 1.369976077295369811e-07 2.969057617689997244e-07 7.796990663037327010e-07 1.769519201376285115e-06 2.354445239342058748e-06 2.926217903110083231e-06 3.191559092314412609e-06 2.271322840230180374e-06 1.935991362574644070e-06 1.291057053099085039e-07 1.679714657296521356e-07 5.392674318253321575e-08 3.560375454258973332e-09 1.053836208138819452e-09 1.272416000927270090e-10 7.911111633715893074e-11 1.464773027009290731e-12 1.278766647432768882e-13 8.105010088307991491e-15 2.703319166158575229e-15 1.194454083602632905e-17 4.727905979471893527e-19 1.653169053907426264e-19 1.581231848846386374e-20 1.081127847356888230e-21 1.329064956542874512e-20 3.057933260546831103e-24 1.143058848623268845e-24 9.808771395254794493e-25 1.700878065378300366e-26 1.379893427333683516e-27 4.858895127068528995e-28 7.079213758603854093e-29 1.692183811454389178e-30 1.622537307384625468e-31 4.755140601052028037e-32 2.217786166395933777e-31 6.888403382675946479e-33 2.390061816016547623e-32 2.231673586466768150e-33 2.780233560071820314e-35
2.319642506529946835e-228 3.595487686015399812e-202 3.111640473676054900e-179 4.030503536288294934e-165 2.006251666637207539e-152 3.929266544584351672e-137 4.041515553198415562e-123 9.601914867390109687e-115 1.257066262050959479e-102 3.234361042107558412e-92 3.617013067343002364e-82 1.571645920872597476e-72 1.187080710267037361e-66 5.854767134613166502e-58 3.247826019641149706e-50 9.202423565817975360e-43 2.290414565716354691e-41 3.124720767860247634e-35 4.534858684788652089e-31 3.116393929074092426e-28 1.432102422013974112e-23 4.956308660971277438e-20 5.308049052257547928e-17 1.332904277738230712e-15 1.001548511743046394e-12 7.510457263424497446e-12 4.630266225091353840e-10 2.105039717507955445e-09 3.824739558791430098e-08 1.877991391902287779e-07 3.965010860088621937e-07 1.574414331962219808e-06 2.137556038334011838e-06 2.912391947362610110e-06 2.214536705215046619e-06 3.703659556865673644e-06 2.827997541768746078e-06 1.985498129684864440e-06 2.975655821982799292e-07 2.040275672166031825e-07 7.765604100977028071e-08 3.391652313971572177e-09 1.042791060904305486e-08 4.879515317469009674e-10 1.767208107982430694e-11 4.918113426682477582e-13 1.155998381502066880e-13 1.707684914476612478e-14 6.291333261630820650e-15 3.148034518438979531e-16 1.653400714830621962e-17 6.422832032868475049e-20 1.254825153344989262e-20 3.631459210293896063e-20 3.469814007092813090e-23 2.082664782328974389e-23 2.388951667733951564e-24 8.251130373178157689e-26 1.066048073528706360e-25 4.171043763165271230e-27 7.487120921697202218e-27 1.311181623437398851e-28 1.193451537011047284e-28 3.650168848990338275e-29 1.084123462289703622e-29 2.918725767785704154e-31 7.456233797839548008e-33 1.848862014361506298e-32 6.686678439028164148e-33 1.396463525979952183e-32
2.160460311670865202e-223 1.311602595995263861e-198 1.022136110201392604e-188 3.389676626230938930e-159 3.565767127804952361e-151 3.840455982443630016e-139 3.995171229074053847e-124 3.787870483035707058e-111 2.012576870110489139e-101 7.214422596985280156e-92 7.058345271685228499e-81 4.382500127711384952e-72 7.659402260847946799e-64 1.095462356151076757e-55 1.503410836688376959e-50 1.676427228409827946e-45 7.887945423448682601e-41 1.666482000717403400e-33 5.453526767281090578e-31 2.074913367302965180e-27 6.584945154704970892e-23 2.672509971686503415e-20 7.131176921544924803e-18 1.664008943645271997e-15 1.035583163630247037e-13 1.696946635506968769e-11 1.461850667418174569e-10 5.607275549249996502e-09 3.761365258426055979e-08 3.666309573759603634e-07 6.153325263267332147e-07 1.898635900516721348e-06 2.612103001222161632e-06 3.647993266357792626e-06 6.046041016143092591e-06 4.053510352725103922e-06 3.999914766161159042e-06 1.769108359999860210e-06 2.132431626342855921e-06 5.261677814647170595e-07 1.045441787592892775e-07 2.216595334483150317e-08 3.519339178792834985e-09 3.111387270422863708e-10 3.068411357216480437e-11 2.992577518124295360e-12 1.409472199624345607e-12 1.392277057755223593e-14 6.786458021303350267e-15 1.037884439714906826e-17 2.723847458398725692e-18 2.368998157059619786e-19 1.865324912499095889e-20 2.788667503600283571e-20 5.494791782052598104e-22 2.181495522840527579e-23 5.223015088732283910e-24 1.202598971876306693e-24 8.938230574630538910e-26 1.012925719423134686e-26 1.577367477095160715e-27 3.969566947269382720e-29 1.410899734886035935e-28 4.390465159773084249e-30 2.013282913252712294e-29 7.059026888322109627e-31 8.247034762754662293e-31 5.702744819458767871e-32 9.634738338440314363e-34 3.926151619160297233e-33
9.690526235905091855e-226 4.347538509535738689e-205 4.961484929312700524e-184 1.449946267864712851e-162 5.300726478527268029e-152 1.176480497912109261e-136 1.962381707554961139e-125 1.376321248807518182e-112 2.966042678055349591e-99 1.322572290415187520e-90 7.360552713907096161e-80 3.660728184576993959e-73 1.296052776021692141e-64 5.389692912375360800e-57 5.737986922916001881e-52 1.335784812856911223e-45 8.589822931940848603e-39 2.354965145375198636e-34 3.039288220904557924e-29 2.144106130165387159e-25 4.796547893929423991e-22 1.033125445237336518e-19 8.055406313737707280e-17 5.176068362482415908e-15 6.004234843642216834e-13 2.495325017212333869e-11 4.391294389019434826e-10 1.000580841155317093e-08 5.692133670117960960e-08 3.454936921094892301e-07 1.554492092784371789e-06 2.309191376088205255e-06 4.393585340138074345e-06 5.642827363009281623e-06 6.071988215921022732e-06 6.562592255768700218e-06 5.861397838874891333e-06 1.954135193989546380e-06 1.770049226336465676e-06 2.640125711649276929e-07 1.136836045165230539e-07 6.484941840525509985e-08 6.926537993090618796e-09 5.971536471592131838e-10 6.952610569754340488e-11 1.891798876452009738e-11 6.991631526978385843e-13 3.664130925186412717e-14 1.973231329800771123e-14 5.944656535546569060e-16 7.244525905088943624e-17 4.429427012874106755e-19 1.009137980574781329e-18 3.975033913196159238e-21 1.002614135703703149e-21 4.025308725000246789e-22 1.478227198623867906e-23 9.455149934510011452e-24 1.053931333314640626e-24 3.301252546088911724e-26 4.647314722102527655e-26 3.427294764515535903e-28 3.407504920674306295e-27 7.832699132120483157e-30 3.320186003961987758e-29 2.048174948118635779e-30 2.296816606966856543e-31 1.393734170016257174e-31 9.076418617197556100e-33 1.801433764069188128e-31
4.103686791649983285e-224 1.953724590988842082e-204 4.665153569539194814e-184 1.084089282944268119e-169 8.512488256745006947e-149 1.767004328590306753e-133 2.426720171241011193e-124 1.665343847158037147e-110 1.730586831138361752e-99 4.310835737928453637e-88 1.347088998106312644e-79 1.237080966718074368e-71 8.838764512938230897e-63 5.038208951960359316e-56 2.947113348582360067e-50 3.009220978621868156e-44 2.804363468598914498e-38 2.457523271361657310e-33 2.387965136590108296e-29 3.044572737242402784e-26 1.279305319526535691e-22 1.934953788644908023e-19 6.615595684068929606e-17 5.682911989823185819e-15 8.420531062568651421e-13 1.974402064451689486e-11 1.769012578032051700e-09 1.072089734486882500e-08 1.533862285456642637e-07 5.532767398584785507e-07 2.471457106833662122e-06 2.989388071697340361e-06 7.423704161717834081e-06 5.336892277307153980e-06 5.619943003968953603e-06 1.152081504162323892e-05 6.709030496043382628e-06 2.879591274476704460e-06 1.384735998427942206e-06 6.179796934372950298e-07 1.681155546708589002e-07 4.331953097600853244e-08 7.015676947109783969e-09 1.308860832004969527e-09 3.711965429621058702e-10 4.288219668564250786e-12 7.896812309006131542e-13 7.972900633033198312e-15 3.751004207222149191e-14 1.409645434179734959e-16 6.708153313068100828e-18 1.458650030938035566e-17 2.057645023186222376e-19 1.307279483153485138e-18 5.244371267763106922e-21 2.164541141426566028e-21 4.044032094116471781e-23 3.240849847367073148e-23 8.364078685906789618e-25 7.713813958823515227e-25 3.360795186092335725e-27 1.213672715861451096e-26 6.912460810873968012e-28 3.891233791983902802e-28 1.075394916371135096e-27 1.320912993000197768e-29 1.037452404580110839e-29 4.394070759284632866e-31 4.305347977784646019e-32 2.216544440640243345e-33
7.120631905655704034e-220 1.894242307210819974e-203 2.638078139003442907e-185 8.175964082734515706e-156 9.251176755732420853e-148 1.067535490003715359e-135 7.044716477630374255e-121 1.655263972952663199e-108 8.500910577111670263e-101 1.333058857277511145e-88 1.865013584019099280e-77 1.448540675424222649e-71 8.464350694101930371e-63 1.436537139333944128e-54 1.934428364513976956e-49 1.472142748839609241e-44 1.208031892425403081e-36 2.716185093812388816e-32 5.181747440561961121e-28 7.543973687253094285e-26 2.430057626805808395e-22 3.945517918621585486e-19 1.961972774890061733e-16 2.351868598887994560e-14 2.460208980768049449e-12 1.074341668340989042e-10 2.362190523994166004e-09 2.895279022867955675e-08 1.594725128841336170e-07 7.476090096078720438e-07 2.477152162934595062e-06 4.510557907009526099e-06 9.841184071790586916e-06 1.596664215947169813e-05 1.222206207255099144e-05 1.404591065347990267e-05 1.483150686530734932e-05 4.757792684264726315e-06 2.467974768806400645e-06 1.229346010926387929e-06 3.701826720655710454e-07 5.007897872959947316e-08 6.563358834067475712e-09 2.909276828062569556e-09 2.708463275731064068e-10 5.991080796603856607e-11 2.033587471128641432e-12 1.528001120540095022e-13 3.405719291304059592e-14 4.288563859551399070e-16 1.360279430437281862e-16 1.693522819355519061e-18 6.084493552082835234e-19 1.247172261004843113e-19 3.412423608290289842e-20 4.769431462580233679e-20 1.213439146784359953e-22 6.497317691546343099e-23 7.754477244868679196e-25 2.157098198438199188e-24 5.216480849241641145e-25 9.648641513789859298e-27 1.266010986151218985e-27 2.974385322134472123e-28 4.966521489999082710e-28 3.393339991371013619e-30 1.124670080655784198e-29 3.670988576073254103e-30 8.774820134489132543e-31 1.187732570027042444e-31
4.089863948389810898e-209 1.216187968707180217e-193 9.032616283587412931e-173 2.101531413724948910e-166 3.309645204594882475e-148 3.818607356739619453e-134 8.606492484255750686e-119 3.556489864011372737e-108 1.267959068151454146e-96 3.720024762352429265e-89 3.613138356729030619e-78 1.128542336352991304e-69 4.776464102373579676e-63 7.655694100966896861e-55 1.391656066559916043e-48 1.829759545710220942e-43 3.709277687603923322e-38 8.786153228187754850e-33 2.999706368678928232e-28 1.397813581490432636e-25 1.492262240350028274e-21 9.031452805111126702e-19 9.194474676408685128e-16 6.941136373290708181e-14 8.413372045952488635e-12 2.346923681222961878e-10 9.970500829197985144e-09 3.488369511528753218e-08 1.532340976776438696e-07 6.703560893417311307e-07 2.490950763023290193e-06 5.909311302020156027e-06 1.625924882171862198e-05 1.401125150618948811e-05 1.745899981509991083e-05 9.155382442726125016e-06 6.326501426166825041e-06 8.209478495915814930e-06 4.746924893016423770e-06 1.599918134326739416e-06 5.194342035555313623e-07 2.867327948182671769e-07 9.895509698563657727e-09 3.153151053750608060e-09 2.681710501575332277e-10 3.798544425156490433e-11 4.424876324390415470e-12 4.026968351563996501e-13 2.332462110925135024e-14 1.424505317039999087e-16 3.108970916786931611e-16 1.246966356032291546e-17 7.107759335890079020e-19 4.054253743450481002e-19 3.037858991528265140e-20 2.763703664387938674e-21 3.284919484264472575e-22 7.492982610389808175e-24 7.604666919759845069e-24 2.897380966514551109e-23 8.439442166654181614e-25 9.797390642711464327e-27 9.223774353513013215e-27 3.922421831866046941e-29 3.992856742821804955e-28 2.816713308829246807e-28 4.859416594624301021e-29 1.400087836589110881e-30 3.208035039490328155e-32 3.554159174676796587e-32
4.392251544583525080e-213 8.875262843699249770e-198 1.334062000823999547e-179 5.801448376843073001e-162 3.505169791267027035e-150 2.199713414890061246e-132 1.055057874417479953e-120 1.280686915824117741e-105 1.760986648914851637e-96 3.091643728476761272e-87 3.391654458186363801e-74 2.682484600167536591e-67 2.403984516610890237e-61 3.677107047709705373e-52 1.021949590905719908e-48 9.070902264302171069e-43 1.155233764685006210e-36 5.404722800043544155e-33 4.610530003776645011e-27 4.817020397471410954e-24 1.855350489115538039e-20 2.288134363545258707e-18 1.081373591688407872e-15 1.306207463078470560e-13 2.814965371559504433e-12 1.739504818757027857e-10 9.682192302007018460e-09 4.994834339498981858e-08 5.457920037716175066e-07 1.620616056646103394e-06 4.105149116025835946e-06 1.147555329426274799e-05 1.960504903661199308e-05 2.121406995967194687e-05 2.246319897062499829e-05 2.644955208124896937e-05 1.301964391925883930e-05 5.754582017709515687e-06 5.789823259420128146e-06 2.801136389266243980e-06 6.323194459738799282e-07 9.295028708516833303e-08 4.849411220998407334e-08 1.839663028716405163e-08 1.218694464322048864e-10 4.941425292820246112e-11 9.364641677369853601e-12 8.133984322422565103e-13 5.201905992517912514e-14 1.436675388062730721e-15 5.235904637311860712e-16 2.049068360805222209e-17 8.789167652457293363e-19 4.796026452820257002e-20 2.956810923869245734e-18 2.409841789749314171e-21 3.866021911390109593e-21 8.871199202288518934e-23 4.302384486089687769e-23 1.934873368340983009e-24 9.953702283354011497e-26 1.980447927455944654e-26 5.686510777664230312e-27 3.068671706179229418e-26 1.394928444094862605e-28 8.283382159565512414e-29 4.129996554711551023e-29 6.605888197516426044e-31 3.964732744363677516e-30 3.037511712284418669e-30
6.508969051739729513e-213 6.280332548557232269e-194 6.630291877083888601e-182 2.286881170320353933e-163 1.900505237706338718e-148 3.055223352656624172e-129 5.316690307165042613e-118 1.121736675737353815e-105 1.365373846869972507e-93 7.830993339917732648e-86 2.456565378532825215e-75 1.443348297080410762e-67 2.528101945802855535e-61 1.840248159547451216e-53 1.248408840277039924e-47 7.004890948631908929e-42 1.356179628037869308e-36 9.738886585268810622e-32 7.971726623873220641e-28 9.568334126699499090e-25 3.783756862504537590e-20 2.937671775441426421e-18 1.870474093706381961e-15 1.821699260695276213e-13 1.253989552463726651e-11 1.543215729732192393e-09 6.079905172471138944e-09 8.775739757669574526e-08 1.127489838790137944e-06 2.758137872924598782e-06 5.961544238907058969e-06 1.652558502655527786e-05 1.597625331667824585e-05 2.115129660247101257e-05 4.927675485567298459e-05 2.485268427241571593e-05 1.996560676309018357e-05 1.495916192641626928e-05 6.701676743950037823e-06 2.750659091533020178e-06 7.934704155229522593e-07 2.429221321559334307e-07 7.977026088145841344e-08 8.843409171880507847e-09 1.639267229818837656e-09 1.133519138685121531e-10 1.110659089199299259e-11 5.441047573982202863e-13 8.629431056489067031e-14 8.591185609494591688e-15 1.177158976229649528e-15 1.589477817329307898e-17 1.779995594026143175e-17 1.650581555635817449e-19 2.751962389307900364e-20 2.280814686489170693e-20 9.034690986546448443e-22 8.034462385625445651e-22 8.122517134024735067e-22 5.032500518599732421e-24 2.317381642955637185e-25 1.661185080826515334e-25 1.519236020273615496e-26 3.000531966585699218e-27 1.342345347776871205e-27 1.493239333788243602e-28 1.803694427313001881e-29 3.122841443067192591e-29 2.008458724147105587e-29 1.569475840276018623e-29
1.412838472994075774e-215 1.807060574948920531e-192 4.569264620522761184e-177 6.331479284850164378e-161 4.536767045093658568e-146 7.539796308324506913e-135 2.143819506001713302e-117 4.769780571375113258e-108 1.039674098414071497e-96 7.569486166989829008e-87 2.929149849314467449e-75 1.919041702469609165e-68 2.784114496819997124e-60 4.582191448345537991e-53 1.348299367267135953e-48 8.471321922928379807e-41 7.218536049963893048e-35 8.022695162372116891e-31 7.929074438111765991e-27 3.524238648180553895e-23 1.848934482774030934e-20 9.029654328829728747e-18 3.628766881548493494e-15 2.193172777238232013e-12 3.860250679465486292e-11 6.665270465648887605e-10 1.453472242221947578e-08 1.616216567267338200e-07 9.283503796663945650e-07 3.354678223025106619e-06 1.142242793009146303e-05 2.032155856266038224e-05 4.350067765022038878e-05 5.940071356311635065e-05 2.763579968879702612e-05 3.737399895388150451e-05 4.127340901912523302e-05 1.564458186319548171e-05 6.376238078985387622e-06 1.598909152845005372e-06 1.818584883982856958e-06 4.086865742695967189e-07 4.327128439433015549e-08 5.459785535038799202e-09 2.274450242260795428e-09 9.657219673124853178e-11 6.817690818501243678e-12 1.915048219017453569e-12 1.607259423655047017e-13 3.976856509775487361e-15 9.134993638486461387e-16 8.249978767812400186e-17 4.590648562239018406e-17 8.096199923003753765e-17 8.678719485906270007e-19 3.819547513392250552e-19 1.093630471880802122e-20 2.819074620868274809e-21 8.770201414751205135e-23 1.976571855949225862e-23 2.053172849012602526e-24 7.952165299565002790e-25 2.756828801590298267e-26 1.005524647895940349e-25 1.692256531045934491e-27 1.312829751077818407e-27 6.360711553248945347e-28 2.138562720322647063e-30 4.186968894687794343e-29 1.526363696753580889e-30
2.209232659588575538e-214 4.645514379385189194e-196 6.134017238209593706e-174 8.620012010133680037e-152 6.153554835671547813e-141 1.954552481387295783e-129 1.128245409867181853e-114 4.295356366272905730e-107 1.117394511565058104e-95 1.418904433042303183e-85 1.367345977523680120e-75 2.571109668010787246e-65 3.659646054339232617e-59 5.459403128185206125e-53 2.775626467372206440e-45 1.233139511003251865e-41 1.975827429357381170e-33 4.207091819020600112e-31 5.233741165133039687e-27 7.480659571946803932e-23 2.107208442645552500e-20 3.251425901775614309e-17 5.770438109230654223e-15 6.663608432022913061e-13 4.378952528712870659e-11 1.308474267466955961e-09 2.598007266448911650e-08 2.881920694198296862e-07 1.165549023776317086e-06 3.826581277381087406e-06 1.218919871471643604e-05 2.177707661492476720e-05 4.325140563688230203e-05 6.389115406493778423e-05 4.469220700191626426e-05 4.925966552328658334e-05 2.923929138399613734e-05 2.192147020144190545e-05 2.627789094448706997e-05 3.188728415824953671e-06 2.031601381824865235e-06 1.043024836783485252e-06 6.442707244139078283e-08 6.093474944758996932e-08 1.554023651355130191e-09 6.251290209441941704e-10 2.278427061670425427e-11 1.864857270870991692e-12 1.611051445584217787e-12 4.937455039331799781e-14 1.122077854616929809e-15 1.007382932635352633e-16 2.687723714019666766e-17 2.093531655576100235e-18 2.270271652366941477e-19 2.662163536557987393e-20 3.146255040521091232e-22 7.885194756367505852e-23 3.651402904319762429e-22 1.528448146703925916e-23 8.653027376271419142e-24 2.780076658832462019e-24 9.028775974639596596e-25 1.195902717925258201e-26 1.395483050922278351e-27 1.893298681110959524e-27 9.238595024863783598e-29 2.577878242596768678e-29 9.644664620311758551e-30 1.935888542982607643e-29
1.437795318478875640e-209 3.752737038781599929e-189 1.531998066254533462e-176 6.070082786536845956e-156 3.628970041079706416e-148 2.862319293899574435e-129 2.120550138887641617e-115 3.101350485439525231e-104 7.625445722650906877e-94 5.076872017580271091e-83 5.789439386994874890e-74 1.268936249565708657e-64 9.665192059643587074e-59 9.785724960457620048e-52 2.739678644675294026e-46 1.475457128734041935e-39 9.153888624437520244e-34 7.236444688841086154e-30 1.649051459914485138e-25 6.858521592895018200e-22 1.641938786472183207e-18 1.662746579275537730e-16 3.364567367627112710e-14 9.626550577271245647e-12 1.077195028398048112e-10 2.246339759226802524e-09 4.585820338642105740e-08 4.884967559866260363e-07 1.380430247333941763e-06 7.619216201387124172e-06 1.872500808405154658e-05 4.687636562170365180e-05 3.950078873730150962e-05 7.492516903531000569e-05 8.017525088531189876e-05 4.922242161091253414e-05 3.788366228052104289e-05 2.854715240755924575e-05 4.106035554578870279e-05 4.983177328694269622e-06 2.008297279898222411e-06 6.852606184957480568e-07 4.596541911196134656e-07 1.854213128687980908e-08 8.821798754694146467e-09 8.644541383281958977e-10 6.954629986411291914e-11 8.687571152023618291e-11 1.042131073414194234e-13 7.253067019312586019e-14 7.896283686348558428e-15 4.416039084240128189e-15 2.120786911225839762e-16 2.861211781054041901e-17 2.099470764809103492e-18 2.715726517105115974e-19 5.790502019580958835e-20 3.213795304701426750e-21 8.541623750121914187e-23 2.776053675878028876e-23 4.804037907416513647e-24 2.034473072888080158e-24 1.922699524416322645e-25 3.017573467100271816e-25 8.280150079632536267e-27 9.123749302069891462e-27 1.828184762725907670e-27 1.099730205696743359e-27 1.002385975664411525e-29 2.018945624521585695e-29
6.920108322933692790e-209 4.930222363703610484e-193 7.934390428702097991e-173 4.469001294474091832e-156 1.788539186830505987e-136 1.478654827236405751e-128 4.576516660260550450e-117 9.537613791353340145e-102 7.287010914483320542e-94 4.530700143697428883e-82 4.614997015354130507e-72 3.438087388859148255e-64 3.628242582208165205e-58 9.434626512238943139e-52 3.918994648465488378e-45 1.166607263451667760e-37 1.078190231799542935e-33 2.853068942010509686e-30 6.365977945454654523e-26 2.244764275067574197e-22 6.379254053404027017e-19 3.607390032079927550e-16 4.814710608940408563e-14 4.598764412020899461e-12 4.095774852855884603e-10 6.199661505447644150e-09 6.573633067710606099e-08 8.550998978287376949e-07 1.934748351469144481e-06 1.265680450780703439e-05 2.102777379562697336e-05 3.660024619712985060e-05 6.127097034141046783e-05 7.321761977517931219e-05 1.038878351098988936e-04 8.573346140735531708e-05 4.076307164839837135e-05 2.484094291851008629e-05 2.640498402191101610e-05 1.327451357628296050e-05 4.344636880223206559e-06 1.305668277884212467e-06 3.850012634148937795e-07 3.307769729432702786e-08 2.502926637950385495e-09 2.917183242631445587e-09 1.274845702823716701e-10 1.703723865148400790e-11 7.508721558940041059e-13 1.076220522975698662e-13 1.096731353251275280e-14 5.628396274728396363e-15 9.492544807521354853e-17 5.330656245189273375e-18 1.520900028515437714e-18 1.512351952640855226e-19 3.558118422727358501e-20 1.008007610302055989e-20 9.344089485855036362e-22 5.873506948545219459e-23 5.398176168408567148e-24 2.930312860131899039e-24 2.102914487745751110e-25 7.619110149753138121e-26 1.533798891189639290e-25 2.178486363456210667e-25 2.174906827505621730e-27 2.166378730286822575e-26 1.172620611133085211e-28 6.777048109381727361e-30
6.138996641434171043e-205 6.460034868801510081e-188 1.349756763561966254e-175 1.872347989319596328e-158 1.089499029947538846e-142 3.351826455043833456e-127 2.129136180597546760e-115 8.802269851315427866e-101 3.677255483888766177e-92 3.919034443119210538e-81 2.171173560841023718e-70 3.964498915055304270e-64 2.710866558463904463e-58 3.421851780743686771e-51 5.920831713454823752e-44 2.948000038406970902e-39 2.655515535756010008e-33 1.967620195886185872e-29 3.314504546882441964e-25 1.055733704647980919e-21 4.095688238710998749e-18 2.328751666582557844e-15 2.095749422412161367e-13 1.325393812147540653e-11 4.372246469282349127e-10 1.322066493259048314e-08 2.310521876178555176e-07 8.701317955086083149e-07 7.554689971247586037e-06 1.848201281359737171e-05 3.777110444099804701e-05 5.684844868752748247e-05 7.694846508929674206e-05 1.103340736333281177e-04 9.514432908584175691e-05 1.083625315828597792e-04 8.539183430369806356e-05 7.224660104455318409e-05 4.332978833088044457e-05 1.733912971168973769e-05 3.422749084413336017e-06 2.249101062143259136e-06 1.109404315937053919e-06 1.165138810592759732e-07 7.506364410084540876e-09 3.762408111973579731e-10 1.612870370898924912e-10 2.710131029256728049e-11 9.745946560253074254e-13 1.883130189672234986e-13 3.005521071930990862e-14 5.966606121890340332e-15 2.509298565499440887e-16 8.654324188499843496e-17 3.328115436882940624e-18 6.050491298431849038e-19 3.582701057454863695e-20 9.162767391859911613e-20 8.461184395516265112e-22 1.599886545047752441e-21 2.037849619492204021e-23 1.300883351850699677e-22 2.216405198916600491e-24 2.092500016706341572e-25 5.283350350282595325e-26 1.213262355428500681e-25 2.708101285982422747e-27 2.853632277565492172e-27 8.453769160766479354e-28 3.518813134654217187e-29
5.318894416404138143e-206 7.258522261205060430e-193 4.604564544702162296e-172 2.778094138120431104e-155 1.196956086333419900e-141 6.131139348902266972e-126 1.260450553811924133e-115 1.260187361158489862e-101 3.161142789045895884e-89 1.104510437771806005e-77 7.156033106739933668e-71 1.261364938891990252e-62 1.802974175670103496e-55 3.340170626396436223e-50 2.058663102847734356e-44 2.704520277936135321e-37 7.502123714135635532e-33 1.159720381029872997e-28 1.888192742133722711e-24 2.549049260670507300e-21 2.945200867647603442e-18 1.052201191127513766e-15 4.133213433720218972e-13 4.012965251127725479e-11 4.671505162575749933e-10 3.022495347263336907e-08 1.739240373609639554e-07 2.106875858380858611e-06 6.621804079785318910e-06 2.250900937580978446e-05 3.760231359738960301e-05 1.017566291903332365e-04 1.643945166692747722e-04 2.022103748787121963e-04 1.165970012639709787e-04 1.348171195467690704e-04 1.227216538333059440e-04 9.550290586157975255e-05 3.552133515517877778e-05 2.538361855084665189e-05 1.420351007374011119e-05 1.258247503807645414e-06 1.106301030423534927e-06 3.251164292590255924e-07 6.108348564294585525e-08 2.939246239845444569e-09 4.249116004495266274e-10 1.841594494054172697e-10 5.017850481242774837e-12 4.543149564151470771e-13 3.207622240684894005e-14 3.547733404657434334e-15 1.802146322374223405e-15 2.912111294705589582e-16 6.162623702569875018e-19 1.357871559829203774e-18 3.943141183044605238e-19 3.157343561408368714e-20 1.510478073225133800e-20 2.827070974219895488e-22 6.555395994263063299e-22 1.531371745318138695e-23 3.440424459292028035e-23 6.968895950235737595e-25 1.194338841783617571e-24 5.849011205794943575e-26 4.911313960306745403e-26 1.520387739879588332e-25 4.549923501052464036e-28 1.412846559252349291e-27
3.156538936259910049e-202 4.586385931027324081e-185 7.791409828735448924e-171 1.546712761874946613e-152 9.523848556891378181e-139 7.937615402623793712e-122 1.601004293214032688e-110 2.562213657250779627e-98 1.412585976037714375e-87 1.035812997122505216e-79 2.840964808676201328e-73 1.519036620524505962e-63 6.702205982599290190e-54 4.606199424386757206e-49 2.362890501674577080e-43 8.796103236713081599e-38 1.119430438681676168e-31 8.471291964750499924e-28 8.846159145645767283e-24 5.993116335389160879e-21 2.588479221252530357e-17 8.570561381754803654e-15 2.409703619521597943e-12 9.606178800243842548e-11 4.689664987100318584e-09 4.783926250581735120e-08 7.682636675628715380e-07 2.942848895584434131e-06 1.262491991856835283e-05 2.433914822180333954e-05 6.432836254250946621e-05 1.538659605807649597e-04 1.818734206862058535e-04 2.226285401558014861e-04 2.165904220820595821e-04 3.181445354709317233e-04 3.010207519397780089e-04 1.983331633114805497e-04 1.066257568434360434e-04 3.618974032832350209e-05 2.537243775651751819e-05 4.287411108660323041e-06 9.049615011831911147e-07 2.670682130282554819e-07 3.599883519599168527e-08 7.157038790156476222e-09 3.223877466310839957e-10 1.512169571631148891e-10 3.000191371298596524e-12 4.128371746766770613e-12 2.778319832660651040e-13 7.023209476557131046e-15 6.260766274875551718e-15 2.719773661956527244e-16 5.498162976671103140e-17 1.927136066066862849e-18 1.175031082249597547e-18 1.063923690764818693e-19 6.646673550798137853e-21 2.752320703688917034e-21 2.981928093642001053e-21 2.101102062054193591e-22 9.405423715461557403e-24 8.175527540218892886e-23 5.149906987952415147e-25 3.584704034405592790e-25 1.653176754043634832e-25 6.697221510281966645e-27 7.920020879546812965e-27 2.763945860286547827e-27
5.803965507658409420e-208 4.975473791930169476e-187 2.175765527354398144e-167 3.872355900545502233e-156 5.050409843247942520e-140 1.653768458613528934e-121 5.182214028022457240e-113 2.832682664869962896e-99 3.185940604611307241e-88 3.786509534726915977e-79 7.013436840790685250e-70 3.775232845706576329e-62 1.363240417172025391e-53 8.378832276432129897e-49 1.511147184273771286e-42 3.538648319107867710e-35 6.734933813237717466e-32 8.147062520102267485e-28 2.969397151250181886e-23 1.966828085665212172e-19 1.983510325045141222e-17 1.874907642879289412e-14 6.945416759412457541e-13 4.793257388492681663e-11 1.092825401478338371e-08 1.229966543951504934e-07 1.123169862807793981e-06 4.944438247428381808e-06 1.780440337066424016e-05 4.376670595379878983e-05 8.859040993604247211e-05 2.047425183392762038e-04 3.616316361111020054e-04 3.345584476403537033e-04 3.262471648164221700e-04 2.973129760678053994e-04 3.723657471967993233e-04 3.180574577393900735e-04 1.890620678777854644e-04 8.682769437556762482e-05 3.412929229601431520e-05 2.252801233689000207e-05 9.447387626098895509e-06 1.173881626267296436e-06 2.253656285374616569e-07 7.736616632940106728e-08 2.159715958734799809e-09 6.133222355914261109e-10 3.035424635615070273e-11 1.195531470997983853e-11 4.548974875797342475e-13 1.033488671061456823e-13 3.698264814522411960e-15 9.602001840286740579e-16 2.582722117747855759e-16 3.849994177026032949e-16 3.089330134637278262e-18 4.435289487002183387e-18 3.805002761517443924e-18 1.734596300481468682e-19 2.288327580652410920e-20 5.116579224904893574e-21 2.179865475852525200e-21 5.788429332476162414e-23 2.503843886975717272e-23 6.195297801968403974e-23 1.576313862707108538e-24 2.318569286970621300e-24 1.788348169706260929e-25 9.003191227614210340e-25
3.192141996708652835e-202 1.776037649052026733e-186 3.170651559172932831e-171 4.798756211298668046e-150 9.661347175377460031e-139 7.634150034209987210e-125 8.513243677862652317e-110 8.468075800718800053e-97 3.494298858837383064e-87 1.127973253394875072e-78 9.451335370601801374e-69 5.094317639520832546e-61 2.348728424582113491e-54 3.848677924794993197e-47 1.062781056009001296e-41 2.141734225790997293e-36 7.037002199837636006e-30 9.426395203413386875e-27 4.671961000336340129e-23 1.253153394140166608e-19 7.786810346081075838e-16 8.220525083238493068e-14 5.691210752824443310e-12 1.772891128187894796e-10 1.626025210643035052e-08 9.711044670075720361e-08 3.308148472218253923e-06 1.134919066377751380e-05 3.503523915114243096e-05 9.326192853394486934e-05 3.058430510271051544e-04 4.411850542186076022e-04 6.541826170328316273e-04 7.243482899072421852e-04 8.601507978411949756e-04 1.009635075888553734e-03 8.251588960806871802e-04 7.771055748341904957e-04 4.896678442186747299e-04 4.640738762164081459e-04 1.879500490015268636e-04 1.499992783187645447e-04 4.647135600977619332e-05 1.127905232853872397e-05 2.973358845992150321e-06 2.128921043894417459e-07 4.224125810099681757e-08 6.285176340553271989e-09 6.135198274893205542e-10 7.204916482963748645e-10 2.542595763529843889e-11 1.060038320786864034e-12 4.428863905839571000e-13 9.107784776719610066e-14 5.951698315895545236e-15 3.032411670818427412e-15 1.515831102297732731e-15 2.067690109025042305e-17 9.470824968929158623e-17 2.678248937325468395e-18 8.408482147648851443e-18 6.802949040869244132e-19 9.137128081469235935e-21 1.131726251224644198e-20 1.061932759532229624e-20 2.625205896299525893e-21 2.405786336867276947e-22 7.495151323536954062e-22 5.894442593377752096e-22 1.353157328356289874e-22
3.361996625309702105e-209 6.728708138902378640e-189 1.670633474584301745e-171 4.296304874518370744e-152 4.051484488992668828e-130 2.156102935300895678e-123 1.841982390280573733e-105 3.371894202890713334e-97 1.663223434430298250e-86 1.445767002837230277e-77 8.245827897384876707e-68 1.899964179237430439e-60 4.803483134771300298e-53 1.269749127568353266e-45 1.864409417505185143e-39 8.612042402361369866e-36 8.915607444527234050e-30 3.820964140440705465e-26 1.400354258390950946e-22 1.874122155168928458e-18 7.959632755592514485e-17 2.929342114259117459e-14 8.451727286688333492e-12 5.332419232535818493e-10 1.782691471265462163e-08 4.363199924508266716e-07 5.664862164119449578e-06 6.241520561300840843e-05 1.753609441260068410e-04 4.446892931015140448e-04 6.370552785731175682e-04 1.090473551952289870e-03 1.402636783396120617e-03 1.475600793108339725e-03 1.727731737920437140e-03 1.510834503600500239e-03 1.611350361333002907e-03 1.421362103186000992e-03 1.371569465211884640e-03 1.211401174801325512e-03 9.590599567051611178e-04 6.344545214235201456e-04 4.079256253863000462e-04 1.447405095704226144e-04 6.322290107566945472e-05 4.772562918502984475e-06 1.825375180837626954e-06 3.206365292455686685e-07 3.809100423757090550e-08 2.329302380311084911e-09 1.238556844235809417e-09 4.695412852740035004e-11 5.657476631146423857e-11 1.942986060075371392e-12 3.089631307360301938e-12 4.820445390183620497e-14 1.286511160008763241e-14 7.490627486295632702e-15 6.462523179904612282e-16 3.342824300296207575e-15 5.058017864031824195e-16 1.190783631980326718e-16 2.658822730066070992e-17 1.796940540206671780e-18 4.908433471832293524e-19 6.354693021610957283e-19 2.473369256199959318e-18 6.250876199518530342e-20 1.631800648182274983e-20 6.087463024166917013e-21
1.975474837758367333e-205 3.184799775458238509e-182 1.486618897426620287e-164 1.188674140514421020e-151 7.328142079971976828e-133 1.503972012166303240e-121 1.361323954280722495e-107 1.398416385820906676e-97 4.341572481663365786e-86 2.156343530857373941e-76 3.611633452110927021e-67 2.224454014030911501e-59 9.828785433500130513e-53 9.615276108866176356e-46 1.412054312816312603e-39 6.404637884355905228e-36 6.551949999055658069e-30 6.039404763589649013e-26 5.016795519301776040e-21 5.401402242732529421e-19 1.069324028596104729e-15 2.807362650229014606e-13 1.082006383558296203e-10 6.976842747487535379e-09 2.319116796490285329e-07 7.608255984734406430e-06 4.949678169675046933e-05 3.026509006478750297e-04 9.031510759358833814e-04 1.439617347978596482e-03 1.827393392149110783e-03 2.050348839481594063e-03 2.176184896455363778e-03 2.331172580391201524e-03 2.286185253837549978e-03 2.334729230125801892e-03 2.490481676234882445e-03 2.337727698466902319e-03 2.284238067671339519e-03 1.920620107798274049e-03 1.906083395520075064e-03 1.485593506560722735e-03 1.129160001440723989e-03 9.678714248988923600e-04 3.729772815666435124e-04 2.980737458826958754e-04 1.094098416488528750e-04 9.545661375755461173e-06 3.382855574354698260e-06 1.262115449128429025e-06 6.761351078012145563e-08 1.396733696109811615e-08 2.890696980715835634e-09 5.193761217506363663e-10 1.843109151045769547e-10 1.427368287462626165e-11 3.934277917331487722e-12 6.262716446491545508e-12 2.178883702492416977e-12 6.094969084906386708e-14 5.960332503371899859e-15 5.877723242570233266e-15 4.155136055776064623e-15 1.420300446540672311e-15 6.767957254726491209e-16 4.695729152399423599e-17 9.580383458596984987e-18 3.210973151390200588e-18 2.650759825170890953e-18 9.858323129904745600e-19
4.763905728364015635e-201 5.059038115702560865e-182 1.131713556816264275e-164 1.242675364168727764e-150 1.154468788781660157e-131 1.083256423053355007e-119 2.354333746306583493e-106 7.766345689262177341e-93 4.961285332885305025e-85 3.570709978106451196e-76 9.339320895548607296e-66 5.924247812447195253e-58 1.868138216121272016e-49 1.177378536974832434e-45 3.565262568930723194e-39 5.527990395116909880e-34 2.682958652051536146e-29 3.517352518171460089e-25 4.512652321844365431e-21 1.531889192531586054e-18 1.130566429532445692e-14 7.336278683820295090e-12 3.879515972775372001e-09 3.266775440651626638e-07 5.794365406723355161e-06 1.723031175929837786e-04 5.818878830764322987e-04 1.418398766865166388e-03 1.890819575271880226e-03 2.348325287251067182e-03 2.560369785942084257e-03 2.705323714915738084e-03 2.870830211933700186e-03 2.799987694794287083e-03 3.046049478539732472e-03 3.021781320789263935e-03 2.930343056196812145e-03 2.895319475061871282e-03 2.830762994147280245e-03 2.667178323853787621e-03 2.492674342221038678e-03 2.128012077384764267e-03 1.922354320204752720e-03 1.912517021924979924e-03 1.514512770073881374e-03 1.367770718917576869e-03 9.438316030951393772e-04 6.715242156985981462e-04 1.997091117312898374e-04 4.538283705623452732e-05 3.502526208224166209e-05 4.906593368437736714e-06 2.060338499514495852e-06 1.050218148645535584e-07 4.912074969670535439e-08 2.127767508413101741e-08 3.985179591323186354e-09 2.057700130534933564e-09 9.070965296261488470e-10 3.330851425355453023e-11 1.371031753639336793e-11 9.793716903377261536e-12 4.518891499316239804e-13 2.028775398176231473e-12 1.286816071167504877e-13 2.015532252362668925e-14 1.419193586360471645e-14 2.365086326367986781e-15 2.406994109472273492e-16 1.214395815971800881e-14
2.127773965487730613e-206 3.150782026005399901e-180 5.933783245906881905e-166 2.300608917022993652e-146 4.342042333312909637e-129 5.875025146267597273e-118 8.874519996746200246e-105 1.876072414463703219e-94 1.391848013635522026e-86 1.218817394592444517e-74 3.205918532925341884e-66 3.612364554915807947e-58 6.182751110170306823e-50 1.139440331454536971e-43 5.280979427388276479e-38 1.467240839146913200e-32 3.648710673774124307e-29 2.508033019030995644e-23 1.810602336303519493e-19 1.036288571691323879e-15 4.450303706931443797e-12 1.243553891969287414e-10 5.550226826165883075e-07 8.148629547763665352e-06 3.062922179368202840e-04 8.680053175607250386e-04 1.905954897770497335e-03 2.454783032841714036e-03 2.751227116898082546e-03 2.959097527016924835e-03 3.121291384931685047e-03 3.333492162244561068e-03 3.583232867725466564e-03 3.553150265478055916e-03 3.633580394423898893e-03 3.635780212199083306e-03 3.409466657504189434e-03 3.433247397127245533e-03 3.343199212777322061e-03 3.201911134646929884e-03 3.022005849582597766e-03 2.879471730962591871e-03 2.769941018966004705e-03 2.426479945926223684e-03 2.244825240557264418e-03 1.958600267094802450e-03 1.662860242789568127e-03 1.709659049193716033e-03 1.275531401273439277e-03 1.010676140765798606e-03 8.017121143896904258e-04 4.436115778539977302e-04 1.842341265151295612e-04 8.797130139010117826e-05 2.289972406178260279e-05 1.433247975681131382e-05 6.950554981675399569e-06 1.698157118184446277e-06 5.907394178191621327e-07 1.121410166454635009e-07 3.300145841545526033e-08 3.964301843290614203e-09 2.951462336798066300e-09 2.052094523807728633e-09 3.094223712431577105e-09 7.562463568306040958e-10 6.923044997087220632e-10 5.252199336645053379e-11 9.575968504226327456e-12 2.904564895318502637e-11
5.459891129583362898e-197 1.844767175400763575e-180 9.446711130828710271e-164 2.736539069029142983e-144 4.413968429877333415e-129 9.409308540362316414e-120 2.720450115689842052e-102 4.069831365696824132e-91 1.630935752695007615e-85 3.188751420470389875e-74 6.169777233206765868e-65 2.074887124801447374e-57 8.632349401469536443e-49 3.131673625061490588e-43 1.724716221011826366e-36 1.391100214291728950e-30 1.053877406167207761e-24 7.603353768538064036e-21 1.848195632292327827e-17 3.492093022992411394e-13 4.378768400659990633e-10 1.297586701060307222e-07 2.565078478798534675e-05 4.848315579239704989e-04 1.602248111386416277e-03 2.370076848333347187e-03 2.836070068818833442e-03 3.153262624280514861e-03 3.383097381314032273e-03 3.564734604442684231e-03 3.856079822141509055e-03 3.939845587652951453e-03 4.019595766963424133e-03 4.089441421439386944e-03 4.172114662911996334e-03 4.091430257067197457e-03 4.159140994242662565e-03 4.143174552087389162e-03 3.900950870412704403e-03 3.816292459090699692e-03 3.633507404210845580e-03 3.599439614842608534e-03 3.394274293238953594e-03 3.023346277347219516e-03 2.848266311420276625e-03 2.832707963278141561e-03 2.594543821567565651e-03 2.307716878546538491e-03 2.139386612799997010e-03 1.757951716504697589e-03 1.741580284042363149e-03 1.454236659142426431e-03 1.270479665171828565e-03 9.702808463225227106e-04 8.980363290848092676e-04 6.213293422803073960e-04 5.955906472937044305e-04 4.325507921621433603e-04 3.689144725374949446e-04 1.672290254101894090e-04 1.521598041207143420e-04 2.044814427404165563e-05 1.724009682192282855e-05 7.179630827973119689e-06 5.688627626190148834e-06 7.829641352213160332e-07 4.284099978805291812e-07 4.395387618672464713e-07 1.178058570241076167e-07 5.445837700135833784e-08
2.830093759178534890e-190 2.229302695960845113e-171 3.372471136506567643e-158 5.527489466394216880e-143 8.819590721269608703e-126 4.314987524372499264e-116 1.540340351397578570e-104 1.709445844203611856e-88 6.466093673793591827e-84 5.708431842808294932e-70 1.393273768504844446e-62 1.560125342104048096e-55 6.546093941070843886e-47 1.260215398321140489e-37 1.490867901847503001e-33 5.152274864289984061e-28 2.496670472589132142e-23 4.314590571155681360e-18 1.896404361317243385e-14 1.103642341155824725e-10 2.294219597133844209e-07 2.400990571334510595e-05 1.024811902726762954e-03 2.001356798354425679e-03 2.623370786099996164e-03 3.396291294091859005e-03 3.485108421773262799e-03 3.691520641430183058e-03 3.956815990022828286e-03 4.107407972588302848e-03 4.409970629097443445e-03 4.415645736737211328e-03 4.410165061075991232e-03 4.592793814367212950e-03 4.670110263435118224e-03 4.804702827145356653e-03 4.651195439116812685e-03 4.833941006503021665e-03 4.469839696290204070e-03 4.505605259662452330e-03 4.204340239733794435e-03 4.327200528600065425e-03 4.010403184135583575e-03 3.640828627538628733e-03 3.604555935728650119e-03 3.207600786218468055e-03 3.048960955605469186e-03 2.848700514565827898e-03 2.752541378807861223e-03 2.627549448936886221e-03 2.215351922369311524e-03 2.282543123959008581e-03 2.147106150071841427e-03 2.157180621481925246e-03 1.845842735325933272e-03 1.878299766731508520e-03 1.529590429076918470e-03 1.358238240504211275e-03 1.347562887178948860e-03 1.111318441471919813e-03 1.204791676814352154e-03 1.135322091249102699e-03 9.227684747171724985e-04 6.169835818565499053e-04 6.457758278276559422e-04 5.565070575792572562e-04 3.927392325919301674e-04 3.532793823423582033e-04 2.181694628737878465e-04 2.364260237351176338e-04
5.207217494382797978e-193 6.773005640150157047e-164 8.797058961248168928e-160 8.121681917443412810e-141 3.882016571770790921e-125 3.247653156654962248e-114 4.584882249908784803e-100 3.451431871053020292e-90 2.255342306623110837e-77 1.631130041048574906e-69 4.507510780143606968e-61 2.669617176859833414e-47 1.389560739952758005e-43 3.145333267890795641e-37 3.299559702537258140e-30 4.470981482047413629e-24 1.272447609869048412e-19 5.410380405766066863e-15 5.436863183291814419e-11 3.185199674880315409e-07 1.557309493458796875e-04 1.191152507052519339e-03 2.472276515112787742e-03 3.061334272543609399e-03 3.451402533171673594e-03 3.777438277241317727e-03 4.041992555528705830e-03 4.215221252928624991e-03 4.653622859303562821e-03 4.736674810246872813e-03 4.887332581182950164e-03 5.116287379775129492e-03 5.112944864226576930e-03 5.212643901986954188e-03 5.347855863706824260e-03 5.653070755577518577e-03 5.590004058429273552e-03 5.619509425068038022e-03 5.538970311710489716e-03 5.371372614706685852e-03 5.290702665870701017e-03 5.122793190953220735e-03 4.626895908698787016e-03 4.770842368873471663e-03 4.259762969597157174e-03 4.228088512538055906e-03 3.815868882573206396e-03 3.581392548249420771e-03 3.441098658442904874e-03 3.188872831615216074e-03 3.015346273555613837e-03 2.860426093198770864e-03 2.637299637226084899e-03 2.536830043333260058e-03 2.507736122123541307e-03 2.457063524653929024e-03 2.387886531005084609e-03 2.370263760654451810e-03 2.149521226468691613e-03 2.054057157652367481e-03 2.181946645550530712e-03 1.870898199035262409e-03 1.571137372973204415e-03 1.611848545990290449e-03 1.835928784386028911e-03 1.722369235451458530e-03 1.517984008072685749e-03 1.341129077503238134e-03 1.351339135839423489e-03 1.137515241473127919e-03
7.788201911197854992e-191 7.181988083798073968e-174 1.310093372755631898e-153 1.496862448140015713e-141 1.910795378953361809e-126 3.810265453392526760e-111 1.191320761436498609e-95 1.245460579696089297e-84 1.199641530948493862e-74 8.195060548802090470e-64 5.641853308572656008e-54 1.060875182044536922e-46 1.295649336807431051e-39 5.822089943819017322e-32 3.265972657194184625e-26 4.858799171402504509e-21 1.923986268863011437e-15 3.987152177936495206e-11 1.309727674896766218e-06 3.823268620052523324e-04 2.066917006421492391e-03 2.741019693610305830e-03 3.433540281544056414e-03 3.991650735602467193e-03 4.222585644985065410e-03 4.450878981395878752e-03 4.587632684758513255e-03 5.033892519485107589e-03 5.306603704173042807e-03 5.352447282441447594e-03 5.633645584783830360e-03 5.683961205146735064e-03 5.900297716293241394e-03 5.948829839820022648e-03 6.163912356012832619e-03 6.178816386154055949e-03 6.228208283186961562e-03 6.261066528712781916e-03 6.600377960864559079e-03 6.573987292190226761e-03 6.247655454398877428e-03 6.307663552051642926e-03 6.006206766234307819e-03 5.873615760102389449e-03 5.722606435188497959e-03 5.102004176037192897e-03 5.253060297228949287e-03 4.484246808279824907e-03 4.018280013122145673e-03 3.980736372239451412e-03 3.662850015759942877e-03 3.584190305943173692e-03 3.538314665308060682e-03 3.551922758109512124e-03 3.328663872866934915e-03 3.479655568740807822e-03 2.929813724899556476e-03 2.834059374230312855e-03 2.869557119017286922e-03 2.683314452898315217e-03 2.828284206793159773e-03 2.569436956114390814e-03 2.610769943982791438e-03 2.560320417523012301e-03 2.445009604396330017e-03 2.408787149123377616e-03 2.335240035217413333e-03 2.357427890021690942e-03 2.154496366122513485e-03 2.126255454437854173e-03
8.723547541233017992e-191 5.970496129891578154e-167 1.844873047765876617e-154 1.224991784478291280e-135 1.374126525974215114e-118 3.180130219694189266e-107 1.623425977039644766e-93 1.151106069706655394e-79 1.111461793477184048e-68 3.195221958647494771e-58 1.157934205883237209e-48 5.345178580074712978e-43 8.989077891016803147e-34 2.502092402387585715e-27 3.355183917982736484e-22 5.836914034689529870e-16 2.855912038884621162e-11 4.472019020637616423e-06 9.255288444191903932e-04 2.005007545838974337e-03 3.360059607769537264e-03 3.835859407279734734e-03 4.266185413757275433e-03 4.465658876240623416e-03 4.823387762918513247e-03 5.169292824348409657e-03 5.268988280462154859e-03 5.676266899715040441e-03 5.808970507314881182e-03 6.124292596918402658e-03 6.185799528855836366e-03 6.204167735385862463e-03 6.593539317373993229e-03 6.720692667610717042e-03 6.959049464036289566e-03 6.988645177188320366e-03 7.230578641459247356e-03 7.332965130835556247e-03 7.535276195128681048e-03 7.621368365181285277e-03 7.695261404190529252e-03 8.009311345953255487e-03 8.001021113549104669e-03 8.045196029612190422e-03 7.338594381935676161e-03 7.586317935945554973e-03 7.101196262718746655e-03 6.721501665819301120e-03 6.275828623605653883e-03 5.823017945786277197e-03 5.422683908552670788e-03 5.125311543552742329e-03 5.509310885081285074e-03 4.465837086185044623e-03 4.556459899175384874e-03 4.741729229943412484e-03 3.669024843322570527e-03 4.037825246004956951e-03 3.758678314841247363e-03 3.938518082417202630e-03 3.368396874579189515e-03 3.385198385767225308e-03 3.432840006660236101e-03 3.071058352976437783e-03 3.495419817707613036e-03 3.013551977074564216e-03 3.106589727934363707e-03 2.852146295499425992e-03 3.075734038170859375e-03 2.896418372313110893e-03
2.629330101432087304e-176 3.156852209316454207e-167 1.707539399490926103e-143 1.865293563363169649e-130 1.058760226543775983e-112 2.167787152933121385e-95 7.684457313990886026e-85 5.309583336273624188e-75 2.792139348572315357e-62 3.864165481716179939e-54 7.052595692932104294e-45 3.720044562898086386e-37 7.019680014303900274e-28 4.634643911002795596e-22 2.478923478792551968e-15 8.859125132452937839e-11 3.081873340159135832e-05 1.747294098290478985e-03 2.874211836364861262e-03 3.948807203781134686e-03 4.324572140249537296e-03 4.555835218156455840e-03 4.915588602690840192e-03 5.038329868555631308e-03 5.449959748434839157e-03 5.611484854735513186e-03 6.149566011959035731e-03 6.536304721943789198e-03 6.715726814723771074e-03 6.797817903807634038e-03 6.897517898272776185e-03 7.138134043060358203e-03 7.091904041135440109e-03 7.529245171630108945e-03 7.546617351637426030e-03 7.752445076773527809e-03 8.046258771609549401e-03 8.291020367611255312e-03 8.439189705143054776e-03 9.051839449830297035e-03 8.965224308495849462e-03 9.643761334836346844e-03 9.750464309273502994e-03 9.993800268966474692e-03 1.016999368821325939e-02 9.711188832048215855e-03 9.447553721115930017e-03 9.798353072607932784e-03 9.294224904286925090e-03 8.670270479972997865e-03 8.464124408197135768e-03 8.385078869657953959e-03 8.017209691392412907e-03 6.989843443176648081e-03 6.845187056217122076e-03 6.913958792811953670e-03 6.430333758313076277e-03 6.418575642336730828e-03 5.886841292600614173e-03 5.852642955150904464e-03 5.259465495071601396e-03 5.905187097192189302e-03 5.531180312841105576e-03 5.255695002846354560e-03 5.297956295532881520e-03 5.463445653067567839e-03 4.690648749163867613e-03 4.534160115139311033e-03 4.733889108832952004e-03 4.894895745115209786e-03
1.666296998105593132e-179 2.773854395053959052e-158 8.507253697416780383e-141 3.899680152667945318e-124 2.312900781184214096e-109 2.549672802549440597e-95 2.823280134026976484e-82 4.685797281710609145e-68 2.516574550177108060e-58 4.520414551349714538e-46 5.674360224828304200e-40 3.205406099565422798e-31 4.456159249554190968e-23 6.260535573389662114e-16 1.240411402368756063e-09 1.903469882556336416e-04 2.168966825069382209e-03 3.734784356921048380e-03 4.477893806667639087e-03 4.655084075975597646e-03 5.094058451576855169e-03 5.564981645244984274e-03 5.734703161107113610e-03 5.877464876763881761e-03 6.237334362694283221e-03 6.525616616545777682e-03 6.793304505169630095e-03 7.229944880332564959e-03 7.338481134590691020e-03 7.619497650959175701e-03 7.667156990439652660e-03 7.859118571112332780e-03 8.081797792422769702e-03 8.166309585261705487e-03 8.786381220993495431e-03 8.632981112623621875e-03 9.039325164809094287e-03 9.349216917028535176e-03 9.575644932650874408e-03 1.030626198225614680e-02 1.067789421541321532e-02 1.107046461662108960e-02 1.154275686051483597e-02 1.160803439875513106e-02 1.271613066863550370e-02 1.249982253128156459e-02 1.358591263433093534e-02 1.342203372270049655e-02 1.346259278959237998e-02 1.347500878609933853e-02 1.352457953366458313e-02 1.353706825542655423e-02 1.281481638566195000e-02 1.261642738835699364e-02 1.346872272277281103e-02 1.328269962776333635e-02 1.142730221142207112e-02 1.236980190571919380e-02 1.298735348800779746e-02 1.229622451771304574e-02 1.096140861021858287e-02 1.088484731008966359e-02 1.031009344777087874e-02 9.826107528479040634e-03 1.041438993535468219e-02 1.038825103897660258e-02 9.701593748805519002e-03 1.032721911286730437e-02 9.467852431844857308e-03 8.648773495877818199e-03
9.594886742910580821e-174 3.315421806801451711e-154 1.218030796972641549e-133 2.554199370863240834e-118 7.128513735427068799e-100 9.606914954921416069e-90 3.105327744724384326e-74 1.592557798569577255e-60 3.346738366597721846e-50 1.373442929547673109e-40 4.080117325811344425e-31 5.611713660918995267e-23 8.732950513156879688e-16 9.475907027575527927e-08 5.662913672785458092e-04 3.122462374604422029e-03 4.378504597972730436e-03 4.918937351982705097e-03 5.210284508232470788e-03 5.446662912236055476e-03 5.853427456359803702e-03 6.062620815151753724e-03 6.352655579332597106e-03 6.696737898486649146e-03 6.968334292520243778e-03 7.360088091350384595e-03 7.893037560470318043e-03 8.155306172135581150e-03 8.255204863694895479e-03 8.595605442208834740e-03 8.546339305881386211e-03 8.753449781199802715e-03 8.840723028351569340e-03 9.250990932210635675e-03 9.469726352616069515e-03 9.508013172014018535e-03 9.962206059943568698e-03 1.040332727655163096e-02 1.085625909375335929e-02 1.149930965852316578e-02 1.157886518790855919e-02 1.231344933250377340e-02 1.311795807013197389e-02 1.385640471093083081e-02 1.421586451509524070e-02 1.517836803897044257e-02 1.643569634696218085e-02 1.683334729177744099e-02 1.815942878701011856e-02 1.814737599559336154e-02 1.847460299237419987e-02 1.903997973810602970e-02 1.945546489232387322e-02 1.976895431663825212e-02 2.027079385087281541e-02 1.972086736238209959e-02 2.084859144743199735e-02 2.222680719542936140e-02 2.243028051597311529e-02 2.342813994350136098e-02 2.388097465756963689e-02 2.565183729801140747e-02 2.588763700674713217e-02 2.488922648240570953e-02 2.386711272297636910e-02 2.471504676011028814e-02 2.490318156499131061e-02 2.371111588201722797e-02 2.453944842859433900e-02 2.399090545441850617e-02
8.800503102569046904e-168 5.939319838725410116e-147 3.320982605776655297e-130 2.641379587810668523e-107 7.184164210164565805e-94 1.906740702591658160e-77 2.229997213783928145e-66 5.420167249167532714e-53 1.531465943123155539e-44 1.641780746373037862e-30 1.577799290069124670e-23 4.591577026552382749e-14 2.046176937642714706e-06 1.923595437531057557e-03 4.539868859013355962e-03 4.867738718550895793e-03 5.511149131243268766e-03 6.070093927036202507e-03 6.096682075030792312e-03 6.280716250934932111e-03 6.703824461174840224e-03 6.864734949695304109e-03 7.299153338370735142e-03 7.703381457651032119e-03 8.209395836077512318e-03 8.417284624061474943e-03 8.964107005504469081e-03 9.054599389356638925e-03 9.418277209198223920e-03 9.544858694295575707e-03 9.440298661438195627e-03 9.684828901177298943e-03 9.870935612459738259e-03 1.017713687876107588e-02 1.044703401700029441e-02 1.084096924230784631e-02 1.100848090487123801e-02 1.164368672941360795e-02 1.209661258765835218e-02 1.258488632487890675e-02 1.328845834700877193e-02 1.383800155565611395e-02 1.438614845891092106e-02 1.539928133783027668e-02 1.607999203533050717e-02 1.684212889129905327e-02 1.815760626040671677e-02 1.938947099642079203e-02 2.094702647541699103e-02 2.235892028895773362e-02 2.359496313681810897e-02 2.489331479032059688e-02 2.567038787970007951e-02 2.721549536096738373e-02 2.830278311329100308e-02 2.975271310382595139e-02 3.009468540356319971e-02 3.251402410370393681e-02 3.291310062242178841e-02 3.570546011718646329e-02 3.926509333270576663e-02 4.186944203069541820e-02 4.733592439336547358e-02 4.966514944846032314e-02 5.471100700152626423e-02 5.937782741640877660e-02 6.382072680773967499e-02 7.199288359809787041e-02 7.102444959171287653e-02 7.528796565941330010e-02
1.467773165800455514e-155 3.071052764607302801e-135 4.913102099505995515e-116 2.262247597570343450e-98 4.909786253830335373e-84 9.212826158431828914e-66 3.774165395363305853e-54 9.435030353500927438e-46 7.697410378970573567e-32 1.954757772889608826e-21 2.393755446844198819e-12 6.795523293033721836e-05 3.707463992205890183e-03 5.627002838052212567e-03 6.101916197050573538e-03 6.547289931388900440e-03 6.906458603053575694e-03 7.065219678120075036e-03 7.401917835478504133e-03 7.566847511240888842e-03 7.559571494082857265e-03 7.707239751802334206e-03 8.417655397029580669e-03 8.940954963211162829e-03 9.605794473964777980e-03 9.917826139315707654e-03 1.023906238322489816e-02 1.041194169100597908e-02 1.049471378003346937e-02 1.020038599376428719e-02 1.032648866716733178e-02 1.048575097415658554e-02 1.078579365619853486e-02 1.129770660116463134e-02 1.162061956625051566e-02 1.185367251560298998e-02 1.222997700642435535e-02 1.279118367975527748e-02 1.314934241154780414e-02 1.393427974008838027e-02 1.475541857086399428e-02 1.519756642339730596e-02 1.610332550636614513e-02 1.663541948819016389e-02 1.769497481724319546e-02 1.852017859577621481e-02 2.000743430691249644e-02 2.117137014639720871e-02 2.321128384772341846e-02 2.482716858629684109e-02 2.721710789246744797e-02 2.902352357065717328e-02 3.140047560060087173e-02 3.369359880818332403e-02 3.509811309323022932e-02 3.851178903919387497e-02 4.003739689005966079e-02 4.131992558118305348e-02 4.459992309931153087e-02 4.793318173280330247e-02 5.129308128474751455e-02 5.637277028849743687e-02 6.032465753972524741e-02 6.564435543502536441e-02 7.299322392334671450e-02 8.048471949525712321e-02 9.168250869851468643e-02 1.031456033056932786e-01 1.178234530945190400e-01 1.273332929033067495e-01
9.558781904504328132e-143 3.292907060939281351e-122 1.203992059537539478e-101 7.042396640657999597e-84 1.521966705836586075e-71 3.265627391620075393e-56 1.024700731572440862e-46 6.466584201870192409e-34 1.120215351667091837e-20 6.569970478085012855e-10 1.557599876303054649e-03 4.909848826695998626e-03 7.200503150744226588e-03 7.665469808036736755e-03 7.785594386968415492e-03 7.569123390960991529e-03 7.853516638216664902e-03 8.177424422477378579e-03 8.724614981351016402e-03 8.653398302828919572e-03 8.745324629850071904e-03 9.149544129956570584e-03 9.755552173401658284e-03 1.017519603322733501e-02 1.091553365293036065e-02 1.164768369153103972e-02 1.177390618745422467e-02 1.158369044168863424e-02 1.121147514971205898e-02 1.140300476545455521e-02 1.152060842960906523e-02 1.215123566557073723e-02 1.193943587427467520e-02 1.245004221996308738e-02 1.242501111276984697e-02 1.311589677162839328e-02 1.330514077996791146e-02 1.411049962494939115e-02 1.486996323365440825e-02 1.526676364988210216e-02 1.583020675250422157e-02 1.729393454864885937e-02 1.837758230439782633e-02 1.854831316196267621e-02 1.966296277227295650e-02 2.070083156565223972e-02 2.147698227123078993e-02 2.274873834616625290e-02 2.483892415612262011e-02 2.802832981143339383e-02 3.019219618736610281e-02 3.266602766905019051e-02 3.549364756199700766e-02 3.884188834558026382e-02 4.110384498038634205e-02 4.414891245789252794e-02 4.754104388571483986e-02 5.258276625623228839e-02 5.575886256589577400e-02 6.110866732687532388e-02 6.511749431441701819e-02 7.049679302314630636e-02 7.548321568628477141e-02 8.029046600760303409e-02 8.483812548512749407e-02 9.286368044374955499e-02 1.046996737934591110e-01 1.082299823968909530e-01 1.211585092400501162e-01 1.321988490742455336e-01
2.393919898295127110e-137 4.929085959971776996e-115 2.917774475079378893e-93 5.541150224403043771e-77 3.914476944490396899e-58 1.069999453593833016e-45 2.990805110000112566e-29 6.791456044969467281e-19 3.442822674268140005e-07 5.814091587563844331e-03 9.759773499308047398e-03 9.161358928126406981e-03 9.401782277221481035e-03 9.101193443421789347e-03 9.119147881490284602e-03 9.322329598218642016e-03 9.347218717122008497e-03 1.000071786684818449e-02 9.759670359534962369e-03 9.659550389392384043e-03 1.008275258210825261e-02 1.066351617917101445e-02 1.164390541682823639e-02 1.191188207565541113e-02 1.248815324004851415e-02 1.293455378356107507e-02 1.317051582760785447e-02 1.269212396743609438e-02 1.276480834799176116e-02 1.290504743676256123e-02 1.289197490761749207e-02 1.314422375649869877e-02 1.333924713730317776e-02 1.365748068396807624e-02 1.381269728341849926e-02 1.451959974567817481e-02 1.503365525947635527e-02 1.532442266737017722e-02 1.616251208813170026e-02 1.687369260615653732e-02 1.760324862025492570e-02 1.897650985628384149e-02 2.011470290865120455e-02 2.098192407922266911e-02 2.219900864620170250e-02 2.335609967133988121e-02 2.426297778268077937e-02 2.520438034130244309e-02 2.651820182428044764e-02 2.903298839933427314e-02 3.228693732473678080e-02 3.569130019868139991e-02 3.959927089549559326e-02 4.360212839199428814e-02 4.785693872595857268e-02 5.068202253206107594e-02 5.523854977841439334e-02 5.997714782746052520e-02 6.522005961969984389e-02 6.978772352271341017e-02 7.646564310987842561e-02 8.323938434094683980e-02 9.130215473473891896e-02 9.866500107368812722e-02 1.066413333312359463e-01 1.136023558710577142e-01 1.212149229208650397e-01 1.304011557454276826e-01 1.381644640061081841e-01 1.469665161806251175e-01
2.817695630850225966e-118 9.624237348172055458e-101 1.586763740484979860e-79 3.619210832078677918e-59 2.154858038476558218e-43 5.989022087670367155e-31 4.689346401746596836e-16 1.551856464298407938e-04 2.182512313333489704e-02 1.714525225732135144e-02 1.407730991069431996e-02 1.254208427138856462e-02 1.163640315096660729e-02 1.126022097636392855e-02 1.122557881742556989e-02 1.140998010378653157e-02 1.196216795875785187e-02 1.132887207363455703e-02 1.109499309054741596e-02 1.123475413896152762e-02 1.224561227556648924e-02 1.301628261788286521e-02 1.354252209022142710e-02 1.439289750021237151e-02 1.492210025229761400e-02 1.537510189741458748e-02 1.479014831642385015e-02 1.427900619713225357e-02 1.401326559433766113e-02 1.412420170972147199e-02 1.422384562423211103e-02 1.430734619427290709e-02 1.506436112870878849e-02 1.524701380435160986e-02 1.544831344776900761e-02 1.582759164784561939e-02 1.656460191094964035e-02 1.766386628214591803e-02 1.755621332025681866e-02 1.845842369431739335e-02 2.014426396304132283e-02 2.097209230900725849e-02 2.227429577730834567e-02 2.422533691844795667e-02 2.498625609881752196e-02 2.659305057663341465e-02 2.764934236155113662e-02 2.849174506479313154e-02 3.039257603888147544e-02 3.170615790549959068e-02 3.451255981661924960e-02 3.725821532663660396e-02 4.272845379741860988e-02 4.742410406343242069e-02 5.396812038275455164e-02 5.773995714918982169e-02 6.328324637750404325e-02 6.803288329766155051e-02 7.456047977965488127e-02 7.868791653624183924e-02 8.662335341451911364e-02 9.537647955871189631e-02 1.008106852568936423e-01 1.094401349088815756e-01 1.203786212050479559e-01 1.309788194260701755e-01 1.392937047174717113e-01 1.525534129423290752e-01 1.630303291627309137e-01 1.706757736072043452e-01
5.271830241310428973e-101 3.991022382144833220e-79 4.504767582630327155e-61 7.052250348185248229e-45 8.420550843667837366e-27 2.847209873592684131e-11 7.506447400773549883e-02 1.695268117004196107e-01 4.692183124086118928e-02 2.277732089128080978e-02 1.738385766080603398e-02 1.588153793551388276e-02 1.446555573536163590e-02 1.387529541612326188e-02 1.320591067170284218e-02 1.394898269060415065e-02 1.434340208894997228e-02 1.289335559715554073e-02 1.283960767997036415e-02 1.290288340094345419e-02 1.411145948530914164e-02 1.614527400624106088e-02 1.664927762935286895e-02 1.746974911606925113e-02 1.742841744611422355e-02 1.710859557228471689e-02 1.671185528531167128e-02 1.595707861664968918e-02 1.614826598564837387e-02 1.600619072184415737e-02 1.616344450842251840e-02 1.652249655613263757e-02 1.651887040757628322e-02 1.718716199364704253e-02 1.785055895536856799e-02 1.783569534606344043e-02 1.891082868738945544e-02 1.931861220540388377e-02 2.008346828015020527e-02 2.092128050769185080e-02 2.201080696241899254e-02 2.337805531353071009e-02 2.526603303989065699e-02 2.727110463834705664e-02 2.938607060193697620e-02 3.105305557071949898e-02 3.270232784954656829e-02 3.359191142229784460e-02 3.528107383580614959e-02 3.700303241370581780e-02 3.901850555144827093e-02 4.192215472488553668e-02 4.595011948648058259e-02 5.275019216388640575e-02 5.819323708197566419e-02 6.831576993211867233e-02 7.434160969223982396e-02 8.128454646426748476e-02 8.576560411126429861e-02 9.267626123746229572e-02 9.933217370830513260e-02 1.042764692667079163e-01 1.125757757185586183e-01 1.211012349908657387e-01 1.289596769309107605e-01 1.411341686322395428e-01 1.516505844586627794e-01 1.628148750755189500e-01 1.765158762182220675e-01 1.856278905164323312e-01
2.360353312539086274e-82 6.986985190722661347e-61 6.384623099748446098e-43 7.718929578375115843e-24 3.922173239718312128e-07 4.654542250739356346e-01 3.309963976056840007e-01 1.530556175672066754e-01 5.160912014152270466e-02 2.750247245857927875e-02 2.244880003178589475e-02 2.031428193943237565e-02 1.853490430847411913e-02 1.697116044127982767e-02 1.718276573977212118e-02 1.809162476363592592e-02 1.650375766101894182e-02 1.493515681515499190e-02 1.544730201517059871e-02 1.646945716904946871e-02 1.752855860273753660e-02 1.879964706588655929e-02 1.988386900857368536e-02 2.115318032396376960e-02 2.037734262086475859e-02 2.037723373978617136e-02 1.906751208309787407e-02 1.837781819973803576e-02 1.808125807668221202e-02 1.799455528799826995e-02 1.836252548516545055e-02 1.865534466530458652e-02 1.911845551060446097e-02 1.920785063394775741e-02 2.030159306040111092e-02 2.071879869089228096e-02 2.118266770237773808e-02 2.178391910860069322e-02 2.289895166509216609e-02 2.358190482487066558e-02 2.538441849409590195e-02 2.703919459878249484e-02 2.835726503058984618e-02 3.091045290059844103e-02 3.380769360005847490e-02 3.705378354790304224e-02 3.862400107546266198e-02 4.115921745519936226e-02 4.207605825597926508e-02 4.478273363990843692e-02 4.605666112009926955e-02 4.881635840305510732e-02 5.223402316314304517e-02 5.772326366111184964e-02 6.430083747653621284e-02 7.472216556483356198e-02 8.403315836003158457e-02 9.262965206052606315e-02 1.054037844256095063e-01 1.119736083158772572e-01 1.216851855820183931e-01 1.257394003434151308e-01 1.344607255207609653e-01 1.394004582267903691e-01 1.462757091931210229e-01 1.535666368454341180e-01 1.611946969751473502e-01 1.722198606915557040e-01 1.827565549817931623e-01 1.917118452034839438e-01
2.855059055148013845e-61 8.662090047892394347e-38 7.011947270939401067e-19 2.232264583622404607e-03 6.104476518447223832e-01 4.663012718859423367e-01 3.024585436497994051e-01 1.570847784457489460e-01 6.948695436143703663e-02 4.090801997717478239e-02 3.157956705329828528e-02 2.830086623109530353e-02 2.464508559173200775e-02 2.333277490699175311e-02 2.456992877188871396e-02 2.099947451522330560e-02 1.882744917208453370e-02 1.835769196169408785e-02 1.993742282641910307e-02 2.141490319447509824e-02 2.357224562121792294e-02 2.614852779506893210e-02 2.620730039210652368e-02 2.578614372696502732e-02 2.447313141398063663e-02 2.328831026257121781e-02 2.165246402823620825e-02 2.066569466527161045e-02 2.058943759633139262e-02 2.038961099464501117e-02 2.100105757923107982e-02 2.085233926400282059e-02 2.128531916110892527e-02 2.213367809388879989e-02 2.267750730858649963e-02 2.349776295053290082e-02 2.480202818669931600e-02 2.540186854743083436e-02 2.646955213967481374e-02 2.761721430491536136e-02 2.850431758943947416e-02 3.004430990165796525e-02 3.281903640723866922e-02 3.648102815882969113e-02 4.014212668174170495e-02 4.443853402049340734e-02 4.776095234943694701e-02 5.034183208203200921e-02 5.331569319934641171e-02 5.599684235265105225e-02 5.769518159909328703e-02 6.021300868221054342e-02 6.362479822084743386e-02 6.970625496559193501e-02 7.686417620489312263e-02 8.344406003494915514e-02 9.619798764964723747e-02 1.101356702662597553e-01 1.215491034092932437e-01 1.317376953739290424e-01 1.420781179755040702e-01 1.534420470234159617e-01 1.636404435935547019e-01 1.709790785683152070e-01 1.760758021768810411e-01 1.808097554889834535e-01 1.895593696511823356e-01 1.926806395715852938e-01 2.005527290931972406e-01 2.035308596194416730e-01
4.170824310003990299e-36 6.947777539317308642e-15 7.569785075675344865e-01 7.050356437700501244e-01 5.827372610857615154e-01 4.439653378388971894e-01 3.125624443135341379e-01 2.023313461431502924e-01 1.150677632325850241e-01 7.432228528721387950e-02 5.331424694659744196e-02 4.317566860338153262e-02 3.469895590865810370e-02 3.484240928028630585e-02 3.356343670128049406e-02 2.682911201908298737e-02 2.389385875014731972e-02 2.445614889298358685e-02 2.652640911400271084e-02 2.844947367443635688e-02 3.195743893370586730e-02 3.326255303002029901e-02 3.488428116005928142e-02 3.250414021516740554e-02 2.965415806649003908e-02 2.712317264154603252e-02 2.490503034325911372e-02 2.494466695482008486e-02 2.438850781840582599e-02 2.393843375202099610e-02 2.432942071479584148e-02 2.488055141732552905e-02 2.579733188066044361e-02 2.589779567548341349e-02 2.727158891654980072e-02 2.806209889145021286e-02 2.842872639915566824e-02 3.055096057400994228e-02 3.138818455558327336e-02 3.256103999629289536e-02 3.401161320484678841e-02 3.661041490073824178e-02 3.910171122055423887e-02 4.109070696085043856e-02 4.650917389726053064e-02 5.456762008575829354e-02 5.900723803310376631e-02 6.341971185953007573e-02 7.051990848926979749e-02 7.501685366571858582e-02 7.721088294141269237e-02 8.226549695743629043e-02 8.524499950125488668e-02 8.949720553774345722e-02 9.610275507691791452e-02 1.043892935069658662e-01 1.131377197946797225e-01 1.300124714338389553e-01 1.437100735931127193e-01 1.545095259233172369e-01 1.682634204728175598e-01 1.800780849336838241e-01 1.939288161778298658e-01 2.041571305892435628e-01 2.102774325962855073e-01 2.202360232101231996e-01 2.248724070255344043e-01 2.271607087169440209e-01 2.347643437028267832e-01 2.402046618233899256e-01
2.356638555309785463e-08 8.506001527289708264e-01 7.795539953746277728e-01 6.854714390869341978e-01 5.783007331218286140e-01 4.717478660817714387e-01 3.704733595485959485e-01 2.781298977161411057e-01 2.052421180733536299e-01 1.356014400793048025e-01 1.054705425742881592e-01 7.003098111581822216e-02 6.662976165541539819e-02 5.872563164730081053e-02 4.427651469158452174e-02 3.465509145171234706e-02 3.309489077733525353e-02 3.477478284670758313e-02 4.021239276833218912e-02 4.396800439320763809e-02 4.931085446492430857e-02 5.088610070756981879e-02 4.698229703136034413e-02 4.155460271865335509e-02 3.665573538253411034e-02 3.309604933637658869e-02 3.056787703678672322e-02 2.925204693520365787e-02 2.987757242061813562e-02 2.969849541876970478e-02 2.993035126369057025e-02 3.016644042210321966e-02 3.197762809385574362e-02 3.290032633716191007e-02 3.359502688165690726e-02 3.433851567996871329e-02 3.591359831539949615e-02 3.719642243700641004e-02 3.847348826645235337e-02 4.013833075856050592e-02 4.207831315687941831e-02 4.456258126883106546e-02 4.823872462317711773e-02 5.405680032668874063e-02 5.852284966502363517e-02 6.900464442104538298e-02 8.026708282940805961e-02 8.656743697859822784e-02 9.623069194524898340e-02 1.032202632986037594e-01 1.085339213768754668e-01 1.150620338759678896e-01 1.150229293895385363e-01 1.222627483889829614e-01 1.281146714785655338e-01 1.357483041058556161e-01 1.429573184025106081e-01 1.594345299506328140e-01 1.732820661662781980e-01 1.848051690573139227e-01 1.971839362950968955e-01 2.135167479134291724e-01 2.283292125116021254e-01 2.428835700795009545e-01 2.523586508904074321e-01 2.622823981826653550e-01 2.688805366652443629e-01 2.742588523274320234e-01 2.810528504909898251e-01 2.834452592284896211e-01
9.041808171940413086e-01 8.513322463004053819e-01 7.739534684733082592e-01 6.956138150781266960e-01 6.141885016700115996e-01 5.342082850837274188e-01 4.519307273487753740e-01 3.813808002445470691e-01 3.043563892744604593e-01 2.553619602517320786e-01 1.920192162734152830e-01 1.457371266647472519e-01 1.461168584361323131e-01 1.119445542338090294e-01 6.459130232599000210e-02 5.175275938963738720e-02 5.688786138944763177e-02 6.301930208340320028e-02 7.615098196044996215e-02 8.612861636307130031e-02 8.235872815546632641e-02 8.409983923570554798e-02 7.537959605694583010e-02 6.039209239541078189e-02 4.850378513866768909e-02 4.289218728253535451e-02 4.135321897786676387e-02 3.825543658502148642e-02 3.850894997535100200e-02 3.955440590087915681e-02 3.960172670574349518e-02 3.915225907540086092e-02 4.029259385150592288e-02 4.203861623190626590e-02 4.419697078278581048e-02 4.556415595861727785e-02 4.791531426465578392e-02 4.931147979007457355e-02 5.015493726266731511e-02 5.337555657364952827e-02 5.388239719269162509e-02 6.004121468090885955e-02 6.528470144778208972e-02 6.968061663905840419e-02 7.744567519709497083e-02 9.503715635586233723e-02 1.089910640441821149e-01 1.294601412327166245e-01 1.389862408279446682e-01 1.514045028674078919e-01 1.610519513468340047e-01 1.664381295454283594e-01 1.720060071991730000e-01 1.795536088683150344e-01 1.820253201133957000e-01 1.891091386779843453e-01 1.910509736468927189e-01 2.040135105035608409e-01 2.160478469230895926e-01 2.303210191921931105e-01 2.401720638148998610e-01 2.532030387591723830e-01 2.716277864674391807e-01 2.854306436664330038e-01 2.980340529116700665e-01 3.094107404282913643e-01 3.151719932781930078e-01 3.252876387015490312e-01 3.281456260344663423e-01 3.340599822524066842e-01
9.060839652529272259e-01 8.571971142342253991e-01 8.007023537040465211e-01 7.381132525674827249e-01 6.724567891843231671e-01 6.151395660530100118e-01 5.490388462014178517e-01 4.896637121997298725e-01 4.286443077347176223e-01 3.841389612480830551e-01 3.114427747819739634e-01 2.890990211024244139e-01 2.636577260683934942e-01 1.855623250694103665e-01 1.242627846075618214e-01 1.128989987761746666e-01 1.283992816798686654e-01 1.455692806109507575e-01 1.664726672998826651e-01 1.687800886028933134e-01 1.650547696062414083e-01 1.454888929735503877e-01 1.194353157179754155e-01 8.720193184781997731e-02 7.166430865541516260e-02 6.296011014567079456e-02 5.783216131619155209e-02 5.599095595745299386e-02 5.488522880772139095e-02 5.688612163058434645e-02 5.496481019860664785e-02 5.831464334601007410e-02 5.714520825450195712e-02 5.900811366950132336e-02 6.059506953950176411e-02 6.580483220712605996e-02 6.576589611436488292e-02 6.879917924818326758e-02 7.582432228612248637e-02 7.687362150206032696e-02 8.205530758914623968e-02 8.843129021791890088e-02 9.508029100211995432e-02 9.888868251027420342e-02 1.131865063641050301e-01 1.262066437054214785e-01 1.534867121382003929e-01 1.761365028250768405e-01 1.942821524651085208e-01 2.138187971516826713e-01 2.260780209905952909e-01 2.375940701186615711e-01 2.435151979911313047e-01 2.482839301352509909e-01 2.558868363083687814e-01 2.566704995056732219e-01 2.543111828274668418e-01 2.571173882054723081e-01 2.764664979752201601e-01 2.779233473781538288e-01 2.925407665078891273e-01 3.015475012003366873e-01 3.097803205412796301e-01 3.250388647276153398e-01 3.384577212433647619e-01 3.514649223913872689e-01 3.582120047944299945e-01 3.717660923051364086e-01 3.799349896267101290e-01 3.863245274844385735e-01
9.169004920882215526e-01 8.836362848131296133e-01 8.359388580684551373e-01 7.890011518280690694e-01 7.425093065501042755e-01 6.894760088172995349e-01 6.454351639039171973e-01 5.833226392197535803e-01 5.437462020780392535e-01 4.854430003121686932e-01 4.503088093534782232e-01 4.277700684542921628e-01 3.630398695201855763e-01 2.684441149035989849e-01 2.247037534000237147e-01 2.341141748431599945e-01 2.486666933188325379e-01 2.761657364148091265e-01 2.915625020972713588e-01 2.881294001993621734e-01 2.694941297858765572e-01 2.358545968783161972e-01 1.848455799452649873e-01 1.391853381485016472e-01 1.104314717914996191e-01 9.674874687417835128e-02 9.214787415389724679e-02 8.875746656120116207e-02 8.558609937390623812e-02 7.958135466411797587e-02 8.355320907655974794e-02 8.179257648620646970e-02 9.019344298899495405e-02 9.249016744204263674e-02 9.279939283057894728e-02 9.966638457494682302e-02 9.936482225612675023e-02 1.087381244190438745e-01 1.165733206471905037e-01 1.164439042436729854e-01 1.248001952025166589e-01 1.291605141119261946e-01 1.368846940994511152e-01 1.435259763930622212e-01 1.579041911886566452e-01 1.773764375484074562e-01 1.987481480422102487e-01 2.221861697667078528e-01 2.546056819375785985e-01 2.762517954793002883e-01 2.911279566162833232e-01 2.958881361119816700e-01 3.053324269163572580e-01 3.124402130489195573e-01 3.182270969870134025e-01 3.191602724329912211e-01 3.201094088950855454e-01 3.240555894870033038e-01 3.281790723678432165e-01 3.334702258251249773e-01 3.370697063773551716e-01 3.414500466623375807e-01 3.584895380405613841e-01 3.623087899956781710e-01 3.766409691852944386e-01 3.823047401657451161e-01 3.940148766926699908e-01 4.009094756371007762e-01 4.129349438887762735e-01 4.212689878603902982e-01
9.307252418858271703e-01 8.990703435040839908e-01 8.671120196745739639e-01 8.266375402822138119e-01 7.797715738743713487e-01 7.418562553305741991e-01 6.979843286602462893e-01 6.529239580222317985e-01 6.098525260753722144e-01 5.602115630845622141e-01 5.403010165106085783e-01 5.058977751498651143e-01 4.284967395393059486e-01 3.678622696316340424e-01 3.424070806230640751e-01 3.511228366126437628e-01 3.721559361101361429e-01 3.838862864530254715e-01 3.888018125852096829e-01 3.766309682790860425e-01 3.418055118337429144e-01 2.952101562765725440e-01 2.308840580291844913e-01 1.827608009093062147e-01 1.569777272148961678e-01 1.379269224663904891e-01 1.307753817762001280e-01 1.236989865230076757e-01 1.203220106894922758e-01 1.235897485644653765e-01 1.212227862721386162e-01 1.231463409756818200e-01 1.237352326647715300e-01 1.289429210778999246e-01 1.358366803773597142e-01 1.416309140453638205e-01 1.485644731793666906e-01 1.538845658143457029e-01 1.600710297021694928e-01 1.670231879657522456e-01 1.750597613268800867e-01 1.779268732494861671e-01 1.857008963741823837e-01 1.891911724703596032e-01 1.978342201859284444e-01 2.084251520307576211e-01 2.358916238346114580e-01 2.561016650399767780e-01 2.851188991747837798e-01 3.101443516873535478e-01 3.270634437593100130e-01 3.421710841327548214e-01 3.511967376375995098e-01 3.604167963616504711e-01 3.620001750646197891e-01 3.620924410412305616e-01 3.674040918687433988e-01 3.711974558224291898e-01 3.756299858360412358e-01 3.743118335514807327e-01 3.804717551387966079e-01 3.804976728754988491e-01 3.857436658049704370e-01 3.922913269718033558e-01 3.961296672777400163e-01 4.094784758541167302e-01 4.166179877093607598e-01 4.235470892365204576e-01 4.274213934947714288e-01 4.422501747140458739e-01
9.286034084395948796e-01 8.992593523746531536e-01 8.696896945719303496e-01 8.330627351348719456e-01 7.992455149429491534e-01 7.586758130327725391e-01 7.201079006284183404e-01 6.851466070169506262e-01 6.331841654890530968e-01 6.089075610404796057e-01 5.827425078524990365e-01 5.272445623329398146e-01 4.488970294480230105e-01 4.177600594501295617e-01 4.219842201695362394e-01 4.312532715795170390e-01 4.419161884580214972e-01 4.404371868353066377e-01 4.354305713939849443e-01 4.128234271452355109e-01 3.660601464920549275e-01 3.097056751988496170e-01 2.563534418197894182e-01 2.141263842930943018e-01 1.929786253149542163e-01 1.745216155870066843e-01 1.654171723629193624e-01 1.606778990638168536e-01 1.597108897711306819e-01 1.561849085186162445e-01 1.567113007351121079e-01 1.571107005167202697e-01 1.595008527536322385e-01 1.636665924797059690e-01 1.703888493138640825e-01 1.744780376702300684e-01 1.814159727615024531e-01 1.893752531328494471e-01 1.954863605823357331e-01 2.030078364102325117e-01 2.074272650682387198e-01 2.139284616268505024e-01 2.169440944521342229e-01 2.207504036456073571e-01 2.293703351262786627e-01 2.375648979174289632e-01 2.550931830090084063e-01 2.700592296429760730e-01 2.994606174402434928e-01 3.224411495242065495e-01 3.402281761147679107e-01 3.604331838704095126e-01 3.746767888484415221e-01 3.811509289950799073e-01 3.879457556824323361e-01 3.948594839074498486e-01 3.979430950054951288e-01 3.986037787718776926e-01 4.015291353148032760e-01 4.033470337168201802e-01 4.047609842881140230e-01 4.066100253683364030e-01 4.080759569401306575e-01 4.110446396506888811e-01 4.159581029284267761e-01 4.197304169985678901e-01 4.278602904568801768e-01 4.309081110559429550e-01 4.401631034727797598e-01 4.490935333191583556e-01
9.150834788027468747e-01 8.919487944089247167e-01 8.572867981588215835e-01 8.267568690109833307e-01 7.949854431031881941e-01 7.555311664433879137e-01 7.245975662794954530e-01 6.800079224039131676e-01 6.469771906977294096e-01 6.250887997662563089e-01 5.828406797089165092e-01 5.100429784859956683e-01 4.671461968722420699e-01 4.550798369037107327e-01 4.604158872873604924e-01 4.649446855889473595e-01 4.711959619994453008e-01 4.607880559581064017e-01 4.453956135818624706e-01 4.077987949135243317e-01 3.588508427808131396e-01 2.994842676248228308e-01 2.584829103137918915e-01 2.261199413484394072e-01 2.068942635886792669e-01 1.955131165324900389e-01 1.882550836172627029e-01 1.816296133996008477e-01 1.784636068124421104e-01 1.776161454934791217e-01 1.753188683842770990e-01 1.771648727368863308e-01 1.789479607545494955e-01 1.833874152931640189e-01 1.882543116241250647e-01 1.931242285167967809e-01 2.016462708009579274e-01 2.083188838255171649e-01 2.169613059502298047e-01 2.248679176297444793e-01 2.304881529601905676e-01 2.359941598033941379e-01 2.399316988623344804e-01 2.431611904478398756e-01 2.462374273973609029e-01 2.521862316511209179e-01 2.628349327147808112e-01 2.761060877217297316e-01 2.963063238804091726e-01 3.178664925124259910e-01 3.393386662469301540e-01 3.582004159371092178e-01 3.765400446767868115e-01 3.883281383016736754e-01 3.974544558608414935e-01 4.028039235203163537e-01 4.100612182307770137e-01 4.119115533183507205e-01 4.167438758004806121e-01 4.170824187107680103e-01 4.190362781583911733e-01 4.206141399595675345e-01 4.215347534690819797e-01 4.242615148328905961e-01 4.266811101197911515e-01 4.283812424450874068e-01 4.329611056949027592e-01 4.356311988406053604e-01 4.414774038600361439e-01 4.467241471804335728e-01
8.940333178881013643e-01 8.695264559357070988e-01 8.393786126490389021e-01 8.045906974461806138e-01 7.736850386896056975e-01 7.410324184659103919e-01 7.052452467823920879e-01 6.674282254859551511e-01 6.429207658991330510e-01 6.089250312202396653e-01 5.519108829991249410e-01 5.011449844061783843e-01 4.786302432938176477e-01 4.749822474863175659e-01 4.776634155011034166e-01 4.796485523728247213e-01 4.724696506984452093e-01 4.556836870313605847e-01 4.278054403888697510e-01 3.816392545501594569e-01 3.326914061316567639e-01 2.892329563334187781e-01 2.530599636124319374e-01 2.301331182593580049e-01 2.147357237378089978e-01 2.046550341958722763e-01 1.964328952960570918e-01 1.916598949286662246e-01 1.871931191562570818e-01 1.864123121449644815e-01 1.856198200277757726e-01 1.866436711670673432e-01 1.895552404051469852e-01 1.924513000611918767e-01 1.980232895859023456e-01 2.043165436869457674e-01 2.123982503049832715e-01 2.193662567597580992e-01 2.269834520699580693e-01 2.361595129826584705e-01 2.423613870453435737e-01 2.487736146714605023e-01 2.503936359298695735e-01 2.534686702503374800e-01 2.558766554584971376e-01 2.585221299086865043e-01 2.644966914846591521e-01 2.731323782152376700e-01 2.888533413106115777e-01 3.038585060986527253e-01 3.253042897947449053e-01 3.455979770857027233e-01 3.629441579765918524e-01 3.798283708258978209e-01 3.935809511679528305e-01 4.047094254835250648e-01 4.131603175714952947e-01 4.177147105650378944e-01 4.205107595387403419e-01 4.244269261282535566e-01 4.263432465078482170e-01 4.285464003211371664e-01 4.301425829332003459e-01 4.314298169475915823e-01 4.319835817135282974e-01 4.345306545689061606e-01 4.360741572758208839e-01 4.380589465965413765e-01 4.400253227970726821e-01 4.454549617741762058e-01
8.679294724265368410e-01 8.405934383881841221e-01 8.146541194435509281e-01 7.806917188252296969e-01 7.476815388826042463e-01 7.134923003514349604e-01 6.782214763728534601e-01 6.512696770546537728e-01 6.170418144137129746e-01 5.720325218489406005e-01 5.272689161617397646e-01 4.962152710547361179e-01 4.847982004088653429e-01 4.813275284746513782e-01 4.789632969009969821e-01 4.712115921870935198e-01 4.576046496672218633e-01 4.326174521371436987e-01 3.955599933806710489e-01 3.495721444945341094e-01 3.091587325155571997e-01 2.716480266130871235e-01 2.470690006573191821e-01 2.289402417778246268e-01 2.156042094874333348e-01 2.056732611127560506e-01 1.987081833139931752e-01 1.940786066976317170e-01 1.910648616644531061e-01 1.892465835672728636e-01 1.889767157649618057e-01 1.893061925308563986e-01 1.925539792659074212e-01 1.966017169764114891e-01 2.015446272735492150e-01 2.072008944517480522e-01 2.146869812463702287e-01 2.231224683334113723e-01 2.313712181946200319e-01 2.406303150767850063e-01 2.469549942661134756e-01 2.534144443512248990e-01 2.576070185678148716e-01 2.601332210598694683e-01 2.620568832635010725e-01 2.633245942266584372e-01 2.659632247576121378e-01 2.707193428586409656e-01 2.776028774704218938e-01 2.908384295181029588e-01 3.069419693136344884e-01 3.260109077356061480e-01 3.455561457451361562e-01 3.643332071930647786e-01 3.810251716740387651e-01 3.943313023382106763e-01 4.040548666911880082e-01 4.129318397478121683e-01 4.190189849643933262e-01 4.246571401154727310e-01 4.284567980077650939e-01 4.322885751476029936e-01 4.339603090374909988e-01 4.357603702388722078e-01 4.374462003177128633e-01 4.389332153046937579e-01 4.405828358952996182e-01 4.419986615484117753e-01 4.430138593698703109e-01 4.454477654226708938e-01
-1.000000000000000000e+00 -1.000000000000000000e+00 7.819664481841039905e-01 7.474215408158116913e-01 7.174939110866155323e-01 6.846147031043448017e-01 6.558859014117500719e-01 6.217164844658275014e-01 5.842817990283558638e-01 5.427923876227289668e-01 5.100788805228975153e-01 4.916001890806676600e-01 4.822877991418126897e-01 4.758316184591282472e-01 4.678670569666061874e-01 4.537167474238462117e-01 4.302705466128751155e-01 4.001058922442120580e-01 3.613462566474993642e-01 3.202890927770709606e-01 2.885686805990018144e-01 2.607158737312113561e-01 2.398184833755484247e-01 2.245832033730038313e-01 2.140179381848401896e-01 2.050425447698505932e-01 1.990187754705170786e-01 1.944967865000138130e-01 1.917832243058220087e-01 1.901702625207029873e-01 1.897772449413259732e-01 1.912385839178696589e-01 1.928651440530520234e-01 1.966856098244917361e-01 2.015226810856503015e-01 2.075203853154999889e-01 2.153790073544450401e-01 2.228180491676197417e-01 2.324465776165708653e-01 2.413107431901893585e-01 2.492146690371228601e-01 2.562639411934931055e-01 2.609028034516833738e-01 2.640225030074982437e-01 2.658140579930263203e-01 2.664889220432744565e-01 2.666444902487935531e-01 2.686259014698211822e-01 2.730971919149530192e-01 2.809823308057672331e-01 2.903805908580769368e-01 3.062780923314569748e-01 3.253890836924504537e-01 3.408200154660778747e-01 3.640836839073562925e-01 3.772729693004030493e-01 3.918445538219873514e-01 4.008765528265000322e-01 4.128697911404315968e-01 4.190812682669057265e-01 4.257824497804995056e-01 4.306606670009227034e-01 4.336383259590282924e-01 4.374596962606114858e-01 4.392404681788801835e-01 4.420404638262766528e-01 4.436476170116869233e-01 4.447414190626636232e-01 4.464124715086784656e-01 4.478529788610133844e-01
-1.000000000000000000e+00 -1.000000000000000000e+00 -1.000000000000000000e+00 7.152594753582305342e-01 6.834492366835003274e-01 6.535596406572881101e-01 6.237037757974096541e-01 5.898908659019087564e-01 5.533755595377859438e-01 5.219710850622687470e-01 4.980333915506465203e-01 4.823082720408473634e-01 4.703442714385979717e-01 4.582169824348706344e-01 4.449672843502395225e-01 4.245815724697982740e-01 3.997649956336356003e-01 3.658747841449838667e-01 3.279437282364773276e-01 2.982023814383846783e-01 2.699001100613848680e-01 2.496007273058002129e-01 2.325865031975017372e-01 2.205055585349802449e-01 2.102309643316124244e-01 2.027617121817767709e-01 1.971739164331666461e-01 1.933232448021849903e-01 1.903513551947136617e-01 1.888638398346604574e-01 1.892003784981087233e-01 1.896076211430935687e-01 1.913854261655390798e-01 1.955433494857419519e-01 1.998868845844621600e-01 2.052747656157650757e-01 2.133595735455663944e-01 2.218908497765313126e-01 2.298418207415750814e-01 2.400195490252091945e-01 2.484028698096848176e-01 2.558195359850813921e-01 2.617504814437432992e-01 2.660579419155190140e-01 2.677038380885661262e-01 2.685172337628750627e-01 2.688017068282960720e-01 2.689905352444824649e-01 2.705969251332073777e-01 2.735714164150402916e-01 2.804758121795662973e-01 2.911221929682586418e-01 3.040096860952697932e-01 3.189289981586014844e-01 3.361527749168397583e-01 3.544168246299310709e-01 3.686957458274240373e-01 3.865130921723435864e-01 3.989400060634348821e-01 4.081995373825001439e-01 4.190209413527704596e-01 4.247256894985773079e-01 4.297933746225213181e-01 4.355570192348354741e-01 4.392086753653365871e-01 4.422631866872522299e-01 4.444979804727142159e-01 4.473041353502028028e-01 4.488174968920056185e-01 4.503367938885160515e-01
-1.000000000000000000e+00 -1.000000000000000000e+00 -1.000000000000000000e+00 -1.000000000000000000e+00 6.484033487750843205e-01 6.181843031967783064e-01 5.904769052492869763e-01 5.577737616208605642e-01 5.269136194560487541e-01 4.999999377578547843e-01 4.813509602566632406e-01 4.651664596415088782e-01 4.515115264015565621e-01 4.352534487129899876e-01 4.170466381351041196e-01 3.946150970739956132e-01 3.644371049687183950e-01 3.354307857579216789e-01 3.054968715742092389e-01 2.794774491428990149e-01 2.578249935798999637e-01 2.409629435046551915e-01 2.263859744562040921e-01 2.154999265568869060e-01 2.072611216991782357e-01 1.997925506687637243e-01 1.950637887518263391e-01 1.910031060607993714e-01 1.884823745170290943e-01 1.874520233823385729e-01 1.870838554143811616e-01 1.877071186054301566e-01 1.897530309240866297e-01 1.927803948869525885e-01 1.969037128227359434e-01 2.027369945814775920e-01 2.099978054233540559e-01 2.175713687148997377e-01 2.267054607972824321e-01 2.369885042588114055e-01 2.460873375527451445e-01 2.544059730375321515e-01 2.610430854609881446e-01 2.662107113769989764e-01 2.687510538878321031e-01 2.699471324110712112e-01 2.700030824501250537e-01 2.695521386699411548e-01 2.695876864202346734e-01 2.706350699457966691e-01 2.735687658839656144e-01 2.777470578485817243e-01 2.860767911381212891e-01 2.996026129160092033e-01 3.139397312481496671e-01 3.312545015846372065e-01 3.480882694237986130e-01 3.657747242286965017e-01 3.789192451927675953e-01 3.910576149334309970e-01 4.037413203288159891e-01 4.132157156365429684e-01 4.222064855460966881e-01 4.305949172701359906e-01 4.360764165455456309e-01 4.411233878193188684e-01 4.449922448565901134e-01 4.472510333636438573e-01 4.503520656419054968e-01 4.529506268813117131e-01
-1.000000000000000000e+00 -1.000000000000000000e+00 -1.000000000000000000e+00 -1.000000000000000000e+00 -1.000000000000000000e+00 5.859210858307641878e-01 5.557658782900427585e-01 5.292947728910094574e-01 5.017448180947651215e-01 4.782416878596855159e-01 4.620071511905911588e-01 4.428819097927035320e-01 4.254839440796526207e-01 4.064380544638971915e-01 3.859681971484411611e-01 3.633956000309117584e-01 3.380001329861936354e-01 3.117391925461011071e-01 2.868580903944643601e-01 2.654438092371488866e-01 2.469230048688878520e-01 2.333153934441929700e-01 2.210884654672972960e-01 2.118054842439948404e-01 2.037205953987269169e-01 1.976656700224762309e-01 1.923748273056762048e-01 1.889492458776835249e-01 1.861772303472203627e-01 1.851556428672465615e-01 1.846511321252469751e-01 1.851005661795727120e-01 1.873768460260120394e-01 1.901922968427045557e-01 1.938446899947399160e-01 1.996609276754259810e-01 2.061297486986174987e-01 2.144678525262085911e-01 2.232594851864722618e-01 2.320640631886489724e-01 2.428258145098764753e-01 2.509035227871342366e-01 2.597772297522836782e-01 2.646354308925912835e-01 2.683276120470168835e-01 2.703184998780208681e-01 2.707730290346295199e-01 2.702780625173358819e-01 2.696514027586067730e-01 2.691406321133856805e-01 2.693859183019488568e-01 2.724475914431473411e-01 2.763115484537414512e-01 2.838268716504447342e-01 2.955105403771656758e-01 3.088404179992230159e-01 3.188113959478343085e-01 3.382345282187015911e-01 3.499577195521979545e-01 3.693218429933032843e-01 3.872979593261281495e-01 3.979926096672357083e-01 4.109624252048453830e-01 4.208906204886080360e-01 4.292853020344156167e-01 4.351442370034314666e-01 4.401381207272866414e-01 4.462774815904396730e-01 4.496839770456926844e-01 4.531185982830654990e-01
-1.000000000000000000e+00 -1.000000000000000000e+00 -1.000000000000000000e+00 -1.000000000000000000e+00 -1.000000000000000000e+00 -1.000000000000000000e+00 -1.000000000000000000e+00 5.030508423281701003e-01 4.778860080330625815e-01 4.549071874830826756e-01 4.341880210643697668e-01 4.159757236321923735e-01 3.991762254836007662e-01 3.781003616992927308e-01 3.582283865261416400e-01 3.374422564851982109e-01 3.141659005804985916e-01 2.917215634681956105e-01 2.717814724266925941e-01 2.551821288625292228e-01 2.394549904035019605e-01 2.265091902143386293e-01 2.164203077046519264e-01 2.076509729493730139e-01 2.002883755497708029e-01 1.943955209603482615e-01 1.900016870835875837e-01 1.868761862096452453e-01 1.840955105551742577e-01 1.826658308790477803e-01 1.823556825322547592e-01 1.829868333441929396e-01 1.848774904441326250e-01 1.871889672800449433e-01 1.910840676404587379e-01 1.958381055220674849e-01 2.020671400547684737e-01 2.094229584839719938e-01 2.182450294525646595e-01 2.280718948248837696e-01 2.376798721965402150e-01 2.467490627894362853e-01 2.549897637279024964e-01 2.617035008689901354e-01 2.668581494074727112e-01 2.693639437300745509e-01 2.705427304449590786e-01 2.703786321973782880e-01 2.697847268440219382e-01 2.688207613805602136e-01 2.681111889927165759e-01 2.682875735860840161e-01 2.697215354430840262e-01 2.731070524397015142e-01 2.795715126662483563e-01 2.853394074207332154e-01 3.010404663837190076e-01 3.131440421186281742e-01 3.288710240536161233e-01 3.457131029976518444e-01 3.598945278809215220e-01 3.742316433302247392e-01 3.889963823150316413e-01 4.035144057158005504e-01 4.147037638833565576e-01 4.243850876177321929e-01 4.330143564062902128e-01 4.398226789997982666e-01 4.465417802475298292e-01 4.510721613028579324e-01
-1.000000000000000000e+00 -1.000000000000000000e+00 -1.000000000000000000e+00 -1.000000000000000000e+00 -1.000000000000000000e+00 -1.000000000000000000e+00 -1.000000000000000000e+00 -1.000000000000000000e+00 4.504409642156604887e-01 4.288423489874672589e-01 4.090848382982261167e-01 3.908522290750152672e-01 3.731523174506564677e-01 3.551334648911845249e-01 3.347923313275460444e-01 3.152158642711179737e-01 2.963609949220658013e-01 2.777362227466350642e-01 2.605163537467353740e-01 2.454597084595492307e-01 2.325353204279503316e-01 2.211970095639561318e-01 2.116653430309336226e-01 2.042111732459630791e-01 1.970264467494981797e-01 1.915068082812709516e-01 1.870322821115705525e-01 1.839941781638357310e-01 1.819581877032736272e-01 1.806160741540547565e-01 1.798852600400021040e-01 1.804547802559108294e-01 1.816211229979242114e-01 1.842923395446520451e-01 1.872532173249663312e-01 1.918177871344859675e-01 1.971061808717873287e-01 2.046852711158706206e-01 2.128034206027212272e-01 2.218706627480789562e-01 2.318354159716805307e-01 2.409849683835315892e-01 2.496960744370116392e-01 2.574752387589367975e-01 2.631023251568870847e-01 2.666856040509372194e-01 2.687609500250325301e-01 2.694993663515707349e-01 2.691098631430853816e-01 2.681354076772562434e-01 2.673024981126710942e-01 2.662637859651663663e-01 2.664738361137263256e-01 2.670919962491706268e-01 2.698511095269878202e-01 2.750553891058202249e-01 2.811017996875679881e-01 2.931710028839044080e-01 3.058848490706700951e-01 3.190645313611910061e-01 3.327896606969035775e-01 3.508456437711809373e-01 3.636036741092618096e-01 3.831445203284722933e-01 3.941994457554256481e-01 4.077680737206375583e-01 4.179600711451280093e-01 4.272261617539573897e-01 4.380725963491901020e-01 4.476911958534665059e-01
-1.000000000000000000e+00 -1.000000000000000000e+00 -1.000000000000000000e+00 -1.000000000000000000e+00 -1.000000000000000000e+00 -1.000000000000000000e+00 -1.000000000000000000e+00 -1.000000000000000000e+00 -1.000000000000000000e+00 4.023069337033959303e-01 3.828246461051176275e-01 3.671370975685597227e-01 3.489201043046813999e-01 3.315234883870422644e-01 3.150037749809133092e-01 2.974048653580051438e-01 2.810125820453266976e-01 2.652396387372969455e-01 2.510348538007028396e-01 2.379869219489826881e-01 2.262545837861431319e-01 2.159832965602710708e-01 2.071208567180158333e-01 2.002227967396950359e-01 1.937779548663746410e-01 1.883434323168400315e-01 1.848137018551667399e-01 1.816058718768790436e-01 1.794177547801347472e-01 1.778982657579961935e-01 1.774395687093696106e-01 1.774638090790934541e-01 1.787104463032648527e-01 1.805266290445934896e-01 1.838510333803284047e-01 1.877657943927954765e-01 1.931001875211736662e-01 1.998003520856818371e-01 2.078163303637290404e-01 2.153057604186296992e-01 2.252945728697299532e-01 2.344240521410853040e-01 2.441558350305435277e-01 2.514917094302878131e-01 2.583194960624253800e-01 2.627363629270429990e-01 2.654191886641260045e-01 2.667929210120156269e-01 2.671916322704028235e-01 2.666799053623287175e-01 2.657618672788665815e-01 2.646578322369074199e-01 2.639780774392896379e-01 2.633902151817439918e-01 2.642281999318248364e-01 2.655913807943762195e-01 2.700390106636015308e-01 2.758777822730990592e-01 2.846531024782802954e-01 2.956891852580602054e-01 3.095127312639962547e-01 3.251966199987091910e-01 3.380995676692536978e-01 3.559442648614993265e-01 3.700996777932750725e-01 3.818995496970883363e-01 3.985856358034724489e-01 4.146940850165755643e-01 4.251729238837678726e-01 4.340544460193211385e-01
-1.000000000000000000e+00 -1.000000000000000000e+00 -1.000000000000000000e+00 -1.000000000000000000e+00 -1.000000000000000000e+00 -1.000000000000000000e+00 -1.000000000000000000e+00 -1.000000000000000000e+00 -1.000000000000000000e+00 -1.000000000000000000e+00 3.614217260285245703e-01 3.455038110108550331e-01 3.291381598101588146e-01 3.143773354559187827e-01 2.990531533985489876e-01 2.828129341806913111e-01 2.682968897797786134e-01 2.550544087952373307e-01 2.418107062926032336e-01 2.299993388077771761e-01 2.198756763423723171e-01 2.106788471785888961e-01 2.030115255866795643e-01 1.961243029665559467e-01 1.902723354223694319e-01 1.855981807509312631e-01 1.820820826616375010e-01 1.787411178210322193e-01 1.767546887145639567e-01 1.752058692622345537e-01 1.748509471653583447e-01 1.747723563306724237e-01 1.759606135701564933e-01 1.778068792422068389e-01 1.801181811410877409e-01 1.839092608599615930e-01 1.886343446829408799e-01 1.943009825320791140e-01 2.021357102350683221e-01 2.097604541455459770e-01 2.187302853260190694e-01 2.278077829249189334e-01 2.363100310770154810e-01 2.450352979890285388e-01 2.512488477826250177e-01 2.566651871919912176e-01 2.607019881505476810e-01 2.630627592621552768e-01 2.638412436550374163e-01 2.637503561193777490e-01 2.631910457768862899e-01 2.625121485344473204e-01 2.616215366660186725e-01 2.607073741981663639e-01 2.602720199471209583e-01 2.604851924022280607e-01 2.620773464508143746e-01 2.660163907397016803e-01 2.703646081729524364e-01 2.765791010905337410e-01 2.835656552192449276e-01 2.986707686518380589e-01 3.103081250326004681e-01 3.250191611745593678e-01 3.444212417832829276e-01 3.589414099715633188e-01 3.767697365687125433e-01 3.908857922363826454e-01 4.022222443786297452e-01 4.210224739357006918e-01
-1.000000000000000000e+00 -1.000000000000000000e+00 -1.000000000000000000e+00 -1.000000000000000000e+00 -1.000000000000000000e+00 -1.000000000000000000e+00 -1.000000000000000000e+00 -1.000000000000000000e+00 -1.000000000000000000e+00 -1.000000000000000000e+00 -1.000000000000000000e+00 3.259357222863779602e-01 3.117445347464135597e-01 2.975671606215998799e-01 2.841122552271480028e-01 2.701112610519026402e-01 2.576977959426557940e-01 2.449560415695003490e-01 2.336702424775804754e-01 2.238579777897001799e-01 2.138704746942758639e-01 2.054083130809623570e-01 1.989923925303123675e-01 1.921860981006806024e-01 1.869329909576860627e-01 1.827375815085188759e-01 1.786929620960456544e-01 1.761669835878106882e-01 1.738946768438656421e-01 1.729329780220817681e-01 1.716570554990700936e-01 1.720120108010811666e-01 1.728745777961327723e-01 1.746976528235120452e-01 1.767408154413998844e-01 1.802578668918592975e-01 1.840307289372798139e-01 1.899163689181986303e-01 1.954700354994062805e-01 2.043636925831919526e-01 2.118689778635426957e-01 2.206126428090827429e-01 2.289683089124569804e-01 2.375258063353959115e-01 2.442916966296486969e-01 2.504481474092559723e-01 2.545168530569229537e-01 2.573622518951718674e-01 2.592382267625256143e-01 2.600219667850878213e-01 2.596600544992719306e-01 2.592082404189235967e-01 2.584509537540045088e-01 2.575696270204638205e-01 2.567019097622317836e-01 2.565765687166554065e-01 2.563117702941850040e-01 2.576391924533708022e-01 2.595874991390381137e-01 2.646676364410714966e-01 2.701504185865845065e-01 2.792617474759566121e-01 2.882464652456142584e-01 3.031495271539416114e-01 3.165065675132627265e-01 3.303978131754626846e-01 3.436751608003796865e-01 3.661354597721939164e-01 3.825744297581444298e-01 3.959068043273256676e-01
-1.000000000000000000e+00 -1.000000000000000000e+00 -1.000000000000000000e+00 -1.000000000000000000e+00 -1.000000000000000000e+00 -1.000000000000000000e+00 -1.000000000000000000e+00 -1.000000000000000000e+00 -1.000000000000000000e+00 -1.000000000000000000e+00 -1.000000000000000000e+00 -1.000000000000000000e+00 -1.000000000000000000e+00 2.828445651366909286e-01 2.701780939445401764e-01 2.584467409032846219e-01 2.465515073949538227e-01 2.363567773170309749e-01 2.256233230282306823e-01 2.164714990885489021e-01 2.081868678923489979e-01 2.007436353158801867e-01 1.939763993604728121e-01 1.881984569999152757e-01 1.838890913830655005e-01 1.792882714339118222e-01 1.760342505605737573e-01 1.731343127325832565e-01 1.711323679628956596e-01 1.698688763680665514e-01 1.692220677534364004e-01 1.689784806963846864e-01 1.697748082479867415e-01 1.713618630019421163e-01 1.735369705031236109e-01 1.767504402638717387e-01 1.808422182219815988e-01 1.852390069647060489e-01 1.908321328777990156e-01 1.981922917911186910e-01 2.054177201757624027e-01 2.135968553148973603e-01 2.218877316880531470e-01 2.297515321659353571e-01 2.362381435701474686e-01 2.428639494571412927e-01 2.473472703418169161e-01 2.505388558874779292e-01 2.533976228742793602e-01 2.544531491116082678e-01 2.547334081176669263e-01 2.547267596158039327e-01 2.545371011771608849e-01 2.537007074192518807e-01 2.531195742273722460e-01 2.524578926337391338e-01 2.523746270002028558e-01 2.521898233154163949e-01 2.526406996093737978e-01 2.543670826723526956e-01 2.582406942750385404e-01 2.640165290304086754e-01 2.723734964640943668e-01 2.818912517275020124e-01 2.946674412544173505e-01 3.059518562646535988e-01 3.265132777260537633e-01 3.373339813298986689e-01 3.576841661198377764e-01 3.734988275457222784e-01
-1.000000000000000000e+00 -1.000000000000000000e+00 -1.000000000000000000e+00 -1.000000000000000000e+00 -1.000000000000000000e+00 -1.000000000000000000e+00 -1.000000000000000000e+00 -1.000000000000000000e+00 -1.000000000000000000e+00 -1.000000000000000000e+00 -1.000000000000000000e+00 -1.000000000000000000e+00 -1.000000000000000000e+00 -1.000000000000000000e+00 2.575564753155800690e-01 2.465117840271454086e-01 2.372907788869858814e-01 2.274242951205182883e-01 2.185601345771049919e-01 2.104269298956260581e-01 2.025694698102283586e-01 1.955522000143269379e-01 1.898956490959767818e-01 1.842711784388320617e-01 1.798211324099864006e-01 1.758868784115953654e-01 1.727225378661711441e-01 1.700440206358255213e-01 1.684245792413912590e-01 1.670762020172846807e-01 1.663812572200390472e-01 1.663912903300451274e-01 1.669457029304615148e-01 1.681629735483135546e-01 1.701721030509656674e-01 1.728047805370227508e-01 1.762967930011433704e-01 1.809657675609069039e-01 1.857159719380425122e-01 1.921129026024790409e-01 1.981771327086296886e-01 2.068994636219913530e-01 2.138548025485374759e-01 2.216829517291505069e-01 2.285048379331634794e-01 2.348638876029907341e-01 2.394392159089960004e-01 2.438523409872973835e-01 2.463504504919990790e-01 2.480385077105153324e-01 2.487822865100525749e-01 2.495638492636928218e-01 2.491826219645819629e-01 2.488889483844728689e-01 2.487384730106151909e-01 2.476793821153857045e-01 2.475364735005998185e-01 2.471703944372749540e-01 2.479667202832395445e-01 2.478910766677054900e-01 2.498711839132745638e-01 2.532861407265013520e-01 2.576754132075425585e-01 2.656740113581046447e-01 2.764914453713378517e-01 2.854875756078337212e-01 2.965613551632206302e-01 3.163103622759473876e-01 3.271253680381188134e-01 3.448818691845487172e-01
-1.000000000000000000e+00 -1.000000000000000000e+00 -1.000000000000000000e+00 -1.000000000000000000e+00 -1.000000000000000000e+00 -1.000000000000000000e+00 -1.000000000000000000e+00 -1.000000000000000000e+00 -1.000000000000000000e+00 -1.000000000000000000e+00 -1.000000000000000000e+00 -1.000000000000000000e+00 -1.000000000000000000e+00 -1.000000000000000000e+00 -1.000000000000000000e+00 2.364731240292100578e-01 2.274596585758525136e-01 2.193335512374882112e-01 2.111468590291000202e-01 2.035667911705454358e-01 1.967816502506509191e-01 1.904926900728150518e-01 1.849235819611422527e-01 1.801402572993658913e-01 1.759242712753641413e-01 1.724913427119190990e-01 1.694170026267794449e-01 1.669526326802400484e-01 1.655313993349210866e-01 1.641692846794998439e-01 1.635218324621030561e-01 1.635588271296671004e-01 1.639929523480652684e-01 1.651549409577240390e-01 1.672434065915538726e-01 1.694167907981888599e-01 1.732094045331757926e-01 1.765639406123694077e-01 1.811844661186549355e-01 1.871809324987250556e-01 1.936781116211037934e-01 2.000292718152664739e-01 2.071951930309434420e-01 2.143172732197053953e-01 2.205980240502063705e-01 2.270520372107830975e-01 2.321013179559371642e-01 2.359129776708229764e-01 2.387756747827879389e-01 2.410820427437308788e-01 2.425102260528228804e-01 2.432322980692677439e-01 2.434779774040559952e-01 2.434922258199374301e-01 2.430175066594224276e-01 2.429461044090856225e-01 2.423555030552476675e-01 2.422332253850326966e-01 2.423816091676434525e-01 2.425312749346991981e-01 2.439688290337282961e-01 2.450674588823159583e-01 2.483793216539801896e-01 2.538298360255706876e-01 2.608720588457060785e-01 2.675850636384291548e-01 2.787837506193561743e-01 2.933365399360853831e-01 3.068819877426230414e-01 3.261203127177705885e-01
-1.000000000000000000e+00 -1.000000000000000000e+00 -1.000000000000000000e+00 -1.000000000000000000e+00 -1.000000000000000000e+00 -1.000000000000000000e+00 -1.000000000000000000e+00 -1.000000000000000000e+00 -1.000000000000000000e+00 -1.000000000000000000e+00 -1.000000000000000000e+00 -1.000000000000000000e+00 -1.000000000000000000e+00 -1.000000000000000000e+00 -1.000000000000000000e+00 -1.000000000000000000e+00 2.183498480842659129e-01 2.110747557565203492e-01 2.035595835567496070e-01 1.971541272404004619e-01 1.911452069619946348e-01 1.854849141557096681e-01 1.804945637087436994e-01 1.760274977129084317e-01 1.719647857171123229e-01 1.689113215791027967e-01 1.662488428116510319e-01 1.640310286439566612e-01 1.624373898345206069e-01 1.613321720433783524e-01 1.605711591507421598e-01 1.608041283890102036e-01 1.613140079108901226e-01 1.625378648265028703e-01 1.643276645716879036e-01 1.668310312598452472e-01 1.696028850527181997e-01 1.731606424785344933e-01 1.775381595828291470e-01 1.829402139646723324e-01 1.880831664415339166e-01 1.940120612755864282e-01 2.005145614284296884e-01 2.072109288976556607e-01 2.130721145728792232e-01 2.191131378768037541e-01 2.236141602946255802e-01 2.281424200881155828e-01 2.313832751321756587e-01 2.334180353812179698e-01 2.350171062558296942e-01 2.362112131798156656e-01 2.370634442241059681e-01 2.374565020817553662e-01 2.373864597763691298e-01 2.370776202519517262e-01 2.366725861944244114e-01 2.368949989983939741e-01 2.369832792282095257e-01 2.370048925411411544e-01 2.376765240252781408e-01 2.387394663957332908e-01 2.414317399428713429e-01 2.452438031755253822e-01 2.498519667035890568e-01 2.568564556538889265e-01 2.626413650563285129e-01 2.739462416003316525e-01 2.850429301009000382e-01 3.024311691399561575e-01
-1.000000000000000000e+00 -1.000000000000000000e+00 -1.000000000000000000e+00 -1.000000000000000000e+00 -1.000000000000000000e+00 -1.000000000000000000e+00 -1.000000000000000000e+00 -1.000000000000000000e+00 -1.000000000000000000e+00 -1.000000000000000000e+00 -1.000000000000000000e+00 -1.000000000000000000e+00 -1.000000000000000000e+00 -1.000000000000000000e+00 -1.000000000000000000e+00 -1.000000000000000000e+00 -1.000000000000000000e+00 2.028680927946711066e-01 1.966853796928195175e-01 1.906670437479021096e-01 1.852396241326815240e-01 1.802927897938301771e-01 1.757412612174279187e-01 1.717482981026790534e-01 1.681999462693925806e-01 1.653424188781972559e-01 1.627508113299134529e-01 1.610145456416599008e-01 1.593925390106449569e-01 1.584561456064726703e-01 1.579009224858722027e-01 1.580511222647164038e-01 1.586784712734623792e-01 1.597368188839127789e-01 1.615362046909208649e-01 1.638248633945568744e-01 1.667726400406389364e-01 1.695776819071662112e-01 1.738560771341342570e-01 1.784892551782950032e-01 1.837703467446197558e-01 1.895494256140154155e-01 1.948960940422747035e-01 2.007234121682307526e-01 2.071743283253167645e-01 2.110023166950999174e-01 2.166933260099396796e-01 2.208330758765163770e-01 2.236518839827359995e-01 2.262615498050116192e-01 2.278791025048974017e-01 2.293302184642322938e-01 2.304710596557583424e-01 2.306941184941488365e-01 2.308286700300156147e-01 2.310191284921013222e-01 2.314983476631510273e-01 2.316563495598684963e-01 2.313713539834902355e-01 2.316257883594168010e-01 2.323072602956812727e-01 2.335482495317188767e-01 2.348410405004712209e-01 2.376189731851216791e-01 2.421972844340213871e-01 2.469838106692862356e-01 2.562834717698276310e-01 2.630293891531593209e-01 2.743381916211574678e-01 2.892195887290040512e-01
-1.000000000000000000e+00 -1.000000000000000000e+00 -1.000000000000000000e+00 -1.000000000000000000e+00 -1.000000000000000000e+00 -1.000000000000000000e+00 -1.000000000000000000e+00 -1.000000000000000000e+00 -1.000000000000000000e+00 -1.000000000000000000e+00 -1.000000000000000000e+00 -1.000000000000000000e+00 -1.000000000000000000e+00 -1.000000000000000000e+00 -1.000000000000000000e+00 -1.000000000000000000e+00 -1.000000000000000000e+00 -1.000000000000000000e+00 -1.000000000000000000e+00 1.847645959327662291e-01 1.798987576097692831e-01 1.752359777683576147e-01 1.708093940110725073e-01 1.676362592024554787e-01 1.644854443493044271e-01 1.618574637671876815e-01 1.595140205324508953e-01 1.578332129842121845e-01 1.565153087518826591e-01 1.558048713391818330e-01 1.553306381556635307e-01 1.555958312800911902e-01 1.561685545147319387e-01 1.573565634134059532e-01 1.590549352546885009e-01 1.612139116401483663e-01 1.637604085249872166e-01 1.672297910488343975e-01 1.704764090875048321e-01 1.745846312332409722e-01 1.796982807599516174e-01 1.851201692318669434e-01 1.899897778513631452e-01 1.953132762914072673e-01 2.007024598555526840e-01 2.057448637136152503e-01 2.098609844626636856e-01 2.137660320273999104e-01 2.168267911125409675e-01 2.193994993467305310e-01 2.211140837458170916e-01 2.224835075096128767e-01 2.236792828756299090e-01 2.245268715909512491e-01 2.250316269840021977e-01 2.251491691395981765e-01 2.255276957414233674e-01 2.252712561513411371e-01 2.261330591158263459e-01 2.258988521978821939e-01 2.266055408604530086e-01 2.278989248113439670e-01 2.292636093751863058e-01 2.318065521805295903e-01 2.345261637858324089e-01 2.399053919744065788e-01 2.458072968305896611e-01 2.550193155468670203e-01 2.660309150210977691e-01 2.812105214229108086e-01
-1.000000000000000000e+00 -1.000000000000000000e+00 -1.000000000000000000e+00 -1.000000000000000000e+00 -1.000000000000000000e+00 -1.000000000000000000e+00 -1.000000000000000000e+00 -1.000000000000000000e+00 -1.000000000000000000e+00 -1.000000000000000000e+00 -1.000000000000000000e+00 -1.000000000000000000e+00 -1.000000000000000000e+00 -1.000000000000000000e+00 -1.000000000000000000e+00 -1.000000000000000000e+00 -1.000000000000000000e+00 -1.000000000000000000e+00 -1.000000000000000000e+00 -1.000000000000000000e+00 1.743331694499125062e-01 1.706961636487205336e-01 1.669175567029858587e-01 1.637303570322812540e-01 1.610386924496979566e-01 1.584270502173341366e-01 1.566579940978816421e-01 1.549322224167992423e-01 1.539068557533510295e-01 1.530540705896486775e-01 1.528529111337716961e-01 1.532400115857178169e-01 1.538280120722928523e-01 1.549266836965933480e-01 1.565633058060419969e-01 1.588512117513732336e-01 1.612116556101551856e-01 1.646156331844439158e-01 1.678415110862196136e-01 1.723311261425499175e-01 1.763406766149878402e-01 1.806132891533781260e-01 1.859558671387478435e-01 1.907341428887005530e-01 1.948032738571146838e-01 1.998829950009045342e-01 2.039749693218849969e-01 2.076553367617581525e-01 2.104581235440580733e-01 2.125168839135224419e-01 2.152306067790401289e-01 2.163272749437620546e-01 2.172007417728676337e-01 2.182342345155190988e-01 2.188989486203965218e-01 2.193445591639076875e-01 2.195458429431707825e-01 2.202832467628347279e-01 2.202261551307914678e-01 2.211216348520676223e-01 2.218276873401104632e-01 2.231074853742196218e-01 2.243733351397337039e-01 2.269047143422537882e-01 2.301137244249482905e-01 2.354892998488383737e-01 2.403082994778452941e-01 2.490505211184431689e-01 2.618251533321634406e-01 2.716143247684823514e-01
-1.000000000000000000e+00 -1.000000000000000000e+00 -1.000000000000000000e+00 -1.000000000000000000e+00 -1.000000000000000000e+00 -1.000000000000000000e+00 -1.000000000000000000e+00 -1.000000000000000000e+00 -1.000000000000000000e+00 -1.000000000000000000e+00 -1.000000000000000000e+00 -1.000000000000000000e+00 -1.000000000000000000e+00 -1.000000000000000000e+00 -1.000000000000000000e+00 -1.000000000000000000e+00 -1.000000000000000000e+00 -1.000000000000000000e+00 -1.000000000000000000e+00 -1.000000000000000000e+00 -1.000000000000000000e+00 1.662884582554162438e-01 1.632939670937251508e-01 1.600111916488796693e-01 1.575058444470929242e-01 1.553978613089268546e-01 1.537887888500557021e-01 1.521782188437955929e-01 1.513115811638083286e-01 1.508986378742641354e-01 1.506443809513681731e-01 1.509600415149718877e-01 1.518507385262024001e-01 1.527637620279411745e-01 1.547619394315233321e-01 1.569037353260827883e-01 1.595369682416365176e-01 1.623070847785950122e-01 1.658023260941757782e-01 1.691933755634670578e-01 1.737135713853943109e-01 1.781119166210068661e-01 1.823294011121064373e-01 1.868107826424072193e-01 1.913447442808524079e-01 1.952093735966669019e-01 1.987029229930283025e-01 2.019637187552591195e-01 2.049706687687668227e-01 2.068477833280515099e-01 2.084255725295974249e-01 2.100547407222254082e-01 2.113900068081449590e-01 2.125629881291440648e-01 2.134631535679061554e-01 2.141306241107183705e-01 2.145803883983523064e-01 2.156346925940257342e-01 2.159984046019710890e-01 2.165869031401956857e-01 2.182633948349594899e-01 2.187210985980709566e-01 2.199970523426785785e-01 2.235049050934874160e-01 2.268777623371066865e-01 2.321903179894539426e-01 2.401985137582594854e-01 2.485202133185781259e-01 2.581079730140484196e-01 2.736744833165560276e-01
-1.000000000000000000e+00 -1.000000000000000000e+00 -1.000000000000000000e+00 -1.000000000000000000e+00 -1.000000000000000000e+00 -1.000000000000000000e+00 -1.000000000000000000e+00 -1.000000000000000000e+00 -1.000000000000000000e+00 -1.000000000000000000e+00 -1.000000000000000000e+00 -1.000000000000000000e+00 -1.000000000000000000e+00 -1.000000000000000000e+00 -1.000000000000000000e+00 -1.000000000000000000e+00 -1.000000000000000000e+00 -1.000000000000000000e+00 -1.000000000000000000e+00 -1.000000000000000000e+00 -1.000000000000000000e+00 -1.000000000000000000e+00 1.596349799250403045e-01 1.569552347964986438e-01 1.545784172302746562e-01 1.526831451991372546e-01 1.512843005851572387e-01 1.499829270830979333e-01 1.491933022294978373e-01 1.487417967042808653e-01 1.486955478461669533e-01 1.492097691971414897e-01 1.499848672833225260e-01 1.511804419978203806e-01 1.528029310693325704e-01 1.552147806315964662e-01 1.579337486551788960e-01 1.607636176905989922e-01 1.640621436672382583e-01 1.676165865330420945e-01 1.712574054714322003e-01 1.756273145925783263e-01 1.798165920229093384e-01 1.839634640032546398e-01 1.877972126999021552e-01 1.912276459456127009e-01 1.947549585651822956e-01 1.982495092196547293e-01 2.002913200930697413e-01 2.024873468637577167e-01 2.038503123584343157e-01 2.056725240339259686e-01 2.065786375736327340e-01 2.076973852501254880e-01 2.089081503338387491e-01 2.094350148883712404e-01 2.100703436996194662e-01 2.110288183097838721e-01 2.121763762483307447e-01 2.132755822186166994e-01 2.142178183144583803e-01 2.159032997826161593e-01 2.183293498109851738e-01 2.211648660638980413e-01 2.264880426237161903e-01 2.338054798230476128e-01 2.431951100009057121e-01 2.528561891753295376e-01 2.656729898234572729e-01 2.829612447340393300e-01
-1.000000000000000000e+00 -1.000000000000000000e+00 -1.000000000000000000e+00 -1.000000000000000000e+00 -1.000000000000000000e+00 -1.000000000000000000e+00 -1.000000000000000000e+00 -1.000000000000000000e+00 -1.000000000000000000e+00 -1.000000000000000000e+00 -1.000000000000000000e+00 -1.000000000000000000e+00 -1.000000000000000000e+00 -1.000000000000000000e+00 -1.000000000000000000e+00 -1.000000000000000000e+00 -1.000000000000000000e+00 -1.000000000000000000e+00 -1.000000000000000000e+00 -1.000000000000000000e+00 -1.000000000000000000e+00 -1.000000000000000000e+00 -1.000000000000000000e+00 1.539659761463975651e-01 1.519734228877679116e-01 1.502561514849840296e-01 1.487272020513571436e-01 1.477534460583463105e-01 1.472131998580419043e-01 1.469945413531329736e-01 1.470894833713594085e-01 1.477088800715374572e-01 1.485816431309788244e-01 1.500137009561219870e-01 1.518842410372828189e-01 1.539840530279164565e-01 1.566762779294642027e-01 1.594772158254435523e-01 1.630226675995930519e-01 1.663981078800427227e-01 1.699715204081456710e-01 1.738754076770854251e-01 1.778370396535566278e-01 1.810541703712982287e-01 1.848550161763411748e-01 1.880364032951230280e-01 1.914336723702157461e-01 1.937396950701947562e-01 1.963880737727720649e-01 1.980650632464514005e-01 2.002411319925237188e-01 2.014950766235764912e-01 2.033007934576218090e-01 2.038637417173402855e-01 2.051087016628782012e-01 2.063918408846886210e-01 2.076086138395157321e-01 2.082850730227712166e-01 2.092228446542207798e-01 2.112138433728604769e-01 2.128381679566554163e-01 2.159557906791849946e-01 2.200854827755623078e-01 2.243144410914507114e-01 2.309227222215020081e-01 2.392593474745187132e-01 2.508279938424203270e-01 2.676727133886622756e-01 2.847359615715358006e-01 3.075815232637408858e-01
-1.000000000000000000e+00 -1.000000000000000000e+00 -1.000000000000000000e+00 -1.000000000000000000e+00 -1.000000000000000000e+00 -1.000000000000000000e+00 -1.000000000000000000e+00 -1.000000000000000000e+00 -1.000000000000000000e+00 -1.000000000000000000e+00 -1.000000000000000000e+00 -1.000000000000000000e+00 -1.000000000000000000e+00 -1.000000000000000000e+00 -1.000000000000000000e+00 -1.000000000000000000e+00 -1.000000000000000000e+00 -1.000000000000000000e+00 -1.000000000000000000e+00 -1.000000000000000000e+00 -1.000000000000000000e+00 -1.000000000000000000e+00 -1.000000000000000000e+00 -1.000000000000000000e+00 -1.000000000000000000e+00 1.482834526520316887e-01 1.470108506861691200e-01 1.461299848716590688e-01 1.457148347770392538e-01 1.455258458590748538e-01 1.456863006878073852e-01 1.463795046746187989e-01 1.475967294047888234e-01 1.489193689047304536e-01 1.510665094819943488e-01 1.532733503780495665e-01 1.558790989752833755e-01 1.592986436769236736e-01 1.620723186079018607e-01 1.654137243808495861e-01 1.691409789295904298e-01 1.728144584958679064e-01 1.765527362466011441e-01 1.799596618158917916e-01 1.828022786097166785e-01 1.864255719325125238e-01 1.888812433928785950e-01 1.916046299382494766e-01 1.939351314986497987e-01 1.958286828346673392e-01 1.975968522638557878e-01 1.988786923183298028e-01 2.007831818662012824e-01 2.014674846492434390e-01 2.029436678194186383e-01 2.043039696995156140e-01 2.055726817835764886e-01 2.074552131177616054e-01 2.092145283094619668e-01 2.104678160296724332e-01 2.140734699158571286e-01 2.190867375004872664e-01 2.239197965099337384e-01 2.335083770653251789e-01 2.435357636149849681e-01 2.559981130191906762e-01 2.729570606309879577e-01 2.965882822706439881e-01 3.150320817711343424e-01 3.332235366497335316e-01
-1.000000000000000000e+00 -1.000000000000000000e+00 -1.000000000000000000e+00 -1.000000000000000000e+00 -1.000000000000000000e+00 -1.000000000000000000e+00 -1.000000000000000000e+00 -1.000000000000000000e+00 -1.000000000000000000e+00 -1.000000000000000000e+00 -1.000000000000000000e+00 -1.000000000000000000e+00 -1.000000000000000000e+00 -1.000000000000000000e+00 -1.000000000000000000e+00 -1.000000000000000000e+00 -1.000000000000000000e+00 -1.000000000000000000e+00 -1.000000000000000000e+00 -1.000000000000000000e+00 -1.000000000000000000e+00 -1.000000000000000000e+00 -1.000000000000000000e+00 -1.000000000000000000e+00 -1.000000000000000000e+00 -1.000000000000000000e+00 1.456684789961001925e-01 1.448858922779538150e-01 1.445710421125538381e-01 1.444397298174169841e-01 1.449708568153673938e-01 1.458203661683423191e-01 1.472000887794098489e-01 1.486714803352812697e-01 1.507254612877592104e-01 1.530132165103267328e-01 1.560278931787462686e-01 1.590771184935878824e-01 1.624951655311534238e-01 1.657352426544161650e-01 1.693984036572170060e-01 1.728735013147822130e-01 1.765227615796000071e-01 1.795603808958339265e-01 1.827035409310595049e-01 1.855129498586581271e-01 1.881949966513738748e-01 1.901566188290272075e-01 1.924587256736651208e-01 1.945024419284142880e-01 1.968033606423698623e-01 1.981947043165361022e-01 1.995847533150005571e-01 2.013085138143193009e-01 2.029435892179210776e-01 2.042230582501434744e-01 2.068972077230783468e-01 2.092112019209710350e-01 2.113111499447219988e-01 2.158628408868340232e-01 2.217694036752041187e-01 2.288331758593261378e-01 2.400866463833254694e-01 2.514403080569089788e-01 2.730373601512133264e-01 2.871068041986339359e-01 3.167355569419119665e-01 3.390012961079599263e-01 3.714159097431514178e-01 3.916513231419415653e-01
