4.769177856092940843e-310 4.442656333264307203e-272 1.235200522964410199e-238 1.107149618519620086e-210 1.829338586657300093e-186 2.341490906333949137e-166 1.181254829963385726e-148 3.982498507995707697e-130 1.611544710129525118e-117 9.575543628935212678e-104 3.214453446235260602e-93 1.435954251435316063e-82 1.732543038048145449e-73 9.843187332544351704e-64 8.011568388287427469e-58 2.570275960370446610e-51 3.859287337842292138e-45 6.290886629076685834e-39 4.356345222079751357e-34 8.412749440058357023e-30 2.053146000914536633e-25 4.472003961842803993e-22 6.832069048225957714e-19 3.740293871981108176e-16 7.828686743158072982e-14 1.199021029002286959e-11 6.864452269256762285e-10 9.506135232392797417e-09 1.686207536534021310e-07 1.199776786572132006e-06 4.285216395987744958e-06 1.623735710850747905e-05 2.178815295961818938e-05 3.810709761330253168e-05 4.040803700140713645e-05 4.193669315912442467e-05 2.557986491060670732e-05 1.119213307116291680e-05 4.993187879851134785e-06 1.270054142310954911e-06 3.500794148728839831e-07 1.365910725909481314e-08 9.611058883956737887e-10 1.803098663534177335e-10 2.059946882855414932e-12 1.032543441607681382e-13 5.374527563791559591e-15 5.098939030116075318e-16 4.072688508892156578e-18 6.355565322517444373e-19 3.989362150068104701e-20 1.026755132957877101e-20 7.308377562053534086e-22 5.189931766969605510e-23 3.715292993729827243e-24 1.588528208458751423e-24 3.152434348815445647e-25 3.704318505948916680e-26 1.018174619618781413e-26 1.101637092276825801e-28 1.117179030744247372e-28 1.247828754273913488e-28 3.172931941399624519e-30 1.933221695284973382e-30 1.229326947853890009e-31 5.234359703260499858e-31 6.176450667662369816e-33 6.726717562000197424e-33 9.625127427754102728e-35 2.763456393904103588e-34
1.122155820840342132e-314 7.157478821032303897e-271 3.401682317583088640e-238 2.853355741175147264e-208 1.690605042665412367e-186 7.368298973947646480e-166 2.157539445953194892e-145 2.613794270249007985e-131 5.051999721480857129e-115 2.345384099087422079e-104 1.881413828336830396e-91 3.659768356937597199e-82 1.272424632873825259e-72 2.783494947357317266e-64 2.577135807874434610e-57 3.689982237392829166e-50 1.292896411005830168e-44 9.236564520785793407e-39 1.379325464172284864e-33 1.458243435571549439e-29 9.916625905633304192e-26 5.871822467133751078e-21 6.959865817472147212e-19 5.911737113886096868e-16 1.589063747992421738e-13 1.729122642681187651e-11 9.783775470713862020e-10 1.599660653177681445e-08 3.113740785882417613e-07 1.529744149084539077e-06 7.018734818450546266e-06 1.779868781920372107e-05 3.233145231067413019e-05 5.064111342141176033e-05 5.853892240278293978e-05 5.139843049854989906e-05 3.393953411058989780e-05 2.510557481031674005e-05 1.006780733208658488e-05 1.937295666119477615e-06 2.397599850836034450e-07 2.995078286967913210e-08 1.109294150891668111e-09 8.202053960572638354e-11 6.757975783477716576e-12 9.145530653316356583e-14 5.879558033271566305e-15 5.545280597566099979e-16 6.198492974904283391e-17 1.533485140788173283e-18 3.264475059825043144e-19 1.295739947765339796e-20 1.088345507863388467e-21 1.432334195834690048e-21 1.423616780248104746e-23 1.902337134010001308e-24 1.760718128404706666e-25 1.985229955880602221e-25 4.081853849749802513e-27 1.097693760024798894e-27 1.525427151808189457e-28 7.074652671660831133e-29 1.655120654878234562e-29 2.092473735402968156e-30 7.175226133189155623e-31 4.075682257534924709e-32 2.430958819697308237e-32 7.777019038436148331e-34 1.004585699200576681e-33 7.619551255746626477e-33
8.148812973279172176e-310 1.829100020306493054e-272 3.677105646523418127e-236 2.244241109627939335e-209 4.462808860973976363e-185 9.520171937355250208e-161 5.170559587244697282e-144 1.061920744247729143e-128 5.938212586845735430e-114 5.019070356618871938e-103 5.403975524549918072e-92 6.615485405534574694e-81 1.329243890236670160e-71 9.839217412770805592e-65 2.708618277046583687e-57 6.052047509927177854e-50 1.502667277831361087e-43 6.143241008957006933e-37 2.875289450742532648e-33 1.998120985138439353e-28 1.741097806498389227e-24 1.592827234503347652e-21 1.212141187008929951e-18 1.777610851787718113e-15 2.323797760468047258e-13 2.108646580579529878e-11 1.251620910019055746e-09 2.526705532938063145e-08 3.833563275006350417e-07 2.273514772383317276e-06 9.204801498836960539e-06 2.151116788512223135e-05 5.253923080689270177e-05 5.796818613848404584e-05 7.491182356865362386e-05 7.435709696654298304e-05 4.638550785694924071e-05 2.101270424785511899e-05 8.235454864642284680e-06 3.190087969791717505e-06 4.532080169868303578e-07 3.262425145936057078e-08 2.683809466858518142e-09 1.967282316460800628e-10 4.192135533085166825e-12 1.317495924105980791e-13 1.870994199779278070e-14 6.178781424175899032e-16 1.811324866545362345e-17 4.203033318054328715e-18 4.284092633915105956e-19 2.660937150647194813e-19 1.327127440851421435e-20 3.547972022870089298e-22 8.556149455603204743e-23 1.922320951756277084e-24 7.801682771459236279e-25 1.218587496422856475e-25 1.796006409722874044e-26 3.407264165738359412e-27 1.927005895056492904e-28 4.250828722938379178e-28 2.082955017461814837e-29 2.462790301279928118e-29 1.435829745152454276e-30 2.591664756371530995e-31 7.901417607666621762e-32 5.006527661735010282e-32 4.949868834417367955e-34 1.264493572682342221e-34
9.995479735999885049e-309 2.759514759834796185e-264 2.626240724908475093e-236 3.056496386554042064e-209 4.668735419844479684e-184 4.883268005950492097e-163 7.750569915646882132e-146 2.048573048651822400e-128 5.035663906077386502e-115 1.322156390836204899e-101 9.513325526885070700e-91 2.586367674095182327e-82 2.769607599591267844e-71 1.141606055890434177e-63 1.040413180587645544e-55 2.167561929333723967e-49 9.791797372101158133e-43 3.829475416654856629e-38 1.512697015784709753e-32 3.734640196297102838e-28 3.229491730455154112e-24 2.972106391658132747e-21 8.383748744250325670e-18 3.306024921521044845e-15 4.288878738216287495e-13 9.358077918194303392e-11 1.969424398015827560e-09 6.066948767528488600e-08 5.146925911226110239e-07 3.877977699677021224e-06 1.301394060422538821e-05 3.763384580629189764e-05 5.332549953242006230e-05 9.450850550414060527e-05 9.645715456733617253e-05 7.812360758790928980e-05 6.614542327221111537e-05 3.738433953303965028e-05 6.743724360206000714e-06 3.096357468003754468e-06 4.716814268761580001e-07 3.378707854412214832e-08 4.108038315063310597e-09 1.706811710977724733e-10 1.889313594960745887e-11 4.850006872499553232e-13 7.408281677260512878e-14 1.476738072474179757e-15 1.327101117897782426e-16 8.745957346892896849e-18 5.228551647339825716e-19 1.153667637174232551e-19 1.049714217683393020e-20 1.134073143009595197e-21 9.005303035889850546e-23 1.683895434189192825e-23 8.947277255305360820e-24 8.459682798038218714e-25 9.502098885934678425e-26 1.993375405787710973e-27 1.239722516908081959e-27 1.053365320395940429e-28 2.409837505223918906e-29 1.308490269596469149e-29 6.372237802384596716e-30 5.291099342971485175e-31 9.443659909828192534e-32 1.871182569504786553e-32 8.716653436372075676e-33 9.283937952895012966e-34
1.347756026071869738e-304 1.277761221730977633e-270 1.690606040807585031e-239 1.093146159466694595e-206 4.078756336096539539e-182 5.574427941502991888e-163 1.233725919380910407e-141 1.514641319561833226e-127 3.080769194069713655e-111 2.636417526871060266e-101 2.042158359894578609e-89 2.179402687850124938e-80 1.410715571341977520e-70 2.108660436381360887e-62 3.230172104025151015e-55 1.484243681527719258e-47 3.316001571281887704e-43 1.242363519459847870e-36 4.254353734067230151e-32 1.034333462871957734e-27 6.125022490981811407e-24 1.328907925145611063e-20 1.298692155446070829e-17 1.634084330346871221e-14 1.101568402041546179e-12 1.061766155880112318e-10 2.856352795575177668e-09 7.883588162336878599e-08 1.015623533629896464e-06 5.574116256247307592e-06 1.743126050161180433e-05 4.482968646833248249e-05 6.193809671874468269e-05 1.012818428689614425e-04 1.334027603759516231e-04 1.124949362355569601e-04 8.153715913173447088e-05 4.108115893973500525e-05 1.756212234283080793e-05 5.192210074609913632e-06 1.024750917734387576e-06 1.066420342471546722e-07 1.094851099927905810e-08 3.362770807940719027e-10 1.789542509015948766e-11 1.981246551804902737e-12 7.880975597824348173e-14 2.369046743013374411e-15 4.037873535745326538e-17 1.209455404669924486e-17 2.756197978280008267e-18 6.829519356604355788e-20 1.624817847512987026e-20 3.126632729440908549e-21 5.662355819527185055e-22 1.750830841476595455e-23 4.392856609780243163e-24 1.848320066925214860e-24 2.367279799883990126e-26 8.190600919524565818e-27 1.213835957885931205e-27 3.060691200391768470e-28 1.239083565789565217e-28 1.460161280237436402e-29 1.231292102041908696e-30 1.248531616408684929e-31 5.120458587098711071e-32 2.134246474743194566e-32 3.827270229004180796e-33 6.089286039132973260e-33
3.910075197740311582e-306 4.640422237192993538e-269 5.084699393563859726e-237 3.922212600646748281e-206 4.296924932433230644e-184 3.916133772569564169e-159 3.600489101095847233e-143 3.179174848302746927e-126 3.827906211643255350e-113 7.794436794765472726e-100 1.463607940904461141e-90 1.120447350013637109e-79 8.777387814743043135e-72 1.059903126075277238e-61 8.447704993091541291e-56 2.407141964395286361e-48 2.503649259736877117e-42 3.334013629696636758e-37 1.313767402816151380e-31 2.639762239979358786e-27 1.252547105246198222e-23 2.922352205072040307e-20 3.949070680899345430e-17 9.173982479510233711e-15 5.181097897187847446e-12 1.675382167999866895e-10 6.219736360792557921e-09 8.572855721869596006e-08 1.092313271554052799e-06 8.125396588018046954e-06 2.840172694632306475e-05 5.611804759400625115e-05 8.522655781388297511e-05 1.504898352208838982e-04 1.626919429750123291e-04 1.279515919411428938e-04 9.699216662760144216e-05 5.597528235726933224e-05 2.225430289021814635e-05 1.045011971110238441e-05 1.006304135056870503e-06 1.103714047064973824e-07 9.113624157228780888e-09 9.209686673961787874e-10 4.750650884985035648e-11 1.605094916998854394e-12 9.766334366175363584e-14 5.842493854239709368e-15 1.935228037944465928e-16 7.709458747258040164e-17 3.258233654198924583e-18 1.196690895694511761e-19 1.698316263556437214e-20 1.155054213516155454e-20 2.562551939838607828e-21 3.039801914531687180e-23 5.359992592611842565e-24 7.126941028796836051e-25 6.785476380279927387e-25 1.435737756447994206e-26 6.066476134652578858e-27 8.882189952814198351e-27 2.081282343525442789e-29 7.724280310600058053e-29 1.058859330390923619e-29 1.447859168630211324e-29 3.546501769128683347e-31 3.640098930882583145e-31 1.658178991189943178e-32 3.266781157638817603e-32
9.440622507952132625e-308 1.656325122385013491e-270 4.978692197247609564e-235 2.881577338826951144e-207 2.410744572272036288e-181 1.950271801677563932e-162 7.517581467781126768e-139 1.140677259259845945e-124 2.613345046796787431e-112 3.130609146065628007e-99 3.923783900080650078e-89 1.149426094607513656e-77 9.533370692183156702e-70 4.470265304585325733e-62 1.796518310294615351e-54 8.625054290503708674e-48 5.051903052110551506e-42 1.592113960781582298e-35 4.052336005525305033e-31 1.068631637045238910e-26 5.562407568475928961e-23 1.204610971990996719e-19 9.693597548697184950e-17 2.890506073996436501e-14 4.146701772619178616e-12 4.269512752207590498e-10 9.090635838317702434e-09 1.738307170648438884e-07 1.587249293553206328e-06 1.165852901079739284e-05 3.601311666988174542e-05 6.263939388398240434e-05 1.083643683769096051e-04 1.500709364324017325e-04 1.794379280541742911e-04 2.065326607593092950e-04 1.252686075410747884e-04 8.195267668064455972e-05 2.208944542070530551e-05 8.890577556636411808e-06 1.562589123638408851e-06 1.371080438525575176e-07 2.080493416629233930e-08 8.540987152080061883e-10 7.988871065890569664e-11 3.829063204946032843e-12 1.602226305661062922e-13 2.056382476577444493e-14 1.300207269108624035e-15 5.479090804232086466e-17 6.811395771222428314e-18 1.132626349479455193e-18 1.273864239643682601e-19 1.010866769232403827e-20 8.950322947717584334e-22 1.792299002544624926e-22 7.012494399943810730e-23 8.517239305973493262e-24 2.882043522924821639e-25 7.895151007167983830e-26 1.026665689413845062e-25 2.611931521649361553e-27 5.081222100690172011e-28 1.912387287987576874e-28 1.614974104986038452e-29 3.642381273498086098e-29 2.942881050785312143e-30 1.759006739912263989e-31 6.384545628900547595e-32 7.127981781109482280e-33
8.869502718352278389e-305 1.425830153930411236e-258 1.088671801829019312e-233 1.196178713009296533e-201 2.937047694518838045e-177 2.851060314184920250e-159 2.551234352314148307e-143 2.653618829357472098e-125 2.988088068414424787e-112 1.911145291641286379e-100 1.043906172839998858e-88 1.586227631481302240e-77 9.355440333142052828e-70 3.246793922382106942e-60 1.322648466387749281e-53 1.424867561457652390e-46 1.276601292841668834e-40 3.313474190100484324e-35 8.409423200690211449e-31 7.393246657070881808e-27 7.577865942689096568e-23 1.068371787455058247e-19 2.807367853072880840e-16 3.439464025658642834e-14 7.380036351457664742e-12 2.808306397122284231e-10 1.899143489114491817e-08 2.479871205611662834e-07 3.096827824552536392e-06 1.386743009007632707e-05 3.914290140282560373e-05 1.013446693442925816e-04 1.603813959675931002e-04 1.940846128581518891e-04 2.299598764698611373e-04 2.145245574467696879e-04 1.627677064854672368e-04 1.062074709440850883e-04 4.128380881544957003e-05 1.228619793713419948e-05 3.306132322422953757e-06 3.776171792080631614e-07 4.191245715390467730e-08 1.075219606825988312e-09 8.967877406575469105e-11 4.690850357258288691e-12 3.061596623487361987e-13 2.435227674976864008e-14 2.016244152149180384e-15 1.379144170725698934e-16 4.679724478665654531e-18 5.780831342142452034e-19 4.623053501000391619e-19 1.806512467443525736e-20 7.998331058747719946e-21 1.107507148066780530e-21 3.735312711045101442e-23 8.995613198662519888e-24 3.179597159705304645e-24 1.397469004652775157e-25 3.053908538993099268e-26 2.236697177335800558e-27 2.877605089689173182e-27 6.984692315487060282e-28 1.976327681459960368e-28 2.698296587175541540e-29 9.087640156098052136e-30 1.074553349098447479e-30 2.812761166978729181e-31 4.992281239128552252e-32
1.111449214755590999e-304 7.011203313935246383e-263 1.436588767691454857e-228 1.465791532449399650e-205 1.262144879008948957e-182 5.083870042138033296e-157 4.563756517546791883e-140 1.010968811501479493e-123 4.073526323424612288e-111 8.563375755113772184e-99 2.280485443392063579e-85 3.713529526706062465e-78 2.622232288260367296e-68 3.187995581686442789e-60 2.278290458639746270e-52 1.133283593908414987e-46 4.635718754226214766e-40 9.864695858121397494e-36 2.854178493741758309e-30 8.097438350816543786e-26 1.411077314601893376e-22 4.249862649674767697e-19 2.597597049148778244e-16 8.890923108079752213e-14 1.220819342375285464e-11 1.421768123806092962e-09 3.503122522042802938e-08 5.261990670039022185e-07 3.815260909619047354e-06 1.877783230574705828e-05 6.234405424614907463e-05 1.233094939918736059e-04 1.880325552047923832e-04 2.712023643876418149e-04 2.813031564362496965e-04 2.253285216260078854e-04 2.270745763619828135e-04 1.064375811793546122e-04 5.444563779803842757e-05 1.943050463259163939e-05 3.378215336711589256e-06 6.814914270335620772e-07 9.215341112309773655e-08 5.866916753620507957e-09 2.720161778417665126e-10 4.038019474473973204e-12 4.204068530867876523e-13 2.785478304152677050e-14 4.640196641923844550e-15 2.698030473010733494e-16 1.759544429093370267e-17 9.451910222266653628e-19 2.152234392069118785e-19 2.165090087502045143e-20 6.227853778742909124e-20 5.189338673827295110e-22 8.364768270814100198e-23 2.121105331593206376e-23 5.459527213529739289e-24 4.172045179507901492e-25 9.205931847524957830e-26 1.952190294221478520e-26 3.757324865114230093e-27 2.118808629393475083e-28 2.081690006769196086e-28 5.058797280151396226e-29 2.576210525117299138e-30 2.583228204294790006e-30 9.724651720734699367e-32 1.101165191144800028e-31
3.797087590512527391e-306 1.257255292006808475e-256 1.166890319235439856e-229 4.775441651660622793e-198 2.119690721569092573e-175 3.571510349864786780e-159 4.243883001790153530e-135 3.629030138409979951e-122 3.903423551908461489e-109 2.457340804605568367e-98 6.089348512115834758e-87 2.499982552674769560e-76 9.764853332279918306e-69 3.515267851266716983e-60 8.694395971704354113e-53 2.436613400929300358e-46 5.383706541898063037e-40 2.649090590477961332e-35 4.365587113960888886e-30 1.533497846610242725e-25 3.348160086153732324e-22 1.129930661092261814e-18 1.102845343736382499e-15 1.314245220770713223e-13 4.942556377502501559e-11 1.258022547939728169e-09 5.663201895523396124e-08 4.901123451079157784e-07 4.939968028054207346e-06 2.419849269441361935e-05 6.723710934402749170e-05 1.738618448614885029e-04 2.461086499548703968e-04 3.807367141447965840e-04 3.787182156259466244e-04 3.141563443183912415e-04 2.482093664944334289e-04 2.083022605469483815e-04 6.291013291994999553e-05 3.245911207015255800e-05 3.002375161967028973e-06 1.350097210251151876e-06 7.539591206885972281e-08 4.307770873224302726e-09 2.040545776713009672e-10 2.939015446527014677e-11 9.302127943981991336e-13 7.136918518379560865e-14 5.904465000693527449e-15 2.609223064248418359e-16 6.197818156300041428e-17 7.568973499350273060e-18 2.513602002518393797e-18 8.834760794651981325e-19 2.772375584990835825e-20 2.783448777021294134e-21 7.699274302481104748e-22 3.327032088541856972e-23 2.572631432675161784e-24 1.287988939934730690e-23 1.295000006977105630e-25 1.314940273489620051e-25 1.378174937863866216e-26 2.221451984257311641e-27 5.745864173097886426e-28 1.908017360777474448e-28 2.630121240505618363e-29 5.597691126644188007e-29 2.015917411554170293e-30 5.413033767120639448e-32
1.372783961674687197e-300 3.254075073713299597e-268 1.791021898158200687e-231 2.564140488421399099e-203 2.114662917117283686e-176 4.454677576285696641e-157 1.099396543913997286e-139 4.204018700374562190e-119 3.029887517100643011e-110 3.646685648607792242e-95 3.412676517269788838e-87 7.448538120318814947e-77 4.074255682482786187e-68 1.133406453375648333e-59 1.034693278280752246e-51 2.365093981882516286e-45 2.367843072683069319e-39 7.235729995401596549e-34 2.507937171637307768e-29 2.147824216367431280e-25 1.787536813412926562e-21 3.152770459399171212e-18 1.330182641249552489e-15 5.688037210541263241e-13 5.946263052115817877e-11 3.163356399301488379e-09 1.036148631589696193e-07 9.610924344799403827e-07 8.276065699361546306e-06 3.202428696274550767e-05 1.074781092588724470e-04 2.205284242529031806e-04 3.271628562785268532e-04 3.914344201140486043e-04 4.400746908134376377e-04 4.168110425154861990e-04 3.531229051572088275e-04 1.901658851154448382e-04 7.905568192728529124e-05 3.295491364234309951e-05 8.676687920998544788e-06 8.393442719274065590e-07 9.159969188970506798e-08 4.472974727171123669e-09 1.236245521541226952e-09 8.378973508819240507e-11 1.985434431388889487e-12 1.909254776430626487e-13 8.891345033665599688e-15 5.076959061920893203e-16 2.733206781876592692e-16 1.183028837239259307e-17 2.200860509682062749e-18 1.120892906735426202e-19 7.423459666513887315e-20 2.013385094241505259e-21 3.370768305135989822e-21 9.171593054726433825e-23 8.618580792341335865e-24 2.400565615315972738e-24 3.430406274625845338e-24 1.252826425811635643e-25 4.817879693867411217e-26 1.310427377118399705e-26 4.065183512388155826e-28 7.582112476590383429e-29 5.934903546007116611e-29 1.059888738951587999e-29 1.063052043966748734e-30 2.367385151702256219e-30
3.255437813761639977e-301 5.315224684057431917e-264 6.657612339676239345e-231 3.446498209005685491e-200 9.851665971723063916e-173 3.869802744439954351e-155 1.315064786501011469e-138 6.440720025911099340e-123 8.882816440502088050e-110 2.236725544364168815e-94 5.640943420846337367e-86 7.815985456549224006e-76 5.276817686820995174e-65 7.070889765550460914e-58 7.747186436721128126e-50 3.692394173123023538e-45 9.813654866827713959e-40 4.329871266892274416e-34 8.097946324516445976e-28 1.060878719090017568e-24 3.644574962992869603e-21 5.641153260244276923e-18 2.937885316494019876e-15 9.345940650588390806e-13 2.103354167482655506e-10 7.566941717501563971e-09 1.087909732284368772e-07 1.662763209826097722e-06 1.074387520484347711e-05 4.273536460547464700e-05 1.370381601382257032e-04 2.470956604080612093e-04 3.678206343650007267e-04 5.331759317597919252e-04 6.089326319851901632e-04 5.453995004643989947e-04 3.656483792905438983e-04 2.680546333769007780e-04 9.970979056188799747e-05 3.267218381470197292e-05 1.018248637435404054e-05 1.481223062906600660e-06 2.070573724343793786e-07 7.353869506222519725e-09 8.177361785479945047e-10 3.928719823761578534e-11 1.720183047746406794e-12 6.695742208112486172e-13 2.519325877002430925e-14 4.221691091359679054e-15 1.603718854717337791e-16 2.786867979564799915e-17 4.259512398043614918e-18 4.951176414212714503e-19 2.177982971267854914e-20 3.297970033841220574e-20 7.124432459900172263e-21 2.032598891448389835e-22 5.973316427184812591e-23 8.907068465604236022e-24 3.110295383924670440e-24 2.937397923679224189e-25 3.860478275126061269e-26 2.645698804403938313e-26 2.341336674375859419e-27 5.730322910256634109e-28 1.792914499246942971e-28 2.160450041663961763e-28 9.226368595592387144e-30 1.925662389298164729e-30
1.882451664280664431e-299 9.592397526329687791e-265 1.771235125836111687e-217 3.420388746294049646e-200 3.201362310288254142e-177 1.090034979136766115e-156 1.880179610127337892e-134 1.095669636413167754e-121 5.716203772014200283e-108 1.483184196722512166e-94 1.948413232620827883e-84 2.883322508951881044e-75 2.708021640384188491e-66 3.058104953726465272e-57 5.386295189397017690e-50 1.288033950595347117e-44 3.039687697608023766e-38 2.302272092288893513e-33 2.284059148454837449e-28 5.256465312701757551e-24 7.688124173333864597e-21 1.990503612061869763e-17 1.252172073092015037e-14 2.371113229338438947e-12 2.783907212749519958e-10 1.162175249882132086e-08 2.959840956817776257e-07 2.044458775774108633e-06 1.511919501709653724e-05 6.114524219378210401e-05 1.936000422987604311e-04 2.907179269016325028e-04 4.830524488784258938e-04 5.888348967898619822e-04 6.908626802022278628e-04 6.214663309279108228e-04 5.599397745273072737e-04 3.107720923775946268e-04 1.910687224804454183e-04 5.265283825343059328e-05 1.876716350533788879e-05 3.416604369899378843e-06 5.771328897244938867e-07 3.477198616395332263e-08 8.213998438102267397e-10 9.522686626751367780e-11 8.572102223146299827e-12 3.855390390847498576e-13 3.618902052630661596e-14 2.214887347490857565e-15 3.425025100982670675e-15 1.113446216119913158e-15 1.837528906152996611e-17 1.363179750140857760e-18 7.957324185534823272e-20 2.504009782113717953e-20 3.483848858648180768e-21 4.419557283280633197e-22 2.166779961184625453e-22 2.786065854207455443e-23 3.446514307584596256e-24 2.351761755653347292e-24 8.998348034592349585e-26 1.382228957201642178e-26 2.085388469565985443e-26 1.161642938681732629e-27 9.880266160768982485e-28 2.633382991852359356e-28 1.278899751096263453e-29 3.391332647874727975e-30
7.922225755770568857e-302 1.145448233104431809e-263 4.050702370208609761e-228 1.115036896367364812e-198 1.323721641669842325e-171 3.594009135118552223e-153 4.731501015096353717e-137 1.137654814295251621e-120 1.029210197191989051e-106 2.712447647199261589e-93 4.497284578605805846e-83 5.943435968159014274e-74 1.667272924299190432e-65 6.737573794296551600e-57 9.297962614352317837e-50 2.912106089943902206e-43 7.129195350187323597e-38 3.090160598629287228e-32 1.194079147672728186e-27 5.739721094192225420e-24 5.254234839668873265e-20 2.744855069911108167e-17 3.219060292627701510e-14 1.674135812676084638e-12 2.651020476412350572e-10 2.015255283943073192e-08 4.938820079674758448e-07 3.209108337829100807e-06 2.646304772836232264e-05 9.739958624040438630e-05 2.456079284656884553e-04 5.033281416906446124e-04 7.561982872096736051e-04 8.364699665883218102e-04 9.039914384391257562e-04 7.150097196697514836e-04 6.979646917554865795e-04 4.377349723947941413e-04 1.812677219168967973e-04 8.719752367518580124e-05 1.829983705009571222e-05 3.815993949730866976e-06 4.459684709635079427e-07 5.717181346608596129e-08 2.928683807629962603e-09 1.856588978791114621e-10 2.202607697994204071e-11 1.446849219911101867e-12 1.570120198361677458e-13 6.381870648150023738e-15 8.465106113320063429e-16 4.259064504498938830e-16 2.880885014537089686e-17 2.110279201817779884e-18 6.763471138902858503e-19 1.062589335392001072e-19 2.145960328442123487e-20 2.771620969818077152e-21 6.363802679284660842e-22 2.060348159450711624e-22 6.646817547541701179e-24 2.527275114515656063e-24 2.977908588129870310e-25 1.089707102962965338e-25 1.873074812028361742e-26 1.601230070757108189e-26 3.884759347660913837e-28 2.066109870158835501e-28 1.914805379269939854e-28 8.872464676651046140e-30
1.165573770879539703e-295 2.853512460840611316e-259 2.097880735359391332e-228 4.439072605819685043e-193 1.639352510632234388e-173 2.930130286740532232e-151 3.743802734375280016e-133 9.940973065025964224e-120 5.994373127881358926e-105 7.174519756541173507e-92 5.200188204501712602e-82 4.103870320731613597e-71 1.216010992974169667e-63 8.238576959038472159e-56 6.757903659032196173e-49 1.617866991822714493e-42 5.622315335486048509e-37 9.922728944332583622e-32 9.563537933712203004e-27 4.570326747741632040e-23 3.795182737508923463e-20 9.881691501805033037e-17 5.244821771331651061e-14 1.010093477084604940e-11 6.405368631366372583e-10 3.429812759131237493e-08 6.832112958039348261e-07 7.454521130804173656e-06 3.146010426508150684e-05 1.104267300750048756e-04 3.362181840377793181e-04 6.032573712608531704e-04 8.443500021177702654e-04 1.031150725652527208e-03 1.207996549320377840e-03 1.079241827255320984e-03 8.215509199560244377e-04 4.758208496960075187e-04 2.857268285554619060e-04 9.031118070286786733e-05 4.143909425983154901e-05 3.547727602457250727e-06 4.835055223858754164e-07 4.598650932362709488e-08 9.103089029869861603e-09 4.707401252442385262e-10 1.520708468572526879e-11 2.990559421384950722e-12 2.898576793084297040e-13 5.150170822951212263e-14 4.747552196150354052e-15 3.148876329779635918e-15 5.851983407799237043e-17 3.814379944282882953e-18 3.104659428204422660e-18 1.884699424517209379e-19 3.080035661400725705e-20 4.179924715411996528e-21 5.413266447854020138e-22 5.724492967045931504e-22 4.017934537247576740e-23 1.025034918883188813e-23 1.655775976354711300e-24 3.869288960361300177e-25 2.178927660483345439e-26 4.298831069441055328e-26 3.525445994951785591e-27 2.379681310703830141e-28 3.766225591647634929e-28 7.324406925279020005e-29
3.283853112980169536e-285 3.879393528655063971e-253 4.696155623633885891e-225 1.150802183508089095e-195 1.634568938083458017e-171 2.423904853637847436e-153 2.994987558970427219e-134 1.720188101056325161e-117 1.394582170748261850e-105 5.581756408220263056e-92 3.335589024202147691e-82 1.940362113236470063e-71 1.027272764579196648e-62 3.290429081641739449e-55 5.784808826936842966e-49 1.164356282848939141e-41 1.675285506015482184e-36 2.484217413534344969e-31 2.099962324601019093e-26 1.115975794939656221e-22 1.511661790062019699e-18 1.333251366987902681e-16 9.545973973648124233e-14 2.290389488119332425e-11 1.488473592044926128e-09 5.937598261473262886e-08 9.069128613809269305e-07 8.289441915583201133e-06 4.634631850875746791e-05 1.646894284189938384e-04 4.120670504384954047e-04 7.604715294925812677e-04 1.211144332260194554e-03 1.447138866732220223e-03 1.539554357514244607e-03 1.521433955270358679e-03 1.129889783907499267e-03 6.287174685345780969e-04 3.493835353023419890e-04 1.089399545117166775e-04 4.929367134538035344e-05 1.167066149606398318e-05 1.919196060240292111e-06 1.298065781031632099e-07 5.777878091546710160e-09 9.631784753536553913e-10 2.211205757486106395e-11 2.867438166088767008e-12 6.156282086572685994e-13 2.290237664870096562e-14 8.196897762272500742e-15 5.982995873179389441e-16 5.004021260199221278e-16 9.857022514663874795e-18 2.875535582409350780e-18 6.509585801184433870e-19 2.733147925130663239e-20 8.497236037641363819e-21 2.114757585037939412e-21 4.906525708729324378e-22 1.853226096776585378e-22 1.299225259426845633e-23 1.998484608678068496e-24 2.949918349189748649e-24 1.033465625566072154e-25 2.228089838937602338e-26 4.230297454734833757e-27 2.914818899555675809e-27 2.910377212787222058e-28 9.379766128840032498e-29
2.661085291678270105e-284 5.219630898341677303e-254 5.701800679665049944e-222 5.136415991965679185e-198 8.401042555110187962e-171 1.869413078152697371e-150 2.113609822889278900e-130 1.969150564182360377e-116 4.764138416047184835e-102 9.318432380098337041e-90 6.487687843825542159e-81 5.084690556511164764e-71 1.326447438533914355e-62 3.960034177265363728e-55 2.919856734668591243e-47 5.787060064049028384e-42 1.463564627628076709e-35 4.394913902092954377e-30 8.012578486868902507e-26 3.248944018370978671e-22 1.105895390192511137e-18 1.041596325035512817e-15 2.410596223496624469e-13 5.464403466100715591e-11 2.676144179516870101e-09 8.931498155225591273e-08 1.605433126152974793e-06 1.524033603201729203e-05 6.946407355969719017e-05 2.350842120458011527e-04 5.404258268015062509e-04 1.155941883825729573e-03 1.825897583788146667e-03 2.500924900174377602e-03 2.565827977009236226e-03 2.453542586000947816e-03 2.060926254676187942e-03 1.260130510385582469e-03 7.453126680868420693e-04 3.146216173260506384e-04 9.257855292563146237e-05 1.604140767862226297e-05 2.290387927954874702e-06 3.471529277794639759e-07 2.153086748531975616e-08 1.226470780974356687e-09 1.909185711144909287e-10 1.957752401199038754e-11 7.020786585295904218e-13 1.819712013014421148e-13 4.360923498652420659e-14 1.028882139887193873e-14 2.045634987620542641e-16 2.823975574950419570e-17 1.694704450619892588e-17 1.546113915133920404e-18 2.858697814206981331e-19 5.549139495153888577e-20 2.488251372163301452e-21 1.876404461846598299e-21 6.632229540058192019e-22 3.934289124650052594e-23 3.424048485054475463e-24 1.598737178320132418e-24 6.029719720511768300e-25 1.245322523918845177e-25 3.151046755471285685e-26 9.171074589772425935e-27 5.117132785554255850e-27 5.988226678346480624e-28
1.966807789842595856e-298 2.506786102330785942e-253 6.344458495635782494e-220 4.232799438913164508e-189 7.485034636665596513e-170 9.928906158094822040e-151 1.836703807248152422e-133 4.553153391617015998e-115 5.797091853838671200e-102 1.194406145012217367e-91 2.184179973041669666e-79 9.846012984818979969e-69 4.318726340452543315e-62 3.348515649579985996e-54 1.783754336355738630e-46 7.104739217076418153e-41 6.500804906965579530e-35 5.756317556900060303e-30 3.989675607911243191e-25 1.495615709136713217e-21 2.095665295490450615e-18 1.675267388194674642e-15 3.290074265401771371e-13 9.601512719614285665e-11 5.336519842729680516e-09 1.455529631240047280e-07 2.517469033300652904e-06 2.372688357725643481e-05 1.229415497352721431e-04 4.245435717791116786e-04 1.219396993641445577e-03 2.510633852474436923e-03 4.359560530080920301e-03 5.798217814318589597e-03 7.127632205040547106e-03 7.189354649167001635e-03 6.115453611043300021e-03 3.647180490234140909e-03 2.375635988544338040e-03 1.005746213827920068e-03 2.988398409404600790e-04 7.222559910603728900e-05 5.930165964526487073e-06 7.542778390301357360e-07 5.823020856574857135e-08 7.002570477764018941e-09 7.732630555947549966e-10 7.846558839331373207e-11 5.932876497191566379e-12 2.015464926578862004e-12 4.499107251423271558e-14 3.508430058980645540e-14 9.040074061115368310e-15 5.222315962395077716e-16 9.900048712722918283e-17 2.194112805334295902e-17 2.617109492229599238e-18 9.900253009624437610e-19 8.725660563120810619e-19 4.293134386593459217e-20 3.467388507981458006e-20 6.579670204217999801e-21 6.948005128583849898e-22 3.027937085798823301e-22 3.057034027495650421e-23 2.650113418383951229e-23 2.539638019709585581e-24 2.597615788504336813e-24 3.206844947384086652e-24 5.186112240002099361e-26
1.156858134328139292e-291 2.185526224590549818e-258 4.165042952721359132e-220 1.086081917807622088e-190 3.193622324620311768e-170 1.771343279502062301e-144 8.526904953729521552e-132 1.702260294596115877e-113 1.775547884890052243e-101 5.071324885540104895e-89 7.994614314508121250e-79 2.423123631369155910e-69 2.340369813487603112e-61 3.188131659628370028e-53 2.233398175933357401e-46 4.948222084864841354e-40 3.182030164923753046e-34 2.544902186179084293e-29 1.179770466818446547e-25 6.137636441458427706e-21 1.397480876762722532e-17 1.026937378703607995e-14 2.000214527461312469e-12 2.070885691704057204e-10 1.622136730506628579e-08 4.142148802589245999e-07 6.880254476764739926e-06 7.306728959727791777e-05 3.934787514910092891e-04 1.479924056994660593e-03 4.738100195853852531e-03 1.369068560235366626e-02 5.314233671867753944e-02 1.092832644015536425e-01 1.385377707098417732e-01 1.519096907810862096e-01 1.328216622046634598e-01 9.668611378088844133e-02 3.402848037321553470e-02 8.956178283643975030e-03 2.343205427018007006e-03 6.856909285475972947e-04 1.172110641360084071e-04 7.421617270469874994e-06 2.311602643155872676e-06 3.576511326201434792e-07 1.674426223028033776e-08 3.404825200328958809e-09 1.569330477898007625e-10 3.056479858595025326e-11 5.136239399988330605e-12 3.729802586528768186e-13 9.561572770240106201e-14 2.392829924323795104e-14 1.368726523832085722e-14 1.030693084828100136e-15 1.239436583678263804e-16 7.464743339987367306e-17 2.156516446916458532e-17 2.858894654212103246e-18 8.814424612985554800e-19 1.605930320894480981e-19 4.009269098721398691e-20 1.310168840061940827e-20 8.841605813955485684e-21 1.302148690735782558e-21 1.426627087242828688e-21 3.350973232196060199e-22 4.115703447000694686e-23 3.565380258555976371e-23
5.545746608196283846e-287 8.295661190278022168e-254 8.434446773716477750e-221 2.488944230828470588e-190 6.532353972580502956e-165 9.231373614104324010e-147 2.572293220907904823e-127 7.323808980104726693e-113 6.595584272818035245e-101 1.108852098045265521e-87 1.682791315036074373e-77 3.400047963235245511e-68 1.172595338023650728e-59 9.191344611137465264e-53 5.864306939737851853e-45 6.458322601143674725e-39 1.298302147220405256e-33 6.928767190004327307e-28 2.134043453067761015e-24 7.832821613372944335e-21 1.632388356559932577e-17 2.482580794070034812e-14 3.575251690771018587e-12 4.306189696806804906e-10 5.997334786837847385e-08 1.659446271504489196e-06 4.106635838193512699e-05 4.158139809038235643e-04 2.922134368567606832e-03 3.954750137187854064e-02 2.020239486180497035e-01 2.874438963290494864e-01 3.275940457752981039e-01 3.465554677542225237e-01 3.533689487670491070e-01 3.529940944205310904e-01 3.580201357977649268e-01 3.444496407441817176e-01 3.153301658489373605e-01 2.747606886670731496e-01 1.911299826534764434e-01 2.652988038765716552e-02 2.070425225414667704e-03 4.099175789567461908e-04 6.000185655692040731e-05 6.578503520262945975e-06 6.857071886359077426e-07 1.018929066222076666e-07 2.279981163032158435e-08 2.051137990527579881e-09 2.643694329879258155e-10 8.423497528915284692e-11 1.783276537860880394e-11 2.639882660804416845e-12 6.522946341922080185e-13 2.423891930354537595e-13 2.194945684855668005e-14 1.000735302134446969e-14 1.943274379722820035e-15 4.495995713906173428e-16 2.891942997027235723e-16 1.907807651619547165e-17 1.227853823668244712e-17 8.464310634238408719e-18 6.346164437368529965e-19 1.417138617714659587e-19 1.513806612444645571e-19 8.887302033876317483e-20 2.805679839477265117e-20 4.232798334136304736e-21
5.232355552796239134e-287 6.539980811323625821e-255 1.870832753805741205e-215 4.083100620156226800e-189 3.012001622088786384e-164 2.335878732972112406e-147 7.597731834780183065e-126 2.065797663943210946e-110 5.385479538245677917e-100 1.774568400083239381e-87 2.794376539218280810e-75 6.739512075008289473e-67 8.540972620768558638e-58 7.169898166443450999e-52 3.019532264944578975e-45 2.804999092420819011e-38 2.516647065591531282e-32 1.112565769169377461e-27 1.147525093990020932e-23 3.494983221198328278e-20 2.005976516760335512e-16 6.004353691701935810e-14 3.613272810973406453e-11 1.008438807926886941e-08 7.084236682190652241e-07 3.155560218732491961e-05 5.693302538831547868e-04 2.623630496022005473e-02 2.974873952952041267e-01 3.917560629866267408e-01 4.300454504180342696e-01 4.481597152751504720e-01 4.591322907652758412e-01 4.626543437256024904e-01 4.671612854114786106e-01 4.658326503681759490e-01 4.662518044314706289e-01 4.637704043637397300e-01 4.533065950219849483e-01 4.362582909796200448e-01 4.085350296738101128e-01 3.694512630241687523e-01 2.904091299357565714e-01 1.206136420328612902e-01 2.928754049789939525e-03 3.337208077058697675e-04 5.078618403044851150e-05 8.775373786238475633e-06 2.055265768670185975e-06 3.808480835274268294e-07 5.462286623725768306e-08 2.538247061457987526e-08 4.215722264818046792e-09 5.456381741262279504e-10 1.722200494727799356e-10 3.476136764051646232e-11 4.652573026943013700e-12 1.117208398337880451e-12 5.183715404381987699e-13 1.138635148964760654e-13 4.526479853578050775e-14 4.401343675482075240e-15 2.313208149791577733e-15 2.304799738752678723e-15 1.509430967325133182e-15 1.427274541916403698e-16 1.186254066267447883e-16 1.626282364831857628e-17 1.526069477997062525e-17 2.142013293337554798e-18
9.273320137114549992e-284 8.277825157523131016e-245 1.257270193179291813e-214 6.858305260390390932e-189 5.256021168017990732e-160 2.070653162434058565e-145 9.090906858022018342e-125 1.805098821956106527e-109 2.873746298310072344e-98 5.638228530004829857e-85 1.547349042206990163e-76 4.196512664709605461e-66 3.872107291749140950e-58 3.445135789731691989e-50 5.156132345934624884e-44 7.692408201048400209e-38 9.233683217902591838e-32 3.313339715767035117e-27 3.517970052380141454e-23 5.390327022152686244e-19 3.359091586305796359e-15 3.769524066023728622e-12 1.250286795516073976e-09 3.413771282717021377e-07 1.828849615425654312e-05 1.191821700481121050e-03 2.816574311031723732e-01 4.520233601663428136e-01 4.979312159764957557e-01 5.173560447023408670e-01 5.278156086102737676e-01 5.326474974684843877e-01 5.354029045479540283e-01 5.388511549568020254e-01 5.391127305739613629e-01 5.413165534647107480e-01 5.420141028817015982e-01 5.394908883317716120e-01 5.307205187474648422e-01 5.212286586193595195e-01 5.039554117425728563e-01 4.822976762311334542e-01 4.623930162896386364e-01 4.375799362498636880e-01 3.894096446161183778e-01 2.906175861591670517e-01 7.991194475294602362e-02 2.100853434963657288e-03 3.193211454909419540e-04 1.019057993517735825e-04 1.199095428382283271e-05 3.206631209979135735e-06 1.091353945927473501e-06 2.518301940823030827e-07 7.920056514724235037e-08 3.889825407677990720e-08 4.264561711196422843e-09 2.557172203411484389e-09 8.515231753879925311e-10 3.734426476589049226e-10 3.114439983253381032e-11 3.687645808742730734e-11 8.658167713093706405e-12 2.341779700901521423e-12 5.157464314795226860e-13 3.697263774308921292e-13 5.107911073355926083e-14 3.976376692035699054e-14 1.674649276605515588e-14 9.739508916965054652e-15
8.888843749778496196e-292 2.373153401438827766e-248 3.563138999070626783e-216 8.417256813630583080e-189 1.513600452389808157e-161 2.872343691693138216e-144 4.324175120644590839e-125 4.034331338516107449e-110 3.521179480279369487e-96 2.748602393581538463e-86 1.480855893914862261e-74 2.664872620899904736e-65 1.647307921428435431e-58 3.551855285906961444e-50 9.177914892429103964e-43 4.911356401097819008e-37 1.293758618187675493e-30 6.516696081738235331e-26 6.277534923083902695e-21 1.218007643398267754e-16 5.077328229983768159e-13 2.685150920120215235e-10 1.766380451514714619e-07 2.373585531714030725e-05 7.575673879586809420e-03 4.675912954084863737e-01 5.475369867750221609e-01 5.677723238785051807e-01 5.813748129611888693e-01 5.874331432645065743e-01 5.875317455068229666e-01 5.868432688625643268e-01 5.913715615997631181e-01 5.925991198548499206e-01 5.987006282252426148e-01 5.981554621352597190e-01 6.005938911704769012e-01 6.037496208844304046e-01 5.972982691328885263e-01 5.876714409273804396e-01 5.771252414850348567e-01 5.541536589424851389e-01 5.386499074438393375e-01 5.216347078623023714e-01 5.110540783778781959e-01 4.973698756237252550e-01 4.832127517675544048e-01 4.497457430700290693e-01 4.006023628167313388e-01 3.171083975654751530e-01 1.767640441803661200e-01 4.328839953616376093e-03 9.257344761251635979e-04 1.947484624565570842e-04 1.063728455390868438e-04 2.726793899379554155e-05 1.178006526423672567e-05 3.713994852759888819e-06 2.941459146066392086e-06 3.292473807213921652e-07 1.087621403340595735e-07 4.776168432467263186e-08 9.900337177224603499e-09 9.860121164576363363e-09 4.698404112071242610e-09 1.774848369864629106e-09 1.483500683071094372e-10 1.492019569277087810e-10 5.350210227264003644e-11 3.232746122703090648e-11
7.728442342888125597e-281 3.301558401958363636e-231 2.435628494658737999e-214 1.023861560074364243e-186 9.707633937627446873e-162 1.654126789449705495e-141 9.432078521510695847e-123 6.186100263719485448e-107 1.084421310070089250e-94 1.969479187917938168e-84 1.408815111314026279e-72 1.218483855454353544e-63 2.335450294625066252e-56 9.408579331690760836e-48 5.670390712829757026e-41 3.465316476520937975e-34 2.019193857793377269e-27 6.700723135335880237e-23 1.513406828735910117e-18 2.676643526630886815e-14 6.210550119354542583e-11 7.909512445580364343e-08 3.274531092693296926e-05 3.024711987200238150e-01 5.759639950223449656e-01 6.121660378744122610e-01 6.213631116420615941e-01 6.268272174972679966e-01 6.304463901736657716e-01 6.348190719417572403e-01 6.370980551656203472e-01 6.373344717325828412e-01 6.404518944119860224e-01 6.439363571141770715e-01 6.457084630206615383e-01 6.506942761507749085e-01 6.544394358403123890e-01 6.561541978436762346e-01 6.538339844480363094e-01 6.511717372134323556e-01 6.389012440600730924e-01 6.206377324892095038e-01 5.973521989382554187e-01 5.786972870292046434e-01 5.691898194530908839e-01 5.633004916048819366e-01 5.596692148678691359e-01 5.526180842185578479e-01 5.485658848026567780e-01 5.406369842879904519e-01 5.327221279458685954e-01 5.179271794172948251e-01 4.982600395112103953e-01 4.738779987823365514e-01 4.396675547655114480e-01 3.927725448534187258e-01 3.217057598360258952e-01 1.981298996276718849e-01 1.539121138085010158e-02 1.861282398168147235e-03 4.133771280093343978e-04 2.137478589308867548e-04 9.435593394868870443e-05 4.175572198263544262e-05 2.120794702668451524e-05 8.290594757648414961e-06 4.780739849504732376e-06 3.123230320689317839e-06 8.846318062257737081e-07 3.880119246511733959e-07
4.346588668883447404e-285 9.397086410810091673e-248 3.906113028296269866e-211 1.064801639016492161e-183 7.218618132291913569e-158 1.220079863485540828e-140 1.155202410429086967e-121 5.043069884353932781e-107 5.760521687437664440e-94 9.621523442736405931e-84 3.406202659597946877e-72 2.397804960354730429e-60 7.171910134321263304e-52 1.510103154358369406e-43 3.143025502383378444e-37 6.297542330750728420e-31 3.016914292614479285e-25 1.214710134701470724e-19 2.670461556924625096e-15 4.853880892954417913e-11 1.401280787770896393e-07 1.044775269018692859e-04 5.241399624184581718e-01 6.494585089118216636e-01 6.618264982006523134e-01 6.613211488069156152e-01 6.618630499031276093e-01 6.688097333790709031e-01 6.748808010541029745e-01 6.749744093027604253e-01 6.743895733880581611e-01 6.762516167886257756e-01 6.818543797777057991e-01 6.840807676408436899e-01 6.888008900348544516e-01 6.948216244206377734e-01 6.987974526351168336e-01 7.050790069334508248e-01 7.087645325890153947e-01 7.096934065034763428e-01 7.027878805903191584e-01 6.886456261001981938e-01 6.671357833832985973e-01 6.384927243809906949e-01 6.227750719097988608e-01 6.106019041489920696e-01 6.051038687308052388e-01 6.024316508155788119e-01 5.981025727827571359e-01 5.931732934925743050e-01 5.934360135531550062e-01 5.933121197938483471e-01 5.932468919696992637e-01 5.890603341101529056e-01 5.887281359963550953e-01 5.896794791190979046e-01 5.832336412895204880e-01 5.818535736549572679e-01 5.755552214198441652e-01 5.718047139080754127e-01 5.624858923696756108e-01 5.538848619826119979e-01 5.405805673515774457e-01 5.291684774836792338e-01 5.092205223908147227e-01 4.788211700427597584e-01 4.515686736548714664e-01 4.139466646520257864e-01 3.367395832188181948e-01 2.686702228184033037e-01
1.923143728021327105e-277 1.134264931467307029e-241 9.173121300573320797e-212 6.039348358418944513e-182 2.464895533514830417e-154 1.562315025374095004e-137 1.782947122212616112e-121 2.057093006742670993e-104 4.178275209698984164e-90 2.985742474788606577e-77 2.019399950096952195e-66 5.873813827708709576e-57 2.480175960482990322e-48 8.624622574188827920e-40 3.440415162498958311e-33 4.117174078928111887e-27 1.545435273399122040e-21 2.340270557154023910e-16 1.156536503312212761e-11 2.409417159738047285e-07 5.392255613305083897e-04 6.557055294541095369e-01 7.021454604504695496e-01 7.027281311128464880e-01 6.953557731392256969e-01 6.912189264860090221e-01 6.965787850478987187e-01 7.059966619338955418e-01 7.099979191305497705e-01 7.095986902730003765e-01 7.098657354226539651e-01 7.083653748296495634e-01 7.137784235999727889e-01 7.203065490944078331e-01 7.243928130808211518e-01 7.330460408159021890e-01 7.398341236346068772e-01 7.462865151278368359e-01 7.538796645014298470e-01 7.593392296732882629e-01 7.607263060384820141e-01 7.552061790582489387e-01 7.417471049600997679e-01 7.148599633003639431e-01 6.957962754540206740e-01 6.768351908703535980e-01 6.616805970757746458e-01 6.551729941879599339e-01 6.465367950459639523e-01 6.412560923430987714e-01 6.380519684244223555e-01 6.357933932265417143e-01 6.332399126404225642e-01 6.305392597603667326e-01 6.297827461875272759e-01 6.307062086979279281e-01 6.341855984817144076e-01 6.336022261793350374e-01 6.312390474293031462e-01 6.337150697328182147e-01 6.349245878822450395e-01 6.355757956154727273e-01 6.385250076028381461e-01 6.385378644695672845e-01 6.366548968625582727e-01 6.382508282816461431e-01 6.363359292096156805e-01 6.357354570970119578e-01 6.390963082951883756e-01 6.369388574025812710e-01
2.099064112609069884e-283 1.524448103719821094e-241 1.931674116314815198e-208 5.572505086814981493e-180 1.009463112199046609e-152 5.780921345796718337e-134 5.319429049936486566e-115 4.764250832649797548e-100 7.303743043222797948e-84 3.264762227935159859e-72 1.164019272032167068e-62 1.071050874620401382e-51 4.144948066722299319e-44 1.214980269701283746e-36 1.871318966993609323e-29 1.347785991572971371e-22 1.554549976818564537e-16 1.036214488151767442e-11 4.006144699200201323e-07 2.916757355864402212e-01 7.329126476383618360e-01 7.449537472275029604e-01 7.347564424258019589e-01 7.263771867140856875e-01 7.204194355641392322e-01 7.227601221568787926e-01 7.310163252427688274e-01 7.381786700156570680e-01 7.399782694467029742e-01 7.383434701581161885e-01 7.385525189225280451e-01 7.393761196865817897e-01 7.441993200533242314e-01 7.501157141635449443e-01 7.559831683645464873e-01 7.625731581468053744e-01 7.713134229647387041e-01 7.795087289166053868e-01 7.878861998068839023e-01 7.971452493392022776e-01 8.053465213234336506e-01 8.117428054613287092e-01 8.066593206163562568e-01 7.961183435451351098e-01 7.772153190910758846e-01 7.617081788778718998e-01 7.449902727946634551e-01 7.307734740830205133e-01 7.278383990065372400e-01 7.177969467386744462e-01 7.120683993401619727e-01 7.002611526822231092e-01 6.918666847393432073e-01 6.898750480368823768e-01 6.893336293357946731e-01 6.842540255985316566e-01 6.804529788393168799e-01 6.801988330038224451e-01 6.767394724911585113e-01 6.748835383261299059e-01 6.784175004940263820e-01 6.738076648024219351e-01 6.755417052229327757e-01 6.764611778618471183e-01 6.754667022217969441e-01 6.780421230112495534e-01 6.790877366386799396e-01 6.790705041707052469e-01 6.776688583013701361e-01 6.817320761373317772e-01
5.826773122034254388e-273 1.488473728681530037e-238 4.113668773441857395e-206 5.018467974856851355e-175 1.053923157197582667e-150 5.953148549255730448e-128 2.267299272004168907e-109 5.728423338673634565e-94 8.426261971831343065e-80 7.286093253593476360e-68 1.565873012891480790e-57 6.594842781624620837e-47 1.660509516691406561e-38 1.236991524095316367e-31 9.347933872343707176e-24 9.871158240722591568e-18 1.248618669223449409e-11 2.591433169169902758e-06 6.658010996590170150e-01 7.858917121905441006e-01 7.775348664966729162e-01 7.634288407145426447e-01 7.562077098851880397e-01 7.482213182154423547e-01 7.459933593366228077e-01 7.537186038922585318e-01 7.659137108201479194e-01 7.689112739231599436e-01 7.689549204508826508e-01 7.644722380159405528e-01 7.660692374254899351e-01 7.666907518253845977e-01 7.708204968992217188e-01 7.775518322192059850e-01 7.838428900105970376e-01 7.899204883263319932e-01 7.957429990186523083e-01 8.061641556931831154e-01 8.156669873923395597e-01 8.258750087403975426e-01 8.378122636812254109e-01 8.473175106467770723e-01 8.529598882016184991e-01 8.534042861542349145e-01 8.463200157964979597e-01 8.389127942954437422e-01 8.299364189290964200e-01 8.192167873389880617e-01 8.203389786224595248e-01 8.101464963375972772e-01 8.015924001267747956e-01 7.995824227797605488e-01 7.953712970666549920e-01 7.858921456806856609e-01 7.790274432876095334e-01 7.805896938222586234e-01 7.693187630557537515e-01 7.677929934040335080e-01 7.634870636327273363e-01 7.639896603785092388e-01 7.522683472343124622e-01 7.510930693127059188e-01 7.503941472895431231e-01 7.432322879582078379e-01 7.475434293203737646e-01 7.465537735512191020e-01 7.468326382274920183e-01 7.423149332386368426e-01 7.396783678563637610e-01 7.417749113717353460e-01
3.531313437841645745e-269 1.200618481493728642e-230 1.460090599315973017e-199 3.880048591855125605e-168 2.734678480290917769e-141 3.739271314681888869e-121 8.223248659006800742e-103 1.190691280847631733e-86 1.758081600566084261e-73 8.039651952905447850e-61 4.698279381150150409e-51 1.234432015590918901e-41 1.321930744662443850e-31 8.292620085214011136e-25 4.138603911083829692e-18 7.506590963390163203e-11 7.997146145733364565e-06 7.963747575997424111e-01 8.241988116029990152e-01 8.086542441455036867e-01 7.935136594409570865e-01 7.829377386978819686e-01 7.772741209076396984e-01 7.688351119927825383e-01 7.757118328479192249e-01 7.865130296661789755e-01 7.915826294466838942e-01 7.941399014512139365e-01 7.937160965485615671e-01 7.892007542526788821e-01 7.897202178647502180e-01 7.890684708866552155e-01 7.936532032754475274e-01 7.987057635693606272e-01 8.047150678277432689e-01 8.114123358836400346e-01 8.190811225144067897e-01 8.272250092825287338e-01 8.364774726390045156e-01 8.457842416851626410e-01 8.573537721016034618e-01 8.677617687147828329e-01 8.773958582305599885e-01 8.843762951014165763e-01 8.883741442203667571e-01 8.881701510151237544e-01 8.882074949641223238e-01 8.834461356908863694e-01 8.805812071727628920e-01 8.807163226314863591e-01 8.805652648121258252e-01 8.752197292892720526e-01 8.756983599753307423e-01 8.755968871776912410e-01 8.724465270947749929e-01 8.688768191310927147e-01 8.651393922165050432e-01 8.668841061792975644e-01 8.615760068222176882e-01 8.566835818159256322e-01 8.609684847176456435e-01 8.486819323601976217e-01 8.507091305146331495e-01 8.449429554280695198e-01 8.463943516503112940e-01 8.437651949437331433e-01 8.415293210792786915e-01 8.423929098029984130e-01 8.409579159006322913e-01 8.372276842499053462e-01
4.348930049682965413e-257 1.658110331867329188e-225 3.854462748156202665e-190 2.244405101728859123e-159 5.734024315695176285e-135 2.131874845312201959e-115 1.211843704148952967e-97 8.371299668840255031e-82 1.371170788179972514e-66 4.566588317938546657e-55 3.548212758626047564e-44 2.667689687299174411e-35 2.152316352272092791e-25 1.009567084709826741e-17 4.502320682241494385e-10 7.382776577409829550e-04 8.620301283423327243e-01 8.520836013542610887e-01 8.341917025907117367e-01 8.180220561524030876e-01 8.076502848174546001e-01 8.034402666587832087e-01 7.940183699271472495e-01 7.940604107856682470e-01 8.019789056438618724e-01 8.121835905400668354e-01 8.184550046209362328e-01 8.174215340671761032e-01 8.139716975400587140e-01 8.089606206777346653e-01 8.080558276460595435e-01 8.095879083625866501e-01 8.131507042578737243e-01 8.186685422047010885e-01 8.247263479955009302e-01 8.310377574948376589e-01 8.368715796422451225e-01 8.433938584682670880e-01 8.502806356194337889e-01 8.610795899214930271e-01 8.718485960794186695e-01 8.807611151609970879e-01 8.897347983695571561e-01 8.977658763516489504e-01 9.054640917798288946e-01 9.109286958783254784e-01 9.141669165620659454e-01 9.165659030369981419e-01 9.167730884411982029e-01 9.176960913594039981e-01 9.174011398815232754e-01 9.171010928518920080e-01 9.205880137769096860e-01 9.224011105337242000e-01 9.220355990463305895e-01 9.230380120546142209e-01 9.229695563850018880e-01 9.226110195775636402e-01 9.242934370668008937e-01 9.241595751512450274e-01 9.256312218129161273e-01 9.209002245693331812e-01 9.226064331845880151e-01 9.217535408856740720e-01 9.208835953212526348e-01 9.195823264586235890e-01 9.212754049980874660e-01 9.205445483381182736e-01 9.180188693034908587e-01 9.148151572451703739e-01
5.814102724285055662e-249 1.265330195655189817e-214 6.362209043104018999e-183 1.520215783005346586e-156 1.960312663783672572e-131 1.154852257047655447e-105 1.378336848400053206e-88 1.740893088207110269e-72 6.563085364101435834e-60 5.840219989248412183e-47 1.280607592024039828e-35 7.961952759235823435e-26 1.514257459519497850e-17 1.282363587273557706e-08 8.268556510366558143e-01 8.975279984570880831e-01 8.789097391413116522e-01 8.595844557825721433e-01 8.437856538758531366e-01 8.320688626624092032e-01 8.281206756079333431e-01 8.188170048616287833e-01 8.131065180248430169e-01 8.201224007174462427e-01 8.302182810262354051e-01 8.364805151181755605e-01 8.397339402142770526e-01 8.361290639530355451e-01 8.321240685194625231e-01 8.275334159599170292e-01 8.269137388764629115e-01 8.281448179166743806e-01 8.318708541242718635e-01 8.355775490035595165e-01 8.414216008159971505e-01 8.455857404257046683e-01 8.504056600663421062e-01 8.580644023301737811e-01 8.654956861393584555e-01 8.731316962206063792e-01 8.823727342380351946e-01 8.913554757463378886e-01 8.978707876698520662e-01 9.046250717181847367e-01 9.112740650054477198e-01 9.189753293971832937e-01 9.242302311728874953e-01 9.281734089914475128e-01 9.307508438910682136e-01 9.329989554355591075e-01 9.344901063774067040e-01 9.359777679866184696e-01 9.372353142670099002e-01 9.392004260675420602e-01 9.409751126026061341e-01 9.429065929289859316e-01 9.448928834196377302e-01 9.459270694068698804e-01 9.480597597013712408e-01 9.502513467585482765e-01 9.513919406711099924e-01 9.536043486002060421e-01 9.545433842562920379e-01 9.537428173830514444e-01 9.537713567734774633e-01 9.564466858330962218e-01 9.552594262075262410e-01 9.560129913526566048e-01 9.570351489572509474e-01 9.570728703425033235e-01
2.433012863854603418e-249 4.390860348800524291e-208 1.183909213346533631e-170 1.854339227476036772e-146 4.098008666479242678e-118 5.383214118076787808e-97 1.341785744557235897e-76 2.264434423519515064e-63 3.483033867612612438e-49 3.695169102004993589e-36 1.125213811410879207e-25 2.372116678760281997e-15 6.513015435686087715e-07 9.267895464383104631e-01 9.230350805145202120e-01 9.018317010821619295e-01 8.826117468291735380e-01 8.670923518774322769e-01 8.571708698877951171e-01 8.540851601233746537e-01 8.444121412125109583e-01 8.336553166295844752e-01 8.365747393671819632e-01 8.460165965477945971e-01 8.537530897656969708e-01 8.576077200513901877e-01 8.588060736304979903e-01 8.545454448775606782e-01 8.474900519713591818e-01 8.437113523764827594e-01 8.427618699421003390e-01 8.440181132908761708e-01 8.470037670709974487e-01 8.505442215383960392e-01 8.554822114154700952e-01 8.599254897699999400e-01 8.661518388953010072e-01 8.697793103819294602e-01 8.764119063618465155e-01 8.842646296010013840e-01 8.913931547676640088e-01 8.998623503086065067e-01 9.063051781113494743e-01 9.108948370912159920e-01 9.157968144233034069e-01 9.227460889667055133e-01 9.278391330064658105e-01 9.322670439491737016e-01 9.361261355448468047e-01 9.391166316235143308e-01 9.411086430263418956e-01 9.436885175023100869e-01 9.456442122845105658e-01 9.467512762984564567e-01 9.483400587642578650e-01 9.499802479575835124e-01 9.512546516821845932e-01 9.527927203208458318e-01 9.549300292319388150e-01 9.565622663929089775e-01 9.578379529879640364e-01 9.594585965986355269e-01 9.612000942537365367e-01 9.621122861405531079e-01 9.628969988657123391e-01 9.652179111084184804e-01 9.665512994775498079e-01 9.676148781980947744e-01 9.681947142868105871e-01 9.691131971065896078e-01
1.514679659631580709e-238 1.673365711271000505e-193 5.267362014916160006e-160 1.376861341483989001e-131 1.960905430429906702e-107 5.482898904464128676e-85 3.351063295409523312e-66 9.995259944254890320e-52 2.671427705829127308e-36 2.939191294161411411e-24 1.173447349936616577e-12 6.049255413709780926e-01 9.557087690262954238e-01 9.394541095862335434e-01 9.191500890959491965e-01 9.020925883397632461e-01 8.891770430363233890e-01 8.779720230521099733e-01 8.747798953352097229e-01 8.684233410566195577e-01 8.568282415468744251e-01 8.536871968849503167e-01 8.606232559242674718e-01 8.674719147813826359e-01 8.733730865409647937e-01 8.756226890567203602e-01 8.748269717877054097e-01 8.671092343159132465e-01 8.612899525678894275e-01 8.585335086650515146e-01 8.576852154450805843e-01 8.592573705471746592e-01 8.633594045704093833e-01 8.651269790038342844e-01 8.686814195984352560e-01 8.737316048771480714e-01 8.768471973449335488e-01 8.812759500059588191e-01 8.858427722640591639e-01 8.930634200097784525e-01 8.994076783733592206e-01 9.079159350567344022e-01 9.135119296213732865e-01 9.177764660946572395e-01 9.210704238930110810e-01 9.255752570804904877e-01 9.299255699655366580e-01 9.347600462950959033e-01 9.381813285849837092e-01 9.420654489631211659e-01 9.447099921613131279e-01 9.467463691092510292e-01 9.490709084862622991e-01 9.504584924802050860e-01 9.523235614223155565e-01 9.536985597400401415e-01 9.553810559137679848e-01 9.565670543959364780e-01 9.576906326711593920e-01 9.588930066621451642e-01 9.599461668104696255e-01 9.613731004170585903e-01 9.625282067128352326e-01 9.636072646789533014e-01 9.648631522891146783e-01 9.661185999156927107e-01 9.672412639461041017e-01 9.686467916498657793e-01 9.691990316955911844e-01 9.706831854879219845e-01
9.009934292856177178e-223 4.661697308204213555e-180 4.755239357885512933e-148 6.065915384238234891e-116 1.875264687355890520e-92 8.294212905719625664e-71 1.953371332738440040e-52 4.695423123360732046e-37 1.479867867465471919e-21 1.888925025085686065e-09 9.724184105922627497e-01 9.685170447512040370e-01 9.531145834397918293e-01 9.343551595100350049e-01 9.200374901487998747e-01 9.084840496483549410e-01 8.981458619567718182e-01 8.936492691731440230e-01 8.913779371069558977e-01 8.772092839932438268e-01 8.715602947138776369e-01 8.748320536500795441e-01 8.807637818658342610e-01 8.866542540695905306e-01 8.913298238295208620e-01 8.910318940572806712e-01 8.858208170651254987e-01 8.801886624062210673e-01 8.748762819108280020e-01 8.722570808640101037e-01 8.721633579285285043e-01 8.736582793062021013e-01 8.756581027190091238e-01 8.773279229034225413e-01 8.813683599997104157e-01 8.846113208855169718e-01 8.882917863240055167e-01 8.910762394844990997e-01 8.956767115433275084e-01 9.012597305357501476e-01 9.074742998515660242e-01 9.141869642670918950e-01 9.205906181277673239e-01 9.247365748822587994e-01 9.271207941342556325e-01 9.299338138564116063e-01 9.332579503901202722e-01 9.362179360349121016e-01 9.408635936380771447e-01 9.437165131847639055e-01 9.466861344104583464e-01 9.491579347411093215e-01 9.512664703492250684e-01 9.528747037295296485e-01 9.547205625869856771e-01 9.557134994265674699e-01 9.572009013322357873e-01 9.586155076422233634e-01 9.596541035287211585e-01 9.611171945646675985e-01 9.620768174736501477e-01 9.631184860279671245e-01 9.643556501799458447e-01 9.651945873059767367e-01 9.660171893657418796e-01 9.669665500567369287e-01 9.674649817453425671e-01 9.686092958182428436e-01 9.691811830504529768e-01 9.700683310024807993e-01
1.220913527505980134e-207 1.731384969434361761e-166 3.114877803072088898e-131 2.796072064969253163e-100 2.994879041412882553e-75 1.815132961891000938e-52 6.812182236079906641e-34 2.930490727535936389e-18 9.190255551521553379e-02 9.862481130375464478e-01 9.768834411679290231e-01 9.617058004875144173e-01 9.476017881104339402e-01 9.352333543693375217e-01 9.254609235865789429e-01 9.161493623405542186e-01 9.099976500848478977e-01 9.088380890858824834e-01 8.981703229062388827e-01 8.882726550369981489e-01 8.884537102404442832e-01 8.943890332872058702e-01 8.991964420294776827e-01 9.037183820535887868e-01 9.055919018906180007e-01 9.023342607004148919e-01 8.971970389449513972e-01 8.918073560502350894e-01 8.856100849914149142e-01 8.844684855399808088e-01 8.847942655532368139e-01 8.863615437021026278e-01 8.875804795880244402e-01 8.903851201541957971e-01 8.924338739321664438e-01 8.963951032320218726e-01 8.983137014106780116e-01 9.020284032180125866e-01 9.051941015001213620e-01 9.094169619137462135e-01 9.145212252819758803e-01 9.205887724091823543e-01 9.265265689486139600e-01 9.308391276164036388e-01 9.339196368280135996e-01 9.358337125876365903e-01 9.372403004443841112e-01 9.398049710399517531e-01 9.427729904722922383e-01 9.458994942019005592e-01 9.487608834535797842e-01 9.513635727506613016e-01 9.533383659040753910e-01 9.552074696242388585e-01 9.564332777178630174e-01 9.579751643361087421e-01 9.590104596157464911e-01 9.602303396092037868e-01 9.610055677656217377e-01 9.621687510298196910e-01 9.633935917356019063e-01 9.644242897078406651e-01 9.655746700968704799e-01 9.665189140147173452e-01 9.678392934462310970e-01 9.683837167649751443e-01 9.692536642025086913e-01 9.697605181506028238e-01 9.704897769049315448e-01 9.712149954427188314e-01
4.777643661354971134e-186 1.580583777622314772e-144 4.668923296724365676e-109 9.342379555775814601e-79 2.296218116622982642e-53 3.068223672602219598e-31 1.932040441304783800e-12 9.943622967030103510e-01 9.908169134431479286e-01 9.813634714279902971e-01 9.700691240860866982e-01 9.595786861455534167e-01 9.483933626281054741e-01 9.397830871603471969e-01 9.325974567708894547e-01 9.254053856478887674e-01 9.256505148890135093e-01 9.185616085176880885e-01 9.068866539142640404e-01 9.040330580176118014e-01 9.080063799343742748e-01 9.127014066692958894e-01 9.146568263381746888e-01 9.168413007961984107e-01 9.162663531987910170e-01 9.135567161604754016e-01 9.067951029778045235e-01 9.013408778140230559e-01 8.979235446553044397e-01 8.961629260285346454e-01 8.968920054809442766e-01 8.981155086997543169e-01 8.993722364118851287e-01 9.017471539486827670e-01 9.035728902927768758e-01 9.064833241733203373e-01 9.086531794255129357e-01 9.116562660193738843e-01 9.144035118565957410e-01 9.178153111056581714e-01 9.204047110455635394e-01 9.266251256072511877e-01 9.326518841317050779e-01 9.367724269709408746e-01 9.400235679650978948e-01 9.418379381197604650e-01 9.430968136235501342e-01 9.437510870754646231e-01 9.461109060292609563e-01 9.484799953366636061e-01 9.506318117984007277e-01 9.527692995791839925e-01 9.547051594745664671e-01 9.569360206249821754e-01 9.590178568942522297e-01 9.598735941334309851e-01 9.613952068454062472e-01 9.623668998377720163e-01 9.633152758476287714e-01 9.638140478212889883e-01 9.647360651977729962e-01 9.655395711914195322e-01 9.665744762814336699e-01 9.670819014566801597e-01 9.679847241619535803e-01 9.690375834552669154e-01 9.698194935101306369e-01 9.707518565156889601e-01 9.714944748400808905e-01 9.722326934706434498e-01
7.050824771606135194e-159 9.009594097035892435e-117 5.655759011998702190e-83 6.879635673891488455e-52 5.187704669110210953e-27 2.042708293134594315e-05 9.978119279015786880e-01 9.931377639267742197e-01 9.862090424046725534e-01 9.775490411069178709e-01 9.691539115737245469e-01 9.611736304231816019e-01 9.534829764776879824e-01 9.482726220906999570e-01 9.410913322721289331e-01 9.386369049536413822e-01 9.355364417155822565e-01 9.247673579789488230e-01 9.187897389004807680e-01 9.194256853289497489e-01 9.222064978938393498e-01 9.260391045935106868e-01 9.282967304783734663e-01 9.294144606646174145e-01 9.269793665367220825e-01 9.218300824295009299e-01 9.163506357261657076e-01 9.102767507411090309e-01 9.081754425053730762e-01 9.065587523364315725e-01 9.079640538151916296e-01 9.087141942358475388e-01 9.100166557451413452e-01 9.122622463759419986e-01 9.140649809723984109e-01 9.161191136762891762e-01 9.188408596285994046e-01 9.205001035815659760e-01 9.226744932989996428e-01 9.255172279552787984e-01 9.288143768002393719e-01 9.324792531338497170e-01 9.376089436865403526e-01 9.423812409688741010e-01 9.452189466653413419e-01 9.476004503658366218e-01 9.485288811017107413e-01 9.496704434507877712e-01 9.508631427681644155e-01 9.518236290192192417e-01 9.537302508218103991e-01 9.556342394948200702e-01 9.570928661471962418e-01 9.588871515439012505e-01 9.606220187145356748e-01 9.627166344549444865e-01 9.638913068348016200e-01 9.646433806664748145e-01 9.658525172886168741e-01 9.667036642302658800e-01 9.667760310861767126e-01 9.677441350226048122e-01 9.683164664350575324e-01 9.687854110821577658e-01 9.695280491442537230e-01 9.699378637423752281e-01 9.710906552927648372e-01 9.714774135001936761e-01 9.720055559538780532e-01 9.728922524790675208e-01
1.647448644412387179e-130 1.607009122946643248e-88 7.476371260178708757e-51 1.247525602950128712e-18 9.995703971859826176e-01 9.988518772176463445e-01 9.957235949612229797e-01 9.900111184350329774e-01 9.837925667295691623e-01 9.771334247362898351e-01 9.707947952212884202e-01 9.648343191190544843e-01 9.604059110934713983e-01 9.536490803982412556e-01 9.504697315803971591e-01 9.492368050284603065e-01 9.423675352538363192e-01 9.328125258390147501e-01 9.300819235368251725e-01 9.345355755726376668e-01 9.366211128035580868e-01 9.389003695296017638e-01 9.381242457652876343e-01 9.383459761764246787e-01 9.358540529812328090e-01 9.306491122710751629e-01 9.246156616235884362e-01 9.213417793343701145e-01 9.187381788802801985e-01 9.182763178602212362e-01 9.181341642516585022e-01 9.196098687756857348e-01 9.205601824689918500e-01 9.226381916324535304e-01 9.241480278168687779e-01 9.250944500327576980e-01 9.273419141997766291e-01 9.292569152095023766e-01 9.313503594001970587e-01 9.334916865025484345e-01 9.355228106734549964e-01 9.393561367333419510e-01 9.440940798437068571e-01 9.475393878204262377e-01 9.503309603084669765e-01 9.522799394385473848e-01 9.538579729325250556e-01 9.550426027191868394e-01 9.558959674929186079e-01 9.574476174905547365e-01 9.574228058470376501e-01 9.585313953067661208e-01 9.601170956115351318e-01 9.615392055076031896e-01 9.624983914431434195e-01 9.641635648213530141e-01 9.656221398489980290e-01 9.670798677572340907e-01 9.682245322368280283e-01 9.687381537157150335e-01 9.694609339304031126e-01 9.702638610211061776e-01 9.707617947904331190e-01 9.713316794197098814e-01 9.716754104816912596e-01 9.723269482326274415e-01 9.725142288524450951e-01 9.728701468287975773e-01 9.733307167992650832e-01 9.738763262793125319e-01
4.739385802104175338e-87 1.633937025594505870e-45 2.798148614878408516e-10 9.999440092603867347e-01 9.993864163211988449e-01 9.975433534528050927e-01 9.939427887967854369e-01 9.895763701403281765e-01 9.847909778388960200e-01 9.797592643776721344e-01 9.742099862968555124e-01 9.706692262111082936e-01 9.663826514834610304e-01 9.615329914192896066e-01 9.605983591245463860e-01 9.567814907553719994e-01 9.485305251336426657e-01 9.435516435948111402e-01 9.444506778431884797e-01 9.461583491936772505e-01 9.475571878276946025e-01 9.499402780682637548e-01 9.497144370694430293e-01 9.468284916381435323e-01 9.439040517068778557e-01 9.382714895979198388e-01 9.347676262732326213e-01 9.301751576890907591e-01 9.295798487481240491e-01 9.296871296260919015e-01 9.292674550811043099e-01 9.301453856746231263e-01 9.309810252119627982e-01 9.320230528429691574e-01 9.330625941058302564e-01 9.350270798722356558e-01 9.362883105159095498e-01 9.389137738039518011e-01 9.400582613998615944e-01 9.412535563278916495e-01 9.435588715307340335e-01 9.461394683074293432e-01 9.487930279839398295e-01 9.522971950020296950e-01 9.560175826275456590e-01 9.583110387733684288e-01 9.593737065651454232e-01 9.603850464758570959e-01 9.617390412654962528e-01 9.620562185783091413e-01 9.626919315944271194e-01 9.629781682520184294e-01 9.637629150340979445e-01 9.649535872057231067e-01 9.656003503113909092e-01 9.671241617979303706e-01 9.681773259068683357e-01 9.694426052115134862e-01 9.707808336057945908e-01 9.711828620586026029e-01 9.720422738907318339e-01 9.733137740990658315e-01 9.736272144085602598e-01 9.740590970966654938e-01 9.743838064657324161e-01 9.747435141951024118e-01 9.752993915047207807e-01 9.754295599169602315e-01 9.760060144325284348e-01 9.763316011449514331e-01
3.220927195860433648e-39 9.999288229486551494e-01 9.999919146913147650e-01 9.998298195549099043e-01 9.990105041876153891e-01 9.971208466637985213e-01 9.944347271565103785e-01 9.910924951993900223e-01 9.877839824057386142e-01 9.836418123192465224e-01 9.790579575698490356e-01 9.771076970749538182e-01 9.720904285851891258e-01 9.699763767113294133e-01 9.683864415831150430e-01 9.637806155175536738e-01 9.565810364481543981e-01 9.550217294194407458e-01 9.570671572951913175e-01 9.576830223024113131e-01 9.593167307662647803e-01 9.590951126892797163e-01 9.583563533264719547e-01 9.565114242578012238e-01 9.519677556387040607e-01 9.464300036371150471e-01 9.444265699741191122e-01 9.402980149238795438e-01 9.394856074480246733e-01 9.407950437109315889e-01 9.408663250015710799e-01 9.404903712016077222e-01 9.412713229229963119e-01 9.425933837460870324e-01 9.433439269695599316e-01 9.442741997745072169e-01 9.463825422966088974e-01 9.482088991228910801e-01 9.493176181490490251e-01 9.510785872328687551e-01 9.503657143783158512e-01 9.530585219682541354e-01 9.549481110473623247e-01 9.591614727317206990e-01 9.618715714687036122e-01 9.642245331020663501e-01 9.653512027837749532e-01 9.665024289306167748e-01 9.671032753631144674e-01 9.682073779079034548e-01 9.682207249309382480e-01 9.681678714778237937e-01 9.694410614394886050e-01 9.697420905770419708e-01 9.704091645226199381e-01 9.713564294347810657e-01 9.720643668917006153e-01 9.725964061122743809e-01 9.739458193070968939e-01 9.747125699178401659e-01 9.750132022241020380e-01 9.761798629533902094e-01 9.769724990353001459e-01 9.777650004849673948e-01 9.776312791657847390e-01 9.780165027136468181e-01 9.783396996122378786e-01 9.787244332342843744e-01 9.789597846066911968e-01 9.793011047088915344e-01
9.999997079618533347e-01 9.999997239172313535e-01 9.999826917388309200e-01 9.997888200445008700e-01 9.991548253592794637e-01 9.978932493693972727e-01 9.958906805119370764e-01 9.935635539420316631e-01 9.907270871533074841e-01 9.881175188740420889e-01 9.861139645548607779e-01 9.829285283033872833e-01 9.800147106362230298e-01 9.796601729898559707e-01 9.774451094879857971e-01 9.705028197157944403e-01 9.670401422000363123e-01 9.674597713697876689e-01 9.672941006652254758e-01 9.680738203210308424e-01 9.691491070863516022e-01 9.691142899576524750e-01 9.674941384332415018e-01 9.654942078358830226e-01 9.613482428282059677e-01 9.576487056841725964e-01 9.539535999363547569e-01 9.519293238296364645e-01 9.520999599888129161e-01 9.522799962771445470e-01 9.520837447306575996e-01 9.518308811151579008e-01 9.519138255366401680e-01 9.527989405350244523e-01 9.540769509666489068e-01 9.553019365305013277e-01 9.555761046983946017e-01 9.561029848353747029e-01 9.576326902951728393e-01 9.589988130039019953e-01 9.599225281521974740e-01 9.613476976566338594e-01 9.628576215617444811e-01 9.652395080329231325e-01 9.680501605489337802e-01 9.696312959600730252e-01 9.714083360533487532e-01 9.724509220019120770e-01 9.731506412836059550e-01 9.733164560001791310e-01 9.747197862278250691e-01 9.740776077769168761e-01 9.740282200864316398e-01 9.749402026884151917e-01 9.752984782087457116e-01 9.752667371974382826e-01 9.761197318074498197e-01 9.764366269760148542e-01 9.776560175517422513e-01 9.780263804961866203e-01 9.788460721058475089e-01 9.792302973646853648e-01 9.803217536690038703e-01 9.807251018404817833e-01 9.810148710338697509e-01 9.816853987168732143e-01 9.820463474382173930e-01 9.821869532011855419e-01 9.824377734379925453e-01 9.829789024930043473e-01
9.999999997065061041e-01 9.999996906681793973e-01 9.999870627876735751e-01 9.998925655393187117e-01 9.995402429404990352e-01 9.986761818717665440e-01 9.976905060430356631e-01 9.964037205130301667e-01 9.945397413773537920e-01 9.926715570567118396e-01 9.914037743903227895e-01 9.884767574179809113e-01 9.867299387575293457e-01 9.859913872615320152e-01 9.828004151338886052e-01 9.777337823999314725e-01 9.767355938145934058e-01 9.772320483000596081e-01 9.788126181503111756e-01 9.776982516773895515e-01 9.782085152675600304e-01 9.769459852065497385e-01 9.757467732580137332e-01 9.734233080606750077e-01 9.697463950097395813e-01 9.654457597280807768e-01 9.639226685888049317e-01 9.626815539495240381e-01 9.625928879986250797e-01 9.617098080959286532e-01 9.611215960485056664e-01 9.618076892013761592e-01 9.624500046030357581e-01 9.624640137986842925e-01 9.635972423612713111e-01 9.640519727317402587e-01 9.643526152149156649e-01 9.654579628242427880e-01 9.658066710286425938e-01 9.662743016103346738e-01 9.676393549203957667e-01 9.681103782599842500e-01 9.689705070032341716e-01 9.707173614669970529e-01 9.735899676566404093e-01 9.751377445595897919e-01 9.763099623363523660e-01 9.772463495990775240e-01 9.782980531464130491e-01 9.783915502272604314e-01 9.787952110571076503e-01 9.789903276305919055e-01 9.792720965445790293e-01 9.793935955705542762e-01 9.793208438961996665e-01 9.798594046801312185e-01 9.800133548229269520e-01 9.802095047152397100e-01 9.807518785298581232e-01 9.814244154269800013e-01 9.812492127000538300e-01 9.823703134550320071e-01 9.829589077552605136e-01 9.829002618640522160e-01 9.838248792468099468e-01 9.839845733888633594e-01 9.846830621638396064e-01 9.844167276762832985e-01 9.848459553902092489e-01 9.853002002759931877e-01
9.999999997351601833e-01 9.999998706905587342e-01 9.999943099122706736e-01 9.999447982534718227e-01 9.997573254978669999e-01 9.992766249411475510e-01 9.985674520070403348e-01 9.974635940034172199e-01 9.963578600010395414e-01 9.951169978721743359e-01 9.936520924893270656e-01 9.910549478370483945e-01 9.904082508461538037e-01 9.893124763285160439e-01 9.870414984012191306e-01 9.833229646888350661e-01 9.823629433110649956e-01 9.826531610146759244e-01 9.826614449015089736e-01 9.831197222483541998e-01 9.824245467286194522e-01 9.816268685274097683e-01 9.793241432255949119e-01 9.769161500053292757e-01 9.734616098898438707e-01 9.703568608743621260e-01 9.691880911206650628e-01 9.687138872360211428e-01 9.676028065523821775e-01 9.676725894210623791e-01 9.680184440498801335e-01 9.672459238092981915e-01 9.681177040457609184e-01 9.682125978352797979e-01 9.683856115096479700e-01 9.693382716543474942e-01 9.687664117803393982e-01 9.700666588449835537e-01 9.702315618541034192e-01 9.705912906884404112e-01 9.717954924592894228e-01 9.722318288527951324e-01 9.727604613778240150e-01 9.736235615308109770e-01 9.758798598152941262e-01 9.774830583625283564e-01 9.789318404803256657e-01 9.795408789014570239e-01 9.804793856627689319e-01 9.811784488544281757e-01 9.807486048040150450e-01 9.812252577808429077e-01 9.816884081207500889e-01 9.819376576832760106e-01 9.817689579199677663e-01 9.818227462434570008e-01 9.823261620949490514e-01 9.824610970594168657e-01 9.823029581746574035e-01 9.826973383011397001e-01 9.832169064275180226e-01 9.836629915585406447e-01 9.843514868082310354e-01 9.846650488629613562e-01 9.846167752913514981e-01 9.854021221316726642e-01 9.856904794124768943e-01 9.860135180673219590e-01 9.862034357483301372e-01 9.863938394525020303e-01
9.999999998073737517e-01 9.999998399516623060e-01 9.999943294950267569e-01 9.999518546345141923e-01 9.997814703268247394e-01 9.994367051226688003e-01 9.987905432580154175e-01 9.979852248171269258e-01 9.968099080948518154e-01 9.958396714699226937e-01 9.942888767574855624e-01 9.926995252330543806e-01 9.920232802393664784e-01 9.903754705708098793e-01 9.875569309480715097e-01 9.854565015672001049e-01 9.851041199628108869e-01 9.849936642679631982e-01 9.850247183141618290e-01 9.847931648231366131e-01 9.837629993058625288e-01 9.828174646370078094e-01 9.808133568306900418e-01 9.777901124294111623e-01 9.746375124781392341e-01 9.729229516403369304e-01 9.718117306806962619e-01 9.711129914262830454e-01 9.707551523196653598e-01 9.704232778291222994e-01 9.702202594452712381e-01 9.702230147705639407e-01 9.698178680129700968e-01 9.704579568638579401e-01 9.702979663654097697e-01 9.710783015231979620e-01 9.714483039584691504e-01 9.718929039141835924e-01 9.724872038627773163e-01 9.729813043055008936e-01 9.734349188066209191e-01 9.738554772166060358e-01 9.744274848053940952e-01 9.751605556288307497e-01 9.762564727910223450e-01 9.777181237669114733e-01 9.791514636503908520e-01 9.803643503776180435e-01 9.811232838631663844e-01 9.816941118388938792e-01 9.823431647247338194e-01 9.824369987725669606e-01 9.825892521960873927e-01 9.826681082660405631e-01 9.826767404145848595e-01 9.829590775067584829e-01 9.828446113889969249e-01 9.831390154123178515e-01 9.832274601158383920e-01 9.833104361091273837e-01 9.837748083841495461e-01 9.840641346123226718e-01 9.843352992130091073e-01 9.847437132221099620e-01 9.849494805386146412e-01 9.856234990216005132e-01 9.858492477802981435e-01 9.861486836697287428e-01 9.862438030792921584e-01 9.866986989796590057e-01
9.999999987320373762e-01 9.999996175040415380e-01 9.999917128107916886e-01 9.999379691497810585e-01 9.997492173388443648e-01 9.993710462287221930e-01 9.987713584753916685e-01 9.979313154548816733e-01 9.967416863883932221e-01 9.958267216702400004e-01 9.940547782183593029e-01 9.930921928643287044e-01 9.922193204010422152e-01 9.896110322622243549e-01 9.870824965490531122e-01 9.859451716287944700e-01 9.858364645741689580e-01 9.858674103493481056e-01 9.856817273112996602e-01 9.851751713639541608e-01 9.838733830257271329e-01 9.827223345618258943e-01 9.800248242124729448e-01 9.768508183130286682e-01 9.746823492546872192e-01 9.735226073945493219e-01 9.724433543668921098e-01 9.718759280028256287e-01 9.712649577961059988e-01 9.710425755349596511e-01 9.708135079601827311e-01 9.707790493372426832e-01 9.707620670249857975e-01 9.709763673474419710e-01 9.711360666619873738e-01 9.716949728312290757e-01 9.717651676393215254e-01 9.724405618344026392e-01 9.728712567601901506e-01 9.734708482824824261e-01 9.739137304333245204e-01 9.742888529803371833e-01 9.747253205083302730e-01 9.752745365654899024e-01 9.763340123615381616e-01 9.776905070364954042e-01 9.788951217668392379e-01 9.798998529953211190e-01 9.809013600722035209e-01 9.816056259907496306e-01 9.820638023725096755e-01 9.824808661980610758e-01 9.826473789054489538e-01 9.828571319542607210e-01 9.831037876109497420e-01 9.830488456936119501e-01 9.831341332441604353e-01 9.832753179305151470e-01 9.834767596520493926e-01 9.835553393032491210e-01 9.837812042148357250e-01 9.839136013574759643e-01 9.840737755806091558e-01 9.844563595126359923e-01 9.847197619254820511e-01 9.851511522403085808e-01 9.855501631799864493e-01 9.857609239509043109e-01 9.861060434001819308e-01 9.863561606973015872e-01
9.999999810642105080e-01 9.999984777594940200e-01 9.999791706452060280e-01 9.998929701430057104e-01 9.996453148563674285e-01 9.991710460036200558e-01 9.984038597371143187e-01 9.974321932178364936e-01 9.964584142817300982e-01 9.951353419299246994e-01 9.937085694232201671e-01 9.929032200741086944e-01 9.912432833271992427e-01 9.885123976976650795e-01 9.866898130987313831e-01 9.862118032623771180e-01 9.860510866108582739e-01 9.858618725754495493e-01 9.855136097678903750e-01 9.846838117928979894e-01 9.835868610153635228e-01 9.813912195138038141e-01 9.787247848886183599e-01 9.761153747715236584e-01 9.742297994286338580e-01 9.731888280308836903e-01 9.724401111159719502e-01 9.718131269379443049e-01 9.713310448460150681e-01 9.711225152778576453e-01 9.708737071832869159e-01 9.708260049211069331e-01 9.709359574285145733e-01 9.710921706133525122e-01 9.713290787880152211e-01 9.715607893909548043e-01 9.720584024864863393e-01 9.725867828291602235e-01 9.731073576453420637e-01 9.735755609164105095e-01 9.741105910173278870e-01 9.744877447158609707e-01 9.748317490952020936e-01 9.752680357614641471e-01 9.759442455517053361e-01 9.770136976047483213e-01 9.780909667279555908e-01 9.791431495614209002e-01 9.803281600711212240e-01 9.810980473622210596e-01 9.817159007841642637e-01 9.821034416200767891e-01 9.824846249523815356e-01 9.827564586359381904e-01 9.828698432889388936e-01 9.830141252830070231e-01 9.831350953174368135e-01 9.832850891360851442e-01 9.833919847676659831e-01 9.834229640216609614e-01 9.835907242861793298e-01 9.836734955506314382e-01 9.837966785705787309e-01 9.841135458134023795e-01 9.842733685135626187e-01 9.845548954902119121e-01 9.849171468257184037e-01 9.850963829117294068e-01 9.855273643732667121e-01 9.857769144808465889e-01
9.999996605455193643e-01 9.999935526708504385e-01 9.999442248013781231e-01 9.998000852175693565e-01 9.994084019688420639e-01 9.987947627005602236e-01 9.979186981287824221e-01 9.968834488116392611e-01 9.957293170713968911e-01 9.941868609662350975e-01 9.932269701486474700e-01 9.921161214920598548e-01 9.899353392026166709e-01 9.875071740995131631e-01 9.864578690351727408e-01 9.861414161493642361e-01 9.859091210444927977e-01 9.856210505209715977e-01 9.849871738306348323e-01 9.839151995382062754e-01 9.822880514076802738e-01 9.796393637000189170e-01 9.770941525390310911e-01 9.751364268794016077e-01 9.738134257165407259e-01 9.728634627517714906e-01 9.721516628148638706e-01 9.715963588540406093e-01 9.712114578997919079e-01 9.709255040205913012e-01 9.707519540307566475e-01 9.707038077802142562e-01 9.708086527892406670e-01 9.709384154411125900e-01 9.711943291394672384e-01 9.715023688331463347e-01 9.720135962782961991e-01 9.724803855306518585e-01 9.730566726261002941e-01 9.736016145202022187e-01 9.741298819707884249e-01 9.745346083384827107e-01 9.748413521913718016e-01 9.751023519876269585e-01 9.755047041018339860e-01 9.762613929138206359e-01 9.770952460590228705e-01 9.783453589839576914e-01 9.793576190056618724e-01 9.802404034578140468e-01 9.810277612787076107e-01 9.816257203704025214e-01 9.821203079724546425e-01 9.823830628979952628e-01 9.826924696998179387e-01 9.828795332292260545e-01 9.830263709810561634e-01 9.830930113875969711e-01 9.831947079793202926e-01 9.833266874244407374e-01 9.834507066773812145e-01 9.835082052978361133e-01 9.836895862472569974e-01 9.837853004502418175e-01 9.838687076917150831e-01 9.841298539753612351e-01 9.843031027519807408e-01 9.844738299080703081e-01 9.847664380516489846e-01 9.850967225303678410e-01
9.999945514708608041e-01 9.999671155375209342e-01 9.998543267444784943e-01 9.995461307822577357e-01 9.990521469243189845e-01 9.982740644669605423e-01 9.971780669155154708e-01 9.962172233576582769e-01 9.947055433825094939e-01 9.934506874168786972e-01 9.924852207244455604e-01 9.906859945121564426e-01 9.883062929633539273e-01 9.868844002949385130e-01 9.862869165589185361e-01 9.859397308568685903e-01 9.855957759861173617e-01 9.850284863938111313e-01 9.840875532034466522e-01 9.826244346732884161e-01 9.805526982384075163e-01 9.779621127540720771e-01 9.759224243957945744e-01 9.744461496052048144e-01 9.733628214759258990e-01 9.725573501007686028e-01 9.719110038151841380e-01 9.713873663713700202e-01 9.709927430389331260e-01 9.707494622827315123e-01 9.706061184829732902e-01 9.705360059105125892e-01 9.705741801517003831e-01 9.707818648845363274e-01 9.710103324512571188e-01 9.713312887615265234e-01 9.718237372159286291e-01 9.722794049992066201e-01 9.729376575327902676e-01 9.735688921286894670e-01 9.740553030239239574e-01 9.745232383755287886e-01 9.748216543666132772e-01 9.750597545392808430e-01 9.753512911498920523e-01 9.757820323060689693e-01 9.764009851413112395e-01 9.773283871486252439e-01 9.780441435024544994e-01 9.792924298897440760e-01 9.801451437091653895e-01 9.808952767541009310e-01 9.813875370407783016e-01 9.818074361492554747e-01 9.822725612169300735e-01 9.826126874041515302e-01 9.828271943539328426e-01 9.829459668288890173e-01 9.830872337424573226e-01 9.831990430190413743e-01 9.832978466633708337e-01 9.833694372621050173e-01 9.834927126418026022e-01 9.835950896889787964e-01 9.837154840911417342e-01 9.837792873679486183e-01 9.840189612355561000e-01 9.841054069195023235e-01 9.842893354843971210e-01 9.844715607095437804e-01
9.999622515215971230e-01 9.998613252914547722e-01 9.996094790847472877e-01 9.990679395506124605e-01 9.983729993795278368e-01 9.973743293360706197e-01 9.962812485988555844e-01 9.949780964749684875e-01 9.936546899559148827e-01 9.925577887418163270e-01 9.910677154767152386e-01 9.889786912972602373e-01 9.872606779632693286e-01 9.864689674668544184e-01 9.859187197677478087e-01 9.855093369625173017e-01 9.848885365937424252e-01 9.840803246784861624e-01 9.828684568034008473e-01 9.809378131210014784e-01 9.787670051329774301e-01 9.766949032768529326e-01 9.750207203489515972e-01 9.738346235914520088e-01 9.729849612535801384e-01 9.722078878912318034e-01 9.716362420011152023e-01 9.711142015909515202e-01 9.707766224538590949e-01 9.705237119054537231e-01 9.703515555512040036e-01 9.703323571073961817e-01 9.703952014154519912e-01 9.705325099064907590e-01 9.707674253099068951e-01 9.710979008306271920e-01 9.715279226522780531e-01 9.720804706422179198e-01 9.727578520220908631e-01 9.733552726753634809e-01 9.740004010799226952e-01 9.744578134411479020e-01 9.748182950496968591e-01 9.750073701228957335e-01 9.752585757642564523e-01 9.754954833999633923e-01 9.758987440018451753e-01 9.765632124919674251e-01 9.773356571671013571e-01 9.779955414782220968e-01 9.790910993403397766e-01 9.795352269549745250e-01 9.807244933153347333e-01 9.811610597120894450e-01 9.816789883346728196e-01 9.820154243984086095e-01 9.824717790392131223e-01 9.826245724776971890e-01 9.828463760348526979e-01 9.829943467542657798e-01 9.831261897266848626e-01 9.832878375066047560e-01 9.833582470156597699e-01 9.834512001188520092e-01 9.835587835784259658e-01 9.836828989817913982e-01 9.837287250342493516e-01 9.838530768870829002e-01 9.839489492086737066e-01 9.841238725737379012e-01
-1.000000000000000000e+00 -1.000000000000000000e+00 9.991013816827379879e-01 9.983881519858375242e-01 9.974301220391517120e-01 9.963818706587023177e-01 9.950021676810286708e-01 9.937786038486233764e-01 9.925000646870416610e-01 9.912652696250194850e-01 9.894215901822316361e-01 9.877111565823227801e-01 9.866835422409357959e-01 9.859943451923290914e-01 9.853955077300550203e-01 9.847486666360174556e-01 9.839446766092981855e-01 9.827485520427649002e-01 9.812171395481120717e-01 9.791246240970471471e-01 9.771765034853023835e-01 9.754999095174957668e-01 9.743344017792607836e-01 9.734517006381523396e-01 9.725590134895789607e-01 9.718558145529657688e-01 9.713283724329049296e-01 9.708720278010471993e-01 9.705626037253353156e-01 9.703095920863157309e-01 9.701713781965305428e-01 9.701448530068447207e-01 9.701720834660273463e-01 9.703237973732063981e-01 9.705396802149220958e-01 9.709118797499008968e-01 9.712686770807090753e-01 9.718408610987360197e-01 9.724777925554595193e-01 9.731616223316033043e-01 9.738976758730848449e-01 9.743583605420765847e-01 9.747262355429545666e-01 9.749901679846376679e-01 9.751769145703071962e-01 9.754028539032687517e-01 9.756389076069785782e-01 9.759420215207870175e-01 9.764333005140213295e-01 9.771358979248218057e-01 9.777910955754911537e-01 9.785176316337453883e-01 9.794483828497956290e-01 9.802003958887682833e-01 9.806220073195035525e-01 9.814403860860946294e-01 9.818221942298622773e-01 9.821264553257269547e-01 9.824341490908370389e-01 9.826051908677988500e-01 9.828680106336495914e-01 9.830966627922160805e-01 9.832396154019160672e-01 9.833529181440031630e-01 9.834015032965628400e-01 9.835213317359164931e-01 9.835974676385766946e-01 9.837220025274079349e-01 9.838234027457126718e-01 9.838873246622500401e-01
-1.000000000000000000e+00 -1.000000000000000000e+00 -1.000000000000000000e+00 9.974442125203286658e-01 9.962024954974655344e-01 9.950017622020664865e-01 9.936718961204240586e-01 9.924218929752848251e-01 9.912076365563289304e-01 9.895237068463301755e-01 9.880607043970216496e-01 9.867890886014223373e-01 9.860175800491474130e-01 9.851958247547231151e-01 9.845613865278972643e-01 9.836725200451957862e-01 9.825861324624586279e-01 9.811843233640960005e-01 9.793734177047663803e-01 9.776429969463175107e-01 9.761081745821326150e-01 9.747315362667381411e-01 9.737820599811081168e-01 9.729217371447616003e-01 9.721410891413860833e-01 9.716308053877400486e-01 9.710751685572279746e-01 9.706433393755926620e-01 9.703170964296221612e-01 9.700565531827860521e-01 9.699185775914351826e-01 9.699076190582203161e-01 9.699305438680414504e-01 9.700172590305391473e-01 9.702387218828557591e-01 9.705886440627993217e-01 9.710104040212694798e-01 9.715167776160270607e-01 9.722405832136590265e-01 9.728909118516759769e-01 9.736567602361284601e-01 9.741436963150570394e-01 9.745647377287979252e-01 9.749378367813547053e-01 9.751331705880710299e-01 9.752901962551465687e-01 9.754217775451067274e-01 9.755987467299093163e-01 9.758801846693541115e-01 9.763179904113072904e-01 9.767794310293168580e-01 9.774236433262646351e-01 9.781040990317628747e-01 9.788060619878790058e-01 9.795607603545580799e-01 9.803717418756996427e-01 9.810422930369919747e-01 9.814343691970836003e-01 9.819324107915522459e-01 9.822599639350632073e-01 9.825156839415929433e-01 9.827609116678289736e-01 9.829614528198860057e-01 9.831332538028116907e-01 9.833030047126445350e-01 9.834062669010545932e-01 9.835231345170929451e-01 9.836162828782113454e-01 9.837344388012355667e-01 9.838113097641276728e-01
-1.000000000000000000e+00 -1.000000000000000000e+00 -1.000000000000000000e+00 -1.000000000000000000e+00 9.947208353382483992e-01 9.934666638672503547e-01 9.921878448564805941e-01 9.909459172289428741e-01 9.895774686341625159e-01 9.880909521133408591e-01 9.869190208154473565e-01 9.859999318785379607e-01 9.850074105829348392e-01 9.842603853521856294e-01 9.833270348673147643e-01 9.822739807258988876e-01 9.808819605746994519e-01 9.793531395345901336e-01 9.778931663110632666e-01 9.764235222168369255e-01 9.752417650477136490e-01 9.741527880647249393e-01 9.732651951659881950e-01 9.725028895538181395e-01 9.718705634657419656e-01 9.712669571406221669e-01 9.707725479006924507e-01 9.703727224638837301e-01 9.700578785320129738e-01 9.698357494806437717e-01 9.696646239487135555e-01 9.696390247988678768e-01 9.696790464375372176e-01 9.697635140728340097e-01 9.699709922529784478e-01 9.702989260900594104e-01 9.707267783106002801e-01 9.712155418016442665e-01 9.718992053937816067e-01 9.725596880223680296e-01 9.733371558148434799e-01 9.739481717813535111e-01 9.744656280591517117e-01 9.748253669219739681e-01 9.750555857892901912e-01 9.751960624602977745e-01 9.753272641666511644e-01 9.754399751947300246e-01 9.756312203688837226e-01 9.757967996395101595e-01 9.761588411287837053e-01 9.765846624255832831e-01 9.770036216590169964e-01 9.776997175779740257e-01 9.782508603624320287e-01 9.791183947754724670e-01 9.797615095243729089e-01 9.804417597595530554e-01 9.807389106348739505e-01 9.813931944949827457e-01 9.817721906831311518e-01 9.822949523117061599e-01 9.825644169273137774e-01 9.828504442690421117e-01 9.830232490205682572e-01 9.832334170553924668e-01 9.833710034133353872e-01 9.835039026339330581e-01 9.836036992042616056e-01 9.837239445392319537e-01
-1.000000000000000000e+00 -1.000000000000000000e+00 -1.000000000000000000e+00 -1.000000000000000000e+00 -1.000000000000000000e+00 9.919508604521407591e-01 9.906800391937324868e-01 9.893914253272034776e-01 9.881846046744496848e-01 9.868854047932559270e-01 9.858582802319365568e-01 9.848932443564181183e-01 9.839350898839025472e-01 9.829476356183988184e-01 9.820197580515689362e-01 9.808980449810703606e-01 9.795116813191891980e-01 9.782661642786928402e-01 9.767706147432935193e-01 9.755536115155569732e-01 9.745392398925003530e-01 9.736986429739478144e-01 9.728095974913255617e-01 9.721278383841869264e-01 9.715031094157839942e-01 9.709577634329583651e-01 9.704767125962810992e-01 9.701154244938745563e-01 9.698061277349839804e-01 9.695539820016118027e-01 9.694569078864471168e-01 9.693764165918752340e-01 9.693931939719734325e-01 9.694776558911283315e-01 9.696629662772461300e-01 9.699258903129436282e-01 9.703526496410486146e-01 9.708568679634119736e-01 9.715107146565743479e-01 9.722325613902178532e-01 9.729477000023906141e-01 9.736838620100878305e-01 9.742905108228662181e-01 9.746735714352994240e-01 9.749529509127328186e-01 9.751200664062562584e-01 9.752548756470985625e-01 9.753402718044456021e-01 9.754741315597033058e-01 9.755614580556107862e-01 9.756935278543414913e-01 9.759627787529928655e-01 9.763226258892822029e-01 9.767612241996516120e-01 9.773293764465844635e-01 9.778165616616004696e-01 9.787298304746707700e-01 9.791828239840485448e-01 9.798118455393345361e-01 9.803431033399271355e-01 9.809917569975589169e-01 9.814773805266361340e-01 9.819861652478060199e-01 9.823479381674848909e-01 9.825777378224146430e-01 9.828418805674807857e-01 9.830347105767381910e-01 9.833423135136594162e-01 9.834103408011484193e-01 9.835975709224452634e-01
-1.000000000000000000e+00 -1.000000000000000000e+00 -1.000000000000000000e+00 -1.000000000000000000e+00 -1.000000000000000000e+00 -1.000000000000000000e+00 -1.000000000000000000e+00 9.879850945745747293e-01 9.868356402065907584e-01 9.855874596502874896e-01 9.846858459163470023e-01 9.835556702583242439e-01 9.826539307638858523e-01 9.816422145192517101e-01 9.805822430748386553e-01 9.794884138788675365e-01 9.783086487353387373e-01 9.770299210019832703e-01 9.758594718675569490e-01 9.748598229319983544e-01 9.738966327357172492e-01 9.730312645641637781e-01 9.723623141000492520e-01 9.717563284084842490e-01 9.711902800722472806e-01 9.706671209015304003e-01 9.701916414795971333e-01 9.698247990140995700e-01 9.695402867697467952e-01 9.693329545346114351e-01 9.691683923552790736e-01 9.691086761105134340e-01 9.691094296103093253e-01 9.691996435366372342e-01 9.693615824352449506e-01 9.695978735146092431e-01 9.700100495498417130e-01 9.704533043879679521e-01 9.710585702006895303e-01 9.718704896399574800e-01 9.725872344848155437e-01 9.733185888857381896e-01 9.739922068799206079e-01 9.744510496985704373e-01 9.747266356341469651e-01 9.749753156457807712e-01 9.751377178987520322e-01 9.752486792860234344e-01 9.753265866351880087e-01 9.754164148944136636e-01 9.754607470519479628e-01 9.756798369446296748e-01 9.757795355487108857e-01 9.759826412096341830e-01 9.763945244928000644e-01 9.768809996052379985e-01 9.774136380051136053e-01 9.781402822681838360e-01 9.786980316151762116e-01 9.794181766850517112e-01 9.800017777798900598e-01 9.806066759852491987e-01 9.811409407608530087e-01 9.815537754269024751e-01 9.819473417326468612e-01 9.822620365550390753e-01 9.826506212624178671e-01 9.829299557838416801e-01 9.831703326937236698e-01 9.833436407797510048e-01
-1.000000000000000000e+00 -1.000000000000000000e+00 -1.000000000000000000e+00 -1.000000000000000000e+00 -1.000000000000000000e+00 -1.000000000000000000e+00 -1.000000000000000000e+00 -1.000000000000000000e+00 9.854169708179050247e-01 9.843467500124761793e-01 9.834427686937058377e-01 9.823651046936627829e-01 9.813890950397533564e-01 9.805434270758951465e-01 9.794282369990018333e-01 9.782885404221932646e-01 9.772345129479690362e-01 9.761412442549298740e-01 9.750883439698526667e-01 9.741532814090091419e-01 9.733340974744217888e-01 9.726760881223863731e-01 9.720027105185790051e-01 9.713952615523497869e-01 9.708774870588857686e-01 9.703676582896215708e-01 9.699249290909851551e-01 9.695596769410980142e-01 9.692746354494187200e-01 9.690493665808884716e-01 9.689133625539132488e-01 9.688322311205399551e-01 9.688332016603591335e-01 9.689027439358144367e-01 9.690261637581294440e-01 9.693122095047284059e-01 9.695842848239898393e-01 9.700781049431449476e-01 9.706829025707842673e-01 9.713807382436346893e-01 9.721379125725108095e-01 9.729276704083839045e-01 9.736243103368363849e-01 9.741428563256251394e-01 9.744938384988792723e-01 9.747605151048522876e-01 9.749580055692598224e-01 9.750639997744334764e-01 9.751649528396099109e-01 9.752344163262899324e-01 9.752812156152117495e-01 9.753773327135808469e-01 9.754723527831666852e-01 9.756194714869829143e-01 9.758180190106301444e-01 9.760807769391178779e-01 9.764587034335988625e-01 9.769957524750206845e-01 9.774326769144604521e-01 9.780412781015409562e-01 9.786403072363321076e-01 9.793140943008655785e-01 9.798139978539849304e-01 9.804857505964889031e-01 9.811767505490953667e-01 9.816113204349664612e-01 9.820621317526059268e-01 9.823821636793371725e-01 9.827711698632841664e-01 9.831591345436222484e-01
-1.000000000000000000e+00 -1.000000000000000000e+00 -1.000000000000000000e+00 -1.000000000000000000e+00 -1.000000000000000000e+00 -1.000000000000000000e+00 -1.000000000000000000e+00 -1.000000000000000000e+00 -1.000000000000000000e+00 9.831310668476229697e-01 9.820809188498168529e-01 9.811577210336015487e-01 9.801296946288183820e-01 9.792454439958344636e-01 9.782231286100732115e-01 9.772790066035786927e-01 9.763677029674565633e-01 9.753261678939072477e-01 9.744540079832735291e-01 9.736541501181508185e-01 9.728748337022304904e-01 9.722039439416336748e-01 9.716017668303605914e-01 9.710156727947127919e-01 9.705145584687203675e-01 9.700338301028763599e-01 9.696545196867456529e-01 9.692961728827367285e-01 9.689788787252970881e-01 9.687984558697756432e-01 9.686395071897628828e-01 9.685629411586730297e-01 9.685418937519532090e-01 9.686060117634143207e-01 9.687507751243883414e-01 9.689891228868197093e-01 9.692888475664731551e-01 9.696711260186803294e-01 9.702379951612337683e-01 9.709853443592391109e-01 9.717336396621065742e-01 9.724719031031003880e-01 9.731792612356845451e-01 9.737355511200816993e-01 9.741808143077324011e-01 9.745013476220529824e-01 9.747438491368725089e-01 9.748965527827915256e-01 9.749730395317878218e-01 9.750567127281799529e-01 9.751623793340676860e-01 9.751789444973338883e-01 9.752151750369990602e-01 9.753376286720742971e-01 9.753942595521870595e-01 9.755717630356756098e-01 9.757304308510147406e-01 9.761030585410772620e-01 9.764491427012254032e-01 9.769673932305497077e-01 9.775908071059522531e-01 9.781914414459844664e-01 9.785321856941781027e-01 9.792301188717867921e-01 9.798598349117447759e-01 9.805991376900173861e-01 9.813012838800755366e-01 9.818285919000790951e-01 9.819196006402717281e-01 9.824673684565694565e-01
-1.000000000000000000e+00 -1.000000000000000000e+00 -1.000000000000000000e+00 -1.000000000000000000e+00 -1.000000000000000000e+00 -1.000000000000000000e+00 -1.000000000000000000e+00 -1.000000000000000000e+00 -1.000000000000000000e+00 -1.000000000000000000e+00 9.809667790708771484e-01 9.800588327584865977e-01 9.793184586980018258e-01 9.782201509633612346e-01 9.772893616842637243e-01 9.764168264290763455e-01 9.754894876794911740e-01 9.746326428282815479e-01 9.737873220115771389e-01 9.730782940574559392e-01 9.724044960591250453e-01 9.717464504647185253e-01 9.711976796008116031e-01 9.706804186461124306e-01 9.701503612380193431e-01 9.697584136065066085e-01 9.693362768170202814e-01 9.689898948699511294e-01 9.687315495573549651e-01 9.685019356290888171e-01 9.683912921294298704e-01 9.682640066370660215e-01 9.682503005596614365e-01 9.683098361044617519e-01 9.684407677915826129e-01 9.686543098278223018e-01 9.689245626556376445e-01 9.692819863219443999e-01 9.698137169902959487e-01 9.704446327708723397e-01 9.711875466825672376e-01 9.719753861582718368e-01 9.727617332760269964e-01 9.733239552577753750e-01 9.738216246555094768e-01 9.741752997629414823e-01 9.744213204318519228e-01 9.746346334796994748e-01 9.747511348618312921e-01 9.748556094429239316e-01 9.749144721348806941e-01 9.749686722167352215e-01 9.749901557232751870e-01 9.750657948677158293e-01 9.751239629321569735e-01 9.752351739583408063e-01 9.753019655470780425e-01 9.754387510003118544e-01 9.756916436405855819e-01 9.760555172318561290e-01 9.763815437865219771e-01 9.768704138234970413e-01 9.775559617656663924e-01 9.780998007307853959e-01 9.786865609266993671e-01 9.792620374703467911e-01 9.799455752636118122e-01 9.805491787620529420e-01 9.807928442348030629e-01 9.815483468083032736e-01
-1.000000000000000000e+00 -1.000000000000000000e+00 -1.000000000000000000e+00 -1.000000000000000000e+00 -1.000000000000000000e+00 -1.000000000000000000e+00 -1.000000000000000000e+00 -1.000000000000000000e+00 -1.000000000000000000e+00 -1.000000000000000000e+00 -1.000000000000000000e+00 9.789833164927288500e-01 9.781275164549703138e-01 9.772717213225090571e-01 9.764247757525830185e-01 9.756005360781649927e-01 9.747406375092404485e-01 9.739238318877529998e-01 9.732253026696290332e-01 9.725545087384720455e-01 9.719273553215123096e-01 9.713382032273860656e-01 9.707818145039662783e-01 9.702797959467289735e-01 9.698081607745264732e-01 9.693998744908407517e-01 9.690156408235758301e-01 9.687090870758299221e-01 9.684532986054146253e-01 9.682208777802354671e-01 9.680983623460536203e-01 9.679927007486954782e-01 9.679827611467060056e-01 9.680177555137756684e-01 9.681114237316819082e-01 9.683201542958436159e-01 9.685840076631728746e-01 9.689794191082494734e-01 9.694566453999038380e-01 9.700198020599120063e-01 9.707537393488976374e-01 9.714429948078041610e-01 9.722072819699510982e-01 9.728940373791641338e-01 9.734714582186817511e-01 9.738163270909548919e-01 9.740967346405696725e-01 9.743074427935899395e-01 9.744732284077500806e-01 9.746042718637446534e-01 9.746703315526431544e-01 9.747177461951866961e-01 9.748025779398835633e-01 9.748295114260908667e-01 9.748689542090169802e-01 9.749280619597419095e-01 9.749929786994665504e-01 9.750472933958642674e-01 9.752445759829279082e-01 9.753981013327345240e-01 9.757212564056474413e-01 9.760609986001124172e-01 9.762896097050592914e-01 9.769539924917198803e-01 9.775029790051007472e-01 9.782732469918944407e-01 9.786231715083753002e-01 9.794105268752255622e-01 9.800528623531744588e-01 9.804514128085166647e-01
-1.000000000000000000e+00 -1.000000000000000000e+00 -1.000000000000000000e+00 -1.000000000000000000e+00 -1.000000000000000000e+00 -1.000000000000000000e+00 -1.000000000000000000e+00 -1.000000000000000000e+00 -1.000000000000000000e+00 -1.000000000000000000e+00 -1.000000000000000000e+00 -1.000000000000000000e+00 -1.000000000000000000e+00 9.763610804443209057e-01 9.755869194299533476e-01 9.747925092402915936e-01 9.741160601255236529e-01 9.733300995368281416e-01 9.726802610427647267e-01 9.720502270742423789e-01 9.714526331854963503e-01 9.708845671862085247e-01 9.703697317909161235e-01 9.698686869578616587e-01 9.694443799284310215e-01 9.690376091340194842e-01 9.686840046432159124e-01 9.683986161594464459e-01 9.681253252356150085e-01 9.679183394047158329e-01 9.677695765367686498e-01 9.677214779439402559e-01 9.676698495115230170e-01 9.677054028245187789e-01 9.678281507203756462e-01 9.679832534195916827e-01 9.681666023237742724e-01 9.685712945424200804e-01 9.690590351870845831e-01 9.695981206704078481e-01 9.703252997378128963e-01 9.709301773496963328e-01 9.716880469797034570e-01 9.723558758049808404e-01 9.729271093694422667e-01 9.733697750085696931e-01 9.737123423926931087e-01 9.739306034676972201e-01 9.740741609640382048e-01 9.742851862123115270e-01 9.743740718732645245e-01 9.744067269701033318e-01 9.745134545451045183e-01 9.745839964206833850e-01 9.746328400060755293e-01 9.746590366502561054e-01 9.746991039125203482e-01 9.747477462703761919e-01 9.748533680929379885e-01 9.749584308409766642e-01 9.751171197108779998e-01 9.752904561467390376e-01 9.755052229942501318e-01 9.759108251128321143e-01 9.763666938797443962e-01 9.769513334895539858e-01 9.774224176951820109e-01 9.782219820614737049e-01 9.786186721160744506e-01 9.795338450105669503e-01
-1.000000000000000000e+00 -1.000000000000000000e+00 -1.000000000000000000e+00 -1.000000000000000000e+00 -1.000000000000000000e+00 -1.000000000000000000e+00 -1.000000000000000000e+00 -1.000000000000000000e+00 -1.000000000000000000e+00 -1.000000000000000000e+00 -1.000000000000000000e+00 -1.000000000000000000e+00 -1.000000000000000000e+00 -1.000000000000000000e+00 9.747445531890504000e-01 9.740810815377289877e-01 9.733600948605880543e-01 9.726819301898369519e-01 9.720531076678126103e-01 9.714467119750682667e-01 9.709280109781582846e-01 9.704280831124835194e-01 9.699439369121845012e-01 9.695009664386687875e-01 9.691043692048566527e-01 9.687020123704904728e-01 9.683497688299133044e-01 9.680448285348297599e-01 9.678143971885120322e-01 9.676208585420064123e-01 9.674877519383814350e-01 9.673976782897732996e-01 9.673875780922910339e-01 9.674329181908887243e-01 9.675606746112612733e-01 9.677079632084175653e-01 9.678926035469122002e-01 9.682634624383271715e-01 9.686583894826825691e-01 9.691254795026097435e-01 9.698030800670905949e-01 9.705870000883377591e-01 9.712429744331160242e-01 9.718563029834995648e-01 9.724484904530157348e-01 9.729195732936085639e-01 9.732235775893703922e-01 9.735160238423741230e-01 9.737263483410385501e-01 9.738844243505070386e-01 9.739980599346237389e-01 9.741078475247123558e-01 9.742340236147194465e-01 9.742652099533314347e-01 9.743337663197793042e-01 9.743890791777950477e-01 9.743907877378550353e-01 9.744666454685493306e-01 9.744853940981914597e-01 9.745866223748302914e-01 9.746082039121323204e-01 9.748049292266141030e-01 9.749708989932058811e-01 9.751617420250414670e-01 9.755740029142667691e-01 9.759458590687842827e-01 9.762484905320530926e-01 9.768480462763732275e-01 9.775780751791658396e-01 9.780275555482814687e-01
-1.000000000000000000e+00 -1.000000000000000000e+00 -1.000000000000000000e+00 -1.000000000000000000e+00 -1.000000000000000000e+00 -1.000000000000000000e+00 -1.000000000000000000e+00 -1.000000000000000000e+00 -1.000000000000000000e+00 -1.000000000000000000e+00 -1.000000000000000000e+00 -1.000000000000000000e+00 -1.000000000000000000e+00 -1.000000000000000000e+00 -1.000000000000000000e+00 9.732655549763923331e-01 9.726640978132073956e-01 9.720333049539904291e-01 9.714669972851253110e-01 9.709472477343549235e-01 9.704704612353970417e-01 9.699442156079208788e-01 9.695092048007007968e-01 9.690880640708119387e-01 9.686974029199016956e-01 9.683552100675765217e-01 9.680075104164151956e-01 9.677177911782431918e-01 9.675045508255902815e-01 9.673115209247924451e-01 9.671941978002310814e-01 9.671279947566511215e-01 9.671152673114988829e-01 9.671276882685848619e-01 9.672626202205640844e-01 9.673837950830492804e-01 9.676001238515800074e-01 9.679331804655602056e-01 9.683214058795152068e-01 9.688156577316549001e-01 9.694351696123542084e-01 9.700277338944561789e-01 9.706867570779680321e-01 9.713790443649914508e-01 9.719592009623165829e-01 9.723754529186605655e-01 9.727770699441642410e-01 9.730478259098600535e-01 9.733199731424080348e-01 9.735399915846728591e-01 9.736700669981251943e-01 9.737333590095327285e-01 9.738610885955173435e-01 9.739577748030069371e-01 9.740043306605229434e-01 9.740621237265436605e-01 9.741136239413528131e-01 9.741500182403979302e-01 9.741763418442881406e-01 9.741981109007529227e-01 9.743120972950504166e-01 9.743543054529778535e-01 9.744973361989779370e-01 9.746011108088276087e-01 9.747809957018871430e-01 9.750563919892637488e-01 9.755154216656767296e-01 9.758096799576460034e-01 9.764649124788519208e-01 9.769451627904758295e-01
-1.000000000000000000e+00 -1.000000000000000000e+00 -1.000000000000000000e+00 -1.000000000000000000e+00 -1.000000000000000000e+00 -1.000000000000000000e+00 -1.000000000000000000e+00 -1.000000000000000000e+00 -1.000000000000000000e+00 -1.000000000000000000e+00 -1.000000000000000000e+00 -1.000000000000000000e+00 -1.000000000000000000e+00 -1.000000000000000000e+00 -1.000000000000000000e+00 -1.000000000000000000e+00 9.719974515315883412e-01 9.714088834315368626e-01 9.709164379193223615e-01 9.704112975557835918e-01 9.699440675068896622e-01 9.695070283259726862e-01 9.690663348104737729e-01 9.686928572928921177e-01 9.683154078956239807e-01 9.679786911427725737e-01 9.676692507111425146e-01 9.673935230668923024e-01 9.671713697216663963e-01 9.670084089552000162e-01 9.668906776921865065e-01 9.668172677798488879e-01 9.668084938221890301e-01 9.668316794232413303e-01 9.669560142287335625e-01 9.671096749747074561e-01 9.673191564488664573e-01 9.676404985253077573e-01 9.679940197710337202e-01 9.684646874133957528e-01 9.690542159041911630e-01 9.696133092498131489e-01 9.702839656259610868e-01 9.708819254327134551e-01 9.714775204699126476e-01 9.719039151218237249e-01 9.723458060794464286e-01 9.726372106114437033e-01 9.728640597814045554e-01 9.730755380953169942e-01 9.732365117402269616e-01 9.734019275647621816e-01 9.735289362204931907e-01 9.735740904290850484e-01 9.736200717454703835e-01 9.737188744960389997e-01 9.737631406806455114e-01 9.737865002759080735e-01 9.738719905168872204e-01 9.738907622868849812e-01 9.739885437123660950e-01 9.739944452935532793e-01 9.741231282503169941e-01 9.741851948584362431e-01 9.744492072806618665e-01 9.746121106014834501e-01 9.749853126781323764e-01 9.750629688345225921e-01 9.756569460928072868e-01 9.761692327320580231e-01
-1.000000000000000000e+00 -1.000000000000000000e+00 -1.000000000000000000e+00 -1.000000000000000000e+00 -1.000000000000000000e+00 -1.000000000000000000e+00 -1.000000000000000000e+00 -1.000000000000000000e+00 -1.000000000000000000e+00 -1.000000000000000000e+00 -1.000000000000000000e+00 -1.000000000000000000e+00 -1.000000000000000000e+00 -1.000000000000000000e+00 -1.000000000000000000e+00 -1.000000000000000000e+00 -1.000000000000000000e+00 9.708408464393497583e-01 9.703581779920081862e-01 9.698838916646901342e-01 9.694661967054388763e-01 9.690316810580134055e-01 9.686514711556183377e-01 9.682834041064454222e-01 9.679196039190034462e-01 9.676213174837331454e-01 9.673498324485867439e-01 9.670619288341520958e-01 9.668415849232845360e-01 9.667030374713702079e-01 9.665746548594987830e-01 9.665248259898575611e-01 9.665667745032288094e-01 9.665932365611195065e-01 9.667040955710164418e-01 9.668317484862607447e-01 9.670819787345065199e-01 9.673675047365037916e-01 9.677266509379808257e-01 9.682168138753519671e-01 9.687067293515673194e-01 9.692582269054577093e-01 9.698991818152329358e-01 9.705061434379379515e-01 9.710791992043922294e-01 9.714541024183992457e-01 9.718934430312021755e-01 9.721915454388541100e-01 9.724787755725051719e-01 9.727033049604802972e-01 9.728486784215506500e-01 9.729837221920424328e-01 9.731303124420208617e-01 9.732325412902436135e-01 9.733162026761863483e-01 9.733610402295681530e-01 9.734693622729887474e-01 9.734953783957076556e-01 9.735618028603053586e-01 9.736288541339512825e-01 9.736490817359202410e-01 9.737542115258746023e-01 9.737903141939874274e-01 9.738489945289517946e-01 9.739819147627172269e-01 9.741201626353271914e-01 9.743169260752948535e-01 9.745366609402046354e-01 9.748883063154902828e-01 9.754208932757865158e-01
-1.000000000000000000e+00 -1.000000000000000000e+00 -1.000000000000000000e+00 -1.000000000000000000e+00 -1.000000000000000000e+00 -1.000000000000000000e+00 -1.000000000000000000e+00 -1.000000000000000000e+00 -1.000000000000000000e+00 -1.000000000000000000e+00 -1.000000000000000000e+00 -1.000000000000000000e+00 -1.000000000000000000e+00 -1.000000000000000000e+00 -1.000000000000000000e+00 -1.000000000000000000e+00 -1.000000000000000000e+00 -1.000000000000000000e+00 -1.000000000000000000e+00 9.694088181806554960e-01 9.690026437763229472e-01 9.686060281985396925e-01 9.682095801056881390e-01 9.678852899997065773e-01 9.675529133460539777e-01 9.672466121383829218e-01 9.669879752986189070e-01 9.667357368361726433e-01 9.665421421499542642e-01 9.663992661779837734e-01 9.663143747229280267e-01 9.662593571530616599e-01 9.662877626812116372e-01 9.663294997139655340e-01 9.664703147477097245e-01 9.666187304907395417e-01 9.668105274979100772e-01 9.671090295300387440e-01 9.675058368745613757e-01 9.678817605655702927e-01 9.683952184023792986e-01 9.690135463437367092e-01 9.695570601736647198e-01 9.700911960402752721e-01 9.706204431741620731e-01 9.711083925019374785e-01 9.714900323779588343e-01 9.718333723865116847e-01 9.720383235206121464e-01 9.722865001416266528e-01 9.724731476366095251e-01 9.726356694358286870e-01 9.727489169441402295e-01 9.728742758000490376e-01 9.729371932917842969e-01 9.730683478103115958e-01 9.731127420033810482e-01 9.732214886972665457e-01 9.732384497426170844e-01 9.733033015454823911e-01 9.733703479089660382e-01 9.734109149152631035e-01 9.734977777841214985e-01 9.735172698193508278e-01 9.735782864598945263e-01 9.738096005532475008e-01 9.739053926599015032e-01 9.740598788995474822e-01 9.744088988361087056e-01 9.747788272663334697e-01
-1.000000000000000000e+00 -1.000000000000000000e+00 -1.000000000000000000e+00 -1.000000000000000000e+00 -1.000000000000000000e+00 -1.000000000000000000e+00 -1.000000000000000000e+00 -1.000000000000000000e+00 -1.000000000000000000e+00 -1.000000000000000000e+00 -1.000000000000000000e+00 -1.000000000000000000e+00 -1.000000000000000000e+00 -1.000000000000000000e+00 -1.000000000000000000e+00 -1.000000000000000000e+00 -1.000000000000000000e+00 -1.000000000000000000e+00 -1.000000000000000000e+00 -1.000000000000000000e+00 9.685657060325947310e-01 9.681601160265825845e-01 9.678420913883978294e-01 9.674671983710161349e-01 9.671729297003389680e-01 9.669089927216315550e-01 9.666472420631390117e-01 9.664173089139309614e-01 9.662354023799251124e-01 9.661216271528558774e-01 9.660112371340373594e-01 9.660004515602776953e-01 9.660019636670020837e-01 9.660795085196400844e-01 9.662241500075168243e-01 9.663874953252553635e-01 9.666137459018363520e-01 9.668816319535862291e-01 9.672425936163554505e-01 9.676495165866368930e-01 9.681035376622099120e-01 9.687240700645466385e-01 9.692640377260371976e-01 9.698585650128660474e-01 9.703391611960709984e-01 9.707617854226360254e-01 9.711177018020152873e-01 9.714410820933828683e-01 9.717097513457578772e-01 9.719701495205186337e-01 9.720427789392416251e-01 9.722332504228800021e-01 9.723984432523806731e-01 9.725357877029827680e-01 9.726317624132183592e-01 9.727016524355123206e-01 9.727839947311660573e-01 9.728777236119436900e-01 9.729559311804536481e-01 9.730202773931777571e-01 9.730405467355041083e-01 9.731214833975392331e-01 9.731450393793616982e-01 9.732186129858222401e-01 9.733163918783437341e-01 9.734212743909060883e-01 9.735626325583851548e-01 9.738443598781721944e-01 9.741203113697706195e-01 9.743871162631877469e-01
-1.000000000000000000e+00 -1.000000000000000000e+00 -1.000000000000000000e+00 -1.000000000000000000e+00 -1.000000000000000000e+00 -1.000000000000000000e+00 -1.000000000000000000e+00 -1.000000000000000000e+00 -1.000000000000000000e+00 -1.000000000000000000e+00 -1.000000000000000000e+00 -1.000000000000000000e+00 -1.000000000000000000e+00 -1.000000000000000000e+00 -1.000000000000000000e+00 -1.000000000000000000e+00 -1.000000000000000000e+00 -1.000000000000000000e+00 -1.000000000000000000e+00 -1.000000000000000000e+00 -1.000000000000000000e+00 9.677382137416465913e-01 9.674249751383934282e-01 9.671031936124990791e-01 9.668282299067197938e-01 9.665410197019125293e-01 9.663312100775446334e-01 9.661206453217543455e-01 9.659474864938342176e-01 9.658281708416154299e-01 9.657565800153653512e-01 9.657550279610817023e-01 9.657717514851603680e-01 9.658636512186424827e-01 9.659826911487121581e-01 9.661537291681021600e-01 9.664291314176136627e-01 9.666894577889519891e-01 9.670642055880092069e-01 9.674773695230833859e-01 9.679866746893863727e-01 9.684601044593075247e-01 9.690033847894388153e-01 9.695254443180579829e-01 9.700300704526992890e-01 9.704611232222822848e-01 9.708071654242219628e-01 9.711327247037461197e-01 9.713816230289118447e-01 9.715087097648105185e-01 9.717707958351495812e-01 9.719060903777561045e-01 9.720387215320152041e-01 9.721752541715608098e-01 9.723039802600866865e-01 9.724049311481982594e-01 9.724569741917328258e-01 9.725256088720882763e-01 9.726178352481604783e-01 9.726930001300155837e-01 9.727614638644644929e-01 9.728293356785617796e-01 9.728945230520774645e-01 9.729868438674549314e-01 9.730582203887352399e-01 9.732365287540398757e-01 9.734067676004799496e-01 9.735918576423577830e-01 9.738142070721689247e-01 9.742290666748067984e-01
-1.000000000000000000e+00 -1.000000000000000000e+00 -1.000000000000000000e+00 -1.000000000000000000e+00 -1.000000000000000000e+00 -1.000000000000000000e+00 -1.000000000000000000e+00 -1.000000000000000000e+00 -1.000000000000000000e+00 -1.000000000000000000e+00 -1.000000000000000000e+00 -1.000000000000000000e+00 -1.000000000000000000e+00 -1.000000000000000000e+00 -1.000000000000000000e+00 -1.000000000000000000e+00 -1.000000000000000000e+00 -1.000000000000000000e+00 -1.000000000000000000e+00 -1.000000000000000000e+00 -1.000000000000000000e+00 -1.000000000000000000e+00 9.670442475101155289e-01 9.667353644472084229e-01 9.665009300810544213e-01 9.662355131357543980e-01 9.660400565790985272e-01 9.658275334898903663e-01 9.656850081665797614e-01 9.655585922920688624e-01 9.655081639663206650e-01 9.654969946307970785e-01 9.655485567705610617e-01 9.656185779809848269e-01 9.658177358095612064e-01 9.659654196114100255e-01 9.662359434705356520e-01 9.665006872327130960e-01 9.668917323687123977e-01 9.673254918658008572e-01 9.678020434837488750e-01 9.683018630151517536e-01 9.688112117593098427e-01 9.693009352202294204e-01 9.697826295267536478e-01 9.701767244587286010e-01 9.705183923730110740e-01 9.708343747257029976e-01 9.710752468383241354e-01 9.712954497605158499e-01 9.714864466761498063e-01 9.716258689542651705e-01 9.717680836488311602e-01 9.718992555334371453e-01 9.720182489116983016e-01 9.721184889434902887e-01 9.722082204066820887e-01 9.723046451098140697e-01 9.723494899440352501e-01 9.724411293415939905e-01 9.724981184445197213e-01 9.726030497354505311e-01 9.726770261164503495e-01 9.727236577022968511e-01 9.728586193900284895e-01 9.729901035333483605e-01 9.732366067645420449e-01 9.732849414474423755e-01 9.737694434539505561e-01 9.740473753564931059e-01
-1.000000000000000000e+00 -1.000000000000000000e+00 -1.000000000000000000e+00 -1.000000000000000000e+00 -1.000000000000000000e+00 -1.000000000000000000e+00 -1.000000000000000000e+00 -1.000000000000000000e+00 -1.000000000000000000e+00 -1.000000000000000000e+00 -1.000000000000000000e+00 -1.000000000000000000e+00 -1.000000000000000000e+00 -1.000000000000000000e+00 -1.000000000000000000e+00 -1.000000000000000000e+00 -1.000000000000000000e+00 -1.000000000000000000e+00 -1.000000000000000000e+00 -1.000000000000000000e+00 -1.000000000000000000e+00 -1.000000000000000000e+00 -1.000000000000000000e+00 9.664337342753605009e-01 9.661807746348928250e-01 9.659341203899930450e-01 9.657276446754923249e-01 9.655557126039030491e-01 9.654378249184311089e-01 9.653171159997907536e-01 9.652831739804433875e-01 9.652894132293698970e-01 9.653570764079655309e-01 9.654678129727006786e-01 9.656281351462265850e-01 9.658306290739091526e-01 9.660722207620175972e-01 9.663873286529971462e-01 9.667324100556604627e-01 9.671756004479405977e-01 9.676590575530503724e-01 9.681436479397013128e-01 9.686556744015839548e-01 9.691726663190122215e-01 9.695637767593605627e-01 9.699864391441657130e-01 9.703022208186500297e-01 9.705987543295137021e-01 9.708467137011345116e-01 9.710350229997198879e-01 9.712062644427389424e-01 9.713870836695411848e-01 9.715318527255166758e-01 9.716421943031730013e-01 9.717457662549005004e-01 9.719106784609716776e-01 9.719868896900097921e-01 9.720288457983907726e-01 9.721376502770079364e-01 9.722421703124201064e-01 9.723246503552178677e-01 9.723836289438708702e-01 9.725187798060187516e-01 9.726582337478788531e-01 9.726973167650651009e-01 9.729572316511724273e-01 9.731580150605559920e-01 9.732190106462299539e-01 9.737665936812370804e-01 9.741074277731036624e-01
-1.000000000000000000e+00 -1.000000000000000000e+00 -1.000000000000000000e+00 -1.000000000000000000e+00 -1.000000000000000000e+00 -1.000000000000000000e+00 -1.000000000000000000e+00 -1.000000000000000000e+00 -1.000000000000000000e+00 -1.000000000000000000e+00 -1.000000000000000000e+00 -1.000000000000000000e+00 -1.000000000000000000e+00 -1.000000000000000000e+00 -1.000000000000000000e+00 -1.000000000000000000e+00 -1.000000000000000000e+00 -1.000000000000000000e+00 -1.000000000000000000e+00 -1.000000000000000000e+00 -1.000000000000000000e+00 -1.000000000000000000e+00 -1.000000000000000000e+00 -1.000000000000000000e+00 -1.000000000000000000e+00 9.656636688759625553e-01 9.654523472545439855e-01 9.653199850047599062e-01 9.652032281805976721e-01 9.651052142712682747e-01 9.650774805617078345e-01 9.651041372955501130e-01 9.651981028231668702e-01 9.653076783632702496e-01 9.655009342441713827e-01 9.657054698056705133e-01 9.659527042186485390e-01 9.662928354673071540e-01 9.666631380368326809e-01 9.671114212183288261e-01 9.675834922089934231e-01 9.680709479350595448e-01 9.685416451143398220e-01 9.690482091501003703e-01 9.694714526836358814e-01 9.698015564163947611e-01 9.700933060971371757e-01 9.704269781032043296e-01 9.706246532776136027e-01 9.708975528370361596e-01 9.710592542349969492e-01 9.711989016767483829e-01 9.713352293532536708e-01 9.714714443783790676e-01 9.715991804910859564e-01 9.717206698575183710e-01 9.718199814726838914e-01 9.719082114802701788e-01 9.719843229667800566e-01 9.720830125311166192e-01 9.721542572533251603e-01 9.722786392802187372e-01 9.723907561975556613e-01 9.725863194704825743e-01 9.727704335552481707e-01 9.729139454668782605e-01 9.732427580698804759e-01 9.737065680201696383e-01 9.742820579788229463e-01 9.747650850304636627e-01
-1.000000000000000000e+00 -1.000000000000000000e+00 -1.000000000000000000e+00 -1.000000000000000000e+00 -1.000000000000000000e+00 -1.000000000000000000e+00 -1.000000000000000000e+00 -1.000000000000000000e+00 -1.000000000000000000e+00 -1.000000000000000000e+00 -1.000000000000000000e+00 -1.000000000000000000e+00 -1.000000000000000000e+00 -1.000000000000000000e+00 -1.000000000000000000e+00 -1.000000000000000000e+00 -1.000000000000000000e+00 -1.000000000000000000e+00 -1.000000000000000000e+00 -1.000000000000000000e+00 -1.000000000000000000e+00 -1.000000000000000000e+00 -1.000000000000000000e+00 -1.000000000000000000e+00 -1.000000000000000000e+00 -1.000000000000000000e+00 9.652403490181379331e-01 9.650896290959269930e-01 9.649904875262093062e-01 9.649198918547784443e-01 9.649310293076615030e-01 9.649679852839027072e-01 9.650545173484585959e-01 9.652044087192198640e-01 9.653913486291677559e-01 9.656096300842094138e-01 9.659180392012014504e-01 9.662519217479635936e-01 9.666801163411223863e-01 9.671055270687989314e-01 9.676223828331587118e-01 9.680114912324100374e-01 9.685454079053525955e-01 9.690364681251790735e-01 9.694112642398303725e-01 9.697669606567420608e-01 9.700802822610514742e-01 9.703381582371770619e-01 9.705570238072110945e-01 9.707491732711520660e-01 9.709227640072065624e-01 9.710895935299951320e-01 9.712739164719835783e-01 9.713867270983139734e-01 9.714694808554372729e-01 9.716347049485147824e-01 9.716946096067142769e-01 9.718287120288778835e-01 9.719413058986066112e-01 9.720416311591641989e-01 9.722615247883128475e-01 9.723658978348029835e-01 9.724531002230677457e-01 9.727081621748611129e-01 9.729345079244480221e-01 9.733390470871989830e-01 9.739863062445750508e-01 9.745126473251766175e-01 9.753452221866687477e-01 9.765670486314911303e-01
