9.357398502497756683e-315 5.032496116393426908e-268 2.737405995316605149e-245 9.849539977144146463e-212 2.660822201946129770e-184 1.034890421013755046e-163 8.109250125080290584e-147 5.462993309644206347e-131 3.612566681043920974e-117 1.679943631886231294e-104 3.120660888841974981e-93 2.030985866153713400e-82 4.642779158987171511e-73 1.715221953891132323e-66 2.355711987869050266e-58 6.554527120010481858e-51 6.388300692487392154e-44 6.965216918387446840e-39 1.545598792764296292e-34 1.755840484152508730e-29 9.728694771669584376e-26 7.214348864386447348e-22 1.219119178531572391e-18 2.406074524552346030e-16 6.320509169288054907e-14 1.075690307778599448e-11 3.376764314891401547e-10 1.322442932193293981e-08 1.456590756982435384e-07 9.304000752081238044e-07 4.258582331667493031e-06 1.385888144174783639e-05 2.392691270970039781e-05 3.291170918796447481e-05 4.280696772122624205e-05 2.830915891751120290e-05 2.787415944832052504e-05 1.289648000225631237e-05 5.052941343985231544e-06 1.357309792155292965e-06 1.365396334477030983e-07 1.318416473706352011e-08 9.249167491727272034e-10 2.930590650829989056e-11 8.445141057344657929e-13 4.999305252558133885e-14 1.876258946636369315e-15 1.955246184218326078e-16 1.555681239243791383e-17 7.597234469085857129e-19 3.345401094857003083e-19 7.384283944295150300e-21 2.013497449755736142e-21 1.256672560801639609e-22 5.034489751645521631e-24 1.689342422969139282e-24 1.137643851916491502e-25 7.926452459331405742e-27 1.600968897139994885e-27 2.700205539297637620e-27 6.881279050121199187e-29 7.708134508713176521e-29 3.183530678390911044e-30 1.781046984845616610e-30 5.434058016811120099e-32 5.829420522234479535e-33 1.307682524232761627e-33 4.585461844494643761e-33 6.474331936927707949e-34 4.125500790273147009e-35
1.046258169026971034e-310 1.325831651055646929e-272 3.752187257345365127e-242 1.478088768167496052e-207 2.230606492497052863e-185 6.636316075770795794e-163 3.358594598698391772e-148 1.659087200300237293e-128 1.303713511545190494e-117 5.047974819225713770e-102 7.923975916344726569e-93 9.228230040863555107e-81 1.226982332604883146e-73 1.926540810782620899e-64 2.997233520508827919e-57 8.913177950692250630e-51 3.411391458987155068e-44 1.539123379010525156e-38 9.468114460373959400e-34 2.190457450674878736e-29 4.017875557418219940e-25 1.619978919646509425e-21 3.631363896095106752e-19 6.063516335134607317e-16 1.330263479811160995e-13 1.756540492206249088e-11 7.068062485406146610e-10 2.750946922898946344e-08 2.185315158913467483e-07 1.395829834490931461e-06 5.343788369600562488e-06 1.769930916900508199e-05 2.901685991751945241e-05 5.112020731833227262e-05 4.813484851962485350e-05 3.911446218093101720e-05 3.173768171995338099e-05 1.370105645069090126e-05 5.783965936257608248e-06 1.677490001948294543e-06 3.986599396782974608e-07 1.737744907337524968e-08 9.740273109865142170e-10 7.121273199249149334e-11 5.947926335943063513e-12 2.658263868464171269e-13 7.318026299696568784e-15 8.894654207359644995e-16 3.072652973116256809e-17 1.113070914856408605e-18 1.627107641486838430e-19 6.439772172906938063e-21 1.054488738850825062e-21 2.581413384654099190e-22 2.535545876677269772e-23 8.808688874574981951e-24 8.889914427173051891e-26 4.326254596636749914e-26 4.714283168297975737e-27 1.354846048879801354e-27 2.042713332875597166e-28 2.493710142770394057e-28 2.413070511383105834e-30 2.899975974715003642e-30 2.323382532549216863e-30 3.166201924105959618e-32 6.194331588330142665e-33 2.424051948415763996e-33 1.109851496642741975e-33 1.743103946143014313e-34
1.237163306403859305e-306 5.067876560547414992e-265 5.914323490493253234e-235 4.772869656654550218e-203 1.270147117891086819e-183 2.360594532327169203e-163 8.948787751946295876e-147 3.428808979188328605e-129 1.652091360676627792e-113 6.557185108431690006e-105 1.400879653413987439e-91 2.525813593512271387e-81 2.648829416110491342e-72 1.491638747689631391e-63 3.735654051283434357e-56 2.149649112233814542e-50 2.236513608239064682e-43 3.260378890710978672e-38 1.648468580336489172e-33 1.534669020901232581e-28 6.001405887579569862e-25 3.840319893271758062e-21 1.324641650586485409e-18 1.660679693556388935e-15 4.580535601646162800e-13 2.436036167035952643e-11 9.641255052557255677e-10 3.600569373848979411e-08 2.771853955841306828e-07 1.860607799651834250e-06 8.262722853435913113e-06 1.728589481763525618e-05 4.167452537764271140e-05 5.317854683140102028e-05 5.030580584238851895e-05 4.775747208284740637e-05 2.808856037592029773e-05 2.607945846458133060e-05 8.211370999308056776e-06 2.237294054275304746e-06 3.320150325668259340e-07 4.099853358869910374e-08 3.148465383901399925e-09 1.465723844864547568e-10 7.536034770809617804e-12 2.748971206174919262e-13 2.125592228165966993e-14 6.974131358209900799e-16 5.458487580759185405e-17 6.900181311672568547e-18 4.075769204963128193e-19 2.048418192995952095e-20 4.701236221357172866e-21 6.510583231203067522e-22 5.589209231290991548e-23 1.593128127743338983e-23 1.243961354738338517e-24 9.416802641870849190e-26 3.236471402527266478e-26 8.296435374139665886e-27 3.069798492268528357e-28 1.189909133384451877e-28 3.524477568973022963e-29 1.815673488843363118e-29 2.614706301991456732e-31 3.410222066284566226e-31 1.719016526935308807e-32 1.339207330423311449e-32 3.065830742680775756e-34 1.945728373394277665e-34
3.398959195160064488e-317 1.428497014373915602e-272 5.488156204743220010e-236 2.506742600122238434e-206 4.399810090910924328e-183 8.371840860747865678e-164 2.003864825964584472e-143 9.207038871109658157e-130 5.945790467690030106e-115 4.628288220141301984e-102 6.275184941851763734e-91 2.520478633396307957e-81 2.375948088476513916e-72 5.270020230888938138e-63 1.868004110338918204e-56 2.095032554999984655e-49 7.286651425354605482e-44 8.351083064354668869e-38 1.343174114316714765e-32 8.203230723942844627e-28 2.064624937946033198e-24 1.466605747812686016e-20 3.840728910168946289e-18 2.058713241778354468e-15 9.663914785649112802e-13 3.919443936859865966e-11 2.210682171331358373e-09 4.258449329961254143e-08 3.946373627666138971e-07 2.251631493191157088e-06 9.700427562540377526e-06 2.892477599632277819e-05 4.904435400278156309e-05 6.433965141232093009e-05 6.856214468506832737e-05 6.498983894390692264e-05 5.763334544309836328e-05 2.945915648859190797e-05 8.529946184373849943e-06 4.230236775761344402e-06 5.323570496999195497e-07 4.187996833745359658e-08 4.617339771347210566e-09 1.389724861708320153e-10 3.945914795582922212e-12 9.539309859391232300e-13 2.102403554460378984e-14 1.139362417383586216e-15 7.829681041975837788e-17 1.543420484677789138e-17 2.803481560122700636e-18 3.573789765780695347e-20 5.363091426301110527e-21 2.202551395151653761e-21 1.786549012919635034e-22 6.623658101251654297e-24 1.209921780794969792e-24 2.483509695839758000e-25 7.843647004731939155e-26 4.296147647070598696e-27 4.609604268904846545e-28 3.404018017999908151e-28 2.746998014417892650e-29 3.225383726386514057e-29 1.135748121132119436e-30 4.277559624608427474e-31 9.628829882756035594e-33 9.454889402372554103e-33 3.614496650132743923e-33 2.158355947615549929e-34
9.833095591596441298e-306 2.746966470640637979e-267 1.250195234660896026e-229 3.211824724329585438e-209 5.760209096389939957e-180 3.631756330442860699e-162 8.413860888078737790e-145 4.712984782117888073e-127 5.880918342576453204e-113 3.428331372435530454e-100 7.040026148035843994e-91 1.189585394807920347e-79 4.667850337884039836e-71 2.013360708800608803e-63 3.565915527192651527e-55 1.130288949227317825e-48 3.858947735573027022e-43 7.100236017435391649e-38 1.113860096365052983e-31 6.716271710001990168e-28 1.650517147439103080e-24 6.759167565582786338e-21 1.251305054338454291e-17 6.684513522497741475e-15 9.555385018486771068e-13 9.969576838221440402e-11 3.671491873518007377e-09 9.604681721440627119e-08 5.657560677876350054e-07 4.764927869159393056e-06 1.476439160571678170e-05 2.698878708699279695e-05 6.157453991347283412e-05 7.614326486501110105e-05 9.446901407907795710e-05 9.748490171169531900e-05 6.225877914111921623e-05 3.924892751135108324e-05 2.116516292666578209e-05 4.893077210127535973e-06 5.601997196108472200e-07 1.438806701165856517e-07 5.882290453076283147e-09 2.705819717981075839e-10 1.809233367300996785e-11 1.745853363230386344e-12 6.818930016685370940e-14 1.760510266860326336e-15 1.510564946059630640e-16 2.199104814600959394e-17 7.587929242190866237e-19 1.220784571698073341e-19 1.403564262169095026e-20 1.540434745754253443e-21 1.079449266366927669e-22 8.401276599808991386e-24 3.656892374440750202e-24 5.272640901626182679e-24 3.531294774817119189e-25 4.058626132681873757e-27 2.601828355482153591e-27 1.358523488123190923e-27 2.106334578031422434e-28 6.611275491308497236e-30 1.406242560581239265e-30 1.693117667003269082e-30 1.912743499428197763e-31 5.388266041482977992e-32 2.035532165194100611e-33 1.017218886796475618e-33
1.861556086648225442e-310 1.215063094167690094e-257 1.370162203886586502e-232 1.139288238891375209e-209 2.263311222299244588e-182 4.813287353164255617e-160 6.453304713841287780e-143 1.135440041889056242e-126 5.363768380650198673e-113 4.521521980321393927e-100 1.299135263014591350e-89 1.165919550782481360e-79 1.685167292368380620e-71 7.265811345625375968e-63 1.634562485939261160e-54 2.894861185887085997e-48 2.598950104274743603e-42 1.563263921096323684e-36 3.340924750475942553e-31 9.765865291643532005e-28 1.870978949007209564e-23 2.060996249858947132e-20 2.709489689332969116e-17 7.342104811981272926e-15 2.220217452660452509e-12 1.594871659704564582e-10 5.802929895568709818e-09 9.801056054906256747e-08 1.031982272737631962e-06 4.972854340478255373e-06 1.496633579235348590e-05 4.549196189605698906e-05 6.880498551644990133e-05 1.086925972691948179e-04 1.097420355982441813e-04 1.101778681017213387e-04 7.521336813169251492e-05 4.447098254034257032e-05 1.388573964548173349e-05 6.074149272851367226e-06 9.438883186231772305e-07 2.659415905050108982e-07 6.654410567011093941e-09 7.115496494929048671e-10 4.312505611906750488e-11 2.208356784367872388e-12 1.368010803743224161e-13 1.566174909190494950e-14 1.833853435448441326e-16 1.426408382644307235e-17 2.391100688372848671e-18 2.848021159372069669e-19 1.382633755349322521e-19 3.256716469776476570e-21 1.012811986752348340e-21 3.958443301490480492e-22 6.893688640575632931e-24 4.294783366406523158e-25 2.878981142105781991e-25 8.316494986305410085e-26 1.435975585853280692e-27 4.336971428915085109e-28 1.754217557083031991e-28 1.224956209324325732e-28 4.629878698772690245e-30 2.148690659416274675e-30 1.063145256466691164e-31 1.236095831687728477e-31 5.853558087628973040e-33 7.191359561081964006e-34
2.014693540030592466e-297 1.329090679188480905e-267 2.117440050453416872e-235 1.085204772741822626e-207 1.871390299622190108e-179 1.310527125886388106e-156 2.553325514095725288e-144 5.546025037361468198e-128 9.209994449858248933e-111 2.684135528377952959e-99 1.252609391722222046e-89 1.721733622845464016e-79 4.932422922687129489e-70 6.183443000257927746e-61 3.881538388978589436e-55 3.221432059596966864e-47 2.297255854070263106e-42 3.802428850166137353e-36 3.558761814363977131e-31 2.074212028580380854e-27 4.267902949538000495e-23 2.276922141671769883e-19 4.004327273677873512e-17 1.602405189502778149e-14 3.397377221657254721e-12 2.592110414059835557e-10 1.946262014716754250e-08 1.534436359703793742e-07 1.842328107817869519e-06 7.410291531343459048e-06 2.554665634501885756e-05 6.032546171518820698e-05 8.010058223673355304e-05 1.171732166726274695e-04 1.324663945481920253e-04 1.485093644356416144e-04 7.919430061721996093e-05 5.470282835858661830e-05 2.666551327499306099e-05 7.686123057842149039e-06 1.732070105067259268e-06 1.069363828251228865e-07 3.179242631282872390e-08 1.393708721443404344e-09 1.009868519029037920e-10 2.113856520440212973e-12 1.333932599279530118e-13 5.603801560803135914e-15 4.109756014134969718e-16 8.529240509735316394e-17 4.579515190118239721e-18 1.319513648874768678e-18 4.809886010893222666e-20 1.104189182612091001e-20 3.919049563149554935e-21 1.662229607330106138e-22 6.571639041938748123e-23 1.851082032477758067e-24 4.502943595631496576e-25 3.397299465692724877e-25 1.720820113377658521e-26 1.603224802621865130e-26 8.502377956543358803e-28 4.873733867424766113e-29 6.474747006353907331e-29 2.350210467432619045e-30 1.044838873718690465e-30 2.889243108671972828e-31 2.658523482693492475e-32 1.839373572558525651e-32
7.568423347758600005e-313 2.918938001863327745e-269 7.824807020599745923e-236 5.544501728312741032e-202 3.221635139473977705e-179 2.321740310252646145e-159 3.486181773594793410e-140 3.099243023057615156e-125 7.103270846787407367e-111 5.163419640921069061e-100 7.024471065776200834e-89 2.347284593090368813e-78 5.069745007680251242e-69 1.268781963168803524e-60 1.095847935871656316e-53 4.659457815749562580e-47 2.662330641384100740e-40 6.308318592543214329e-36 5.555295692584001119e-30 1.391307441816806434e-26 1.009858251748584037e-22 1.350923523549693733e-19 8.593155196223188359e-17 9.703835768498001082e-14 9.219075932626103207e-12 3.133147497459622781e-10 1.336112378791125935e-08 2.264075559513453180e-07 1.870874585800404186e-06 1.353894029693694014e-05 3.266406942585318654e-05 7.688964097381806458e-05 1.099508029810685350e-04 1.550258841570186093e-04 1.699605847037603226e-04 1.243202570615798157e-04 1.320978843716816189e-04 7.165309764608292394e-05 3.607406489703541863e-05 9.027246016958237997e-06 2.245021695501079839e-06 1.880352314159675772e-07 1.861003181135722895e-08 3.186958641648151234e-09 6.872884669081705567e-11 2.143241873404417809e-12 1.340933710719901763e-13 1.195719357174423873e-13 1.263869861336232348e-15 9.797073395526531366e-17 1.521557084877457989e-17 3.848582008430817653e-18 2.225734848294660623e-19 1.165051402552266635e-20 1.796651233753792500e-21 1.168202044932319660e-22 2.085404601687445039e-23 9.799152091780289107e-24 2.063426045978841107e-24 5.880227800531895751e-25 1.122491171558178610e-25 5.293406255901683889e-27 4.380848290130953162e-27 3.867705677348898512e-28 5.049622028948598666e-29 3.382134012501421565e-29 1.941608140828600161e-30 7.860570834275284888e-31 2.230693988449231391e-31 5.756376926477067009e-33
3.363922506660197393e-301 1.789695545615199864e-258 3.603165095724203359e-231 5.766032581744108170e-200 8.430767688665931603e-181 4.832242984108803408e-156 1.590990376878377097e-140 2.733348097717969416e-122 1.037644784816558414e-109 4.452243067265660167e-99 1.525815477900567869e-87 5.590053753068703988e-77 8.132535759677772953e-68 2.794120834922153222e-62 1.784483671613590047e-53 1.966427300258601757e-46 4.771082380063404899e-40 1.026099340383725984e-34 6.040533473536461468e-30 2.191203877188852697e-26 1.826073137964812347e-22 2.977882609704748050e-19 3.499384513339159223e-16 1.468817979010038816e-13 2.010366239564881809e-11 6.635756630321522340e-10 2.688223252614114581e-08 3.687508937284453965e-07 3.391362523949417574e-06 1.559033779932492782e-05 3.910258680783277983e-05 1.101395865227901581e-04 1.700123902761730170e-04 1.750059936619657744e-04 1.593429210331451305e-04 2.012774390086374170e-04 1.362475996761589481e-04 1.239338726905473841e-04 4.798584289065306927e-05 1.574860146213496187e-05 2.530504529273578909e-06 7.350298929373662219e-07 1.844272067941356608e-08 4.128659162199567206e-09 3.226359161196488108e-10 6.210473970745602672e-12 5.622356196591442256e-13 3.620059065957319853e-14 9.189980028583976025e-15 6.550166633821397150e-16 1.842107834330353890e-17 1.544815704217731358e-18 2.406613093711634973e-19 5.801571400981665391e-20 9.055722736478836713e-21 1.318935462965036799e-21 1.872922472822560002e-22 1.111840391449831163e-23 1.248575908713631141e-24 6.606540470525516139e-25 1.602575185740680429e-25 2.936734664802401686e-26 2.247483349329385460e-27 6.672030012637759141e-28 7.156050923548458624e-28 2.729938336082911288e-29 2.590059375289212793e-29 3.090912338105889467e-30 5.127152316959841446e-31 9.608693670692478345e-32
3.405978919132653996e-305 2.735413906317798423e-262 3.676501795767625624e-226 2.086088196748374513e-204 1.343642842635534095e-173 1.021921082928936836e-158 6.528341638288608281e-138 1.352761809292677223e-123 1.714879224410942580e-109 2.794051173656375797e-97 1.328265400756361646e-87 4.465435822198214320e-77 4.218822314910907195e-69 1.036913380132892395e-59 1.847916598794180479e-51 1.116283780690718625e-45 1.161398119191351282e-40 1.874976309652676636e-34 1.420168898950148124e-29 1.981581018283425830e-25 6.563689067169308314e-22 7.919792142469312826e-19 7.029265067858867255e-16 3.189343994077348450e-13 2.650170329655591068e-11 2.097023933436578717e-09 4.328428696611450105e-08 6.671838769778897975e-07 4.914694250196957854e-06 2.269882118499924056e-05 5.947026829900773081e-05 1.060674592524274277e-04 1.814423323603768794e-04 2.356155425394356048e-04 2.244271586778850112e-04 2.307693553790716556e-04 1.810415960766609343e-04 1.150208239930919319e-04 8.003898496163954770e-05 1.901192003749960013e-05 3.021477944724926617e-06 4.965913623020649117e-07 1.330819867938400746e-07 2.675393341876317143e-09 2.637750260417188062e-10 3.164729039442997414e-11 1.976698432884780664e-12 5.405361075932505121e-14 5.627489228680438049e-15 8.109535550804995521e-16 2.457086385379424990e-17 6.596207374833751089e-18 2.999699921848337837e-19 1.159568992805273118e-19 1.258220951465205789e-20 2.501653959957070117e-21 3.674742344280679745e-22 8.435921665469509706e-23 1.136466427595740898e-23 3.924214993258713188e-24 4.639266691425946677e-25 5.535904856455860681e-26 1.863672773761326579e-27 1.389907992639194436e-27 5.928930665977055938e-28 4.203000467672538993e-29 3.766041526467483103e-29 2.552835520718344969e-30 4.397898969812264560e-31 3.226372238948014980e-31
2.939611177170075426e-294 2.991660047499379903e-265 3.747142550884148411e-229 2.053308872964725654e-202 6.218954677300693541e-177 5.729646911587228850e-155 1.164852358950342743e-138 2.206917621664159912e-124 8.656590365255821035e-109 2.476444136323828987e-96 5.284295475889370796e-86 1.600646007237548075e-76 1.875012114031254224e-67 5.700248414010200954e-59 1.244205660875525393e-51 3.480249499368827080e-45 1.517322400215710865e-39 4.216535768099893007e-33 6.008533691460589638e-29 2.130086779341435678e-24 1.749467397214206861e-21 2.784079116724124245e-18 2.145325400914216163e-15 7.515599325209731502e-13 6.275830477121736082e-11 3.952864890695649800e-09 1.201781952857103261e-07 1.162597003500723449e-06 5.867136145786985351e-06 2.620694250215004509e-05 7.047801667103071102e-05 1.465229687544938918e-04 2.089687621149530640e-04 2.932436334977923617e-04 3.119914259112597263e-04 2.807054582354778999e-04 2.008681185261448063e-04 1.496584627154619708e-04 6.959470686858928122e-05 2.927296644659442440e-05 6.462804896492011112e-06 1.165203214397805732e-06 1.493097180195899805e-07 6.590593939345937392e-09 6.191189530981268205e-10 1.806054965082653682e-11 1.087695321795596846e-12 1.643011690914778777e-13 1.986509583078546807e-14 6.957247020404208128e-16 1.280508964370681247e-16 1.411652981056278309e-17 1.933828522542907942e-18 4.799625103406424473e-19 4.823034073103270143e-20 2.262259209100010219e-21 2.978139950897865855e-21 1.947864125703539410e-22 1.289388286028125780e-23 4.850442501343490675e-24 6.688263441691034117e-25 3.679761674655244257e-25 4.009584471535040481e-26 8.755996426229640906e-28 5.459022346795690088e-28 1.942012821032888744e-27 2.843665405718542026e-29 5.309387677266537354e-30 3.452289859938558749e-31 5.089588763611919557e-31
1.807459587723660146e-303 4.888099697640988913e-263 7.401962096330920949e-228 1.424529733798213678e-200 6.921998169145009134e-177 2.378468991012867910e-157 2.023615177517643794e-137 3.126713065384384034e-121 6.174019988259171657e-108 3.151026035317685884e-96 4.119037328838155024e-84 1.738992744618751580e-76 1.035189817197078558e-66 2.443891449088790201e-58 2.361570916114489413e-51 1.334880341614159066e-44 2.736093773090489312e-38 8.924132751839041854e-33 4.206501958432966923e-29 1.265197585009084794e-24 8.252397005232594880e-21 3.461258897858505900e-18 4.017874461194913580e-15 1.107618347844902423e-12 1.325763346305897528e-10 7.522939396468217846e-09 9.964027626669773957e-08 1.423720444377475854e-06 1.053032879774407436e-05 4.073974602062392896e-05 1.128989152641466471e-04 2.038571642450415005e-04 2.570691829992910829e-04 3.231837755625859400e-04 3.673135259878810427e-04 3.330474059390323865e-04 2.849558478702138016e-04 1.885638522447414026e-04 8.429804723475798690e-05 4.419081283351358649e-05 7.419352694824707050e-06 1.576370157241978586e-06 1.561658083136149168e-07 1.030627840655976478e-08 2.305092245224856973e-09 5.566734689793729924e-11 5.064633498239367876e-12 2.286623377553036551e-13 2.024717313171004675e-14 1.498435376451505636e-15 3.323425871709959651e-16 1.152831944606815088e-17 9.067434884551169340e-18 2.513089317670359286e-19 8.827466368257562865e-20 1.975507412208783923e-21 2.714470857912231029e-21 2.227934932013261678e-22 4.167632608656667296e-23 3.143705915570084242e-23 1.223332362176864314e-24 2.411218414800099608e-25 1.288276840569446127e-25 5.444056191909489831e-27 2.734094573586656974e-27 1.402228272292939600e-27 2.446518840439008207e-28 1.721719554717005538e-29 3.257994235398726977e-30 2.344744237722244036e-30
1.317073360014384997e-291 1.274708384392523098e-266 1.568031362866671389e-227 6.405197979334949202e-199 1.534791417738044769e-174 1.082238285251997479e-151 4.311214590354951976e-136 4.033418651919620898e-121 2.883766696991590670e-108 1.672818399897252497e-94 1.342261432259570533e-81 8.409740172195570435e-73 7.905781175110538294e-65 1.488775867989241368e-57 9.217526668324219652e-50 3.344612608670627415e-44 3.968721783733583215e-38 7.758876200759047951e-33 1.302879680333331697e-28 3.626371623287316891e-24 6.262854433758218540e-21 1.429155400261376698e-17 2.117448227267061175e-14 2.937241539522170429e-12 2.013342666472970939e-10 6.801028725873551988e-09 1.765136111170754712e-07 2.212639164238967454e-06 1.047368277164119426e-05 4.810843597847109252e-05 1.401380265825583310e-04 2.477473445684369186e-04 3.028748745963835568e-04 4.059976269093514803e-04 4.198360065822813610e-04 4.059484544846799219e-04 3.679734164246506304e-04 2.087500021919541161e-04 1.097800095327879392e-04 6.027405519163059577e-05 1.127129680269681930e-05 1.260420641669628093e-06 2.204293305433034237e-07 1.591547355811196354e-08 2.498881305677827653e-09 1.089123869866704271e-10 3.097150143349133116e-12 4.184703489333641137e-13 5.681860457623782759e-14 9.086228627581612377e-15 5.467909332342983410e-16 5.814423864367680472e-17 3.786892839865493123e-18 8.514699823002311530e-19 3.460510187306963111e-19 8.295514773673754577e-20 4.770063026186079399e-21 1.905195714228634376e-21 6.711007740368062573e-23 1.759660421228163893e-22 2.928348803004982053e-24 8.347261827862481399e-25 5.493918644114076552e-25 4.035151221560492903e-26 2.942555902092842509e-27 8.784887075684988938e-27 7.752850918985213092e-28 2.239532973089930888e-29 5.791676154000012067e-29 2.407171446685805208e-30
7.173238056892883429e-292 2.999524987321247707e-254 3.873369787281449309e-227 1.483605684285229449e-195 9.198385586052363111e-172 5.164611700821181976e-152 9.333469902466780931e-135 1.451048876077128265e-118 3.794671335351245016e-107 3.093814994821246190e-93 4.526623970681942293e-83 2.745656377513245129e-74 1.132789405525474689e-64 5.477676074941099022e-57 1.347968343213051948e-50 2.344781946319138784e-43 3.135104656535233850e-37 1.561158056666779801e-32 2.337452873277941903e-27 1.343323131302609902e-23 1.707913490494593436e-20 4.645921743606933171e-17 1.233366400261262310e-14 3.704666953528805062e-12 3.518461431037633277e-10 2.208105377024523963e-08 3.641318603460887580e-07 2.864030910449660274e-06 1.996426360574991005e-05 7.107617676392673309e-05 1.894523936596981836e-04 3.068994446132431581e-04 3.796217267753216359e-04 4.567069430083644578e-04 5.192146065269335423e-04 4.630231399667185149e-04 4.411665827203885412e-04 2.545524475614425086e-04 1.721509581797010390e-04 5.949030173737003579e-05 2.453119943667967103e-05 3.051920661882439179e-06 3.003307800149590920e-07 1.067394532071858364e-07 2.570978630014763980e-09 4.841275734244040652e-10 5.441386288844802995e-12 4.816557878799991005e-13 1.651428724697476900e-13 1.104292171571005653e-14 5.330637133915228200e-16 1.137869846606825963e-16 2.107152989499148772e-17 2.010306072469782653e-18 9.019477988163261519e-19 4.943674555282975191e-20 6.540040422418383133e-21 4.979143447244910212e-21 4.080380301165428346e-22 6.607083712669296762e-23 6.761737418767664062e-23 4.264371550545450441e-24 1.005062992819760036e-24 5.542014019552358777e-26 1.073058004168927028e-26 7.288043587410961719e-26 1.391878257357547572e-27 2.342607920074053125e-28 6.809329272709256633e-29 1.570359955532100922e-29
7.591363856623102228e-286 1.392285717619076742e-258 3.031291295570364995e-221 3.054181552438058553e-197 5.858009509308912302e-174 1.857378337454905112e-152 1.991314186543723403e-135 4.975675319383387298e-119 5.380842386997156662e-105 1.966003066979920955e-93 2.269868622907321673e-81 4.852230262278353718e-73 5.618425493900289898e-64 6.517575584605465376e-56 2.364096208887322843e-49 3.819362220844223915e-43 2.980949444468135711e-37 1.408537334487578357e-31 2.992658543481863163e-27 3.201281150694233906e-23 8.868110329073407937e-20 2.090045768128146208e-16 6.251818829835635096e-14 9.258155642132483767e-12 7.937152107709805022e-10 3.025793224434230739e-08 4.518412327801729545e-07 5.257293953525578042e-06 3.005347798372237403e-05 1.083202416534854637e-04 2.103204295802838940e-04 3.644078788234159181e-04 4.862782516284353549e-04 5.889810812240664582e-04 5.815994066495974854e-04 4.987595906043087177e-04 4.630807971608455714e-04 3.645891061951744144e-04 2.396852232958998435e-04 8.675841407061935700e-05 2.229514712152853452e-05 4.297009754564869460e-06 4.933820708930749910e-07 4.655702995208090523e-08 2.933274431184565889e-09 4.284630082503221377e-10 2.128874601719679883e-11 2.408325840086623379e-12 1.050331935403875619e-13 8.119249303721526887e-14 4.119093743019491097e-15 2.406308131670652966e-16 1.120002425964232833e-16 2.047141316984942440e-17 1.596916132203873913e-18 7.992288340246572508e-19 6.296275050037105014e-20 1.716194179487369620e-21 5.407057605523903866e-22 1.433318439131058349e-22 1.171366902711248383e-23 2.260891536585501164e-24 4.116126714468163902e-25 2.920810301544491836e-25 2.793090440566006990e-26 3.107201304002246960e-27 1.954249354925471135e-27 4.067511059388683147e-27 2.535627985822386917e-28 1.391102803083766367e-29
1.002259142800080226e-291 2.100668705791220887e-253 3.872282583851302556e-222 8.460126333380244894e-196 1.091117391922671525e-171 2.346052646702102961e-151 4.299380905483672330e-133 1.756318574154530335e-118 1.539211827324115548e-100 6.612140676201627175e-92 6.482658871630154386e-82 2.269378642467342299e-72 2.893447892253425163e-63 1.009557591752504161e-55 8.040834481213405950e-49 2.753727192332497805e-42 9.695636928441096473e-36 8.877661834279473060e-31 4.245374941576327579e-27 5.341775469659714035e-23 2.435841441250053561e-19 3.272535885410915254e-16 1.410848343561858612e-13 3.319915741032743778e-11 1.224174896819289367e-09 6.087611483977389995e-08 8.228841484027052771e-07 7.939298839881622462e-06 3.658186187665659933e-05 1.204741580202473039e-04 2.603486989411591627e-04 4.860904286610841707e-04 6.079879935533596394e-04 6.889534470494732476e-04 6.925227671132061762e-04 7.057766546492661927e-04 5.551315395298118266e-04 4.330114110544503706e-04 3.282837590265803721e-04 1.244067972688799311e-04 3.784102245604669188e-05 5.128368600726988387e-06 1.279458491238882431e-06 9.004984164962313882e-08 9.026972762760973989e-09 1.157010877017991879e-09 3.805549791320172943e-11 2.802197401574451487e-12 5.237116178543530488e-13 7.902545529526501674e-14 3.991738505004706273e-15 3.360120701840601159e-16 6.691244688597462289e-17 1.359054631346881137e-17 3.439631928509809370e-18 1.791687741342008443e-19 1.596012205030066980e-19 9.482919666003343416e-21 3.397467017033645316e-21 9.556056725899325039e-22 4.259539223131277666e-23 3.249386060787968642e-23 1.990263639540703637e-24 1.144391929016324689e-24 2.279251430022403561e-26 4.206239546412632877e-26 2.616913597915033919e-26 1.292076569327801091e-27 6.878754552841417279e-28 3.234069212886659342e-28
6.680537315006995739e-294 9.980791973789490162e-254 1.273446067429619726e-221 3.244165586734498679e-193 2.477374379877158599e-170 4.816904887844020858e-150 2.153192457851717511e-131 5.722465804065411437e-117 1.206735835221799535e-101 1.676706807256506391e-90 5.601847033667541052e-80 2.780253260711684004e-72 2.806074004657378995e-62 2.890517572852597194e-55 5.042286120998951953e-47 4.064822895085901739e-41 8.860267555746064217e-36 2.976981787022807665e-30 2.023650184163493476e-26 4.093914183313416842e-22 5.168796654698511990e-19 5.886112088472052087e-16 1.848871712270589006e-13 2.733187206254407516e-11 2.310039838459441588e-09 1.244044752603975249e-07 1.455567385799622442e-06 1.230439079616562327e-05 5.768768018885300081e-05 1.798620787661954501e-04 3.595222559928418649e-04 5.787903357598351162e-04 7.753191971701435016e-04 8.971382574238388795e-04 9.941893751045185502e-04 9.448132958334620789e-04 8.482076919920381259e-04 7.134055691097711000e-04 4.456797030259039712e-04 1.892513925667032736e-04 9.383511993149942255e-05 1.364768784209982998e-05 2.569553397238286638e-06 1.352657319574308991e-07 2.508697144555464527e-08 1.228816280504655525e-09 1.426976282197148966e-10 2.914808406503437745e-11 3.174187246020470682e-12 2.179517820185208536e-13 2.122979951419266126e-14 4.118127935385254522e-15 1.975060914499183000e-16 4.571882412950401722e-17 3.614500872347664424e-18 1.764805988897501322e-18 3.947182845244746994e-19 7.692635471536925848e-20 5.212735890682982386e-21 9.133455938823755333e-22 4.719487151753381761e-22 8.617860483244642798e-23 6.333294286272802163e-24 3.053902600184908661e-24 3.053171754025776427e-25 1.420346057259475485e-25 1.668583322484677585e-26 1.266626907533012424e-26 1.139787785418863303e-27 3.738458631858152641e-28
2.575254864116937882e-291 1.676158819756299883e-253 7.302016757775307924e-219 2.489800148533372246e-190 8.296184782234797704e-168 1.765494988316018302e-148 1.195651864269778747e-131 4.969969483562390964e-116 3.513637000968854078e-102 7.052700280480783285e-92 5.766427745236563456e-80 2.161620757035835680e-70 2.626120887286566980e-62 1.323055656651379362e-54 6.058314205594621098e-46 2.157444851369296671e-40 7.713238078315777879e-35 3.388877550408447539e-30 2.224852790998962026e-25 6.123610838366019483e-22 2.691340294548880135e-18 2.497652662334045539e-15 1.234770654016876064e-12 1.049380233027681029e-10 6.948881239064124793e-09 1.501628921122993879e-07 1.910487702249408671e-06 2.261542374599104081e-05 8.686850186440629729e-05 2.830785089807148097e-04 5.702020678232177587e-04 9.397483055298297503e-04 1.166810299747569326e-03 1.344386128947421249e-03 1.465249178265875217e-03 1.478415997104316065e-03 1.269340849214514125e-03 1.076324857849526254e-03 8.000779155748554642e-04 5.283585293572362531e-04 1.800705989803283653e-04 8.259251497904909420e-05 1.383602858955557782e-05 7.301521418319099624e-07 1.049176803536167778e-07 6.930195917119667706e-09 1.898252343732728839e-09 1.206411256379221857e-10 8.527222898296020608e-12 1.174452528330724478e-12 1.049088938008142638e-13 5.219110046452150804e-14 2.779311027662489970e-15 9.942890398727646305e-16 2.554093768443922034e-16 1.241791072477921066e-17 3.601614054438715857e-18 1.809944288857326691e-18 1.239163918010951080e-19 4.280240092737173213e-20 1.498807334206339773e-19 1.500060838619057363e-21 4.681144366397144482e-22 9.164658350725540742e-23 1.776993476473040505e-23 5.665301324023420313e-23 2.757259502001086418e-24 1.842631481335428045e-24 2.860314964843263414e-25 1.427829705636202532e-25
2.078971057363727809e-295 6.419876390060913248e-251 2.462331590791233543e-218 7.690210812537206492e-193 3.567392079322911195e-168 1.662128791515120917e-147 3.290939863479612193e-130 1.004278223249636988e-116 4.975204232756433282e-101 6.594139707274689997e-89 4.391806105246595356e-79 9.151612908515813574e-69 2.389699733047513869e-60 6.079505560579101331e-53 1.545199626003524267e-45 1.058824762268185091e-39 3.015791442225785759e-33 7.776014224852738121e-29 1.586989607551778395e-25 5.043636946827144807e-21 4.985159952251692063e-18 8.032486963898323645e-15 1.703092913508617340e-12 2.403633716527986853e-10 1.143645529396901972e-08 4.320043385774918336e-07 5.872625132921016625e-06 5.570926097009741817e-05 2.383334649859729533e-04 6.737804279838783888e-04 1.162554070237570639e-03 1.549420726485973296e-03 1.810918121594770397e-03 2.061902112126815217e-03 2.234391014122519628e-03 2.046135769495755017e-03 1.995238326545481066e-03 1.769894889163907588e-03 1.651808454777975313e-03 1.330353575550263746e-03 7.767255512450521289e-04 2.954441438301247435e-04 8.535489557753611796e-05 1.463872780342258672e-05 2.563800412909129496e-06 1.724095900891636528e-07 1.265211834924972757e-08 1.758343998282603872e-09 1.814365460386782212e-10 1.464257014212956990e-11 5.517668170324218216e-12 9.309953264281821551e-13 1.266207586299689678e-13 2.020913666225627853e-14 6.819853919337664355e-15 3.674847686116386161e-16 3.975138238929316626e-16 5.326070090812056294e-17 2.068954871324741844e-17 8.348898132474550170e-18 1.938980523210396466e-18 8.423005374893173916e-19 8.400146094826478580e-20 1.309948343171138938e-20 2.738696847646222929e-21 3.140530315252720739e-21 8.449497122624942789e-22 4.920572164439444833e-22 2.136539695445306195e-23 1.285642689424419210e-23
1.295404816152522137e-289 1.047303154779750047e-254 7.004028447146330273e-221 5.939391138096767844e-188 1.020785908920041545e-167 2.894585507666444880e-146 9.727559507093161544e-131 3.924179371648694343e-113 1.964680481290324091e-101 1.233532417798310593e-88 7.765084801506393928e-77 1.533020337512602093e-68 8.860694284504602103e-60 3.597920829953289089e-52 5.016922186308529478e-45 2.944858214191024975e-38 6.697672397406832777e-34 1.504134500221251370e-28 3.167893748710540509e-24 1.084421954709125724e-20 3.680998471674342838e-17 1.525590550889289037e-14 6.838592808015846480e-12 4.006747544287115448e-10 4.790812081218863210e-08 1.337216598327877931e-06 2.768984335316815936e-05 1.893714527217244751e-04 7.147270652137409450e-04 1.433475637643253113e-03 2.045145014066062934e-03 2.412495918320204779e-03 2.581721299096437217e-03 2.772749239924342680e-03 2.777677971677632550e-03 2.795424665625005980e-03 2.697587956987541283e-03 2.553310975041233992e-03 2.381274790065875634e-03 2.190717355725067903e-03 1.619162899070824028e-03 1.204000798772214380e-03 6.006631128040205514e-04 1.500861130529881806e-04 2.952168241501229302e-05 3.410652728408130392e-06 4.730093637418680799e-07 1.126074035262453473e-07 1.609909389939986318e-08 2.714399821560090428e-09 1.184655278138934391e-09 4.488403292532947498e-11 1.120869778527935532e-11 4.269921151798330943e-12 6.988413013544317370e-13 4.964602596800790786e-14 1.322679364271286962e-14 8.915717525754894231e-15 1.636781190803139413e-15 4.076988369399428860e-16 6.047930034906303873e-17 9.986596658215090250e-17 1.811915443753876978e-17 5.093836176918889809e-18 7.466578894873535814e-19 1.476182459019816955e-19 5.963923832807266084e-20 6.189382579888564692e-20 6.733487267673284269e-21 6.305884867616799535e-21
3.476672415546361728e-288 1.559815740220825389e-244 1.064869178167316965e-220 5.615334383434480232e-192 3.446380542568146478e-166 2.541793249878154723e-146 2.859218452182077529e-127 5.267396259719792480e-112 6.813621214690233030e-99 4.982299081541900097e-88 1.387112730760288542e-75 4.626357797268949604e-68 4.331155047977820957e-59 1.015195927771548477e-51 6.865453014492916711e-44 1.451991225918817731e-38 2.081498475674933219e-33 4.877145586615530895e-28 8.880725177692938694e-24 5.484016079263303157e-20 1.052478738334409834e-16 5.578369331701006023e-14 2.495034125292088784e-11 7.775342585460826860e-09 6.218726484704364009e-07 1.748709612632925141e-05 2.906618995528758198e-04 1.190920974692962018e-03 1.923074477468354661e-03 2.480232395134312606e-03 2.847510664202961440e-03 3.093344835085236680e-03 3.212611561239650439e-03 3.344919748580886532e-03 3.359542986698097443e-03 3.318498732801027345e-03 3.292761755866545521e-03 3.237730886567136406e-03 3.076191605528788391e-03 2.736406243194445306e-03 2.538297636978586753e-03 2.303081378730811694e-03 1.940628612239975095e-03 1.295054392251581603e-03 5.844521893844165225e-04 1.848132481095590555e-04 2.991085808270624208e-05 6.154985718168517640e-06 1.220092336718332980e-06 2.075958074541134109e-07 4.905673636829584381e-08 7.181884020048845157e-09 2.360839045099775428e-09 5.690148043346949979e-10 3.144432367318375609e-11 1.347339575870022297e-11 1.371471274283688106e-11 3.670829195997277018e-12 4.065645545020567900e-13 7.507208843957339521e-14 2.000215708898523904e-13 5.016013121470750952e-14 1.432720288361304255e-15 3.397917526656242120e-15 3.709751294480865376e-16 2.030187319186967312e-16 3.847061798310424774e-17 5.772238069767986983e-17 1.441846499037680071e-17 8.779696126093181851e-18
1.537989344364937221e-288 1.610250140080174194e-244 2.707976701433623437e-212 4.408033852077864616e-187 2.735119984600737508e-165 1.178371461973080535e-141 5.315428205420242104e-125 1.018802994857450990e-110 4.113789813554239324e-98 5.515037409504981495e-87 8.227220132606850109e-76 2.019960934191874900e-66 1.452690156643423127e-57 9.169289278999293213e-51 1.557157162777335371e-42 3.730283670217697320e-37 6.374385577599697489e-32 1.374089513350251817e-26 1.044546696319520038e-22 1.473725217981555175e-18 1.911464685274991436e-15 1.479843083091869342e-12 1.626356449448912281e-09 3.222689835926026761e-07 2.013150797173204789e-05 4.541643739831259996e-04 1.524058041790829487e-03 2.435567493881104009e-03 2.968749316724778910e-03 3.331154609508017207e-03 3.438803397943932406e-03 3.636714893325418505e-03 3.805408947201819724e-03 3.816013463112209216e-03 3.831297497500822657e-03 3.855018743085939122e-03 3.851371062055483716e-03 3.715305775439684162e-03 3.513320462618035357e-03 3.353870662307307637e-03 3.150583276625292320e-03 2.945580046306555105e-03 2.551434928288626516e-03 2.159799949951959550e-03 1.852656552524020294e-03 1.469861169455918956e-03 9.353598626229032032e-04 4.876971699093578401e-04 2.164437684335130839e-04 7.137139918839886690e-05 1.676476207036123989e-05 3.319891377971712521e-06 1.204036453870271532e-06 1.240533761693610547e-07 6.235984328168452244e-08 2.742314537848551549e-08 1.413022580756906886e-08 4.138756074939016394e-09 7.498455737269306628e-10 3.889112111480034064e-10 8.599131357662489766e-11 1.076952206954166124e-11 5.763336674037502713e-12 5.867686872034981419e-12 1.810149800097642251e-12 7.544488249654386628e-13 7.419531525422153991e-14 1.915160484310849116e-14 8.400872507394124135e-14 2.290772658275868230e-15
1.911414464315755385e-287 5.174194675577378319e-245 2.840580595030103207e-213 1.913228537928308554e-188 2.301438594416311799e-163 5.651080982899689563e-143 9.692434209069329812e-126 2.954073786937447661e-110 1.301750044938550148e-96 6.723774462280173439e-86 2.664434002436266005e-74 1.237028699167762506e-64 7.053774426188638148e-58 9.834591352021815510e-50 1.019449546235127607e-43 3.944697649927244823e-37 4.124704195005402970e-31 1.025395120157052130e-25 2.155559544596677185e-20 9.616289392772552056e-17 2.746545014652748948e-13 4.690172327570212770e-10 1.858239696748150590e-07 1.765705018030861901e-05 6.198306541086178898e-04 1.780434938400543479e-03 2.727962825443885127e-03 3.316781037943688105e-03 3.668022546850288092e-03 3.866803016817686386e-03 4.120737455673927595e-03 4.222044800514034718e-03 4.340966926690025852e-03 4.321573836825205912e-03 4.375815191388934995e-03 4.413315572410819385e-03 4.388185299896102919e-03 4.309919138539277869e-03 4.051537443803095856e-03 3.960702580936831599e-03 3.709910150668918605e-03 3.448359958470119911e-03 3.203945249466240777e-03 2.907341409236980159e-03 2.648354931298260630e-03 2.364676479074110695e-03 1.952997220792763999e-03 1.723944824979236658e-03 1.471212815538822192e-03 1.186347422617265975e-03 9.218182358083700390e-04 5.425991012441373686e-04 2.267932780640638621e-04 1.562075229984029442e-04 6.291559988397737524e-05 2.502143844624950432e-05 6.473402530253208856e-06 2.168904503683489972e-06 1.660860567736242788e-06 6.182197837823408522e-07 1.624916394563936977e-07 4.100051789853499814e-08 2.987387701555478453e-08 8.049980087395489220e-09 1.204798226116269968e-09 7.632324450369193391e-10 4.415306808968383750e-10 2.232950247696953507e-10 4.740224251609253185e-11 2.691066509161041442e-11
5.436003620160242519e-282 7.570335950756525009e-246 1.260688869269138538e-211 1.515424840600164108e-183 3.415500682565312896e-160 8.679106796738772041e-139 1.928233802296621176e-123 4.608623179960032051e-107 2.441106546132378492e-95 6.422839099307827865e-84 5.692692687121640852e-73 8.265684731983129235e-65 4.195505106736648244e-57 3.390992097010546200e-48 3.861455720526279486e-40 5.393804163130436653e-34 3.528399997314544507e-27 2.643957812645512270e-22 3.411516346063869987e-18 2.160056849783732140e-14 9.410971983070436119e-11 6.608246683899369672e-08 2.490122738384604662e-05 8.638672498993412796e-04 2.442804366822580366e-03 3.267194862575785713e-03 3.700728515592032961e-03 4.016776695048738730e-03 4.298311332241301283e-03 4.427107766545392703e-03 4.625211826630290859e-03 4.717408035227880700e-03 4.789480781950391196e-03 4.932132926955521551e-03 4.915128410471602399e-03 4.870027789283266212e-03 5.001490357429467029e-03 4.924189546177505823e-03 4.760837113509247542e-03 4.603430373536521528e-03 4.319864052071210707e-03 4.071362531801145900e-03 3.816223011907421327e-03 3.356840084322600375e-03 3.286933740809175417e-03 2.969052176055786505e-03 2.763241694720219768e-03 2.737226739258938508e-03 2.456505348010010453e-03 2.225340610371839140e-03 2.036273084216760638e-03 1.697501524837898533e-03 1.602259072916060317e-03 1.516724668837155475e-03 1.181606566126504158e-03 1.134872169881517368e-03 8.488881794301328691e-04 5.903883313926607760e-04 4.680809800582463680e-04 3.910924728014552156e-04 2.273985300632609913e-04 1.732318120275457181e-04 6.699973310727037868e-05 4.364947292532400555e-05 1.257578165273645267e-05 6.576503069987364776e-06 3.479510813016171174e-06 1.338353889685793121e-06 8.017285414494105566e-07 4.962500418354182758e-07
1.370603742816290209e-280 6.476116334609621701e-246 6.973947015181061619e-218 2.828302959759595601e-183 2.974460035216197259e-160 1.591214006822200087e-140 2.114837645965603739e-121 3.385490506642411116e-106 1.467220108575653804e-92 3.258839858027492934e-83 2.493193254582777443e-72 1.185727640444622150e-61 4.262977160612287127e-51 2.907702178183035295e-44 3.969644541547141220e-37 1.430328240667656056e-30 1.825041965303406153e-25 1.545055529680787584e-19 1.386549681875987828e-15 2.821045219356082997e-11 7.275177955535648443e-08 6.724547434663678250e-05 1.402763888863276616e-03 2.859611089976633533e-03 3.567655523318586253e-03 4.103421184346888774e-03 4.317308035779192713e-03 4.622766324193992339e-03 4.770971339772825046e-03 5.001533538226334008e-03 5.177218160686281045e-03 5.262263724966891737e-03 5.390039599369356345e-03 5.375750961740027346e-03 5.537183099466558463e-03 5.562698570921480699e-03 5.727381961907242365e-03 5.678652346930487121e-03 5.467112131494408778e-03 5.462748813196452793e-03 5.171810665355380809e-03 4.793061982828837782e-03 4.398794069124090274e-03 4.103478659475384704e-03 3.820014692703556456e-03 3.527701052137791320e-03 3.450422532723822818e-03 3.209158872723052829e-03 3.068270769312419870e-03 2.896808829719715091e-03 2.806257634960814332e-03 2.608482626191312419e-03 2.462234234678618329e-03 2.448834686408374577e-03 2.456985035669545948e-03 2.208677601655670633e-03 2.048327482046669902e-03 2.005976034484874618e-03 1.821652707904868615e-03 1.582332935117160668e-03 1.633413714588098772e-03 1.581230637519721567e-03 1.371191341828139265e-03 1.113455007957296454e-03 1.047809939895844120e-03 9.238848961682066254e-04 8.045579622387368391e-04 8.798528439914137357e-04 7.170836020747538547e-04 6.102202501312078151e-04
6.378594512344462451e-280 7.218747277296212074e-238 8.468471321716568665e-209 3.071132148635535876e-180 1.486300175812148333e-159 5.297567986860571642e-140 7.223551250675415102e-121 2.325337119914253020e-105 5.213028174361537740e-90 1.720652696989170339e-76 8.411891095843579243e-66 2.933027044958016078e-57 3.912324355075306411e-48 1.438046886336209361e-40 1.323174855546992438e-32 2.602841249228271829e-26 2.181032211160896215e-21 2.201555237447006585e-16 2.426871777186561994e-11 2.153988911799519481e-07 2.189727579011172486e-04 2.121225911635154972e-03 3.296673427343668229e-03 4.048793270502129560e-03 4.332923626345958415e-03 4.662433206786892846e-03 4.955337386165356399e-03 5.205318271283998315e-03 5.434121698712446498e-03 5.543456271518677758e-03 5.688974350651345921e-03 5.842168480410307035e-03 6.020849524499147232e-03 6.102763378966049278e-03 6.229526949839803152e-03 6.414389866908599101e-03 6.454379825414163774e-03 6.527312825432208220e-03 6.593597710319180731e-03 6.533810405317126355e-03 6.359149015853132747e-03 6.002162865155968689e-03 5.484195559600542856e-03 5.157939601495660845e-03 4.552993758446199912e-03 4.262518961701360770e-03 3.984956766256499659e-03 3.931634901449431417e-03 3.742496335926934377e-03 3.656453733073186836e-03 3.564165764580750056e-03 3.296303394691731982e-03 3.198287526393726096e-03 3.210019373642313423e-03 3.120593181778691556e-03 2.867025128080142021e-03 2.765180709895007690e-03 2.741478852061076527e-03 2.736297280170997895e-03 2.502649473845578679e-03 2.503628361756489278e-03 2.421866585984823982e-03 2.395987763567281048e-03 2.244357194711383945e-03 2.210839664458346451e-03 2.252594837570471437e-03 2.124799975029187729e-03 1.960771139698852354e-03 1.902583609629972163e-03 1.925547805538790078e-03
5.944965593078012845e-285 6.631242124523268926e-242 1.068531451837594044e-204 1.981248393195012427e-179 9.810732652176940836e-158 6.818681806096774584e-133 1.450945368813851665e-114 1.466330760739677617e-98 3.797401855229287892e-86 2.315711755375266149e-72 4.091382634003160089e-62 4.702410408225791238e-53 1.184997906149506051e-43 1.848324070134354696e-36 3.946115391009998318e-29 4.802961906250431567e-23 9.370300847436126353e-17 4.786274641023409557e-12 4.003852344354914251e-07 5.014235763646822993e-04 2.856653783867221796e-03 3.868170424768401644e-03 4.398671311070699412e-03 4.716917957039983011e-03 5.122352475223464034e-03 5.300840009001099584e-03 5.571421153581402816e-03 5.916815261590195434e-03 6.086353982971720589e-03 6.242539103547516122e-03 6.340958091972295069e-03 6.439202452311718235e-03 6.678378058713061761e-03 6.779645893279438208e-03 7.001255409420413002e-03 7.100595100536366035e-03 7.349274409319491753e-03 7.465653440546944457e-03 7.600264106039571026e-03 7.721970921487307342e-03 7.816612510962064886e-03 7.854406353329674087e-03 7.241884538292830964e-03 6.889709932923152730e-03 6.437921605888822715e-03 5.702066655749183678e-03 5.374451141748766078e-03 4.823691006760687239e-03 4.696701760142221911e-03 4.548077461109148456e-03 4.431025510644195226e-03 4.029883479273930168e-03 4.056047298173323830e-03 3.803464201344575451e-03 3.731957882593094251e-03 3.664038609703839603e-03 3.562194184289641137e-03 3.469860224226967681e-03 3.374162834682499761e-03 3.301939056400321308e-03 3.269274513852441898e-03 3.121732524359391303e-03 3.119653400732370907e-03 2.932032454059102164e-03 3.031155412206134030e-03 2.958103033694282728e-03 2.870376803260717494e-03 2.776694355924199092e-03 2.766655313854702019e-03 2.626177384331343165e-03
3.389080833476605735e-277 9.494060458243030082e-236 2.202205780421116224e-204 4.403739245214629506e-173 5.165307617131273310e-150 3.111910510852778471e-128 8.071352507253246467e-109 1.166712659207381140e-94 1.088237063346144588e-79 2.125742255435335285e-68 5.277579104842951776e-56 2.908219138232980561e-48 6.006928693598528431e-39 3.888145768602367497e-31 1.130118045602010489e-23 5.935022659679595289e-18 1.406079036104038459e-11 1.292849778103710583e-06 1.139342665574095189e-03 3.282203757491697869e-03 4.288856341705014723e-03 4.861265488699257308e-03 5.285807829737443689e-03 5.490009739068817986e-03 5.724485692427934945e-03 5.988485870627848449e-03 6.414516055586364819e-03 6.722568512177750678e-03 6.837253156868281986e-03 6.869595579442671837e-03 6.993351056936226648e-03 7.217633952336847611e-03 7.335898423318165662e-03 7.504028909589821258e-03 7.747653977628963205e-03 7.853841806464862199e-03 8.220165721706432227e-03 8.482114426303427254e-03 8.676938606363525722e-03 9.015300760445486492e-03 9.335053660786065896e-03 9.641023326138658048e-03 9.830799716136326763e-03 9.667087004028306757e-03 8.928968908080788316e-03 8.726289381759042701e-03 7.858462780793711022e-03 7.473517007925652156e-03 6.870426357830048368e-03 6.894216673844997915e-03 6.310537304791445298e-03 6.012545255153187856e-03 5.823975109517070224e-03 5.494166868494466428e-03 5.181128732870197810e-03 5.029200684683194852e-03 5.164216878671786491e-03 4.724215627179025219e-03 4.465655610726203782e-03 4.631801514981817233e-03 4.531256939850897628e-03 4.496920024127623247e-03 4.138615179608757556e-03 4.099937076456309712e-03 4.159940942701273806e-03 3.912182961586001956e-03 3.800264920146761548e-03 3.946696996538901284e-03 3.780248571790690258e-03 3.662670722628559236e-03
1.547695474599295212e-264 2.881288880260376654e-228 6.088859257119364197e-198 1.309110559781491523e-167 9.139722430042701500e-143 9.011080680215940462e-122 5.168691683578146722e-103 1.872118800412772303e-86 2.299476274116999680e-74 6.365516880514901601e-62 7.610702472738533528e-52 2.540704538594908854e-41 4.697955820752138309e-33 1.003764221018541206e-25 4.353437779918362363e-17 1.697853936336134918e-11 9.673999413116457215e-06 2.079506163389413607e-03 4.189457030326131960e-03 4.971555444765368530e-03 5.403549425999133217e-03 5.806620449644205734e-03 5.947243581758513385e-03 6.184360585960006935e-03 6.589221776145568095e-03 6.767895064451861717e-03 7.154133384822851556e-03 7.397090967376472592e-03 7.542948563457095058e-03 7.731170496698129557e-03 7.843957945168050089e-03 7.938165776052072062e-03 8.114509094550886870e-03 8.344924028968849980e-03 8.467320733705815256e-03 8.924519540419898617e-03 9.112455364067137756e-03 9.300520169812399873e-03 9.714672716902935171e-03 1.018630540066752140e-02 1.074909399250280513e-02 1.144902512889327262e-02 1.181372366138997397e-02 1.268025724314603836e-02 1.270747561806283982e-02 1.246917536846895921e-02 1.194306433882564612e-02 1.198728494855556131e-02 1.107469348047228179e-02 1.101876552544583422e-02 1.023147828130065336e-02 1.033479928034211452e-02 1.020142453408163022e-02 9.922871682935039891e-03 8.802148731794032580e-03 8.813207011706411867e-03 8.510738868722453679e-03 8.294903522746224084e-03 7.809834050929914673e-03 7.430191003980864302e-03 7.514502799203837818e-03 7.308304408269196938e-03 6.721721908387759056e-03 7.078286229417452523e-03 6.372744648130898408e-03 6.903515954183436082e-03 6.486780157038288773e-03 6.170068692661988437e-03 6.638312650698268216e-03 5.901364381996133598e-03
3.014732355189959577e-265 1.132946215692340699e-222 4.126058621702780377e-186 1.955232230200473634e-159 5.684107346836191802e-135 9.500927839171241042e-116 1.065198567121433813e-97 7.430011234557820498e-80 6.030931952873120559e-69 1.212691929381425491e-55 5.489541925786733085e-44 1.764392651105434460e-34 9.201702352533724106e-26 1.517890693200113891e-17 1.479667389641625731e-10 1.522923729330753968e-04 3.490591321139458695e-03 5.196935210467841688e-03 5.753925539224843608e-03 6.121286045085392973e-03 6.283648156765563389e-03 6.548280862402995443e-03 6.763430362167756685e-03 7.042987945261728819e-03 7.435126914837131631e-03 7.796442215897927790e-03 8.220817473998843702e-03 8.349653448794106328e-03 8.382867382030895209e-03 8.528030823694330437e-03 8.650704978625845670e-03 8.771882140624758309e-03 8.835495919245756405e-03 9.190277087106214771e-03 9.477323695200217876e-03 9.583151995928910344e-03 9.897370876206767684e-03 1.052190788911598618e-02 1.086419790039706498e-02 1.142534921188287020e-02 1.199978961215344454e-02 1.285204058757644444e-02 1.351012205336035547e-02 1.458032589491475156e-02 1.561220851940737543e-02 1.645969143738428009e-02 1.704947881785293801e-02 1.681737008777810238e-02 1.732295640512089910e-02 1.685529621396318276e-02 1.650832270987638226e-02 1.673015740539597965e-02 1.689703117986190994e-02 1.684612724344679291e-02 1.692407669836536524e-02 1.829124903379700934e-02 1.750275324459042020e-02 1.802816204408396253e-02 1.690631406953237159e-02 1.715062353896465441e-02 1.628083834134538138e-02 1.702905524376503374e-02 1.612890163749120323e-02 1.564982573513522268e-02 1.543046925517446884e-02 1.486171753474841047e-02 1.432396366822237706e-02 1.407428950047665515e-02 1.516938874325228503e-02 1.434446418993728760e-02
2.957542321152107459e-259 1.629235870181622989e-211 1.212525877697464487e-184 3.488532677916194257e-152 3.533996608841755857e-129 8.936251509935247244e-106 5.931168928739875351e-89 1.169614879950845180e-71 9.403329203190377066e-60 1.294992193326157603e-46 1.928393957032269860e-35 1.166972275257574577e-25 3.728634843264657860e-17 7.142418928438031770e-09 1.418929126973268902e-03 5.273303164717570331e-03 6.546738843236170856e-03 6.711591210279761743e-03 6.942462408760835015e-03 7.083108562171902198e-03 7.403698200151544867e-03 7.464963036392482584e-03 7.705134585486871426e-03 7.901628193302237882e-03 8.481256098020965861e-03 8.985439369166542400e-03 9.438663320882388283e-03 9.617572751239757481e-03 9.466848434091330519e-03 9.382833121143090496e-03 9.414091952433020771e-03 9.659459372440386271e-03 9.883387420658940395e-03 1.015090478052937256e-02 1.040948587181732277e-02 1.078189864766106003e-02 1.113821332957196791e-02 1.141141807364705503e-02 1.194081765146704638e-02 1.257925284885707748e-02 1.334210986986957871e-02 1.432803530200587802e-02 1.531810189318338900e-02 1.630971238528342721e-02 1.735131509028583693e-02 1.913319806682443544e-02 2.055967160140810893e-02 2.196807728938922691e-02 2.295656117425548190e-02 2.408527186126387803e-02 2.431540606744949859e-02 2.484050180410774314e-02 2.585814443200031010e-02 2.644709838657174211e-02 2.734428417959215013e-02 2.886799183488773096e-02 3.042141525823837539e-02 3.198141408882251152e-02 3.513843758758512792e-02 3.654856222578489744e-02 3.835289432799701692e-02 4.147713569240637360e-02 4.442256338315455494e-02 4.481755250669405832e-02 4.709593014500663977e-02 4.940593247694937545e-02 4.823757128145148704e-02 5.060701616636854167e-02 5.063226498542466869e-02 5.118931696672537196e-02
6.418427485382340586e-251 2.441788776431772452e-206 7.665289032094886948e-173 6.428464237415968516e-142 2.446868841163691868e-115 2.430625157541236636e-96 8.277252269362635364e-79 1.211043312502407385e-61 1.948237860031968740e-48 1.252881483880553636e-35 2.626439249569991156e-25 1.256099162392939340e-15 1.498408754418294636e-06 4.531299948297872436e-03 8.041218335375856577e-03 8.144379700500243083e-03 8.039760610512021108e-03 7.861307102954996628e-03 8.308777579838010768e-03 8.296809659663223827e-03 8.396887582069462522e-03 8.442814446114638161e-03 8.748608041840485669e-03 9.257992644557738390e-03 1.009968550334560712e-02 1.053159571173285618e-02 1.074771765995535117e-02 1.063239963997359219e-02 1.047310749901428882e-02 1.037374520292351499e-02 1.056020742360481296e-02 1.072232392716809292e-02 1.085241720219642242e-02 1.101443197928002327e-02 1.150332788890836254e-02 1.177673543757504042e-02 1.224915528686655944e-02 1.258039083164741272e-02 1.311279578809021289e-02 1.401621259412533238e-02 1.478890492761909467e-02 1.599962101621982963e-02 1.711279894520172096e-02 1.819670634477065993e-02 1.912471428546307778e-02 2.093327750094687786e-02 2.289576727561032365e-02 2.522472451427048082e-02 2.730695639990742343e-02 2.919833648647431057e-02 3.097437466684174398e-02 3.237550475193214788e-02 3.394171969854420379e-02 3.600793672436245624e-02 3.774161196844962041e-02 3.927626077636680452e-02 4.141439027238781601e-02 4.468175375450239573e-02 4.783063654598042336e-02 5.226743079537105735e-02 5.644407530040167903e-02 6.345860849313458840e-02 7.073457702775130806e-02 8.065236426032375283e-02 9.101094297352294027e-02 1.022315343264185161e-01 1.156395929538304723e-01 1.261820192319053346e-01 1.368869694900376188e-01 1.471470821340135071e-01
4.300666301691889434e-234 2.799850583029286949e-196 7.649268446080726244e-161 8.431321786597039040e-133 9.624854956626150504e-106 2.786032329165342850e-84 8.856179199584763505e-67 1.591316530582205235e-50 7.277869894051899945e-36 4.851600145604799182e-24 7.631633504281076357e-13 3.068789334774930694e-04 1.456275057092082902e-02 1.212732277833362959e-02 1.055317155409375533e-02 9.708839876098664459e-03 9.749526368168117199e-03 9.401321612210083653e-03 9.874543039020459989e-03 9.929705446232660673e-03 9.453441582958493905e-03 9.854665664867711533e-03 1.036576895353314397e-02 1.102077710445332863e-02 1.169690543379309569e-02 1.250633882495372912e-02 1.246855646006001309e-02 1.191356062756885985e-02 1.165908973052269017e-02 1.176700377676675839e-02 1.160643273638028473e-02 1.189749903955336641e-02 1.213278923505722341e-02 1.245067977514120044e-02 1.280129607055591548e-02 1.320232825293719651e-02 1.360852467600804500e-02 1.401167972547457015e-02 1.461761300263628334e-02 1.533030599437495457e-02 1.631891438012646536e-02 1.763276336616005635e-02 1.924758708350974429e-02 2.049267306001387526e-02 2.120981385432703370e-02 2.249006094157930333e-02 2.471203224909837223e-02 2.756315206013533123e-02 3.003344271793351866e-02 3.298411578211429829e-02 3.618807510220879708e-02 3.849069816767322627e-02 4.118917789679593655e-02 4.400670637415658726e-02 4.720837598026760701e-02 5.014415453806346512e-02 5.393278678627605460e-02 5.810088145673229787e-02 6.152473488641935911e-02 6.675856666590689048e-02 7.161351818922420676e-02 7.717835138825894503e-02 8.432239763677375211e-02 9.133157981864450936e-02 1.008440449400492822e-01 1.099533623469876042e-01 1.235108690502276924e-01 1.381110051404833006e-01 1.501533793773715819e-01 1.662522487030949625e-01
1.654822732345900801e-220 1.232374476572148626e-181 8.180758705993581317e-146 2.532456622085310541e-118 1.068863212666294103e-90 1.148503712948301704e-69 4.863312378390998974e-51 2.701138928043295015e-35 3.137523839652232864e-22 1.157481307637475455e-09 8.914796697240122414e-02 5.920905301466743154e-02 1.934905465298620078e-02 1.429614220738474606e-02 1.274661346650375962e-02 1.201904263510242613e-02 1.139184067542291061e-02 1.142759464913639320e-02 1.171223005012922772e-02 1.109426493009876662e-02 1.092173681485211767e-02 1.166513455726802227e-02 1.246332542366085025e-02 1.343420027567893138e-02 1.415843926657506940e-02 1.443362162526209969e-02 1.415326461500671443e-02 1.347085394809802161e-02 1.293621701567199828e-02 1.297000450600044492e-02 1.296946735271828702e-02 1.314967961611751383e-02 1.336696767360485982e-02 1.381316550524540505e-02 1.423079931775646755e-02 1.479936952461971024e-02 1.501602509322111194e-02 1.579280058942580250e-02 1.634121204682252929e-02 1.707881721792828267e-02 1.836464482501284565e-02 2.003522268926647906e-02 2.163479880603901007e-02 2.343056843487426391e-02 2.485219477901810803e-02 2.528029529445164486e-02 2.689769936918391322e-02 2.893551469612312688e-02 3.226512735024291562e-02 3.544927754985637697e-02 3.939362814923477729e-02 4.308737626819092448e-02 4.774320650425940837e-02 5.109884418173323006e-02 5.502120199548936330e-02 5.933947301904385352e-02 6.397201700484514419e-02 6.998159759633956756e-02 7.516185691898624732e-02 8.163947614302072275e-02 8.999926554282923485e-02 9.651001525793145852e-02 1.046230101736595475e-01 1.129513228317292339e-01 1.194110836901765837e-01 1.287135556147324944e-01 1.375961322433376932e-01 1.459700201022994526e-01 1.554870670434745639e-01 1.663992918540495858e-01
3.018772409699965751e-206 1.422182964942096784e-165 8.391750338188379101e-130 8.565516563299766651e-101 8.634305156568550000e-75 3.277260428273391748e-54 2.466339134457539951e-35 8.702236267337826318e-18 9.348638400560424391e-05 4.163770567214243878e-01 1.841458775130518644e-01 4.217888202065615127e-02 2.280107114029486862e-02 1.746879848850532019e-02 1.601944516877682953e-02 1.446125329274903365e-02 1.398229552472895869e-02 1.469994025903950674e-02 1.353746785453273371e-02 1.263837521132692154e-02 1.298359791074440127e-02 1.423207106993248233e-02 1.541823476662959949e-02 1.646711024073927582e-02 1.738928560616684674e-02 1.695142056481403411e-02 1.610544069549368559e-02 1.509132279783826844e-02 1.478130143911790019e-02 1.446064719335173054e-02 1.466468462956734518e-02 1.497910381742067684e-02 1.544412492035533192e-02 1.589314320530617330e-02 1.613749371637081959e-02 1.645908090317618755e-02 1.709490498931822561e-02 1.765072669753865731e-02 1.824796713109521837e-02 1.898664752239147269e-02 2.029423892012609254e-02 2.232925352542584896e-02 2.482546082433927451e-02 2.710975586057691109e-02 2.890259969670075021e-02 2.953486147706067128e-02 3.065788134394826364e-02 3.274003510217957796e-02 3.522728725514345099e-02 3.777397161002998133e-02 4.357259709583158336e-02 4.845467097410945112e-02 5.479710573827473868e-02 6.025651518947643115e-02 6.525520190869514570e-02 7.029606978279208385e-02 7.587568057626840889e-02 8.125094017637188304e-02 8.745738538536720896e-02 9.498391463462578510e-02 1.019037967951177265e-01 1.114594963950861911e-01 1.212878470957845511e-01 1.320471516607404361e-01 1.429745494309993814e-01 1.543829580443588922e-01 1.646921729834886494e-01 1.740921223784309690e-01 1.828902476036289304e-01 1.909592727216803676e-01
4.186096276946571194e-183 1.004501572240867014e-142 7.962858845543238411e-108 1.409104416647068167e-79 1.080225140223769795e-52 9.496910129753959574e-32 4.029289829265666203e-12 6.831403000809554982e-01 5.464652721291962667e-01 3.138660986597430758e-01 1.164333945480847954e-01 4.251902211288718231e-02 2.878408589747435964e-02 2.298394543938611645e-02 2.034910184161577498e-02 1.820555755792199401e-02 1.868950058816859494e-02 1.707483027264964856e-02 1.523140324476189578e-02 1.526113490038427667e-02 1.671030832775419889e-02 1.773970508246651423e-02 1.959860617653491274e-02 2.129077621911916116e-02 2.116184603011665374e-02 2.002745619390868675e-02 1.873135825243865335e-02 1.685929477890915629e-02 1.666106895425400677e-02 1.651805850061606462e-02 1.679185707337914335e-02 1.696540468963306930e-02 1.721175302363690124e-02 1.775338024909527135e-02 1.826927418252357119e-02 1.900988509898373161e-02 1.918910974584536050e-02 1.991575336613086999e-02 2.073069165430246538e-02 2.155215365921585649e-02 2.321616673820954893e-02 2.481329860669240217e-02 2.847568103798000030e-02 3.149879070162334149e-02 3.445826947021948805e-02 3.596910448403829730e-02 3.690760590274394515e-02 3.842594408297108494e-02 4.067745081361334725e-02 4.355478191620790890e-02 4.798148247956410956e-02 5.307507253104987166e-02 6.081878623117245586e-02 6.840649635093913605e-02 7.701774539713593382e-02 8.508934136587620323e-02 9.237115435869437674e-02 9.794298638442770766e-02 1.050603782255768309e-01 1.105650936045870086e-01 1.181176515012115485e-01 1.241291055504968183e-01 1.341763299136058685e-01 1.431419143343903300e-01 1.537801939834187170e-01 1.656497171539394464e-01 1.787468277830031316e-01 1.924329537099493115e-01 2.024833091418026809e-01 2.152025997603383978e-01
1.768797270951450531e-157 4.513304807545584211e-119 3.672480502289151033e-82 6.400350213060327363e-52 1.564518323666856412e-25 4.178407749747622171e-05 7.938467912919120462e-01 6.335694727655495351e-01 4.387667450528638380e-01 2.508124511127909351e-01 1.186789667492378075e-01 5.980370885560765820e-02 3.944099108640927026e-02 3.233198303756305847e-02 2.584124990293437674e-02 2.705351849616560375e-02 2.515982357427346341e-02 1.976650759653685030e-02 1.862703998651614803e-02 1.985588448812044410e-02 2.150120444872808886e-02 2.418651209616059020e-02 2.606520065822010013e-02 2.687035211186802885e-02 2.615573513443043147e-02 2.374831069013982540e-02 2.157721188473298718e-02 2.012454531305159916e-02 1.889031343804702459e-02 1.905771598253951093e-02 1.928222411841970865e-02 1.993818252941111091e-02 2.027432692170502704e-02 2.036587422242693360e-02 2.101689002198795994e-02 2.192001773018834726e-02 2.262659263865191700e-02 2.326069883019982534e-02 2.400589933649427410e-02 2.525446295902896571e-02 2.683334873481950378e-02 2.937817000534215586e-02 3.262140192073407358e-02 3.802636233715114139e-02 4.221784413729875313e-02 4.557340801113491519e-02 4.745878578344574217e-02 4.864102175880346407e-02 5.056786336357444595e-02 5.252108603308455748e-02 5.575890195840476488e-02 6.095913271771347813e-02 6.808502751634515349e-02 7.810495277788602475e-02 8.800137126448427660e-02 1.002392203822457667e-01 1.121978499638025401e-01 1.241571526410457926e-01 1.322201902451541899e-01 1.384893183368167968e-01 1.472301233472201043e-01 1.522426765868129805e-01 1.587787508163625572e-01 1.654416230653144027e-01 1.726117312710400975e-01 1.797679615411877374e-01 1.910457588954371233e-01 1.993195621150778696e-01 2.094565833674925659e-01 2.253473190726293929e-01
7.538218160239825601e-126 2.450324766834040599e-84 3.893990710411625986e-49 1.292252691514708183e-19 9.307987531692749616e-01 8.507029967672400383e-01 7.120822449786858854e-01 5.520520992860945553e-01 4.028909004634050883e-01 2.700922875367485765e-01 1.671012273625315792e-01 9.517471426360507580e-02 7.073793742183313860e-02 4.558733352059563676e-02 4.168740029184222345e-02 4.155270297262695506e-02 3.106421569497546525e-02 2.459764654390433208e-02 2.473080646819536890e-02 2.734879816878387979e-02 3.099069398675506626e-02 3.438876076244849062e-02 3.672278153268491996e-02 3.614151614272256147e-02 3.314552048175881116e-02 2.884195420922229178e-02 2.540153388794750416e-02 2.359501816964083148e-02 2.322232637481283501e-02 2.297176264841398544e-02 2.281862843394748611e-02 2.337323214433953411e-02 2.367192751949476898e-02 2.438824879417278782e-02 2.496616104836493072e-02 2.573027125799107542e-02 2.677649838362488113e-02 2.785233163194323139e-02 2.912396392017338118e-02 3.001451923369423055e-02 3.194464383965769927e-02 3.450033502219904818e-02 3.954697694166599276e-02 4.560188279726523630e-02 5.401285204763057318e-02 5.975758972757602011e-02 6.337552029380781604e-02 6.698459123313046937e-02 6.851420780164266255e-02 7.072189118964274102e-02 7.318244929069156468e-02 7.729847880851198338e-02 8.457404194681698850e-02 9.265621814953500790e-02 1.053629391118424963e-01 1.188486215730104462e-01 1.340602805496699246e-01 1.483191859542046520e-01 1.646522722767683744e-01 1.760253272050106288e-01 1.856039637538403342e-01 1.946887754479807719e-01 1.996889898978615185e-01 2.048284242121446441e-01 2.113841142173457921e-01 2.157754277191757941e-01 2.198367809351491620e-01 2.251006204892315732e-01 2.328866890814696999e-01 2.393620093008281546e-01
5.924519636934105995e-85 4.521831191316343428e-46 2.242279366179540735e-10 9.660335151574779289e-01 8.988009363968141319e-01 7.904674444107896436e-01 6.710587886769215915e-01 5.484700786622960234e-01 4.364243728997652672e-01 3.331635547775839146e-01 2.452607022400151715e-01 1.767496691717378166e-01 1.216531205459658455e-01 8.532063995462031702e-02 8.222638749615984732e-02 6.481483612786352599e-02 3.986354312542542827e-02 3.400637538099456764e-02 3.606064050778069741e-02 4.166097539536361277e-02 5.009224418808524287e-02 5.529485714106371214e-02 5.781805022601070598e-02 5.305343144550642154e-02 4.378024565586764033e-02 3.504186190270673629e-02 3.122956448453715131e-02 2.884143612076793886e-02 2.820197355295734135e-02 2.767639118554375555e-02 2.843845358928266329e-02 2.868817647377409560e-02 2.935915608918241576e-02 2.993942598788199710e-02 3.152864854118013482e-02 3.219898212317677533e-02 3.362461500526773422e-02 3.467752208282819104e-02 3.642700472524569577e-02 3.773947393025585406e-02 3.946844340785045369e-02 4.250424329544082169e-02 4.910730115922279371e-02 5.824311745029746995e-02 7.075499356217354596e-02 8.354488602522858187e-02 9.203325053325943361e-02 9.779733268958436254e-02 9.882345659936109250e-02 1.041380287521744136e-01 1.050079043339862267e-01 1.090972520498559306e-01 1.151143881923045731e-01 1.218294131366271654e-01 1.326666665458002825e-01 1.465005258614522354e-01 1.612487121498524245e-01 1.801530653225763279e-01 1.957955358030774307e-01 2.112167660829654126e-01 2.250833648525729647e-01 2.392750975979236472e-01 2.476427184212325050e-01 2.562237744539204165e-01 2.614046686488293858e-01 2.696707540329036368e-01 2.728817942685943243e-01 2.734427491611637895e-01 2.775882642436802161e-01 2.807768352990454575e-01
6.984166514196810276e-38 9.945304935476996233e-01 9.860512943414709852e-01 9.442511575178949013e-01 8.709627476698348358e-01 7.825412385444907581e-01 6.885436709282772849e-01 5.904551687766445012e-01 5.000575102293659535e-01 4.317327790294363532e-01 3.418337216519696242e-01 3.011326805429733189e-01 2.093040309950838784e-01 1.910116899182123240e-01 1.761130999340147774e-01 9.731331225482321712e-02 5.843751981041819810e-02 5.683644429115272678e-02 6.771756936687106654e-02 8.462106823265788669e-02 9.920931817036346412e-02 1.080554470235408904e-01 1.007882020252888200e-01 8.753457009866896787e-02 6.370950194112513787e-02 4.934946840105028376e-02 4.277380052405087285e-02 3.871046484408852822e-02 3.715767998054014809e-02 3.727424329277787690e-02 3.732319198801677118e-02 3.664350626749119516e-02 3.909094979304119505e-02 3.957057531852156695e-02 4.094692917113659097e-02 4.311720505752125732e-02 4.481833372494591766e-02 4.695271276918716596e-02 4.939976357489535980e-02 5.229585298628405127e-02 5.438336117260360314e-02 5.782194218866740232e-02 6.523879877717445042e-02 8.163679410639522460e-02 1.055636928236000777e-01 1.230599098758425325e-01 1.418089548760059493e-01 1.518699528598050075e-01 1.607297416377678478e-01 1.648838149944011622e-01 1.687258221069094233e-01 1.693114884065891057e-01 1.757477657567735330e-01 1.785391798653681306e-01 1.896559972084975731e-01 1.995464975187254963e-01 2.119034860811304377e-01 2.306042369092254074e-01 2.430117853980114373e-01 2.596087801004547946e-01 2.766860957161549339e-01 2.940000913785955627e-01 3.050036500412657836e-01 3.127081379580796683e-01 3.233880216032107846e-01 3.311434407446223194e-01 3.373132196957958073e-01 3.395330848391968637e-01 3.422542722415515826e-01 3.444400675011282109e-01
9.997777865720618440e-01 9.968345574828914035e-01 9.795329574167093156e-01 9.415461620804854714e-01 8.834762545642506071e-01 8.138023896799434498e-01 7.442939551293016320e-01 6.736239258635472460e-01 6.018344100041856937e-01 5.331292299403609380e-01 4.745747886229429446e-01 4.196383885907745692e-01 3.532588860673224751e-01 3.511652695341248021e-01 3.031022792154798862e-01 1.784051290348790675e-01 1.265752774190620489e-01 1.434555062517420820e-01 1.747371718888834358e-01 2.036602013986553994e-01 2.216498771679463742e-01 2.261430407794640107e-01 2.061991966442860424e-01 1.632374005015845009e-01 1.059677429506053759e-01 7.632567808871680570e-02 6.114577514025322513e-02 5.713686296049893393e-02 5.748863356209479164e-02 5.544963696647860901e-02 5.520020975750455916e-02 5.791611876553659499e-02 5.767851019825225023e-02 5.907260369347032414e-02 6.249514098973665138e-02 6.400297129747697933e-02 7.079365980011693982e-02 7.360645241287550045e-02 7.893425227693923185e-02 8.202040769638989370e-02 8.690526868538879512e-02 9.429938560355274890e-02 1.045644817628714612e-01 1.299459737877506071e-01 1.610163715348135183e-01 1.952146990745757260e-01 2.244124633784213840e-01 2.428529089657145423e-01 2.548923547572291559e-01 2.549811462513104643e-01 2.645455687852892868e-01 2.639651558301430168e-01 2.655949453825690587e-01 2.698789835359780565e-01 2.728739466195203023e-01 2.782421078414355486e-01 2.856041080241782937e-01 3.016897061175627948e-01 3.170435686088942662e-01 3.255209356580996416e-01 3.438301507843876670e-01 3.550099394149527909e-01 3.706119650969805224e-01 3.791685125335826911e-01 3.929211152440361676e-01 3.976938977848830103e-01 4.024737011672381848e-01 4.087559620889266165e-01 4.124783705483336949e-01 4.178540976290382458e-01
9.998014723597841158e-01 9.966281511434151863e-01 9.830991234327405293e-01 9.554011708931271496e-01 9.148612374184753593e-01 8.667521041699064455e-01 8.127334314464916831e-01 7.545858132023863796e-01 7.070608225226560073e-01 6.396551479284057207e-01 6.106752633468152114e-01 5.307239096544614787e-01 5.165015629493615590e-01 4.951788487875660172e-01 4.191795358480402411e-01 2.949295563877152304e-01 2.708514853767355346e-01 3.037356264817200890e-01 3.340551524442150755e-01 3.575629090925759312e-01 3.749599719808912046e-01 3.674074634212831647e-01 3.304018099483893023e-01 2.731532146705502595e-01 1.863655589580422434e-01 1.377583745714668351e-01 1.112255837281509591e-01 1.004859953718522658e-01 9.562498365847485471e-02 9.457035927976276124e-02 9.462854990581655301e-02 9.678814433370690196e-02 9.738335774483421192e-02 9.955460119010467457e-02 1.062799957464923423e-01 1.101909628692039483e-01 1.171433388749094223e-01 1.230846562359232677e-01 1.356137681516519089e-01 1.391504575056403126e-01 1.447134236589084633e-01 1.540450294073708870e-01 1.648771628682146329e-01 1.891991221003202495e-01 2.280122103495988983e-01 2.691815468867392314e-01 3.007077013592022174e-01 3.226201040105991513e-01 3.336408549991792816e-01 3.414485653125928222e-01 3.472116183178681759e-01 3.503864015581713565e-01 3.492272606599191032e-01 3.477779045395170687e-01 3.557525589852889025e-01 3.572959279470019345e-01 3.559215660077305610e-01 3.637023988225551729e-01 3.704118532421638577e-01 3.808262290457576360e-01 3.950140232239389704e-01 4.055993215703892485e-01 4.183600860366474827e-01 4.299314257904562342e-01 4.385548073334021302e-01 4.493604210031255097e-01 4.566170563998207532e-01 4.634767358433737883e-01 4.689477192331179545e-01 4.703665462023788324e-01
9.998043539811248825e-01 9.973297587152762933e-01 9.875351833960376302e-01 9.685717509059312835e-01 9.361909080790671300e-01 8.974761545849992972e-01 8.548585423018960627e-01 8.053565974523005933e-01 7.623239987511972737e-01 7.155804613632118505e-01 6.802817417923316956e-01 6.153035750171014229e-01 6.106897192358889948e-01 5.721525491623425941e-01 4.723765697566208455e-01 3.937050687023539441e-01 3.882607964818684532e-01 4.187841243240504885e-01 4.485064406976326246e-01 4.634215010897407283e-01 4.606533740524365594e-01 4.450890559038142569e-01 3.989775872647329247e-01 3.127255315482037057e-01 2.380180034964572977e-01 1.926411698513765536e-01 1.682560659617959031e-01 1.558667588270985227e-01 1.479664008541566045e-01 1.394965820666299594e-01 1.433936986418422044e-01 1.415049793704850623e-01 1.440020585026529076e-01 1.503559557408802871e-01 1.519599253965067398e-01 1.597582189536368158e-01 1.698947451654849727e-01 1.753318081272190188e-01 1.891590770309777014e-01 1.929041775815280024e-01 1.978581342798137466e-01 2.049831126199795350e-01 2.159742213203341976e-01 2.340827647413935286e-01 2.656539373295034867e-01 3.088235517511399575e-01 3.421308850437718152e-01 3.669427175990622736e-01 3.802444988867725306e-01 3.916170774431218526e-01 3.963663681561174768e-01 3.975903882801574696e-01 4.017341745718364665e-01 4.010104476558452591e-01 3.998495823359765611e-01 4.001727949904794746e-01 4.025081114283061146e-01 4.043847344042352798e-01 4.100909385228011517e-01 4.162491347492713878e-01 4.222763654123058430e-01 4.294467461778344597e-01 4.411026905472287818e-01 4.515116319350522267e-01 4.606784453165950755e-01 4.718872853698177772e-01 4.829019241655556627e-01 4.899116496163405388e-01 4.934009089679572968e-01 5.010967934513307354e-01
9.997650383691166764e-01 9.973092709333692962e-01 9.886337114512870894e-01 9.694995014700407143e-01 9.425824259721032883e-01 9.074135196322116181e-01 8.686558779368905858e-01 8.272841669470401005e-01 7.757332541829573547e-01 7.476764182813430137e-01 6.964360327526781802e-01 6.574932630831051839e-01 6.428300338278103432e-01 5.896428628248272519e-01 4.867365256316504296e-01 4.426434217165500229e-01 4.533850031039053929e-01 4.798345343010890773e-01 4.962263063065435187e-01 5.083586530093525679e-01 4.982271827364728178e-01 4.668374532375465513e-01 4.073941878911754855e-01 3.236839921094050720e-01 2.549635908950146912e-01 2.171970644133650874e-01 1.962733739893129659e-01 1.834938457726960903e-01 1.748712579367393272e-01 1.711838053654516634e-01 1.679212785732238367e-01 1.692683706226107976e-01 1.731816199326217665e-01 1.766270077275141903e-01 1.809545707743168697e-01 1.887761937544147062e-01 1.960705276059606372e-01 2.066302580846236525e-01 2.135807285886883178e-01 2.232100897921984461e-01 2.288581966244050969e-01 2.308639366175148089e-01 2.373586336353157300e-01 2.484294217376905312e-01 2.773779107369595542e-01 3.126165664280692869e-01 3.457568773833285536e-01 3.746464627249820323e-01 3.945562021558770560e-01 4.058407235913437106e-01 4.151300745398396885e-01 4.199177630183049126e-01 4.205575356133370857e-01 4.219424544837019342e-01 4.220951123611927369e-01 4.227420588231531884e-01 4.232122434836178004e-01 4.234053506385694887e-01 4.240482280010866023e-01 4.262202806794035403e-01 4.313233368704748050e-01 4.376901804308565569e-01 4.434617428375257631e-01 4.537587191186447932e-01 4.634896207825096592e-01 4.729128659336298557e-01 4.824720762419555387e-01 4.901475741462102409e-01 4.971455533788489700e-01 5.037459309972438515e-01
9.995193712242901318e-01 9.963056773260107191e-01 9.859453062215209895e-01 9.652129100075642620e-01 9.370363175754296003e-01 8.999383236989465518e-01 8.600234100243807633e-01 8.234796512599058538e-01 7.742441637060807347e-01 7.459653176435163680e-01 6.844660565427753696e-01 6.671032694528631346e-01 6.413438527119176280e-01 5.645925819522452649e-01 4.776454597173604433e-01 4.645776003870673021e-01 4.832001140234190584e-01 5.045084605091216812e-01 5.137589571875832428e-01 5.147133936495298379e-01 4.958440963896567077e-01 4.510726104000806758e-01 3.811907094233735749e-01 3.044563853056737046e-01 2.500135907696013904e-01 2.211505742783458073e-01 2.038073585548757227e-01 1.924451122157637140e-01 1.849862186449288404e-01 1.812121681943847373e-01 1.798650897327134512e-01 1.793497286278476210e-01 1.812482569685910372e-01 1.870126923226251847e-01 1.916175534056056007e-01 1.984781997656762387e-01 2.074467231806619572e-01 2.172400461170375385e-01 2.260975258464558157e-01 2.348888513816411450e-01 2.405988775568290439e-01 2.442209366277232341e-01 2.453846063409839406e-01 2.530816880562034021e-01 2.709669127633255181e-01 2.983822846279007290e-01 3.306217605756361921e-01 3.627278380331596663e-01 3.841151152086675902e-01 4.027308287554778321e-01 4.138946958656942732e-01 4.204397636259314952e-01 4.259007273724033649e-01 4.275626326604943794e-01 4.290760180077203834e-01 4.289180595113178396e-01 4.295153758375123143e-01 4.294487937748445172e-01 4.298340647231747025e-01 4.307488076737077121e-01 4.333722915964128841e-01 4.364234716321608865e-01 4.415103160462535148e-01 4.476239070536994769e-01 4.554367366187319632e-01 4.630615651852414971e-01 4.696812227447335619e-01 4.796363892074573809e-01 4.879006950972355483e-01 4.952039858497412350e-01
9.987685818026683648e-01 9.931568554855472186e-01 9.798030881348033239e-01 9.556028077912296359e-01 9.225139043872685463e-01 8.860316377608710159e-01 8.453729248507039218e-01 7.984519362179682833e-01 7.671028291853738690e-01 7.168185349527755879e-01 6.771509624460767540e-01 6.624316612442628927e-01 6.148735092006081260e-01 5.226038565867077157e-01 4.749444708962865525e-01 4.800559774539590596e-01 4.977968761236347683e-01 5.110535264012027179e-01 5.144097724925082993e-01 5.048982477542980352e-01 4.741343022639107896e-01 4.167792199500898742e-01 3.432262160765212067e-01 2.774607605385821518e-01 2.395980244486874133e-01 2.178571531464271183e-01 2.030810171100764783e-01 1.933972248199929134e-01 1.870261021774927424e-01 1.830439715603234263e-01 1.811620422529683361e-01 1.818757153048705111e-01 1.840683874628515904e-01 1.882218024304604942e-01 1.934221515281022152e-01 2.005250587953666397e-01 2.095699558501571136e-01 2.200348246350839754e-01 2.300289892223153498e-01 2.391427618989237502e-01 2.459600424368809934e-01 2.488246202733627732e-01 2.500886593680676229e-01 2.529053042772587134e-01 2.624290889810127481e-01 2.814827323717311591e-01 3.081844720309844243e-01 3.372924778990366024e-01 3.667629942362305995e-01 3.871316124399059588e-01 4.024220446315752153e-01 4.144472490978341472e-01 4.209524660569786692e-01 4.253129452850848979e-01 4.289698588736941542e-01 4.304117080775802240e-01 4.312149586733011186e-01 4.314801169146982862e-01 4.319306583390078447e-01 4.324736634152994696e-01 4.331354360681225479e-01 4.345757146882315847e-01 4.375064867432416627e-01 4.408763988874272455e-01 4.453572734534819721e-01 4.521038375444073054e-01 4.576094249004012959e-01 4.647742716338706392e-01 4.735603957837049571e-01 4.811241986371263546e-01
9.957909986077502218e-01 9.862468235843717679e-01 9.685182199269395387e-01 9.399927490708405164e-01 9.049296714170594891e-01 8.645789637079231982e-01 8.236904708310457401e-01 7.780761653167009850e-01 7.445739529621581143e-01 6.908911962742895208e-01 6.688150777959258608e-01 6.397641119551525923e-01 5.649171107561553606e-01 4.938419947908403995e-01 4.796980555389383505e-01 4.902496905437166430e-01 5.039203575899636744e-01 5.094441805406426660e-01 5.042470377196678344e-01 4.828847299416985095e-01 4.372215177217663173e-01 3.724708105689550353e-01 3.043157621225823783e-01 2.586957972820952412e-01 2.300609050434336555e-01 2.124997687548584591e-01 2.001790914709115077e-01 1.914223642043330065e-01 1.855875428745926148e-01 1.819905164184643931e-01 1.803521505978512851e-01 1.810789714243803417e-01 1.835961445645704904e-01 1.874874900010365386e-01 1.930454921269885438e-01 2.003141107764953577e-01 2.091107077109194967e-01 2.199378544775497657e-01 2.310025863006938962e-01 2.414882672768791649e-01 2.488843559022440033e-01 2.526141173724437139e-01 2.533095603549500585e-01 2.536800250262485901e-01 2.578538419798911407e-01 2.690168650159816544e-01 2.875288944306172434e-01 3.144365402697655298e-01 3.395860054492157998e-01 3.627926505390926537e-01 3.836362733998108787e-01 3.990466048071640848e-01 4.106102015241823167e-01 4.184772808803884359e-01 4.243981790678391652e-01 4.279803156671836972e-01 4.305214578982329843e-01 4.319529145042217966e-01 4.328813855229399765e-01 4.335087128154018199e-01 4.339630055410141907e-01 4.346230412913323349e-01 4.358250110257269605e-01 4.373433610790990467e-01 4.398285852241097249e-01 4.431474138025491838e-01 4.464300649339756899e-01 4.514621298167807439e-01 4.569479298311488469e-01 4.643511574471920755e-01
9.893163144088488181e-01 9.731532353522553969e-01 9.500425330795997381e-01 9.167383819655731125e-01 8.778353827539004950e-01 8.374850920742619165e-01 7.921389194960245517e-01 7.577034294430204930e-01 7.048544109797124646e-01 6.735736076152083474e-01 6.483236298473685766e-01 5.937994300362946509e-01 5.207903826767170674e-01 4.874442988498531859e-01 4.873252145909145461e-01 4.966671337997389246e-01 5.023758274360631271e-01 4.988415590192464832e-01 4.834899321756877533e-01 4.488838211267831557e-01 3.920131073687411205e-01 3.282563498252036860e-01 2.753928058867042838e-01 2.441446827653338536e-01 2.221402515438541947e-01 2.075963470353407447e-01 1.968777663836861203e-01 1.888872167791949552e-01 1.834427764646172354e-01 1.803212433757977462e-01 1.793044431376711878e-01 1.797938312104694070e-01 1.821262080570187902e-01 1.862256346468760815e-01 1.916827497539091985e-01 1.992849563589573769e-01 2.082109461889958824e-01 2.190838442501254757e-01 2.308711351915181953e-01 2.420998654892402568e-01 2.510768693496905346e-01 2.558370394542980319e-01 2.570947687743344034e-01 2.563118736306038703e-01 2.567253283309586798e-01 2.610057256585149310e-01 2.715618974632222904e-01 2.907475196060400058e-01 3.128237033341766393e-01 3.358152427195472689e-01 3.589558648881690517e-01 3.791122388927551379e-01 3.936324005065692244e-01 4.057565567737766443e-01 4.155339858530283093e-01 4.219766461438874128e-01 4.261931612993988261e-01 4.299074367091073046e-01 4.321897711022967270e-01 4.339024754800847594e-01 4.349087858244832794e-01 4.357613485593804237e-01 4.364778850885502881e-01 4.373301806058038088e-01 4.385433928654577374e-01 4.399047053455206746e-01 4.419261866307012676e-01 4.444226346305218955e-01 4.474334786948410692e-01 4.519954633211495931e-01
9.730504424347475867e-01 9.517918328107061177e-01 9.218927905507725562e-01 8.842810467660408014e-01 8.455766687365127154e-01 8.012832578134657657e-01 7.618372990378498022e-01 7.169321545727883604e-01 6.781382042235108987e-01 6.512187212030650096e-01 6.082915111356008708e-01 5.420242500118570561e-01 5.005022158223870754e-01 4.895064257150415488e-01 4.914214578454564331e-01 4.940827597408403715e-01 4.909073098637914967e-01 4.779766435833312510e-01 4.502700031694183980e-01 4.022334654492941142e-01 3.445575640461928102e-01 2.936970321667841666e-01 2.568501952851469650e-01 2.330641376882455207e-01 2.157875049721557636e-01 2.031838068717585766e-01 1.935529215267669523e-01 1.865863744413860936e-01 1.816675564096389417e-01 1.787709987850547577e-01 1.776573417704214175e-01 1.785251717498143875e-01 1.807044454649557319e-01 1.846541900822785964e-01 1.896353836123872427e-01 1.972081928086669711e-01 2.057466910647947622e-01 2.175201069767062900e-01 2.293965387123205746e-01 2.418158635315854066e-01 2.523396540723669146e-01 2.587243046577444305e-01 2.609970274374124322e-01 2.601250553640976904e-01 2.587307755802934484e-01 2.589658249152809177e-01 2.638882201943066330e-01 2.736413531914053121e-01 2.897193017415828908e-01 3.094630330063372625e-01 3.307967449890115708e-01 3.514405693655997531e-01 3.710478791834646017e-01 3.864315635242227542e-01 4.002992411653559790e-01 4.102992205377016810e-01 4.189354125391846484e-01 4.248098834660216649e-01 4.290868096623804973e-01 4.323599226731210110e-01 4.347324172046743151e-01 4.364946769295057205e-01 4.379054246533963801e-01 4.390010612022833270e-01 4.399673432882579838e-01 4.408462356780289415e-01 4.418284133352471388e-01 4.431459402508278189e-01 4.449182345713212361e-01 4.468545657117893311e-01
-1.000000000000000000e+00 -1.000000000000000000e+00 8.824807631210140890e-01 8.443291262642943495e-01 8.020722429405241494e-01 7.632049767329414092e-01 7.186308214240202386e-01 6.790556128615454767e-01 6.495850662743090087e-01 6.105279096868529987e-01 5.583674702031964365e-01 5.144044712411433018e-01 4.945047643700690165e-01 4.889149602671294947e-01 4.864869748771632474e-01 4.810142845670216105e-01 4.673842059899844803e-01 4.448737135801407727e-01 4.051020141478767767e-01 3.554716876995274721e-01 3.077335854731650944e-01 2.693105677981168511e-01 2.442272836880475251e-01 2.246470326757604441e-01 2.104019058366937145e-01 1.992190839940006786e-01 1.906574616991849602e-01 1.844582702779267169e-01 1.798236260239109430e-01 1.771956830115892223e-01 1.763948219503249648e-01 1.768842027635544045e-01 1.790216839391817194e-01 1.824878418422928028e-01 1.874104865545313248e-01 1.939050812287052283e-01 2.034498068854513342e-01 2.144067384600427395e-01 2.274633291108264510e-01 2.402281859660560515e-01 2.527127567675639397e-01 2.607341310074106633e-01 2.643928860978557172e-01 2.645208274610353905e-01 2.625487137516535618e-01 2.608281896322751092e-01 2.611403744543934202e-01 2.644593159746547739e-01 2.726317225876221939e-01 2.847432813279189845e-01 3.037834245118611887e-01 3.193428746843945398e-01 3.419641287978584798e-01 3.588385910538734458e-01 3.775724169615893300e-01 3.901097751369309030e-01 4.029569795511704355e-01 4.128418106371650187e-01 4.204916023426263361e-01 4.270319762929877250e-01 4.317083245347919096e-01 4.354084387324671512e-01 4.380458797937956672e-01 4.399947853302919598e-01 4.416457601124457732e-01 4.430959439082425289e-01 4.442207332747620252e-01 4.452566659358903611e-01 4.462047532002283434e-01 4.474121171108241257e-01
-1.000000000000000000e+00 -1.000000000000000000e+00 -1.000000000000000000e+00 7.974240179896676661e-01 7.590277431165903810e-01 7.181159400761687461e-01 6.780533019419109353e-01 6.457492672673501577e-01 6.082228976354778771e-01 5.638043372327524727e-01 5.246308236797057045e-01 5.003403457816305577e-01 4.873818575323928814e-01 4.792976897320553320e-01 4.702064576393185646e-01 4.570217360350020130e-01 4.350271302822412145e-01 4.000867807735278836e-01 3.587293705272580069e-01 3.174621620264828081e-01 2.816107975113036344e-01 2.541865855133076946e-01 2.340510044720327254e-01 2.177491657333842645e-01 2.057250027341434306e-01 1.958421947056140644e-01 1.882959343141296649e-01 1.822178928302226053e-01 1.779867469622910536e-01 1.753401851073362605e-01 1.743958795075731816e-01 1.750864538908838142e-01 1.770227197188932733e-01 1.800356635975119968e-01 1.847296557246686788e-01 1.911701107880463824e-01 2.000225391971112154e-01 2.115035920806516145e-01 2.237977873877610990e-01 2.385465329084597297e-01 2.513187717348849826e-01 2.611818351365912116e-01 2.666672330950017322e-01 2.680712992183345023e-01 2.666542668906629054e-01 2.644441978198664445e-01 2.623363134407440400e-01 2.622725668835198531e-01 2.646460970699245907e-01 2.706678469989137192e-01 2.804335714796901691e-01 2.945573124189475034e-01 3.119134691152634087e-01 3.295047204616931014e-01 3.477548336641154147e-01 3.656048633566753026e-01 3.806162566055604213e-01 3.979532636753522201e-01 4.076866998745108939e-01 4.158375477357105221e-01 4.239202341411277830e-01 4.300477117056876741e-01 4.347761691925300931e-01 4.385187352793084026e-01 4.416060062718257240e-01 4.442072765380774002e-01 4.462076617288968650e-01 4.478527329152251490e-01 4.492657409048814166e-01 4.503980769784504123e-01
-1.000000000000000000e+00 -1.000000000000000000e+00 -1.000000000000000000e+00 -1.000000000000000000e+00 7.113392053311170526e-01 6.748610531232765997e-01 6.396571553853519498e-01 6.045793651901983923e-01 5.657774713912667730e-01 5.321443250578392625e-01 5.047021363627670620e-01 4.860284865145852451e-01 4.722811244703266076e-01 4.591987376807917243e-01 4.439142060085164987e-01 4.235064917553927333e-01 3.956476857566662564e-01 3.597240542342552416e-01 3.233831105739308764e-01 2.905846459572872242e-01 2.640587703380047890e-01 2.427730537176204795e-01 2.263345304876631658e-01 2.125529289293517365e-01 2.017725233486299397e-01 1.929580993544679490e-01 1.857659361345946891e-01 1.801082149285311851e-01 1.762637764863306811e-01 1.737215661870050443e-01 1.727544050739076575e-01 1.729989416811547331e-01 1.748002300620919158e-01 1.778221976021581163e-01 1.818197590981443235e-01 1.880062335055692202e-01 1.962645958805957491e-01 2.067188000158234340e-01 2.196342311728524399e-01 2.342554606280080887e-01 2.486500370986662878e-01 2.600616851865228951e-01 2.672536316435096815e-01 2.703618550320745495e-01 2.702143088274285287e-01 2.680174471149789350e-01 2.656617039720051698e-01 2.634500983746954073e-01 2.629255112984804632e-01 2.643643216894245307e-01 2.686665762152488646e-01 2.762785404619742535e-01 2.871094328812641705e-01 3.024040149883921447e-01 3.168474894601324143e-01 3.355371332190916767e-01 3.529487618665374526e-01 3.702137248885196130e-01 3.853726434826876823e-01 3.989282845081346673e-01 4.101300753735756532e-01 4.193863945614410560e-01 4.268840487362251523e-01 4.332565112348885084e-01 4.388457511890566654e-01 4.431774834587588474e-01 4.463921100552781240e-01 4.494710934071545205e-01 4.512008868062080680e-01 4.534563926747190998e-01
-1.000000000000000000e+00 -1.000000000000000000e+00 -1.000000000000000000e+00 -1.000000000000000000e+00 -1.000000000000000000e+00 6.315493701906237378e-01 5.977865005002612753e-01 5.656498692105375037e-01 5.332317877348112800e-01 5.062411491741323211e-01 4.832770532637695737e-01 4.646640213847834655e-01 4.488336801468653658e-01 4.313946282650974462e-01 4.117138394162377923e-01 3.869332722940585501e-01 3.588173161719520055e-01 3.283948635415408490e-01 2.988629135086400823e-01 2.727307412797185249e-01 2.513072638293863958e-01 2.339384421954003868e-01 2.198189026924324552e-01 2.079249928928008917e-01 1.980440272774993959e-01 1.898587129105044347e-01 1.834247879670519443e-01 1.782707967058899945e-01 1.743709940884027032e-01 1.720813815959787163e-01 1.709611501400112588e-01 1.710052840302392352e-01 1.724962907040653304e-01 1.750577526636333536e-01 1.788517934954211852e-01 1.845723846202148022e-01 1.925090364197733495e-01 2.021737821770484000e-01 2.147653480242102120e-01 2.291518541190367131e-01 2.436756101631124272e-01 2.564538651157750593e-01 2.657630604420559428e-01 2.709147777165221704e-01 2.721980218259873463e-01 2.710315762171726650e-01 2.687984566748212734e-01 2.661314947134720277e-01 2.641151942098985961e-01 2.629621563087256586e-01 2.635943140204860535e-01 2.660214549326231359e-01 2.714911931111105292e-01 2.807652407422362995e-01 2.916905943861590744e-01 3.046790879559781451e-01 3.210189742532622015e-01 3.380358257514756160e-01 3.549249946031597935e-01 3.706505191221773909e-01 3.881621059522104011e-01 4.021603617020458321e-01 4.118393444290366356e-01 4.218308139169503757e-01 4.301713956419667695e-01 4.372591355725296558e-01 4.433180966302306958e-01 4.472781986679492672e-01 4.508824714616929685e-01 4.544589340293223589e-01
-1.000000000000000000e+00 -1.000000000000000000e+00 -1.000000000000000000e+00 -1.000000000000000000e+00 -1.000000000000000000e+00 -1.000000000000000000e+00 -1.000000000000000000e+00 5.316116833050265056e-01 5.027915946213734610e-01 4.791850671516352245e-01 4.580734582670679123e-01 4.387114818816980066e-01 4.200678185918275132e-01 4.013006397464703445e-01 3.804349238569826874e-01 3.557693795618404042e-01 3.297831382831724611e-01 3.042824669845243801e-01 2.800873275725750955e-01 2.593490619296650590e-01 2.423259397257637171e-01 2.269492468348499326e-01 2.146659009249360650e-01 2.039885544579271848e-01 1.950745900919254039e-01 1.875293662332223610e-01 1.815237204370886981e-01 1.763398837983550516e-01 1.727694977638858653e-01 1.702676195438594109e-01 1.691498968804250880e-01 1.690977458800582145e-01 1.703408347972282522e-01 1.724758332121206217e-01 1.758756724528607041e-01 1.809673673267350458e-01 1.877661655143193220e-01 1.971419840900405507e-01 2.085672791055124820e-01 2.222003003295713597e-01 2.378598500560248630e-01 2.514478010148046838e-01 2.626834851001035864e-01 2.694663476394464352e-01 2.721818945427280645e-01 2.723783406464642676e-01 2.708493034166014612e-01 2.685876270490541451e-01 2.663067433916025406e-01 2.639326948935044048e-01 2.624450564054361390e-01 2.622162004807930824e-01 2.634919187602648982e-01 2.667891866534301548e-01 2.749492138803156793e-01 2.832689286128954875e-01 2.946520759365710562e-01 3.094639027111109608e-01 3.257391598811347766e-01 3.421810797437450091e-01 3.585436533823467276e-01 3.732134897785441829e-01 3.904846724844359129e-01 4.024248283212421562e-01 4.144502595803765121e-01 4.253034841937966548e-01 4.334804601778629585e-01 4.409938107568903143e-01 4.467347767226618194e-01 4.522851650779637911e-01
-1.000000000000000000e+00 -1.000000000000000000e+00 -1.000000000000000000e+00 -1.000000000000000000e+00 -1.000000000000000000e+00 -1.000000000000000000e+00 -1.000000000000000000e+00 -1.000000000000000000e+00 4.757656770107370203e-01 4.508820056196634063e-01 4.308722138507860566e-01 4.117517983746256105e-01 3.923882542348714475e-01 3.732233622337552403e-01 3.521321350532821137e-01 3.305074994658606657e-01 3.081934716226192861e-01 2.870035701854877774e-01 2.669741024901947646e-01 2.493206544707564642e-01 2.342773831000039553e-01 2.209124640107155424e-01 2.100519880858610355e-01 2.002505782710719551e-01 1.920313534900039421e-01 1.850069255745304120e-01 1.792302117154065400e-01 1.743717175072890535e-01 1.709480901418051479e-01 1.685182070276856625e-01 1.672359415634314672e-01 1.671680303222521646e-01 1.679527802996137187e-01 1.698587806180297533e-01 1.730328590208368988e-01 1.774594355129531786e-01 1.836302622538165397e-01 1.916719239643265571e-01 2.025193255590454489e-01 2.157605138113688203e-01 2.309255363357022584e-01 2.457086135751309353e-01 2.575878499897852891e-01 2.658245193795459871e-01 2.701070013570099904e-01 2.717829471768978267e-01 2.713028660821254490e-01 2.695721415417437483e-01 2.674347023727955408e-01 2.650937903622366254e-01 2.630547723129725846e-01 2.613610546461824780e-01 2.604067110867130386e-01 2.607009836058365448e-01 2.628171275213260216e-01 2.674737553527081757e-01 2.753925760908284559e-01 2.842690804263502402e-01 2.971317510721969146e-01 3.121981565179330897e-01 3.284619606275716586e-01 3.456532515246668047e-01 3.597531534388744845e-01 3.771414902614103060e-01 3.935619831161072946e-01 4.060645008236101750e-01 4.170998216966551597e-01 4.262898193348356735e-01 4.365338055006519613e-01 4.437309759902631767e-01
-1.000000000000000000e+00 -1.000000000000000000e+00 -1.000000000000000000e+00 -1.000000000000000000e+00 -1.000000000000000000e+00 -1.000000000000000000e+00 -1.000000000000000000e+00 -1.000000000000000000e+00 -1.000000000000000000e+00 4.253718524705540349e-01 4.045890933817719581e-01 3.859496457438709172e-01 3.673974931518854126e-01 3.486334066477121407e-01 3.297767565921205235e-01 3.101174995841392557e-01 2.911772096518757680e-01 2.721639745338406136e-01 2.552341145102922093e-01 2.405308003338631206e-01 2.271395029759499251e-01 2.155424821578641459e-01 2.056306750489662605e-01 1.968134631005668267e-01 1.891149583491857911e-01 1.825656612263804324e-01 1.771612497966660038e-01 1.725324137368424160e-01 1.690757903612377377e-01 1.667622769277497530e-01 1.654208490427413469e-01 1.650578330721842735e-01 1.655165427323767036e-01 1.673539507784239933e-01 1.697815224043890125e-01 1.739042117058687831e-01 1.794639130869111754e-01 1.869612872468075782e-01 1.970089870674241461e-01 2.095816006340592286e-01 2.228358550164182827e-01 2.379370754886278028e-01 2.506896911851365095e-01 2.603205192222707298e-01 2.661009807290669049e-01 2.691473803340238002e-01 2.697654842434255018e-01 2.690640351409540609e-01 2.675426678532167313e-01 2.655730580137267149e-01 2.633086097675538806e-01 2.612192814023291398e-01 2.594520015339364938e-01 2.583820752592185244e-01 2.581920292984640208e-01 2.593785588597852243e-01 2.625542942727902562e-01 2.675380464692415083e-01 2.758662666444075540e-01 2.858004170166569824e-01 2.993643114427261276e-01 3.130002374659014430e-01 3.275088791746069150e-01 3.479615227901249885e-01 3.629413700131582932e-01 3.794145258506207430e-01 3.938323978332316511e-01 4.086264206818687739e-01 4.194024904362648187e-01 4.307992395561656140e-01
-1.000000000000000000e+00 -1.000000000000000000e+00 -1.000000000000000000e+00 -1.000000000000000000e+00 -1.000000000000000000e+00 -1.000000000000000000e+00 -1.000000000000000000e+00 -1.000000000000000000e+00 -1.000000000000000000e+00 -1.000000000000000000e+00 3.807251718118856432e-01 3.625187188090291945e-01 3.453016283845106726e-01 3.274284772390225196e-01 3.103489608838849723e-01 2.928591159337680661e-01 2.764002508070003694e-01 2.605656237777892459e-01 2.462215982912882573e-01 2.327512575583561283e-01 2.210180085327906607e-01 2.102201399016871697e-01 2.012657664551925074e-01 1.931118382813850065e-01 1.860355841116632936e-01 1.799800901121438867e-01 1.747143069394676285e-01 1.704049809089973055e-01 1.671061927415811443e-01 1.647505816516070254e-01 1.632367074833321330e-01 1.628967071030928415e-01 1.633719889652324453e-01 1.646669675281737799e-01 1.671230278637946820e-01 1.703188756724597075e-01 1.752733746022748784e-01 1.820293018473968516e-01 1.905059388081189187e-01 2.021567224582693778e-01 2.152284596840871866e-01 2.296372795233861119e-01 2.429189462498296537e-01 2.526898338206537420e-01 2.602437829073164788e-01 2.644492485738742515e-01 2.662339229022383513e-01 2.665748818285845201e-01 2.657872949097027093e-01 2.643912425673581312e-01 2.625839911897457912e-01 2.606862298887168139e-01 2.587132584471179553e-01 2.569407679927655508e-01 2.555801419424660326e-01 2.549881766286275497e-01 2.553281323829935112e-01 2.573869583752994017e-01 2.605953923346608359e-01 2.676659110016778031e-01 2.753964613451881371e-01 2.863593541177245072e-01 3.005793979340455890e-01 3.148209449078829270e-01 3.295261356733298341e-01 3.467046269911012168e-01 3.635053792656712801e-01 3.783369602838453916e-01 3.939815363724305519e-01 4.095431124302642556e-01
-1.000000000000000000e+00 -1.000000000000000000e+00 -1.000000000000000000e+00 -1.000000000000000000e+00 -1.000000000000000000e+00 -1.000000000000000000e+00 -1.000000000000000000e+00 -1.000000000000000000e+00 -1.000000000000000000e+00 -1.000000000000000000e+00 -1.000000000000000000e+00 3.415187347919729777e-01 3.252608744781115835e-01 3.095130530318127571e-01 2.940687780157614228e-01 2.787835625891076363e-01 2.640075378158376340e-01 2.496923649496134157e-01 2.369738051778864374e-01 2.255807382558298879e-01 2.148826520969238374e-01 2.052604802809365192e-01 1.970810594633960189e-01 1.895553581349512240e-01 1.826703515467510419e-01 1.771000567106613688e-01 1.722152433894447443e-01 1.682573543650217329e-01 1.648884117917645276e-01 1.626148250426734387e-01 1.612991029781273289e-01 1.607177805177708307e-01 1.610162257419801568e-01 1.621131075469129101e-01 1.641135632928056309e-01 1.672755595240469628e-01 1.714608433224383832e-01 1.774979776139423426e-01 1.851939577257145086e-01 1.950066290078113773e-01 2.074977217789475137e-01 2.205507417277631499e-01 2.337240421296299386e-01 2.449912124548106196e-01 2.526071707930045429e-01 2.576777925986545315e-01 2.606612539064646072e-01 2.621019825386749491e-01 2.622481600952329406e-01 2.614497082431674335e-01 2.602972900425584712e-01 2.587118100449764535e-01 2.569557540625287406e-01 2.551061499796571375e-01 2.535860952769046217e-01 2.522307197671109780e-01 2.512651883337559400e-01 2.511715487385663970e-01 2.522850395087363196e-01 2.550407722591109816e-01 2.596111162595709509e-01 2.667311629779000604e-01 2.750222292064323781e-01 2.878182727022615128e-01 2.976049792408946293e-01 3.164750430546854898e-01 3.296239383508329790e-01 3.485501309551787830e-01 3.640353952564095996e-01 3.804408012312960330e-01
-1.000000000000000000e+00 -1.000000000000000000e+00 -1.000000000000000000e+00 -1.000000000000000000e+00 -1.000000000000000000e+00 -1.000000000000000000e+00 -1.000000000000000000e+00 -1.000000000000000000e+00 -1.000000000000000000e+00 -1.000000000000000000e+00 -1.000000000000000000e+00 -1.000000000000000000e+00 -1.000000000000000000e+00 2.929299693625893597e-01 2.787187613655177643e-01 2.652087903790316115e-01 2.522258272953214475e-01 2.401721450008154068e-01 2.285481387884275850e-01 2.182759140906345430e-01 2.087256693566166277e-01 2.001265007931561368e-01 1.925342240286663509e-01 1.857876861449918315e-01 1.795763276503292427e-01 1.741895380989212927e-01 1.695502031802963716e-01 1.656357350388552585e-01 1.624813921841945508e-01 1.603738901436424225e-01 1.589404420431879683e-01 1.583604850320533552e-01 1.586079854341735929e-01 1.596284093370732571e-01 1.613151745669982873e-01 1.639411623433746079e-01 1.680106019877106449e-01 1.731403120111058014e-01 1.798909383802179129e-01 1.888603690579507000e-01 2.001163499821431158e-01 2.125530836131104551e-01 2.246801432231985696e-01 2.354402536234525833e-01 2.440368982500520645e-01 2.496116978455547863e-01 2.538102531808495987e-01 2.558117270009910849e-01 2.567313345113703127e-01 2.569214327457088332e-01 2.562522714624965170e-01 2.552940996679177732e-01 2.539308437758590609e-01 2.523793253334782882e-01 2.508491255283072374e-01 2.494228521113124875e-01 2.480314125668451608e-01 2.471820511338810034e-01 2.467516838472977869e-01 2.472448308609125900e-01 2.489936957996134181e-01 2.531512525314313367e-01 2.580480406761069823e-01 2.654109414865745697e-01 2.757732950726107246e-01 2.876474957555046896e-01 3.009741479227908134e-01 3.153749555963633600e-01 3.311008474483469466e-01 3.477592074607619987e-01
-1.000000000000000000e+00 -1.000000000000000000e+00 -1.000000000000000000e+00 -1.000000000000000000e+00 -1.000000000000000000e+00 -1.000000000000000000e+00 -1.000000000000000000e+00 -1.000000000000000000e+00 -1.000000000000000000e+00 -1.000000000000000000e+00 -1.000000000000000000e+00 -1.000000000000000000e+00 -1.000000000000000000e+00 -1.000000000000000000e+00 2.644098245449420514e-01 2.527741424174597684e-01 2.415291871010437075e-01 2.304624632125752970e-01 2.204055320384651628e-01 2.113096257132286437e-01 2.026377337494898456e-01 1.949459609405833627e-01 1.878491341241027013e-01 1.815390541023323423e-01 1.760567703035911258e-01 1.709677939961646576e-01 1.666447393723703430e-01 1.630060060052056503e-01 1.600798337098752744e-01 1.580184308236882718e-01 1.566453987376114909e-01 1.560596557624702729e-01 1.561512405757818078e-01 1.568730637957991281e-01 1.585043892181450531e-01 1.610513815333299292e-01 1.644406668185421361e-01 1.692497066895265745e-01 1.753320012863580635e-01 1.834956603219156102e-01 1.929368975585852852e-01 2.039471807072868736e-01 2.156706576358656258e-01 2.257252350012328712e-01 2.343069878900961023e-01 2.409219759560826124e-01 2.453844201399373315e-01 2.482458338747877413e-01 2.496709721637502821e-01 2.504767552365780858e-01 2.505886233373512129e-01 2.502383984232834369e-01 2.493395789636159154e-01 2.482583647357809453e-01 2.470202027841940096e-01 2.457240224343024970e-01 2.444569506992673169e-01 2.432373283127901020e-01 2.423067432442882196e-01 2.420322182289570967e-01 2.422293315189991414e-01 2.434343828219830141e-01 2.464447853543443590e-01 2.504980374127863674e-01 2.563527695959064157e-01 2.628164799023645082e-01 2.751480320069514263e-01 2.861957949446486404e-01 3.007623078111678616e-01 3.177391286418418392e-01
-1.000000000000000000e+00 -1.000000000000000000e+00 -1.000000000000000000e+00 -1.000000000000000000e+00 -1.000000000000000000e+00 -1.000000000000000000e+00 -1.000000000000000000e+00 -1.000000000000000000e+00 -1.000000000000000000e+00 -1.000000000000000000e+00 -1.000000000000000000e+00 -1.000000000000000000e+00 -1.000000000000000000e+00 -1.000000000000000000e+00 -1.000000000000000000e+00 2.404152335622596892e-01 2.309633881379210552e-01 2.209578249070059675e-01 2.124641778464910480e-01 2.042651025394537911e-01 1.967076873018283600e-01 1.896979410313473502e-01 1.831760923638787453e-01 1.776448504628125036e-01 1.722308068305989648e-01 1.674806088705976526e-01 1.636239571927915748e-01 1.602084805559896574e-01 1.575172060928621831e-01 1.555749842469345279e-01 1.541591384685715715e-01 1.536257189318981087e-01 1.537515834270670456e-01 1.545417716314501366e-01 1.559718281184665489e-01 1.582232243348389578e-01 1.611895153773479916e-01 1.655212446083526301e-01 1.709319225221233307e-01 1.782729965409149409e-01 1.865362186650442455e-01 1.966954668795910521e-01 2.065347980131950478e-01 2.162617641664659474e-01 2.251988488372005381e-01 2.317521471907622588e-01 2.360632287184051825e-01 2.397815759431590754e-01 2.419968092225340539e-01 2.432916779242684235e-01 2.439507639040277009e-01 2.439596185103529713e-01 2.433655031326072693e-01 2.428147262270329565e-01 2.419964824153852945e-01 2.409629160971346884e-01 2.399441420192059138e-01 2.388965556759953535e-01 2.378907891279966602e-01 2.371141443307616115e-01 2.368189619649831990e-01 2.369726809812022494e-01 2.379741550206489475e-01 2.401983409444505280e-01 2.435502749852606064e-01 2.486791606598511839e-01 2.580437234776244981e-01 2.659036479075959081e-01 2.768957362839317149e-01 2.894174558437628830e-01
-1.000000000000000000e+00 -1.000000000000000000e+00 -1.000000000000000000e+00 -1.000000000000000000e+00 -1.000000000000000000e+00 -1.000000000000000000e+00 -1.000000000000000000e+00 -1.000000000000000000e+00 -1.000000000000000000e+00 -1.000000000000000000e+00 -1.000000000000000000e+00 -1.000000000000000000e+00 -1.000000000000000000e+00 -1.000000000000000000e+00 -1.000000000000000000e+00 -1.000000000000000000e+00 2.206462546739083597e-01 2.122550808100795161e-01 2.044077125739235112e-01 1.973500171743435005e-01 1.904240592516431296e-01 1.839274197586518445e-01 1.785198142808381294e-01 1.732721613745850098e-01 1.684327770630058008e-01 1.640799028766617151e-01 1.604833624550656146e-01 1.572839992384231778e-01 1.547531262074289815e-01 1.528689328911190803e-01 1.515867311498909908e-01 1.510689387658531169e-01 1.512128311194959329e-01 1.518645758655242928e-01 1.533638251406508057e-01 1.554551303236788862e-01 1.583995289448323074e-01 1.620696812579737467e-01 1.671835923103170696e-01 1.735235545976407667e-01 1.808922183721557164e-01 1.900845902887363104e-01 1.991403190603590334e-01 2.082780958045888919e-01 2.163497924306898024e-01 2.229740084041488268e-01 2.272858057259164732e-01 2.307445128887457009e-01 2.331738848021622235e-01 2.351518749921885643e-01 2.362191346972206674e-01 2.367707692257705054e-01 2.367378035852877038e-01 2.365027571658591121e-01 2.358862320199344165e-01 2.353435395731597601e-01 2.345769448000728508e-01 2.336942790706511008e-01 2.329284546813351620e-01 2.319679928949057723e-01 2.314764412326565379e-01 2.310953139357879438e-01 2.312654714433090009e-01 2.325725840655931409e-01 2.353740696628972839e-01 2.373498136206456666e-01 2.423146912865294378e-01 2.502143845093789398e-01 2.586420960151131210e-01 2.692009495927148444e-01
-1.000000000000000000e+00 -1.000000000000000000e+00 -1.000000000000000000e+00 -1.000000000000000000e+00 -1.000000000000000000e+00 -1.000000000000000000e+00 -1.000000000000000000e+00 -1.000000000000000000e+00 -1.000000000000000000e+00 -1.000000000000000000e+00 -1.000000000000000000e+00 -1.000000000000000000e+00 -1.000000000000000000e+00 -1.000000000000000000e+00 -1.000000000000000000e+00 -1.000000000000000000e+00 -1.000000000000000000e+00 2.036584912994313656e-01 1.969161802578567322e-01 1.905938574310091227e-01 1.844413046766786579e-01 1.786138219976639296e-01 1.736339522979823413e-01 1.688441809484646783e-01 1.644989085819811847e-01 1.605687021181781138e-01 1.571244597325422709e-01 1.541835195025041128e-01 1.519255307521779619e-01 1.501780854704377610e-01 1.491257591640911540e-01 1.485732393261166018e-01 1.488740330867369399e-01 1.495295052174380190e-01 1.508768932785019001e-01 1.528507469082709680e-01 1.554810542812444796e-01 1.590463200733357452e-01 1.633859801558927294e-01 1.689205638660295217e-01 1.761688526828721069e-01 1.838292841126630828e-01 1.922122039103764390e-01 2.005927062615815160e-01 2.079484966131421586e-01 2.139897358678606865e-01 2.186711156809697243e-01 2.221899469737555755e-01 2.247433543903981368e-01 2.266949502311970954e-01 2.283002292882554407e-01 2.291547590215192998e-01 2.292874159008682355e-01 2.294312982034420467e-01 2.292679624014105910e-01 2.289135726877193910e-01 2.284827500835380498e-01 2.278746595217343296e-01 2.272989640201117378e-01 2.266317630740498912e-01 2.260513074141516088e-01 2.256116140548852789e-01 2.255954917085170597e-01 2.261000342621630188e-01 2.273262676404365357e-01 2.298098711326153620e-01 2.329505763317723521e-01 2.384517891572325299e-01 2.438182459737399665e-01 2.526055274602009293e-01
-1.000000000000000000e+00 -1.000000000000000000e+00 -1.000000000000000000e+00 -1.000000000000000000e+00 -1.000000000000000000e+00 -1.000000000000000000e+00 -1.000000000000000000e+00 -1.000000000000000000e+00 -1.000000000000000000e+00 -1.000000000000000000e+00 -1.000000000000000000e+00 -1.000000000000000000e+00 -1.000000000000000000e+00 -1.000000000000000000e+00 -1.000000000000000000e+00 -1.000000000000000000e+00 -1.000000000000000000e+00 -1.000000000000000000e+00 -1.000000000000000000e+00 1.839940045465219554e-01 1.785050498824823639e-01 1.735243093290686767e-01 1.689404791704887387e-01 1.644536057340546531e-01 1.605740887591866617e-01 1.570614369850855674e-01 1.538347729774875994e-01 1.512267000134940031e-01 1.491047447245592017e-01 1.475118832756113496e-01 1.465895663593677345e-01 1.462380609764847850e-01 1.464859889223694700e-01 1.470461274026614584e-01 1.485400238915783044e-01 1.503611233557621552e-01 1.528404659785511932e-01 1.563185369936039570e-01 1.603569757648554694e-01 1.657805979919052541e-01 1.719406777311548451e-01 1.789688283491983334e-01 1.865141176572942538e-01 1.938418223114698746e-01 2.003928652183389336e-01 2.060614156660822427e-01 2.106882349286645917e-01 2.142053328958553882e-01 2.171392373190547953e-01 2.189923209438866536e-01 2.203669121058099978e-01 2.211625681551168399e-01 2.220977182824571128e-01 2.222656193601641184e-01 2.221330653411760780e-01 2.221473783207553454e-01 2.218862311675773857e-01 2.216301408489381453e-01 2.211295762926944741e-01 2.206294553237947431e-01 2.202380716632870161e-01 2.199710883223680857e-01 2.199521288095006299e-01 2.203982915723484148e-01 2.208637296433627328e-01 2.223927719273016690e-01 2.249597826766313591e-01 2.289827382671150435e-01 2.347752171109728503e-01 2.425773861648398699e-01
-1.000000000000000000e+00 -1.000000000000000000e+00 -1.000000000000000000e+00 -1.000000000000000000e+00 -1.000000000000000000e+00 -1.000000000000000000e+00 -1.000000000000000000e+00 -1.000000000000000000e+00 -1.000000000000000000e+00 -1.000000000000000000e+00 -1.000000000000000000e+00 -1.000000000000000000e+00 -1.000000000000000000e+00 -1.000000000000000000e+00 -1.000000000000000000e+00 -1.000000000000000000e+00 -1.000000000000000000e+00 -1.000000000000000000e+00 -1.000000000000000000e+00 -1.000000000000000000e+00 1.732074246817890961e-01 1.685230283767176207e-01 1.642283016284830921e-01 1.604073540670642173e-01 1.568505681169708732e-01 1.534584900200142710e-01 1.506839325669540042e-01 1.482458224227667098e-01 1.462503543444443610e-01 1.448592954013310230e-01 1.440701368449781028e-01 1.437484176528908142e-01 1.440851799174554804e-01 1.448505123306551012e-01 1.462255683627762259e-01 1.481132263154093243e-01 1.505550189122840943e-01 1.537774466221765723e-01 1.576543597132979424e-01 1.624731758347934818e-01 1.680762849041428919e-01 1.745710030390419942e-01 1.813177103905632970e-01 1.877523678843350252e-01 1.939782690469901427e-01 1.991874189077822710e-01 2.035802470670153852e-01 2.063443582195453319e-01 2.089297175189114564e-01 2.109706511252228134e-01 2.125636997846762077e-01 2.136628662448771254e-01 2.145386928141461147e-01 2.148948424208084462e-01 2.151625301909390608e-01 2.153912465972477042e-01 2.152469759882230937e-01 2.151085198030758261e-01 2.148367353814722158e-01 2.144447222573787615e-01 2.145763172191523793e-01 2.143091955273469795e-01 2.142236490925395753e-01 2.144624834283926362e-01 2.152934978989672066e-01 2.166048610038248945e-01 2.184003124911801930e-01 2.223823724292359472e-01 2.280414556262678194e-01 2.334947533302567935e-01
-1.000000000000000000e+00 -1.000000000000000000e+00 -1.000000000000000000e+00 -1.000000000000000000e+00 -1.000000000000000000e+00 -1.000000000000000000e+00 -1.000000000000000000e+00 -1.000000000000000000e+00 -1.000000000000000000e+00 -1.000000000000000000e+00 -1.000000000000000000e+00 -1.000000000000000000e+00 -1.000000000000000000e+00 -1.000000000000000000e+00 -1.000000000000000000e+00 -1.000000000000000000e+00 -1.000000000000000000e+00 -1.000000000000000000e+00 -1.000000000000000000e+00 -1.000000000000000000e+00 -1.000000000000000000e+00 1.637283265354790573e-01 1.598894968718531095e-01 1.564523897809331765e-01 1.529677325920292541e-01 1.502137355421381826e-01 1.475270183287723247e-01 1.452794812244055656e-01 1.435972636035166838e-01 1.423172391687949068e-01 1.416590036224219251e-01 1.415676129657426341e-01 1.418434374147327370e-01 1.428331486032807518e-01 1.441561989590169068e-01 1.460423014160466826e-01 1.485057492330709716e-01 1.515693653901664939e-01 1.553624195741274416e-01 1.597203480110506724e-01 1.648506729517570379e-01 1.706845280310961832e-01 1.767789524084233954e-01 1.826837357466878919e-01 1.881860757328504552e-01 1.927011420296117772e-01 1.966696689159852518e-01 1.997488652092326844e-01 2.020103470394333245e-01 2.042068355637280119e-01 2.055228581166060609e-01 2.067512159497795765e-01 2.073396915107932892e-01 2.080180562961942703e-01 2.082886591819782529e-01 2.086155090324527950e-01 2.087432630144366030e-01 2.086708503527042180e-01 2.085963843141651064e-01 2.085062455023170835e-01 2.085903993841106696e-01 2.085645316198445343e-01 2.087593777170024534e-01 2.090876485040698007e-01 2.097872257934418894e-01 2.115592837174619378e-01 2.134054918939027878e-01 2.172854814353322173e-01 2.217002510200420939e-01 2.282243292057050676e-01
-1.000000000000000000e+00 -1.000000000000000000e+00 -1.000000000000000000e+00 -1.000000000000000000e+00 -1.000000000000000000e+00 -1.000000000000000000e+00 -1.000000000000000000e+00 -1.000000000000000000e+00 -1.000000000000000000e+00 -1.000000000000000000e+00 -1.000000000000000000e+00 -1.000000000000000000e+00 -1.000000000000000000e+00 -1.000000000000000000e+00 -1.000000000000000000e+00 -1.000000000000000000e+00 -1.000000000000000000e+00 -1.000000000000000000e+00 -1.000000000000000000e+00 -1.000000000000000000e+00 -1.000000000000000000e+00 -1.000000000000000000e+00 1.558656059241878833e-01 1.527200191307001576e-01 1.497031716564085901e-01 1.470140105964802546e-01 1.445764022030963936e-01 1.425157236336279387e-01 1.410754340519470018e-01 1.400354593735556319e-01 1.395017913377901153e-01 1.394146509477780238e-01 1.399410944737246310e-01 1.408115579415985807e-01 1.422127918648814493e-01 1.442267354045532746e-01 1.466215291784486452e-01 1.496481446142346738e-01 1.532494295050884359e-01 1.578006007237978126e-01 1.622636317786393112e-01 1.676516461200084629e-01 1.728368103172899517e-01 1.783089927363371019e-01 1.830660014854889883e-01 1.872788316336170822e-01 1.907540866550516967e-01 1.934560734993130138e-01 1.957680445014720050e-01 1.976675989409439338e-01 1.989905505052778079e-01 2.001402766650843268e-01 2.009318859090852283e-01 2.014600491926743508e-01 2.020144677868976057e-01 2.023146838378339640e-01 2.024132778108060637e-01 2.026427804666152410e-01 2.026376374494043842e-01 2.029237955165788532e-01 2.031018186546817983e-01 2.032278895241787786e-01 2.037086108336098877e-01 2.043492955583431636e-01 2.053499674944230247e-01 2.071874167922843069e-01 2.098383965319194078e-01 2.139469421786910630e-01 2.196065768481432756e-01 2.281477398379272437e-01
-1.000000000000000000e+00 -1.000000000000000000e+00 -1.000000000000000000e+00 -1.000000000000000000e+00 -1.000000000000000000e+00 -1.000000000000000000e+00 -1.000000000000000000e+00 -1.000000000000000000e+00 -1.000000000000000000e+00 -1.000000000000000000e+00 -1.000000000000000000e+00 -1.000000000000000000e+00 -1.000000000000000000e+00 -1.000000000000000000e+00 -1.000000000000000000e+00 -1.000000000000000000e+00 -1.000000000000000000e+00 -1.000000000000000000e+00 -1.000000000000000000e+00 -1.000000000000000000e+00 -1.000000000000000000e+00 -1.000000000000000000e+00 -1.000000000000000000e+00 1.491236552717398745e-01 1.463956691320048853e-01 1.439800495422667026e-01 1.417942449763816837e-01 1.400149307398015075e-01 1.386843082543158523e-01 1.378508623189503290e-01 1.374210363396461965e-01 1.375115749414552724e-01 1.381112443611734741e-01 1.391595059012140090e-01 1.406694956899520454e-01 1.427846660643682652e-01 1.451210232640980924e-01 1.480581656520447709e-01 1.516921004659065597e-01 1.554840528963136459e-01 1.599394029518285132e-01 1.648150355695178759e-01 1.698650526584515597e-01 1.746100791337545644e-01 1.789568944103666903e-01 1.827510954120290243e-01 1.856500182876676397e-01 1.879297732799527776e-01 1.901569805995388940e-01 1.917566630883178191e-01 1.929745498686408212e-01 1.941233701516018317e-01 1.949475686038966982e-01 1.956183902407558628e-01 1.960100135470448091e-01 1.966170781021413239e-01 1.969579968638739409e-01 1.972662344798391254e-01 1.975476357411130313e-01 1.979292344316389840e-01 1.981645056723838894e-01 1.987221241075490530e-01 1.994698016156646325e-01 2.003350640064550936e-01 2.022082646911964043e-01 2.047194009176183105e-01 2.086830180532290857e-01 2.142764053231881738e-01 2.212940747838271494e-01 2.300411835708702779e-01
-1.000000000000000000e+00 -1.000000000000000000e+00 -1.000000000000000000e+00 -1.000000000000000000e+00 -1.000000000000000000e+00 -1.000000000000000000e+00 -1.000000000000000000e+00 -1.000000000000000000e+00 -1.000000000000000000e+00 -1.000000000000000000e+00 -1.000000000000000000e+00 -1.000000000000000000e+00 -1.000000000000000000e+00 -1.000000000000000000e+00 -1.000000000000000000e+00 -1.000000000000000000e+00 -1.000000000000000000e+00 -1.000000000000000000e+00 -1.000000000000000000e+00 -1.000000000000000000e+00 -1.000000000000000000e+00 -1.000000000000000000e+00 -1.000000000000000000e+00 -1.000000000000000000e+00 -1.000000000000000000e+00 1.412210735755233815e-01 1.392944385802602492e-01 1.377403634929371679e-01 1.365201323610515660e-01 1.358541474055222908e-01 1.355714192302032994e-01 1.358378995109409404e-01 1.365683796083803081e-01 1.377464725354686503e-01 1.393657563740826888e-01 1.414415524333010876e-01 1.439825223013300737e-01 1.469946801177541007e-01 1.505343538989337149e-01 1.542747980197566593e-01 1.586616320607595054e-01 1.629851677962748380e-01 1.673030973302444546e-01 1.716905142085991265e-01 1.753401165010228524e-01 1.786598210472440107e-01 1.814518485589101116e-01 1.833250699228402558e-01 1.852786123493831982e-01 1.869354344513063093e-01 1.878097127503567387e-01 1.890388744496038220e-01 1.895775230015536439e-01 1.905261911552041110e-01 1.911381219756211336e-01 1.916673211062354387e-01 1.924034974713261237e-01 1.929068607606800323e-01 1.933459917842619835e-01 1.939188235428366269e-01 1.945995417202683597e-01 1.954358837570523144e-01 1.967279555309734973e-01 1.990528744136876305e-01 2.014411632997156198e-01 2.058813964781376626e-01 2.114090032459393920e-01 2.184472485691986154e-01 2.288805998361645999e-01 2.428913948028892655e-01
-1.000000000000000000e+00 -1.000000000000000000e+00 -1.000000000000000000e+00 -1.000000000000000000e+00 -1.000000000000000000e+00 -1.000000000000000000e+00 -1.000000000000000000e+00 -1.000000000000000000e+00 -1.000000000000000000e+00 -1.000000000000000000e+00 -1.000000000000000000e+00 -1.000000000000000000e+00 -1.000000000000000000e+00 -1.000000000000000000e+00 -1.000000000000000000e+00 -1.000000000000000000e+00 -1.000000000000000000e+00 -1.000000000000000000e+00 -1.000000000000000000e+00 -1.000000000000000000e+00 -1.000000000000000000e+00 -1.000000000000000000e+00 -1.000000000000000000e+00 -1.000000000000000000e+00 -1.000000000000000000e+00 -1.000000000000000000e+00 1.370924548634335494e-01 1.357630961754035526e-01 1.347362961447592655e-01 1.342371364236997766e-01 1.341181539979341419e-01 1.345377036806301163e-01 1.353731426876668698e-01 1.366990436710982249e-01 1.385879562608078874e-01 1.407373384281361273e-01 1.433965731044632985e-01 1.465079094841693630e-01 1.500909765722197031e-01 1.539036824650181212e-01 1.578184662208481914e-01 1.619278307908975645e-01 1.659628757616653238e-01 1.696484436151728947e-01 1.731778829103671480e-01 1.756941564899267005e-01 1.782648832495505875e-01 1.801744577077162568e-01 1.816364482343420794e-01 1.830911442386759791e-01 1.842322669622581122e-01 1.850735476706557303e-01 1.860293164498696972e-01 1.868635141676835698e-01 1.876992698802205095e-01 1.882997353027584531e-01 1.890489148425373578e-01 1.898975300774297659e-01 1.907756284542158343e-01 1.919473240855084084e-01 1.930755572902845552e-01 1.953456215227309389e-01 1.975290932663757160e-01 2.017168945154351745e-01 2.069599485806201955e-01 2.152043823730199479e-01 2.259165819200099345e-01 2.384154317110547538e-01 2.521703454344188522e-01 2.747133255429450305e-01
