2.535608388067153671e-307 3.456014139983576797e-275 1.590397569998611422e-237 8.789022578198043091e-211 4.585685770252654097e-188 5.301479458173435133e-164 7.417905146350816198e-147 6.744628075271350106e-131 3.896480772571978072e-116 6.537853892928486675e-103 9.667708278404855466e-93 2.175483771039707410e-84 1.358152175151713564e-71 5.411427008880598043e-66 6.936587838107096759e-58 3.742002822620682355e-51 1.571021244366744469e-44 2.953880299783616310e-39 2.615946718920379644e-34 4.864817067348441242e-30 2.203540576309894857e-25 5.518078471469371678e-22 9.563734935623241733e-19 1.503487028291774114e-16 6.950926730945203160e-14 1.298994562905728082e-11 8.468331412766722002e-10 1.071554809864471057e-08 1.380766737116520199e-07 8.756622047560738330e-07 5.212431530202379974e-06 1.463260757314578425e-05 2.830724863264936597e-05 3.481119555238701663e-05 3.860554180728972135e-05 3.261595414947252448e-05 2.547451126586147517e-05 9.780540576040061708e-06 6.913580855450968682e-06 9.542505110681836765e-07 8.449832882858468083e-08 1.042976544624139082e-08 7.295617919870406771e-10 1.047450468899751983e-10 8.426862902768915570e-13 1.142781925056636178e-13 7.075153987259415836e-15 4.283323463247224057e-16 8.081847921035759478e-17 4.752591056389654329e-19 2.032977516748285818e-20 4.144806070971062361e-21 3.717577777135609602e-21 4.312730902452860662e-23 3.855351644448144517e-24 2.815745529888068056e-24 1.420416945937892871e-25 2.348962478411583587e-26 9.146656576949607473e-27 2.983809570284209639e-28 1.194366606985306242e-28 5.728159616339583136e-29 5.222930062106430728e-30 2.865661255752240425e-31 1.025928529556411339e-31 1.864008265961919703e-32 2.725517176904540759e-33 5.259383713883287687e-34 2.250768177988398050e-34 3.594811599775285572e-35
7.887182434190518072e-312 5.079049073494101287e-271 2.126890333496721249e-240 3.612572671146450881e-209 1.115524952428753423e-186 1.686187357954984858e-166 2.294845737505194814e-146 2.070669496365746238e-131 2.760931306513733879e-115 1.815941455242917594e-102 2.011256820817087762e-92 5.359103910377302010e-83 8.743915368010240566e-74 6.293380815712581267e-64 8.229836545418705067e-58 1.461780365618516515e-50 3.989610072081843740e-44 3.400621560775402112e-39 1.695125291276336144e-33 8.086939739643496851e-29 2.319384338376515744e-25 4.227073241064074371e-22 6.226637744521178550e-19 3.801811756982757929e-16 2.118234426213681644e-13 1.816273939832167625e-11 1.510198461382695240e-09 1.779312427046255905e-08 2.640975111026812644e-07 1.522604555133493605e-06 6.873779744749840520e-06 1.694842501884077435e-05 3.014454966255858341e-05 5.094640836704180466e-05 5.225206931403742036e-05 4.449983635553310331e-05 3.093288291372538131e-05 2.307301020485395761e-05 7.058954887652200998e-06 2.247608615424565417e-06 3.194521680991170903e-07 3.006565365483692768e-08 2.842388735047849911e-09 8.168569685487619758e-11 3.625115657233777376e-12 1.246368980445048086e-13 3.832662033473005762e-15 5.129424602492804005e-16 1.957449611965447964e-17 2.158203856367542641e-18 5.237234824894606328e-20 3.408674562262239467e-21 6.901724640840797240e-22 1.040732854317095715e-22 2.612624363800784002e-23 1.292525726924297829e-24 2.534608805454631276e-25 4.868830759105807534e-25 3.696619093164450709e-26 1.011589097181310229e-27 2.394200011995706408e-28 4.716123033437494705e-29 7.760443474392261443e-30 1.238070718169200685e-29 4.517744445138281169e-31 9.366709760569968083e-33 1.141266823738353074e-32 8.569820696173132869e-33 6.020271458528358361e-34 4.804563215074790111e-35
5.980695171163281808e-311 3.364414243334886383e-271 9.501322842667747382e-238 6.524037605088630844e-201 3.585689492849190010e-182 2.813063172933531732e-166 2.938717229160935870e-146 7.024115140474183670e-130 8.191662146190130893e-114 2.310176457286160387e-102 1.546081669235080870e-91 6.777434484290297202e-83 4.024419673009047305e-73 8.394851413446110577e-64 9.415131985693950929e-56 6.905870774295169055e-50 4.106760017525879704e-43 1.715255839372065800e-37 3.750389158895473945e-33 8.181144142639280901e-29 1.496046066721104559e-24 3.090788897473262090e-21 2.108591249799424150e-18 4.410915415389886941e-15 2.910797069906669209e-13 2.587324994264499496e-11 1.270270285666834677e-09 2.866517767808369183e-08 3.790801927308483880e-07 2.003707115405480234e-06 9.336943806828533116e-06 2.351327367243411374e-05 3.546026516496783278e-05 5.782182766430729641e-05 7.185950828600783775e-05 4.579348481694577196e-05 4.678211631613016274e-05 1.986601258371604062e-05 6.887828549967913496e-06 1.878380515307020675e-06 4.502361270176210049e-07 3.683089287644506061e-08 1.316018424982427877e-09 8.078182771378776594e-11 1.762719588726851898e-11 4.702913305475632821e-13 1.805148948106958129e-14 5.137394506064307883e-15 6.206662015959292918e-17 1.260833662437480442e-18 2.811393782122191006e-19 5.135118417385618217e-20 2.519269937541864244e-20 6.868280156331504014e-22 5.649437440300929859e-23 1.163064726616807577e-23 3.576796895756050047e-25 4.168100255126418946e-25 1.446229700254498350e-26 4.112400579105746935e-27 3.845892195134122020e-28 8.879240423914765655e-29 7.525620393120971971e-30 6.816329855616110245e-30 7.420137307926330315e-31 1.658587411546565548e-30 4.832811174524439947e-33 8.184036609995373138e-34 1.550744352920045331e-34 1.589821185646523180e-33
5.545219232412473436e-310 1.853487636300768416e-272 7.071854206871907129e-238 2.701706025387661441e-205 6.732120216289457528e-180 1.632511600620314910e-164 6.284055795496300106e-145 3.896464465176647587e-128 5.601877331059799140e-116 1.154703119005362927e-103 3.749547885168501598e-90 5.572896950381163250e-82 1.821799063082339731e-72 2.672334789814913190e-64 1.146099906183416785e-56 3.143391908093699236e-49 3.745450365526014753e-43 2.615544581226074882e-38 7.140172656270820196e-33 2.079665175050748164e-28 1.070409937316563054e-23 3.981307517004643688e-20 7.090173939917974367e-18 2.641135727844518966e-15 7.434726894242556561e-13 5.450394511711981969e-11 2.353174665953670642e-09 5.533471435928220024e-08 4.763966347555529357e-07 2.701463476371313788e-06 1.020599595352160567e-05 3.040484535472345320e-05 4.961840909889480704e-05 7.164586364050071741e-05 9.306445318172454362e-05 8.042412124957360137e-05 5.919935177464709760e-05 2.915127518111420923e-05 1.502571857878090787e-05 3.648815432593554293e-06 4.972202826020794548e-07 7.577007724700679584e-08 2.836237380211361223e-09 1.332888446577140695e-10 1.040284146056723208e-11 3.345863501799611135e-13 3.443202857273959144e-14 4.069435085304621215e-15 4.008291603637185204e-16 8.745577558164195298e-18 7.040817277290721191e-19 1.119337964440341978e-19 3.815613047086705208e-21 3.235584122781501577e-21 2.230400058008520482e-23 5.762469279198322155e-24 1.029329230416771531e-24 8.477708850990308772e-25 4.176965999926370083e-25 4.198533167092660360e-27 1.733682272863697515e-27 2.084953639465332424e-28 1.029750422814316321e-29 5.719423743242880153e-30 1.075846972064295830e-30 9.243290465678999859e-31 8.956565837540221809e-32 2.786538560444187760e-32 1.536329882029250651e-33 3.379181652851303087e-34
6.239841592363648352e-308 3.223771358576674400e-269 4.903011691486190994e-229 1.684790165965079439e-205 1.020274913869809666e-180 2.733338587921411622e-162 2.214596968862551168e-141 1.026536144974450475e-125 2.287688908198975390e-114 1.223374792219943695e-100 3.791184876264038363e-91 4.659419606201577486e-80 8.849871948483333786e-70 2.266936183860838538e-63 3.372268900752995299e-56 2.227722969721526983e-49 7.576871856690699215e-43 4.708563226748166042e-37 9.091993681370004212e-32 5.205784097090377889e-28 6.548632610604678956e-24 1.293832209436356900e-20 1.353918362850007882e-17 4.039711042300570967e-15 1.410852374886883202e-12 9.828397630602374258e-11 3.448307502604542443e-09 9.435714177862577011e-08 7.992088747157300418e-07 4.405794347511027001e-06 1.398675028433196506e-05 3.853912330844496195e-05 5.960015448312573952e-05 1.010921044805408237e-04 8.925313285670146432e-05 8.982622442679922398e-05 7.960126544657594673e-05 3.349907541872525966e-05 1.469556100916142232e-05 3.261914642089710975e-06 7.174621198025852415e-07 8.689837205175372742e-08 5.981651029447678431e-09 2.214199842740427010e-10 1.006879948077448462e-11 2.165783767385051864e-12 1.196398000047797588e-13 1.366630044832693995e-14 2.068541877828458893e-16 1.754663785813679401e-17 3.153044866763492453e-18 2.027743134327574968e-19 2.470226130664415852e-20 7.636290260600652873e-22 1.460210051049333304e-22 1.117150113088134404e-23 5.773026388881748424e-24 9.684049814670233437e-25 7.105312224688309221e-26 5.616936461922928228e-27 5.491496874108439140e-28 1.866293290117431958e-27 4.740355262071262795e-29 6.293139618057931253e-29 5.241196909880500443e-30 1.264079830307752288e-30 2.519943524771500625e-31 3.344050857145101626e-31 8.186852382261098115e-33 9.887287880149415178e-34
7.132226949227886935e-310 1.031876217469537354e-268 3.949345677439243143e-237 1.169290899383919939e-206 1.399911170261996953e-180 2.598559985016107100e-162 1.229901736688234268e-145 1.288192818888276532e-128 1.584082992195210814e-112 1.533851248272890292e-100 1.135580864320764919e-88 9.806233893686114971e-80 3.769369544319683288e-71 5.818092851591611236e-62 5.663107095290051189e-54 1.475789401679133440e-48 1.308086771399117878e-41 1.804154221471812660e-36 1.413252459345544145e-31 1.274491542690711178e-27 4.340918416169272679e-24 2.458835147479883813e-20 2.521344031647390287e-17 1.124318587241320315e-14 2.492793420026864830e-12 1.417866108551175297e-10 5.680065933412651155e-09 8.779733960776960593e-08 1.239969601392450416e-06 5.775381693743463037e-06 1.935167612873387057e-05 4.739975654620580728e-05 7.100843408717219486e-05 1.259179304149838751e-04 1.312066085256751932e-04 1.090765917884190200e-04 1.000285888175401073e-04 4.335057080579530667e-05 1.345422501945992882e-05 1.230028263739351818e-05 1.095348726187193072e-06 1.214086091855604440e-07 1.636317875025634550e-08 2.352596529254409353e-10 4.790361892808540145e-11 1.717108292378612664e-12 9.598937704781541690e-14 5.275427035818529526e-15 7.700329958672596418e-16 2.596713485903050477e-17 1.072149829521646863e-18 9.224523381559928143e-19 8.943732683894667335e-20 4.716663075719272889e-21 4.252837997479404352e-22 5.865575071565096342e-23 2.899153098576222431e-23 4.212772596307053208e-24 2.886230154046381860e-25 2.797003163043934537e-26 1.518209921002053551e-26 3.535132958933172626e-27 1.726136888301683775e-28 8.106114789657593482e-29 1.005649473941712296e-29 1.792164321944511429e-30 9.771541918994748270e-30 5.625236863349757621e-31 1.573951945335961542e-32 4.670146202954549269e-33
1.544411557145345369e-302 1.027982744723684914e-267 1.543327383588843043e-238 1.254974855101428548e-205 1.106142296049488950e-180 2.523817440055387473e-157 3.820447682081658113e-143 1.215867992290874669e-126 3.639479079976474127e-113 4.465453968040395418e-101 2.347464344831346056e-88 1.002614820447785248e-77 2.782289536293078318e-70 6.901233516116888419e-61 4.589338021627939375e-54 2.371284713865383128e-48 5.214405160252213919e-41 4.480290541015575139e-36 2.140516190144748327e-31 4.215311515424499141e-27 1.662902475055314649e-23 4.893898047473978444e-19 8.469599885803057522e-17 2.901240970902545788e-14 6.684065172114953012e-12 2.550351732112406328e-10 1.298063368419425893e-08 1.931517250724251978e-07 1.570759614147176945e-06 8.426070307896550983e-06 2.726743761954110435e-05 7.326927771541783430e-05 1.040304352001197483e-04 1.375494781031759396e-04 1.490254282610926895e-04 1.427906205271623212e-04 1.177070670691123384e-04 6.467735898978600880e-05 3.163309297692230404e-05 1.291137981823130015e-05 1.677057039430638872e-06 2.462613067020728493e-07 1.931221515196777275e-08 5.672260297455395057e-10 5.570588484938656974e-11 9.292268837308463342e-12 2.057343386482783308e-13 2.797694011008144650e-14 4.912300315316234331e-15 1.616776756400450030e-16 1.508985970965497638e-17 7.601797081003155135e-19 7.351138858935473463e-20 1.776718869750361493e-20 3.330930414965297560e-22 1.825357697372249865e-22 2.692427389011967365e-23 2.226691119020909835e-23 2.692138079105254551e-25 7.975308818187311795e-26 1.262141586579980011e-26 4.810287993592224795e-27 4.724891684858606720e-28 9.966817942826346971e-28 9.146721947272139826e-30 3.064653125603596943e-30 1.076601298555903410e-29 1.834825847608592376e-31 2.456760191455425433e-32 9.089875348679958900e-33
4.767224537890303422e-310 1.003140783571220478e-262 1.933908725347080819e-233 1.075925419173016867e-198 3.124353375124857175e-181 1.274277149517770777e-158 6.850799780378538789e-141 4.976498091441454619e-126 2.458523710282486480e-112 1.659595711219274587e-99 9.585740652933306429e-88 1.658046165984195719e-76 5.549901425911938630e-69 2.109286143516873224e-61 1.636821624030183983e-53 6.052441451316357087e-47 1.861430322113210342e-40 5.172143968101352692e-36 1.040918851293055587e-30 4.198907200753039637e-27 1.332799580835206494e-22 2.281019980124772268e-19 6.794818249876972860e-17 3.250921652881657530e-14 6.522949423041307658e-12 6.557456818032939809e-10 2.196656230653491729e-08 2.719171968517310769e-07 1.933130052507247722e-06 1.152511577004776103e-05 3.685218552216940313e-05 8.296263139159098425e-05 1.483188050191516934e-04 1.681399640701069869e-04 2.049455601225610686e-04 1.599720016324833796e-04 1.308857836616581264e-04 7.879976123773742573e-05 3.815408574447674600e-05 8.170109706242071197e-06 2.480949220598973493e-06 2.941375023194484737e-07 2.006721416490302348e-08 7.545225530311748813e-09 3.952847881113333943e-11 7.379493422271293172e-12 2.661426240079816033e-13 1.864116656507424815e-14 1.369198206394392479e-15 2.325916120701574871e-16 1.116150942212397910e-17 4.014726010548823980e-18 1.883527099325855594e-19 2.745677842085372781e-20 1.093891751321805031e-21 7.916387271119491600e-22 5.610355824621261530e-23 4.172366643884349341e-24 1.664465773376100609e-24 5.567697007762015458e-25 1.325851105838274896e-25 4.740655565124093018e-26 5.303287978599619560e-27 4.312260776121274019e-28 2.494431936987064700e-29 3.494781414618600433e-30 2.503355636011016827e-30 3.117153160069422572e-31 3.028684081340716609e-31 2.053704313546517560e-31
2.750580677888228479e-304 6.324030528349173052e-259 1.156429522349617181e-233 9.694659354794577335e-204 1.604307813530290020e-178 8.920650422890204673e-160 4.881299841932427010e-142 1.090948918287634702e-123 1.779923429970310093e-110 6.027964988911668152e-97 9.936477703191653447e-88 3.430359042337580706e-77 5.166119216571379323e-68 1.353136214052979991e-60 6.007411166462567165e-53 2.308685428056206721e-46 3.060865128144117463e-40 6.594772851228259486e-36 6.015074872331116342e-30 2.475790713948120047e-26 4.646558025186947219e-22 2.319992559347851694e-19 6.694659546610778915e-16 9.175616327170493334e-14 1.374019666745740736e-11 8.383101395024453571e-10 2.150215657320314312e-08 2.792355916244056880e-07 3.621676493043452525e-06 1.542751644026338364e-05 3.980239676592605211e-05 9.775961742962382321e-05 1.609039164880163926e-04 2.213354020024281121e-04 2.266749961138475535e-04 2.237978247097731550e-04 1.869405218414220123e-04 1.038710776311710181e-04 4.472456191537084919e-05 1.211837855510313401e-05 3.258592101870911292e-06 4.787579553262451425e-07 4.249113161927775722e-08 1.885821092125468815e-09 1.587753836412432294e-10 3.259713777375205154e-11 1.748858735374255191e-13 4.384176334775016128e-14 7.306020130927297631e-15 1.774077520110502728e-16 7.659021603178659173e-17 2.256731295313079681e-18 1.087522662097172909e-19 2.615061749418960834e-20 9.224395101686841817e-21 1.794932866557964123e-21 2.333325802009871652e-22 3.017410278459774241e-23 9.618507549892851886e-25 1.165537566257699127e-24 2.471397970538126252e-25 1.672451511733241952e-26 2.961142920733666733e-27 2.333055143497238704e-28 1.092970866475022149e-28 2.191274858936050927e-29 1.548397740481542194e-30 4.203296666831835511e-30 1.155280496595379373e-30 1.739640079528094200e-31
3.171693472320493217e-304 4.029914112445361167e-259 4.208476468768637271e-229 3.145780281143337619e-200 7.149550020943380568e-176 6.527861435215607795e-157 1.941629940693822289e-139 1.785986857688075654e-124 8.374157694654114732e-110 1.705807693397368112e-97 3.858814636138981997e-86 2.342800076943332819e-77 1.127942648165686319e-67 2.974452020472810254e-60 8.817998803791003748e-53 8.310629840896828122e-46 7.724500819535734704e-40 2.733958250340002604e-34 1.195976958379125583e-29 3.243512801117486385e-25 1.222585842806062940e-21 1.070354630236196671e-18 1.133761305271505284e-15 3.821228128356396401e-13 1.885779027209162158e-11 1.414475162944363254e-09 5.001921215220540915e-08 4.160402345851366203e-07 4.449490195498004161e-06 2.411512761708976629e-05 7.316505102697802088e-05 1.456327775271613661e-04 2.079533783624496130e-04 2.471333953415461417e-04 2.956009846921845916e-04 2.861795921928514093e-04 2.421372497458616215e-04 1.303675299658845117e-04 4.664066694289052326e-05 1.696005116990892717e-05 3.900032094472443309e-06 8.321125799271880351e-07 5.478533813343288091e-08 2.598658845385269630e-09 3.484736056867078896e-10 2.836229147087767913e-11 6.039910578012602482e-13 8.324741611635097246e-14 8.988150687970539948e-15 1.063641301103991141e-15 5.391713664110518268e-17 4.146461947652532618e-18 1.675036623442533365e-18 2.591617822839981424e-19 1.345137730282960557e-20 5.445037705973233340e-21 3.066916126105901401e-22 3.149966405575880998e-23 1.443597775924135553e-23 1.994530563902460529e-24 4.073259879331978150e-25 3.798523708460545749e-25 5.958664662289235606e-26 3.765567706032418596e-27 3.254758134079111234e-28 4.856912842461704389e-29 2.335654645301403174e-29 4.205979997212581137e-30 4.065254665977287529e-31 2.684557611034658904e-31
3.829364016534463526e-295 1.923679661987599499e-260 1.441590722379309240e-222 9.931570927112408121e-201 8.429510514866722892e-177 3.809075914803876917e-158 2.962384829747697727e-136 3.925580836106598537e-123 1.331229681142928393e-110 4.097102426417959759e-96 3.572778784486320329e-85 1.686089594899920408e-76 2.858211667962030853e-67 6.083860101647839840e-58 2.380130106953365053e-52 8.073026285880772076e-45 7.945403180580751583e-40 5.641132571599234904e-34 9.955631101257525699e-30 3.968195039094834576e-25 2.702396786402354073e-21 5.576456126940806972e-18 7.986416000074891540e-16 4.294686582798651941e-13 5.829216260148860296e-11 2.585075514779840821e-09 8.852937067903807418e-08 8.295152632308870478e-07 8.597743079632752205e-06 3.268303532505741912e-05 8.682201580742562993e-05 1.678423592493173027e-04 2.660383135289546056e-04 3.232932958947780226e-04 3.119080535332471806e-04 2.878393590976321297e-04 2.449567143979110577e-04 1.913263110106107833e-04 9.367927961205525236e-05 2.868018374360283872e-05 8.948747765118484580e-06 6.859469289300466741e-07 1.861589054900600626e-07 7.009479174969079389e-09 3.111454046535638960e-10 2.462007472155611594e-11 9.991455371117532955e-13 1.282395565359780958e-13 2.132672406417471071e-14 6.562270262328601813e-16 8.316427616844945644e-17 8.653595922829662259e-18 1.083270357688998699e-18 3.197985380496908804e-19 1.636224737189729947e-19 1.405800900386271325e-20 4.980963830690647376e-22 1.933191726184865254e-22 4.787799386916320516e-23 6.931646827292072554e-24 3.480563895738068242e-25 2.607493545734819500e-25 1.785407241934155531e-26 1.571281166930230017e-26 6.759489027575989557e-27 2.155454982708319347e-28 4.023878511413904745e-29 1.359479511693698087e-29 1.772219655196265136e-29 1.183572686127573831e-30
1.994981113594591721e-304 5.371503822204472182e-262 1.910067083484388444e-223 8.802478123603488569e-205 4.551888945892804387e-176 9.175458984292597323e-155 7.710752514235537834e-140 7.040034594878412483e-121 1.468945614079995397e-108 2.638063680959376929e-96 9.122003801693137992e-86 9.223123285189218273e-75 9.514860019148398969e-67 1.904971849897478811e-58 7.467650774018602276e-51 4.156701571971358166e-44 8.114786381160256352e-39 4.290239081166886417e-33 8.109432245570076828e-29 9.419196125563731072e-24 2.829781318175619470e-21 1.387757255382874620e-17 2.772892253757829216e-15 1.648142993663783783e-12 1.369113587881338014e-10 6.003330063478909948e-09 1.188696717268926422e-07 2.077360206182582261e-06 9.286458554689625583e-06 4.582996212846825656e-05 1.149388944641415106e-04 2.080502921273217514e-04 2.810807887245985576e-04 3.984152484341458677e-04 4.573593280668122787e-04 4.124157092597617222e-04 2.857753736087617603e-04 2.341801836972165745e-04 1.125513021928011920e-04 5.546097731389195866e-05 7.160315123932305223e-06 9.829523763898113257e-07 1.818601563665786794e-07 9.262048606753388157e-09 7.772218620947858326e-10 4.472185101402309346e-11 1.701319736842944867e-12 1.354756230937068618e-13 2.179981260836665388e-14 1.154189763967993673e-14 2.328616728677337685e-16 4.088916118839777841e-17 1.025705337825979989e-17 1.168555091589402620e-18 4.364543277307733730e-20 1.057420389023111834e-20 1.990522859428720513e-21 1.867825913591514152e-22 8.445235485260450460e-23 2.261869813031109184e-24 5.701807719867143797e-25 2.169337910688213187e-25 7.477432984900928700e-26 2.102701104960905914e-26 4.010208187184616732e-27 8.397241936360797171e-28 4.798292316012285082e-29 2.632227928256781854e-29 2.663227013739056076e-30 4.184933505769873643e-30
1.937172151635678794e-293 4.380042632659439589e-264 2.254939241667813600e-229 2.483532296724382889e-198 5.179734254299788536e-177 8.770471582577128202e-155 1.691575040788244743e-138 3.649137742797283512e-120 2.830267588130947793e-106 1.133543692313417266e-94 2.091155068870235951e-83 3.243431307263548474e-75 1.578539849630610199e-65 6.085442348861852758e-58 6.025540730739665902e-50 1.287237535193501409e-43 2.966657378747559702e-38 8.509852439181802295e-33 4.812984831422840010e-28 8.370689419703208034e-24 9.775445704169268194e-21 4.126770025357526231e-17 7.493361375825146628e-15 2.269017814142517667e-12 1.426410154249588786e-10 1.037556206437408287e-08 2.690428165657160770e-07 2.774245452722909768e-06 1.656476842595918468e-05 6.099464868552491130e-05 1.300203210854426630e-04 2.638296409226597097e-04 3.707458227787545943e-04 4.925578786363353674e-04 5.010742413631764144e-04 4.878563687361384647e-04 3.928003396447240277e-04 2.373078440765725224e-04 1.251138284539224268e-04 5.301469585096984675e-05 1.114876816283333410e-05 2.940609931054956748e-06 4.156265531566718327e-07 2.443674848400192324e-08 1.705137766381619758e-09 1.016261206952188076e-10 9.052632331100158638e-12 4.345505510916870783e-13 3.449286502977046361e-14 8.362744712088838817e-15 3.459937667051433965e-16 2.995435867092096170e-16 9.974773438964921288e-18 1.366027676963960225e-18 1.393792471226137717e-18 4.826530877759980449e-20 3.033183592684452190e-21 2.846621541835465230e-22 4.500572568566342265e-22 3.114004971246482536e-23 2.799346416549047203e-24 3.903211470168045734e-25 1.614047844916530222e-25 2.276589487850003903e-25 5.207782709895557903e-27 2.460672536788052055e-28 1.859842954197875782e-27 5.966918671893290688e-29 4.025680373938895227e-30 1.226276844451158618e-29
6.368823659568252378e-304 9.631262328535785328e-259 1.071475163980386629e-229 3.682360140755882999e-199 5.302793088625647463e-176 1.112569166499847972e-150 8.060992823195714271e-134 2.454546964538791420e-119 1.686124979043732493e-107 1.153119137422116409e-93 5.812159117872127267e-83 2.912821348014123138e-74 4.878811012305342922e-65 4.411888437102423471e-56 4.078957373093309061e-50 1.556188001026629575e-43 2.682757828529269669e-37 1.526297013163797547e-32 1.279366545443315481e-27 5.311617848398413100e-24 1.993381681762586318e-20 5.258945797564776927e-17 2.840841065932333518e-14 3.488713999161016182e-12 4.821175085908163060e-10 1.888885042736985457e-08 2.947038846499856801e-07 3.768267228062384516e-06 1.980831570372245604e-05 7.188671683711686923e-05 1.851262481834245249e-04 3.258851868911179662e-04 5.140109329461309056e-04 5.515876478038561062e-04 6.113494472946893153e-04 5.634649566574345420e-04 4.808796880256496656e-04 2.455099780822253834e-04 1.669837991191415428e-04 5.604614244661859271e-05 1.603584702618679106e-05 2.558440576746711798e-06 3.943291113004808774e-07 3.100322843743496167e-08 4.148835982417086060e-09 5.886162286179210291e-10 6.849048614722764956e-12 8.381388306510800723e-13 1.417320969111505460e-13 1.345525834849840835e-14 1.174320266445130140e-15 5.104956146437880962e-17 1.290771321240842319e-17 1.333557230538337365e-18 3.083566737177193445e-19 6.277497272385247310e-20 7.100946391178750689e-21 3.430134871267935824e-22 1.060369855118344554e-21 2.069045579421370731e-23 7.075146098517811009e-24 6.807529723185279712e-24 6.022852788456796884e-25 2.895245519280731998e-26 2.649107494311938870e-26 6.750046925246602555e-27 2.649895013345053887e-27 3.581517749950833002e-28 3.762346673298513479e-29 2.992377219827637482e-30
1.400634181405079486e-293 6.896106774463587542e-257 1.734374593055282350e-229 2.792549308541653355e-190 1.376279592239855296e-172 6.267040180610073222e-151 3.220051941531745414e-134 2.488040942763167298e-119 4.821713803075056106e-105 3.871367386748730826e-92 1.102696328435734844e-82 6.243692783453476070e-73 1.015228545956638704e-64 5.955173260282597076e-57 2.183423725731715252e-48 4.990952702087456226e-43 2.259753252843374234e-36 1.251937315611393386e-32 7.629793940227904611e-27 4.984246265557000690e-23 1.259589245883275704e-19 8.896518240679560207e-17 6.456857221242418803e-14 9.755909430825132141e-12 7.459112309891094490e-10 3.581426459967122607e-08 5.299916580418387976e-07 4.908314951952009767e-06 2.822205458432733839e-05 9.468512312201223858e-05 2.676513076990123634e-04 3.855077846067343403e-04 6.186037624940131461e-04 7.129744062555680396e-04 7.870205040036116692e-04 7.051642197699296713e-04 5.741699548208629164e-04 3.938838843764159406e-04 2.396827622783309923e-04 7.901264206085383316e-05 2.884598591251365959e-05 4.417597256365562543e-06 8.554684314901185115e-07 4.859191717310879109e-08 1.680349624666531005e-09 4.742163014298309076e-10 2.160442828132535288e-11 1.204183950994947303e-12 5.296218532244174550e-13 1.683878083593472770e-14 2.093879784391605676e-15 1.076028495679246245e-15 2.608497077024035380e-17 1.125283883469775812e-17 5.727814993430424985e-19 1.934453331471607649e-19 1.468932879419548839e-20 2.566130911662476395e-21 5.010024187563747287e-22 4.875548172378917095e-23 1.346831292946552389e-23 1.083900339896208981e-23 1.068955961889497828e-24 2.672386257639105684e-25 1.268444656952807673e-25 6.353301358896453828e-27 2.617849477352405867e-26 5.419002042035119804e-28 1.368148330335474193e-28 4.131676348684738778e-29
1.092533002950988006e-296 4.663529868182596856e-251 9.113598889910626198e-221 2.577066694934303816e-193 7.737365596051466320e-175 2.383385538156294908e-154 2.138579542322416510e-133 1.436020492647817811e-116 1.733515654522494465e-103 6.251360337746382685e-93 1.138735489851467430e-81 4.836579897749780918e-71 3.962223806465857705e-63 1.657437030565735138e-55 1.017084323929281692e-47 1.673969373261522046e-41 9.724168862644518943e-36 2.799274281875908464e-31 2.736025753737937409e-26 1.477528483022775001e-22 1.141900752108590231e-19 5.947118716816180582e-16 1.875226100926148853e-13 1.864455586596038641e-11 1.552501066137068375e-09 4.191724114859594761e-08 8.280662013761571272e-07 7.326721123655147111e-06 4.279976423634957984e-05 1.357055693805111259e-04 3.026148324864409885e-04 5.033712091188498024e-04 7.988470409483408455e-04 9.649070145883857121e-04 1.026766404913797507e-03 8.964255439457932033e-04 7.119616071118537327e-04 4.676719286877752428e-04 2.978919396461111890e-04 1.315355318957794623e-04 2.679702627950696656e-05 8.502788041063972442e-06 9.379488362479656834e-07 1.022487015865685345e-07 7.386699629648552409e-09 1.326803497852547404e-09 3.504886829581080892e-11 6.328603995809197873e-12 2.966711574768078517e-13 1.063009020533098700e-13 1.537769004483205309e-14 6.621997290918647474e-16 1.421957256290121256e-16 2.170097325832971778e-17 5.799521636450352507e-18 1.816074845760581703e-19 3.581765820734753901e-20 7.355760591343902559e-20 3.177752587146293555e-21 4.162402637449587120e-22 7.492955405889787312e-23 8.740178447149882255e-23 5.316709603236950801e-24 4.067966568221960462e-24 1.821899491700886049e-25 8.692155570873887436e-26 1.320409438920705622e-26 4.266646301762222338e-28 9.606661750052547861e-29 8.613596536579436566e-29
2.570842541569135422e-297 2.102331309011727469e-258 6.175701908731172566e-224 6.267156562550536159e-196 1.076634704763821142e-167 5.650900590636228634e-149 1.263268176589962399e-132 6.398444642491006290e-115 1.677867378928863274e-102 1.727388634655894690e-91 3.168992960544871562e-79 9.865007008945168013e-72 8.849778980174822194e-63 8.017623173078478920e-55 1.528963198619672119e-47 2.717152341314668442e-41 1.462069633233506794e-35 2.361062739687717378e-30 5.346794608115597440e-26 5.157404247921212751e-22 8.035411668059862850e-19 6.153219486176368827e-16 2.547370374174889251e-13 6.142333802596231150e-11 2.714423404961420700e-09 7.817203351252671324e-08 1.175494244998631823e-06 1.449271848622665468e-05 5.974905415326179020e-05 1.997148033420536380e-04 4.011190432062286537e-04 7.250478665723031043e-04 1.042846967610645088e-03 1.139267053959486849e-03 1.310461033629625955e-03 1.154651761815954532e-03 1.073829017148909782e-03 8.396030034337692918e-04 5.507113075700532543e-04 1.913046600542175511e-04 6.868126754636111201e-05 1.190462073907990175e-05 1.796715817206385908e-06 2.838189001514784917e-07 1.392205792017550502e-08 2.079903711918565616e-09 1.027340921584263360e-10 1.678656738964971532e-11 4.349332134409880554e-13 1.311351620123494064e-13 1.641237246213010593e-14 1.780628518246200664e-15 3.793516933148363024e-16 1.296646017027884650e-16 6.688100482143263289e-18 1.181873887893836441e-18 9.270662611898702422e-20 2.031504476943479279e-20 1.040439099285518912e-20 4.447062751815944005e-21 1.559965160707393700e-22 5.465954286277530051e-23 4.515948713899567544e-23 2.117051684199406692e-24 7.940851357016705290e-25 5.025132171038782979e-25 4.020813943093237178e-26 2.899761085776103170e-26 1.434494518102394580e-27 5.380274146760232314e-27
7.748017512679837749e-296 2.990434160424832721e-255 2.340701928496051333e-220 1.341571897887337156e-191 2.545596312430163131e-166 1.793444343683784429e-150 6.259357147037803307e-130 1.092254091628262979e-113 1.169399080565563351e-103 4.321149891447686832e-91 1.720910784559583054e-79 2.586502499983931999e-69 5.718755755285430092e-62 6.728117239076454542e-53 2.527304707024978903e-46 2.613812243322507712e-40 1.746781332618237969e-35 2.519321428979390736e-29 2.129491278286473616e-25 2.671046851201003278e-21 1.863861810479994171e-18 1.451127221428803294e-15 9.304572644881533314e-13 8.348698335401649751e-11 7.725058249649264728e-09 1.734797837303314966e-07 2.869793734335099750e-06 1.753467992150381215e-05 1.247829835131242259e-04 3.290899516039539675e-04 7.782229778907557476e-04 1.164247767081240739e-03 1.589995725291385841e-03 1.955948408495811284e-03 2.043401130181547645e-03 1.979712443280932151e-03 1.969000534889143224e-03 1.666109822868211106e-03 1.160702933624684725e-03 5.921035215681136419e-04 2.493435690042185402e-04 6.907168754534097625e-05 1.043065060412952055e-05 1.053158014374943036e-06 9.864312666408146625e-08 9.776443109914110321e-09 5.107602330535382581e-10 5.675148518623495427e-11 5.507174124074035329e-12 5.264090349270302945e-13 1.716881041472804436e-13 1.656143076957133343e-14 4.429388020776826377e-15 4.902036431480814713e-16 4.403058552997744228e-17 2.693155708710328811e-17 5.055367943861556760e-18 1.094009136741011368e-18 4.846491415101712871e-19 2.433638767152619519e-20 4.941843336849737146e-21 2.720266823472353508e-21 6.788421162204484512e-22 4.025390046355156105e-22 6.117880857216178530e-23 3.143406903440762124e-23 1.775232992171582015e-24 1.819174187465765473e-23 5.430670033330065791e-25 1.253291955191202925e-25
2.651531924968070855e-296 1.989267323125409675e-254 5.021587198328558291e-223 3.270559472447454424e-193 1.028571552870727344e-166 2.527913169041188414e-145 2.273482356696017281e-130 1.548573191269894948e-115 1.712068535031352000e-101 1.527540452324077865e-89 2.311030686790514410e-78 8.633205645145062894e-69 6.454169454496123206e-60 4.274377460335447101e-54 2.958597115086096697e-45 4.767173790451456113e-40 8.717997297477746002e-35 1.623587724274708586e-29 5.330145902113798296e-25 6.899629682609275127e-21 1.922240964654210921e-17 6.432225523339320802e-15 9.741083520124777552e-13 1.632944186623289869e-10 1.173680329433282314e-08 3.352137648551938887e-07 6.241283365620973801e-06 5.548367807213511324e-05 2.876108936668167557e-04 8.446178326496410569e-04 1.574177789593633704e-03 2.268710066937167785e-03 2.898271647334711015e-03 3.311674042561077187e-03 3.781782091349533432e-03 3.734747921103375497e-03 3.469281588801755457e-03 3.114310667669596602e-03 2.532658434398820432e-03 1.858995475123252162e-03 9.898226067964626968e-04 4.131482038677434967e-04 9.647978109618490642e-05 1.439595520593194369e-05 1.360811807721792043e-06 2.179058908594717226e-07 1.735129293823752236e-08 2.423611270303395932e-09 3.080870228265289162e-10 4.767901694078489777e-11 3.786445665065941934e-12 5.792211062956429237e-13 1.360169789445538876e-13 4.084963309298750988e-14 1.159352196658766021e-14 1.928332307976152791e-15 7.655207771587167789e-17 7.189048341407578111e-17 2.357037467777396182e-17 3.223872472907233751e-18 1.746392808760023881e-18 5.764743982560134497e-20 5.517249792600713216e-20 1.149636587968539614e-19 7.970743919791187198e-21 2.318560102813525887e-21 5.358210095933312475e-22 3.440473832603393486e-22 7.048337539528408170e-23 3.404553428749285811e-23
5.102387570620928350e-288 7.902224638616468183e-254 7.327937892485241996e-221 1.442522255358062949e-187 5.194463494646478089e-167 3.976695004330883212e-149 4.565717202044753295e-128 3.603887331297916851e-112 1.676758098123660368e-99 9.595622805065140929e-88 1.734138033561101311e-78 1.312501459859960667e-68 1.389965451901631746e-59 1.362767316415786328e-52 3.018539893112804118e-45 8.736909639784196231e-40 1.610920342351816167e-33 7.488777604926971746e-29 1.455696759054070740e-24 7.405598071760499240e-21 1.304691847101288744e-17 1.256649132563299477e-14 3.634935760258323007e-12 1.009662261321423244e-09 3.983749795947792518e-08 1.807090750851099908e-06 3.261988446587270725e-05 2.672572685660405743e-04 1.301235920401886846e-03 2.275622598099328025e-03 3.702746242237138150e-03 4.454980131486556763e-03 5.386465178214516931e-03 5.929735240593062180e-03 5.868003361199774191e-03 5.872902676777895167e-03 5.592552899731106225e-03 5.365681489998891038e-03 4.885106637284412912e-03 4.238854816371210449e-03 3.074825142260209036e-03 1.943828584603056811e-03 7.118805448886193809e-04 3.201290437260650296e-04 5.305597621146759194e-05 8.878121054773441135e-06 4.670890992172691354e-07 1.338859269220090825e-07 1.586707719693925359e-08 1.375387669842483413e-09 3.057280565155600684e-10 4.717769602697160693e-11 1.187754113654794394e-11 5.378621658657137490e-12 3.969866028721773912e-13 2.629573630408283090e-13 1.294620336095659147e-14 5.630766147808233288e-15 4.398319360070478573e-15 2.068917706061345857e-16 2.808970932974334022e-17 1.500405479026386672e-16 1.748639655847828260e-17 1.040152002867847810e-17 4.189629519788315689e-19 1.616517171490380328e-18 1.846879495941460974e-19 1.310554576154678559e-19 3.347888556303078112e-20 9.966196805649422043e-21
6.267503784939052056e-281 5.846580623656849856e-253 3.706560211099730752e-212 4.232603358287044853e-190 6.310500115315246729e-162 3.614284446450309948e-146 3.345794526414477614e-125 8.038844895964144946e-111 2.117462830468172361e-99 5.008181327608614171e-88 3.708616545628828583e-76 1.964718783981127554e-67 1.774774280675139909e-58 5.306854064366272086e-50 3.637312464098829340e-44 2.044138442938501013e-38 2.221140138101464711e-33 6.794982996076397069e-28 8.954621030554113601e-24 1.236141735212034269e-19 2.378493949165878705e-17 8.891192989395850517e-14 6.444401373846278644e-11 4.157553890574187566e-09 1.004825741478844653e-06 2.245934665291274458e-05 3.095375221804989559e-04 1.779525055440326492e-03 3.647941615116905793e-03 5.673336736586227953e-03 6.966450906928379518e-03 7.627282302360436153e-03 8.226277013393018187e-03 8.487251161283964826e-03 8.510081117794646502e-03 8.805553588972940549e-03 8.453823055252081622e-03 8.007255073134416506e-03 7.726310005605320150e-03 6.830028943674547499e-03 5.920280895432705401e-03 4.951771644450620249e-03 3.621603383808664253e-03 2.037786557275264761e-03 7.459147214355767250e-04 2.524733839626329759e-04 4.450635926074074183e-05 1.305614830261207142e-05 1.970570930278028858e-06 2.466276375793354205e-07 2.685252965148631660e-08 1.052165061813626016e-08 2.612109735445044829e-09 3.068867696750575504e-10 3.209818592406006611e-10 1.789313131545863286e-11 4.765218708996008630e-12 1.628493894237578832e-12 8.726564617351285615e-13 7.827083842814765945e-14 2.123884805663025949e-14 3.665931246656613033e-14 7.506614188253466639e-15 3.867940260034666737e-15 3.331789262767947142e-16 1.828235205067997324e-16 2.115867580494719002e-17 5.127566253375641470e-17 3.868905655599943813e-18 1.900994079816527671e-18
1.659517444430855730e-286 1.234596971825192424e-245 3.096579451096666974e-219 1.292581647365075094e-188 7.068664736637160876e-163 9.698619962379148406e-141 1.220907300220725181e-126 1.503392545789797396e-110 6.595577296715597305e-98 4.836531223675053692e-85 2.549738708851900551e-74 1.285832273704561036e-66 3.619732149609995032e-58 1.246663848084890442e-50 1.829139471491761150e-43 2.685853810803340955e-37 4.770190860173774765e-32 2.592254939453886564e-27 1.768890898175455951e-23 6.414971049411510987e-19 9.201448096695482579e-16 4.146244318430342535e-12 1.600769744872325134e-09 2.654659870772291906e-07 2.370289525074376440e-05 4.946597925951660892e-04 2.791644075948622634e-03 5.823071645824316744e-03 8.282803208345942969e-03 9.807372349055024432e-03 1.069861466006160992e-02 1.127045909215261196e-02 1.180077436418129448e-02 1.247291598345095197e-02 1.216180657689783749e-02 1.228094978633372837e-02 1.217539655379070232e-02 1.164897695016527471e-02 1.085494277054696068e-02 1.017035860778012571e-02 8.902434210679641136e-03 7.798144770861594084e-03 6.845368776730023294e-03 5.433831074145845791e-03 3.947832521729876393e-03 2.413036366793036396e-03 1.516608272406642617e-03 5.964552012909649830e-04 2.462259055964355499e-04 5.971028395480047822e-05 2.119310793817267381e-05 3.479961660853849843e-06 1.103544395521652336e-06 2.186297524396755792e-07 8.090236956584962089e-08 1.042873732799821672e-08 3.671918869148026307e-09 2.142280376695960433e-09 8.536051140391294912e-10 2.496025619325165007e-10 3.969611330220974642e-11 3.608145384366530275e-12 7.453647923577015758e-12 1.508758333207891648e-12 7.017333753302408627e-13 2.779843644280087044e-13 5.819051895458293372e-14 4.838545475241633982e-14 3.948342082927824630e-14 5.723284827022073061e-15
6.435350656554114375e-277 8.541913233883972387e-251 8.996703159095911452e-214 4.024765419786198159e-184 1.997018443491070265e-163 2.381704528975261189e-139 3.376564691304923161e-124 1.720402686759114641e-109 5.352301043777293957e-95 4.805458933915137535e-86 4.664056855295589476e-75 5.279463392784529098e-66 4.769555991910386906e-58 3.385622380418628687e-50 1.682902502104780324e-43 4.765447252009173481e-37 5.052766594263100582e-31 1.448239620405882753e-25 1.885826902680915121e-20 1.555779636366849899e-16 3.592111398942336323e-13 3.175676165216689387e-10 1.255425906359407658e-07 2.670241313943268459e-05 8.554511267317580284e-04 5.040773319692995295e-03 9.304412213068319684e-03 1.229079965183171516e-02 1.445108989229210855e-02 1.550479960745190094e-02 1.641230128080666678e-02 1.740480838469980404e-02 1.775865548949830119e-02 1.770617529499778423e-02 1.878250810333235293e-02 1.933697599071461729e-02 1.892610328822355928e-02 1.902033510056488907e-02 1.803634146860026016e-02 1.591212684956585036e-02 1.382309138897590967e-02 1.202731147846369114e-02 1.003067967354961953e-02 8.551308818216045785e-03 7.946063371670400791e-03 6.484505851264960215e-03 5.329686434138868230e-03 4.404095715522074982e-03 3.358184927487029188e-03 2.295036216265758638e-03 1.250710745678406538e-03 8.112942114719158809e-04 3.904657233334520505e-04 1.695120135602912626e-04 7.670054101253859561e-05 2.455230935722437175e-05 6.861409542888216703e-06 4.973869165085415429e-06 9.953265376730134602e-07 3.350479967794780022e-07 1.034226283805898096e-07 1.360370911134019638e-07 2.177829582055171246e-08 4.830294409558545571e-09 3.749288449999290597e-09 2.017389493461068649e-09 9.850766740374234135e-10 1.542029046728137345e-10 1.044711671572734757e-10 2.528572037101327665e-11
6.285243356571581061e-284 1.688770014655254141e-247 8.882906274643938091e-213 4.828365067994181200e-183 2.095230944072825129e-160 2.121909369034648287e-141 1.647693973616630533e-122 2.397028099902335958e-109 9.425466204279216977e-96 2.624726359558559214e-85 7.011126730500759924e-74 1.532021070834701470e-64 2.118083077763259154e-56 1.079356546587451326e-47 1.196048122935814103e-40 3.499941775782743138e-33 1.557872006548830533e-27 2.506425012367879211e-23 3.097664996767265955e-18 3.820293599792757940e-14 5.103123571261905030e-11 1.205314801518206270e-07 3.465296714686071181e-05 1.619192495035093630e-03 9.621036685854426548e-03 1.572221607829550269e-02 1.909279949799197462e-02 2.222889113949672035e-02 2.458256103935342607e-02 2.652680402937847640e-02 2.652083358943523039e-02 2.744177731377689389e-02 2.869598851082368757e-02 3.061857152001843871e-02 3.180784333789502677e-02 3.419237600442089769e-02 3.374316428995335210e-02 3.561888008872453326e-02 3.561808905968086997e-02 3.307014529688699633e-02 2.680234479693520411e-02 2.043858669896699010e-02 1.588872313593192934e-02 1.321237983911995907e-02 1.145010784680043116e-02 1.031357473708927226e-02 9.780780623759954481e-03 8.962656635453862541e-03 7.393668075501963997e-03 7.076748227046100563e-03 6.703326834896086196e-03 5.128651592170987289e-03 4.104445821870497842e-03 4.088022206991692199e-03 3.077275496524136018e-03 2.640247478388923173e-03 1.671824641360697113e-03 1.287931170484758660e-03 7.559119553126946800e-04 5.560130944030071713e-04 3.313640056494279815e-04 1.488511316644938981e-04 8.415790683975728572e-05 3.081217374010676975e-05 2.014440278716683567e-05 7.019715206359418309e-06 3.744401790532053184e-06 1.573625462077394981e-06 1.474667066305585354e-06 2.657195196386817171e-07
1.675758636544707968e-285 8.977201160463440007e-247 1.172967540538722917e-213 3.384107401718291713e-186 2.132922946712018969e-158 1.056797995188293935e-138 1.474276009534417691e-123 2.356613889866365892e-106 1.086078197729572842e-94 2.602074997653919702e-81 1.915524144576568694e-71 3.052146343929750518e-61 1.925365221827201005e-51 4.927379338796061055e-45 9.841163983080377457e-37 9.252426006882564597e-30 3.990969006035430876e-25 1.166662408779341543e-19 1.156162437537475026e-15 8.368620415615028674e-11 1.054269562973609292e-07 6.801288025159550339e-05 4.569172463130837317e-03 2.291812998051562938e-02 3.211126334483613981e-02 3.399562881112146856e-02 3.735935956454614071e-02 4.331004724788000554e-02 4.782074100446388754e-02 4.947395829290666264e-02 5.026847225791105517e-02 5.177640376980572473e-02 5.538232289459614488e-02 5.846821412185736200e-02 6.607967916521931273e-02 7.677096805395067225e-02 8.383420240290674619e-02 9.254057556418691932e-02 9.959693303516559126e-02 1.020546842128150222e-01 9.142153659634648377e-02 6.583141009913116848e-02 3.500581325211162692e-02 2.388648838994835918e-02 1.880230078062117630e-02 1.652389783164067913e-02 1.482650404617665875e-02 1.368892147318128034e-02 1.260799212863655989e-02 1.200786726015988515e-02 1.168762974770571131e-02 1.086411100318240668e-02 1.078497278836655811e-02 9.533307728983404436e-03 9.388070448644878288e-03 8.735762872234365678e-03 7.873205879963573670e-03 7.260454578749338771e-03 6.580214149033018593e-03 5.840732283081307916e-03 5.177215982789185739e-03 4.428094019133687297e-03 4.130296803790724398e-03 4.020652691359411120e-03 3.101015837279601055e-03 2.366057580521743059e-03 1.965496515230036757e-03 1.548317443651948521e-03 1.245322390333894209e-03 1.300529275504385069e-03
8.679642752160475111e-279 3.037899753801202010e-244 1.547355980697792923e-211 6.109986736996629431e-182 2.334340533909791317e-159 9.506253645767134026e-138 3.332554524150140090e-117 1.717205563370747378e-104 2.126325999533974627e-91 2.426013793606216827e-78 1.590488852011822945e-65 5.944141461170231446e-56 6.034352659583902608e-48 1.813714599534499737e-40 2.602693436171388049e-33 4.201118873528561496e-27 2.467767088104069341e-21 1.734946147201046195e-15 1.285347225457682652e-11 3.364568803460783340e-07 2.466099285477324748e-04 1.924383006506906815e-02 7.686676195185616900e-02 7.966955986479014318e-02 7.133559371888494038e-02 6.580706988080399500e-02 8.230183014462506830e-02 9.893244796426292620e-02 1.079200850372129539e-01 1.053845184060980683e-01 1.035373092142518187e-01 1.061884736702649740e-01 1.160912102948717106e-01 1.263368795347862839e-01 1.419390212704746967e-01 1.570424623532101216e-01 1.766463880825778210e-01 1.986076970654738483e-01 2.226313064423165455e-01 2.399891592857990863e-01 2.504610727466710651e-01 2.335835145248390810e-01 1.814041112401772460e-01 1.165439701558754759e-01 6.509925384511980329e-02 4.258319882044477034e-02 3.344859622048780567e-02 2.837527688130189046e-02 2.470727713698966932e-02 2.188703173768416846e-02 2.011860258170075286e-02 1.896339248465258101e-02 1.728711790931939871e-02 1.664425104799107866e-02 1.594679117426921547e-02 1.601515869813481194e-02 1.554709796384339676e-02 1.522249030349954492e-02 1.446883542750537419e-02 1.421601826224110424e-02 1.330834793612110240e-02 1.328917517029912579e-02 1.301097625023062143e-02 1.366018565786389014e-02 1.284569017305316196e-02 1.219459028687737596e-02 1.158115270739493684e-02 1.097944316984649123e-02 1.100554166527196315e-02 1.015938692555847477e-02
1.084699868062632280e-279 5.779773871230197746e-242 9.114261655892934949e-209 3.744621471863810057e-181 4.791101963661119176e-155 1.719776887763693618e-135 2.971965697743057555e-115 8.590434419910009097e-99 6.799735541721289591e-86 5.143560734130585085e-74 4.368285003860420226e-62 1.926383055237903748e-52 1.739165752760101324e-43 1.986268215192977741e-36 1.035601360266305750e-28 5.808611728081214882e-23 2.331142211053529393e-17 2.736144370146418350e-11 1.933923160421155869e-07 7.267566487120687146e-04 1.494720389728518561e-01 1.836971233034647155e-01 1.608060986875441134e-01 1.406479485965659026e-01 1.236506681308645467e-01 1.349440338789263394e-01 1.624812438681973725e-01 1.882252437429431380e-01 1.928640680630658577e-01 1.854357527034000697e-01 1.805623659967090788e-01 1.863766289030235890e-01 1.922270977486893462e-01 2.086113371226964441e-01 2.293799412721791164e-01 2.516647665262458089e-01 2.732342981035973950e-01 3.016885321310748824e-01 3.307772177491366539e-01 3.598450698590323071e-01 3.881267688706461216e-01 4.054283692056800947e-01 4.017192345422037625e-01 3.628452388375492110e-01 2.918906787747494458e-01 2.357767613639226156e-01 1.943918265764645048e-01 1.599419159328344664e-01 1.361087666546564878e-01 1.100799377849630833e-01 9.388998021914490844e-02 7.576562411231722860e-02 6.365948682426134098e-02 5.425104610262840993e-02 4.618482532221163117e-02 4.365551579718488645e-02 4.016102320854050139e-02 3.650064850801838789e-02 3.517077109479883196e-02 3.353293752486115331e-02 3.095180542155428344e-02 3.164376775234561262e-02 3.099316280524962511e-02 2.986118781525553753e-02 2.927200233565641421e-02 2.935681640791723557e-02 2.774449800865819507e-02 2.901986188412646397e-02 2.788404644213378358e-02 2.833180767689424950e-02
2.476192983120664646e-270 2.503809784069173144e-240 1.690237664799892415e-206 2.721199448125584069e-175 2.124420323032737873e-151 1.340610339112645395e-129 5.091260632688617589e-109 5.635264615335634882e-95 3.041053827477136756e-80 3.214650442848762280e-68 1.193678544654489590e-57 8.270082412348345481e-48 4.999253940436132371e-38 7.458598333187111090e-31 4.065929528002579211e-23 1.981265811484907727e-17 1.704065807720022562e-11 1.641439311804194946e-06 1.310683399559842664e-02 3.029150085625120226e-01 2.846368813699248768e-01 2.488413766852659026e-01 2.260028953444108979e-01 2.026430792301616157e-01 1.983672656925981881e-01 2.263393769827833635e-01 2.631229780035584942e-01 2.795788843514816491e-01 2.761309544787037829e-01 2.641371655200069335e-01 2.612788996872755232e-01 2.639668344501940322e-01 2.742527426782125910e-01 2.885382967587903358e-01 3.122211431356177735e-01 3.335130008290899672e-01 3.563188883711074784e-01 3.837704930808737980e-01 4.118972682706388277e-01 4.476079218354686029e-01 4.843331525275503813e-01 5.150503429980594072e-01 5.338046828958461498e-01 5.395344689609277156e-01 5.221202241331299732e-01 4.974299363297150500e-01 4.662415833434824797e-01 4.257958992684203192e-01 4.136288067511766364e-01 3.950463418083473011e-01 3.754002757737051055e-01 3.688946300158749692e-01 3.450617057599537074e-01 3.248652989974584737e-01 2.954011290169711867e-01 2.822670408324820523e-01 2.665050744580507169e-01 2.533413217155242592e-01 2.330470849452840332e-01 2.266274510198901804e-01 2.174596314692098242e-01 2.017213339868293154e-01 1.996517495671268905e-01 1.917370471024268941e-01 1.868161126474833234e-01 1.749193905560711693e-01 1.747343313388807495e-01 1.649884997618018823e-01 1.652301784693890607e-01 1.595696199403497662e-01
2.269219800752364470e-270 2.482523732185024886e-231 1.636101419394361638e-195 9.197846747472468883e-167 1.220501386300263169e-141 6.621270684386861653e-123 1.784293452737745867e-101 1.713065128634865574e-86 5.470011182462711580e-74 3.840374513878950045e-63 4.829377510065535159e-52 1.710910416444045837e-41 7.181495094342998889e-33 2.178369033998455988e-24 4.732904515821760648e-17 2.585474485649874501e-11 1.658660248540908319e-05 3.442751431302413789e-01 4.189902906446546504e-01 3.763982907622480112e-01 3.355550194470784953e-01 3.077159426468849546e-01 2.856861064917782800e-01 2.672765410293887478e-01 2.894710701437283040e-01 3.263344190538019496e-01 3.560982342999594041e-01 3.627913977542585600e-01 3.510308605248700919e-01 3.371862890563848136e-01 3.307693458316250390e-01 3.371001428682201539e-01 3.459854996237640146e-01 3.611385401585759936e-01 3.809303916478751773e-01 3.998991707497790982e-01 4.231908896056360558e-01 4.463808110363212678e-01 4.772520509821138179e-01 5.099063375382997254e-01 5.461882480993162092e-01 5.808037227633275901e-01 6.075401663914228312e-01 6.298934656520969178e-01 6.453127267095687403e-01 6.448062076491137828e-01 6.327353821381082044e-01 6.228919746167871363e-01 6.144692397499429415e-01 6.134943311963786394e-01 6.097726267310955572e-01 6.040266994399411393e-01 5.984646940300311080e-01 6.027874017966529108e-01 5.882442586267301321e-01 5.898368784205959559e-01 5.824810988845442461e-01 5.729558364482463251e-01 5.549954145616181611e-01 5.484072784937662481e-01 5.393333398786097632e-01 5.297736012630269720e-01 5.243380903742782539e-01 5.105303292831088191e-01 5.145035219036100393e-01 5.099423049175002554e-01 5.013601380171475164e-01 5.010524024623772554e-01 4.930855276173161661e-01 4.762117111171413897e-01
1.103030564973328905e-260 5.462712784106565045e-222 1.223579393107343882e-189 2.198679212198593119e-163 2.310020768791879676e-135 2.315878031707663632e-115 5.196646841024800796e-97 3.825743500608379389e-82 5.288461592833776142e-66 1.465191278994914084e-54 8.014201428974558825e-43 3.274431083986234601e-35 2.765417965232128105e-25 1.437765496346346245e-17 1.759634749488057678e-10 2.374560151378927954e-04 5.376306993753923180e-01 5.171624838560880955e-01 4.588352878874948915e-01 4.135345427119564987e-01 3.883548680368950623e-01 3.695026899140891330e-01 3.404855995140488312e-01 3.478498016823391992e-01 3.796029247628052716e-01 4.167824340257637594e-01 4.378664171659897852e-01 4.333413449058108879e-01 4.200356238500987383e-01 4.033439845889648101e-01 3.980397337397594826e-01 4.004951628829425681e-01 4.094574450114503716e-01 4.231482097936962172e-01 4.389227372157495921e-01 4.590701883663963478e-01 4.780193966979521814e-01 5.022536518741373968e-01 5.257767663649619561e-01 5.563759654579355507e-01 5.884628591363872951e-01 6.166742472001659481e-01 6.429764750483359936e-01 6.695453872420153996e-01 6.922769558907572174e-01 7.092810519491625776e-01 7.183800663671248143e-01 7.209227425152854307e-01 7.240720224540198036e-01 7.232986625386471635e-01 7.254482743403104505e-01 7.260249661683616518e-01 7.271951416064338369e-01 7.321872213815844299e-01 7.379356104819999596e-01 7.413682334630182780e-01 7.399928688869826798e-01 7.521334252715629054e-01 7.481406290323001640e-01 7.476970604364170381e-01 7.435501566720548183e-01 7.520404614885797256e-01 7.431640198125371022e-01 7.395090098669546697e-01 7.411468525625045656e-01 7.384119432775219094e-01 7.395332891880627146e-01 7.320131251996635502e-01 7.351451502411940897e-01 7.314182171349227213e-01
3.711707357594534369e-257 2.663483742802722327e-214 3.892027073835963391e-181 4.461527805064233743e-151 1.121981963685224146e-127 6.862564126604984094e-106 3.878216979017503568e-88 3.317565718640126306e-72 8.401972649999422164e-58 6.101900305800143629e-46 3.050162838490505675e-35 2.674406252353944919e-26 5.148739153839951123e-16 4.945978969582261877e-09 4.305710602865096548e-01 6.488336399860830106e-01 5.950701344765034762e-01 5.366172335278955874e-01 4.880231451252152741e-01 4.647196308515151308e-01 4.533280274622232819e-01 4.208868025548375136e-01 4.092773195122822449e-01 4.327707574382669842e-01 4.678891993591287046e-01 4.966497756058032009e-01 5.092332663232250756e-01 4.973806261646367410e-01 4.774879972847336784e-01 4.575638031188911659e-01 4.540786285052187399e-01 4.534010166228593652e-01 4.660754782828888110e-01 4.781304858957320936e-01 4.924609667247352163e-01 5.068530052500270777e-01 5.253289553264480771e-01 5.446152431580377762e-01 5.641890967363617504e-01 5.911672431198349287e-01 6.213034253320511846e-01 6.491890229474984730e-01 6.701566923545462240e-01 6.889770644732687854e-01 7.135000029000225785e-01 7.321346325032108693e-01 7.483438498965836461e-01 7.600851495320732898e-01 7.685406289866755225e-01 7.735400143173944976e-01 7.786523633487402174e-01 7.816190244709135815e-01 7.852974225069738745e-01 7.901469152404412277e-01 7.953626623886224101e-01 7.990438792367788867e-01 8.057077017336945479e-01 8.127321772450518678e-01 8.168666648242963735e-01 8.232888179371737891e-01 8.294040059259576436e-01 8.336779468355621781e-01 8.378701129986508844e-01 8.388851822464716834e-01 8.381546510468708133e-01 8.419809295326731169e-01 8.426349464191689176e-01 8.464292369256695148e-01 8.481774841023186351e-01 8.486879063806544998e-01
1.324805725478516283e-248 6.642188493235770281e-207 1.996634934220912939e-174 8.935357370522774159e-143 1.812729303235865908e-118 6.693575458329682359e-96 1.767130329946161162e-77 4.118919115844656591e-63 1.609671709938670939e-48 2.738590473558223955e-37 2.016390335667644851e-25 5.416152106258591166e-15 2.695893853806249088e-07 7.410590857611377702e-01 7.278586352494129663e-01 6.649598024943648156e-01 6.101223558941334391e-01 5.680060843158276640e-01 5.355567895124464517e-01 5.325052161142121987e-01 5.028406169368891954e-01 4.713513367698068390e-01 4.861021645701702476e-01 5.158026308797082349e-01 5.442367566920036648e-01 5.647232834422817316e-01 5.663529237734931110e-01 5.471393487272029343e-01 5.248598863835688411e-01 5.067554161976162153e-01 5.036180445548642526e-01 5.068938876690490813e-01 5.130848719130430835e-01 5.256341937992895508e-01 5.386750533020514542e-01 5.502942123413996356e-01 5.657417861685470895e-01 5.844405924756975734e-01 6.011518647156425255e-01 6.244639005662742104e-01 6.487485198078293269e-01 6.766135485581018516e-01 6.963232867735682508e-01 7.088881680903390547e-01 7.238341490084547747e-01 7.428086704548354513e-01 7.603927606433347197e-01 7.749512428961404797e-01 7.862102872555312150e-01 7.943326995241135613e-01 8.014817348360721017e-01 8.074344032508208313e-01 8.121765019177961120e-01 8.159132071661381325e-01 8.192685337053505767e-01 8.255658439638862145e-01 8.279791768183906164e-01 8.337370265512933365e-01 8.371580585878893865e-01 8.415891203494546557e-01 8.480078038192525591e-01 8.526612960906115868e-01 8.569944144204874048e-01 8.620748976176474399e-01 8.677078468682201118e-01 8.709370263425887382e-01 8.752251918583873191e-01 8.788909958460296989e-01 8.819656313807107129e-01 8.861524250217872600e-01
2.678779651722843820e-237 5.379169785075656531e-193 3.625190528770843330e-162 3.892662698772949223e-131 1.512281969692972339e-107 1.510316487689167491e-84 8.604830734101824385e-67 2.193356733761292332e-50 1.887548009214443705e-36 2.102604008416282127e-23 2.193319233570610627e-13 2.926403641720217060e-03 8.284348071754096265e-01 7.826996303324259552e-01 7.235990232642801612e-01 6.722201288567501987e-01 6.369085031058153712e-01 6.019962457570917636e-01 5.981721941319319003e-01 5.788276583312914614e-01 5.399866114316709265e-01 5.330381823887245796e-01 5.576305381824108176e-01 5.891804230908230799e-01 6.124526925199782479e-01 6.233381838522012997e-01 6.110993450184891707e-01 5.889941440403860806e-01 5.669357598848069335e-01 5.520363018280680656e-01 5.497603854252474109e-01 5.508967837809146673e-01 5.604490789216972635e-01 5.699642316597520741e-01 5.811794002054652131e-01 5.928412039250260390e-01 6.054634694240925707e-01 6.165513788933495443e-01 6.333254708032235447e-01 6.534562573882203296e-01 6.739882527923681810e-01 6.991877539440876088e-01 7.185442129003851708e-01 7.317977687459085168e-01 7.395758330618593668e-01 7.533244031942838426e-01 7.655497836101502473e-01 7.820606687689258818e-01 7.936435865863720185e-01 8.041154068516189746e-01 8.122509787369490697e-01 8.178465912493710910e-01 8.241707406548269832e-01 8.288104588602646094e-01 8.334546046828077426e-01 8.386285519245938458e-01 8.427098623798195964e-01 8.463458407964435937e-01 8.497747697697393132e-01 8.527417670345780465e-01 8.560621135043569030e-01 8.600160022956611083e-01 8.631878041242743160e-01 8.670760075977775871e-01 8.710667904332062284e-01 8.741719927161527570e-01 8.778290929687390109e-01 8.825595678111135545e-01 8.848555484817843819e-01 8.891299770447275153e-01
2.370270889876924995e-218 3.211631819119119500e-182 9.880777556294610537e-148 4.112466942124148623e-119 3.593094110895364633e-92 5.944034172709895653e-71 2.033657764664417695e-51 6.440135227651528383e-35 7.238989116418893614e-22 4.742896076579992332e-10 8.865508765383189882e-01 8.750707495162377558e-01 8.226231588864050259e-01 7.713613427010022061e-01 7.290226625865982024e-01 6.976241233326542224e-01 6.666536335756154674e-01 6.574869086083222625e-01 6.483739112431962104e-01 6.044190696944252705e-01 5.824148679260378048e-01 6.000967536369020694e-01 6.281977223091801399e-01 6.493482002593543578e-01 6.636419423652073490e-01 6.651110645696669543e-01 6.485133672049555598e-01 6.229235666455658071e-01 6.038376798110901555e-01 5.908232268736464121e-01 5.905244169583835356e-01 5.951596226658053546e-01 6.011054720967505816e-01 6.093818468637598462e-01 6.180793059417596380e-01 6.257044430461640161e-01 6.394653869060957785e-01 6.505034418665787133e-01 6.624353771247222245e-01 6.792460287395157836e-01 6.971042214596506748e-01 7.215204858924865183e-01 7.383684039884056416e-01 7.523861893368468667e-01 7.603131270607669245e-01 7.665152625550041288e-01 7.766644108212306108e-01 7.879894593233092159e-01 7.994125818165448427e-01 8.092893047608602508e-01 8.176139452020279030e-01 8.265465400318330325e-01 8.332678741078293205e-01 8.364332415580412183e-01 8.407508041842712831e-01 8.458780692678282698e-01 8.493483317611847383e-01 8.526789501730280829e-01 8.575713417462792476e-01 8.612926131356345438e-01 8.651157007672783950e-01 8.679280769888133573e-01 8.703435714884772967e-01 8.738819274873781406e-01 8.761284464547315354e-01 8.785013170256398274e-01 8.807799956851589673e-01 8.837025104392240982e-01 8.851874932722014755e-01 8.885726454241010819e-01
2.755655397001474393e-203 2.541309976774690776e-165 4.321278729589726082e-130 7.797410893073621390e-98 1.752424173972410636e-73 1.289282833625864418e-53 1.203364964584114179e-34 1.058406982400512760e-18 1.298760541734837206e-04 9.374357772201304950e-01 9.027646083844433900e-01 8.564547257170007644e-01 8.139279513444663827e-01 7.774484067011867561e-01 7.495952193271655517e-01 7.241984337438779340e-01 7.079230507005350725e-01 7.063543619220243874e-01 6.688656116904614368e-01 6.363461196136154241e-01 6.431689521039292146e-01 6.632305981773607417e-01 6.854774872805790009e-01 7.020135721253628613e-01 7.043218754257598579e-01 7.017344450268745426e-01 6.802725402500836571e-01 6.541374052972571684e-01 6.378084001203336850e-01 6.292432736642143976e-01 6.292479929322210008e-01 6.336664273233462152e-01 6.372641326427310737e-01 6.451446905931113029e-01 6.528118541866365643e-01 6.624875849643118153e-01 6.710378326514840897e-01 6.815380298851650975e-01 6.887240255828900315e-01 7.039058292839006636e-01 7.190076123511282002e-01 7.397141358095610242e-01 7.594854979453202759e-01 7.717635685223938058e-01 7.799909027241168635e-01 7.850256451253405654e-01 7.903938808782174918e-01 7.963088890496988759e-01 8.052720598285063591e-01 8.138725662616336232e-01 8.242395784590964558e-01 8.323682674059720288e-01 8.389786056248517143e-01 8.438359268957644765e-01 8.487655614488271993e-01 8.524428359538009925e-01 8.559259710785598330e-01 8.578875983079619072e-01 8.614085721168911469e-01 8.653493191820361696e-01 8.685660633915711637e-01 8.716672444391198038e-01 8.752409638298317418e-01 8.784532243176861321e-01 8.816402917214966051e-01 8.845935520115227879e-01 8.862997436582695787e-01 8.890941607338185282e-01 8.911545860264681318e-01 8.931189240723026446e-01
2.487183812754637042e-186 5.767179907644035952e-139 3.735637520735459547e-107 6.952280967927081805e-80 3.023103354937485783e-53 4.696605534485442990e-30 1.367866576208468414e-12 9.716015815761095409e-01 9.544489732594296783e-01 9.221998283311928502e-01 8.846756694753346029e-01 8.491582361219778274e-01 8.193688464164621266e-01 7.959402812787864656e-01 7.761049216398353545e-01 7.542888441415990242e-01 7.550971190571131864e-01 7.329467027895347764e-01 6.911041870231580120e-01 6.857502365492589291e-01 7.021547770876915839e-01 7.162634894415461639e-01 7.325334371668850153e-01 7.423501127099463304e-01 7.413413112066754573e-01 7.268669998996927228e-01 7.086325130888004864e-01 6.836494093988531029e-01 6.698900560971777773e-01 6.646932215070272543e-01 6.652554726962547349e-01 6.674634566453435669e-01 6.739280301833971976e-01 6.796068037042604093e-01 6.866824367833932463e-01 6.924799321775509942e-01 7.015633058984921400e-01 7.094810085979681435e-01 7.182652721585024436e-01 7.266111599988307468e-01 7.410071437912925107e-01 7.558608778476405554e-01 7.761274341700067358e-01 7.887028569407503742e-01 7.997798380216667447e-01 8.032843114786673011e-01 8.081411107170981545e-01 8.107653542563725280e-01 8.154028617179275296e-01 8.221814093937296342e-01 8.276506545571182816e-01 8.360763862004008118e-01 8.433938978447289569e-01 8.500099029413727969e-01 8.552826404796753934e-01 8.604371059286494150e-01 8.642314059836292417e-01 8.668605543114040746e-01 8.692370643912055161e-01 8.711352976898274481e-01 8.729622158458708592e-01 8.756448788796331595e-01 8.785213899589592312e-01 8.816981596592502468e-01 8.843907085526007128e-01 8.872745736141169903e-01 8.892797860874084304e-01 8.921118620316890180e-01 8.947152023056826886e-01 8.968892836265519586e-01
1.334415259873252391e-160 2.204862633682333156e-118 2.104432605373974354e-82 9.046880502640253230e-52 1.538643413843562745e-26 3.052286680179151394e-05 9.857223431808269654e-01 9.658458088898786986e-01 9.381086395688857937e-01 9.086786826425589103e-01 8.834201124309953856e-01 8.582627214465808896e-01 8.346790288256445978e-01 8.203705145091693129e-01 7.958035454625758121e-01 7.937877389500885839e-01 7.872627020256308672e-01 7.480746265216207114e-01 7.256549825258534758e-01 7.351131664866222826e-01 7.494314647117823469e-01 7.625462828741653709e-01 7.741300090484006802e-01 7.773906948426189123e-01 7.708124655516079837e-01 7.526017951950051410e-01 7.313373730172115783e-01 7.131526684981170927e-01 7.020577066429212199e-01 6.977410033081170582e-01 6.992900742550471893e-01 7.023719623780009247e-01 7.062439298555338585e-01 7.112377121057763540e-01 7.163007814967159437e-01 7.239327260052573765e-01 7.303072223437677701e-01 7.378708260209213554e-01 7.440261672261541115e-01 7.531153049479196726e-01 7.623715176932895909e-01 7.730833326866810573e-01 7.912569498713688532e-01 8.057196978577303437e-01 8.151899042460485356e-01 8.213579714568535195e-01 8.258200222332525708e-01 8.283524140448663697e-01 8.303107793732111830e-01 8.338699591524666443e-01 8.378382087376609055e-01 8.433066552896071322e-01 8.497850277217180448e-01 8.551596460386500231e-01 8.611702106133855006e-01 8.655986194909228715e-01 8.708139679174915493e-01 8.745322774266661714e-01 8.758683712748562833e-01 8.788560206618738491e-01 8.809466785147851420e-01 8.825616732443913870e-01 8.843174560881338353e-01 8.858824126543088928e-01 8.875524058685971829e-01 8.896795587348242940e-01 8.916372169062382058e-01 8.941423729389452735e-01 8.961254575075595641e-01 8.985932415891673131e-01
2.107575721913527280e-125 8.371723376414954278e-85 3.559203924194593370e-49 4.783328732248611475e-19 9.967595519450220820e-01 9.908906802715847784e-01 9.755459361057480239e-01 9.548098344980214813e-01 9.314658766257711831e-01 9.099870041192260617e-01 8.911657945316641127e-01 8.714690933157521746e-01 8.586338047324632017e-01 8.398061256244075956e-01 8.315521718259651918e-01 8.286106480731539881e-01 8.037135154269963166e-01 7.712745100634890161e-01 7.700171729279097210e-01 7.804955957661484645e-01 7.931727813168142349e-01 8.004634270511246097e-01 8.047828183975348493e-01 8.047134514698822683e-01 7.942995718906852298e-01 7.754036773453114595e-01 7.535457846725865938e-01 7.395733872454643976e-01 7.317521100006512125e-01 7.307417072724609053e-01 7.301117958204695890e-01 7.344863812632692612e-01 7.381844476678627309e-01 7.423507410428966669e-01 7.464819736267139794e-01 7.524594973917669849e-01 7.576097776859154198e-01 7.642514503827512184e-01 7.694536857289500098e-01 7.749895262687425124e-01 7.837774438214883954e-01 7.926838710421287848e-01 8.073529962457459686e-01 8.214182968454476486e-01 8.320927990716897593e-01 8.390821011805075225e-01 8.431644646793912123e-01 8.449551292556563009e-01 8.477242580573830510e-01 8.480962754334989695e-01 8.509799505409497700e-01 8.547729177904780373e-01 8.573388341456209538e-01 8.615953633878368212e-01 8.672700578626552081e-01 8.727840065051134522e-01 8.764602743577498689e-01 8.808362530301253601e-01 8.848119692059537300e-01 8.867982269949928886e-01 8.893072978772234016e-01 8.916177203201434143e-01 8.933994149649489014e-01 8.939120940238324264e-01 8.962473996397312126e-01 8.954895084647976899e-01 8.967547448774131347e-01 8.986699257987663669e-01 8.999742151281391322e-01 9.015906715831165652e-01
1.030192724086694606e-86 6.401079700643164438e-44 7.355487170043020225e-10 9.991852224069885935e-01 9.952551327052999719e-01 9.849040623964688823e-01 9.695143731410164056e-01 9.526714049399120920e-01 9.349401083426138737e-01 9.202089160169293347e-01 9.051077023786242570e-01 8.907831262848946441e-01 8.778175214155933270e-01 8.622730793991320031e-01 8.618096505747696590e-01 8.486656443604213562e-01 8.208398485927100863e-01 8.066976301937256455e-01 8.112184931852263192e-01 8.184959087541654466e-01 8.288807234967107140e-01 8.326448101190453421e-01 8.330395148464155852e-01 8.311381861375288782e-01 8.158873894488323231e-01 7.976170296600362253e-01 7.780134906274130957e-01 7.707437650941634244e-01 7.639415166237234489e-01 7.602280063949705680e-01 7.651736720573510953e-01 7.637268538936348161e-01 7.676715723110786316e-01 7.716654356811583071e-01 7.757146324267549797e-01 7.801305028148004528e-01 7.864304942355737627e-01 7.903062242947815896e-01 7.941402540031131663e-01 7.989655657820404766e-01 8.035320222287265501e-01 8.137526048715736371e-01 8.235044128394404250e-01 8.361340179225940084e-01 8.457122810741910524e-01 8.564478061180312851e-01 8.585178250986846837e-01 8.625753079304967486e-01 8.647812318652285946e-01 8.660963229810383357e-01 8.669974064668721780e-01 8.684774283631423453e-01 8.708359894818761271e-01 8.736217995479201859e-01 8.766533802653481144e-01 8.790888946857943198e-01 8.841545259725878125e-01 8.884805084440944301e-01 8.927713404685787557e-01 8.953628959976043244e-01 8.980747784336805539e-01 9.002881464081853302e-01 9.014119235310581457e-01 9.039069906532009036e-01 9.049132945316136212e-01 9.066981071035258299e-01 9.066728756501777342e-01 9.067674757416611664e-01 9.082101499872250461e-01 9.089218411991450974e-01
4.479951151488725515e-39 9.998133514295670654e-01 9.998227823969930705e-01 9.982116753609531212e-01 9.927169256818038079e-01 9.834988241888060756e-01 9.723880876501881376e-01 9.589553797555969705e-01 9.456070854889087052e-01 9.348749647171716859e-01 9.197935284618390384e-01 9.115014583831925199e-01 8.975190488243323106e-01 8.903262620117973203e-01 8.859780274089414931e-01 8.654411134767053815e-01 8.454532936685830169e-01 8.425579518660857303e-01 8.494079334421255068e-01 8.566032674085855003e-01 8.611807486389803090e-01 8.620757092280449951e-01 8.626422989424449295e-01 8.558265003735003873e-01 8.419310024057825581e-01 8.210229871113403632e-01 8.073759727947280584e-01 8.008105364986268793e-01 7.967343262709555285e-01 7.946456952148894803e-01 7.932350422725975569e-01 7.955702882136580500e-01 8.002426065232143282e-01 8.047967585624247189e-01 8.053246933046883660e-01 8.113207328247278305e-01 8.165381133775437839e-01 8.176439615814262707e-01 8.226206543234952928e-01 8.239237386158632104e-01 8.309593205690356532e-01 8.345674945434693459e-01 8.423594016603384027e-01 8.533997912449676759e-01 8.652085012857406721e-01 8.717007548090881519e-01 8.782515521134628411e-01 8.799565471036735476e-01 8.829246840037383581e-01 8.844959237231331262e-01 8.860711498521250951e-01 8.861646036056216591e-01 8.880576903976223901e-01 8.881540088516716169e-01 8.910761322644985549e-01 8.917728459448176492e-01 8.950382705760182578e-01 8.998107943071812498e-01 9.032909749140888289e-01 9.065165929740823803e-01 9.073225202580961213e-01 9.097887107504817328e-01 9.114584352505821219e-01 9.138632370204721189e-01 9.151301286659917489e-01 9.164757276997991253e-01 9.182734767019014033e-01 9.181105988759554748e-01 9.189808268003480940e-01 9.181531305377114149e-01
9.999996497510272864e-01 9.999860790058902049e-01 9.996736875013106927e-01 9.978369342737825054e-01 9.940814447283066180e-01 9.866034545222831520e-01 9.789332603195147753e-01 9.683727684865177654e-01 9.593627908183338659e-01 9.496935267547449433e-01 9.421682611839542476e-01 9.313755900325055848e-01 9.209079836222378024e-01 9.196478506776717410e-01 9.097759270385306074e-01 8.909508965778957235e-01 8.782900427030299051e-01 8.798955865101194540e-01 8.832297746751868184e-01 8.901558669394457057e-01 8.924348663913929114e-01 8.923725449203157023e-01 8.894293988416016594e-01 8.800809778617363355e-01 8.691325411787622635e-01 8.468024136707162919e-01 8.377111096865684781e-01 8.319172565972062783e-01 8.309701701170728594e-01 8.283657607955137170e-01 8.279768124820655606e-01 8.328950592069745973e-01 8.342122558058674420e-01 8.361915813070200931e-01 8.389266766571451539e-01 8.427983899040953908e-01 8.430848667918874328e-01 8.464558833813584648e-01 8.525859716741903682e-01 8.545526840033839111e-01 8.566239068615718599e-01 8.587810193722559271e-01 8.668529105219152653e-01 8.751316036040918123e-01 8.824149750856098429e-01 8.927809776442312550e-01 8.955542163413111600e-01 8.982890539106028749e-01 9.008339890253399540e-01 9.031691960095894478e-01 9.027216106913061866e-01 9.040214300332410913e-01 9.050331993043709833e-01 9.059565068167449997e-01 9.069887680585033696e-01 9.092299406147131835e-01 9.092154918708681421e-01 9.111835560857288741e-01 9.130200518196573967e-01 9.160798127013098924e-01 9.176448925671745194e-01 9.207224947340322263e-01 9.221865334989510776e-01 9.254832842595881459e-01 9.259625081758098286e-01 9.286174067886623362e-01 9.288899233586224158e-01 9.313346833614136733e-01 9.298777099184690753e-01 9.309261754149473767e-01
9.999998982882413179e-01 9.999875881185350535e-01 9.997652379643278131e-01 9.987338314748597234e-01 9.961881516682673521e-01 9.921401108225594845e-01 9.871599519601429451e-01 9.791639935336623468e-01 9.733724693653771354e-01 9.638651605520319743e-01 9.588234267669841770e-01 9.496693689533339811e-01 9.433515344665208691e-01 9.421515961206962109e-01 9.324858653471209680e-01 9.129777603237513306e-01 9.066944291382968979e-01 9.131858182384454681e-01 9.158724768682333650e-01 9.183936875726750326e-01 9.167929633249736199e-01 9.181241815923892879e-01 9.110405357262781889e-01 9.012030153389306575e-01 8.878061919967835669e-01 8.743868763128669341e-01 8.684778796716411398e-01 8.639458810590483484e-01 8.606943026674039876e-01 8.644284716496334342e-01 8.603443355858092501e-01 8.617039616424114756e-01 8.605362342762158390e-01 8.628153371855219467e-01 8.662608512978628994e-01 8.672209494432524535e-01 8.698239456726980512e-01 8.733480467476113507e-01 8.757310597634283544e-01 8.760380852053444301e-01 8.776446401520586749e-01 8.793755590607749140e-01 8.838380551552023068e-01 8.920447150257866387e-01 8.981910480215488102e-01 9.052867457893359893e-01 9.114647123104153703e-01 9.125782739351471218e-01 9.174268004956422917e-01 9.187187561732080843e-01 9.183343958715111111e-01 9.178231253665338762e-01 9.190778589043439029e-01 9.183259034669635223e-01 9.207321249086524162e-01 9.195442455109201774e-01 9.203218020232463159e-01 9.233506827299087227e-01 9.240947842796177758e-01 9.261489863324349203e-01 9.262851348201595059e-01 9.294831395515533723e-01 9.312263823335812374e-01 9.313431175354770497e-01 9.351037230875409723e-01 9.369710633504761965e-01 9.360378825075980069e-01 9.378212743872549328e-01 9.390495925683634004e-01 9.400511618831411953e-01
9.999998942297873006e-01 9.999920730499234356e-01 9.998750012087497252e-01 9.991905297884403625e-01 9.974531956834190582e-01 9.946058106847746050e-01 9.906910731062394948e-01 9.855633820154695579e-01 9.799084327518802207e-01 9.749597208329692233e-01 9.690030499812537501e-01 9.622758576609925507e-01 9.584139217730495153e-01 9.549760934611665197e-01 9.415084942723174199e-01 9.302126008193095652e-01 9.285892145223022531e-01 9.322470254580441651e-01 9.348570939574013527e-01 9.333298001439572777e-01 9.326828960714087513e-01 9.319380684528054681e-01 9.261376153742975070e-01 9.139210629797075436e-01 8.998232845250971890e-01 8.898444795872186841e-01 8.850254437361978477e-01 8.825002201667652146e-01 8.813257864148743570e-01 8.769832545799047807e-01 8.793091947916275020e-01 8.774898108024403731e-01 8.818797620764942113e-01 8.796058789198004657e-01 8.809248431170225713e-01 8.810463998668927044e-01 8.848958145223757565e-01 8.865823001427869388e-01 8.896170869429358419e-01 8.906373940156373514e-01 8.926800654833166870e-01 8.929663638139708759e-01 8.972150009154091777e-01 9.002602729054459685e-01 9.066889161595680369e-01 9.117280564513235985e-01 9.190159447770638312e-01 9.221124208940328915e-01 9.242349950011322646e-01 9.261703127847672468e-01 9.277672904197523662e-01 9.277709133528699859e-01 9.266449977493554924e-01 9.268043943313998279e-01 9.276774431211427530e-01 9.277000809580664420e-01 9.293733820344627361e-01 9.293397388440478579e-01 9.301185460929345394e-01 9.308780395616240710e-01 9.327255960352069941e-01 9.338421782134407323e-01 9.353703432598411416e-01 9.365692475099853809e-01 9.389388842342287766e-01 9.405022295042264613e-01 9.409563264528073567e-01 9.413243600842780001e-01 9.428302846876599475e-01 9.437061493850615879e-01
9.999998919513184426e-01 9.999925944714234127e-01 9.998746121726582725e-01 9.993346850032690520e-01 9.980436836630933728e-01 9.955093448657040822e-01 9.920088836307369151e-01 9.874848968303787666e-01 9.827271389780708466e-01 9.784256453288051603e-01 9.722064848663662939e-01 9.663196189479917875e-01 9.643650912612752313e-01 9.566911455189092139e-01 9.435477520988180267e-01 9.365758561651960079e-01 9.380709359116529145e-01 9.385776434017850667e-01 9.414459661862407680e-01 9.414463153000741658e-01 9.388630015855231603e-01 9.356091808109145980e-01 9.274153397813352795e-01 9.140774932333822766e-01 9.028326879132940741e-01 8.965610642162649135e-01 8.925231032891692839e-01 8.886488462530761634e-01 8.881397298289975817e-01 8.859910947520494018e-01 8.854542535055862640e-01 8.865598986406940663e-01 8.862654706089464485e-01 8.880894943596971958e-01 8.879787972508526028e-01 8.901500778504960465e-01 8.914705066654018406e-01 8.937437980910695190e-01 8.955084793940291110e-01 8.977322777860260450e-01 8.985767957803675321e-01 8.995068310977156756e-01 9.010240726979737991e-01 9.034170561031144020e-01 9.079187600145519621e-01 9.132042110941208657e-01 9.192984576976491740e-01 9.231678627585891972e-01 9.265919886090178137e-01 9.284791624542433341e-01 9.296444085105792787e-01 9.305551653160559766e-01 9.305402719212662044e-01 9.312800950946098499e-01 9.311710598504634451e-01 9.315224917738900157e-01 9.312142489089089148e-01 9.315401481985484677e-01 9.325266941520011788e-01 9.329288903252432874e-01 9.334617863165165508e-01 9.344502184231789910e-01 9.359543024969052549e-01 9.367858483989335294e-01 9.383438138900822567e-01 9.390393264414642616e-01 9.414880263492184653e-01 9.426288271602918378e-01 9.436783856057030517e-01 9.444730447945320906e-01
9.999995812641270243e-01 9.999830136883380849e-01 9.998133979972290142e-01 9.991781330568015873e-01 9.976755294373677030e-01 9.948807685543937795e-01 9.911910336486425832e-01 9.870176945305696448e-01 9.817337765525933069e-01 9.781449668764577998e-01 9.712905936503536397e-01 9.681515299431122656e-01 9.637519185393473853e-01 9.539885901158717818e-01 9.427739396036584063e-01 9.402557774570918792e-01 9.410507902939516667e-01 9.425538823158307045e-01 9.436464797638265400e-01 9.422337425663716015e-01 9.400852826730727863e-01 9.327988327915338607e-01 9.224648428880007911e-01 9.114379327505126582e-01 9.027200517034905669e-01 8.974705948420307333e-01 8.944015144427081010e-01 8.917818083889861303e-01 8.898610378798996745e-01 8.889923347194661485e-01 8.884193364043353469e-01 8.883123784062250117e-01 8.888183772610166455e-01 8.893206092315504296e-01 8.905517649090869403e-01 8.919011247801846842e-01 8.938945544462673087e-01 8.956836266979862904e-01 8.980186199436834826e-01 8.992686535879241827e-01 9.006545714848057660e-01 9.014242975735826668e-01 9.025469978127863557e-01 9.040553693900288401e-01 9.071129906988065761e-01 9.123621992812576131e-01 9.171990723016725244e-01 9.219042442090992218e-01 9.257856043999677098e-01 9.286669594569305630e-01 9.298329377873084667e-01 9.305721150391935703e-01 9.311721043618275129e-01 9.320030222875108628e-01 9.321193873469052482e-01 9.323993880930147027e-01 9.322667998549121204e-01 9.327644999133725134e-01 9.327827448335349603e-01 9.333048261518948063e-01 9.335863705772696752e-01 9.343512582179398507e-01 9.352191954742661295e-01 9.363993416926253976e-01 9.370309307510003016e-01 9.380668348182111815e-01 9.395679521152804359e-01 9.404247404043727387e-01 9.420678854098984978e-01 9.428872764541138540e-01
9.999975330853045907e-01 9.999453812556119425e-01 9.996563704810372819e-01 9.987153524982157471e-01 9.967300326370567287e-01 9.937317276394270760e-01 9.897566001482884790e-01 9.851350567971245420e-01 9.808269505744822148e-01 9.746955836718877997e-01 9.696076095700517650e-01 9.667557310220882272e-01 9.606893308999362446e-01 9.489220601391590293e-01 9.419286781339939463e-01 9.415884042888843508e-01 9.428691167376938020e-01 9.436260603403182623e-01 9.430191297411744111e-01 9.411114433606310170e-01 9.368776969725568504e-01 9.280822604087205496e-01 9.175729516128017238e-01 9.075062247884556621e-01 9.012691263345508075e-01 8.965719595272638731e-01 8.941813894743488866e-01 8.917856744565348937e-01 8.902774482451040194e-01 8.890534800927887282e-01 8.888946684474539062e-01 8.889766997095839285e-01 8.892946549081792718e-01 8.900897810958465772e-01 8.910330905892412945e-01 8.923405870231230219e-01 8.941705471059444577e-01 8.963108808635144031e-01 8.983416218174610224e-01 9.000680153670213013e-01 9.012986109772807009e-01 9.023488266143548930e-01 9.029714911250699139e-01 9.037329586383381352e-01 9.062762716252334982e-01 9.090065013411315897e-01 9.138172862455092860e-01 9.186440863281730707e-01 9.224025676231391024e-01 9.253774576248305905e-01 9.278484377608916533e-01 9.296472681923388937e-01 9.308591969688857493e-01 9.316879417528983742e-01 9.322423413470849463e-01 9.324675900306236276e-01 9.325629853461085972e-01 9.329034782019730576e-01 9.330190245290080897e-01 9.331353517466328684e-01 9.334960652615914567e-01 9.338759904782594212e-01 9.343224942623761242e-01 9.348295044435399603e-01 9.355701849544536541e-01 9.364234735035747992e-01 9.374765592280051019e-01 9.384219318445115032e-01 9.390753495134813722e-01 9.404626680545836725e-01
9.999778322239186723e-01 9.998277380872281350e-01 9.992682273961462913e-01 9.978135890173245315e-01 9.954061185660529887e-01 9.920490503551121497e-01 9.875277570794273041e-01 9.824162994881388000e-01 9.779654534695864099e-01 9.715084267719568123e-01 9.679560327306458989e-01 9.637282484805480554e-01 9.537656245921728448e-01 9.447938157308816143e-01 9.421195240652012748e-01 9.423528273062361515e-01 9.430098866234691846e-01 9.429451033795667181e-01 9.415682671481835353e-01 9.383511549556757814e-01 9.317399711607996515e-01 9.216461232617858546e-01 9.119526665787142106e-01 9.040992226885758987e-01 8.992483580265787646e-01 8.958343099286463218e-01 8.933106779516174489e-01 8.913542406253166517e-01 8.898684947786611454e-01 8.888737372204494891e-01 8.885957007984985889e-01 8.886423205481932541e-01 8.890411876952234449e-01 8.896751980827561912e-01 8.907661795753512024e-01 8.922223636796539070e-01 8.941340914177955401e-01 8.962542235495186693e-01 8.983778414021513781e-01 9.001766955298611261e-01 9.015885090250032041e-01 9.027529495135296900e-01 9.032951309815586693e-01 9.037897732694971653e-01 9.050071098680713133e-01 9.074775118502986793e-01 9.102824275610739146e-01 9.147256670649863697e-01 9.182127903007590852e-01 9.225650901358837253e-01 9.251113179246222007e-01 9.277747918703643792e-01 9.289466992271283585e-01 9.306360249916897365e-01 9.312384248772013207e-01 9.319438339132040117e-01 9.323263386006005460e-01 9.326577087992492521e-01 9.329349897456863383e-01 9.331352201116041023e-01 9.332731331132386732e-01 9.335786005232381557e-01 9.339964370669254778e-01 9.341065052013165504e-01 9.345628790976054923e-01 9.348750877159349715e-01 9.359323655980616996e-01 9.365723691422940256e-01 9.376728086511415539e-01 9.381743053622249029e-01
9.998936875313313433e-01 9.994420895625634182e-01 9.982508279305793986e-01 9.963602733140189960e-01 9.929777762155748144e-01 9.892220560401993046e-01 9.837957102477777882e-01 9.796317675084894594e-01 9.739050061257167323e-01 9.688748192659303315e-01 9.649294972177329122e-01 9.585718085113253961e-01 9.481813592738357332e-01 9.433678466055588352e-01 9.423944392699484807e-01 9.424189288290667488e-01 9.423259348928205714e-01 9.410860738351428667e-01 9.386325197629356021e-01 9.334924185234427796e-01 9.256411941886003580e-01 9.152796653316249698e-01 9.071017653729237518e-01 9.014399995445461222e-01 8.977078234695395897e-01 8.945682594368670193e-01 8.923385044225626839e-01 8.906265289136686691e-01 8.893666500423340615e-01 8.885247887209670736e-01 8.881066471046341615e-01 8.882344346550610226e-01 8.885706518118273722e-01 8.894825330480087278e-01 8.905769729300617721e-01 8.918482217679347679e-01 8.937336700586844263e-01 8.957965078136675974e-01 8.980805413467602971e-01 9.002263492926978472e-01 9.019421375369996996e-01 9.030058021695287485e-01 9.036555811593928178e-01 9.039931926291426834e-01 9.044010726484631446e-01 9.056808083756675565e-01 9.075368983828117075e-01 9.104372400810074595e-01 9.144725092587338011e-01 9.186197788681919052e-01 9.215842661552495763e-01 9.243028217616560127e-01 9.265702587766390108e-01 9.283301391627828414e-01 9.298853366809159970e-01 9.308654415514033831e-01 9.315255951540369894e-01 9.322619333535787645e-01 9.326507303956991235e-01 9.329405480439084686e-01 9.332296766318032288e-01 9.334329159936014531e-01 9.336696740910308545e-01 9.338718044576080901e-01 9.340344828718964987e-01 9.344018554381989805e-01 9.348611372164034039e-01 9.352359915029287984e-01 9.359091673580924864e-01 9.365817921050759720e-01
9.994495091878956572e-01 9.984443819206396675e-01 9.965196047251978495e-01 9.935923843180699544e-01 9.894201655726861944e-01 9.849354120896336440e-01 9.800795663673769198e-01 9.748807594593414949e-01 9.696038720631179331e-01 9.656513667400603573e-01 9.600075584590201938e-01 9.514004149245826047e-01 9.452618994491119864e-01 9.429044678446005801e-01 9.421577629497743800e-01 9.415836274237343595e-01 9.403990107904215412e-01 9.379893380935850900e-01 9.335331543393724507e-01 9.260849833418351995e-01 9.179623452322948074e-01 9.102938985774341463e-01 9.036501574034208062e-01 8.996920628814799592e-01 8.961876205798209316e-01 8.937523935614181125e-01 8.915703636291509859e-01 8.899226745964321506e-01 8.886956772320079301e-01 8.879335246419846062e-01 8.876671166493104170e-01 8.876157884375245333e-01 8.880352864910782129e-01 8.890030850346328783e-01 8.899814683409954519e-01 8.913061075562904723e-01 8.930102262646376632e-01 8.952755855362002357e-01 8.976512148856001794e-01 8.999718054024055114e-01 9.019313605851747573e-01 9.032198191247186037e-01 9.040412155879926637e-01 9.043151106051510180e-01 9.044521287636083651e-01 9.048425321969144619e-01 9.058114069304946669e-01 9.079908728961768594e-01 9.105143923465879308e-01 9.131313073605380470e-01 9.170959251322170491e-01 9.203072504297037382e-01 9.234799894995339153e-01 9.262674213795950573e-01 9.270254021021081536e-01 9.291367813067146209e-01 9.302838699141564582e-01 9.312808625698444365e-01 9.318418788280053988e-01 9.324733261677335960e-01 9.329140159803355203e-01 9.332043724908740678e-01 9.335695271543908991e-01 9.338010547022495000e-01 9.339867282330592824e-01 9.342444519818633442e-01 9.344655128467118654e-01 9.348202443052077149e-01 9.350539523648800921e-01 9.353721520828621738e-01
-1.000000000000000000e+00 -1.000000000000000000e+00 9.933978080659479071e-01 9.897348751549596146e-01 9.851989603654869310e-01 9.803552857166760726e-01 9.751397540786846951e-01 9.701486932108760453e-01 9.656491064603776042e-01 9.605652977988898833e-01 9.531017013952938211e-01 9.470498912784275358e-01 9.435857508952385508e-01 9.419238836807255488e-01 9.407119127255408886e-01 9.393106383740564835e-01 9.367645440756973141e-01 9.333057469209619095e-01 9.272180225186413827e-01 9.194381048627073838e-01 9.122512271296502329e-01 9.063361095196502681e-01 9.014939266128682016e-01 8.977681254153822010e-01 8.949394366108222032e-01 8.927267005334013072e-01 8.908480343139151270e-01 8.893133633693400819e-01 8.881846085587982165e-01 8.874950427001800923e-01 8.871179795113601774e-01 8.871367649174378700e-01 8.875790809498449452e-01 8.883264837701759786e-01 8.893303644334293878e-01 8.904647621825623194e-01 8.924451955578694973e-01 8.944468710685911095e-01 8.969394268410136872e-01 8.996835423251866581e-01 9.017039994942303016e-01 9.032519374264139644e-01 9.043338038613709662e-01 9.047307371382741215e-01 9.048067879849031048e-01 9.048924124184316575e-01 9.053046661558391550e-01 9.061818951644817766e-01 9.076204663822291518e-01 9.099619500757512025e-01 9.132132409332154310e-01 9.155923800848683181e-01 9.183424938656569170e-01 9.218752293666176989e-01 9.239771340727468418e-01 9.264066317935537587e-01 9.279235858609811149e-01 9.293793721631800064e-01 9.308407915740490868e-01 9.316626309524613792e-01 9.322612210722488468e-01 9.329065122666591048e-01 9.332539604427477764e-01 9.336703151578312765e-01 9.339956421099364636e-01 9.342180917021718489e-01 9.344584775936787269e-01 9.347492985511884900e-01 9.349899761837174861e-01 9.351496162493863062e-01
-1.000000000000000000e+00 -1.000000000000000000e+00 -1.000000000000000000e+00 9.847070958800632212e-01 9.798923075387410142e-01 9.752576986375505186e-01 9.697654692067583238e-01 9.653915086939198753e-01 9.601651585247360510e-01 9.539549883950632081e-01 9.484028576127331300e-01 9.443938251055947752e-01 9.419004187861360622e-01 9.398234735244272997e-01 9.380658332929089349e-01 9.354303099916488895e-01 9.318202484328380608e-01 9.270489698087466257e-01 9.203945365835256576e-01 9.139584214427605158e-01 9.080660485269469451e-01 9.032829044460959356e-01 8.995944140783134202e-01 8.965275056009216481e-01 8.939833408083495137e-01 8.917712356944494934e-01 8.900485164443977526e-01 8.885892840425430039e-01 8.874743986423920816e-01 8.868923772258561211e-01 8.865252495041214820e-01 8.865343014986930559e-01 8.868718952097611741e-01 8.875722059798479835e-01 8.884934515632564311e-01 8.898934527204647171e-01 8.915954359630926529e-01 8.937223016375939189e-01 8.963888963618862338e-01 8.988738750250044873e-01 9.012899795571712724e-01 9.030746305454607770e-01 9.044275279209501583e-01 9.050036599624466938e-01 9.051886376109050669e-01 9.051409611531252564e-01 9.051069094962533867e-01 9.055443685911811480e-01 9.060923271550884728e-01 9.072379373324526153e-01 9.091490929117747033e-01 9.112796908444121824e-01 9.140926511074345395e-01 9.163767752366799302e-01 9.192600577333137624e-01 9.225310240367033954e-01 9.245542531446666601e-01 9.267067532149660947e-01 9.283086653798151566e-01 9.296103922216074622e-01 9.308997531928233649e-01 9.317679879192241055e-01 9.327089964364395636e-01 9.333098747718685528e-01 9.335893953696325909e-01 9.341506136231215729e-01 9.344376001840162260e-01 9.347722693075207756e-01 9.350371311165555088e-01 9.352696930516468665e-01
-1.000000000000000000e+00 -1.000000000000000000e+00 -1.000000000000000000e+00 -1.000000000000000000e+00 9.739416660437277828e-01 9.692773112393061608e-01 9.644632851185357403e-01 9.594930709466318319e-01 9.541082989383117274e-01 9.488451588874359244e-01 9.448814119878021778e-01 9.418493018761315838e-01 9.391873209484484786e-01 9.367332091991853460e-01 9.341345955759199349e-01 9.305688291380354027e-01 9.259996515935072781e-01 9.207705853611984903e-01 9.147491976728308050e-01 9.098915609464898191e-01 9.049543376401925077e-01 9.009931064939281642e-01 8.979960490058761513e-01 8.951453922159757770e-01 8.929509158741544272e-01 8.908937887760595142e-01 8.893645750248752035e-01 8.879927236792555245e-01 8.869490361298533188e-01 8.862345544943242004e-01 8.859929768931161798e-01 8.858995133265136213e-01 8.862458779309101420e-01 8.868449239712584697e-01 8.876786977269788270e-01 8.890194335898090605e-01 8.905902878525721045e-01 8.924774081519255553e-01 8.951155655245610632e-01 8.980580382263584349e-01 9.005932380004628701e-01 9.027201425888611297e-01 9.042638215018630188e-01 9.050932430637974591e-01 9.054143027510205277e-01 9.054605456532627272e-01 9.053528902781493581e-01 9.053824325813514262e-01 9.056000032732818283e-01 9.060254363779005615e-01 9.070322122618786898e-01 9.083239303564472067e-01 9.098971905194855880e-01 9.125718023543548663e-01 9.152593433404150325e-01 9.176804693315606665e-01 9.205875500084249596e-01 9.228943305395854724e-01 9.255120630629651846e-01 9.277007230723859355e-01 9.289300305871884822e-01 9.301011261758831417e-01 9.314643265459626731e-01 9.322622564014757529e-01 9.329291502667510505e-01 9.337679879764089197e-01 9.341707107071627325e-01 9.346900027307012415e-01 9.350691469600844741e-01 9.354580077517252734e-01
-1.000000000000000000e+00 -1.000000000000000000e+00 -1.000000000000000000e+00 -1.000000000000000000e+00 -1.000000000000000000e+00 9.630409567899267387e-01 9.582625393059875929e-01 9.536539843982674292e-01 9.493521193796131685e-01 9.448869656933462924e-01 9.414006708231420495e-01 9.380911416261256131e-01 9.352927017413620314e-01 9.324849782630338924e-01 9.289091815899719329e-01 9.251002475453533602e-01 9.206876482962800257e-01 9.158109440523714007e-01 9.108590546702075574e-01 9.062580973031146847e-01 9.027861961706994398e-01 8.994337219498401703e-01 8.965334157494000422e-01 8.941280373757710676e-01 8.919439718445613119e-01 8.901617441218055982e-01 8.885527960861127061e-01 8.873199009672730897e-01 8.863781439247084837e-01 8.857001517644006450e-01 8.853912105327603754e-01 8.852584232432022526e-01 8.855952995884062151e-01 8.859763795594333136e-01 8.868481953940038354e-01 8.879125679315630348e-01 8.896976982267819078e-01 8.917384991339206701e-01 8.938331600464413107e-01 8.968556816654390529e-01 8.995778267542376971e-01 9.020194808963899469e-01 9.037677706038812486e-01 9.049551215604644261e-01 9.054599456126410928e-01 9.056081148937931147e-01 9.055505418797217265e-01 9.054573828587023643e-01 9.053574455512000130e-01 9.053773782960742311e-01 9.057705995000255861e-01 9.064370470921414569e-01 9.075613935581043901e-01 9.089332799889121572e-01 9.115301817145984309e-01 9.126440479421864538e-01 9.154505180735466041e-01 9.189077453609336699e-01 9.206350387746869979e-01 9.233012955064876515e-01 9.254823073857992854e-01 9.277109339480956729e-01 9.290271678863883942e-01 9.305221885900418766e-01 9.318397435398905193e-01 9.327095654894603793e-01 9.335335293174289450e-01 9.341898725517076008e-01 9.347354158194864926e-01 9.351893216241203843e-01
-1.000000000000000000e+00 -1.000000000000000000e+00 -1.000000000000000000e+00 -1.000000000000000000e+00 -1.000000000000000000e+00 -1.000000000000000000e+00 -1.000000000000000000e+00 9.488335487620097597e-01 9.446880830307098353e-01 9.405310988356880841e-01 9.373913312117769792e-01 9.340397837508200851e-01 9.310172424540964498e-01 9.277998690410783622e-01 9.241802492702968497e-01 9.203609800183876199e-01 9.163451646069340484e-01 9.116789277720570572e-01 9.077483606438333519e-01 9.039396935504722119e-01 9.007132152193245700e-01 8.977990505691806344e-01 8.951864133037761295e-01 8.931708555240942538e-01 8.911565714167998253e-01 8.894436025400245249e-01 8.878924817819734416e-01 8.867280395991699038e-01 8.857512518907503241e-01 8.851059483531715788e-01 8.848057731465306386e-01 8.845679725803103910e-01 8.848358275402822271e-01 8.852364549681418504e-01 8.860790544230535692e-01 8.870345528553383874e-01 8.885252226352960969e-01 8.902738472889628607e-01 8.926926452579930782e-01 8.953445142294479409e-01 8.984113864358764800e-01 9.009413219710801224e-01 9.027024407376162962e-01 9.043943711821368359e-01 9.051269019770563640e-01 9.055195571275892474e-01 9.056200113689882869e-01 9.055279977238923639e-01 9.053886129065220612e-01 9.052824238852711369e-01 9.052723229708131703e-01 9.054587277326211492e-01 9.058245558574506973e-01 9.066411804735966529e-01 9.077964649107888029e-01 9.091918348441684339e-01 9.113126031696452412e-01 9.136679367884970038e-01 9.164667365451508729e-01 9.186095430332696932e-01 9.216765667347788238e-01 9.230801994288342360e-01 9.256848848291476806e-01 9.275686273221891431e-01 9.293733393515607455e-01 9.311467324293788428e-01 9.321462363662940120e-01 9.331068141660007198e-01 9.340298442509472610e-01 9.347841670340005793e-01
-1.000000000000000000e+00 -1.000000000000000000e+00 -1.000000000000000000e+00 -1.000000000000000000e+00 -1.000000000000000000e+00 -1.000000000000000000e+00 -1.000000000000000000e+00 -1.000000000000000000e+00 9.399906335418645176e-01 9.361615697085702292e-01 9.330418041159650455e-01 9.299825257168177206e-01 9.268139624402648158e-01 9.232501709793973221e-01 9.198129472644532845e-01 9.161513351498126179e-01 9.124132651187649712e-01 9.088283738066095241e-01 9.052112473466126241e-01 9.021024501102262727e-01 8.990681361132005778e-01 8.965019804284563021e-01 8.941550692517877819e-01 8.921118925643733988e-01 8.901990740628417109e-01 8.886410942988426376e-01 8.872528511890352965e-01 8.861048614142996716e-01 8.851470918046456804e-01 8.845029992362459792e-01 8.840880838603785152e-01 8.839668583015599657e-01 8.840732979098906430e-01 8.845068987060092924e-01 8.852570099545848947e-01 8.860202587202936630e-01 8.872847859184502806e-01 8.891046018024315600e-01 8.913857494017186633e-01 8.939398640183718880e-01 8.969475081327423771e-01 8.997160032133619811e-01 9.021509449621966104e-01 9.036011354175462751e-01 9.047336796574385609e-01 9.051753939268029070e-01 9.053935698262111087e-01 9.054316969185612907e-01 9.053403679233380519e-01 9.051747443244261282e-01 9.050138560186490322e-01 9.049631328749115911e-01 9.050404545715408089e-01 9.052313654348221883e-01 9.057880451812021505e-01 9.070176316420177631e-01 9.080244033468443110e-01 9.098061983520364659e-01 9.115457222366420975e-01 9.149564571903258114e-01 9.157600413524400462e-01 9.188487847812119025e-01 9.215549759987206047e-01 9.239856833547737125e-01 9.263852319975579563e-01 9.281483522818817500e-01 9.297361955188957472e-01 9.310052949004585798e-01 9.323105312570043601e-01 9.337063001244797489e-01
-1.000000000000000000e+00 -1.000000000000000000e+00 -1.000000000000000000e+00 -1.000000000000000000e+00 -1.000000000000000000e+00 -1.000000000000000000e+00 -1.000000000000000000e+00 -1.000000000000000000e+00 -1.000000000000000000e+00 9.321342751090807566e-01 9.287882867142551735e-01 9.255727835845530826e-01 9.224520541719205546e-01 9.193557145526201069e-01 9.160522385725783368e-01 9.127646577419515905e-01 9.091795707416200356e-01 9.062079715589700379e-01 9.030366444211497257e-01 9.000771214373954887e-01 8.975160124824599350e-01 8.951468947158466305e-01 8.930654301656130167e-01 8.911881987593528454e-01 8.895006512346737004e-01 8.878091228162640069e-01 8.865600324692843870e-01 8.854494598701380115e-01 8.845213783919712025e-01 8.838725202274235748e-01 8.834067783329654366e-01 8.833613640600815886e-01 8.833092561528097519e-01 8.837602665155906978e-01 8.843213810134357145e-01 8.851563706504925744e-01 8.863707957613221611e-01 8.880080906669233221e-01 8.901471505768903114e-01 8.925216637542362497e-01 8.952278851689814410e-01 8.980586203100865417e-01 9.006737211860980086e-01 9.023695267053630786e-01 9.038003140853597683e-01 9.044637187096880027e-01 9.049245774195695535e-01 9.050768474937503916e-01 9.050471961162021017e-01 9.049661080881259423e-01 9.048097087804108929e-01 9.046904031617091224e-01 9.045648662726448741e-01 9.045340750390062912e-01 9.047575411391205469e-01 9.050731207649993504e-01 9.058459042220691204e-01 9.066956227496496545e-01 9.082118691006564326e-01 9.094989472020154064e-01 9.115425619712094196e-01 9.138211228141229769e-01 9.161202174107365703e-01 9.191392310918644615e-01 9.218583083542939427e-01 9.242994951909958568e-01 9.262768798143873328e-01 9.283934211332857123e-01 9.298985773118109144e-01 9.316078792315960477e-01
-1.000000000000000000e+00 -1.000000000000000000e+00 -1.000000000000000000e+00 -1.000000000000000000e+00 -1.000000000000000000e+00 -1.000000000000000000e+00 -1.000000000000000000e+00 -1.000000000000000000e+00 -1.000000000000000000e+00 -1.000000000000000000e+00 9.248846189988274569e-01 9.216205707076667863e-01 9.190085826265081970e-01 9.157773653255557589e-01 9.128138499181837062e-01 9.097499067438566955e-01 9.067360666143852166e-01 9.039145144977501767e-01 9.009624426504351247e-01 8.984420049361508953e-01 8.961793203901652349e-01 8.939307751991409923e-01 8.920962901510105514e-01 8.901203855971340229e-01 8.885594533282076268e-01 8.871282166458878127e-01 8.857591047712982668e-01 8.847513797384147782e-01 8.838342650768232778e-01 8.832279732640211378e-01 8.827160182843282188e-01 8.825399448919369894e-01 8.826209497682862004e-01 8.828675941019968887e-01 8.834156418774999908e-01 8.842366644143070387e-01 8.852696292918021959e-01 8.867277705384736253e-01 8.888210224218570099e-01 8.909608008354310549e-01 8.937327928308467229e-01 8.963004560678244914e-01 8.989845345104175989e-01 9.012689261448196820e-01 9.025958483611883354e-01 9.035952419478643360e-01 9.041235855633791285e-01 9.044023289092156803e-01 9.045145602859018252e-01 9.045129420203138482e-01 9.044137667104540368e-01 9.042931112775858260e-01 9.041798461887666782e-01 9.040635563970742528e-01 9.040145973941786650e-01 9.039784719721374318e-01 9.042608838521328796e-01 9.048330972521015925e-01 9.054639567083667684e-01 9.064127430875863478e-01 9.080428314544117807e-01 9.107000110809569948e-01 9.118402916872612174e-01 9.143252281425572336e-01 9.164511560301782378e-01 9.190370689115848757e-01 9.210813145371801181e-01 9.244422124032527499e-01 9.266329870127478774e-01 9.283650889841620346e-01
-1.000000000000000000e+00 -1.000000000000000000e+00 -1.000000000000000000e+00 -1.000000000000000000e+00 -1.000000000000000000e+00 -1.000000000000000000e+00 -1.000000000000000000e+00 -1.000000000000000000e+00 -1.000000000000000000e+00 -1.000000000000000000e+00 -1.000000000000000000e+00 9.183254057095922018e-01 9.153289419874477417e-01 9.126796801635762568e-01 9.097473769437727231e-01 9.070522134714443796e-01 9.043859047001495677e-01 9.016932824477975617e-01 8.991816635820378822e-01 8.967338852083968082e-01 8.947889433355217248e-01 8.925635421524376056e-01 8.908571769173282417e-01 8.891112357215056328e-01 8.876197540883641324e-01 8.862766949478354528e-01 8.850150946436075028e-01 8.839411039674778259e-01 8.830822290348748771e-01 8.824400204980438200e-01 8.819900783360515861e-01 8.817469912554281031e-01 8.818001794064219689e-01 8.820632826642053059e-01 8.825821903488413334e-01 8.832376441115760146e-01 8.842995529112250841e-01 8.856224215409607137e-01 8.873788860313888138e-01 8.894871381674201993e-01 8.920406704235820383e-01 8.948438798555465867e-01 8.972829541077121940e-01 8.994461455356158597e-01 9.011397849426765472e-01 9.023088701706385439e-01 9.029585783118235787e-01 9.034390329323176427e-01 9.036890501187910818e-01 9.038028435035254660e-01 9.037972421928502920e-01 9.037589175773254047e-01 9.036168753856336222e-01 9.035537350578931592e-01 9.034075332847968376e-01 9.033202455322929536e-01 9.033290985017952135e-01 9.034268917374704833e-01 9.037015424956411636e-01 9.043362038359471500e-01 9.054988814546919285e-01 9.064976235560791018e-01 9.078375176016904025e-01 9.102910223787037403e-01 9.123073649170315713e-01 9.146587896141200602e-01 9.172228168404269466e-01 9.196767227034834402e-01 9.216443607962881979e-01 9.249638889601010661e-01
-1.000000000000000000e+00 -1.000000000000000000e+00 -1.000000000000000000e+00 -1.000000000000000000e+00 -1.000000000000000000e+00 -1.000000000000000000e+00 -1.000000000000000000e+00 -1.000000000000000000e+00 -1.000000000000000000e+00 -1.000000000000000000e+00 -1.000000000000000000e+00 -1.000000000000000000e+00 -1.000000000000000000e+00 9.094919750062626651e-01 9.071830028478180541e-01 9.044805106833616604e-01 9.020980180215061317e-01 8.997108230536448037e-01 8.973578519600051706e-01 8.953529372670091524e-01 8.933544968870158476e-01 8.913299781638088781e-01 8.897058262214141422e-01 8.881456366990694296e-01 8.867022999843370279e-01 8.853581645700595582e-01 8.841707588724074807e-01 8.830898104327636888e-01 8.823329959425186830e-01 8.816537427072355104e-01 8.812372560150472101e-01 8.810077798130688809e-01 8.810782023987759892e-01 8.812711734382416839e-01 8.816495801531638588e-01 8.822895262927109572e-01 8.833256476580912953e-01 8.845065577765156561e-01 8.860912487544584382e-01 8.879732279143411899e-01 8.903649610535259162e-01 8.931352455152202774e-01 8.955411300287592358e-01 8.976387223419552974e-01 8.994836647358774862e-01 9.007612325483910221e-01 9.015933339971865523e-01 9.021655681451598019e-01 9.025146082456507735e-01 9.027729900263135043e-01 9.029074225364535078e-01 9.029379501011631781e-01 9.029368138825696333e-01 9.028099162009557421e-01 9.027240196619101820e-01 9.026389045480696094e-01 9.025096773444858389e-01 9.025842543808750840e-01 9.026828989934355674e-01 9.028125744221958682e-01 9.030781140719881250e-01 9.039546943571122872e-01 9.048251538109010061e-01 9.061115994351408576e-01 9.077552887862958553e-01 9.093161451169520237e-01 9.121016930619073593e-01 9.144311843408903240e-01 9.177178482847720975e-01 9.205016075176377655e-01
-1.000000000000000000e+00 -1.000000000000000000e+00 -1.000000000000000000e+00 -1.000000000000000000e+00 -1.000000000000000000e+00 -1.000000000000000000e+00 -1.000000000000000000e+00 -1.000000000000000000e+00 -1.000000000000000000e+00 -1.000000000000000000e+00 -1.000000000000000000e+00 -1.000000000000000000e+00 -1.000000000000000000e+00 -1.000000000000000000e+00 9.043152604715368748e-01 9.020495310229704744e-01 8.998932280127223127e-01 8.978776820914052825e-01 8.954811393857040613e-01 8.936108840090813965e-01 8.919103663704517349e-01 8.900990210887037568e-01 8.885683158172643648e-01 8.870055989543293995e-01 8.856997686049589147e-01 8.843567185808407505e-01 8.832011852085192016e-01 8.823221242133543196e-01 8.814671727107434851e-01 8.809057600687563161e-01 8.804904560418022053e-01 8.802844665017368619e-01 8.802931128694798657e-01 8.804263791988853338e-01 8.808459339041736502e-01 8.814766939744759222e-01 8.822750350994780222e-01 8.833879721597032164e-01 8.848920788517086189e-01 8.867133897768502138e-01 8.891418159010777700e-01 8.913109856043942569e-01 8.936571085387529090e-01 8.957480599207398031e-01 8.976437988660123102e-01 8.990826678377413783e-01 9.000977161400582904e-01 9.008566405936605515e-01 9.012380708080087732e-01 9.016330186817889114e-01 9.018104958864197052e-01 9.019557983370800613e-01 9.019516311434213618e-01 9.019440963162892455e-01 9.018938346576289566e-01 9.018095014781186691e-01 9.017621326517160085e-01 9.016514734415185250e-01 9.015993366855995506e-01 9.016020375312888691e-01 9.018957780822048909e-01 9.021932631015512349e-01 9.028794832551961802e-01 9.035283827668838530e-01 9.048311666635279193e-01 9.061974947896657140e-01 9.081746625901983005e-01 9.100681056300466976e-01 9.129964477593343064e-01 9.137922851617793496e-01
-1.000000000000000000e+00 -1.000000000000000000e+00 -1.000000000000000000e+00 -1.000000000000000000e+00 -1.000000000000000000e+00 -1.000000000000000000e+00 -1.000000000000000000e+00 -1.000000000000000000e+00 -1.000000000000000000e+00 -1.000000000000000000e+00 -1.000000000000000000e+00 -1.000000000000000000e+00 -1.000000000000000000e+00 -1.000000000000000000e+00 -1.000000000000000000e+00 8.995997187283378826e-01 8.976327892806067466e-01 8.957179620801498654e-01 8.937485400861336915e-01 8.919604391473016092e-01 8.903492256563554363e-01 8.886933968796585370e-01 8.872576881637640467e-01 8.858300879622234003e-01 8.845797810553382989e-01 8.834050224819772756e-01 8.822938014369744453e-01 8.813935999850495140e-01 8.806233375213784464e-01 8.800268117556634406e-01 8.796558248767767374e-01 8.794629669943626604e-01 8.794691480421086283e-01 8.796715529070977535e-01 8.800281976363197867e-01 8.805196450490681004e-01 8.814665605240148416e-01 8.824354878712908912e-01 8.838192579940453708e-01 8.854846354799935648e-01 8.874780554711780844e-01 8.898069705469595636e-01 8.922760274498737765e-01 8.940246489826102483e-01 8.959722178928704039e-01 8.972578409547489198e-01 8.983491481120821076e-01 8.992749502392501926e-01 8.998005546964815693e-01 9.002687812703326076e-01 9.005374702501089956e-01 9.006938228040275440e-01 9.008169035072821629e-01 9.008974485631395801e-01 9.009046077752995707e-01 9.008119328674606408e-01 9.007367129690567742e-01 9.007298962814233034e-01 9.006211207342849079e-01 9.007219497718172985e-01 9.007528112945634158e-01 9.009227223015094932e-01 9.011568307805644107e-01 9.016322456043585065e-01 9.023737711160551012e-01 9.035191838214008397e-01 9.046636019175828825e-01 9.061461419882886892e-01 9.084155788411032439e-01 9.104936224456299243e-01
-1.000000000000000000e+00 -1.000000000000000000e+00 -1.000000000000000000e+00 -1.000000000000000000e+00 -1.000000000000000000e+00 -1.000000000000000000e+00 -1.000000000000000000e+00 -1.000000000000000000e+00 -1.000000000000000000e+00 -1.000000000000000000e+00 -1.000000000000000000e+00 -1.000000000000000000e+00 -1.000000000000000000e+00 -1.000000000000000000e+00 -1.000000000000000000e+00 -1.000000000000000000e+00 8.954669701292633510e-01 8.936864855931907492e-01 8.921562337618877958e-01 8.904184762270125342e-01 8.887770826699384896e-01 8.873299201890766374e-01 8.859630173702734979e-01 8.846341716816054079e-01 8.834428570116057422e-01 8.824073683248027100e-01 8.812717135423107084e-01 8.804751055217705513e-01 8.797755550539327896e-01 8.792205131865146184e-01 8.787782799914878318e-01 8.786245589486417762e-01 8.786263583012831058e-01 8.788208692297097002e-01 8.791377418399013433e-01 8.797269937742774326e-01 8.804668748602463291e-01 8.814590039801811772e-01 8.828116096134642765e-01 8.843391182152040564e-01 8.861296363032021839e-01 8.882091841035957280e-01 8.904750815564989042e-01 8.924203428168498986e-01 8.943159289420911096e-01 8.956940683506728895e-01 8.966619453482270741e-01 8.976509395976433048e-01 8.983103437005266478e-01 8.988454945000635687e-01 8.990769428341806035e-01 8.992971671466920558e-01 8.995604729133710453e-01 8.996784883660200460e-01 8.996461066362373415e-01 8.996906941950595371e-01 8.996865167280596598e-01 8.996868946019439539e-01 8.996360519379354992e-01 8.996319353597155288e-01 8.995893693717725847e-01 8.997487549490956749e-01 8.998092478613127776e-01 9.000924095567787164e-01 9.005201969854602639e-01 9.013754169912757686e-01 9.019773971478056707e-01 9.034517993081899734e-01 9.049412021218391500e-01 9.061926047711716947e-01
-1.000000000000000000e+00 -1.000000000000000000e+00 -1.000000000000000000e+00 -1.000000000000000000e+00 -1.000000000000000000e+00 -1.000000000000000000e+00 -1.000000000000000000e+00 -1.000000000000000000e+00 -1.000000000000000000e+00 -1.000000000000000000e+00 -1.000000000000000000e+00 -1.000000000000000000e+00 -1.000000000000000000e+00 -1.000000000000000000e+00 -1.000000000000000000e+00 -1.000000000000000000e+00 -1.000000000000000000e+00 8.918182026556382702e-01 8.903152630061722528e-01 8.887974197711305813e-01 8.873359649136338678e-01 8.858909597912579814e-01 8.846257655728955172e-01 8.834322655409414526e-01 8.824135211521326738e-01 8.811919813482019803e-01 8.803563721547830179e-01 8.795828252096287159e-01 8.788286914645577763e-01 8.783139510045482323e-01 8.779981159052974160e-01 8.777933163716242770e-01 8.778754994754794927e-01 8.781007709563540820e-01 8.784053565851166478e-01 8.789906554952028328e-01 8.796984930822618898e-01 8.806122658648665169e-01 8.819259680805743296e-01 8.833130532622890385e-01 8.851198905500189396e-01 8.869582013183895386e-01 8.888022443312513232e-01 8.908683492203531840e-01 8.926094644044370030e-01 8.940146194200108143e-01 8.951487827723531021e-01 8.959954578905156009e-01 8.965761505342089155e-01 8.971754556525861624e-01 8.976146445178075917e-01 8.979188133519899750e-01 8.982256817736298249e-01 8.983324280275063467e-01 8.983866006794761772e-01 8.984858266465624022e-01 8.985289961956183236e-01 8.984918332849438638e-01 8.985028196655487909e-01 8.985226857515110632e-01 8.985173302641494830e-01 8.985619675897620340e-01 8.986758010526709750e-01 8.989428576215240385e-01 8.991766725914468461e-01 8.996853308593888432e-01 9.002925791554411417e-01 9.014842813166598079e-01 9.022381678881100653e-01 9.039610528746816476e-01
-1.000000000000000000e+00 -1.000000000000000000e+00 -1.000000000000000000e+00 -1.000000000000000000e+00 -1.000000000000000000e+00 -1.000000000000000000e+00 -1.000000000000000000e+00 -1.000000000000000000e+00 -1.000000000000000000e+00 -1.000000000000000000e+00 -1.000000000000000000e+00 -1.000000000000000000e+00 -1.000000000000000000e+00 -1.000000000000000000e+00 -1.000000000000000000e+00 -1.000000000000000000e+00 -1.000000000000000000e+00 -1.000000000000000000e+00 -1.000000000000000000e+00 8.871439475324695012e-01 8.858503305755138779e-01 8.846130469033262056e-01 8.833343120533302395e-01 8.822880989915744543e-01 8.812206947072183105e-01 8.801709478062528236e-01 8.793229277298327817e-01 8.785233313084647166e-01 8.779597017466266307e-01 8.774818017387593372e-01 8.771714976315171386e-01 8.770241814892592025e-01 8.770519761164671246e-01 8.772961119910196448e-01 8.776709070427888282e-01 8.782153184005254687e-01 8.789060583135285265e-01 8.798501996110066337e-01 8.811604627624531894e-01 8.824540660291001481e-01 8.839927221807013513e-01 8.858030673179042580e-01 8.876692277496679440e-01 8.895524369760264838e-01 8.911048832554618881e-01 8.925111552902877943e-01 8.935566963158286802e-01 8.943347081025737610e-01 8.951691283911413777e-01 8.956830894331080373e-01 8.960961890633541982e-01 8.965244312353464196e-01 8.966593899548376267e-01 8.969379777715219548e-01 8.970808632987462561e-01 8.972454206662305864e-01 8.972773275649521540e-01 8.973362738083325851e-01 8.973863444926712951e-01 8.974172403045497237e-01 8.974124343302727347e-01 8.974681368037916718e-01 8.975583891192897568e-01 8.976157970619363935e-01 8.980227644445776258e-01 8.981442668852146483e-01 8.988715489509818690e-01 8.994291180813656084e-01 9.004682845954660175e-01 9.019176889351324666e-01
-1.000000000000000000e+00 -1.000000000000000000e+00 -1.000000000000000000e+00 -1.000000000000000000e+00 -1.000000000000000000e+00 -1.000000000000000000e+00 -1.000000000000000000e+00 -1.000000000000000000e+00 -1.000000000000000000e+00 -1.000000000000000000e+00 -1.000000000000000000e+00 -1.000000000000000000e+00 -1.000000000000000000e+00 -1.000000000000000000e+00 -1.000000000000000000e+00 -1.000000000000000000e+00 -1.000000000000000000e+00 -1.000000000000000000e+00 -1.000000000000000000e+00 -1.000000000000000000e+00 8.845326659008517778e-01 8.832333844309736559e-01 8.821285819346176282e-01 8.810792280132049292e-01 8.800663094092693317e-01 8.791789147210925526e-01 8.783304732621308730e-01 8.775760373668024528e-01 8.770659672004712526e-01 8.765846967882910956e-01 8.763312119948086787e-01 8.762385044636615827e-01 8.763047943774444626e-01 8.765422623818898140e-01 8.769423644832069487e-01 8.774933839284611015e-01 8.782413831310503793e-01 8.791550785184565342e-01 8.803580213564419221e-01 8.816988206793234806e-01 8.831933520364885215e-01 8.848869647149761875e-01 8.867304644592898244e-01 8.883635850134432577e-01 8.897497881882926452e-01 8.910138199993590247e-01 8.921184266379681427e-01 8.929520118862023237e-01 8.935723112310806071e-01 8.942131206277933453e-01 8.946396294690743822e-01 8.950622623933335298e-01 8.952369681554204206e-01 8.954677464859558400e-01 8.956810870197696728e-01 8.958871209585491657e-01 8.959839934191418109e-01 8.960017226640740740e-01 8.962271347860901738e-01 8.961851947407610819e-01 8.962587948494407097e-01 8.963357080431126889e-01 8.964742537168214342e-01 8.965311654756965565e-01 8.967924677833201130e-01 8.972190084839756219e-01 8.977451493962879114e-01 8.980864290328363087e-01 8.988150466158016938e-01 9.005119592529622352e-01
-1.000000000000000000e+00 -1.000000000000000000e+00 -1.000000000000000000e+00 -1.000000000000000000e+00 -1.000000000000000000e+00 -1.000000000000000000e+00 -1.000000000000000000e+00 -1.000000000000000000e+00 -1.000000000000000000e+00 -1.000000000000000000e+00 -1.000000000000000000e+00 -1.000000000000000000e+00 -1.000000000000000000e+00 -1.000000000000000000e+00 -1.000000000000000000e+00 -1.000000000000000000e+00 -1.000000000000000000e+00 -1.000000000000000000e+00 -1.000000000000000000e+00 -1.000000000000000000e+00 -1.000000000000000000e+00 8.819250577498554122e-01 8.808885305035579760e-01 8.799638102356368563e-01 8.789983652411750281e-01 8.781113726176381640e-01 8.773500329904959649e-01 8.766943789583311331e-01 8.760812992826859658e-01 8.757625028833632141e-01 8.755453319886539187e-01 8.754850223221111172e-01 8.755901193864308318e-01 8.758771259225512917e-01 8.762845571182246163e-01 8.768734931356806372e-01 8.775416207762143372e-01 8.784539202923710155e-01 8.796417296941677622e-01 8.808835893844454423e-01 8.822992480876168386e-01 8.839888733801788412e-01 8.856267577699645788e-01 8.871809249759939897e-01 8.885362900759559146e-01 8.896997418182998052e-01 8.906713863547222054e-01 8.915859864746793484e-01 8.922029611229286283e-01 8.926941850009280088e-01 8.931965329532807196e-01 8.936990452294717446e-01 8.939465570973046393e-01 8.942224235431095458e-01 8.944768014566395475e-01 8.945622563646018488e-01 8.947642997529803299e-01 8.948332924743718220e-01 8.949732765145179680e-01 8.951195899587331972e-01 8.951719158926239039e-01 8.951446906762228206e-01 8.954552346027545573e-01 8.955210615149168385e-01 8.957986434633857797e-01 8.964076745329473406e-01 8.965526257471627680e-01 8.972504272878839560e-01 8.984210835331543077e-01 9.000832907705219599e-01
-1.000000000000000000e+00 -1.000000000000000000e+00 -1.000000000000000000e+00 -1.000000000000000000e+00 -1.000000000000000000e+00 -1.000000000000000000e+00 -1.000000000000000000e+00 -1.000000000000000000e+00 -1.000000000000000000e+00 -1.000000000000000000e+00 -1.000000000000000000e+00 -1.000000000000000000e+00 -1.000000000000000000e+00 -1.000000000000000000e+00 -1.000000000000000000e+00 -1.000000000000000000e+00 -1.000000000000000000e+00 -1.000000000000000000e+00 -1.000000000000000000e+00 -1.000000000000000000e+00 -1.000000000000000000e+00 -1.000000000000000000e+00 8.797132457864451638e-01 8.787877805930085495e-01 8.778953060764833616e-01 8.771251188678671484e-01 8.763920717672069038e-01 8.757802473067688442e-01 8.752952309578679868e-01 8.749430005222305073e-01 8.748023615481983484e-01 8.747765343910536284e-01 8.748962299753861860e-01 8.752313009008261258e-01 8.757256905103214528e-01 8.762728497967621211e-01 8.770851839056585941e-01 8.779734623140260652e-01 8.790834015536148627e-01 8.803678912018948477e-01 8.816609689348993140e-01 8.831730532578032644e-01 8.846592419891852188e-01 8.861980475036858040e-01 8.875090934558245159e-01 8.885986102672434050e-01 8.895375161030549815e-01 8.904692798348046168e-01 8.910914345431957262e-01 8.916173965296598780e-01 8.920081102401292705e-01 8.923470961615561636e-01 8.927452028192900402e-01 8.929553054263906775e-01 8.932604222570125208e-01 8.935482213158005838e-01 8.935484073423494156e-01 8.937849372031883011e-01 8.938532122490920884e-01 8.939905338678076907e-01 8.941450806549812169e-01 8.942882766216341262e-01 8.944296304571666134e-01 8.947310103760700573e-01 8.949231204834057207e-01 8.954681673230403538e-01 8.961743148998387865e-01 8.965807799174528858e-01 8.978543992498213555e-01 8.998068653302251363e-01
-1.000000000000000000e+00 -1.000000000000000000e+00 -1.000000000000000000e+00 -1.000000000000000000e+00 -1.000000000000000000e+00 -1.000000000000000000e+00 -1.000000000000000000e+00 -1.000000000000000000e+00 -1.000000000000000000e+00 -1.000000000000000000e+00 -1.000000000000000000e+00 -1.000000000000000000e+00 -1.000000000000000000e+00 -1.000000000000000000e+00 -1.000000000000000000e+00 -1.000000000000000000e+00 -1.000000000000000000e+00 -1.000000000000000000e+00 -1.000000000000000000e+00 -1.000000000000000000e+00 -1.000000000000000000e+00 -1.000000000000000000e+00 -1.000000000000000000e+00 8.778135442090178042e-01 8.769369297905297289e-01 8.761585485505087867e-01 8.755502322311995433e-01 8.749696702807613358e-01 8.745249642027456138e-01 8.742327377998213578e-01 8.740871325294461425e-01 8.741392456151307888e-01 8.742916950226236050e-01 8.746865138630405268e-01 8.751148643823882800e-01 8.757416987065266278e-01 8.764941117570350659e-01 8.774935032541687496e-01 8.785321138396151586e-01 8.799036289355977036e-01 8.811517027685692449e-01 8.826031541182997042e-01 8.840207546977635333e-01 8.854157045514509106e-01 8.865982029328099978e-01 8.877006144774789442e-01 8.887026596208639218e-01 8.893471296553124850e-01 8.900110476887335142e-01 8.903964370011694385e-01 8.908544375699051221e-01 8.912733426516300517e-01 8.916237385201942756e-01 8.918271469196873413e-01 8.920105438404644094e-01 8.924005368505938396e-01 8.924470998143606559e-01 8.926917549395391172e-01 8.928063596932562795e-01 8.930816636834325584e-01 8.931625981921349489e-01 8.934678694014918099e-01 8.936230254942267859e-01 8.939191753861205347e-01 8.944656789909301020e-01 8.947661346343059874e-01 8.959138047463977017e-01 8.967518531919914659e-01 8.980284015486633686e-01 9.002833824909771687e-01
-1.000000000000000000e+00 -1.000000000000000000e+00 -1.000000000000000000e+00 -1.000000000000000000e+00 -1.000000000000000000e+00 -1.000000000000000000e+00 -1.000000000000000000e+00 -1.000000000000000000e+00 -1.000000000000000000e+00 -1.000000000000000000e+00 -1.000000000000000000e+00 -1.000000000000000000e+00 -1.000000000000000000e+00 -1.000000000000000000e+00 -1.000000000000000000e+00 -1.000000000000000000e+00 -1.000000000000000000e+00 -1.000000000000000000e+00 -1.000000000000000000e+00 -1.000000000000000000e+00 -1.000000000000000000e+00 -1.000000000000000000e+00 -1.000000000000000000e+00 -1.000000000000000000e+00 -1.000000000000000000e+00 8.752905152542393985e-01 8.746465075373622833e-01 8.741700694958562945e-01 8.737654074977200258e-01 8.735454668906887932e-01 8.734624733153182330e-01 8.735546871030587246e-01 8.737717253769536896e-01 8.741490827199371871e-01 8.747039792666159164e-01 8.753712897835730367e-01 8.762900291307167411e-01 8.772414695861259215e-01 8.783107752836918358e-01 8.795064568767003710e-01 8.808179872704383628e-01 8.821649431472713410e-01 8.835613944601949932e-01 8.848455509514362438e-01 8.859425652503446491e-01 8.870104653846778708e-01 8.877601656284858089e-01 8.885456768533631644e-01 8.889725050877292922e-01 8.896766507000749558e-01 8.899887594960451676e-01 8.903067334177986458e-01 8.907236467353201181e-01 8.910678564482409358e-01 8.911926909914731354e-01 8.914831342160378647e-01 8.916785312605082225e-01 8.919435240702510148e-01 8.921844108384511252e-01 8.923552293065041274e-01 8.925551313332782399e-01 8.927911630476693672e-01 8.931781072913843600e-01 8.935400097755440418e-01 8.943710555615422830e-01 8.950514798053572640e-01 8.963646327726433327e-01 8.983624083783445791e-01 8.999031541526679723e-01 9.025684808582949969e-01
-1.000000000000000000e+00 -1.000000000000000000e+00 -1.000000000000000000e+00 -1.000000000000000000e+00 -1.000000000000000000e+00 -1.000000000000000000e+00 -1.000000000000000000e+00 -1.000000000000000000e+00 -1.000000000000000000e+00 -1.000000000000000000e+00 -1.000000000000000000e+00 -1.000000000000000000e+00 -1.000000000000000000e+00 -1.000000000000000000e+00 -1.000000000000000000e+00 -1.000000000000000000e+00 -1.000000000000000000e+00 -1.000000000000000000e+00 -1.000000000000000000e+00 -1.000000000000000000e+00 -1.000000000000000000e+00 -1.000000000000000000e+00 -1.000000000000000000e+00 -1.000000000000000000e+00 -1.000000000000000000e+00 -1.000000000000000000e+00 8.739297296368906398e-01 8.735341323887068077e-01 8.731656821420521464e-01 8.729778678601146646e-01 8.729484723712603866e-01 8.730860671927597183e-01 8.733106901594511751e-01 8.738436332454799782e-01 8.744287857558211696e-01 8.751751122217216183e-01 8.759643375219253736e-01 8.770106052802438823e-01 8.781389857430500490e-01 8.793393561284481574e-01 8.805710033492456512e-01 8.820601219817293392e-01 8.833621038718144636e-01 8.845035388390808384e-01 8.856069661711112317e-01 8.864545059679360683e-01 8.872150064724770857e-01 8.879301273611363010e-01 8.884056904435526647e-01 8.888199529486356942e-01 8.893757970802025348e-01 8.896988358245151440e-01 8.900588249968807153e-01 8.903076053977064808e-01 8.905488374905496940e-01 8.909425307066618505e-01 8.911597166022091621e-01 8.914776998492153215e-01 8.917376243926522505e-01 8.922185635443707907e-01 8.923683591233056989e-01 8.928852563287228428e-01 8.937097625192359507e-01 8.944110691146369696e-01 8.950452135546242971e-01 8.969843408758876313e-01 8.986975635468587020e-01 9.019536418391570498e-01 9.041475496051055716e-01 9.085254247494822799e-01
