9.954630677657705179e-315 4.774168407957117447e-271 2.864358370331062242e-236 1.025395187152883359e-213 1.060192595844136736e-185 3.625690596012375874e-161 1.029880560571769116e-145 3.544054863430116335e-130 2.175435995372122605e-116 1.122057180730078885e-103 2.646192728946775613e-92 5.725206634214309551e-83 3.598451527672905940e-72 7.191606533862867181e-66 4.157259541478363669e-58 8.308631117366061573e-51 9.904551501329997436e-45 2.480701642069162098e-38 1.105868508083438523e-33 4.139738464647419956e-30 1.273429973365811653e-25 9.159625036016379507e-22 1.339681161626431318e-18 5.046472030805753343e-16 6.950578660931950801e-14 1.184606805405876838e-11 6.166675844656483522e-10 1.251716185628745277e-08 2.126137576391533727e-07 1.465420160044614761e-06 4.627240842590530260e-06 1.583213355411369126e-05 2.215581144843482663e-05 3.594468494683723803e-05 4.084566237373593768e-05 3.970127618882081486e-05 2.789643735290833296e-05 1.131632801390349219e-05 8.803904202824015988e-06 2.479979278247548321e-06 2.147524672014243451e-07 1.540943678283233571e-08 9.289568809448234011e-10 3.876865099323926118e-11 3.231566104384215072e-12 1.258440718088287315e-13 4.987037029515060004e-15 3.462685969882322663e-16 4.102810910367242521e-17 2.170044330123566740e-18 1.255551137981553859e-20 5.450654949056580329e-21 4.041102913780742937e-22 6.997478502511609608e-22 1.137269983830549358e-23 1.087292512430419710e-24 3.017991383989304880e-25 2.275455671126655817e-26 9.288322304795423152e-27 9.861075683748277228e-29 7.794804262981501398e-29 2.750090478963417972e-29 1.367838848634562304e-30 9.829988637791493020e-31 9.027979640723596939e-32 2.210767460598761270e-32 8.425297933280658602e-34 3.048111436697274056e-34 1.208417585459099349e-34 8.212248695085612348e-36
4.468513644372596529e-309 6.472699199395369418e-270 1.320604177944066924e-238 1.635682511493886669e-209 1.173401194092311885e-181 2.216797857649358974e-166 4.443198078670601634e-146 6.745200578546258640e-131 1.517856176865236366e-115 1.916433368532245894e-103 1.754755124662833717e-92 3.797653544903217776e-83 8.404910446212558869e-73 2.479063042134273218e-66 8.137771180727509721e-58 4.361563826269441890e-51 4.711397785766603451e-45 1.105653087494003350e-38 1.264269983395176227e-33 1.541847563807928272e-28 3.155562865665579154e-25 2.049699770877835458e-21 8.649216431622652436e-19 7.635742751554119291e-16 8.344492471272875252e-14 1.458609280098296330e-11 9.201355774122763437e-10 1.829087681155377945e-08 3.177320372721648194e-07 1.496443652858299264e-06 7.769864353996169722e-06 1.927642561722731047e-05 3.283603929269181010e-05 6.152056525260964591e-05 5.412066623090222366e-05 6.333473682116635040e-05 3.675788120756241903e-05 1.402662181898703038e-05 7.060995738079674701e-06 3.700813647133990717e-06 1.735207793918508366e-07 2.569992942053323918e-08 2.302111685107447436e-09 8.159146067216917808e-11 5.037878551363586548e-12 1.209986943014668777e-13 9.581534425005235775e-15 3.977050219304274051e-16 1.218404665860949417e-17 1.976249577721570850e-18 1.297483243851508204e-19 8.142690871309667750e-21 2.535237647323435081e-21 1.540864821796874184e-22 3.618483710828486984e-23 1.494225271701961627e-24 6.093179780854576189e-25 2.673697260023519433e-26 7.876733925031240774e-27 3.680134451026215949e-27 1.435423320738315633e-28 8.663113866535731462e-29 1.099665749670561666e-29 2.495821716026728385e-31 1.306716434002006165e-30 1.020550754120986303e-32 2.772397851536613750e-33 5.828835077328199026e-33 1.283144437429252909e-34 1.732441768329079171e-33
9.285228967009129807e-310 5.596577112340071392e-263 2.014773741685866926e-233 3.429475711617403855e-208 2.563784062929178286e-184 3.361071563487258602e-163 8.588967245750823858e-144 3.999100864773800310e-129 4.784439700782697915e-114 5.295070945040754500e-103 9.078918717364596042e-92 4.410117079734884120e-82 8.116749892235884171e-73 3.926507710631696745e-64 3.128817318123581878e-57 2.860955141923420952e-48 1.514196840622528632e-43 1.851944851762137974e-38 3.602819825946860302e-33 4.057260761605020045e-29 3.929039901404462211e-25 1.258047517842714059e-21 5.294747469453318913e-18 7.028415720872466858e-16 3.647797420771599318e-13 1.684241148005937950e-11 1.201460734454050220e-09 2.404534855879045732e-08 3.764861565794040836e-07 2.797288825743446220e-06 8.577552847821383512e-06 2.082035756856866741e-05 4.859143557662463068e-05 5.557203705369060341e-05 7.521323568294653367e-05 6.348959961515180295e-05 4.485515002606690394e-05 3.025924474010967466e-05 1.110913518837202558e-05 2.325333479475180823e-06 5.836125019425010143e-07 5.002183769975482936e-08 2.237109310347885664e-09 2.611373933733599410e-10 9.062265644217443507e-12 1.013345276035209208e-13 4.551090318534803976e-14 1.823917046303814319e-15 6.719343030643287018e-17 5.596993249475035577e-18 5.415286483976345324e-19 8.121958174088423792e-20 1.486790365111003882e-21 2.950090595293008454e-22 1.627660503576520732e-23 3.522172513512665706e-24 3.258624756545289027e-25 1.783630623830928439e-25 8.898423212570181607e-27 6.736104590096689872e-27 7.736817795721466789e-28 3.233068986087687857e-29 4.833672968790320388e-29 9.871452305927511498e-29 6.674986318540652930e-31 7.807707205294412476e-32 1.059246942327829288e-32 1.299688952007530241e-33 4.171577211864963465e-33 5.222478457469104224e-35
8.183533731101564383e-303 7.562567321696972922e-264 1.082250336480803898e-234 1.751997509415820391e-209 3.335824993578781113e-183 2.747790765117435888e-159 2.465965693311516241e-145 1.077582035176563868e-128 2.102094146970617406e-114 3.874973330091207149e-102 4.391997502542838883e-92 1.314206676634043999e-80 1.215258107394429809e-71 1.667674886828673536e-64 4.672091650605727075e-54 1.812739010898441728e-49 1.361032909210242552e-43 6.171774275659174720e-38 1.227429349950139732e-31 1.568501413955158085e-28 1.072791451227571918e-24 2.857354159736933516e-21 4.558313980972256603e-18 2.307587427320912168e-15 1.001281230973979619e-12 4.667672436814567201e-11 2.858292627372220066e-09 5.597900531684148782e-08 6.316064196161023405e-07 3.549931089421096187e-06 1.281737361137882487e-05 2.361147531194979067e-05 5.762910360752425946e-05 8.294856603011648781e-05 9.931428676442702861e-05 7.990826719735680478e-05 7.218416578994011116e-05 4.436443896563200238e-05 1.761434089926674284e-05 5.583880443419268089e-06 5.875956148303424465e-07 4.307171238091157433e-08 4.890805728568718832e-09 1.827591258187661207e-10 2.904104331341637305e-12 6.377437600360205212e-13 3.798331273543936103e-14 1.027258622997321880e-15 6.858691960573183939e-17 8.103036317519534301e-18 8.546338727140354487e-19 3.740574222038623193e-19 3.864401712238628977e-21 6.628772480119032373e-22 8.627443667142816579e-23 5.485877654662633949e-24 2.394290411829383460e-24 5.284545391801057248e-25 8.028007039219792490e-25 6.095884723633533105e-27 2.126728227601165061e-27 2.110838943100223660e-27 1.077072724268928275e-28 3.114171680846648537e-29 2.869018823478679560e-30 5.043639553067702348e-32 3.369350670742213469e-31 1.561114888165390216e-32 3.101370106640661656e-33 1.562194707968977945e-33
1.802285599496728224e-304 2.249159707185396433e-269 7.046467293913709809e-237 2.637349343259889723e-205 3.763143459232684032e-183 6.160816432268433843e-162 3.432214376620472574e-144 2.640736579321589010e-127 6.816619596736120138e-112 1.723213538526705329e-101 2.112180311183554147e-91 2.014835446232362044e-80 1.982650293011863202e-71 3.708466393928558254e-63 1.469925636191674346e-55 6.330826365810774883e-49 1.030784011756269974e-42 2.920592319215980264e-37 3.453298681636296100e-32 1.009848771781316098e-27 2.820312190093629184e-24 1.210920439865350809e-20 1.049641061871618235e-17 4.150754073715561592e-15 9.247466592740436390e-13 1.106824366223401486e-10 4.660056083574280562e-09 6.482832221878066268e-08 7.886391287730057746e-07 4.439879654511905777e-06 1.857784521168663882e-05 4.373832476709308120e-05 6.852840959135801451e-05 1.108912502885877536e-04 1.042635410605281284e-04 1.124283161745847249e-04 7.161368551708413154e-05 4.480818961393738699e-05 1.524964658316727267e-05 4.130840704466597168e-06 8.319925971165014126e-07 1.084944071264928292e-07 1.238814860147509055e-08 4.176669708085110034e-10 1.474862747427099952e-11 7.948767737634824152e-13 2.471535250467494268e-14 3.795876611512253734e-15 2.320987246449648641e-16 1.624525379131194918e-17 6.247991296414675571e-19 5.346979492156177800e-19 1.767684020815663572e-20 2.408727394285683198e-21 8.166583511945852430e-23 2.545803741601033813e-23 3.308023299496111284e-24 1.291343038129209219e-24 1.257453362619670288e-25 2.907488368606936100e-26 3.110890073991015057e-27 9.627473072905654567e-28 9.276403177125545435e-29 3.359225401043030753e-29 1.718074630207184625e-30 2.909132402088641710e-31 4.985453745762122008e-31 1.205877725549045787e-32 7.455026265915804823e-33 4.020718256629372900e-33
3.428435258037704645e-300 1.326075553908953980e-269 1.411038654153212950e-237 6.828481997194375746e-206 1.061238394573254979e-181 1.022093409130084398e-161 6.503504279978394447e-145 2.326565730923707574e-126 1.395603275228099055e-113 8.399795962455257899e-101 2.452954809873829082e-90 4.884652821072985309e-79 8.274130910310797699e-71 6.030650028245527891e-61 5.711945542829653522e-55 2.606779138016278776e-49 3.302678069536271730e-41 2.440054052735694971e-36 5.145505151135470216e-32 1.325212348476257751e-27 1.793463469896883836e-23 1.882587460636698387e-20 2.586241176002090358e-17 1.537199002799430688e-14 1.491618579632556605e-12 1.961428647807771046e-10 8.196632565885904444e-09 1.473144847080440788e-07 1.370612266508686355e-06 6.950680062711107975e-06 2.440572219584966987e-05 6.403876042074647067e-05 9.635360438799760673e-05 1.497504695834309314e-04 1.608372997260361370e-04 1.316310189388122432e-04 9.008284714903684240e-05 5.204251212196053496e-05 2.289240537471870046e-05 9.047551049879346601e-06 1.615169627692549649e-06 1.164879681991395572e-07 1.313770579144997707e-08 8.624276558564768536e-10 1.780952552494631181e-11 8.183467271474235442e-13 7.406753847817184485e-14 2.465801873447363188e-15 4.667790330947835118e-16 3.396444501504431286e-17 8.593550744243427007e-18 3.607810244102616928e-19 1.795748498856037786e-19 2.572571486201439285e-21 5.532230891812201232e-22 2.404299652207520717e-23 4.055516699957800434e-24 6.246263363184663427e-24 2.204229816799030381e-25 2.946856158929629484e-26 1.795016211563281252e-26 1.188177132261056459e-27 3.251425984930888771e-28 2.860215149066954563e-29 2.212846649586891917e-29 3.078705356261086203e-30 5.298918161903568252e-31 1.001775122399586453e-31 3.500979792117639599e-32 1.818073964372174713e-33
2.637074250723973321e-310 1.322781534767139988e-264 6.281467213988880155e-228 6.823913305834782194e-202 2.581405338325037352e-182 5.452177150443156752e-162 2.625193371218705264e-142 1.465024235305018220e-126 4.034962309844869432e-112 8.059696880671993667e-101 3.302464370980085073e-89 1.502634688474034872e-78 1.809829959116655668e-70 3.271194722643357388e-61 1.661144481801833424e-54 9.220121001175169292e-48 2.957304650396986051e-41 3.170713100435924618e-36 8.836021193964814424e-32 3.854997496456102826e-27 3.888314270407980031e-23 3.489904092153925846e-20 2.164078634147214346e-16 1.556476792125279500e-14 2.764809136660271240e-12 3.817120059634348953e-10 1.204459554487980720e-08 1.926283170335387009e-07 1.474766337277920209e-06 1.024435362236507567e-05 3.276916254737350108e-05 7.487636419554116263e-05 1.381704967374228828e-04 1.615304814131606989e-04 1.816676262117158578e-04 1.829295494078099873e-04 1.233855194702860670e-04 8.405480333132324790e-05 2.428927903090548506e-05 5.054010158358452506e-06 1.962515332139696043e-06 2.548813426097509220e-07 1.909913691816175963e-08 6.096414685064997709e-10 7.102874113684448519e-11 1.238713967242782481e-11 2.736521052333541875e-13 2.123647835938258638e-14 2.678731714369197269e-16 5.315007616167924712e-17 3.312805200698697850e-18 1.268577286559838258e-18 5.590622225264431236e-20 1.473553701158742079e-20 7.118524145636658560e-22 2.605798734378419943e-22 1.714568465084489427e-23 2.330681960489257211e-24 7.217938716959846947e-25 7.579626992525070189e-26 7.111986746287806595e-27 4.318579209732042333e-27 4.912222484211329675e-28 1.395594461338217039e-28 1.696749363087500737e-29 1.286652561719951067e-29 5.744594172496419060e-30 8.213682125079954198e-32 1.645805768383451539e-31 5.369932080649736969e-32
1.473966336609688696e-305 4.802634377258232977e-259 4.936173555003960535e-233 9.407980924937938999e-207 2.417996274794838037e-179 1.094575198992957424e-160 5.301976588601599533e-140 1.537004590428557638e-124 6.185521123764419439e-112 3.500174919160636684e-99 1.742444501578457341e-87 7.596108624691479488e-79 1.339310755343542675e-69 7.138013062270618480e-62 6.245238915097075384e-54 2.811644026201449013e-47 1.810820780784104981e-40 8.022026367683077871e-36 7.048335364864569180e-31 2.739231218875620630e-26 8.391342378874772615e-23 2.715076533396950290e-19 8.410186526008911466e-17 2.087663069359370403e-13 7.326422067673421181e-12 8.088398631264262853e-10 1.770298555649125449e-08 4.429616434266789985e-07 2.891192266414635814e-06 1.243967234352257934e-05 3.981716111301257462e-05 9.550650350499022756e-05 1.599922913185688187e-04 1.952313005390147376e-04 2.634229534712535835e-04 2.458400440223527570e-04 1.913785526724871714e-04 6.918433915239885327e-05 4.031344090818746775e-05 9.676713028132265324e-06 1.810154187604480180e-06 2.588187865309571247e-07 1.613420375708163419e-08 1.425202286968998339e-09 6.334013593582781807e-11 4.602108745128663652e-12 2.028890152102938724e-13 1.865431236959612487e-14 4.265431433119906335e-15 3.045141520290672306e-16 6.440678161433819039e-18 6.799458382517548036e-19 2.280901035056303229e-19 3.401948603022185177e-20 8.809947390665876288e-21 1.710295585359420628e-22 1.096901557394865078e-22 1.140823230501154024e-23 1.317093445642267497e-24 1.598843926851639449e-25 6.618116891584870868e-26 4.716689095608495460e-26 1.298944392204415610e-27 4.169554834506129750e-28 4.361307847256123299e-28 3.344126551361515053e-30 2.012726321303103894e-30 4.173945343489968693e-30 3.595842361326732875e-31 3.970701301784837174e-32
3.769530132188985091e-306 2.448937902772373510e-261 8.153832740998997816e-234 3.047272594961374816e-202 3.133548131964677075e-181 2.629666738671880430e-155 5.994048790347517831e-141 9.341501636226460250e-124 4.073802009526084268e-109 3.060027307311024763e-96 6.521246839604925771e-88 1.036556854390324064e-78 1.863915713350488158e-68 2.070904667068334336e-59 1.459549739556242803e-53 1.056932502418950648e-46 1.995332395311672594e-40 4.637254979721187430e-35 7.804777810756849334e-30 2.715922212121536013e-26 1.242952395287939578e-22 1.965483716887846131e-19 5.077030957522777580e-16 1.313087781662317015e-13 1.197798429307110855e-11 8.680261109150972876e-10 3.822252216131388186e-08 5.038431436753318083e-07 3.262641151478182912e-06 2.013176684936368336e-05 6.054269351583245977e-05 1.164557068602415046e-04 1.941154732698772208e-04 3.014246878694175737e-04 2.515535937465462413e-04 2.728956756595041439e-04 2.122849975849696300e-04 1.177714780151289931e-04 3.852543998321100559e-05 2.086688932516993618e-05 4.242923447310208554e-06 7.096048572089203500e-07 4.754409126608031061e-08 2.290259178738851876e-09 3.029434535013765929e-10 6.746721687857343558e-12 7.987879576744152170e-13 3.103400358136463781e-14 3.979503691483995869e-15 2.738838780140591058e-16 1.458847985461910697e-16 1.134834152796478329e-18 5.781278090414325603e-19 1.067300037104658467e-19 1.007628289347336054e-20 4.028843532003474515e-21 1.252749417108996347e-22 4.651480001814776832e-23 5.559661823777499486e-24 2.751321386969552066e-25 6.464136021656118033e-26 1.317599965286145707e-25 1.658739997106484951e-27 6.960311167863112492e-28 3.203540701907911516e-28 6.907208934947783403e-29 5.209065402328044408e-30 3.580343384780727910e-31 9.975405246485045007e-31 3.443474357550890028e-32
1.804738136802501180e-303 3.347490420497321326e-265 2.393416791021373922e-229 2.294967849613388948e-201 8.943493907259760145e-177 1.519327197804775726e-153 3.314456332325555100e-137 8.064942579881694492e-124 8.583635239667584058e-109 1.257077003953822202e-96 4.739558641142812210e-87 1.983395636421542592e-77 1.191968527469744058e-68 2.859668932922701832e-60 4.967555290420018266e-53 1.648503255516919100e-45 4.632295126514077660e-40 1.961151348740931086e-34 8.954959518132516163e-30 1.596302972971920644e-25 7.459213898171635418e-22 5.855894044747039784e-19 6.950468751451408359e-16 2.951433845202276795e-13 2.887211121012109777e-11 1.253432570322265798e-09 5.093942587637961822e-08 8.231254589569384641e-07 5.888069873770023979e-06 2.616135761415170331e-05 7.564382111039286193e-05 1.621702827458101643e-04 2.768485315872315391e-04 3.080257609682668265e-04 3.657086793716547062e-04 3.301316716705117991e-04 2.550275800760263938e-04 1.462760287834595637e-04 5.121720346438197427e-05 2.565521524315175352e-05 3.786619467340791300e-06 6.635996492858011822e-07 5.886833176254338715e-08 3.679922199799111872e-09 2.903392558649706097e-10 1.173324413726961259e-11 9.894687245745675356e-13 1.376451973524810756e-13 4.693191913089958399e-15 4.983869046779956204e-16 6.088574938801546833e-17 6.583598810133017526e-18 6.736968702599688303e-19 2.325525742515787393e-20 1.506829105740866914e-20 3.674660592586505503e-21 2.340497263113490773e-22 2.173784889283038793e-23 1.643767223113878135e-23 1.193630322088298392e-24 2.665498413199957975e-25 4.499093814113550552e-26 2.316748317756779552e-26 2.976831181382021927e-27 1.262527599740091952e-27 8.021791506653565093e-29 7.096515167031708885e-29 4.876106271878999890e-31 1.841264970738131556e-31 4.873084698672867222e-31
4.278488529817355159e-301 2.151839547727083031e-265 7.726492146543638988e-233 2.084935494541336182e-201 1.794763469215234442e-173 5.481666739557028460e-158 2.895945435171032292e-137 1.302796097814171854e-123 3.279928395224009506e-108 1.945563212333555234e-97 6.457903372802827899e-87 1.714119866996759047e-75 2.341352743024482332e-68 1.805374480415514412e-59 1.355674472471553108e-52 5.640518543220719559e-45 2.733261669984120915e-39 7.598703038540080670e-34 1.419872104970689038e-29 1.118011726085921020e-24 1.756242519040885360e-21 4.920209503751227164e-18 1.506152975146984791e-15 5.923351250696081688e-13 8.050491453329141845e-11 2.630918449595263599e-09 7.555853994788291717e-08 9.386966797149063209e-07 9.258246776874827480e-06 3.476371405266690830e-05 9.902909058142196456e-05 1.927550242682078794e-04 3.347704973276162312e-04 4.065514033321293639e-04 4.926444513491805592e-04 4.185201328606816284e-04 2.898406738183302643e-04 1.898700801115513952e-04 1.308001012702705520e-04 3.378978015570415600e-05 6.619466310853069621e-06 8.598563573718378205e-07 2.799861794860006291e-07 6.173867426139612425e-09 8.099000390575747621e-10 1.704053755997954171e-11 1.629228259317809448e-12 1.837723026662194246e-13 3.007221064218610819e-14 1.336669316709236174e-15 3.112808418317931493e-16 1.040455818256220566e-17 2.719894047943775621e-18 1.090955216033666590e-19 1.801455097696752392e-20 3.773394472864776508e-21 2.090658730400300723e-21 1.591056353214152645e-22 1.040489823764347520e-23 3.604301926535136622e-24 7.263247492484296158e-25 1.225930402743535261e-25 7.114617503085853396e-26 6.595279239458132847e-27 2.480156734079110276e-28 1.437375375653628656e-28 1.080224757336534757e-28 2.158277973493817763e-28 4.458798340655186187e-30 1.853880661637991024e-30
5.407403152447503031e-298 7.626652152212813021e-264 2.124439615492992411e-230 1.712663351575068156e-200 4.538287519458817953e-173 6.697845609182876362e-155 7.363726881619772374e-138 4.171448902972588401e-121 1.388916716690514033e-107 3.488573551676045781e-96 4.782945695126012123e-83 1.286886794287410795e-73 1.376688722239509868e-65 2.193516572878036997e-58 3.335278386495207170e-51 3.809540023399444876e-45 1.937429616230494270e-38 1.328670607815365566e-33 4.137961650020172873e-29 6.772770007063461000e-25 1.555145122552427365e-20 3.767166923408675230e-18 5.714960729423460955e-15 7.032898832535867998e-13 1.099207195683922094e-10 3.799621741283888176e-09 1.669961521973145160e-07 1.727373835950721669e-06 1.145405781267744680e-05 4.574763800727353239e-05 1.049232957185473989e-04 2.365502555201356798e-04 4.083635308754193284e-04 5.139150663072600180e-04 5.946731809938216994e-04 5.143745499639037957e-04 4.376375503197455549e-04 2.517032409774628502e-04 1.155355462066320183e-04 3.798888043472497270e-05 1.171168156720412031e-05 2.864398395577237126e-06 1.511282117216221221e-07 2.617580559547787291e-08 5.956196960760356693e-10 5.314292178293091171e-11 4.230326137638328187e-12 2.287330881881441844e-13 1.630965095349385243e-14 2.279403561032321990e-15 2.319263770327193426e-16 4.622748968964757857e-17 2.360209686199227065e-18 4.218849974380198944e-19 4.480446359535292314e-20 8.253820440722155663e-21 1.086843831434553502e-21 1.870762369544888429e-22 6.158501724458655976e-22 4.505117828741639698e-24 1.723664046706830325e-24 1.641666084183999771e-24 1.519231829162793470e-25 3.584815883486608900e-26 9.312465802876684576e-27 4.592265831357235055e-28 2.336716958402931209e-28 8.363653749347314827e-29 2.297104719546612113e-29 9.106680304559947087e-31
3.099985606945445362e-301 1.610818292716639524e-262 3.846179495059216941e-219 4.827767271435240053e-201 5.434717057961333521e-175 4.813517159571516206e-154 2.140059096470405110e-136 5.471109365447685438e-120 6.854668283313278540e-107 7.126905017480763134e-95 1.890602810972042204e-84 1.118920818037112131e-73 2.695830649552622059e-64 8.895516535983266249e-58 1.428153833402445788e-50 7.234306226611380816e-44 1.428387045630373823e-37 8.008093041982790912e-33 3.443381381668357204e-28 1.488678942309451733e-24 1.498731392699252577e-20 7.283097811113592163e-18 1.296290456144921168e-14 2.333207213059004374e-12 3.323136784038158532e-10 8.471406773053606399e-09 1.871569697839517365e-07 2.450569373299648977e-06 1.657231662171094246e-05 8.051812883031560079e-05 1.582861848755527960e-04 3.567728500032902391e-04 4.499342126969051517e-04 6.933323339078286416e-04 6.541019222482319156e-04 6.882021618638253574e-04 4.954289512417611556e-04 3.183898591481371045e-04 1.409614148986083567e-04 6.109154792704184786e-05 1.394293092484716074e-05 2.569067125251208547e-06 1.299465268553364046e-07 1.811322910609137792e-08 2.783629437898355148e-09 1.610770599813278294e-10 4.417798838419419887e-12 6.024898688317599328e-13 4.108796355324622121e-13 6.075879957010261782e-15 5.911634842307277824e-16 1.148985249465585418e-16 5.888084265937176479e-18 3.907801058288583127e-19 7.921830771637771656e-20 4.540989045942859802e-20 2.892788782770003401e-21 1.557141353697906645e-21 1.154379576239168405e-22 9.704242157365734722e-23 4.288642708349427733e-24 8.918797900834871547e-25 5.643643030170534710e-25 7.635375484149623163e-26 8.447418957974539162e-27 4.202900065252062881e-27 2.804245132423980294e-28 1.308730997317045891e-28 2.571371604193882002e-29 5.017089298799092565e-30
1.872950802228729994e-296 1.383420882040033584e-253 6.627654112467674575e-226 2.637919230399176422e-199 1.162820843445658995e-176 1.049535215475776910e-150 9.362113673894947712e-136 4.297053854812252369e-121 1.163119176166438937e-105 1.125531567641700082e-94 2.551690472282869357e-84 1.613800161298758358e-73 6.240169113641721167e-65 2.430387659542126240e-57 2.935816547331187282e-49 2.637004524172291606e-43 4.234319436850501488e-38 9.834570098595855391e-33 5.553460821704632849e-28 9.981243172224125036e-24 2.525477613179193186e-20 1.150920755025524517e-16 1.452784419756201813e-14 6.869331209969873485e-12 4.771273256031952616e-10 1.178954896944728852e-08 3.774181244930042226e-07 3.853352849379585728e-06 2.323901532456402810e-05 8.505285633125308435e-05 2.276761478140221782e-04 4.460038860306288493e-04 6.128935749992077409e-04 8.722808971072192573e-04 8.576147795643076707e-04 7.834738472825467743e-04 6.069729222767679790e-04 4.035755888688143177e-04 2.142360275307821245e-04 7.628515367023077504e-05 1.964705916913535747e-05 4.154183118217896612e-06 5.825294743818488187e-07 5.379170331810756850e-08 7.514628412366159326e-10 2.517362383038398414e-10 7.700459274819223143e-12 1.582459920367621014e-12 2.531491519791536631e-13 7.998188864105443679e-15 2.260627060660065509e-15 1.643845048389661979e-16 1.824860168667496469e-17 1.958813335091820459e-18 3.128430959874764963e-19 7.324643153570320136e-20 2.064529820074250674e-20 8.517110041628747924e-21 1.792284243046677133e-22 4.991717946341129368e-23 3.657972952101727217e-23 4.312953980575035258e-25 6.069941765330776521e-25 1.293378044925105499e-25 1.548471172826076346e-26 1.656087156928046052e-26 4.120880543641668374e-28 2.334900045761662623e-28 3.551365069525956072e-29 2.050229307605350370e-29
1.022726477088289691e-294 4.013673174692358499e-256 1.987118019476373520e-226 1.634088433480126224e-197 6.972034110372600366e-172 2.396425304312657479e-151 5.732337777414161226e-135 3.425810453316522910e-117 2.145188679002417133e-106 1.608574526744808062e-92 8.322408444508018528e-83 1.517502633512650973e-73 2.766967300606482081e-64 6.722222249087121635e-57 2.513705834949715972e-49 1.147588473174910652e-42 8.196848311905014675e-37 1.076022405091150237e-31 6.034522998110971666e-27 1.874331432339835355e-23 7.861048434759149581e-20 6.974290250856115763e-17 2.775576457312934847e-14 7.177769033316553307e-12 1.159107252193495725e-09 3.582051929179071639e-08 5.611863044161286499e-07 7.911514645046589410e-06 3.359687347959230069e-05 1.257739818399682998e-04 3.041404440789299856e-04 5.252297037218596433e-04 7.955778780425609709e-04 1.045074646237039362e-03 1.104332644103448498e-03 1.052709291564319543e-03 8.412906274233781893e-04 5.557698302575410062e-04 2.974512358196670253e-04 1.124645178240568400e-04 2.030006999616766069e-05 3.681635654984165876e-06 9.607739425164502808e-07 9.264653167152539299e-08 2.572553525688984437e-09 8.342242505757271674e-10 2.325196849542521569e-11 1.776567163970981937e-12 7.032051330974856899e-13 1.917932572543892297e-14 6.551139517952501540e-15 2.905785859667849214e-16 7.045651139059881678e-17 5.040584185823353075e-18 1.058275629411997490e-18 4.162183572689555374e-20 2.607762124493167717e-20 4.538708822409299620e-21 8.340586921879992029e-22 2.932915131695651737e-22 6.140405479118252084e-23 1.281996040127308820e-23 2.622141864235349697e-24 6.355968799957034571e-25 4.403355005263891932e-26 2.845392288309194617e-26 1.107276364939686691e-27 4.724560875741068080e-28 3.444395752232804104e-28 8.999716736372527161e-29
5.585722116926105516e-296 1.401114785940995389e-261 1.218180913818492699e-221 1.050916990996726769e-198 7.611361623737838364e-174 2.222238724586106699e-150 1.543592587081044744e-133 4.844294203682872314e-118 4.198201877576010866e-104 4.056419794458675724e-92 9.511457792995927347e-81 1.145412903783793630e-71 4.955901564942509118e-63 3.482086002926514086e-56 9.247061878472631512e-49 9.850738369870023616e-42 3.528115740849135011e-36 5.480533570876911066e-32 1.173730225083055863e-26 9.648707364941806784e-23 6.613452130447610297e-19 3.776471459781096762e-16 1.324343450954045513e-13 4.172451099417810137e-11 1.709575439351141287e-09 4.389203727505966464e-08 8.732751542490704011e-07 9.325489131186815207e-06 4.989406256872090922e-05 1.410666371733483387e-04 3.860178309183718692e-04 8.006881059928007199e-04 1.169932925896510333e-03 1.407141406218006055e-03 1.551901099295556865e-03 1.615597365437911785e-03 1.096316206420116200e-03 8.117441981134691916e-04 4.802387904902689106e-04 1.457503774464872517e-04 4.142355574590922548e-05 1.021075377684514466e-05 1.072663199362821833e-06 9.886420916500329679e-08 9.351524056385425322e-09 1.041620408734784378e-09 6.720527020099796410e-11 1.769699679441739196e-12 1.985903763025571094e-13 1.291684992974478604e-13 1.638351721713526714e-14 1.580330750740988533e-15 5.643452283245138793e-17 7.436171726088848272e-17 8.712693175125826169e-19 1.403189982943885492e-18 2.166219850328454010e-19 7.705922560091943495e-21 1.788146998568191485e-21 4.323757976823815115e-22 1.867555396254314756e-22 1.715162093201928240e-23 5.900384880058339887e-24 6.133457079516372218e-25 2.652759831018077939e-25 3.279432873407803699e-26 1.007955640746142362e-26 2.881662815172482786e-27 2.692920927085788850e-28 4.653107696884960206e-29
2.737602093217690397e-297 4.498806506536909363e-250 9.444184757360369055e-222 1.398439677942322522e-192 6.273996367314161718e-173 5.254844346277797638e-151 8.655054147775654001e-133 1.177309463590533197e-116 2.692888819225588218e-104 7.835888355890099173e-92 1.390905357026739646e-80 1.471272699782029032e-69 8.037516165077271540e-63 1.342067216095977089e-54 8.149443416805007082e-48 1.453292342581064477e-41 2.782679902422188584e-35 4.029923533198358580e-30 1.106700080025659302e-25 1.076384230381221344e-22 7.579779314337102103e-19 7.706490930250794018e-16 2.174230068316198906e-13 3.408250723393930448e-11 3.686992834335620751e-09 7.714045828940729058e-08 2.095835236242618859e-06 1.783247557059974088e-05 6.324949040354092692e-05 2.578002296409148773e-04 6.807892251623585966e-04 1.185480163238792099e-03 1.808358827880815912e-03 2.282041270149669839e-03 2.660480937737220129e-03 2.419919277458131533e-03 1.758736564500063991e-03 1.345605334740894660e-03 7.002045745423644829e-04 2.834967461792586786e-04 1.240195911991620874e-04 1.808438189957355111e-05 2.622540476643731232e-06 2.683051100011400482e-07 2.280730934647878695e-08 1.317262278051319725e-09 1.352985441650495968e-10 4.540347435364555165e-12 3.217552674407481083e-12 1.176475734388401762e-13 5.604543553093702144e-15 3.247233989544781685e-15 2.233742390951869889e-16 6.976880357404254490e-17 7.254499201580720829e-18 7.047629955939309043e-19 5.982686572364664657e-18 2.096353607318999009e-20 3.987713327307257408e-21 4.512689134554346088e-22 9.185661511355751540e-23 1.236010764125027819e-22 2.371219260979954739e-23 4.274479185996180761e-24 2.445680852747963315e-24 3.293004550309147648e-25 5.331376922459599398e-26 2.995484719690049099e-26 4.835281601707751492e-27 2.061114521680739977e-27
4.787941488591175409e-296 3.876851244097549859e-254 3.532552247478779063e-224 4.565705487177317776e-192 9.003229399002814557e-170 2.638822000853361858e-146 7.701325770596853117e-132 2.854194893847878439e-115 6.177513731923759835e-102 8.261234979094153103e-91 2.297919188949596347e-78 3.248344018105566248e-69 1.080157926782648773e-61 5.092270485214053295e-54 1.567729790547292005e-47 8.224636630907411174e-40 1.560258295567657506e-34 1.015710492068437510e-29 3.192982964802389298e-26 2.856328641510764533e-21 2.063331933945003087e-18 2.206406438086111961e-15 7.413840275674143515e-13 9.214843495394697247e-11 9.858868875829771288e-09 1.828980750868703045e-07 2.391061004748764698e-06 3.290630793833155171e-05 1.286509732018673025e-04 4.336670914865467931e-04 1.182320917008978459e-03 2.318437442417173658e-03 3.725768371273274239e-03 6.003116232083345778e-03 7.361501696736445777e-03 7.151296193973435966e-03 6.232786485078155303e-03 4.157513870638975678e-03 2.158136231528861790e-03 9.367196575259138444e-04 3.953899424116701913e-04 7.239928248255608691e-05 1.393481027278710110e-05 1.888255556367239732e-06 1.089124922162185146e-07 8.975482218275079103e-09 6.691054418688084529e-10 1.307269204962015349e-10 1.510082115767939832e-11 1.003627680634424659e-12 7.750320653744120466e-14 1.679636289317183785e-14 3.777649662682905115e-15 3.409298000502089620e-16 8.413674084270199838e-17 2.017797542469772657e-17 7.074869501936588296e-18 2.055446073156280744e-18 1.105544474723686777e-19 6.112470404896321309e-20 2.047029383905611049e-21 1.431692979955928257e-21 1.227094745747948685e-21 4.851076742959974712e-23 7.457138056674212546e-23 2.590125606126733891e-23 4.228383939595874744e-24 2.346123598043289550e-24 2.984902348101372062e-25 1.021979877825431131e-25
1.595997651534574660e-295 3.881019914952516420e-252 1.589794742166534044e-213 3.527575742972329760e-190 1.650323457763531047e-169 8.732234975651391987e-147 6.640332931586736504e-130 2.153550712454021605e-114 1.177147962660380513e-101 3.701840702485949127e-89 3.916676139811187643e-77 1.331474275782522053e-69 6.319282269727515961e-61 2.865428798099555506e-53 5.714244101209078006e-46 5.479592825750457240e-40 5.414673409532880508e-34 2.661418361482690007e-29 1.501082967904592970e-24 4.816351342573210988e-21 6.895761841908203171e-18 6.351471651116375779e-15 1.620441854563270457e-12 2.379312526347711625e-10 1.481651672056553584e-08 3.689178079145588735e-07 8.009837229948720314e-06 6.157156756054048686e-05 3.592849750540655623e-04 1.390702749492594027e-03 4.893213383774047687e-03 1.444869542479113207e-02 5.107166987763428478e-02 1.139606012287982251e-01 1.447195613015568871e-01 1.467787069385878829e-01 1.330046313250703993e-01 8.903926094640464417e-02 3.441030165608113117e-02 9.438096174878500555e-03 2.516280668688370813e-03 5.341380860455309174e-04 8.543084919257892677e-05 1.528667865429130857e-05 2.473398129414794782e-06 2.231186870171773819e-07 1.541269827413927536e-08 1.793015439519787566e-09 5.652925306542612135e-10 1.159135751669328340e-10 3.467770819648507718e-12 1.566893385398556880e-12 1.604770850782461436e-13 1.114172726412418395e-14 4.307428980039561423e-15 5.461592775658744570e-15 7.267547628458754293e-16 1.056254778197176738e-16 1.061380172573824545e-17 6.066473784906219284e-18 5.114505595534882860e-19 2.781863098298510797e-19 7.251043742308525086e-20 4.061539716409547489e-20 1.052660436177881369e-20 2.086410539610766135e-21 7.990357322194060815e-22 2.603449542559545911e-22 5.911958431763864266e-23 6.111767006435861810e-23
8.177017923280504529e-288 8.596234793463718535e-253 1.253307800112482374e-217 3.910082160900379393e-192 4.475112422221509266e-167 2.112097584826235911e-144 6.621242160061565950e-130 4.048900940391639958e-113 4.375820102469714102e-99 4.667686419180783962e-89 5.227036525427153408e-76 4.801771424798316994e-68 1.013687776181681925e-60 8.700194763875308094e-52 1.156612246657046241e-45 2.613308103288506229e-39 2.672858556235943719e-33 1.810053890259933390e-28 9.581458134725014792e-25 3.340756758166199015e-20 2.253567383271480334e-17 2.012164326109012168e-14 1.711806142909934624e-12 1.114093069674294586e-09 4.800483492219489104e-08 1.719076465608175850e-06 3.804191834374323085e-05 4.090554713435524243e-04 3.172355239657601023e-03 4.878360305876933145e-02 2.035652787176483458e-01 2.826657425455628703e-01 3.243065828782422111e-01 3.465519666698589352e-01 3.569845645241667142e-01 3.576015177991623828e-01 3.523520080386319253e-01 3.410457012066558935e-01 3.196901190112025337e-01 2.753069594850749979e-01 1.909369308366476725e-01 2.732452522067455383e-02 1.956190542350471403e-03 4.188775200401352030e-04 4.158186890535639854e-05 8.760543978558574493e-06 1.089575287375921212e-06 1.057047454438207871e-07 7.412190601356755710e-09 2.388812804630933651e-09 2.222594763069266310e-10 1.713375347563327720e-11 8.868791363093969596e-12 9.663734324513596932e-13 4.370505916376181363e-13 1.418952942959819069e-13 2.413742537099660258e-14 1.161645601629782307e-14 1.589285363685440296e-15 1.470910185597122581e-16 2.758082280312254048e-16 2.733098481492342944e-17 1.877474594520596325e-17 1.875937407727569271e-18 6.835016210885166706e-18 8.604491286655128363e-19 1.028800929392932490e-19 5.585296181333830824e-20 2.589593192433427494e-20 6.420019973803997724e-21
1.234438308546379958e-294 6.731121138965653976e-254 3.273292969608043697e-213 6.199330634512392861e-193 3.961544983084499061e-167 5.576935610079610418e-145 1.033237923123927775e-127 2.192418435793734930e-113 7.511671878828750712e-98 1.721239401415514584e-85 8.887689980029131531e-78 1.031956418435884686e-67 8.562778081204126561e-59 4.404276498600651356e-52 6.302044487747429148e-45 3.421350823597915881e-38 2.495039483830919345e-33 2.313939143139322476e-28 3.310316353983837480e-23 4.075852926013080504e-20 9.456589039812221251e-17 1.095818554228863054e-13 2.252142895328854002e-11 1.358494856783780401e-08 6.705970142430614550e-07 2.410183953378230813e-05 6.555548825275738390e-04 2.427867642096475514e-02 2.925392494936443488e-01 3.929872065612170506e-01 4.321112989934455806e-01 4.521152512622895747e-01 4.566752695865334832e-01 4.623685143568476708e-01 4.688744777525251095e-01 4.691266085519696927e-01 4.664049166102548494e-01 4.618219754523432696e-01 4.540493356434050498e-01 4.346809059960762833e-01 4.116209331031550622e-01 3.687557280386739023e-01 2.998046712638610112e-01 1.253727125609174486e-01 3.160179611279651836e-03 3.451671536608643710e-04 6.295953989649841697e-05 7.060823274754119948e-06 1.413568650845452276e-06 3.866200357824175931e-07 4.798867242979855480e-08 1.105676104033548487e-08 1.688648717046617426e-09 9.408959410710208798e-10 1.086722107043424117e-10 2.570213584187138599e-11 1.680282317307054781e-11 3.752558242245647971e-12 7.903473799609125878e-13 1.360081197641838060e-13 2.908572092460168387e-14 1.396290986019666258e-14 3.871666963226278413e-15 4.545188982439042145e-15 3.206112189412546670e-16 2.612829075164798927e-16 9.441853804701760471e-17 2.727202155866463546e-17 2.727990341988923969e-18 2.542412557611826654e-18
2.490196801451704788e-288 1.879691494516710623e-251 1.047331330638567116e-217 2.016050940502301101e-189 1.235135449372409470e-163 7.394909317176249056e-146 2.272648489311044106e-124 6.176139905846538746e-110 2.802734283504558362e-98 1.605715722111167909e-85 5.681195220707324044e-75 7.187898861113761772e-67 1.324041199184453906e-57 1.702275147270500616e-50 9.721867463273678065e-44 2.234534511362808732e-37 1.179222457079181669e-32 1.697741876726653898e-27 7.586347937959939971e-23 4.035364306581441646e-19 2.244318748599776607e-15 4.068121381490634056e-12 8.968423392345139898e-10 3.922653683217095030e-07 3.389435720800180253e-05 1.079286592276042928e-03 2.890986146809516599e-01 4.556983827122764175e-01 4.990496973788081103e-01 5.203126699256095389e-01 5.270490244677684677e-01 5.326151018007132532e-01 5.320976280866366315e-01 5.376436156991225568e-01 5.390154664973472176e-01 5.388748126273491534e-01 5.407195368434757343e-01 5.376533483943171099e-01 5.323672258102244426e-01 5.240241316598938104e-01 5.059929972207405369e-01 4.860909608901652357e-01 4.640876294405231195e-01 4.342492562791125943e-01 3.848605581874929848e-01 2.897427332040304337e-01 9.110447105721915240e-02 1.476029969323240827e-03 3.423659233890724725e-04 8.940973640529241472e-05 1.356045330531462651e-05 2.963485820587670506e-06 1.088085615015227137e-06 2.002417824859198300e-07 8.183271312990629995e-08 1.869061676937482104e-08 7.129366613945968079e-09 7.531750793893951053e-10 3.194164537734824850e-10 1.687829890330539541e-10 6.215317788023463793e-11 3.513596785150505326e-11 1.161017462953749545e-12 1.495260365560494797e-12 1.372426053173510713e-12 3.510458887678460413e-13 4.721165424757762778e-14 3.380636285823016692e-14 6.243734704764022646e-15 6.131121977029409130e-15
2.144067587259987240e-285 4.516069180097107324e-250 2.275177162351489955e-214 7.811640871440294566e-183 3.040047169109941233e-166 1.339241771164641025e-144 2.569286027877671101e-124 6.759237071634401403e-110 1.272333038038982603e-95 3.152494516463884116e-85 7.354388073698552841e-75 1.019711559443069413e-66 1.729655334956897091e-56 2.855123786913619735e-49 1.506259250083874978e-42 1.019349606442312364e-36 2.329864126377568105e-30 8.774317744006203427e-26 7.717362541229047500e-21 1.365477230698921108e-16 3.227533733962365330e-13 2.493235003285002554e-10 1.576940411466082466e-07 1.810015136958017948e-05 8.611179251905652643e-03 4.676998015238939543e-01 5.470026901559080779e-01 5.705543084493001071e-01 5.789225420414980672e-01 5.848248748037884193e-01 5.903747876854639198e-01 5.903292809401640140e-01 5.922061712207480344e-01 5.951826914519939837e-01 5.976888056623149703e-01 5.990527544782836555e-01 6.025835526014761134e-01 5.992425239321715891e-01 5.956223307412142898e-01 5.885699833557708205e-01 5.739427862217666432e-01 5.530555897982963875e-01 5.353576388246606976e-01 5.229092534358682487e-01 5.127583025592795662e-01 5.032119494370246304e-01 4.823028669193535900e-01 4.477514423179002612e-01 3.982431713636329085e-01 3.218618683511450529e-01 1.637591084497463378e-01 4.206875375702098449e-03 6.225765388531020149e-04 2.439004679270756601e-04 1.406330204413899613e-04 1.828179304947958806e-05 7.748103550126045222e-06 3.943763582034476433e-06 9.876580395907942820e-07 7.262780530821755835e-07 2.088320054788145085e-07 7.460819632121880745e-08 3.842264385337138218e-08 6.461902202507310651e-09 2.415779429585496745e-09 6.273330097941684211e-10 6.865320855157340724e-10 1.601979521113319515e-10 6.897411961669105266e-11 3.318070509863955152e-11
3.247299626470082735e-284 4.177055235346692054e-248 3.404552686846686468e-207 3.786236294472932385e-187 4.389759971513010093e-163 1.637123207260178307e-142 2.319678732432397804e-123 4.891445779943456052e-108 1.839744125622209041e-95 8.545796266171913550e-85 9.614178567246059005e-73 7.288910177198195232e-65 2.469225643295075285e-56 2.655833362108681038e-48 2.568864372030025752e-40 1.505056203122380088e-33 6.441759790789068913e-28 2.241038250123842848e-22 1.466812181787670685e-18 1.908972872870408190e-14 4.465337584363406742e-11 1.262783566590542160e-07 4.244865461164890817e-05 2.948114660626918737e-01 5.733529137120421115e-01 6.140003461747214342e-01 6.202164050787076777e-01 6.273023585276423786e-01 6.294642815745625786e-01 6.377356976873462813e-01 6.332125046847788541e-01 6.377935513546454382e-01 6.389966981486636666e-01 6.429586340374570108e-01 6.465883529992423329e-01 6.502918754700158788e-01 6.531578869258947151e-01 6.541736746703707972e-01 6.563489733395255765e-01 6.514249156469725799e-01 6.420143865148227880e-01 6.220552561812050518e-01 5.965167118189710349e-01 5.794597412057107544e-01 5.696590533169396675e-01 5.630650983637104368e-01 5.560785323981877193e-01 5.546889860149315510e-01 5.495918677849112033e-01 5.394279309739057338e-01 5.308390471884714135e-01 5.189899991951480995e-01 5.017650571210919841e-01 4.780256244650781805e-01 4.409981693885708376e-01 3.977899315294864957e-01 3.103529250104524739e-01 1.930706893639309585e-01 1.120845166180233290e-02 1.181440544700462433e-03 6.033419836493264564e-04 2.194693522118392793e-04 9.177169644078373150e-05 3.340596346680259191e-05 1.351984415756881197e-05 1.483171479552431700e-05 4.855604999065908234e-06 1.656071800513539238e-06 8.454936071936528986e-07 5.554009212320819084e-07
1.787964563357430332e-279 2.141400303470014273e-245 2.585476554877122647e-210 7.281581686098393210e-179 7.589763520365081267e-159 9.797610116388332782e-139 5.079344143486637781e-122 4.273593227263438093e-106 5.583777510947153619e-93 1.386896700413550132e-82 4.967890098420949304e-72 4.976676848375545798e-61 9.611721738624647562e-52 9.576254041277245489e-44 3.214603924017442999e-37 2.449975737560424389e-30 8.542479545645676400e-25 2.247502023059874772e-19 3.311901316301647903e-15 2.935491248429299329e-11 1.129394681540254174e-07 1.041933171276137980e-04 5.193686610171149853e-01 6.519866039916367706e-01 6.632307103590667774e-01 6.600895341935527627e-01 6.617319370546964619e-01 6.675517315779150307e-01 6.729208763186915743e-01 6.759865779929424834e-01 6.750755894019232484e-01 6.763168940996272527e-01 6.794007018712161505e-01 6.840348954547391669e-01 6.890351904338717359e-01 6.931010235200072422e-01 6.977655422023673060e-01 7.054162611149256135e-01 7.079424402242495695e-01 7.076680641934887106e-01 7.031353011405666598e-01 6.858000479230067503e-01 6.640845870846694421e-01 6.385301826096575484e-01 6.217500820300687625e-01 6.107841283739228189e-01 6.052390718081686050e-01 5.999254864594829595e-01 5.982879515478691790e-01 5.974706861616394526e-01 5.952198649247335549e-01 5.938343694188629174e-01 5.925702656600675411e-01 5.922725752699887769e-01 5.896099653375065364e-01 5.878558063438983350e-01 5.828573024480364628e-01 5.809493854741690777e-01 5.774739082704157811e-01 5.723619664558678988e-01 5.637736625864354645e-01 5.511558633389586070e-01 5.456795598545690629e-01 5.275867922212796879e-01 5.065937730059381083e-01 4.726126968334900535e-01 4.472098003954403378e-01 4.025736848203793627e-01 3.448112352043750661e-01 2.751875760806331561e-01
5.488326999856476677e-280 3.430176853217846946e-240 2.388021229851718754e-209 2.513324167163997606e-182 1.118499877038797130e-159 2.958504981942865903e-140 6.823401266817475514e-121 3.817892983161875206e-104 2.807683265713417069e-91 8.614051315849699033e-77 2.791808013455952293e-67 1.992444433465968210e-56 1.178047193862706345e-47 7.391775351280594317e-41 2.991734700098638519e-33 6.716631521858606183e-27 2.546859527073203142e-21 7.094334356665115818e-16 9.874349287701836329e-12 2.289405421306127101e-07 5.526908755317907259e-04 6.544442668228056537e-01 7.017342935974876239e-01 7.013550020090828507e-01 6.936970849667457584e-01 6.919832458079231419e-01 6.991114256331426580e-01 7.050851717463444412e-01 7.094669425795557816e-01 7.093432608279133245e-01 7.083402380483608818e-01 7.098166967663706028e-01 7.150728957527530127e-01 7.177573190712777107e-01 7.253094668696267178e-01 7.327282952222088364e-01 7.375328892640670153e-01 7.452045716901124495e-01 7.522322007101005514e-01 7.603708388290434383e-01 7.610331845685015528e-01 7.555622195952607090e-01 7.406084550508907904e-01 7.160499767803195637e-01 6.902018012079014220e-01 6.738651300816873579e-01 6.668768694832707400e-01 6.578972339072405306e-01 6.495410675385165922e-01 6.413972232398660323e-01 6.362589495558579333e-01 6.359113206720089506e-01 6.340324703138799922e-01 6.354968962752184369e-01 6.331045994979135338e-01 6.308875502628232823e-01 6.314758011341637944e-01 6.326162566883822835e-01 6.325483471089007326e-01 6.357540527996784485e-01 6.343363463223340437e-01 6.361703351696680331e-01 6.350332287914889351e-01 6.362026078895665071e-01 6.366453069377320251e-01 6.375498581911841489e-01 6.384899950698946780e-01 6.374174644766901210e-01 6.407273295283372194e-01 6.362015442437901624e-01
1.678254949131070209e-282 1.774434919369030917e-242 8.009056627170852330e-211 4.524982196041864528e-181 3.818836164613031345e-155 3.476687756657474191e-134 4.102095998131478422e-116 6.242550160101821728e-99 2.051322424481124589e-85 1.670670830234777323e-73 2.336991963647093874e-62 6.436151477207457469e-52 2.401328718327615133e-44 3.087285344270126537e-36 7.852175949979350046e-30 8.142298356114049891e-23 4.781411179150420062e-17 4.048529684424051079e-12 1.513701600134825770e-07 2.836587449103741276e-01 7.317755863946802108e-01 7.441722823922434227e-01 7.358413674200632304e-01 7.263291146735531001e-01 7.195590217382411558e-01 7.227730460252111966e-01 7.318057166775608913e-01 7.391924553553599342e-01 7.416529068319649420e-01 7.398486199007883179e-01 7.378953109585951742e-01 7.398151731637643280e-01 7.445559955919557327e-01 7.494190364682123962e-01 7.570144766526814006e-01 7.643259147147237753e-01 7.729161856444221046e-01 7.805545112500530402e-01 7.889124476910807093e-01 7.989999572132464589e-01 8.066810645631098398e-01 8.088664368705282826e-01 8.052393620902518201e-01 7.973227878324344875e-01 7.819822739167943126e-01 7.614960202287271995e-01 7.441804864850120049e-01 7.384714698527657939e-01 7.266412655195825243e-01 7.191746935994191015e-01 7.132659180688945000e-01 7.030428357694218366e-01 7.012452398368002049e-01 6.928699902415347278e-01 6.869189323842803674e-01 6.848980546377808620e-01 6.806677382843956403e-01 6.795065057712290635e-01 6.774792953852306621e-01 6.772451507397131421e-01 6.750989757555224680e-01 6.745858576066284806e-01 6.764200193318797849e-01 6.800744318505830277e-01 6.784331120758532174e-01 6.772135668738951120e-01 6.765525662879754432e-01 6.808121454262735517e-01 6.789773368209807147e-01 6.802970343799149555e-01
3.344649453114105591e-275 6.263385289936242965e-230 1.947213139425340646e-205 4.664938069881816145e-173 1.281691045933833815e-147 2.131199875673040161e-127 6.662176243161647276e-111 5.094360760540545681e-94 6.517817891218189622e-80 1.825199471621080665e-68 2.617492315165171321e-58 4.087567708335709917e-48 2.741878102466213246e-39 3.203267745385515648e-31 7.761796211538816041e-24 2.266785888037909461e-17 7.837747781616700244e-12 8.419649236353270885e-07 6.659945167770439101e-01 7.844823873443098616e-01 7.769071415437258654e-01 7.636106935228329506e-01 7.556499987797478113e-01 7.476753047759412407e-01 7.467976571260092067e-01 7.564087821126054267e-01 7.647717836696253935e-01 7.688901529132651236e-01 7.670725212033332463e-01 7.663507041919779272e-01 7.640325773494734962e-01 7.648549236977345567e-01 7.702402768584097892e-01 7.769020010613902905e-01 7.831826050563996944e-01 7.908028822595137841e-01 7.982093410775725761e-01 8.054113946864704943e-01 8.155720768363647899e-01 8.269888978330393048e-01 8.363294747281162511e-01 8.462201452399981116e-01 8.522630132451923801e-01 8.544008863071774762e-01 8.504848914424194550e-01 8.411828490038048001e-01 8.316195741060770086e-01 8.207112022399035700e-01 8.157528540626641789e-01 8.067551230827063602e-01 8.058100242118754197e-01 8.026715881917149131e-01 7.888507890890874563e-01 7.950454920525211744e-01 7.791171252936285319e-01 7.747635386851091654e-01 7.725074001338013696e-01 7.647695251259392091e-01 7.636958267004152479e-01 7.610570772696384489e-01 7.533287865719108245e-01 7.566577000837687583e-01 7.539857566241292552e-01 7.480689839556353693e-01 7.462555996527645563e-01 7.439508619850683235e-01 7.407882198485978842e-01 7.453406265649155094e-01 7.441497857695561491e-01 7.407342376541901086e-01
9.129378410711245001e-269 7.981138993635047575e-231 5.961361196719425302e-196 7.440515432060413780e-167 4.221716400430078328e-145 8.251349816377368658e-119 1.358565675061525149e-102 8.113725084649089453e-88 5.221104479253174072e-75 1.586794862777881831e-62 2.911657346856775773e-50 2.898132570394617618e-42 3.619404360195905915e-32 4.317426744098365828e-25 1.893675432461526424e-17 5.262645367340598326e-11 1.244201268855876638e-05 8.036139653456890741e-01 8.235714744424194045e-01 8.072225373448815855e-01 7.916335793638192841e-01 7.830121002019996279e-01 7.755057929633560887e-01 7.681739844143725682e-01 7.728088629359930462e-01 7.849867619669029795e-01 7.932817390404024449e-01 7.946965575286959460e-01 7.911147550364141523e-01 7.883265709989876191e-01 7.871640381510304207e-01 7.892069093117604073e-01 7.947365611255539086e-01 7.989639060302707874e-01 8.048071556407221383e-01 8.105606743363570343e-01 8.190441109048335333e-01 8.267584183757915595e-01 8.362792165898894625e-01 8.467930454476325641e-01 8.578938403011541203e-01 8.681555933463255270e-01 8.777767334347751360e-01 8.846579797659932520e-01 8.893964823601194780e-01 8.898606498880144988e-01 8.876250847908492281e-01 8.850471845219977096e-01 8.822330931980268964e-01 8.791658724569569872e-01 8.819159235242373107e-01 8.764124832206765525e-01 8.748174644508592834e-01 8.745529753885464830e-01 8.727604493896774507e-01 8.711603327881809467e-01 8.666309332965397294e-01 8.660168807849739636e-01 8.642320457169850867e-01 8.589647368696596841e-01 8.542490771575950159e-01 8.534998926600766422e-01 8.513200960958871022e-01 8.480404193754993436e-01 8.489684625582740729e-01 8.404599563821988362e-01 8.443655450021179121e-01 8.436070430516572349e-01 8.378685754123060825e-01 8.411465109259994577e-01
5.945623221142635758e-265 1.975618221219273780e-222 5.417232803973627116e-193 2.316206783689526387e-156 2.958569448992911478e-135 2.523084264724304167e-115 3.062539040843148983e-97 6.568062689622370694e-81 7.905710460249564815e-68 9.521611240712785890e-56 4.909804807753956879e-44 2.775169988240581100e-34 2.745414972634168739e-25 1.010361369381747554e-17 1.292987499110950908e-10 1.247099690592889292e-03 8.616528771242795148e-01 8.551114130029179305e-01 8.344258587341507605e-01 8.178976638161870039e-01 8.101904253695120239e-01 8.029104128195871937e-01 7.935296810131006184e-01 7.933441869134709723e-01 8.032110245455443831e-01 8.143339060493465231e-01 8.181815328615987815e-01 8.168144784416558890e-01 8.146205505732980745e-01 8.094067824814396017e-01 8.096417044713046796e-01 8.114639065781041882e-01 8.130822748239705522e-01 8.183775627074576509e-01 8.237238093326332278e-01 8.293601368380324468e-01 8.357903853158349383e-01 8.431243687583316326e-01 8.509702582478185784e-01 8.605469582076514801e-01 8.714748377428461756e-01 8.806986649834754877e-01 8.894666572113453240e-01 8.977687794676464383e-01 9.056723812380628180e-01 9.106958398548659073e-01 9.149973183939423826e-01 9.152841845298486101e-01 9.153675877496374458e-01 9.174846865582819699e-01 9.168372206492496623e-01 9.185998778989727942e-01 9.198032303639916973e-01 9.210452213106563590e-01 9.212316785064843527e-01 9.219559279879828706e-01 9.247479040254775740e-01 9.243200220040275195e-01 9.245108721086431336e-01 9.247399425396608530e-01 9.234747128603083555e-01 9.238843459832095650e-01 9.221572583238210052e-01 9.206833006152883581e-01 9.216942654985351702e-01 9.188761802880208718e-01 9.211318311040661566e-01 9.182430578195139859e-01 9.176590205969009650e-01 9.180165991793400870e-01
1.301074435868416181e-252 7.782336417420340054e-217 2.279558394167686149e-182 2.529641756580534237e-154 3.845262035248682880e-128 5.542405630457372160e-106 5.858072032282229989e-89 5.428342513149306774e-74 2.624775644942396749e-58 2.184930950470215548e-47 6.072343889338218416e-36 5.630781237715511482e-26 9.814306394314192462e-17 4.441446813154122247e-09 8.242927030573733438e-01 8.968279683970192817e-01 8.808470317055144827e-01 8.595952668825480592e-01 8.436949699978636419e-01 8.330253578173040241e-01 8.296456074876024100e-01 8.194434984640113218e-01 8.134880345293191706e-01 8.197143558094105442e-01 8.293156205790407354e-01 8.361646556210496906e-01 8.397830976497812072e-01 8.367861068774875566e-01 8.320621821412280683e-01 8.269551843198398311e-01 8.273858008653554030e-01 8.276083302917525142e-01 8.322868435620767169e-01 8.353095738826776806e-01 8.402452392632268063e-01 8.453927402069389974e-01 8.510881067289440827e-01 8.581944027379073692e-01 8.646590638697203568e-01 8.725671192685351407e-01 8.827962731764587012e-01 8.908158984931372482e-01 8.984374633099498908e-01 9.051751867515089867e-01 9.118959975358762460e-01 9.183316935384782109e-01 9.246324083863020071e-01 9.279092137197884060e-01 9.306374851794291247e-01 9.325770232092335243e-01 9.349690882376067158e-01 9.355298499965860604e-01 9.369922681056268576e-01 9.394067413210623885e-01 9.410762143662951829e-01 9.421299983859315885e-01 9.448762182608485549e-01 9.473096824453284270e-01 9.473419740924698962e-01 9.496997499409027821e-01 9.519778796253276498e-01 9.512845536738993024e-01 9.530615407640001813e-01 9.543394272766266839e-01 9.544078595934815112e-01 9.547847784273895133e-01 9.554258393657567572e-01 9.562402447857312193e-01 9.555696438619665223e-01 9.557038638005972420e-01
7.956699178282303446e-249 9.922563137682810338e-205 8.864890020108944421e-174 1.313483136217942998e-143 1.407429857002963739e-117 3.852803224672880918e-98 5.962261897989647680e-78 2.675758383516759621e-63 4.890263463589789881e-49 3.667132803048917488e-36 1.378564893143687313e-25 5.807819297378872481e-16 8.495133307902132865e-07 9.281593129264226194e-01 9.232001571352306257e-01 9.005953676961980792e-01 8.827548185150219107e-01 8.673184202584415248e-01 8.565283651338938542e-01 8.527812186918858339e-01 8.449392466866985085e-01 8.351564639742757867e-01 8.367114265974383569e-01 8.463784263037290589e-01 8.539631378090241087e-01 8.586138164046005494e-01 8.593330247215913431e-01 8.533917256649681260e-01 8.470067605937774413e-01 8.443925808379881826e-01 8.440915524015732974e-01 8.437938554426779314e-01 8.470120009723690613e-01 8.519786915637823643e-01 8.553068413377894474e-01 8.610607765670837965e-01 8.643998371590447816e-01 8.691237883812489295e-01 8.757190217667503163e-01 8.835084346731775229e-01 8.924744724241474580e-01 8.990672358969776790e-01 9.057448299457593333e-01 9.109159384119048797e-01 9.164100680203586258e-01 9.227366803744737611e-01 9.271473725520619213e-01 9.318001161731499504e-01 9.360854482254756803e-01 9.392794616326982649e-01 9.415330890509954198e-01 9.439206862869169434e-01 9.454789742188213220e-01 9.470094024325292903e-01 9.485404232621260645e-01 9.500522182016516437e-01 9.514347577083412943e-01 9.532490802898713200e-01 9.545779474204418857e-01 9.556495991989771843e-01 9.574429973978337838e-01 9.594415149632579132e-01 9.609752101112060130e-01 9.623220010251709589e-01 9.641074481952657260e-01 9.649577378154619023e-01 9.662569645914005356e-01 9.671949038036339319e-01 9.681732058442474864e-01 9.692005812951927091e-01
3.301891955621316772e-233 8.464209037197252445e-196 2.915012025150156740e-164 6.504612524881288305e-133 2.613271472720695383e-108 3.054802382394052900e-85 1.005584864952091572e-66 6.149001747059726542e-51 3.561210664459896278e-36 9.453979890898732424e-25 3.487953784403297877e-13 6.176407802786932910e-01 9.559346704633456815e-01 9.400728013639249037e-01 9.197421818235291813e-01 9.034008462632405756e-01 8.900354149392537551e-01 8.780562024482746475e-01 8.739086221898966222e-01 8.681304553403931257e-01 8.562203962132404200e-01 8.526037808696410591e-01 8.603563007231089799e-01 8.692054474353084759e-01 8.743683327349658363e-01 8.762422962802051130e-01 8.744046331594111932e-01 8.674496811475935765e-01 8.611804551796340412e-01 8.584099746616619120e-01 8.579411519537428754e-01 8.593439624089745932e-01 8.619460474204644340e-01 8.654795284069894956e-01 8.683854342910504176e-01 8.719394683322215789e-01 8.769901393744986562e-01 8.818284877438039571e-01 8.855582483416722939e-01 8.923945655040890212e-01 9.002934183567605775e-01 9.069759109799907515e-01 9.132285174892411650e-01 9.177286611567263552e-01 9.213575176268529177e-01 9.259282239277907278e-01 9.307294847082989708e-01 9.349152719757978236e-01 9.383193518043974057e-01 9.417814018004345700e-01 9.444085049814608945e-01 9.468377216595303958e-01 9.489860314414416687e-01 9.504646844487752988e-01 9.524784804127593985e-01 9.539386289532947316e-01 9.551069925086740353e-01 9.566565552173043052e-01 9.578787573712764791e-01 9.587952317108491274e-01 9.601142189031190988e-01 9.611269736138303710e-01 9.623170289340022832e-01 9.637083837515898477e-01 9.650817097374507769e-01 9.660997531204471578e-01 9.672470522307007323e-01 9.680153955977487401e-01 9.698746215467445309e-01 9.703054765998414544e-01
6.527365583117610393e-222 2.801364329237371326e-180 4.390066147608517490e-147 8.386877653705119288e-119 4.595807674498241358e-92 2.603368678806052430e-70 5.311744537627778383e-52 1.870745508331980292e-35 9.464031557242955456e-22 1.045622918995056551e-09 9.717375704900629296e-01 9.682989705522956347e-01 9.516034015334529084e-01 9.350247724279390216e-01 9.191222528369230593e-01 9.079880019385787593e-01 8.969401471078540800e-01 8.946079364888375185e-01 8.898344762661426488e-01 8.776307826598136463e-01 8.710815263817481835e-01 8.755544892004440971e-01 8.823477259135349415e-01 8.873237066863904898e-01 8.908248414873014553e-01 8.912923923682740668e-01 8.864617080982818420e-01 8.803075370297952507e-01 8.732014074245862956e-01 8.715279772542183778e-01 8.712286769209233173e-01 8.728371305807004488e-01 8.756309598415399353e-01 8.775282894076570361e-01 8.814419451526225302e-01 8.846273440561497337e-01 8.877298579787041843e-01 8.927054898652040382e-01 8.960052576578572125e-01 9.008257590406066884e-01 9.078725693129389152e-01 9.143799778043654181e-01 9.194809965542634078e-01 9.249289367809298001e-01 9.277071412769525294e-01 9.304409852972217454e-01 9.327983680172581282e-01 9.365201910244111971e-01 9.405135593653741743e-01 9.440076768326468581e-01 9.469223133601062381e-01 9.495749843924240485e-01 9.513922922350185329e-01 9.527912445284357768e-01 9.543685147573746086e-01 9.560202474298561404e-01 9.570498138613897643e-01 9.585013069492688276e-01 9.597259138563462022e-01 9.608249134386304124e-01 9.621494234165526294e-01 9.634071954792575720e-01 9.642837859784119114e-01 9.653258839525181711e-01 9.662578018158284321e-01 9.668546490579656982e-01 9.676424583477760688e-01 9.684634906177376212e-01 9.695156744488987455e-01 9.700027637177657258e-01
3.920838074907645295e-204 2.457297702343898286e-165 1.893222820059515619e-130 1.557040251346711338e-101 7.017783678850487323e-75 2.355432624177207840e-52 2.150435795094269894e-33 1.349563406537460383e-18 1.038487644975617449e-02 9.866332499698978742e-01 9.761439409568358760e-01 9.614640807661326560e-01 9.467696443254647320e-01 9.347368127978850083e-01 9.258327245042689002e-01 9.167298531731212785e-01 9.101101930430549602e-01 9.098451081948776276e-01 8.988568126772307210e-01 8.887459144169308489e-01 8.896690493271554034e-01 8.939817399039440282e-01 8.996490780715387103e-01 9.043981650869330480e-01 9.059654814028570424e-01 9.029320907813352948e-01 8.975817747792894652e-01 8.913464226690517300e-01 8.868252030229711869e-01 8.837358795083710694e-01 8.852370049929041418e-01 8.855156093355068814e-01 8.874707078240938740e-01 8.899328860803891184e-01 8.930173209380030119e-01 8.955745658896939743e-01 8.979496809151882308e-01 9.015270431693042097e-01 9.050591721005738499e-01 9.091291300143968801e-01 9.143305978735932760e-01 9.213757209842936557e-01 9.262163466095468811e-01 9.307981980972652725e-01 9.337315601800655340e-01 9.359789353456902106e-01 9.373204289351040330e-01 9.396879008970540070e-01 9.421731122758623123e-01 9.455519433843907473e-01 9.481738519619861139e-01 9.509551340084156923e-01 9.534668783617576970e-01 9.551420797167643473e-01 9.563410775874503500e-01 9.576012655960294273e-01 9.586776236010973173e-01 9.603513153957262682e-01 9.614045515159069799e-01 9.622547054247077014e-01 9.632099637008673110e-01 9.644621262202556222e-01 9.655128676289073120e-01 9.661498794045945138e-01 9.678334754101741710e-01 9.686263914821491294e-01 9.689910975725208875e-01 9.700020476137847236e-01 9.708143036700720430e-01 9.714922518317709033e-01
9.301088665782920988e-187 1.134364990451060383e-145 2.081738364315879188e-108 1.219266791355333465e-79 1.713144399967723194e-54 2.465602050048307326e-31 1.026038488647893514e-12 9.942018209340691692e-01 9.910147264949453749e-01 9.815295758143746108e-01 9.697312761426148953e-01 9.579350120458729467e-01 9.490455749420116938e-01 9.402943626232330709e-01 9.329672005219724618e-01 9.259009441272945118e-01 9.253140973344547993e-01 9.186565980336021120e-01 9.069808328608491843e-01 9.038245886754848746e-01 9.069498970911414881e-01 9.122544342845234633e-01 9.159362542131516127e-01 9.169562268639025460e-01 9.178424034938542642e-01 9.133601986963308939e-01 9.074682597704424314e-01 9.012513771650185745e-01 8.975075604274792562e-01 8.960370869439109320e-01 8.972614005723197339e-01 8.977608814426900619e-01 8.997634812877589594e-01 9.016160432135613689e-01 9.040365009047063305e-01 9.069507207669481597e-01 9.087737156249051651e-01 9.117789915215969154e-01 9.145062475691432269e-01 9.178740059321252032e-01 9.211375696904012811e-01 9.266697845397648958e-01 9.322442188615430725e-01 9.364961794963293507e-01 9.396728442482632504e-01 9.415398836481954081e-01 9.432961858585692250e-01 9.448316801119664987e-01 9.459036358865657856e-01 9.483752042109758751e-01 9.500521971349896733e-01 9.530234063719643656e-01 9.552849877009097490e-01 9.572048000148001279e-01 9.587054376423942426e-01 9.600426849937439000e-01 9.609715900885147377e-01 9.624124916843233013e-01 9.632421325391924416e-01 9.643091225658784182e-01 9.644404058816444802e-01 9.652991727289260693e-01 9.661774926197984614e-01 9.672607265499204576e-01 9.684998351107538817e-01 9.689217454005335517e-01 9.701309900076716675e-01 9.703493061045604939e-01 9.717478266686730981e-01 9.723180983420520729e-01
4.513821048925550587e-160 7.196919555450265180e-120 1.328417652577836171e-80 1.779765804264085136e-52 2.055198892594104241e-27 1.569831403371549602e-05 9.978746615851328272e-01 9.934863881256739138e-01 9.858489729232967624e-01 9.772318079868730356e-01 9.686842819788492598e-01 9.612263394103404135e-01 9.531753147740509302e-01 9.479272982258966085e-01 9.396580024498194517e-01 9.383811681117475434e-01 9.347587055193569139e-01 9.241315521571825675e-01 9.183895689224643721e-01 9.203044248345997325e-01 9.237461411388731003e-01 9.268310473941431260e-01 9.284009841533672480e-01 9.288677411577657139e-01 9.273324067903141454e-01 9.221605933401990640e-01 9.165787908927047756e-01 9.116129587975398962e-01 9.091065999051881619e-01 9.077059258556341437e-01 9.080781740873908880e-01 9.091117190002084847e-01 9.103688410921567664e-01 9.119104907810205995e-01 9.141540160157742845e-01 9.158373271436504037e-01 9.181464843177675750e-01 9.202783829368736956e-01 9.227852070878138635e-01 9.252321147599034123e-01 9.285274862376223792e-01 9.325571077288598021e-01 9.378764052621236802e-01 9.423567327543683758e-01 9.448575347553183068e-01 9.473489905133910538e-01 9.482157173887907353e-01 9.496356593062476037e-01 9.509702253446845610e-01 9.521272814236454440e-01 9.534181466052524812e-01 9.551680597901908154e-01 9.572494300738358941e-01 9.589208978219542212e-01 9.605621371768029437e-01 9.621676221589380296e-01 9.638517912727491144e-01 9.646324844409572830e-01 9.655087601387243312e-01 9.665865428139533977e-01 9.671383599423967192e-01 9.672248446329227978e-01 9.680977005794272339e-01 9.688283428991173452e-01 9.693427747154741425e-01 9.701093289325825042e-01 9.707623262139137843e-01 9.716402455323124299e-01 9.721275465153432771e-01 9.727741740112619828e-01
2.882689702584146327e-128 2.333553168051837945e-87 9.029584922658735361e-51 6.804285538504577371e-20 9.995820762126846892e-01 9.987623551246093134e-01 9.955799561283155130e-01 9.900570634083505350e-01 9.833457484827454742e-01 9.773255797566553493e-01 9.712226316222536404e-01 9.652401388555087447e-01 9.602683280093563534e-01 9.535689702569670745e-01 9.502203228973639115e-01 9.492157565697961763e-01 9.414202770710311530e-01 9.330622240246645438e-01 9.330865225303593968e-01 9.342301979466476336e-01 9.375629098721244281e-01 9.383655623223402520e-01 9.395914169135511917e-01 9.380977236176240019e-01 9.351629562525014538e-01 9.301262403262416933e-01 9.252456919113745126e-01 9.211200069631415577e-01 9.192174812721660704e-01 9.192845527761416280e-01 9.185292784615385342e-01 9.197102203538254361e-01 9.214508961237917184e-01 9.227467986788432386e-01 9.238297192181863515e-01 9.264275305463852694e-01 9.278080914883700681e-01 9.288940771651154060e-01 9.311806358119736338e-01 9.330081889381355298e-01 9.355391001007981044e-01 9.387536127595431656e-01 9.424846607921550934e-01 9.475907345140575089e-01 9.500527293617824220e-01 9.525913119503501836e-01 9.541081350108946424e-01 9.552704477112463621e-01 9.565070056826168177e-01 9.570836500284396475e-01 9.575207712531910165e-01 9.587998061352379642e-01 9.601926284122100919e-01 9.617422483089099750e-01 9.627398997053062679e-01 9.639018591329553409e-01 9.657944446667409144e-01 9.670953814728789899e-01 9.677927853290871907e-01 9.688887797315425265e-01 9.698457542397389552e-01 9.700801980479376585e-01 9.705200515831911012e-01 9.711458166451435448e-01 9.718216985024408228e-01 9.719498517839295637e-01 9.725686671985965814e-01 9.728816093133114684e-01 9.733948016786392321e-01 9.739126279132380715e-01
2.102858297350239257e-89 1.471599856905679151e-45 5.510028639058417814e-10 9.999455580117441178e-01 9.994479794419133256e-01 9.976248219739045631e-01 9.939079089239895026e-01 9.897058149124525750e-01 9.846261580218965692e-01 9.797402936827052100e-01 9.749804303638794911e-01 9.701132502487260778e-01 9.660418253684728285e-01 9.614830361059253372e-01 9.596487045945986116e-01 9.569670328914394730e-01 9.482432209598431472e-01 9.435167586985425681e-01 9.447436990582808169e-01 9.471670810206503921e-01 9.479737517505230082e-01 9.491963796012613530e-01 9.489646941511944434e-01 9.478429213973821321e-01 9.438811032086444897e-01 9.383194353644657149e-01 9.333099431827254211e-01 9.314300713733374426e-01 9.294318175853094610e-01 9.292880905827972660e-01 9.292114672782929574e-01 9.303584406491183234e-01 9.307650974321217685e-01 9.324408004811933770e-01 9.331284471807375080e-01 9.349126282941347954e-01 9.363168399579357981e-01 9.379399145507474334e-01 9.400549083165785635e-01 9.411541078104995739e-01 9.424502171723239119e-01 9.455493853525722692e-01 9.487866823963955198e-01 9.525331707846134144e-01 9.554437855676681801e-01 9.582687556371699555e-01 9.598136284781457750e-01 9.607766359372202913e-01 9.618825972216826781e-01 9.620042198919648291e-01 9.629222247467330575e-01 9.629052905827988340e-01 9.639115623038974068e-01 9.653843416698761892e-01 9.657484482318807739e-01 9.672117265234926320e-01 9.680008116360677706e-01 9.695482228352343412e-01 9.707787179109718112e-01 9.712658560308206068e-01 9.722702255952668793e-01 9.732163504864247416e-01 9.739153579438706299e-01 9.742166169934415310e-01 9.746404246306129560e-01 9.746512559013678079e-01 9.753573230396537230e-01 9.755880926918587548e-01 9.759925737538590607e-01 9.761441455538444334e-01
4.929436521112981404e-39 9.999161085541293792e-01 9.999912387864142715e-01 9.998466223347908244e-01 9.989801115343618365e-01 9.971500912331470179e-01 9.942209083733356545e-01 9.912761284940889706e-01 9.872827811288000799e-01 9.840166644726108247e-01 9.795523272501346357e-01 9.770959252837611020e-01 9.726210470166183342e-01 9.701068826488817853e-01 9.688125536248781700e-01 9.633173135807047149e-01 9.559076484567712306e-01 9.555095162235646145e-01 9.565462542038358773e-01 9.572486114888428821e-01 9.586581371634474991e-01 9.583029740938585617e-01 9.578938526069121773e-01 9.561238823869993020e-01 9.532895008191780706e-01 9.471350540834169163e-01 9.440104139185576670e-01 9.415064084157140911e-01 9.400657513834272949e-01 9.397039456954948689e-01 9.396717841330661791e-01 9.406912807809248989e-01 9.415400506751879783e-01 9.424515774177304461e-01 9.433925470709066952e-01 9.444606275012744634e-01 9.456984302787670993e-01 9.470495244083211306e-01 9.479832563669815526e-01 9.500882427947382469e-01 9.508395904799831211e-01 9.535535395565825079e-01 9.554362509347948951e-01 9.580786281776458857e-01 9.620432001494666485e-01 9.636715390474283049e-01 9.651398033622134998e-01 9.664935120586531925e-01 9.667757294296182025e-01 9.679499193438108051e-01 9.681974082938679116e-01 9.684296429367778014e-01 9.690012199757086497e-01 9.695195675853641726e-01 9.701429887165807786e-01 9.712298597586561666e-01 9.722789334950887596e-01 9.726384776675796040e-01 9.738287608054196909e-01 9.743032385669907480e-01 9.760939757959378182e-01 9.759372849948798612e-01 9.768699929726114561e-01 9.777081976488040116e-01 9.777633670960406143e-01 9.783119470202993329e-01 9.783546409697377877e-01 9.788878394848755660e-01 9.790596452146135276e-01 9.793108026375325625e-01
9.999997945997177728e-01 9.999997361192541900e-01 9.999789418078355308e-01 9.997897873483925224e-01 9.991437770473684532e-01 9.978496633148866701e-01 9.959075400962963398e-01 9.934531179123335942e-01 9.909714413264518740e-01 9.884700696122922237e-01 9.863419949704071987e-01 9.831823219445221529e-01 9.792305375415948365e-01 9.787474658491086554e-01 9.759596906488188228e-01 9.705277958943715477e-01 9.673683590439117186e-01 9.682726291700618493e-01 9.682031464658622522e-01 9.692203109560599827e-01 9.681552467462501976e-01 9.685279474104723230e-01 9.674487481106426312e-01 9.655036383271712319e-01 9.606019148405194885e-01 9.563177706016557922e-01 9.540196013217479010e-01 9.519718211965120247e-01 9.516887153488117201e-01 9.520345961034951676e-01 9.517670041637978917e-01 9.524497671933479515e-01 9.533064630464359590e-01 9.535813285554090024e-01 9.551325258702449972e-01 9.548328221425408380e-01 9.561649321311508354e-01 9.569997639242299181e-01 9.579731386416179273e-01 9.588917491500150714e-01 9.599857425737513550e-01 9.612740803484902674e-01 9.625570901488397224e-01 9.651741260577724191e-01 9.682274628930954696e-01 9.696078022685593600e-01 9.711369540328963490e-01 9.722634743867205609e-01 9.731131110384410032e-01 9.734586843655239630e-01 9.739009436510626117e-01 9.739382760780067594e-01 9.750280696870629038e-01 9.750460260076263541e-01 9.757104251089337987e-01 9.752288358176369742e-01 9.763673133941961346e-01 9.766144228858258947e-01 9.773670150291212666e-01 9.788753380314847430e-01 9.786093535172371016e-01 9.796265550784309939e-01 9.795291736469023958e-01 9.803115416477358179e-01 9.809394133489267587e-01 9.816998026237990782e-01 9.821088377801970859e-01 9.819845386559346023e-01 9.822810368501821987e-01 9.824349434084839183e-01
9.999999998181252625e-01 9.999997034598520074e-01 9.999867526211149160e-01 9.998952444762823077e-01 9.995202051954369393e-01 9.986978940340988098e-01 9.978255847826320579e-01 9.963388555268163360e-01 9.943822400793408400e-01 9.922842385927882480e-01 9.912405613120849335e-01 9.887128404176237506e-01 9.869883029616957071e-01 9.861183161756943427e-01 9.827844045011399077e-01 9.793713789797304781e-01 9.763780211380532759e-01 9.769334738663441042e-01 9.770264535585162502e-01 9.786240832451507110e-01 9.774976812001779924e-01 9.771832450185373720e-01 9.751679075733022950e-01 9.724017275805802996e-01 9.686975879438617376e-01 9.660245161454467100e-01 9.653993523780689534e-01 9.633461941811536366e-01 9.617130901144892441e-01 9.609006666523723927e-01 9.615843932399790184e-01 9.616807865537942979e-01 9.623292857686611690e-01 9.623973977994249029e-01 9.632808792564487854e-01 9.642728931751015642e-01 9.650931851069447509e-01 9.643482688101837619e-01 9.646810933102784036e-01 9.656593536989757087e-01 9.675124080743465749e-01 9.669243938417656503e-01 9.695428071393494829e-01 9.711251317530480431e-01 9.726384370592092710e-01 9.750218281695647304e-01 9.761053522210711986e-01 9.777723987839592734e-01 9.776654863392145733e-01 9.787770734159715325e-01 9.783759767827151510e-01 9.784226726530523832e-01 9.791474183240820306e-01 9.790420962332940791e-01 9.796659062710658672e-01 9.801556731195547600e-01 9.802330124347524709e-01 9.803336220889933283e-01 9.805710354548058394e-01 9.810420992106394511e-01 9.815387933985653124e-01 9.823547535984158419e-01 9.827091798764544528e-01 9.832009955854698058e-01 9.836565029041774988e-01 9.840487808789740720e-01 9.844673827465839633e-01 9.847386556119440693e-01 9.848656831096415099e-01 9.849944594525078534e-01
9.999999998621761366e-01 9.999998780432349799e-01 9.999937845315016727e-01 9.999385173857066045e-01 9.997106011942968884e-01 9.993080802205276392e-01 9.985327315304248774e-01 9.976378192851712567e-01 9.963813611583097751e-01 9.950197870890163943e-01 9.935503534937083492e-01 9.913673147890282866e-01 9.908525123776676935e-01 9.891731127240673827e-01 9.864009952777926804e-01 9.829739737649924036e-01 9.827503902325362972e-01 9.827160449943043163e-01 9.825575089809744922e-01 9.824178712355607912e-01 9.818043295345525445e-01 9.813082294469953615e-01 9.794667163956897182e-01 9.766240526895080265e-01 9.728734391993540953e-01 9.706085794964186553e-01 9.699462514750374353e-01 9.697141091460895757e-01 9.678825921947783462e-01 9.686046166524294732e-01 9.679715970067978015e-01 9.676476365847068717e-01 9.673728453347621992e-01 9.674201323003551733e-01 9.682843653220944979e-01 9.686405155829966862e-01 9.692119744683590499e-01 9.700052798211982186e-01 9.707222875657723904e-01 9.711022510490151527e-01 9.715563933055920698e-01 9.723133409057016507e-01 9.730382224970545169e-01 9.740382071964509558e-01 9.754649364450784788e-01 9.774547138833119542e-01 9.788917145982373169e-01 9.796470311207799986e-01 9.802666390088344839e-01 9.804201974231993022e-01 9.812140877186891208e-01 9.816794859008911578e-01 9.812251372306202146e-01 9.821332832589922957e-01 9.815542101700397426e-01 9.819406069529399428e-01 9.819749526982165522e-01 9.824157891188033398e-01 9.824438598619734675e-01 9.829020864237862920e-01 9.833185043990914087e-01 9.839588127714182786e-01 9.838995878617653457e-01 9.842738427542213620e-01 9.845914218113918093e-01 9.854949286828281751e-01 9.855607732058907500e-01 9.860670919622364083e-01 9.859467729518078816e-01 9.865470448707779338e-01
9.999999997569101184e-01 9.999998666997896857e-01 9.999951842385353951e-01 9.999522551922847002e-01 9.998116587232404040e-01 9.994147385609665202e-01 9.987695091166741701e-01 9.980075219855631952e-01 9.968520756191820986e-01 9.956864519553340065e-01 9.943062472574775157e-01 9.928593234661945433e-01 9.920598085019810553e-01 9.902814971172346770e-01 9.872846719709790220e-01 9.852001314103028262e-01 9.850776128907900997e-01 9.852865599258393559e-01 9.850072946430056264e-01 9.846851064351453964e-01 9.837946075251544631e-01 9.830960848025126486e-01 9.801826736768487480e-01 9.780531231794947766e-01 9.747123174530358813e-01 9.729722458314827849e-01 9.721184361516612693e-01 9.707695922318879678e-01 9.708457957337804922e-01 9.704419706866648232e-01 9.704284683613074725e-01 9.701256231453491141e-01 9.701279370539304114e-01 9.699807267065834182e-01 9.706650600445111410e-01 9.709055384768696673e-01 9.711376352671894363e-01 9.717209268905122599e-01 9.723945647368211764e-01 9.728491949275634987e-01 9.732142904306690934e-01 9.738473587024991662e-01 9.744768691218433920e-01 9.752923440888205953e-01 9.765370034243042729e-01 9.779736163848699038e-01 9.790780067535334030e-01 9.803579906523416376e-01 9.812975588266639182e-01 9.815811224196908658e-01 9.821810389172013211e-01 9.822550718833670258e-01 9.825882612415426376e-01 9.826416651805641722e-01 9.828910584862047273e-01 9.829006413879404214e-01 9.829789736626006746e-01 9.830877110133416918e-01 9.833149506387494077e-01 9.834595002519043172e-01 9.835081880608073090e-01 9.840362773269154539e-01 9.841874523004662256e-01 9.846925277286466827e-01 9.850507387639292345e-01 9.852674037435900090e-01 9.856662917831815474e-01 9.859571573093302010e-01 9.864124219729458742e-01 9.866317255567256250e-01
9.999999983391356650e-01 9.999997221567665795e-01 9.999914568631094181e-01 9.999315201050273938e-01 9.997583501706550635e-01 9.993487098989920492e-01 9.987329313571199352e-01 9.979273473050898069e-01 9.968026659137813050e-01 9.958300365160577261e-01 9.939967951781175648e-01 9.931970247018491182e-01 9.922284342336618046e-01 9.896488729483247093e-01 9.870316200518595151e-01 9.859243045122197957e-01 9.857041461920207359e-01 9.857526850102173999e-01 9.856244390628212670e-01 9.853359631794693652e-01 9.843347062425723548e-01 9.827022236395851484e-01 9.798564639047959712e-01 9.770253259064238804e-01 9.747436889690033190e-01 9.732594551848703368e-01 9.724571654213782779e-01 9.718226037860805411e-01 9.713731303155711538e-01 9.710241018627444598e-01 9.707113560178333156e-01 9.708393137747771684e-01 9.705443580332020481e-01 9.710051347938628563e-01 9.712558270951343609e-01 9.715642844238052689e-01 9.720420458323827395e-01 9.724959087976935423e-01 9.731011307047224834e-01 9.735719463876227886e-01 9.739917404612451479e-01 9.743285067796207954e-01 9.747920874474914621e-01 9.752092920922890151e-01 9.763505219200057095e-01 9.775228129069059024e-01 9.789849836177604292e-01 9.800610166251023658e-01 9.810630527625339159e-01 9.818682572822838850e-01 9.821683865052081019e-01 9.825587243134987769e-01 9.826865874925552191e-01 9.827634330840567811e-01 9.830641957987372725e-01 9.831365346109460779e-01 9.831283052842810788e-01 9.831773574358603218e-01 9.834214304830168896e-01 9.834730706854056814e-01 9.837191149038888582e-01 9.837892311526186262e-01 9.841025524087942955e-01 9.844621242333567723e-01 9.846261925593891018e-01 9.852267564825493151e-01 9.853710490036307057e-01 9.856668160664699974e-01 9.861283759725689713e-01 9.863281037083841962e-01
9.999999773708383444e-01 9.999987849054083888e-01 9.999807101919998553e-01 9.998967503857842942e-01 9.996303155527119788e-01 9.991631269720141484e-01 9.984352701854227741e-01 9.973649923222084324e-01 9.964143029129403084e-01 9.950195764005171917e-01 9.936719462529192137e-01 9.928486585228545325e-01 9.913656210993048168e-01 9.885644153177642890e-01 9.866215701831960727e-01 9.861235503830526605e-01 9.859529369373050134e-01 9.859058956257311657e-01 9.854950472451725618e-01 9.848059231585802875e-01 9.834464975405343701e-01 9.812363321414031558e-01 9.785381291336880949e-01 9.760741131004962989e-01 9.743817077812803040e-01 9.731382378705843994e-01 9.724284907514341159e-01 9.717041211370174292e-01 9.713805031492926956e-01 9.709863821333144518e-01 9.708465435492763529e-01 9.708136106288108857e-01 9.709039098731124806e-01 9.711142256446808618e-01 9.713596957781509555e-01 9.715915227717633051e-01 9.720573351181991395e-01 9.726710893106211842e-01 9.731798498591358593e-01 9.736385424212795625e-01 9.741049957947242044e-01 9.744680158309383389e-01 9.748404329358625331e-01 9.753111145503297053e-01 9.758947284815896461e-01 9.769627502933692087e-01 9.781520347522584258e-01 9.792428732132966163e-01 9.802514370414647793e-01 9.811120295081506848e-01 9.817014867332977124e-01 9.822116409527528180e-01 9.824268306305535825e-01 9.827593879457766635e-01 9.829847560791994399e-01 9.830473361937908106e-01 9.831753606387724220e-01 9.832503750528254205e-01 9.833355619801796843e-01 9.833963568603862893e-01 9.835736121453133585e-01 9.836940147838628690e-01 9.838083697775948933e-01 9.840420399028835252e-01 9.843477180818555050e-01 9.845426457735448889e-01 9.847973283413882228e-01 9.852053663992490495e-01 9.854811193295823779e-01 9.857391037784823951e-01
9.999995572936939414e-01 9.999932044098671646e-01 9.999475438416601802e-01 9.997831962151896290e-01 9.993801319493995639e-01 9.988179019782349455e-01 9.979812851157959797e-01 9.968193961587379359e-01 9.958153708312964536e-01 9.941750918596050646e-01 9.932720376231574111e-01 9.921297001337635590e-01 9.899596697244870125e-01 9.874667595432266021e-01 9.864985299511531691e-01 9.861524913810251203e-01 9.859541302837638854e-01 9.855253160344775720e-01 9.849547751477218949e-01 9.839258996340987107e-01 9.821906989123638798e-01 9.796274980988490810e-01 9.772329944759864384e-01 9.749817636293308665e-01 9.737448767374996539e-01 9.729172554059096756e-01 9.722107997961938475e-01 9.716046617485106784e-01 9.712076561828856258e-01 9.708949543075445776e-01 9.707330012656739671e-01 9.707457768399918585e-01 9.708240982523158591e-01 9.709088113008229604e-01 9.711616153683451103e-01 9.715130170145338528e-01 9.719640134167737422e-01 9.724935046694123120e-01 9.730553679268575396e-01 9.736141083580038824e-01 9.741518726738266354e-01 9.745433679941392091e-01 9.748130750841293990e-01 9.751051296148266490e-01 9.756549814855910441e-01 9.763189779901830789e-01 9.772010886245743322e-01 9.781657082891205279e-01 9.794931958179715625e-01 9.802203195718595108e-01 9.810794436656766759e-01 9.815903114046372613e-01 9.820592772828020678e-01 9.824283825576805018e-01 9.827164577310978366e-01 9.828152408597751188e-01 9.829878862432650521e-01 9.831260168735610483e-01 9.832248715383646864e-01 9.833639181117741490e-01 9.834292515278962865e-01 9.835490075971476953e-01 9.836308826638210379e-01 9.838011536753956676e-01 9.839959941827712830e-01 9.840977569364837141e-01 9.842696336075191788e-01 9.844865937762755648e-01 9.846969834914047759e-01 9.849507068046394753e-01
9.999946607836325274e-01 9.999659241195839599e-01 9.998410439685417872e-01 9.995759378784814242e-01 9.990178278937498213e-01 9.982651439232135271e-01 9.971951645716528034e-01 9.962517886503988729e-01 9.946492099471172521e-01 9.935107922586626783e-01 9.924908305335823355e-01 9.905673141287595351e-01 9.883379807772312287e-01 9.868466863183675830e-01 9.862873396616885779e-01 9.859385283632139396e-01 9.855485059716082574e-01 9.849856661152536219e-01 9.841336713379090773e-01 9.825971156667776540e-01 9.805437271463794957e-01 9.779889473977914083e-01 9.759631805374806568e-01 9.744383460583609935e-01 9.733897437836109834e-01 9.725901894920837565e-01 9.719316856113160430e-01 9.713899591094735664e-01 9.709916794506386895e-01 9.707692967321722710e-01 9.705674846916273468e-01 9.705238086591543301e-01 9.706047008673293064e-01 9.707384424104134046e-01 9.710181810704869854e-01 9.714037174432452737e-01 9.718314990852527924e-01 9.723170787503836454e-01 9.729917656713087393e-01 9.735152928626796820e-01 9.740691030350867585e-01 9.744477947564417208e-01 9.748255228244994131e-01 9.750603068115215599e-01 9.753786974224907258e-01 9.758916183592344362e-01 9.764291636083131110e-01 9.772339506215441673e-01 9.782475624722941632e-01 9.791017303525635374e-01 9.802251335060864212e-01 9.807794127830773423e-01 9.813667745846684776e-01 9.819204032260029358e-01 9.823174140655578368e-01 9.825452382523877093e-01 9.827838256419004770e-01 9.829624667383067838e-01 9.830623103244119365e-01 9.832092561906385919e-01 9.833013813390881763e-01 9.834092787982620099e-01 9.834676925368396327e-01 9.835999301604841927e-01 9.837215860934780398e-01 9.837757594233709213e-01 9.839378555192260789e-01 9.841258892509505696e-01 9.843880366719708341e-01 9.845138954583927404e-01
9.999622876564555618e-01 9.998501412347745587e-01 9.995900635478969232e-01 9.990969067995066899e-01 9.983750815744690810e-01 9.974229676374233300e-01 9.963644086034840752e-01 9.949147777798266201e-01 9.936486498486941654e-01 9.926137256149102361e-01 9.910851443012178574e-01 9.889809546504511051e-01 9.872400178808664606e-01 9.864624738411144067e-01 9.859434388731964649e-01 9.854911370831035411e-01 9.848477752761874982e-01 9.839805289339916827e-01 9.828676624652935567e-01 9.810334650547920532e-01 9.785499550834707572e-01 9.766180831933077844e-01 9.750978279097993751e-01 9.738605793786393461e-01 9.729453686305716831e-01 9.722252413079229827e-01 9.716529551977169943e-01 9.711269035811720407e-01 9.707764157850444775e-01 9.705102337535177481e-01 9.703867212124410724e-01 9.703357931790157487e-01 9.704035242561552810e-01 9.705698939763335309e-01 9.707820173014509724e-01 9.711728909137380406e-01 9.715365867176021242e-01 9.721243800359348208e-01 9.727261339140899077e-01 9.733329386514045778e-01 9.739910915363745314e-01 9.744163487681730684e-01 9.747649778216453953e-01 9.749977130207226894e-01 9.752356484203820175e-01 9.755264840039649110e-01 9.759374605861422802e-01 9.763961456211014411e-01 9.772430448482013476e-01 9.780049818101669290e-01 9.788675647075703035e-01 9.799244688406146819e-01 9.806372745692665260e-01 9.811827614287644828e-01 9.816716853833366008e-01 9.819942421176637293e-01 9.823454224747836250e-01 9.826080345975299890e-01 9.828482064241572669e-01 9.829952906385626132e-01 9.831949442776012349e-01 9.832534952541753803e-01 9.833557954376017651e-01 9.834885110889822757e-01 9.835993375855064391e-01 9.836906856229281626e-01 9.837365030782037056e-01 9.839063489983597144e-01 9.840137520811539362e-01 9.841215276688722868e-01
-1.000000000000000000e+00 -1.000000000000000000e+00 9.991091861623796477e-01 9.983968520387288548e-01 9.974338505166377988e-01 9.963854054826939421e-01 9.950813546335458559e-01 9.937712327417670410e-01 9.926281454696911366e-01 9.912087469825862085e-01 9.893402874980351536e-01 9.877286209285669472e-01 9.866270310133761212e-01 9.859545379764922401e-01 9.853640720300437250e-01 9.847027012043637617e-01 9.839735266402561686e-01 9.827967509612149932e-01 9.811533177212998780e-01 9.791980839206706477e-01 9.773440877922492387e-01 9.756222946575197064e-01 9.742948141419111030e-01 9.734147909104565732e-01 9.725223854883490171e-01 9.719283714991993062e-01 9.713271589641453430e-01 9.708443004080924421e-01 9.705291778509155254e-01 9.703185490602308505e-01 9.701716508349899071e-01 9.701311787324479186e-01 9.701810707911889819e-01 9.703124796707598421e-01 9.705275497880014868e-01 9.708602681481696139e-01 9.712564631208322474e-01 9.718292456475220442e-01 9.725517714702460736e-01 9.731069791186492957e-01 9.737708580987223250e-01 9.743086907200895208e-01 9.747222896941828418e-01 9.749947069086938312e-01 9.751636006967646653e-01 9.753538693305056073e-01 9.756329346371679367e-01 9.759739828334225153e-01 9.764198540864655884e-01 9.769310641252277883e-01 9.777480050794981059e-01 9.785940449020431586e-01 9.793457028637452266e-01 9.801455976951108928e-01 9.807253863667566574e-01 9.814082985446153096e-01 9.816984111634229349e-01 9.820811810919962692e-01 9.824533350069616366e-01 9.827341172225554367e-01 9.829122994233848720e-01 9.829954131153497698e-01 9.832139537097773774e-01 9.832683811217839409e-01 9.834150016565115227e-01 9.835198585900889467e-01 9.836290811670287404e-01 9.837049256697956157e-01 9.837706620836504934e-01 9.838870009417900464e-01
-1.000000000000000000e+00 -1.000000000000000000e+00 -1.000000000000000000e+00 9.973883355324154598e-01 9.962838930049274788e-01 9.950714645728168106e-01 9.937255301960717935e-01 9.924345150494666701e-01 9.911237442715810086e-01 9.894825507747845306e-01 9.880609716654961128e-01 9.868079191689194118e-01 9.859731910345627126e-01 9.852297353183817608e-01 9.845334884560453803e-01 9.836621151041997635e-01 9.826039989068080516e-01 9.811564868678140927e-01 9.793477107856474184e-01 9.776853771455530362e-01 9.760911647818285575e-01 9.748126066345152996e-01 9.737365406686975255e-01 9.729062895838715974e-01 9.721938723457228537e-01 9.715818950815768851e-01 9.710531774102000302e-01 9.706300075586566933e-01 9.702874634333756854e-01 9.700733297444377179e-01 9.699300243341355543e-01 9.698963141347416439e-01 9.699173343381392032e-01 9.700842593557738036e-01 9.702460562885439899e-01 9.705727741246565898e-01 9.709814847218907197e-01 9.715819494199878781e-01 9.721661234030021248e-01 9.728202005537349706e-01 9.736080515600735730e-01 9.741636443342767127e-01 9.746212821258115611e-01 9.749201043938653388e-01 9.751320635376490298e-01 9.752726737880307306e-01 9.754368490370076694e-01 9.757003725872575028e-01 9.759068327764104378e-01 9.762921653613311213e-01 9.767483743120103368e-01 9.774769509830623093e-01 9.781018629003486176e-01 9.789742310668403391e-01 9.797127578889847088e-01 9.802544990151689230e-01 9.808758489873916631e-01 9.815169633093353552e-01 9.817914175574601332e-01 9.821920456088046869e-01 9.825055085299120305e-01 9.828340024212800508e-01 9.829841601147293328e-01 9.830758524685737632e-01 9.832484114028181565e-01 9.833863128844201329e-01 9.835329233109073588e-01 9.835907229850983091e-01 9.836913852299496996e-01 9.837975434238124262e-01
-1.000000000000000000e+00 -1.000000000000000000e+00 -1.000000000000000000e+00 -1.000000000000000000e+00 9.947621939580444383e-01 9.935185312804961644e-01 9.922705724527669524e-01 9.909664175498017480e-01 9.894602737366543499e-01 9.880622990471583655e-01 9.869429448035191843e-01 9.859112478855123207e-01 9.850997130383983835e-01 9.841841555503065830e-01 9.833209543762888583e-01 9.822537488885658696e-01 9.809647286726558280e-01 9.794680620160127749e-01 9.779315562568844378e-01 9.764991731996826019e-01 9.752252243143060273e-01 9.741674115339301609e-01 9.732624115412209509e-01 9.725269344089714219e-01 9.718309605151536079e-01 9.712816566969210141e-01 9.707823140855666999e-01 9.704010198541483945e-01 9.700758094267870613e-01 9.698406559574612729e-01 9.697008638771325018e-01 9.696738562680832230e-01 9.696716233556467168e-01 9.697644206642961340e-01 9.699589571109777930e-01 9.703094634576517885e-01 9.707018184229923019e-01 9.711905720527771457e-01 9.718426351839049016e-01 9.725792968587106957e-01 9.733289596057231874e-01 9.739347879574490330e-01 9.745063725700867652e-01 9.748077990194249365e-01 9.750748224014884613e-01 9.752318215507649324e-01 9.753543689134436256e-01 9.754632700016184765e-01 9.756354474384539843e-01 9.758078831937370134e-01 9.760090805634594746e-01 9.764726711986204677e-01 9.770569553567672871e-01 9.778204665661593964e-01 9.782477910126911036e-01 9.791730844790416111e-01 9.795901124672381499e-01 9.805767822975091086e-01 9.808169014802408103e-01 9.815238109823504198e-01 9.818624174133980809e-01 9.821115426914938107e-01 9.825687435925626323e-01 9.827349519963822777e-01 9.829943627814566876e-01 9.832388104295319842e-01 9.833726654489045593e-01 9.835055096463386493e-01 9.836269510702853047e-01 9.837439983330164006e-01
-1.000000000000000000e+00 -1.000000000000000000e+00 -1.000000000000000000e+00 -1.000000000000000000e+00 -1.000000000000000000e+00 9.920296018665549775e-01 9.907838030682861730e-01 9.893896924584790753e-01 9.881790807100361285e-01 9.869170379911128554e-01 9.858378921762314118e-01 9.848321175358616397e-01 9.839293295276255735e-01 9.830219652341719572e-01 9.819221013007585208e-01 9.807269921519681244e-01 9.795374036540324125e-01 9.781345320728261905e-01 9.767956321434798639e-01 9.755255390407829852e-01 9.745608149946635157e-01 9.735849728802637992e-01 9.728357229609345680e-01 9.720977703251675317e-01 9.715034277173939525e-01 9.709890928807652921e-01 9.704809775419254159e-01 9.701177748506398801e-01 9.697818480229242200e-01 9.695621845413793238e-01 9.694589316164865522e-01 9.693547105416842058e-01 9.694005551530957554e-01 9.694776107290393741e-01 9.696625075790914483e-01 9.699777699533322917e-01 9.702532105142787078e-01 9.708492153092966870e-01 9.714224871868210043e-01 9.722155142328778865e-01 9.729615075620933196e-01 9.736796595473372617e-01 9.742812332811729981e-01 9.746459771272500960e-01 9.749284117707506248e-01 9.751336034777799977e-01 9.752520041700621922e-01 9.753432648138247174e-01 9.754601883384413918e-01 9.755246988266210728e-01 9.756928098037285224e-01 9.759867863204806371e-01 9.762486797948412010e-01 9.767695878174181834e-01 9.772626432899558235e-01 9.779815073812150317e-01 9.785215081408894511e-01 9.792218320508501161e-01 9.797823233792679609e-01 9.806203359165009958e-01 9.810801353525259172e-01 9.815750456688921988e-01 9.820499394261943404e-01 9.823343163916634646e-01 9.825028630761386550e-01 9.828690671449454852e-01 9.831969029513917269e-01 9.832912530637323290e-01 9.834473044097230554e-01 9.835950058532740847e-01
-1.000000000000000000e+00 -1.000000000000000000e+00 -1.000000000000000000e+00 -1.000000000000000000e+00 -1.000000000000000000e+00 -1.000000000000000000e+00 -1.000000000000000000e+00 9.880363994559807628e-01 9.867248938809805026e-01 9.857403919962757222e-01 9.846378353480960133e-01 9.836343247655785493e-01 9.826123845252695554e-01 9.816958893073808312e-01 9.805610476772793627e-01 9.795147777237743769e-01 9.782749857404767768e-01 9.770123879678597190e-01 9.759422023903862042e-01 9.749222018087672081e-01 9.739371027367667022e-01 9.731198436409264074e-01 9.723985439890823201e-01 9.717411133061604200e-01 9.711394092941727507e-01 9.706368415976688313e-01 9.702099758180564582e-01 9.698571730242607769e-01 9.695408902226719805e-01 9.693265556513581682e-01 9.691822887837271416e-01 9.691019736795873918e-01 9.690864796047364838e-01 9.692180417400282355e-01 9.693778880140941911e-01 9.696488587203667686e-01 9.699352782743745349e-01 9.705058770705589088e-01 9.710401743527801166e-01 9.717969774661521232e-01 9.725944800397017254e-01 9.733197958178781972e-01 9.739127509498664015e-01 9.744323828672994958e-01 9.747816272189291364e-01 9.749599735702212389e-01 9.751100418911080592e-01 9.752220965719322621e-01 9.753109001794603161e-01 9.753665063738895524e-01 9.754833388332101451e-01 9.756740963230456920e-01 9.757526597351803277e-01 9.760516086057631213e-01 9.762813624902935139e-01 9.768259223305716388e-01 9.772925862923312890e-01 9.780968591166833148e-01 9.788251949281906450e-01 9.792037823761199355e-01 9.799083803802748349e-01 9.804663509282370848e-01 9.810086669231767864e-01 9.814597695167409652e-01 9.819327167225083697e-01 9.823776950665322749e-01 9.826189646397311961e-01 9.829481446647060361e-01 9.831509284469341914e-01 9.833453964725895613e-01
-1.000000000000000000e+00 -1.000000000000000000e+00 -1.000000000000000000e+00 -1.000000000000000000e+00 -1.000000000000000000e+00 -1.000000000000000000e+00 -1.000000000000000000e+00 -1.000000000000000000e+00 9.855143650025905977e-01 9.842727990780458791e-01 9.833308706317400727e-01 9.823954864390630481e-01 9.814501502646301168e-01 9.804124069413691078e-01 9.794084400358095133e-01 9.782995177445417134e-01 9.771452917278840022e-01 9.760891917225638093e-01 9.751622339075555201e-01 9.742796199440973970e-01 9.734134193132906177e-01 9.726251180859953882e-01 9.719842749298339690e-01 9.713790614233769327e-01 9.708080633223544753e-01 9.703675897958375929e-01 9.699259139836656773e-01 9.695590981894024463e-01 9.692888027139131557e-01 9.690370546627545822e-01 9.689070909182658786e-01 9.688291691250018323e-01 9.688272389187131406e-01 9.689068897763432053e-01 9.690447926424324843e-01 9.692793416230645054e-01 9.696567830864718518e-01 9.700820061874991795e-01 9.706767478988738151e-01 9.713282728236589669e-01 9.721377162640644221e-01 9.729343507197796281e-01 9.736483810615866874e-01 9.741854196433785695e-01 9.744849899434793183e-01 9.747840619311811672e-01 9.749422435286039246e-01 9.750919602498145933e-01 9.751576777924950701e-01 9.752354138812724393e-01 9.753068662097158503e-01 9.753641472803340484e-01 9.754722994225354382e-01 9.755820201318481377e-01 9.758150632985514994e-01 9.760811756447722587e-01 9.764630271340688505e-01 9.767749343806350071e-01 9.774906207727549479e-01 9.779774040317437134e-01 9.786438827077109659e-01 9.792061527334231519e-01 9.798181377778242274e-01 9.806030848514301068e-01 9.811967748597273387e-01 9.815794661230330398e-01 9.820257635223473835e-01 9.824412470381789220e-01 9.827154817589787150e-01 9.830930461337235027e-01
-1.000000000000000000e+00 -1.000000000000000000e+00 -1.000000000000000000e+00 -1.000000000000000000e+00 -1.000000000000000000e+00 -1.000000000000000000e+00 -1.000000000000000000e+00 -1.000000000000000000e+00 -1.000000000000000000e+00 9.832072365548752968e-01 9.821169875562922869e-01 9.812057433131377016e-01 9.801476395772034111e-01 9.793141579446863476e-01 9.783144471505301754e-01 9.772329969620996426e-01 9.763057116295574822e-01 9.753314095154623775e-01 9.745265370526385862e-01 9.736527191051149721e-01 9.728991014016974415e-01 9.722465811369360722e-01 9.715726270410154353e-01 9.710087386557475497e-01 9.705117093997241984e-01 9.700534624389463012e-01 9.696887120728483467e-01 9.692893118033999444e-01 9.690242121968341005e-01 9.687883901770044659e-01 9.686171508562753107e-01 9.685563240206599422e-01 9.685623874497247821e-01 9.685950770186183556e-01 9.687524380606640229e-01 9.689403513004647417e-01 9.692590853721626543e-01 9.696662854734368064e-01 9.702555935258150299e-01 9.708825070886949460e-01 9.717456684190508565e-01 9.724593159961355537e-01 9.731667338225661323e-01 9.737420983512804495e-01 9.742389168928869969e-01 9.745162102565282369e-01 9.747304212361883602e-01 9.748775584744455713e-01 9.749847547771723910e-01 9.750589133378982920e-01 9.751324149821815057e-01 9.751670527381847142e-01 9.752572734347452199e-01 9.753201369630869477e-01 9.753725245913847930e-01 9.755658127335886665e-01 9.757503183504692146e-01 9.760534169707899554e-01 9.765310940565687936e-01 9.770327001797918243e-01 9.774698400225761974e-01 9.783651723427115865e-01 9.789055690034911272e-01 9.793098997644419379e-01 9.801194475764233305e-01 9.805615871740752665e-01 9.810722641184288495e-01 9.816991011729570005e-01 9.820830059827385661e-01 9.823028727937429538e-01
-1.000000000000000000e+00 -1.000000000000000000e+00 -1.000000000000000000e+00 -1.000000000000000000e+00 -1.000000000000000000e+00 -1.000000000000000000e+00 -1.000000000000000000e+00 -1.000000000000000000e+00 -1.000000000000000000e+00 -1.000000000000000000e+00 9.809427257428771085e-01 9.800304439167168979e-01 9.790863007661920747e-01 9.782022388514256539e-01 9.773161526363507434e-01 9.764286568386317811e-01 9.755489946275883728e-01 9.746778286967332505e-01 9.738657193730374528e-01 9.730723270132354275e-01 9.724054982144407777e-01 9.717581973688540486e-01 9.712043882138561290e-01 9.706282368028301688e-01 9.701470762419240890e-01 9.697277338284564507e-01 9.693272764151134036e-01 9.689938178438777250e-01 9.687352095231649418e-01 9.685398066192456579e-01 9.683699868754904738e-01 9.682792038041119209e-01 9.682675568907561647e-01 9.683021388583527012e-01 9.684205141409557571e-01 9.686354883313423869e-01 9.688994411557404485e-01 9.693098739458998470e-01 9.698115591269397262e-01 9.704183078733857881e-01 9.711898908464724478e-01 9.719603764179940431e-01 9.727601366939250260e-01 9.733113292031012609e-01 9.737821590401152250e-01 9.741989930885460724e-01 9.744118736058660080e-01 9.746104814409634054e-01 9.747208165903251675e-01 9.748290793642268026e-01 9.749059600408520598e-01 9.749476463762394296e-01 9.750251142729212672e-01 9.750800782817591328e-01 9.751059578165781616e-01 9.752182977112517914e-01 9.752882839206546972e-01 9.754755725668765587e-01 9.757805731329521892e-01 9.760564982836089643e-01 9.764430428214723179e-01 9.770627598173799999e-01 9.775314262192178472e-01 9.781722613644208142e-01 9.788189188029307042e-01 9.794432573318848645e-01 9.800855645419013218e-01 9.806494180990699139e-01 9.811612836604814980e-01 9.817466686917973862e-01
-1.000000000000000000e+00 -1.000000000000000000e+00 -1.000000000000000000e+00 -1.000000000000000000e+00 -1.000000000000000000e+00 -1.000000000000000000e+00 -1.000000000000000000e+00 -1.000000000000000000e+00 -1.000000000000000000e+00 -1.000000000000000000e+00 -1.000000000000000000e+00 9.789767709098812221e-01 9.781363045639559495e-01 9.773275977139841419e-01 9.764384525999302289e-01 9.755798210096797707e-01 9.747227805426672553e-01 9.739577940979882165e-01 9.732651755625804091e-01 9.725387607948140500e-01 9.719045683549148995e-01 9.713446387742104005e-01 9.707909319520074964e-01 9.702844160262312778e-01 9.698507652069093821e-01 9.694006567959612131e-01 9.690270850795181801e-01 9.686925750849307848e-01 9.684310596974458063e-01 9.682140385950402939e-01 9.680877793052488078e-01 9.679973475666407978e-01 9.679615828332844840e-01 9.680363019381810208e-01 9.681090860788528207e-01 9.682831304952155271e-01 9.685361196996193911e-01 9.689635236482623259e-01 9.694318042538078162e-01 9.700156200662566341e-01 9.707731056653329249e-01 9.714806198644611035e-01 9.722116151513816584e-01 9.728896662139334683e-01 9.733993710369975849e-01 9.738020863431617880e-01 9.740678057400774525e-01 9.742632882146511353e-01 9.744604245028750666e-01 9.745937973442926339e-01 9.746792245295349266e-01 9.747430487170530844e-01 9.748158238734589975e-01 9.748216191826157839e-01 9.748761899089884997e-01 9.749387519257353141e-01 9.750361359066370692e-01 9.750842715388822191e-01 9.752946382811253923e-01 9.753936149471971184e-01 9.755325920986568367e-01 9.759219184950288506e-01 9.764243090259329128e-01 9.769745453925395839e-01 9.776458762403494873e-01 9.779578434412745658e-01 9.789113040146871780e-01 9.795045860504603130e-01 9.800980891650771243e-01 9.807269305360046818e-01
-1.000000000000000000e+00 -1.000000000000000000e+00 -1.000000000000000000e+00 -1.000000000000000000e+00 -1.000000000000000000e+00 -1.000000000000000000e+00 -1.000000000000000000e+00 -1.000000000000000000e+00 -1.000000000000000000e+00 -1.000000000000000000e+00 -1.000000000000000000e+00 -1.000000000000000000e+00 -1.000000000000000000e+00 9.763379986069556926e-01 9.755645788189474255e-01 9.747640102628537528e-01 9.740375502811937647e-01 9.733188239926173768e-01 9.726687605158794714e-01 9.719846058979059178e-01 9.714181063618857470e-01 9.708977432802885499e-01 9.703610059820394484e-01 9.698601866259177751e-01 9.694547257558360220e-01 9.690682089126627652e-01 9.686961821714751286e-01 9.683921803588911859e-01 9.681145343114596624e-01 9.679180659005006682e-01 9.677818684392791582e-01 9.677107616544040614e-01 9.676546661275791106e-01 9.677216653632332299e-01 9.678448057236995750e-01 9.680240927943259965e-01 9.682197429985726078e-01 9.686002310280049654e-01 9.690499243454190337e-01 9.696414506375894415e-01 9.702762439949236262e-01 9.709309300464399328e-01 9.716669943787804575e-01 9.723520582495536191e-01 9.728913199704786186e-01 9.733845402655434409e-01 9.736854563409296226e-01 9.739389618711976615e-01 9.741167759647930691e-01 9.742168100374825057e-01 9.743412969178826266e-01 9.744477807305380601e-01 9.745139457911629055e-01 9.745836057634202909e-01 9.745961281402893972e-01 9.746321987953241450e-01 9.747111462389516090e-01 9.747408506100250225e-01 9.747884188210075296e-01 9.749181770704153926e-01 9.750658499685446179e-01 9.753595983811685910e-01 9.754490667619087896e-01 9.759735001302702884e-01 9.764095405188117915e-01 9.768899146447141968e-01 9.772533410517495467e-01 9.780550164710617445e-01 9.789299913559564859e-01 9.796497497631369011e-01
-1.000000000000000000e+00 -1.000000000000000000e+00 -1.000000000000000000e+00 -1.000000000000000000e+00 -1.000000000000000000e+00 -1.000000000000000000e+00 -1.000000000000000000e+00 -1.000000000000000000e+00 -1.000000000000000000e+00 -1.000000000000000000e+00 -1.000000000000000000e+00 -1.000000000000000000e+00 -1.000000000000000000e+00 -1.000000000000000000e+00 9.747341890583913759e-01 9.740239300102216946e-01 9.733387608811778779e-01 9.726737583915956442e-01 9.720704976269388675e-01 9.714768989339169769e-01 9.709164894320603256e-01 9.704162907408231398e-01 9.699530944599751292e-01 9.694834271184055163e-01 9.690744554782457776e-01 9.686923095881538881e-01 9.683554975889820948e-01 9.680710930987825868e-01 9.678051770107675145e-01 9.676144317301353937e-01 9.674801267788227799e-01 9.674166175717241467e-01 9.673953985892771446e-01 9.674399835097575728e-01 9.675295922652487057e-01 9.676872982467901174e-01 9.678939894683685763e-01 9.682490554129876692e-01 9.686577528105022594e-01 9.691337229329405334e-01 9.698271559790128116e-01 9.705033534775499016e-01 9.712377520796313668e-01 9.718118428803602660e-01 9.724716976347089759e-01 9.728919815698414686e-01 9.732701765810486405e-01 9.734706183595129847e-01 9.737007376248935087e-01 9.738796167707329809e-01 9.740356248354187230e-01 9.741059102386270263e-01 9.742042677191431466e-01 9.742657578693857401e-01 9.743219095329770374e-01 9.743880767690253908e-01 9.744414849792212285e-01 9.744492975780028043e-01 9.745305098550127720e-01 9.745280251357631984e-01 9.746207163280089514e-01 9.747978564321476691e-01 9.750152541709362630e-01 9.751277437145854377e-01 9.753937579535767455e-01 9.758980587091885539e-01 9.763759812313056452e-01 9.772581146558033671e-01 9.774376237087175623e-01 9.781171266925696717e-01
-1.000000000000000000e+00 -1.000000000000000000e+00 -1.000000000000000000e+00 -1.000000000000000000e+00 -1.000000000000000000e+00 -1.000000000000000000e+00 -1.000000000000000000e+00 -1.000000000000000000e+00 -1.000000000000000000e+00 -1.000000000000000000e+00 -1.000000000000000000e+00 -1.000000000000000000e+00 -1.000000000000000000e+00 -1.000000000000000000e+00 -1.000000000000000000e+00 9.732886595949706843e-01 9.726855591161643888e-01 9.720530198977503922e-01 9.714522563687360002e-01 9.709319881847129352e-01 9.704797636985673659e-01 9.699502658022916002e-01 9.695172162802677684e-01 9.690952831866072037e-01 9.686515191366463773e-01 9.683308538223707185e-01 9.680387118495856758e-01 9.677427990450639950e-01 9.674770409071534738e-01 9.673195542281984860e-01 9.671763925527676609e-01 9.671282605837021595e-01 9.670914133641071997e-01 9.671467643138107473e-01 9.672646313073003377e-01 9.673848665751779707e-01 9.676277276545105499e-01 9.679152500826481154e-01 9.683509328275120565e-01 9.688449239905432275e-01 9.694130497279249692e-01 9.700563962917487792e-01 9.707756835561757169e-01 9.713012300529775267e-01 9.719456291226823419e-01 9.723533178202751204e-01 9.727613043582697960e-01 9.730500559343268074e-01 9.733180981863903680e-01 9.734675130639087737e-01 9.736575444515791489e-01 9.737263978279990795e-01 9.738657534123368320e-01 9.739470211761064311e-01 9.740161793531719736e-01 9.740715604428626939e-01 9.740884598303528596e-01 9.741635763479974397e-01 9.741988945609175721e-01 9.742425975532947868e-01 9.742941335297888861e-01 9.743408715148420551e-01 9.744306704587820667e-01 9.746249555852364299e-01 9.747917767768957686e-01 9.751938755861193631e-01 9.754913635343426259e-01 9.760388760436125022e-01 9.765641643180831277e-01 9.770408547158568879e-01
-1.000000000000000000e+00 -1.000000000000000000e+00 -1.000000000000000000e+00 -1.000000000000000000e+00 -1.000000000000000000e+00 -1.000000000000000000e+00 -1.000000000000000000e+00 -1.000000000000000000e+00 -1.000000000000000000e+00 -1.000000000000000000e+00 -1.000000000000000000e+00 -1.000000000000000000e+00 -1.000000000000000000e+00 -1.000000000000000000e+00 -1.000000000000000000e+00 -1.000000000000000000e+00 9.720088859053415131e-01 9.714261403517515658e-01 9.709401721654690176e-01 9.704106731855205448e-01 9.698935274803751616e-01 9.695111339276906159e-01 9.690736419271592794e-01 9.686551060800133728e-01 9.683042682855169669e-01 9.679561564912283478e-01 9.676651762805169588e-01 9.673998609811745863e-01 9.671959617146252963e-01 9.669895848028449148e-01 9.668910895601626754e-01 9.668309753524029215e-01 9.668096916570181332e-01 9.668723971390787986e-01 9.669695230988505363e-01 9.671146243808853571e-01 9.673904835021488458e-01 9.676325802199744475e-01 9.680275977540855337e-01 9.684687897319629313e-01 9.690403307737927019e-01 9.697067332194923006e-01 9.703419238897014187e-01 9.709201433141682047e-01 9.714419011549081384e-01 9.719265415611048065e-01 9.722708959780012039e-01 9.726762914694131457e-01 9.728562340216392323e-01 9.731028436757234168e-01 9.732129148457745460e-01 9.733743956253819718e-01 9.735018456374097129e-01 9.735824454556570862e-01 9.736397836852246357e-01 9.737280622967992016e-01 9.738096249337592214e-01 9.738350287515933346e-01 9.738873274268640134e-01 9.739052702610737633e-01 9.739855865824440517e-01 9.739900047469898237e-01 9.741082576300106322e-01 9.742526268811786405e-01 9.743841152504054692e-01 9.747075350427026885e-01 9.748628868503005362e-01 9.752167436631073993e-01 9.755259762728946127e-01 9.761224818270153314e-01
-1.000000000000000000e+00 -1.000000000000000000e+00 -1.000000000000000000e+00 -1.000000000000000000e+00 -1.000000000000000000e+00 -1.000000000000000000e+00 -1.000000000000000000e+00 -1.000000000000000000e+00 -1.000000000000000000e+00 -1.000000000000000000e+00 -1.000000000000000000e+00 -1.000000000000000000e+00 -1.000000000000000000e+00 -1.000000000000000000e+00 -1.000000000000000000e+00 -1.000000000000000000e+00 -1.000000000000000000e+00 9.708744039954079197e-01 9.703594443143516157e-01 9.699259279579067750e-01 9.694846868810979013e-01 9.690343943655019832e-01 9.686434612841737790e-01 9.682840565312322845e-01 9.679099602055620810e-01 9.676144918620972479e-01 9.673181322177967223e-01 9.670449902361385464e-01 9.668511694081376451e-01 9.667062372065458042e-01 9.665810007179845842e-01 9.665629540767425310e-01 9.665375120405211851e-01 9.665883105431725131e-01 9.666747085094568037e-01 9.668646948000906294e-01 9.670538199573441851e-01 9.673325636625306201e-01 9.677129963921996536e-01 9.681897619976663760e-01 9.687340116006272206e-01 9.692837213120293338e-01 9.698922109929359880e-01 9.704897969061476726e-01 9.709806217041775378e-01 9.714544344422310074e-01 9.718782094193381127e-01 9.722262306324833681e-01 9.724532427056040707e-01 9.726570852159627245e-01 9.728389368590584230e-01 9.729886007590713426e-01 9.730932718088217692e-01 9.732071529474477511e-01 9.732785952027167564e-01 9.733691485840789692e-01 9.734416348907913852e-01 9.735077313038532631e-01 9.735455543714561788e-01 9.736343834238209149e-01 9.736472076189199854e-01 9.737015931277063219e-01 9.738088875688974966e-01 9.738943031138781459e-01 9.739502332699169207e-01 9.741029446583616691e-01 9.743073636054573328e-01 9.746183316720905543e-01 9.750041405418887752e-01 9.752458134134556200e-01
-1.000000000000000000e+00 -1.000000000000000000e+00 -1.000000000000000000e+00 -1.000000000000000000e+00 -1.000000000000000000e+00 -1.000000000000000000e+00 -1.000000000000000000e+00 -1.000000000000000000e+00 -1.000000000000000000e+00 -1.000000000000000000e+00 -1.000000000000000000e+00 -1.000000000000000000e+00 -1.000000000000000000e+00 -1.000000000000000000e+00 -1.000000000000000000e+00 -1.000000000000000000e+00 -1.000000000000000000e+00 -1.000000000000000000e+00 -1.000000000000000000e+00 9.694019530135555840e-01 9.689848305951954677e-01 9.685872211888972849e-01 9.682354027618473857e-01 9.678631002983594245e-01 9.675402464114210010e-01 9.672345554944642432e-01 9.669901493223843625e-01 9.667516138436089701e-01 9.665572371842804378e-01 9.663959502966632531e-01 9.663088716643952747e-01 9.662546980903826688e-01 9.662632224695326677e-01 9.663309379493419948e-01 9.664260625021153794e-01 9.666257502722874762e-01 9.668098798198796473e-01 9.671431225384602426e-01 9.674599004504610411e-01 9.678690588786470483e-01 9.683872478694670605e-01 9.689962448341015167e-01 9.695481491249011707e-01 9.702119013410225312e-01 9.706911451098871879e-01 9.710264228486500393e-01 9.714598421778122272e-01 9.718182177191869719e-01 9.720687386779256478e-01 9.722638429022114614e-01 9.724533164094498749e-01 9.726584048195746623e-01 9.727183773858762983e-01 9.728634391831953998e-01 9.729666873361446644e-01 9.730041698081418611e-01 9.731306987705967693e-01 9.731880625635243032e-01 9.732637329952729122e-01 9.732626750398610804e-01 9.733531714207124264e-01 9.733888537960465603e-01 9.734641294912457221e-01 9.735422570931071551e-01 9.736303885186359253e-01 9.737956250882794373e-01 9.740327027919232217e-01 9.741464762536976574e-01 9.744170519932020547e-01 9.748942348445756023e-01
-1.000000000000000000e+00 -1.000000000000000000e+00 -1.000000000000000000e+00 -1.000000000000000000e+00 -1.000000000000000000e+00 -1.000000000000000000e+00 -1.000000000000000000e+00 -1.000000000000000000e+00 -1.000000000000000000e+00 -1.000000000000000000e+00 -1.000000000000000000e+00 -1.000000000000000000e+00 -1.000000000000000000e+00 -1.000000000000000000e+00 -1.000000000000000000e+00 -1.000000000000000000e+00 -1.000000000000000000e+00 -1.000000000000000000e+00 -1.000000000000000000e+00 -1.000000000000000000e+00 9.685256563601855051e-01 9.681386153619047086e-01 9.678381893152404603e-01 9.674833492574330673e-01 9.671784482097550706e-01 9.669132274207333788e-01 9.666329973334725212e-01 9.664095621115824652e-01 9.662556445806963490e-01 9.661071768434679186e-01 9.660266452761955280e-01 9.660010499278162133e-01 9.660083674919337504e-01 9.660941599305481464e-01 9.662141012671614515e-01 9.663867014718625637e-01 9.665876646524325100e-01 9.669104269590169665e-01 9.672386258451011187e-01 9.676920497445768987e-01 9.681312859119263203e-01 9.687585881952780476e-01 9.692515883296280998e-01 9.697736474182575561e-01 9.703402839468620034e-01 9.707312404451932109e-01 9.711151630914620636e-01 9.714088331952380750e-01 9.717271413437560401e-01 9.718833377894421366e-01 9.720982132516359231e-01 9.722130587879752595e-01 9.724130653947720138e-01 9.725302680161641566e-01 9.726051104026856020e-01 9.727323065841699812e-01 9.727865949789922251e-01 9.728773300435765714e-01 9.729066747666966775e-01 9.729659939246879663e-01 9.730309469380953313e-01 9.731268876229201004e-01 9.731360707147413969e-01 9.732135661384226921e-01 9.733323433229298383e-01 9.734986991006204793e-01 9.735535282159486492e-01 9.738276431846829562e-01 9.740599526791196006e-01 9.744529871469397309e-01
-1.000000000000000000e+00 -1.000000000000000000e+00 -1.000000000000000000e+00 -1.000000000000000000e+00 -1.000000000000000000e+00 -1.000000000000000000e+00 -1.000000000000000000e+00 -1.000000000000000000e+00 -1.000000000000000000e+00 -1.000000000000000000e+00 -1.000000000000000000e+00 -1.000000000000000000e+00 -1.000000000000000000e+00 -1.000000000000000000e+00 -1.000000000000000000e+00 -1.000000000000000000e+00 -1.000000000000000000e+00 -1.000000000000000000e+00 -1.000000000000000000e+00 -1.000000000000000000e+00 -1.000000000000000000e+00 9.677391944612880881e-01 9.674202564498531887e-01 9.671008488436378947e-01 9.668320218014041512e-01 9.665765520319734572e-01 9.663372220572413740e-01 9.661443361497629168e-01 9.659552325682639884e-01 9.658176962386131326e-01 9.657566532233424761e-01 9.657347433578589158e-01 9.657508077820772252e-01 9.658448215667410075e-01 9.659807327915420627e-01 9.661609350585035338e-01 9.663947411334630200e-01 9.666880707479824641e-01 9.670453114091970281e-01 9.674785974494933827e-01 9.679826422202874037e-01 9.685249797386121795e-01 9.690027393081886986e-01 9.695261275879586416e-01 9.700440009676039033e-01 9.704095639538581342e-01 9.707757320613426000e-01 9.710824071315271588e-01 9.713435067887230545e-01 9.715543624301464787e-01 9.717318449664423818e-01 9.719351493740798764e-01 9.720283428174002482e-01 9.722070001310533227e-01 9.723250617635195159e-01 9.724428204042915302e-01 9.725252362122822625e-01 9.725259330124633728e-01 9.726236754735073653e-01 9.726755892897356315e-01 9.727922870092271523e-01 9.728104473760975646e-01 9.729209675915199140e-01 9.729823641982107141e-01 9.730446587294637739e-01 9.731913287390602241e-01 9.733628431862749730e-01 9.734851788110684412e-01 9.739797773990030993e-01 9.742259156683399368e-01
-1.000000000000000000e+00 -1.000000000000000000e+00 -1.000000000000000000e+00 -1.000000000000000000e+00 -1.000000000000000000e+00 -1.000000000000000000e+00 -1.000000000000000000e+00 -1.000000000000000000e+00 -1.000000000000000000e+00 -1.000000000000000000e+00 -1.000000000000000000e+00 -1.000000000000000000e+00 -1.000000000000000000e+00 -1.000000000000000000e+00 -1.000000000000000000e+00 -1.000000000000000000e+00 -1.000000000000000000e+00 -1.000000000000000000e+00 -1.000000000000000000e+00 -1.000000000000000000e+00 -1.000000000000000000e+00 -1.000000000000000000e+00 9.670483413745305512e-01 9.667793337519148267e-01 9.664811394947998568e-01 9.662602607457804194e-01 9.660376260974454787e-01 9.658350659481089728e-01 9.656801787832250961e-01 9.655895457928999059e-01 9.655216310117933354e-01 9.655017295924396281e-01 9.655629038459725422e-01 9.656358836365738219e-01 9.657652920812765940e-01 9.659790017635048187e-01 9.662651382905175224e-01 9.665345962054161522e-01 9.669043968726573901e-01 9.672985911048617158e-01 9.677523011070613412e-01 9.683022555325988545e-01 9.688058612468776198e-01 9.692981110439723436e-01 9.697762444372076684e-01 9.701872219047147361e-01 9.705387940890330967e-01 9.708370504435863690e-01 9.710735027860969426e-01 9.712980789396840064e-01 9.714260989448358918e-01 9.716209875372893157e-01 9.718036964975613756e-01 9.719013999092841471e-01 9.720256920046026483e-01 9.721212442378317498e-01 9.722388524961330658e-01 9.722571984455810057e-01 9.723703398666566633e-01 9.724775090408490641e-01 9.724894269126677093e-01 9.726011193558472545e-01 9.726860738935245720e-01 9.727525903349369951e-01 9.728698557862875962e-01 9.730359048347838602e-01 9.731679883873742831e-01 9.734130184108271688e-01 9.735858615013197603e-01 9.740619220386049770e-01
-1.000000000000000000e+00 -1.000000000000000000e+00 -1.000000000000000000e+00 -1.000000000000000000e+00 -1.000000000000000000e+00 -1.000000000000000000e+00 -1.000000000000000000e+00 -1.000000000000000000e+00 -1.000000000000000000e+00 -1.000000000000000000e+00 -1.000000000000000000e+00 -1.000000000000000000e+00 -1.000000000000000000e+00 -1.000000000000000000e+00 -1.000000000000000000e+00 -1.000000000000000000e+00 -1.000000000000000000e+00 -1.000000000000000000e+00 -1.000000000000000000e+00 -1.000000000000000000e+00 -1.000000000000000000e+00 -1.000000000000000000e+00 -1.000000000000000000e+00 9.664427668322554954e-01 9.661643019075550898e-01 9.659454496643925525e-01 9.657415491672894925e-01 9.655704728362655143e-01 9.654256774613499958e-01 9.653388864468739339e-01 9.652697825240210694e-01 9.653074475650580411e-01 9.653560879593169330e-01 9.654625113733144026e-01 9.656294798849870409e-01 9.658003376956076913e-01 9.660845181252105673e-01 9.664046069825111829e-01 9.667577466678234366e-01 9.671948839553360378e-01 9.675968908443035588e-01 9.681309506705942924e-01 9.686364166955973021e-01 9.691468243961853801e-01 9.695965063029498010e-01 9.699923983318905485e-01 9.703086510639488127e-01 9.705650441400347495e-01 9.708649959298103482e-01 9.710559057937394600e-01 9.712027724022770370e-01 9.713893837401714748e-01 9.715194221258125484e-01 9.716439058087613656e-01 9.717515562803541451e-01 9.718903480802336681e-01 9.719631575538226764e-01 9.720601975411717888e-01 9.721486787740654112e-01 9.722247947706408322e-01 9.722799716966568084e-01 9.724278450957682951e-01 9.724969983389374351e-01 9.725858156491327122e-01 9.726960653871503659e-01 9.728655323236500285e-01 9.730671409696856067e-01 9.734653744624172100e-01 9.738092972802721015e-01 9.743641340459516798e-01
-1.000000000000000000e+00 -1.000000000000000000e+00 -1.000000000000000000e+00 -1.000000000000000000e+00 -1.000000000000000000e+00 -1.000000000000000000e+00 -1.000000000000000000e+00 -1.000000000000000000e+00 -1.000000000000000000e+00 -1.000000000000000000e+00 -1.000000000000000000e+00 -1.000000000000000000e+00 -1.000000000000000000e+00 -1.000000000000000000e+00 -1.000000000000000000e+00 -1.000000000000000000e+00 -1.000000000000000000e+00 -1.000000000000000000e+00 -1.000000000000000000e+00 -1.000000000000000000e+00 -1.000000000000000000e+00 -1.000000000000000000e+00 -1.000000000000000000e+00 -1.000000000000000000e+00 -1.000000000000000000e+00 9.656632534812117363e-01 9.654729843284725055e-01 9.653067150019748466e-01 9.651906589227653432e-01 9.651032575967141147e-01 9.650957575054863735e-01 9.651047564518902000e-01 9.651987489580516888e-01 9.653072557538202592e-01 9.654717504861622945e-01 9.657278961262768524e-01 9.659939021352036415e-01 9.663332142364574606e-01 9.666804667148319874e-01 9.671286699054998381e-01 9.676184102652441998e-01 9.680718460119747126e-01 9.685758559260269074e-01 9.690604688971810043e-01 9.694088667245680524e-01 9.698328622983759528e-01 9.701204269110227374e-01 9.704363857002253901e-01 9.706557574449036219e-01 9.708403233828297729e-01 9.710352895156514341e-01 9.712159356802678722e-01 9.713610093096819442e-01 9.714559745764717036e-01 9.715793111846938723e-01 9.716485210110483717e-01 9.717815286047095658e-01 9.719032804098336475e-01 9.719736263534665133e-01 9.720789570158110404e-01 9.721587779398007667e-01 9.722695231656254267e-01 9.723320160216621932e-01 9.725755359106360576e-01 9.727496561808185449e-01 9.729470225118904692e-01 9.732996524041315212e-01 9.736433152814439884e-01 9.741088102171034935e-01 9.748042649006437577e-01
-1.000000000000000000e+00 -1.000000000000000000e+00 -1.000000000000000000e+00 -1.000000000000000000e+00 -1.000000000000000000e+00 -1.000000000000000000e+00 -1.000000000000000000e+00 -1.000000000000000000e+00 -1.000000000000000000e+00 -1.000000000000000000e+00 -1.000000000000000000e+00 -1.000000000000000000e+00 -1.000000000000000000e+00 -1.000000000000000000e+00 -1.000000000000000000e+00 -1.000000000000000000e+00 -1.000000000000000000e+00 -1.000000000000000000e+00 -1.000000000000000000e+00 -1.000000000000000000e+00 -1.000000000000000000e+00 -1.000000000000000000e+00 -1.000000000000000000e+00 -1.000000000000000000e+00 -1.000000000000000000e+00 -1.000000000000000000e+00 9.652390263221027888e-01 9.650981901819076780e-01 9.649944615284929972e-01 9.649421547251079145e-01 9.649281837444515508e-01 9.649751274282561964e-01 9.650678547837830967e-01 9.651882921721871567e-01 9.653863301436419464e-01 9.656420339532361119e-01 9.659062946725234244e-01 9.662792275746604487e-01 9.666663517665833316e-01 9.671198936375864363e-01 9.675390504083390963e-01 9.681017332365997596e-01 9.685275594352525941e-01 9.689467675463849794e-01 9.694195042538401585e-01 9.697426722638913255e-01 9.700775416009639329e-01 9.703469647019474786e-01 9.705510167005462208e-01 9.707364156864753957e-01 9.709744191387825740e-01 9.710990493869586793e-01 9.712185685262413326e-01 9.713512942131262706e-01 9.715124374117748429e-01 9.716111477476222502e-01 9.717216825173303762e-01 9.718617900305170920e-01 9.719403799174095582e-01 9.720412722344023981e-01 9.721798546218316517e-01 9.723380723672854220e-01 9.725111053781486659e-01 9.727884514804775451e-01 9.729198643409007197e-01 9.733511290117873305e-01 9.738901802169314115e-01 9.745972129987425792e-01 9.751042613997736863e-01 9.762003761516598876e-01
